3

210000.0    0.3

1

1900

2    2    2    

13    22    13    

10    19    10    

0    1    2    3    4    5    6    7    8    9    10    11    12    13    14    15    16    17    18    19    20    21    22    23    24    25    26    27    28    29    30    31    32    33    34    35    36    37    38    39    40    41    42    43    44    45    46    47    48    49    50    51    52    53    54    55    56    57    58    59    60    61    62    63    64    65    66    67    68    69    70    71    72    73    74    75    76    77    78    79    80    81    82    83    84    85    86    87    88    89    90    91    92    93    94    95    96    97    98    99    100    101    102    103    104    105    106    107    108    109    110    111    112    113    114    115    116    117    118    119    120    121    122    123    124    125    126    127    128    129    130    131    132    133    134    135    136    137    138    139    140    141    142    143    144    145    146    147    148    149    150    151    152    153    154    155    156    157    158    159    160    161    162    163    164    165    166    167    168    169    170    171    172    173    174    175    176    177    178    179    180    181    182    183    184    185    186    187    188    189    190    191    192    193    194    195    196    197    198    199    200    201    202    203    204    205    206    207    208    209    210    211    212    213    214    215    216    217    218    219    220    221    222    223    224    225    226    227    228    229    230    231    232    233    234    235    236    237    238    239    240    241    242    243    244    245    246    247    248    249    250    251    252    253    254    255    256    257    258    259    260    261    262    263    264    265    266    267    268    269    270    271    272    273    274    275    276    277    278    279    280    281    282    283    284    285    286    287    288    289    290    291    292    293    294    295    296    297    298    299    300    301    302    303    304    305    306    307    308    309    310    311    312    313    314    315    316    317    318    319    320    321    322    323    324    325    326    327    328    329    330    331    332    333    334    335    336    337    338    339    340    341    342    343    344    345    346    347    348    349    350    351    352    353    354    355    356    357    358    359    360    361    362    363    364    365    366    367    368    369    370    371    372    373    374    375    376    377    378    379    380    381    382    383    384    385    386    387    388    389    390    391    392    393    394    395    396    397    398    399    400    401    402    403    404    405    406    407    408    409    410    411    412    413    414    415    416    417    418    419    420    421    422    423    424    425    426    427    428    429    430    431    432    433    434    435    436    437    438    439    440    441    442    443    444    445    446    447    448    449    450    451    452    453    454    455    456    457    458    459    460    461    462    463    464    465    466    467    468    469    470    471    472    473    474    475    476    477    478    479    480    481    482    483    484    485    486    487    488    489    490    491    492    493    494    495    496    497    498    499    500    501    502    503    504    505    506    507    508    509    510    511    512    513    514    515    516    517    518    519    520    521    522    523    524    525    526    527    528    529    530    531    532    533    534    535    536    537    538    539    540    541    542    543    544    545    546    547    548    549    550    551    552    553    554    555    556    557    558    559    560    561    562    563    564    565    566    567    568    569    570    571    572    573    574    575    576    577    578    579    580    581    582    583    584    585    586    587    588    589    590    591    592    593    594    595    596    597    598    599    600    601    602    603    604    605    606    607    608    609    610    611    612    613    614    615    616    617    618    619    620    621    622    623    624    625    626    627    628    629    630    631    632    633    634    635    636    637    638    639    640    641    642    643    644    645    646    647    648    649    650    651    652    653    654    655    656    657    658    659    660    661    662    663    664    665    666    667    668    669    670    671    672    673    674    675    676    677    678    679    680    681    682    683    684    685    686    687    688    689    690    691    692    693    694    695    696    697    698    699    700    701    702    703    704    705    706    707    708    709    710    711    712    713    714    715    716    717    718    719    720    721    722    723    724    725    726    727    728    729    730    731    732    733    734    735    736    737    738    739    740    741    742    743    744    745    746    747    748    749    750    751    752    753    754    755    756    757    758    759    760    761    762    763    764    765    766    767    768    769    770    771    772    773    774    775    776    777    778    779    780    781    782    783    784    785    786    787    788    789    790    791    792    793    794    795    796    797    798    799    800    801    802    803    804    805    806    807    808    809    810    811    812    813    814    815    816    817    818    819    820    821    822    823    824    825    826    827    828    829    830    831    832    833    834    835    836    837    838    839    840    841    842    843    844    845    846    847    848    849    850    851    852    853    854    855    856    857    858    859    860    861    862    863    864    865    866    867    868    869    870    871    872    873    874    875    876    877    878    879    880    881    882    883    884    885    886    887    888    889    890    891    892    893    894    895    896    897    898    899    900    901    902    903    904    905    906    907    908    909    910    911    912    913    914    915    916    917    918    919    920    921    922    923    924    925    926    927    928    929    930    931    932    933    934    935    936    937    938    939    940    941    942    943    944    945    946    947    948    949    950    951    952    953    954    955    956    957    958    959    960    961    962    963    964    965    966    967    968    969    970    971    972    973    974    975    976    977    978    979    980    981    982    983    984    985    986    987    988    989    990    991    992    993    994    995    996    997    998    999    1000    1001    1002    1003    1004    1005    1006    1007    1008    1009    1010    1011    1012    1013    1014    1015    1016    1017    1018    1019    1020    1021    1022    1023    1024    1025    1026    1027    1028    1029    1030    1031    1032    1033    1034    1035    1036    1037    1038    1039    1040    1041    1042    1043    1044    1045    1046    1047    1048    1049    1050    1051    1052    1053    1054    1055    1056    1057    1058    1059    1060    1061    1062    1063    1064    1065    1066    1067    1068    1069    1070    1071    1072    1073    1074    1075    1076    1077    1078    1079    1080    1081    1082    1083    1084    1085    1086    1087    1088    1089    1090    1091    1092    1093    1094    1095    1096    1097    1098    1099    1100    1101    1102    1103    1104    1105    1106    1107    1108    1109    1110    1111    1112    1113    1114    1115    1116    1117    1118    1119    1120    1121    1122    1123    1124    1125    1126    1127    1128    1129    1130    1131    1132    1133    1134    1135    1136    1137    1138    1139    1140    1141    1142    1143    1144    1145    1146    1147    1148    1149    1150    1151    1152    1153    1154    1155    1156    1157    1158    1159    1160    1161    1162    1163    1164    1165    1166    1167    1168    1169    1170    1171    1172    1173    1174    1175    1176    1177    1178    1179    1180    1181    1182    1183    1184    1185    1186    1187    1188    1189    1190    1191    1192    1193    1194    1195    1196    1197    1198    1199    1200    1201    1202    1203    1204    1205    1206    1207    1208    1209    1210    1211    1212    1213    1214    1215    1216    1217    1218    1219    1220    1221    1222    1223    1224    1225    1226    1227    1228    1229    1230    1231    1232    1233    1234    1235    1236    1237    1238    1239    1240    1241    1242    1243    1244    1245    1246    1247    1248    1249    1250    1251    1252    1253    1254    1255    1256    1257    1258    1259    1260    1261    1262    1263    1264    1265    1266    1267    1268    1269    1270    1271    1272    1273    1274    1275    1276    1277    1278    1279    1280    1281    1282    1283    1284    1285    1286    1287    1288    1289    1290    1291    1292    1293    1294    1295    1296    1297    1298    1299    1300    1301    1302    1303    1304    1305    1306    1307    1308    1309    1310    1311    1312    1313    1314    1315    1316    1317    1318    1319    1320    1321    1322    1323    1324    1325    1326    1327    1328    1329    1330    1331    1332    1333    1334    1335    1336    1337    1338    1339    1340    1341    1342    1343    1344    1345    1346    1347    1348    1349    1350    1351    1352    1353    1354    1355    1356    1357    1358    1359    1360    1361    1362    1363    1364    1365    1366    1367    1368    1369    1370    1371    1372    1373    1374    1375    1376    1377    1378    1379    1380    1381    1382    1383    1384    1385    1386    1387    1388    1389    1390    1391    1392    1393    1394    1395    1396    1397    1398    1399    1400    1401    1402    1403    1404    1405    1406    1407    1408    1409    1410    1411    1412    1413    1414    1415    1416    1417    1418    1419    1420    1421    1422    1423    1424    1425    1426    1427    1428    1429    1430    1431    1432    1433    1434    1435    1436    1437    1438    1439    1440    1441    1442    1443    1444    1445    1446    1447    1448    1449    1450    1451    1452    1453    1454    1455    1456    1457    1458    1459    1460    1461    1462    1463    1464    1465    1466    1467    1468    1469    1470    1471    1472    1473    1474    1475    1476    1477    1478    1479    1480    1481    1482    1483    1484    1485    1486    1487    1488    1489    1490    1491    1492    1493    1494    1495    1496    1497    1498    1499    1500    1501    1502    1503    1504    1505    1506    1507    1508    1509    1510    1511    1512    1513    1514    1515    1516    1517    1518    1519    1520    1521    1522    1523    1524    1525    1526    1527    1528    1529    1530    1531    1532    1533    1534    1535    1536    1537    1538    1539    1540    1541    1542    1543    1544    1545    1546    1547    1548    1549    1550    1551    1552    1553    1554    1555    1556    1557    1558    1559    1560    1561    1562    1563    1564    1565    1566    1567    1568    1569    1570    1571    1572    1573    1574    1575    1576    1577    1578    1579    1580    1581    1582    1583    1584    1585    1586    1587    1588    1589    1590    1591    1592    1593    1594    1595    1596    1597    1598    1599    1600    1601    1602    1603    1604    1605    1606    1607    1608    1609    1610    1611    1612    1613    1614    1615    1616    1617    1618    1619    1620    1621    1622    1623    1624    1625    1626    1627    1628    1629    1630    1631    1632    1633    1634    1635    1636    1637    1638    1639    1640    1641    1642    1643    1644    1645    1646    1647    1648    1649    1650    1651    1652    1653    1654    1655    1656    1657    1658    1659    1660    1661    1662    1663    1664    1665    1666    1667    1668    1669    1670    1671    1672    1673    1674    1675    1676    1677    1678    1679    1680    1681    1682    1683    1684    1685    1686    1687    1688    1689    1690    1691    1692    1693    1694    1695    1696    1697    1698    1699    1700    1701    1702    1703    1704    1705    1706    1707    1708    1709    1710    1711    1712    1713    1714    1715    1716    1717    1718    1719    1720    1721    1722    1723    1724    1725    1726    1727    1728    1729    1730    1731    1732    1733    1734    1735    1736    1737    1738    1739    1740    1741    1742    1743    1744    1745    1746    1747    1748    1749    1750    1751    1752    1753    1754    1755    1756    1757    1758    1759    1760    1761    1762    1763    1764    1765    1766    1767    1768    1769    1770    1771    1772    1773    1774    1775    1776    1777    1778    1779    1780    1781    1782    1783    1784    1785    1786    1787    1788    1789    1790    1791    1792    1793    1794    1795    1796    1797    1798    1799    1800    1801    1802    1803    1804    1805    1806    1807    1808    1809    1810    1811    1812    1813    1814    1815    1816    1817    1818    1819    1820    1821    1822    1823    1824    1825    1826    1827    1828    1829    1830    1831    1832    1833    1834    1835    1836    1837    1838    1839    1840    1841    1842    1843    1844    1845    1846    1847    1848    1849    1850    1851    1852    1853    1854    1855    1856    1857    1858    1859    1860    1861    1862    1863    1864    1865    1866    1867    1868    1869    1870    1871    1872    1873    1874    1875    1876    1877    1878    1879    1880    1881    1882    1883    1884    1885    1886    1887    1888    1889    1890    1891    1892    1893    1894    1895    1896    1897    1898    1899    

0    0    0

0.0    0.0    0.0    0.125    0.25    0.375    0.5    0.625    0.75    0.875    1.0    1.0    1.0    
0.0    0.0    0.0    0.0577231358491    0.115446271698    0.307723135849    0.475133420971    0.492082714557    0.501929789559    0.504464907559    0.507357675404    0.508619903642    0.509194744106    0.511093934015    0.519114356295    0.544450206219    0.702283685858    0.904567371716    0.952283685858    1.0    1.0    1.0    
0.0    0.0    0.0    0.125    0.25    0.375    0.5    0.625    0.75    0.875    1.0    1.0    1.0    

0 -1.000000000000000e+01   9.500000000000000e+00   0.000000000000000e+00   1.000000000000000e+00
1 -8.750000000000000e+00   9.500000000000000e+00   0.000000000000000e+00   1.000000000000000e+00
2 -6.250000000000000e+00   9.500000000000000e+00   0.000000000000000e+00   1.000000000000000e+00
3 -3.750000000000000e+00   9.500000000000000e+00   0.000000000000000e+00   1.000000000000000e+00
4 -1.250000000000000e+00   9.500000000000000e+00   0.000000000000000e+00   1.000000000000000e+00
5 1.250000000000000e+00   9.500000000000000e+00   0.000000000000000e+00   1.000000000000000e+00
6 3.750000000000000e+00   9.500000000000000e+00   0.000000000000000e+00   1.000000000000000e+00
7 6.250000000000000e+00   9.500000000000000e+00   0.000000000000000e+00   1.000000000000000e+00
8 8.750000000000000e+00   9.500000000000000e+00   0.000000000000000e+00   1.000000000000000e+00
9 1.000000000000000e+01   9.500000000000000e+00   0.000000000000000e+00   1.000000000000000e+00
10 -1.000000000000000e+01   9.000013156511010e+00   0.000000000000000e+00   1.000000000000000e+00
11 -8.750000000000000e+00   9.000013669776280e+00   0.000000000000000e+00   1.000000000000000e+00
12 -6.250000000000000e+00   9.000014439674170e+00   0.000000000000000e+00   1.000000000000000e+00
13 -3.750000000000000e+00   9.000014952939430e+00   0.000000000000000e+00   1.000000000000000e+00
14 -1.250000000000000e+00   9.000015209572060e+00   0.000000000000000e+00   1.000000000000000e+00
15 1.250000000000000e+00   9.000015209572060e+00   0.000000000000000e+00   1.000000000000000e+00
16 3.750000000000000e+00   9.000014952939430e+00   0.000000000000000e+00   1.000000000000000e+00
17 6.250000000000000e+00   9.000014439674170e+00   0.000000000000000e+00   1.000000000000000e+00
18 8.750000000000000e+00   9.000013669776280e+00   0.000000000000000e+00   1.000000000000000e+00
19 1.000000000000000e+01   9.000013156511010e+00   0.000000000000000e+00   1.000000000000000e+00
20 -1.000000000000000e+01   6.499934217444940e+00   0.000000000000000e+00   1.000000000000000e+00
21 -8.750000000000000e+00   6.749931651118630e+00   0.000000000000000e+00   1.000000000000000e+00
22 -6.250000000000000e+00   7.124927801629180e+00   0.000000000000000e+00   1.000000000000000e+00
23 -3.750000000000000e+00   7.374925235302870e+00   0.000000000000000e+00   1.000000000000000e+00
24 -1.250000000000000e+00   7.499923952139720e+00   0.000000000000000e+00   1.000000000000000e+00
25 1.250000000000000e+00   7.499923952139720e+00   0.000000000000000e+00   1.000000000000000e+00
26 3.750000000000000e+00   7.374925235302870e+00   0.000000000000000e+00   1.000000000000000e+00
27 6.250000000000000e+00   7.124927801629180e+00   0.000000000000000e+00   1.000000000000000e+00
28 8.750000000000000e+00   6.749931651118630e+00   0.000000000000000e+00   1.000000000000000e+00
29 1.000000000000000e+01   6.499934217444940e+00   0.000000000000000e+00   1.000000000000000e+00
30 -1.000000000000000e+01   6.500902896138130e+00   0.000000000000000e+00   1.000000000000000e+00
31 -8.750000000000000e+00   6.688438120159270e+00   0.000000000000000e+00   1.000000000000000e+00
32 -6.250000000000000e+00   6.969740956190970e+00   0.000000000000000e+00   1.000000000000000e+00
33 -3.750000000000000e+00   7.157276180212100e+00   0.000000000000000e+00   1.000000000000000e+00
34 -1.250000000000000e+00   7.251043792222670e+00   0.000000000000000e+00   1.000000000000000e+00
35 1.250000000000000e+00   7.251043792222670e+00   0.000000000000000e+00   1.000000000000000e+00
36 3.750000000000000e+00   7.157276180212100e+00   0.000000000000000e+00   1.000000000000000e+00
37 6.250000000000000e+00   6.969740956190970e+00   0.000000000000000e+00   1.000000000000000e+00
38 8.750000000000000e+00   6.688438120159270e+00   0.000000000000000e+00   1.000000000000000e+00
39 1.000000000000000e+01   6.500902896138130e+00   0.000000000000000e+00   1.000000000000000e+00
40 -2.000000000000000e+00   6.495540487333080e+00   0.000000000000000e+00   1.000000000000000e+00
41 -1.750000000000000e+00   6.620366511654380e+00   0.000000000000000e+00   1.000000000000000e+00
42 -1.250000000000000e+00   6.807605548136320e+00   0.000000000000000e+00   1.000000000000000e+00
43 -7.500000000000000e-01   6.932431572457620e+00   0.000000000000000e+00   1.000000000000000e+00
44 -2.500000000000000e-01   6.994844584618270e+00   0.000000000000000e+00   1.000000000000000e+00
45 2.500000000000000e-01   6.994844584618270e+00   0.000000000000000e+00   1.000000000000000e+00
46 7.500000000000000e-01   6.932431572457620e+00   0.000000000000000e+00   1.000000000000000e+00
47 1.250000000000000e+00   6.807605548136320e+00   0.000000000000000e+00   1.000000000000000e+00
48 1.750000000000000e+00   6.620366511654380e+00   0.000000000000000e+00   1.000000000000000e+00
49 2.000000000000000e+00   6.495540487333080e+00   0.000000000000000e+00   1.000000000000000e+00
50 -2.000000000000000e+00   6.512436002902520e+00   0.000000000000000e+00   1.000000000000000e+00
51 -1.750000000000000e+00   6.577994689834280e+00   0.000000000000000e+00   1.000000000000000e+00
52 -1.250000000000000e+00   6.676332720231930e+00   0.000000000000000e+00   1.000000000000000e+00
53 -7.500000000000000e-01   6.741891407163690e+00   0.000000000000000e+00   1.000000000000000e+00
54 -2.500000000000000e-01   6.774670750629570e+00   0.000000000000000e+00   1.000000000000000e+00
55 2.500000000000000e-01   6.774670750629570e+00   0.000000000000000e+00   1.000000000000000e+00
56 7.500000000000000e-01   6.741891407163690e+00   0.000000000000000e+00   1.000000000000000e+00
57 1.250000000000000e+00   6.676332720231930e+00   0.000000000000000e+00   1.000000000000000e+00
58 1.750000000000000e+00   6.577994689834280e+00   0.000000000000000e+00   1.000000000000000e+00
59 2.000000000000000e+00   6.512436002902520e+00   0.000000000000000e+00   1.000000000000000e+00
60 -2.000000000000000e+00   4.500000000000000e+00   0.000000000000000e+00   1.000000000000000e+00
61 -1.750000000000000e+00   4.513097675829510e+00   0.000000000000000e+00   1.000000000000000e+00
62 -1.250000000000000e+00   4.532744189573760e+00   0.000000000000000e+00   1.000000000000000e+00
63 -7.500000000000000e-01   4.545841865403270e+00   0.000000000000000e+00   1.000000000000000e+00
64 -2.500000000000000e-01   4.552390703318020e+00   0.000000000000000e+00   1.000000000000000e+00
65 2.500000000000000e-01   4.552390703318020e+00   0.000000000000000e+00   1.000000000000000e+00
66 7.500000000000000e-01   4.545841865403270e+00   0.000000000000000e+00   1.000000000000000e+00
67 1.250000000000000e+00   4.532744189573760e+00   0.000000000000000e+00   1.000000000000000e+00
68 1.750000000000000e+00   4.513097675829510e+00   0.000000000000000e+00   1.000000000000000e+00
69 2.000000000000000e+00   4.500000000000000e+00   0.000000000000000e+00   1.000000000000000e+00
70 -2.000000000000000e+00   3.112391252081030e+00   0.000000000000000e+00   1.000000000000000e+00
71 -1.750000000000000e+00   3.115682064775340e+00   0.000000000000000e+00   1.000000000000000e+00
72 -1.250000000000000e+00   3.120618283816810e+00   0.000000000000000e+00   1.000000000000000e+00
73 -7.500000000000000e-01   3.123909096511120e+00   0.000000000000000e+00   1.000000000000000e+00
74 -2.500000000000000e-01   3.125554502858280e+00   0.000000000000000e+00   1.000000000000000e+00
75 2.500000000000000e-01   3.125554502858280e+00   0.000000000000000e+00   1.000000000000000e+00
76 7.500000000000000e-01   3.123909096511120e+00   0.000000000000000e+00   1.000000000000000e+00
77 1.250000000000000e+00   3.120618283816810e+00   0.000000000000000e+00   1.000000000000000e+00
78 1.750000000000000e+00   3.115682064775340e+00   0.000000000000000e+00   1.000000000000000e+00
79 2.000000000000000e+00   3.112391252081030e+00   0.000000000000000e+00   1.000000000000000e+00
80 -2.000000000000000e+00   2.000000000000000e+00   0.000000000000000e+00   1.000000000000000e+00
81 -1.750000000000000e+00   2.000620879802150e+00   0.000000000000000e+00   1.000000000000000e+00
82 -1.250000000000000e+00   2.001552199505370e+00   0.000000000000000e+00   1.000000000000000e+00
83 -7.500000000000000e-01   2.002173079307520e+00   0.000000000000000e+00   1.000000000000000e+00
84 -2.500000000000000e-01   2.002483519208600e+00   0.000000000000000e+00   1.000000000000000e+00
85 2.500000000000000e-01   2.002483519208600e+00   0.000000000000000e+00   1.000000000000000e+00
86 7.500000000000000e-01   2.002173079307520e+00   0.000000000000000e+00   1.000000000000000e+00
87 1.250000000000000e+00   2.001552199505370e+00   0.000000000000000e+00   1.000000000000000e+00
88 1.750000000000000e+00   2.000620879802150e+00   0.000000000000000e+00   1.000000000000000e+00
89 2.000000000000000e+00   2.000000000000000e+00   0.000000000000000e+00   1.000000000000000e+00
90 -2.000000000000000e+00   9.710000989679370e-01   0.000000000000000e+00   1.000000000000000e+00
91 -1.750000000000000e+00   9.710000989679370e-01   0.000000000000000e+00   1.000000000000000e+00
92 -1.250000000000000e+00   9.710000989679370e-01   0.000000000000000e+00   1.000000000000000e+00
93 -7.500000000000000e-01   9.710000989679370e-01   0.000000000000000e+00   1.000000000000000e+00
94 -2.500000000000000e-01   9.710000989679370e-01   0.000000000000000e+00   1.000000000000000e+00
95 2.500000000000000e-01   9.710000989679370e-01   0.000000000000000e+00   1.000000000000000e+00
96 7.500000000000000e-01   9.710000989679370e-01   0.000000000000000e+00   1.000000000000000e+00
97 1.250000000000000e+00   9.710000989679370e-01   0.000000000000000e+00   1.000000000000000e+00
98 1.750000000000000e+00   9.710000989679370e-01   0.000000000000000e+00   1.000000000000000e+00
99 2.000000000000000e+00   9.710000989679370e-01   0.000000000000000e+00   1.000000000000000e+00
100 -2.000000000000000e+00   -5.000000000000000e-01   0.000000000000000e+00   1.000000000000000e+00
101 -1.750000000000000e+00   -5.000000000000000e-01   0.000000000000000e+00   1.000000000000000e+00
102 -1.250000000000000e+00   -5.000000000000000e-01   0.000000000000000e+00   1.000000000000000e+00
103 -7.500000000000000e-01   -5.000000000000000e-01   0.000000000000000e+00   1.000000000000000e+00
104 -2.500000000000000e-01   -5.000000000000000e-01   0.000000000000000e+00   1.000000000000000e+00
105 2.500000000000000e-01   -5.000000000000000e-01   0.000000000000000e+00   1.000000000000000e+00
106 7.500000000000000e-01   -5.000000000000000e-01   0.000000000000000e+00   1.000000000000000e+00
107 1.250000000000000e+00   -5.000000000000000e-01   0.000000000000000e+00   1.000000000000000e+00
108 1.750000000000000e+00   -5.000000000000000e-01   0.000000000000000e+00   1.000000000000000e+00
109 2.000000000000000e+00   -5.000000000000000e-01   0.000000000000000e+00   1.000000000000000e+00
110 -2.000000000000000e+00   -1.462758281171110e+00   0.000000000000000e+00   1.000000000000000e+00
111 -1.750000000000000e+00   -1.463016683537490e+00   0.000000000000000e+00   1.000000000000000e+00
112 -1.250000000000000e+00   -1.463404287087060e+00   0.000000000000000e+00   1.000000000000000e+00
113 -7.500000000000000e-01   -1.463662689453450e+00   0.000000000000000e+00   1.000000000000000e+00
114 -2.500000000000000e-01   -1.463791890636640e+00   0.000000000000000e+00   1.000000000000000e+00
115 2.500000000000000e-01   -1.463791890636640e+00   0.000000000000000e+00   1.000000000000000e+00
116 7.500000000000000e-01   -1.463662689453450e+00   0.000000000000000e+00   1.000000000000000e+00
117 1.250000000000000e+00   -1.463404287087060e+00   0.000000000000000e+00   1.000000000000000e+00
118 1.750000000000000e+00   -1.463016683537490e+00   0.000000000000000e+00   1.000000000000000e+00
119 2.000000000000000e+00   -1.462758281171110e+00   0.000000000000000e+00   1.000000000000000e+00
120 -2.000000000000000e+00   -3.000000000000000e+00   0.000000000000000e+00   1.000000000000000e+00
121 -1.750000000000000e+00   -3.004717467831690e+00   0.000000000000000e+00   1.000000000000000e+00
122 -1.250000000000000e+00   -3.011793669579230e+00   0.000000000000000e+00   1.000000000000000e+00
123 -7.500000000000000e-01   -3.016511137410930e+00   0.000000000000000e+00   1.000000000000000e+00
124 -2.500000000000000e-01   -3.018869871326770e+00   0.000000000000000e+00   1.000000000000000e+00
125 2.500000000000000e-01   -3.018869871326770e+00   0.000000000000000e+00   1.000000000000000e+00
126 7.500000000000000e-01   -3.016511137410930e+00   0.000000000000000e+00   1.000000000000000e+00
127 1.250000000000000e+00   -3.011793669579230e+00   0.000000000000000e+00   1.000000000000000e+00
128 1.750000000000000e+00   -3.004717467831690e+00   0.000000000000000e+00   1.000000000000000e+00
129 2.000000000000000e+00   -3.000000000000000e+00   0.000000000000000e+00   1.000000000000000e+00
130 -2.000000000000000e+00   -5.480594158634870e+00   0.000000000000000e+00   1.000000000000000e+00
131 -1.750000000000000e+00   -5.548915187198550e+00   0.000000000000000e+00   1.000000000000000e+00
132 -1.250000000000000e+00   -5.651396730044070e+00   0.000000000000000e+00   1.000000000000000e+00
133 -7.500000000000000e-01   -5.719717758607750e+00   0.000000000000000e+00   1.000000000000000e+00
134 -2.500000000000000e-01   -5.753878272889590e+00   0.000000000000000e+00   1.000000000000000e+00
135 2.500000000000000e-01   -5.753878272889590e+00   0.000000000000000e+00   1.000000000000000e+00
136 7.500000000000000e-01   -5.719717758607750e+00   0.000000000000000e+00   1.000000000000000e+00
137 1.250000000000000e+00   -5.651396730044070e+00   0.000000000000000e+00   1.000000000000000e+00
138 1.750000000000000e+00   -5.548915187198550e+00   0.000000000000000e+00   1.000000000000000e+00
139 2.000000000000000e+00   -5.480594158634870e+00   0.000000000000000e+00   1.000000000000000e+00
140 -2.000000000000000e+00   -5.506419916523610e+00   0.000000000000000e+00   1.000000000000000e+00
141 -1.750000000000000e+00   -5.631447961394680e+00   0.000000000000000e+00   1.000000000000000e+00
142 -1.250000000000000e+00   -5.818990028701280e+00   0.000000000000000e+00   1.000000000000000e+00
143 -7.500000000000000e-01   -5.944018073572350e+00   0.000000000000000e+00   1.000000000000000e+00
144 -2.500000000000000e-01   -6.006532096007890e+00   0.000000000000000e+00   1.000000000000000e+00
145 2.500000000000000e-01   -6.006532096007890e+00   0.000000000000000e+00   1.000000000000000e+00
146 7.500000000000000e-01   -5.944018073572350e+00   0.000000000000000e+00   1.000000000000000e+00
147 1.250000000000000e+00   -5.818990028701280e+00   0.000000000000000e+00   1.000000000000000e+00
148 1.750000000000000e+00   -5.631447961394680e+00   0.000000000000000e+00   1.000000000000000e+00
149 2.000000000000000e+00   -5.506419916523610e+00   0.000000000000000e+00   1.000000000000000e+00
150 -1.000000000000000e+01   -5.498602814151360e+00   0.000000000000000e+00   1.000000000000000e+00
151 -8.750000000000000e+00   -5.686096710661260e+00   0.000000000000000e+00   1.000000000000000e+00
152 -6.250000000000000e+00   -5.967337555426100e+00   0.000000000000000e+00   1.000000000000000e+00
153 -3.750000000000000e+00   -6.154831451935990e+00   0.000000000000000e+00   1.000000000000000e+00
154 -1.250000000000000e+00   -6.248578400190940e+00   0.000000000000000e+00   1.000000000000000e+00
155 1.250000000000000e+00   -6.248578400190940e+00   0.000000000000000e+00   1.000000000000000e+00
156 3.750000000000000e+00   -6.154831451935990e+00   0.000000000000000e+00   1.000000000000000e+00
157 6.250000000000000e+00   -5.967337555426100e+00   0.000000000000000e+00   1.000000000000000e+00
158 8.750000000000000e+00   -5.686096710661260e+00   0.000000000000000e+00   1.000000000000000e+00
159 1.000000000000000e+01   -5.498602814151360e+00   0.000000000000000e+00   1.000000000000000e+00
160 -1.000000000000000e+01   -5.500083098485040e+00   0.000000000000000e+00   1.000000000000000e+00
161 -8.750000000000000e+00   -5.750083461493860e+00   0.000000000000000e+00   1.000000000000000e+00
162 -6.250000000000000e+00   -6.125084006007080e+00   0.000000000000000e+00   1.000000000000000e+00
163 -3.750000000000000e+00   -6.375084369015900e+00   0.000000000000000e+00   1.000000000000000e+00
164 -1.250000000000000e+00   -6.500084550520310e+00   0.000000000000000e+00   1.000000000000000e+00
165 1.250000000000000e+00   -6.500084550520310e+00   0.000000000000000e+00   1.000000000000000e+00
166 3.750000000000000e+00   -6.375084369015900e+00   0.000000000000000e+00   1.000000000000000e+00
167 6.250000000000000e+00   -6.125084006007080e+00   0.000000000000000e+00   1.000000000000000e+00
168 8.750000000000000e+00   -5.750083461493860e+00   0.000000000000000e+00   1.000000000000000e+00
169 1.000000000000000e+01   -5.500083098485040e+00   0.000000000000000e+00   1.000000000000000e+00
170 -1.000000000000000e+01   -7.999983380302990e+00   0.000000000000000e+00   1.000000000000000e+00
171 -8.750000000000000e+00   -7.999983307701230e+00   0.000000000000000e+00   1.000000000000000e+00
172 -6.250000000000000e+00   -7.999983198798580e+00   0.000000000000000e+00   1.000000000000000e+00
173 -3.750000000000000e+00   -7.999983126196820e+00   0.000000000000000e+00   1.000000000000000e+00
174 -1.250000000000000e+00   -7.999983089895940e+00   0.000000000000000e+00   1.000000000000000e+00
175 1.250000000000000e+00   -7.999983089895940e+00   0.000000000000000e+00   1.000000000000000e+00
176 3.750000000000000e+00   -7.999983126196820e+00   0.000000000000000e+00   1.000000000000000e+00
177 6.250000000000000e+00   -7.999983198798580e+00   0.000000000000000e+00   1.000000000000000e+00
178 8.750000000000000e+00   -7.999983307701230e+00   0.000000000000000e+00   1.000000000000000e+00
179 1.000000000000000e+01   -7.999983380302990e+00   0.000000000000000e+00   1.000000000000000e+00
180 -1.000000000000000e+01   -8.500000000000000e+00   0.000000000000000e+00   1.000000000000000e+00
181 -8.750000000000000e+00   -8.500000000000000e+00   0.000000000000000e+00   1.000000000000000e+00
182 -6.250000000000000e+00   -8.500000000000000e+00   0.000000000000000e+00   1.000000000000000e+00
183 -3.750000000000000e+00   -8.500000000000000e+00   0.000000000000000e+00   1.000000000000000e+00
184 -1.250000000000000e+00   -8.500000000000000e+00   0.000000000000000e+00   1.000000000000000e+00
185 1.250000000000000e+00   -8.500000000000000e+00   0.000000000000000e+00   1.000000000000000e+00
186 3.750000000000000e+00   -8.500000000000000e+00   0.000000000000000e+00   1.000000000000000e+00
187 6.250000000000000e+00   -8.500000000000000e+00   0.000000000000000e+00   1.000000000000000e+00
188 8.750000000000000e+00   -8.500000000000000e+00   0.000000000000000e+00   1.000000000000000e+00
189 1.000000000000000e+01   -8.500000000000000e+00   0.000000000000000e+00   1.000000000000000e+00
190 -1.000000000000060e+01   9.500000000000000e+00   1.192715816246940e+01   9.633883476483180e-01
191 -8.750000000000630e+00   9.500000000000000e+00   1.204184237557000e+01   9.633883476483180e-01
192 -6.250000000000650e+00   9.500000000000000e+00   1.227121080177140e+01   9.633883476483180e-01
193 -3.750000000000630e+00   9.500000000000000e+00   1.250057922797270e+01   9.633883476483180e-01
194 -1.250000000000650e+00   9.500000000000000e+00   1.272994765417410e+01   9.633883476483180e-01
195 1.249999999999320e+00   9.500000000000000e+00   1.295931608037540e+01   9.633883476483180e-01
196 3.749999999999320e+00   9.500000000000000e+00   1.318868450657670e+01   9.633883476483180e-01
197 6.249999999999320e+00   9.500000000000000e+00   1.341805293277810e+01   9.633883476483180e-01
198 8.749999999999290e+00   9.500000000000000e+00   1.364742135897940e+01   9.633883476483180e-01
199 9.999999999999290e+00   9.500000000000000e+00   1.376210557208010e+01   9.633883476483180e-01
200 -1.000000000000060e+01   9.000013156511010e+00   1.192715816246940e+01   9.633883476483180e-01
201 -8.750000000000630e+00   9.000013669776280e+00   1.204184237557000e+01   9.633883476483180e-01
202 -6.250000000000650e+00   9.000014439674170e+00   1.227121080177140e+01   9.633883476483180e-01
203 -3.750000000000630e+00   9.000014952939430e+00   1.250057922797270e+01   9.633883476483180e-01
204 -1.250000000000650e+00   9.000015209572060e+00   1.272994765417410e+01   9.633883476483180e-01
205 1.249999999999320e+00   9.000015209572060e+00   1.295931608037540e+01   9.633883476483180e-01
206 3.749999999999320e+00   9.000014952939430e+00   1.318868450657670e+01   9.633883476483180e-01
207 6.249999999999320e+00   9.000014439674170e+00   1.341805293277810e+01   9.633883476483180e-01
208 8.749999999999290e+00   9.000013669776280e+00   1.364742135897940e+01   9.633883476483180e-01
209 9.999999999999290e+00   9.000013156511010e+00   1.376210557208010e+01   9.633883476483180e-01
210 -1.000000000000060e+01   6.499934217444940e+00   1.192715816246940e+01   9.633883476483180e-01
211 -8.750000000000630e+00   6.749931651118630e+00   1.204184237557000e+01   9.633883476483180e-01
212 -6.250000000000650e+00   7.124927801629180e+00   1.227121080177140e+01   9.633883476483180e-01
213 -3.750000000000630e+00   7.374925235302870e+00   1.250057922797270e+01   9.633883476483180e-01
214 -1.250000000000650e+00   7.499923952139720e+00   1.272994765417410e+01   9.633883476483180e-01
215 1.249999999999320e+00   7.499923952139720e+00   1.295931608037540e+01   9.633883476483180e-01
216 3.749999999999320e+00   7.374925235302870e+00   1.318868450657670e+01   9.633883476483180e-01
217 6.249999999999320e+00   7.124927801629180e+00   1.341805293277810e+01   9.633883476483180e-01
218 8.749999999999290e+00   6.749931651118630e+00   1.364742135897940e+01   9.633883476483180e-01
219 9.999999999999290e+00   6.499934217444940e+00   1.376210557208010e+01   9.633883476483180e-01
220 -1.000000000000060e+01   6.500902896138130e+00   1.192715816246940e+01   9.633883476483180e-01
221 -8.750000000000630e+00   6.688438120159270e+00   1.204184237557000e+01   9.633883476483180e-01
222 -6.250000000000650e+00   6.969740956190970e+00   1.227121080177140e+01   9.633883476483180e-01
223 -3.750000000000630e+00   7.157276180212100e+00   1.250057922797270e+01   9.633883476483180e-01
224 -1.250000000000650e+00   7.251043792222670e+00   1.272994765417410e+01   9.633883476483180e-01
225 1.249999999999320e+00   7.251043792222670e+00   1.295931608037540e+01   9.633883476483180e-01
226 3.749999999999320e+00   7.157276180212100e+00   1.318868450657670e+01   9.633883476483180e-01
227 6.249999999999320e+00   6.969740956190970e+00   1.341805293277810e+01   9.633883476483180e-01
228 8.749999999999290e+00   6.688438120159270e+00   1.364742135897940e+01   9.633883476483180e-01
229 9.999999999999290e+00   6.500902896138130e+00   1.376210557208010e+01   9.633883476483180e-01
230 -2.000000000000650e+00   6.495540487333080e+00   1.266113712631360e+01   9.633883476483180e-01
231 -1.750000000000650e+00   6.620366511654380e+00   1.268407396893380e+01   9.633883476483180e-01
232 -1.250000000000650e+00   6.807605548136320e+00   1.272994765417410e+01   9.633883476483180e-01
233 -7.500000000006540e-01   6.932431572457620e+00   1.277582133941430e+01   9.633883476483180e-01
234 -2.500000000006540e-01   6.994844584618270e+00   1.282169502465460e+01   9.633883476483180e-01
235 2.499999999993460e-01   6.994844584618270e+00   1.286756870989490e+01   9.633883476483180e-01
236 7.499999999993460e-01   6.932431572457620e+00   1.291344239513510e+01   9.633883476483180e-01
237 1.249999999999320e+00   6.807605548136320e+00   1.295931608037540e+01   9.633883476483180e-01
238 1.749999999999320e+00   6.620366511654380e+00   1.300518976561570e+01   9.633883476483180e-01
239 1.999999999999320e+00   6.495540487333080e+00   1.302812660823580e+01   9.633883476483180e-01
240 -2.000000000000650e+00   6.512436002902520e+00   1.266113712631360e+01   9.633883476483180e-01
241 -1.750000000000650e+00   6.577994689834280e+00   1.268407396893380e+01   9.633883476483180e-01
242 -1.250000000000650e+00   6.676332720231930e+00   1.272994765417410e+01   9.633883476483180e-01
243 -7.500000000006540e-01   6.741891407163690e+00   1.277582133941430e+01   9.633883476483180e-01
244 -2.500000000006540e-01   6.774670750629570e+00   1.282169502465460e+01   9.633883476483180e-01
245 2.499999999993460e-01   6.774670750629570e+00   1.286756870989490e+01   9.633883476483180e-01
246 7.499999999993460e-01   6.741891407163690e+00   1.291344239513510e+01   9.633883476483180e-01
247 1.249999999999320e+00   6.676332720231930e+00   1.295931608037540e+01   9.633883476483180e-01
248 1.749999999999320e+00   6.577994689834280e+00   1.300518976561570e+01   9.633883476483180e-01
249 1.999999999999320e+00   6.512436002902520e+00   1.302812660823580e+01   9.633883476483180e-01
250 -2.000000000000650e+00   4.500000000000000e+00   1.266113712631360e+01   9.633883476483180e-01
251 -1.750000000000650e+00   4.513097675829510e+00   1.268407396893380e+01   9.633883476483180e-01
252 -1.250000000000650e+00   4.532744189573760e+00   1.272994765417410e+01   9.633883476483180e-01
253 -7.500000000006540e-01   4.545841865403270e+00   1.277582133941430e+01   9.633883476483180e-01
254 -2.500000000006540e-01   4.552390703318020e+00   1.282169502465460e+01   9.633883476483180e-01
255 2.499999999993460e-01   4.552390703318020e+00   1.286756870989490e+01   9.633883476483180e-01
256 7.499999999993460e-01   4.545841865403270e+00   1.291344239513510e+01   9.633883476483180e-01
257 1.249999999999320e+00   4.532744189573760e+00   1.295931608037540e+01   9.633883476483180e-01
258 1.749999999999320e+00   4.513097675829510e+00   1.300518976561570e+01   9.633883476483180e-01
259 1.999999999999320e+00   4.500000000000000e+00   1.302812660823580e+01   9.633883476483180e-01
260 -2.000000000000650e+00   3.112391252081030e+00   1.266113712631360e+01   9.633883476483180e-01
261 -1.750000000000650e+00   3.115682064775340e+00   1.268407396893380e+01   9.633883476483180e-01
262 -1.250000000000650e+00   3.120618283816810e+00   1.272994765417410e+01   9.633883476483180e-01
263 -7.500000000006540e-01   3.123909096511120e+00   1.277582133941430e+01   9.633883476483180e-01
264 -2.500000000006540e-01   3.125554502858280e+00   1.282169502465460e+01   9.633883476483180e-01
265 2.499999999993460e-01   3.125554502858280e+00   1.286756870989490e+01   9.633883476483180e-01
266 7.499999999993460e-01   3.123909096511120e+00   1.291344239513510e+01   9.633883476483180e-01
267 1.249999999999320e+00   3.120618283816810e+00   1.295931608037540e+01   9.633883476483180e-01
268 1.749999999999320e+00   3.115682064775340e+00   1.300518976561570e+01   9.633883476483180e-01
269 1.999999999999320e+00   3.112391252081030e+00   1.302812660823580e+01   9.633883476483180e-01
270 -2.000000000000650e+00   2.000000000000000e+00   1.266113712631360e+01   9.633883476483180e-01
271 -1.750000000000650e+00   2.000620879802150e+00   1.268407396893380e+01   9.633883476483180e-01
272 -1.250000000000650e+00   2.001552199505370e+00   1.272994765417410e+01   9.633883476483180e-01
273 -7.500000000006540e-01   2.002173079307520e+00   1.277582133941430e+01   9.633883476483180e-01
274 -2.500000000006540e-01   2.002483519208600e+00   1.282169502465460e+01   9.633883476483180e-01
275 2.499999999993460e-01   2.002483519208600e+00   1.286756870989490e+01   9.633883476483180e-01
276 7.499999999993460e-01   2.002173079307520e+00   1.291344239513510e+01   9.633883476483180e-01
277 1.249999999999320e+00   2.001552199505370e+00   1.295931608037540e+01   9.633883476483180e-01
278 1.749999999999320e+00   2.000620879802150e+00   1.300518976561570e+01   9.633883476483180e-01
279 1.999999999999320e+00   2.000000000000000e+00   1.302812660823580e+01   9.633883476483180e-01
280 -2.000000000000650e+00   9.710000989679370e-01   1.266113712631360e+01   9.633883476483180e-01
281 -1.750000000000650e+00   9.710000989679370e-01   1.268407396893380e+01   9.633883476483180e-01
282 -1.250000000000650e+00   9.710000989679370e-01   1.272994765417410e+01   9.633883476483180e-01
283 -7.500000000006540e-01   9.710000989679370e-01   1.277582133941430e+01   9.633883476483180e-01
284 -2.500000000006540e-01   9.710000989679370e-01   1.282169502465460e+01   9.633883476483180e-01
285 2.499999999993460e-01   9.710000989679370e-01   1.286756870989490e+01   9.633883476483180e-01
286 7.499999999993460e-01   9.710000989679370e-01   1.291344239513510e+01   9.633883476483180e-01
287 1.249999999999320e+00   9.710000989679370e-01   1.295931608037540e+01   9.633883476483180e-01
288 1.749999999999320e+00   9.710000989679370e-01   1.300518976561570e+01   9.633883476483180e-01
289 1.999999999999320e+00   9.710000989679370e-01   1.302812660823580e+01   9.633883476483180e-01
290 -2.000000000000650e+00   -5.000000000000000e-01   1.266113712631360e+01   9.633883476483180e-01
291 -1.750000000000650e+00   -5.000000000000000e-01   1.268407396893380e+01   9.633883476483180e-01
292 -1.250000000000650e+00   -5.000000000000000e-01   1.272994765417410e+01   9.633883476483180e-01
293 -7.500000000006540e-01   -5.000000000000000e-01   1.277582133941430e+01   9.633883476483180e-01
294 -2.500000000006540e-01   -5.000000000000000e-01   1.282169502465460e+01   9.633883476483180e-01
295 2.499999999993460e-01   -5.000000000000000e-01   1.286756870989490e+01   9.633883476483180e-01
296 7.499999999993460e-01   -5.000000000000000e-01   1.291344239513510e+01   9.633883476483180e-01
297 1.249999999999320e+00   -5.000000000000000e-01   1.295931608037540e+01   9.633883476483180e-01
298 1.749999999999320e+00   -5.000000000000000e-01   1.300518976561570e+01   9.633883476483180e-01
299 1.999999999999320e+00   -5.000000000000000e-01   1.302812660823580e+01   9.633883476483180e-01
300 -2.000000000000650e+00   -1.462758281171110e+00   1.266113712631360e+01   9.633883476483180e-01
301 -1.750000000000650e+00   -1.463016683537490e+00   1.268407396893380e+01   9.633883476483180e-01
302 -1.250000000000650e+00   -1.463404287087060e+00   1.272994765417410e+01   9.633883476483180e-01
303 -7.500000000006540e-01   -1.463662689453450e+00   1.277582133941430e+01   9.633883476483180e-01
304 -2.500000000006540e-01   -1.463791890636640e+00   1.282169502465460e+01   9.633883476483180e-01
305 2.499999999993460e-01   -1.463791890636640e+00   1.286756870989490e+01   9.633883476483180e-01
306 7.499999999993460e-01   -1.463662689453450e+00   1.291344239513510e+01   9.633883476483180e-01
307 1.249999999999320e+00   -1.463404287087060e+00   1.295931608037540e+01   9.633883476483180e-01
308 1.749999999999320e+00   -1.463016683537490e+00   1.300518976561570e+01   9.633883476483180e-01
309 1.999999999999320e+00   -1.462758281171110e+00   1.302812660823580e+01   9.633883476483180e-01
310 -2.000000000000650e+00   -3.000000000000000e+00   1.266113712631360e+01   9.633883476483180e-01
311 -1.750000000000650e+00   -3.004717467831690e+00   1.268407396893380e+01   9.633883476483180e-01
312 -1.250000000000650e+00   -3.011793669579230e+00   1.272994765417410e+01   9.633883476483180e-01
313 -7.500000000006540e-01   -3.016511137410930e+00   1.277582133941430e+01   9.633883476483180e-01
314 -2.500000000006540e-01   -3.018869871326770e+00   1.282169502465460e+01   9.633883476483180e-01
315 2.499999999993460e-01   -3.018869871326770e+00   1.286756870989490e+01   9.633883476483180e-01
316 7.499999999993460e-01   -3.016511137410930e+00   1.291344239513510e+01   9.633883476483180e-01
317 1.249999999999320e+00   -3.011793669579230e+00   1.295931608037540e+01   9.633883476483180e-01
318 1.749999999999320e+00   -3.004717467831690e+00   1.300518976561570e+01   9.633883476483180e-01
319 1.999999999999320e+00   -3.000000000000000e+00   1.302812660823580e+01   9.633883476483180e-01
320 -2.000000000000650e+00   -5.480594158634870e+00   1.266113712631360e+01   9.633883476483180e-01
321 -1.750000000000650e+00   -5.548915187198550e+00   1.268407396893380e+01   9.633883476483180e-01
322 -1.250000000000650e+00   -5.651396730044070e+00   1.272994765417410e+01   9.633883476483180e-01
323 -7.500000000006540e-01   -5.719717758607750e+00   1.277582133941430e+01   9.633883476483180e-01
324 -2.500000000006540e-01   -5.753878272889590e+00   1.282169502465460e+01   9.633883476483180e-01
325 2.499999999993460e-01   -5.753878272889590e+00   1.286756870989490e+01   9.633883476483180e-01
326 7.499999999993460e-01   -5.719717758607750e+00   1.291344239513510e+01   9.633883476483180e-01
327 1.249999999999320e+00   -5.651396730044070e+00   1.295931608037540e+01   9.633883476483180e-01
328 1.749999999999320e+00   -5.548915187198550e+00   1.300518976561570e+01   9.633883476483180e-01
329 1.999999999999320e+00   -5.480594158634870e+00   1.302812660823580e+01   9.633883476483180e-01
330 -2.000000000000650e+00   -5.506419916523610e+00   1.266113712631360e+01   9.633883476483180e-01
331 -1.750000000000650e+00   -5.631447961394680e+00   1.268407396893380e+01   9.633883476483180e-01
332 -1.250000000000650e+00   -5.818990028701280e+00   1.272994765417410e+01   9.633883476483180e-01
333 -7.500000000006540e-01   -5.944018073572350e+00   1.277582133941430e+01   9.633883476483180e-01
334 -2.500000000006540e-01   -6.006532096007890e+00   1.282169502465460e+01   9.633883476483180e-01
335 2.499999999993460e-01   -6.006532096007890e+00   1.286756870989490e+01   9.633883476483180e-01
336 7.499999999993460e-01   -5.944018073572350e+00   1.291344239513510e+01   9.633883476483180e-01
337 1.249999999999320e+00   -5.818990028701280e+00   1.295931608037540e+01   9.633883476483180e-01
338 1.749999999999320e+00   -5.631447961394680e+00   1.300518976561570e+01   9.633883476483180e-01
339 1.999999999999320e+00   -5.506419916523610e+00   1.302812660823580e+01   9.633883476483180e-01
340 -1.000000000000060e+01   -5.498602814151360e+00   1.192715816246940e+01   9.633883476483180e-01
341 -8.750000000000630e+00   -5.686096710661260e+00   1.204184237557000e+01   9.633883476483180e-01
342 -6.250000000000650e+00   -5.967337555426100e+00   1.227121080177140e+01   9.633883476483180e-01
343 -3.750000000000630e+00   -6.154831451935990e+00   1.250057922797270e+01   9.633883476483180e-01
344 -1.250000000000650e+00   -6.248578400190940e+00   1.272994765417410e+01   9.633883476483180e-01
345 1.249999999999320e+00   -6.248578400190940e+00   1.295931608037540e+01   9.633883476483180e-01
346 3.749999999999320e+00   -6.154831451935990e+00   1.318868450657670e+01   9.633883476483180e-01
347 6.249999999999320e+00   -5.967337555426100e+00   1.341805293277810e+01   9.633883476483180e-01
348 8.749999999999290e+00   -5.686096710661260e+00   1.364742135897940e+01   9.633883476483180e-01
349 9.999999999999290e+00   -5.498602814151360e+00   1.376210557208010e+01   9.633883476483180e-01
350 -1.000000000000060e+01   -5.500083098485040e+00   1.192715816246940e+01   9.633883476483180e-01
351 -8.750000000000630e+00   -5.750083461493860e+00   1.204184237557000e+01   9.633883476483180e-01
352 -6.250000000000650e+00   -6.125084006007080e+00   1.227121080177140e+01   9.633883476483180e-01
353 -3.750000000000630e+00   -6.375084369015900e+00   1.250057922797270e+01   9.633883476483180e-01
354 -1.250000000000650e+00   -6.500084550520310e+00   1.272994765417410e+01   9.633883476483180e-01
355 1.249999999999320e+00   -6.500084550520310e+00   1.295931608037540e+01   9.633883476483180e-01
356 3.749999999999320e+00   -6.375084369015900e+00   1.318868450657670e+01   9.633883476483180e-01
357 6.249999999999320e+00   -6.125084006007080e+00   1.341805293277810e+01   9.633883476483180e-01
358 8.749999999999290e+00   -5.750083461493860e+00   1.364742135897940e+01   9.633883476483180e-01
359 9.999999999999290e+00   -5.500083098485040e+00   1.376210557208010e+01   9.633883476483180e-01
360 -1.000000000000060e+01   -7.999983380302990e+00   1.192715816246940e+01   9.633883476483180e-01
361 -8.750000000000630e+00   -7.999983307701230e+00   1.204184237557000e+01   9.633883476483180e-01
362 -6.250000000000650e+00   -7.999983198798580e+00   1.227121080177140e+01   9.633883476483180e-01
363 -3.750000000000630e+00   -7.999983126196820e+00   1.250057922797270e+01   9.633883476483180e-01
364 -1.250000000000650e+00   -7.999983089895940e+00   1.272994765417410e+01   9.633883476483180e-01
365 1.249999999999320e+00   -7.999983089895940e+00   1.295931608037540e+01   9.633883476483180e-01
366 3.749999999999320e+00   -7.999983126196820e+00   1.318868450657670e+01   9.633883476483180e-01
367 6.249999999999320e+00   -7.999983198798580e+00   1.341805293277810e+01   9.633883476483180e-01
368 8.749999999999290e+00   -7.999983307701230e+00   1.364742135897940e+01   9.633883476483180e-01
369 9.999999999999290e+00   -7.999983380302990e+00   1.376210557208010e+01   9.633883476483180e-01
370 -1.000000000000060e+01   -8.500000000000000e+00   1.192715816246940e+01   9.633883476483180e-01
371 -8.750000000000630e+00   -8.500000000000000e+00   1.204184237557000e+01   9.633883476483180e-01
372 -6.250000000000650e+00   -8.500000000000000e+00   1.227121080177140e+01   9.633883476483180e-01
373 -3.750000000000630e+00   -8.500000000000000e+00   1.250057922797270e+01   9.633883476483180e-01
374 -1.250000000000650e+00   -8.500000000000000e+00   1.272994765417410e+01   9.633883476483180e-01
375 1.249999999999320e+00   -8.500000000000000e+00   1.295931608037540e+01   9.633883476483180e-01
376 3.749999999999320e+00   -8.500000000000000e+00   1.318868450657670e+01   9.633883476483180e-01
377 6.249999999999320e+00   -8.500000000000000e+00   1.341805293277810e+01   9.633883476483180e-01
378 8.749999999999290e+00   -8.500000000000000e+00   1.364742135897940e+01   9.633883476483180e-01
379 9.999999999999290e+00   -8.500000000000000e+00   1.376210557208010e+01   9.633883476483180e-01
380 -1.447179996418780e+01   9.500000000000000e+00   3.609220075205700e+01   9.084708691207960e-01
381 -1.326479804076650e+01   9.500000000000000e+00   3.643924114390370e+01   9.084708691207960e-01
382 -1.085079419392390e+01   9.500000000000000e+00   3.713332192759710e+01   9.084708691207960e-01
383 -8.436790347081400e+00   9.500000000000000e+00   3.782740271129050e+01   9.084708691207960e-01
384 -6.022786500238880e+00   9.500000000000000e+00   3.852148349498390e+01   9.084708691207960e-01
385 -3.608782653396330e+00   9.500000000000000e+00   3.921556427867730e+01   9.084708691207960e-01
386 -1.194778806553780e+00   9.500000000000000e+00   3.990964506237070e+01   9.084708691207960e-01
387 1.219225040288730e+00   9.500000000000000e+00   4.060372584606410e+01   9.084708691207960e-01
388 3.633228887131280e+00   9.500000000000000e+00   4.129780662975750e+01   9.084708691207960e-01
389 4.840230810552550e+00   9.500000000000000e+00   4.164484702160420e+01   9.084708691207960e-01
390 -1.447179996418780e+01   9.000013156511010e+00   3.609220075205700e+01   9.084708691207960e-01
391 -1.326479804076650e+01   9.000013669776280e+00   3.643924114390370e+01   9.084708691207960e-01
392 -1.085079419392390e+01   9.000014439674170e+00   3.713332192759710e+01   9.084708691207960e-01
393 -8.436790347081400e+00   9.000014952939430e+00   3.782740271129050e+01   9.084708691207960e-01
394 -6.022786500238880e+00   9.000015209572060e+00   3.852148349498390e+01   9.084708691207960e-01
395 -3.608782653396330e+00   9.000015209572060e+00   3.921556427867730e+01   9.084708691207960e-01
396 -1.194778806553780e+00   9.000014952939430e+00   3.990964506237070e+01   9.084708691207960e-01
397 1.219225040288730e+00   9.000014439674170e+00   4.060372584606410e+01   9.084708691207960e-01
398 3.633228887131280e+00   9.000013669776280e+00   4.129780662975750e+01   9.084708691207960e-01
399 4.840230810552550e+00   9.000013156511010e+00   4.164484702160420e+01   9.084708691207960e-01
400 -1.447179996418780e+01   6.499934217444940e+00   3.609220075205700e+01   9.084708691207960e-01
401 -1.326479804076650e+01   6.749931651118630e+00   3.643924114390370e+01   9.084708691207960e-01
402 -1.085079419392390e+01   7.124927801629180e+00   3.713332192759710e+01   9.084708691207960e-01
403 -8.436790347081400e+00   7.374925235302870e+00   3.782740271129050e+01   9.084708691207960e-01
404 -6.022786500238880e+00   7.499923952139720e+00   3.852148349498390e+01   9.084708691207960e-01
405 -3.608782653396330e+00   7.499923952139720e+00   3.921556427867730e+01   9.084708691207960e-01
406 -1.194778806553780e+00   7.374925235302870e+00   3.990964506237070e+01   9.084708691207960e-01
407 1.219225040288730e+00   7.124927801629180e+00   4.060372584606410e+01   9.084708691207960e-01
408 3.633228887131280e+00   6.749931651118630e+00   4.129780662975750e+01   9.084708691207960e-01
409 4.840230810552550e+00   6.499934217444940e+00   4.164484702160420e+01   9.084708691207960e-01
410 -1.447179996418780e+01   6.500902896138130e+00   3.609220075205700e+01   9.084708691207960e-01
411 -1.326479804076650e+01   6.688438120159270e+00   3.643924114390370e+01   9.084708691207960e-01
412 -1.085079419392390e+01   6.969740956190970e+00   3.713332192759710e+01   9.084708691207960e-01
413 -8.436790347081400e+00   7.157276180212100e+00   3.782740271129050e+01   9.084708691207960e-01
414 -6.022786500238880e+00   7.251043792222670e+00   3.852148349498390e+01   9.084708691207960e-01
415 -3.608782653396330e+00   7.251043792222670e+00   3.921556427867730e+01   9.084708691207960e-01
416 -1.194778806553780e+00   7.157276180212100e+00   3.990964506237070e+01   9.084708691207960e-01
417 1.219225040288730e+00   6.969740956190970e+00   4.060372584606410e+01   9.084708691207960e-01
418 3.633228887131280e+00   6.688438120159270e+00   4.129780662975750e+01   9.084708691207960e-01
419 4.840230810552550e+00   6.500902896138130e+00   4.164484702160420e+01   9.084708691207960e-01
420 -6.746987654291640e+00   6.495540487333080e+00   3.831325925987590e+01   9.084708691207960e-01
421 -6.505587269607390e+00   6.620366511654380e+00   3.838266733824520e+01   9.084708691207960e-01
422 -6.022786500238880e+00   6.807605548136320e+00   3.852148349498390e+01   9.084708691207960e-01
423 -5.539985730870370e+00   6.932431572457620e+00   3.866029965172260e+01   9.084708691207960e-01
424 -5.057184961501860e+00   6.994844584618270e+00   3.879911580846130e+01   9.084708691207960e-01
425 -4.574384192133350e+00   6.994844584618270e+00   3.893793196520000e+01   9.084708691207960e-01
426 -4.091583422764840e+00   6.932431572457620e+00   3.907674812193860e+01   9.084708691207960e-01
427 -3.608782653396330e+00   6.807605548136320e+00   3.921556427867730e+01   9.084708691207960e-01
428 -3.125981884027820e+00   6.620366511654380e+00   3.935438043541600e+01   9.084708691207960e-01
429 -2.884581499343570e+00   6.495540487333080e+00   3.942378851378530e+01   9.084708691207960e-01
430 -6.746987654291640e+00   6.512436002902520e+00   3.831325925987590e+01   9.084708691207960e-01
431 -6.505587269607390e+00   6.577994689834280e+00   3.838266733824520e+01   9.084708691207960e-01
432 -6.022786500238880e+00   6.676332720231930e+00   3.852148349498390e+01   9.084708691207960e-01
433 -5.539985730870370e+00   6.741891407163690e+00   3.866029965172260e+01   9.084708691207960e-01
434 -5.057184961501860e+00   6.774670750629570e+00   3.879911580846130e+01   9.084708691207960e-01
435 -4.574384192133350e+00   6.774670750629570e+00   3.893793196520000e+01   9.084708691207960e-01
436 -4.091583422764840e+00   6.741891407163690e+00   3.907674812193860e+01   9.084708691207960e-01
437 -3.608782653396330e+00   6.676332720231930e+00   3.921556427867730e+01   9.084708691207960e-01
438 -3.125981884027820e+00   6.577994689834280e+00   3.935438043541600e+01   9.084708691207960e-01
439 -2.884581499343570e+00   6.512436002902520e+00   3.942378851378530e+01   9.084708691207960e-01
440 -6.746987654291640e+00   4.500000000000000e+00   3.831325925987590e+01   9.084708691207960e-01
441 -6.505587269607390e+00   4.513097675829510e+00   3.838266733824520e+01   9.084708691207960e-01
442 -6.022786500238880e+00   4.532744189573760e+00   3.852148349498390e+01   9.084708691207960e-01
443 -5.539985730870370e+00   4.545841865403270e+00   3.866029965172260e+01   9.084708691207960e-01
444 -5.057184961501860e+00   4.552390703318020e+00   3.879911580846130e+01   9.084708691207960e-01
445 -4.574384192133350e+00   4.552390703318020e+00   3.893793196520000e+01   9.084708691207960e-01
446 -4.091583422764840e+00   4.545841865403270e+00   3.907674812193860e+01   9.084708691207960e-01
447 -3.608782653396330e+00   4.532744189573760e+00   3.921556427867730e+01   9.084708691207960e-01
448 -3.125981884027820e+00   4.513097675829510e+00   3.935438043541600e+01   9.084708691207960e-01
449 -2.884581499343570e+00   4.500000000000000e+00   3.942378851378530e+01   9.084708691207960e-01
450 -6.746987654291640e+00   3.112391252081030e+00   3.831325925987590e+01   9.084708691207960e-01
451 -6.505587269607390e+00   3.115682064775340e+00   3.838266733824520e+01   9.084708691207960e-01
452 -6.022786500238880e+00   3.120618283816810e+00   3.852148349498390e+01   9.084708691207960e-01
453 -5.539985730870370e+00   3.123909096511120e+00   3.866029965172260e+01   9.084708691207960e-01
454 -5.057184961501860e+00   3.125554502858280e+00   3.879911580846130e+01   9.084708691207960e-01
455 -4.574384192133350e+00   3.125554502858280e+00   3.893793196520000e+01   9.084708691207960e-01
456 -4.091583422764840e+00   3.123909096511120e+00   3.907674812193860e+01   9.084708691207960e-01
457 -3.608782653396330e+00   3.120618283816810e+00   3.921556427867730e+01   9.084708691207960e-01
458 -3.125981884027820e+00   3.115682064775340e+00   3.935438043541600e+01   9.084708691207960e-01
459 -2.884581499343570e+00   3.112391252081030e+00   3.942378851378530e+01   9.084708691207960e-01
460 -6.746987654291640e+00   2.000000000000000e+00   3.831325925987590e+01   9.084708691207960e-01
461 -6.505587269607390e+00   2.000620879802150e+00   3.838266733824520e+01   9.084708691207960e-01
462 -6.022786500238880e+00   2.001552199505370e+00   3.852148349498390e+01   9.084708691207960e-01
463 -5.539985730870370e+00   2.002173079307520e+00   3.866029965172260e+01   9.084708691207960e-01
464 -5.057184961501860e+00   2.002483519208600e+00   3.879911580846130e+01   9.084708691207960e-01
465 -4.574384192133350e+00   2.002483519208600e+00   3.893793196520000e+01   9.084708691207960e-01
466 -4.091583422764840e+00   2.002173079307520e+00   3.907674812193860e+01   9.084708691207960e-01
467 -3.608782653396330e+00   2.001552199505370e+00   3.921556427867730e+01   9.084708691207960e-01
468 -3.125981884027820e+00   2.000620879802150e+00   3.935438043541600e+01   9.084708691207960e-01
469 -2.884581499343570e+00   2.000000000000000e+00   3.942378851378530e+01   9.084708691207960e-01
470 -6.746987654291640e+00   9.710000989679370e-01   3.831325925987590e+01   9.084708691207960e-01
471 -6.505587269607390e+00   9.710000989679370e-01   3.838266733824520e+01   9.084708691207960e-01
472 -6.022786500238880e+00   9.710000989679370e-01   3.852148349498390e+01   9.084708691207960e-01
473 -5.539985730870370e+00   9.710000989679370e-01   3.866029965172260e+01   9.084708691207960e-01
474 -5.057184961501860e+00   9.710000989679370e-01   3.879911580846130e+01   9.084708691207960e-01
475 -4.574384192133350e+00   9.710000989679370e-01   3.893793196520000e+01   9.084708691207960e-01
476 -4.091583422764840e+00   9.710000989679370e-01   3.907674812193860e+01   9.084708691207960e-01
477 -3.608782653396330e+00   9.710000989679370e-01   3.921556427867730e+01   9.084708691207960e-01
478 -3.125981884027820e+00   9.710000989679370e-01   3.935438043541600e+01   9.084708691207960e-01
479 -2.884581499343570e+00   9.710000989679370e-01   3.942378851378530e+01   9.084708691207960e-01
480 -6.746987654291640e+00   -5.000000000000000e-01   3.831325925987590e+01   9.084708691207960e-01
481 -6.505587269607390e+00   -5.000000000000000e-01   3.838266733824520e+01   9.084708691207960e-01
482 -6.022786500238880e+00   -5.000000000000000e-01   3.852148349498390e+01   9.084708691207960e-01
483 -5.539985730870370e+00   -5.000000000000000e-01   3.866029965172260e+01   9.084708691207960e-01
484 -5.057184961501860e+00   -5.000000000000000e-01   3.879911580846130e+01   9.084708691207960e-01
485 -4.574384192133350e+00   -5.000000000000000e-01   3.893793196520000e+01   9.084708691207960e-01
486 -4.091583422764840e+00   -5.000000000000000e-01   3.907674812193860e+01   9.084708691207960e-01
487 -3.608782653396330e+00   -5.000000000000000e-01   3.921556427867730e+01   9.084708691207960e-01
488 -3.125981884027820e+00   -5.000000000000000e-01   3.935438043541600e+01   9.084708691207960e-01
489 -2.884581499343570e+00   -5.000000000000000e-01   3.942378851378530e+01   9.084708691207960e-01
490 -6.746987654291640e+00   -1.462758281171110e+00   3.831325925987590e+01   9.084708691207960e-01
491 -6.505587269607390e+00   -1.463016683537490e+00   3.838266733824520e+01   9.084708691207960e-01
492 -6.022786500238880e+00   -1.463404287087060e+00   3.852148349498390e+01   9.084708691207960e-01
493 -5.539985730870370e+00   -1.463662689453450e+00   3.866029965172260e+01   9.084708691207960e-01
494 -5.057184961501860e+00   -1.463791890636640e+00   3.879911580846130e+01   9.084708691207960e-01
495 -4.574384192133350e+00   -1.463791890636640e+00   3.893793196520000e+01   9.084708691207960e-01
496 -4.091583422764840e+00   -1.463662689453450e+00   3.907674812193860e+01   9.084708691207960e-01
497 -3.608782653396330e+00   -1.463404287087060e+00   3.921556427867730e+01   9.084708691207960e-01
498 -3.125981884027820e+00   -1.463016683537490e+00   3.935438043541600e+01   9.084708691207960e-01
499 -2.884581499343570e+00   -1.462758281171110e+00   3.942378851378530e+01   9.084708691207960e-01
500 -6.746987654291640e+00   -3.000000000000000e+00   3.831325925987590e+01   9.084708691207960e-01
501 -6.505587269607390e+00   -3.004717467831690e+00   3.838266733824520e+01   9.084708691207960e-01
502 -6.022786500238880e+00   -3.011793669579230e+00   3.852148349498390e+01   9.084708691207960e-01
503 -5.539985730870370e+00   -3.016511137410930e+00   3.866029965172260e+01   9.084708691207960e-01
504 -5.057184961501860e+00   -3.018869871326770e+00   3.879911580846130e+01   9.084708691207960e-01
505 -4.574384192133350e+00   -3.018869871326770e+00   3.893793196520000e+01   9.084708691207960e-01
506 -4.091583422764840e+00   -3.016511137410930e+00   3.907674812193860e+01   9.084708691207960e-01
507 -3.608782653396330e+00   -3.011793669579230e+00   3.921556427867730e+01   9.084708691207960e-01
508 -3.125981884027820e+00   -3.004717467831690e+00   3.935438043541600e+01   9.084708691207960e-01
509 -2.884581499343570e+00   -3.000000000000000e+00   3.942378851378530e+01   9.084708691207960e-01
510 -6.746987654291640e+00   -5.480594158634870e+00   3.831325925987590e+01   9.084708691207960e-01
511 -6.505587269607390e+00   -5.548915187198550e+00   3.838266733824520e+01   9.084708691207960e-01
512 -6.022786500238880e+00   -5.651396730044070e+00   3.852148349498390e+01   9.084708691207960e-01
513 -5.539985730870370e+00   -5.719717758607750e+00   3.866029965172260e+01   9.084708691207960e-01
514 -5.057184961501860e+00   -5.753878272889590e+00   3.879911580846130e+01   9.084708691207960e-01
515 -4.574384192133350e+00   -5.753878272889590e+00   3.893793196520000e+01   9.084708691207960e-01
516 -4.091583422764840e+00   -5.719717758607750e+00   3.907674812193860e+01   9.084708691207960e-01
517 -3.608782653396330e+00   -5.651396730044070e+00   3.921556427867730e+01   9.084708691207960e-01
518 -3.125981884027820e+00   -5.548915187198550e+00   3.935438043541600e+01   9.084708691207960e-01
519 -2.884581499343570e+00   -5.480594158634870e+00   3.942378851378530e+01   9.084708691207960e-01
520 -6.746987654291640e+00   -5.506419916523610e+00   3.831325925987590e+01   9.084708691207960e-01
521 -6.505587269607390e+00   -5.631447961394680e+00   3.838266733824520e+01   9.084708691207960e-01
522 -6.022786500238880e+00   -5.818990028701280e+00   3.852148349498390e+01   9.084708691207960e-01
523 -5.539985730870370e+00   -5.944018073572350e+00   3.866029965172260e+01   9.084708691207960e-01
524 -5.057184961501860e+00   -6.006532096007890e+00   3.879911580846130e+01   9.084708691207960e-01
525 -4.574384192133350e+00   -6.006532096007890e+00   3.893793196520000e+01   9.084708691207960e-01
526 -4.091583422764840e+00   -5.944018073572350e+00   3.907674812193860e+01   9.084708691207960e-01
527 -3.608782653396330e+00   -5.818990028701280e+00   3.921556427867730e+01   9.084708691207960e-01
528 -3.125981884027820e+00   -5.631447961394680e+00   3.935438043541600e+01   9.084708691207960e-01
529 -2.884581499343570e+00   -5.506419916523610e+00   3.942378851378530e+01   9.084708691207960e-01
530 -1.447179996418780e+01   -5.498602814151360e+00   3.609220075205700e+01   9.084708691207960e-01
531 -1.326479804076650e+01   -5.686096710661260e+00   3.643924114390370e+01   9.084708691207960e-01
532 -1.085079419392390e+01   -5.967337555426100e+00   3.713332192759710e+01   9.084708691207960e-01
533 -8.436790347081400e+00   -6.154831451935990e+00   3.782740271129050e+01   9.084708691207960e-01
534 -6.022786500238880e+00   -6.248578400190940e+00   3.852148349498390e+01   9.084708691207960e-01
535 -3.608782653396330e+00   -6.248578400190940e+00   3.921556427867730e+01   9.084708691207960e-01
536 -1.194778806553780e+00   -6.154831451935990e+00   3.990964506237070e+01   9.084708691207960e-01
537 1.219225040288730e+00   -5.967337555426100e+00   4.060372584606410e+01   9.084708691207960e-01
538 3.633228887131280e+00   -5.686096710661260e+00   4.129780662975750e+01   9.084708691207960e-01
539 4.840230810552550e+00   -5.498602814151360e+00   4.164484702160420e+01   9.084708691207960e-01
540 -1.447179996418780e+01   -5.500083098485040e+00   3.609220075205700e+01   9.084708691207960e-01
541 -1.326479804076650e+01   -5.750083461493860e+00   3.643924114390370e+01   9.084708691207960e-01
542 -1.085079419392390e+01   -6.125084006007080e+00   3.713332192759710e+01   9.084708691207960e-01
543 -8.436790347081400e+00   -6.375084369015900e+00   3.782740271129050e+01   9.084708691207960e-01
544 -6.022786500238880e+00   -6.500084550520310e+00   3.852148349498390e+01   9.084708691207960e-01
545 -3.608782653396330e+00   -6.500084550520310e+00   3.921556427867730e+01   9.084708691207960e-01
546 -1.194778806553780e+00   -6.375084369015900e+00   3.990964506237070e+01   9.084708691207960e-01
547 1.219225040288730e+00   -6.125084006007080e+00   4.060372584606410e+01   9.084708691207960e-01
548 3.633228887131280e+00   -5.750083461493860e+00   4.129780662975750e+01   9.084708691207960e-01
549 4.840230810552550e+00   -5.500083098485040e+00   4.164484702160420e+01   9.084708691207960e-01
550 -1.447179996418780e+01   -7.999983380302990e+00   3.609220075205700e+01   9.084708691207960e-01
551 -1.326479804076650e+01   -7.999983307701230e+00   3.643924114390370e+01   9.084708691207960e-01
552 -1.085079419392390e+01   -7.999983198798580e+00   3.713332192759710e+01   9.084708691207960e-01
553 -8.436790347081400e+00   -7.999983126196820e+00   3.782740271129050e+01   9.084708691207960e-01
554 -6.022786500238880e+00   -7.999983089895940e+00   3.852148349498390e+01   9.084708691207960e-01
555 -3.608782653396330e+00   -7.999983089895940e+00   3.921556427867730e+01   9.084708691207960e-01
556 -1.194778806553780e+00   -7.999983126196820e+00   3.990964506237070e+01   9.084708691207960e-01
557 1.219225040288730e+00   -7.999983198798580e+00   4.060372584606410e+01   9.084708691207960e-01
558 3.633228887131280e+00   -7.999983307701230e+00   4.129780662975750e+01   9.084708691207960e-01
559 4.840230810552550e+00   -7.999983380302990e+00   4.164484702160420e+01   9.084708691207960e-01
560 -1.447179996418780e+01   -8.500000000000000e+00   3.609220075205700e+01   9.084708691207960e-01
561 -1.326479804076650e+01   -8.500000000000000e+00   3.643924114390370e+01   9.084708691207960e-01
562 -1.085079419392390e+01   -8.500000000000000e+00   3.713332192759710e+01   9.084708691207960e-01
563 -8.436790347081400e+00   -8.500000000000000e+00   3.782740271129050e+01   9.084708691207960e-01
564 -6.022786500238880e+00   -8.500000000000000e+00   3.852148349498390e+01   9.084708691207960e-01
565 -3.608782653396330e+00   -8.500000000000000e+00   3.921556427867730e+01   9.084708691207960e-01
566 -1.194778806553780e+00   -8.500000000000000e+00   3.990964506237070e+01   9.084708691207960e-01
567 1.219225040288730e+00   -8.500000000000000e+00   4.060372584606410e+01   9.084708691207960e-01
568 3.633228887131280e+00   -8.500000000000000e+00   4.129780662975750e+01   9.084708691207960e-01
569 4.840230810552550e+00   -8.500000000000000e+00   4.164484702160420e+01   9.084708691207960e-01
570 -2.397874767575850e+01   9.500000000000000e+00   6.010626162120740e+01   8.718592167691150e-01
571 -2.286315871110230e+01   9.500000000000000e+00   6.068420644448820e+01   8.718592167691150e-01
572 -2.063198078179000e+01   9.500000000000000e+00   6.184009609104990e+01   8.718592167691150e-01
573 -1.840080285247770e+01   9.500000000000000e+00   6.299598573761160e+01   8.718592167691150e-01
574 -1.616962492316530e+01   9.500000000000000e+00   6.415187538417330e+01   8.718592167691150e-01
575 -1.393844699385300e+01   9.500000000000000e+00   6.530776503073500e+01   8.718592167691150e-01
576 -1.170726906454060e+01   9.500000000000000e+00   6.646365467729660e+01   8.718592167691150e-01
577 -9.476091135228300e+00   9.500000000000000e+00   6.761954432385830e+01   8.718592167691150e-01
578 -7.244913205915990e+00   9.500000000000000e+00   6.877543397042000e+01   8.718592167691150e-01
579 -6.129324241259780e+00   9.500000000000000e+00   6.935337879370080e+01   8.718592167691150e-01
580 -2.397874767575850e+01   9.000013156511010e+00   6.010626162120740e+01   8.718592167691150e-01
581 -2.286315871110230e+01   9.000013669776280e+00   6.068420644448820e+01   8.718592167691150e-01
582 -2.063198078179000e+01   9.000014439674170e+00   6.184009609104990e+01   8.718592167691150e-01
583 -1.840080285247770e+01   9.000014952939430e+00   6.299598573761160e+01   8.718592167691150e-01
584 -1.616962492316530e+01   9.000015209572060e+00   6.415187538417330e+01   8.718592167691150e-01
585 -1.393844699385300e+01   9.000015209572060e+00   6.530776503073500e+01   8.718592167691150e-01
586 -1.170726906454060e+01   9.000014952939430e+00   6.646365467729660e+01   8.718592167691150e-01
587 -9.476091135228300e+00   9.000014439674170e+00   6.761954432385830e+01   8.718592167691150e-01
588 -7.244913205915990e+00   9.000013669776280e+00   6.877543397042000e+01   8.718592167691150e-01
589 -6.129324241259780e+00   9.000013156511010e+00   6.935337879370080e+01   8.718592167691150e-01
590 -2.397874767575850e+01   6.499934217444940e+00   6.010626162120740e+01   8.718592167691150e-01
591 -2.286315871110230e+01   6.749931651118630e+00   6.068420644448820e+01   8.718592167691150e-01
592 -2.063198078179000e+01   7.124927801629180e+00   6.184009609104990e+01   8.718592167691150e-01
593 -1.840080285247770e+01   7.374925235302870e+00   6.299598573761160e+01   8.718592167691150e-01
594 -1.616962492316530e+01   7.499923952139720e+00   6.415187538417330e+01   8.718592167691150e-01
595 -1.393844699385300e+01   7.499923952139720e+00   6.530776503073500e+01   8.718592167691150e-01
596 -1.170726906454060e+01   7.374925235302870e+00   6.646365467729660e+01   8.718592167691150e-01
597 -9.476091135228300e+00   7.124927801629180e+00   6.761954432385830e+01   8.718592167691150e-01
598 -7.244913205915990e+00   6.749931651118630e+00   6.877543397042000e+01   8.718592167691150e-01
599 -6.129324241259780e+00   6.499934217444940e+00   6.935337879370080e+01   8.718592167691150e-01
600 -2.397874767575850e+01   6.500902896138130e+00   6.010626162120740e+01   8.718592167691150e-01
601 -2.286315871110230e+01   6.688438120159270e+00   6.068420644448820e+01   8.718592167691150e-01
602 -2.063198078179000e+01   6.969740956190970e+00   6.184009609104990e+01   8.718592167691150e-01
603 -1.840080285247770e+01   7.157276180212100e+00   6.299598573761160e+01   8.718592167691150e-01
604 -1.616962492316530e+01   7.251043792222670e+00   6.415187538417330e+01   8.718592167691150e-01
605 -1.393844699385300e+01   7.251043792222670e+00   6.530776503073500e+01   8.718592167691150e-01
606 -1.170726906454060e+01   7.157276180212100e+00   6.646365467729660e+01   8.718592167691150e-01
607 -9.476091135228300e+00   6.969740956190970e+00   6.761954432385830e+01   8.718592167691150e-01
608 -7.244913205915990e+00   6.688438120159270e+00   6.877543397042000e+01   8.718592167691150e-01
609 -6.129324241259780e+00   6.500902896138130e+00   6.935337879370080e+01   8.718592167691150e-01
610 -1.683897830195900e+01   6.495540487333080e+00   6.380510849020480e+01   8.718592167691150e-01
611 -1.661586050902780e+01   6.620366511654380e+00   6.392069745486090e+01   8.718592167691150e-01
612 -1.616962492316530e+01   6.807605548136320e+00   6.415187538417330e+01   8.718592167691150e-01
613 -1.572338933730280e+01   6.932431572457620e+00   6.438305331348560e+01   8.718592167691150e-01
614 -1.527715375144040e+01   6.994844584618270e+00   6.461423124279790e+01   8.718592167691150e-01
615 -1.483091816557790e+01   6.994844584618270e+00   6.484540917211030e+01   8.718592167691150e-01
616 -1.438468257971540e+01   6.932431572457620e+00   6.507658710142260e+01   8.718592167691150e-01
617 -1.393844699385300e+01   6.807605548136320e+00   6.530776503073500e+01   8.718592167691150e-01
618 -1.349221140799050e+01   6.620366511654380e+00   6.553894296004730e+01   8.718592167691150e-01
619 -1.326909361505930e+01   6.495540487333080e+00   6.565453192470340e+01   8.718592167691150e-01
620 -1.683897830195900e+01   6.512436002902520e+00   6.380510849020480e+01   8.718592167691150e-01
621 -1.661586050902780e+01   6.577994689834280e+00   6.392069745486090e+01   8.718592167691150e-01
622 -1.616962492316530e+01   6.676332720231930e+00   6.415187538417330e+01   8.718592167691150e-01
623 -1.572338933730280e+01   6.741891407163690e+00   6.438305331348560e+01   8.718592167691150e-01
624 -1.527715375144040e+01   6.774670750629570e+00   6.461423124279790e+01   8.718592167691150e-01
625 -1.483091816557790e+01   6.774670750629570e+00   6.484540917211030e+01   8.718592167691150e-01
626 -1.438468257971540e+01   6.741891407163690e+00   6.507658710142260e+01   8.718592167691150e-01
627 -1.393844699385300e+01   6.676332720231930e+00   6.530776503073500e+01   8.718592167691150e-01
628 -1.349221140799050e+01   6.577994689834280e+00   6.553894296004730e+01   8.718592167691150e-01
629 -1.326909361505930e+01   6.512436002902520e+00   6.565453192470340e+01   8.718592167691150e-01
630 -1.683897830195900e+01   4.500000000000000e+00   6.380510849020480e+01   8.718592167691150e-01
631 -1.661586050902780e+01   4.513097675829510e+00   6.392069745486090e+01   8.718592167691150e-01
632 -1.616962492316530e+01   4.532744189573760e+00   6.415187538417330e+01   8.718592167691150e-01
633 -1.572338933730280e+01   4.545841865403270e+00   6.438305331348560e+01   8.718592167691150e-01
634 -1.527715375144040e+01   4.552390703318020e+00   6.461423124279790e+01   8.718592167691150e-01
635 -1.483091816557790e+01   4.552390703318020e+00   6.484540917211030e+01   8.718592167691150e-01
636 -1.438468257971540e+01   4.545841865403270e+00   6.507658710142260e+01   8.718592167691150e-01
637 -1.393844699385300e+01   4.532744189573760e+00   6.530776503073500e+01   8.718592167691150e-01
638 -1.349221140799050e+01   4.513097675829510e+00   6.553894296004730e+01   8.718592167691150e-01
639 -1.326909361505930e+01   4.500000000000000e+00   6.565453192470340e+01   8.718592167691150e-01
640 -1.683897830195900e+01   3.112391252081030e+00   6.380510849020480e+01   8.718592167691150e-01
641 -1.661586050902780e+01   3.115682064775340e+00   6.392069745486090e+01   8.718592167691150e-01
642 -1.616962492316530e+01   3.120618283816810e+00   6.415187538417330e+01   8.718592167691150e-01
643 -1.572338933730280e+01   3.123909096511120e+00   6.438305331348560e+01   8.718592167691150e-01
644 -1.527715375144040e+01   3.125554502858280e+00   6.461423124279790e+01   8.718592167691150e-01
645 -1.483091816557790e+01   3.125554502858280e+00   6.484540917211030e+01   8.718592167691150e-01
646 -1.438468257971540e+01   3.123909096511120e+00   6.507658710142260e+01   8.718592167691150e-01
647 -1.393844699385300e+01   3.120618283816810e+00   6.530776503073500e+01   8.718592167691150e-01
648 -1.349221140799050e+01   3.115682064775340e+00   6.553894296004730e+01   8.718592167691150e-01
649 -1.326909361505930e+01   3.112391252081030e+00   6.565453192470340e+01   8.718592167691150e-01
650 -1.683897830195900e+01   2.000000000000000e+00   6.380510849020480e+01   8.718592167691150e-01
651 -1.661586050902780e+01   2.000620879802150e+00   6.392069745486090e+01   8.718592167691150e-01
652 -1.616962492316530e+01   2.001552199505370e+00   6.415187538417330e+01   8.718592167691150e-01
653 -1.572338933730280e+01   2.002173079307520e+00   6.438305331348560e+01   8.718592167691150e-01
654 -1.527715375144040e+01   2.002483519208600e+00   6.461423124279790e+01   8.718592167691150e-01
655 -1.483091816557790e+01   2.002483519208600e+00   6.484540917211030e+01   8.718592167691150e-01
656 -1.438468257971540e+01   2.002173079307520e+00   6.507658710142260e+01   8.718592167691150e-01
657 -1.393844699385300e+01   2.001552199505370e+00   6.530776503073500e+01   8.718592167691150e-01
658 -1.349221140799050e+01   2.000620879802150e+00   6.553894296004730e+01   8.718592167691150e-01
659 -1.326909361505930e+01   2.000000000000000e+00   6.565453192470340e+01   8.718592167691150e-01
660 -1.683897830195900e+01   9.710000989679370e-01   6.380510849020480e+01   8.718592167691150e-01
661 -1.661586050902780e+01   9.710000989679370e-01   6.392069745486090e+01   8.718592167691150e-01
662 -1.616962492316530e+01   9.710000989679370e-01   6.415187538417330e+01   8.718592167691150e-01
663 -1.572338933730280e+01   9.710000989679370e-01   6.438305331348560e+01   8.718592167691150e-01
664 -1.527715375144040e+01   9.710000989679370e-01   6.461423124279790e+01   8.718592167691150e-01
665 -1.483091816557790e+01   9.710000989679370e-01   6.484540917211030e+01   8.718592167691150e-01
666 -1.438468257971540e+01   9.710000989679370e-01   6.507658710142260e+01   8.718592167691150e-01
667 -1.393844699385300e+01   9.710000989679370e-01   6.530776503073500e+01   8.718592167691150e-01
668 -1.349221140799050e+01   9.710000989679370e-01   6.553894296004730e+01   8.718592167691150e-01
669 -1.326909361505930e+01   9.710000989679370e-01   6.565453192470340e+01   8.718592167691150e-01
670 -1.683897830195900e+01   -5.000000000000000e-01   6.380510849020480e+01   8.718592167691150e-01
671 -1.661586050902780e+01   -5.000000000000000e-01   6.392069745486090e+01   8.718592167691150e-01
672 -1.616962492316530e+01   -5.000000000000000e-01   6.415187538417330e+01   8.718592167691150e-01
673 -1.572338933730280e+01   -5.000000000000000e-01   6.438305331348560e+01   8.718592167691150e-01
674 -1.527715375144040e+01   -5.000000000000000e-01   6.461423124279790e+01   8.718592167691150e-01
675 -1.483091816557790e+01   -5.000000000000000e-01   6.484540917211030e+01   8.718592167691150e-01
676 -1.438468257971540e+01   -5.000000000000000e-01   6.507658710142260e+01   8.718592167691150e-01
677 -1.393844699385300e+01   -5.000000000000000e-01   6.530776503073500e+01   8.718592167691150e-01
678 -1.349221140799050e+01   -5.000000000000000e-01   6.553894296004730e+01   8.718592167691150e-01
679 -1.326909361505930e+01   -5.000000000000000e-01   6.565453192470340e+01   8.718592167691150e-01
680 -1.683897830195900e+01   -1.462758281171110e+00   6.380510849020480e+01   8.718592167691150e-01
681 -1.661586050902780e+01   -1.463016683537490e+00   6.392069745486090e+01   8.718592167691150e-01
682 -1.616962492316530e+01   -1.463404287087060e+00   6.415187538417330e+01   8.718592167691150e-01
683 -1.572338933730280e+01   -1.463662689453450e+00   6.438305331348560e+01   8.718592167691150e-01
684 -1.527715375144040e+01   -1.463791890636640e+00   6.461423124279790e+01   8.718592167691150e-01
685 -1.483091816557790e+01   -1.463791890636640e+00   6.484540917211030e+01   8.718592167691150e-01
686 -1.438468257971540e+01   -1.463662689453450e+00   6.507658710142260e+01   8.718592167691150e-01
687 -1.393844699385300e+01   -1.463404287087060e+00   6.530776503073500e+01   8.718592167691150e-01
688 -1.349221140799050e+01   -1.463016683537490e+00   6.553894296004730e+01   8.718592167691150e-01
689 -1.326909361505930e+01   -1.462758281171110e+00   6.565453192470340e+01   8.718592167691150e-01
690 -1.683897830195900e+01   -3.000000000000000e+00   6.380510849020480e+01   8.718592167691150e-01
691 -1.661586050902780e+01   -3.004717467831690e+00   6.392069745486090e+01   8.718592167691150e-01
692 -1.616962492316530e+01   -3.011793669579230e+00   6.415187538417330e+01   8.718592167691150e-01
693 -1.572338933730280e+01   -3.016511137410930e+00   6.438305331348560e+01   8.718592167691150e-01
694 -1.527715375144040e+01   -3.018869871326770e+00   6.461423124279790e+01   8.718592167691150e-01
695 -1.483091816557790e+01   -3.018869871326770e+00   6.484540917211030e+01   8.718592167691150e-01
696 -1.438468257971540e+01   -3.016511137410930e+00   6.507658710142260e+01   8.718592167691150e-01
697 -1.393844699385300e+01   -3.011793669579230e+00   6.530776503073500e+01   8.718592167691150e-01
698 -1.349221140799050e+01   -3.004717467831690e+00   6.553894296004730e+01   8.718592167691150e-01
699 -1.326909361505930e+01   -3.000000000000000e+00   6.565453192470340e+01   8.718592167691150e-01
700 -1.683897830195900e+01   -5.480594158634870e+00   6.380510849020480e+01   8.718592167691150e-01
701 -1.661586050902780e+01   -5.548915187198550e+00   6.392069745486090e+01   8.718592167691150e-01
702 -1.616962492316530e+01   -5.651396730044070e+00   6.415187538417330e+01   8.718592167691150e-01
703 -1.572338933730280e+01   -5.719717758607750e+00   6.438305331348560e+01   8.718592167691150e-01
704 -1.527715375144040e+01   -5.753878272889590e+00   6.461423124279790e+01   8.718592167691150e-01
705 -1.483091816557790e+01   -5.753878272889590e+00   6.484540917211030e+01   8.718592167691150e-01
706 -1.438468257971540e+01   -5.719717758607750e+00   6.507658710142260e+01   8.718592167691150e-01
707 -1.393844699385300e+01   -5.651396730044070e+00   6.530776503073500e+01   8.718592167691150e-01
708 -1.349221140799050e+01   -5.548915187198550e+00   6.553894296004730e+01   8.718592167691150e-01
709 -1.326909361505930e+01   -5.480594158634870e+00   6.565453192470340e+01   8.718592167691150e-01
710 -1.683897830195900e+01   -5.506419916523610e+00   6.380510849020480e+01   8.718592167691150e-01
711 -1.661586050902780e+01   -5.631447961394680e+00   6.392069745486090e+01   8.718592167691150e-01
712 -1.616962492316530e+01   -5.818990028701280e+00   6.415187538417330e+01   8.718592167691150e-01
713 -1.572338933730280e+01   -5.944018073572350e+00   6.438305331348560e+01   8.718592167691150e-01
714 -1.527715375144040e+01   -6.006532096007890e+00   6.461423124279790e+01   8.718592167691150e-01
715 -1.483091816557790e+01   -6.006532096007890e+00   6.484540917211030e+01   8.718592167691150e-01
716 -1.438468257971540e+01   -5.944018073572350e+00   6.507658710142260e+01   8.718592167691150e-01
717 -1.393844699385300e+01   -5.818990028701280e+00   6.530776503073500e+01   8.718592167691150e-01
718 -1.349221140799050e+01   -5.631447961394680e+00   6.553894296004730e+01   8.718592167691150e-01
719 -1.326909361505930e+01   -5.506419916523610e+00   6.565453192470340e+01   8.718592167691150e-01
720 -2.397874767575850e+01   -5.498602814151360e+00   6.010626162120740e+01   8.718592167691150e-01
721 -2.286315871110230e+01   -5.686096710661260e+00   6.068420644448820e+01   8.718592167691150e-01
722 -2.063198078179000e+01   -5.967337555426100e+00   6.184009609104990e+01   8.718592167691150e-01
723 -1.840080285247770e+01   -6.154831451935990e+00   6.299598573761160e+01   8.718592167691150e-01
724 -1.616962492316530e+01   -6.248578400190940e+00   6.415187538417330e+01   8.718592167691150e-01
725 -1.393844699385300e+01   -6.248578400190940e+00   6.530776503073500e+01   8.718592167691150e-01
726 -1.170726906454060e+01   -6.154831451935990e+00   6.646365467729660e+01   8.718592167691150e-01
727 -9.476091135228300e+00   -5.967337555426100e+00   6.761954432385830e+01   8.718592167691150e-01
728 -7.244913205915990e+00   -5.686096710661260e+00   6.877543397042000e+01   8.718592167691150e-01
729 -6.129324241259780e+00   -5.498602814151360e+00   6.935337879370080e+01   8.718592167691150e-01
730 -2.397874767575850e+01   -5.500083098485040e+00   6.010626162120740e+01   8.718592167691150e-01
731 -2.286315871110230e+01   -5.750083461493860e+00   6.068420644448820e+01   8.718592167691150e-01
732 -2.063198078179000e+01   -6.125084006007080e+00   6.184009609104990e+01   8.718592167691150e-01
733 -1.840080285247770e+01   -6.375084369015900e+00   6.299598573761160e+01   8.718592167691150e-01
734 -1.616962492316530e+01   -6.500084550520310e+00   6.415187538417330e+01   8.718592167691150e-01
735 -1.393844699385300e+01   -6.500084550520310e+00   6.530776503073500e+01   8.718592167691150e-01
736 -1.170726906454060e+01   -6.375084369015900e+00   6.646365467729660e+01   8.718592167691150e-01
737 -9.476091135228300e+00   -6.125084006007080e+00   6.761954432385830e+01   8.718592167691150e-01
738 -7.244913205915990e+00   -5.750083461493860e+00   6.877543397042000e+01   8.718592167691150e-01
739 -6.129324241259780e+00   -5.500083098485040e+00   6.935337879370080e+01   8.718592167691150e-01
740 -2.397874767575850e+01   -7.999983380302990e+00   6.010626162120740e+01   8.718592167691150e-01
741 -2.286315871110230e+01   -7.999983307701230e+00   6.068420644448820e+01   8.718592167691150e-01
742 -2.063198078179000e+01   -7.999983198798580e+00   6.184009609104990e+01   8.718592167691150e-01
743 -1.840080285247770e+01   -7.999983126196820e+00   6.299598573761160e+01   8.718592167691150e-01
744 -1.616962492316530e+01   -7.999983089895940e+00   6.415187538417330e+01   8.718592167691150e-01
745 -1.393844699385300e+01   -7.999983089895940e+00   6.530776503073500e+01   8.718592167691150e-01
746 -1.170726906454060e+01   -7.999983126196820e+00   6.646365467729660e+01   8.718592167691150e-01
747 -9.476091135228300e+00   -7.999983198798580e+00   6.761954432385830e+01   8.718592167691150e-01
748 -7.244913205915990e+00   -7.999983307701230e+00   6.877543397042000e+01   8.718592167691150e-01
749 -6.129324241259780e+00   -7.999983380302990e+00   6.935337879370080e+01   8.718592167691150e-01
750 -2.397874767575850e+01   -8.500000000000000e+00   6.010626162120740e+01   8.718592167691150e-01
751 -2.286315871110230e+01   -8.500000000000000e+00   6.068420644448820e+01   8.718592167691150e-01
752 -2.063198078179000e+01   -8.500000000000000e+00   6.184009609104990e+01   8.718592167691150e-01
753 -1.840080285247770e+01   -8.500000000000000e+00   6.299598573761160e+01   8.718592167691150e-01
754 -1.616962492316530e+01   -8.500000000000000e+00   6.415187538417330e+01   8.718592167691150e-01
755 -1.393844699385300e+01   -8.500000000000000e+00   6.530776503073500e+01   8.718592167691150e-01
756 -1.170726906454060e+01   -8.500000000000000e+00   6.646365467729660e+01   8.718592167691150e-01
757 -9.476091135228300e+00   -8.500000000000000e+00   6.761954432385830e+01   8.718592167691150e-01
758 -7.244913205915990e+00   -8.500000000000000e+00   6.877543397042000e+01   8.718592167691150e-01
759 -6.129324241259780e+00   -8.500000000000000e+00   6.935337879370080e+01   8.718592167691150e-01
760 -3.855708883431140e+01   9.500000000000000e+00   8.240485194281430e+01   8.535533905932740e-01
761 -3.758167622694910e+01   9.500000000000000e+00   8.319720628841830e+01   8.535533905932740e-01
762 -3.563085101222430e+01   9.500000000000000e+00   8.478191497962620e+01   8.535533905932740e-01
763 -3.368002579749950e+01   9.500000000000000e+00   8.636662367083420e+01   8.535533905932740e-01
764 -3.172920058277470e+01   9.500000000000000e+00   8.795133236204220e+01   8.535533905932740e-01
765 -2.977837536805000e+01   9.500000000000000e+00   8.953604105325010e+01   8.535533905932740e-01
766 -2.782755015332520e+01   9.500000000000000e+00   9.112074974445810e+01   8.535533905932740e-01
767 -2.587672493860040e+01   9.500000000000000e+00   9.270545843566610e+01   8.535533905932740e-01
768 -2.392589972387560e+01   9.500000000000000e+00   9.429016712687400e+01   8.535533905932740e-01
769 -2.295048711651320e+01   9.500000000000000e+00   9.508252147247800e+01   8.535533905932740e-01
770 -3.855708883431140e+01   9.000013156511010e+00   8.240485194281430e+01   8.535533905932740e-01
771 -3.758167622694910e+01   9.000013669776280e+00   8.319720628841830e+01   8.535533905932740e-01
772 -3.563085101222430e+01   9.000014439674170e+00   8.478191497962620e+01   8.535533905932740e-01
773 -3.368002579749950e+01   9.000014952939430e+00   8.636662367083420e+01   8.535533905932740e-01
774 -3.172920058277470e+01   9.000015209572060e+00   8.795133236204220e+01   8.535533905932740e-01
775 -2.977837536805000e+01   9.000015209572060e+00   8.953604105325010e+01   8.535533905932740e-01
776 -2.782755015332520e+01   9.000014952939430e+00   9.112074974445810e+01   8.535533905932740e-01
777 -2.587672493860040e+01   9.000014439674170e+00   9.270545843566610e+01   8.535533905932740e-01
778 -2.392589972387560e+01   9.000013669776280e+00   9.429016712687400e+01   8.535533905932740e-01
779 -2.295048711651320e+01   9.000013156511010e+00   9.508252147247800e+01   8.535533905932740e-01
780 -3.855708883431140e+01   6.499934217444940e+00   8.240485194281430e+01   8.535533905932740e-01
781 -3.758167622694910e+01   6.749931651118630e+00   8.319720628841830e+01   8.535533905932740e-01
782 -3.563085101222430e+01   7.124927801629180e+00   8.478191497962620e+01   8.535533905932740e-01
783 -3.368002579749950e+01   7.374925235302870e+00   8.636662367083420e+01   8.535533905932740e-01
784 -3.172920058277470e+01   7.499923952139720e+00   8.795133236204220e+01   8.535533905932740e-01
785 -2.977837536805000e+01   7.499923952139720e+00   8.953604105325010e+01   8.535533905932740e-01
786 -2.782755015332520e+01   7.374925235302870e+00   9.112074974445810e+01   8.535533905932740e-01
787 -2.587672493860040e+01   7.124927801629180e+00   9.270545843566610e+01   8.535533905932740e-01
788 -2.392589972387560e+01   6.749931651118630e+00   9.429016712687400e+01   8.535533905932740e-01
789 -2.295048711651320e+01   6.499934217444940e+00   9.508252147247800e+01   8.535533905932740e-01
790 -3.855708883431140e+01   6.500902896138130e+00   8.240485194281430e+01   8.535533905932740e-01
791 -3.758167622694910e+01   6.688438120159270e+00   8.319720628841830e+01   8.535533905932740e-01
792 -3.563085101222430e+01   6.969740956190970e+00   8.478191497962620e+01   8.535533905932740e-01
793 -3.368002579749950e+01   7.157276180212100e+00   8.636662367083420e+01   8.535533905932740e-01
794 -3.172920058277470e+01   7.251043792222670e+00   8.795133236204220e+01   8.535533905932740e-01
795 -2.977837536805000e+01   7.251043792222670e+00   8.953604105325010e+01   8.535533905932740e-01
796 -2.782755015332520e+01   7.157276180212100e+00   9.112074974445810e+01   8.535533905932740e-01
797 -2.587672493860040e+01   6.969740956190970e+00   9.270545843566610e+01   8.535533905932740e-01
798 -2.392589972387560e+01   6.688438120159270e+00   9.429016712687400e+01   8.535533905932740e-01
799 -2.295048711651320e+01   6.500902896138130e+00   9.508252147247800e+01   8.535533905932740e-01
800 -3.231444814719220e+01   6.495540487333080e+00   8.747591975467980e+01   8.535533905932740e-01
801 -3.211936562571970e+01   6.620366511654380e+00   8.763439062380060e+01   8.535533905932740e-01
802 -3.172920058277470e+01   6.807605548136320e+00   8.795133236204220e+01   8.535533905932740e-01
803 -3.133903553982980e+01   6.932431572457620e+00   8.826827410028380e+01   8.535533905932740e-01
804 -3.094887049688480e+01   6.994844584618270e+00   8.858521583852540e+01   8.535533905932740e-01
805 -3.055870545393990e+01   6.994844584618270e+00   8.890215757676700e+01   8.535533905932740e-01
806 -3.016854041099490e+01   6.932431572457620e+00   8.921909931500850e+01   8.535533905932740e-01
807 -2.977837536805000e+01   6.807605548136320e+00   8.953604105325010e+01   8.535533905932740e-01
808 -2.938821032510500e+01   6.620366511654380e+00   8.985298279149170e+01   8.535533905932740e-01
809 -2.919312780363250e+01   6.495540487333080e+00   9.001145366061250e+01   8.535533905932740e-01
810 -3.231444814719220e+01   6.512436002902520e+00   8.747591975467980e+01   8.535533905932740e-01
811 -3.211936562571970e+01   6.577994689834280e+00   8.763439062380060e+01   8.535533905932740e-01
812 -3.172920058277470e+01   6.676332720231930e+00   8.795133236204220e+01   8.535533905932740e-01
813 -3.133903553982980e+01   6.741891407163690e+00   8.826827410028380e+01   8.535533905932740e-01
814 -3.094887049688480e+01   6.774670750629570e+00   8.858521583852540e+01   8.535533905932740e-01
815 -3.055870545393990e+01   6.774670750629570e+00   8.890215757676700e+01   8.535533905932740e-01
816 -3.016854041099490e+01   6.741891407163690e+00   8.921909931500850e+01   8.535533905932740e-01
817 -2.977837536805000e+01   6.676332720231930e+00   8.953604105325010e+01   8.535533905932740e-01
818 -2.938821032510500e+01   6.577994689834280e+00   8.985298279149170e+01   8.535533905932740e-01
819 -2.919312780363250e+01   6.512436002902520e+00   9.001145366061250e+01   8.535533905932740e-01
820 -3.231444814719220e+01   4.500000000000000e+00   8.747591975467980e+01   8.535533905932740e-01
821 -3.211936562571970e+01   4.513097675829510e+00   8.763439062380060e+01   8.535533905932740e-01
822 -3.172920058277470e+01   4.532744189573760e+00   8.795133236204220e+01   8.535533905932740e-01
823 -3.133903553982980e+01   4.545841865403270e+00   8.826827410028380e+01   8.535533905932740e-01
824 -3.094887049688480e+01   4.552390703318020e+00   8.858521583852540e+01   8.535533905932740e-01
825 -3.055870545393990e+01   4.552390703318020e+00   8.890215757676700e+01   8.535533905932740e-01
826 -3.016854041099490e+01   4.545841865403270e+00   8.921909931500850e+01   8.535533905932740e-01
827 -2.977837536805000e+01   4.532744189573760e+00   8.953604105325010e+01   8.535533905932740e-01
828 -2.938821032510500e+01   4.513097675829510e+00   8.985298279149170e+01   8.535533905932740e-01
829 -2.919312780363250e+01   4.500000000000000e+00   9.001145366061250e+01   8.535533905932740e-01
830 -3.231444814719220e+01   3.112391252081030e+00   8.747591975467980e+01   8.535533905932740e-01
831 -3.211936562571970e+01   3.115682064775340e+00   8.763439062380060e+01   8.535533905932740e-01
832 -3.172920058277470e+01   3.120618283816810e+00   8.795133236204220e+01   8.535533905932740e-01
833 -3.133903553982980e+01   3.123909096511120e+00   8.826827410028380e+01   8.535533905932740e-01
834 -3.094887049688480e+01   3.125554502858280e+00   8.858521583852540e+01   8.535533905932740e-01
835 -3.055870545393990e+01   3.125554502858280e+00   8.890215757676700e+01   8.535533905932740e-01
836 -3.016854041099490e+01   3.123909096511120e+00   8.921909931500850e+01   8.535533905932740e-01
837 -2.977837536805000e+01   3.120618283816810e+00   8.953604105325010e+01   8.535533905932740e-01
838 -2.938821032510500e+01   3.115682064775340e+00   8.985298279149170e+01   8.535533905932740e-01
839 -2.919312780363250e+01   3.112391252081030e+00   9.001145366061250e+01   8.535533905932740e-01
840 -3.231444814719220e+01   2.000000000000000e+00   8.747591975467980e+01   8.535533905932740e-01
841 -3.211936562571970e+01   2.000620879802150e+00   8.763439062380060e+01   8.535533905932740e-01
842 -3.172920058277470e+01   2.001552199505370e+00   8.795133236204220e+01   8.535533905932740e-01
843 -3.133903553982980e+01   2.002173079307520e+00   8.826827410028380e+01   8.535533905932740e-01
844 -3.094887049688480e+01   2.002483519208600e+00   8.858521583852540e+01   8.535533905932740e-01
845 -3.055870545393990e+01   2.002483519208600e+00   8.890215757676700e+01   8.535533905932740e-01
846 -3.016854041099490e+01   2.002173079307520e+00   8.921909931500850e+01   8.535533905932740e-01
847 -2.977837536805000e+01   2.001552199505370e+00   8.953604105325010e+01   8.535533905932740e-01
848 -2.938821032510500e+01   2.000620879802150e+00   8.985298279149170e+01   8.535533905932740e-01
849 -2.919312780363250e+01   2.000000000000000e+00   9.001145366061250e+01   8.535533905932740e-01
850 -3.231444814719220e+01   9.710000989679370e-01   8.747591975467980e+01   8.535533905932740e-01
851 -3.211936562571970e+01   9.710000989679370e-01   8.763439062380060e+01   8.535533905932740e-01
852 -3.172920058277470e+01   9.710000989679370e-01   8.795133236204220e+01   8.535533905932740e-01
853 -3.133903553982980e+01   9.710000989679370e-01   8.826827410028380e+01   8.535533905932740e-01
854 -3.094887049688480e+01   9.710000989679370e-01   8.858521583852540e+01   8.535533905932740e-01
855 -3.055870545393990e+01   9.710000989679370e-01   8.890215757676700e+01   8.535533905932740e-01
856 -3.016854041099490e+01   9.710000989679370e-01   8.921909931500850e+01   8.535533905932740e-01
857 -2.977837536805000e+01   9.710000989679370e-01   8.953604105325010e+01   8.535533905932740e-01
858 -2.938821032510500e+01   9.710000989679370e-01   8.985298279149170e+01   8.535533905932740e-01
859 -2.919312780363250e+01   9.710000989679370e-01   9.001145366061250e+01   8.535533905932740e-01
860 -3.231444814719220e+01   -5.000000000000000e-01   8.747591975467980e+01   8.535533905932740e-01
861 -3.211936562571970e+01   -5.000000000000000e-01   8.763439062380060e+01   8.535533905932740e-01
862 -3.172920058277470e+01   -5.000000000000000e-01   8.795133236204220e+01   8.535533905932740e-01
863 -3.133903553982980e+01   -5.000000000000000e-01   8.826827410028380e+01   8.535533905932740e-01
864 -3.094887049688480e+01   -5.000000000000000e-01   8.858521583852540e+01   8.535533905932740e-01
865 -3.055870545393990e+01   -5.000000000000000e-01   8.890215757676700e+01   8.535533905932740e-01
866 -3.016854041099490e+01   -5.000000000000000e-01   8.921909931500850e+01   8.535533905932740e-01
867 -2.977837536805000e+01   -5.000000000000000e-01   8.953604105325010e+01   8.535533905932740e-01
868 -2.938821032510500e+01   -5.000000000000000e-01   8.985298279149170e+01   8.535533905932740e-01
869 -2.919312780363250e+01   -5.000000000000000e-01   9.001145366061250e+01   8.535533905932740e-01
870 -3.231444814719220e+01   -1.462758281171110e+00   8.747591975467980e+01   8.535533905932740e-01
871 -3.211936562571970e+01   -1.463016683537490e+00   8.763439062380060e+01   8.535533905932740e-01
872 -3.172920058277470e+01   -1.463404287087060e+00   8.795133236204220e+01   8.535533905932740e-01
873 -3.133903553982980e+01   -1.463662689453450e+00   8.826827410028380e+01   8.535533905932740e-01
874 -3.094887049688480e+01   -1.463791890636640e+00   8.858521583852540e+01   8.535533905932740e-01
875 -3.055870545393990e+01   -1.463791890636640e+00   8.890215757676700e+01   8.535533905932740e-01
876 -3.016854041099490e+01   -1.463662689453450e+00   8.921909931500850e+01   8.535533905932740e-01
877 -2.977837536805000e+01   -1.463404287087060e+00   8.953604105325010e+01   8.535533905932740e-01
878 -2.938821032510500e+01   -1.463016683537490e+00   8.985298279149170e+01   8.535533905932740e-01
879 -2.919312780363250e+01   -1.462758281171110e+00   9.001145366061250e+01   8.535533905932740e-01
880 -3.231444814719220e+01   -3.000000000000000e+00   8.747591975467980e+01   8.535533905932740e-01
881 -3.211936562571970e+01   -3.004717467831690e+00   8.763439062380060e+01   8.535533905932740e-01
882 -3.172920058277470e+01   -3.011793669579230e+00   8.795133236204220e+01   8.535533905932740e-01
883 -3.133903553982980e+01   -3.016511137410930e+00   8.826827410028380e+01   8.535533905932740e-01
884 -3.094887049688480e+01   -3.018869871326770e+00   8.858521583852540e+01   8.535533905932740e-01
885 -3.055870545393990e+01   -3.018869871326770e+00   8.890215757676700e+01   8.535533905932740e-01
886 -3.016854041099490e+01   -3.016511137410930e+00   8.921909931500850e+01   8.535533905932740e-01
887 -2.977837536805000e+01   -3.011793669579230e+00   8.953604105325010e+01   8.535533905932740e-01
888 -2.938821032510500e+01   -3.004717467831690e+00   8.985298279149170e+01   8.535533905932740e-01
889 -2.919312780363250e+01   -3.000000000000000e+00   9.001145366061250e+01   8.535533905932740e-01
890 -3.231444814719220e+01   -5.480594158634870e+00   8.747591975467980e+01   8.535533905932740e-01
891 -3.211936562571970e+01   -5.548915187198550e+00   8.763439062380060e+01   8.535533905932740e-01
892 -3.172920058277470e+01   -5.651396730044070e+00   8.795133236204220e+01   8.535533905932740e-01
893 -3.133903553982980e+01   -5.719717758607750e+00   8.826827410028380e+01   8.535533905932740e-01
894 -3.094887049688480e+01   -5.753878272889590e+00   8.858521583852540e+01   8.535533905932740e-01
895 -3.055870545393990e+01   -5.753878272889590e+00   8.890215757676700e+01   8.535533905932740e-01
896 -3.016854041099490e+01   -5.719717758607750e+00   8.921909931500850e+01   8.535533905932740e-01
897 -2.977837536805000e+01   -5.651396730044070e+00   8.953604105325010e+01   8.535533905932740e-01
898 -2.938821032510500e+01   -5.548915187198550e+00   8.985298279149170e+01   8.535533905932740e-01
899 -2.919312780363250e+01   -5.480594158634870e+00   9.001145366061250e+01   8.535533905932740e-01
900 -3.231444814719220e+01   -5.506419916523610e+00   8.747591975467980e+01   8.535533905932740e-01
901 -3.211936562571970e+01   -5.631447961394680e+00   8.763439062380060e+01   8.535533905932740e-01
902 -3.172920058277470e+01   -5.818990028701280e+00   8.795133236204220e+01   8.535533905932740e-01
903 -3.133903553982980e+01   -5.944018073572350e+00   8.826827410028380e+01   8.535533905932740e-01
904 -3.094887049688480e+01   -6.006532096007890e+00   8.858521583852540e+01   8.535533905932740e-01
905 -3.055870545393990e+01   -6.006532096007890e+00   8.890215757676700e+01   8.535533905932740e-01
906 -3.016854041099490e+01   -5.944018073572350e+00   8.921909931500850e+01   8.535533905932740e-01
907 -2.977837536805000e+01   -5.818990028701280e+00   8.953604105325010e+01   8.535533905932740e-01
908 -2.938821032510500e+01   -5.631447961394680e+00   8.985298279149170e+01   8.535533905932740e-01
909 -2.919312780363250e+01   -5.506419916523610e+00   9.001145366061250e+01   8.535533905932740e-01
910 -3.855708883431140e+01   -5.498602814151360e+00   8.240485194281430e+01   8.535533905932740e-01
911 -3.758167622694910e+01   -5.686096710661260e+00   8.319720628841830e+01   8.535533905932740e-01
912 -3.563085101222430e+01   -5.967337555426100e+00   8.478191497962620e+01   8.535533905932740e-01
913 -3.368002579749950e+01   -6.154831451935990e+00   8.636662367083420e+01   8.535533905932740e-01
914 -3.172920058277470e+01   -6.248578400190940e+00   8.795133236204220e+01   8.535533905932740e-01
915 -2.977837536805000e+01   -6.248578400190940e+00   8.953604105325010e+01   8.535533905932740e-01
916 -2.782755015332520e+01   -6.154831451935990e+00   9.112074974445810e+01   8.535533905932740e-01
917 -2.587672493860040e+01   -5.967337555426100e+00   9.270545843566610e+01   8.535533905932740e-01
918 -2.392589972387560e+01   -5.686096710661260e+00   9.429016712687400e+01   8.535533905932740e-01
919 -2.295048711651320e+01   -5.498602814151360e+00   9.508252147247800e+01   8.535533905932740e-01
920 -3.855708883431140e+01   -5.500083098485040e+00   8.240485194281430e+01   8.535533905932740e-01
921 -3.758167622694910e+01   -5.750083461493860e+00   8.319720628841830e+01   8.535533905932740e-01
922 -3.563085101222430e+01   -6.125084006007080e+00   8.478191497962620e+01   8.535533905932740e-01
923 -3.368002579749950e+01   -6.375084369015900e+00   8.636662367083420e+01   8.535533905932740e-01
924 -3.172920058277470e+01   -6.500084550520310e+00   8.795133236204220e+01   8.535533905932740e-01
925 -2.977837536805000e+01   -6.500084550520310e+00   8.953604105325010e+01   8.535533905932740e-01
926 -2.782755015332520e+01   -6.375084369015900e+00   9.112074974445810e+01   8.535533905932740e-01
927 -2.587672493860040e+01   -6.125084006007080e+00   9.270545843566610e+01   8.535533905932740e-01
928 -2.392589972387560e+01   -5.750083461493860e+00   9.429016712687400e+01   8.535533905932740e-01
929 -2.295048711651320e+01   -5.500083098485040e+00   9.508252147247800e+01   8.535533905932740e-01
930 -3.855708883431140e+01   -7.999983380302990e+00   8.240485194281430e+01   8.535533905932740e-01
931 -3.758167622694910e+01   -7.999983307701230e+00   8.319720628841830e+01   8.535533905932740e-01
932 -3.563085101222430e+01   -7.999983198798580e+00   8.478191497962620e+01   8.535533905932740e-01
933 -3.368002579749950e+01   -7.999983126196820e+00   8.636662367083420e+01   8.535533905932740e-01
934 -3.172920058277470e+01   -7.999983089895940e+00   8.795133236204220e+01   8.535533905932740e-01
935 -2.977837536805000e+01   -7.999983089895940e+00   8.953604105325010e+01   8.535533905932740e-01
936 -2.782755015332520e+01   -7.999983126196820e+00   9.112074974445810e+01   8.535533905932740e-01
937 -2.587672493860040e+01   -7.999983198798580e+00   9.270545843566610e+01   8.535533905932740e-01
938 -2.392589972387560e+01   -7.999983307701230e+00   9.429016712687400e+01   8.535533905932740e-01
939 -2.295048711651320e+01   -7.999983380302990e+00   9.508252147247800e+01   8.535533905932740e-01
940 -3.855708883431140e+01   -8.500000000000000e+00   8.240485194281430e+01   8.535533905932740e-01
941 -3.758167622694910e+01   -8.500000000000000e+00   8.319720628841830e+01   8.535533905932740e-01
942 -3.563085101222430e+01   -8.500000000000000e+00   8.478191497962620e+01   8.535533905932740e-01
943 -3.368002579749950e+01   -8.500000000000000e+00   8.636662367083420e+01   8.535533905932740e-01
944 -3.172920058277470e+01   -8.500000000000000e+00   8.795133236204220e+01   8.535533905932740e-01
945 -2.977837536805000e+01   -8.500000000000000e+00   8.953604105325010e+01   8.535533905932740e-01
946 -2.782755015332520e+01   -8.500000000000000e+00   9.112074974445810e+01   8.535533905932740e-01
947 -2.587672493860040e+01   -8.500000000000000e+00   9.270545843566610e+01   8.535533905932740e-01
948 -2.392589972387560e+01   -8.500000000000000e+00   9.429016712687400e+01   8.535533905932740e-01
949 -2.295048711651320e+01   -8.500000000000000e+00   9.508252147247800e+01   8.535533905932740e-01
950 -5.759514805718570e+01   9.500000000000000e+00   1.014429111656890e+02   8.535533905932740e-01
951 -5.680279371158170e+01   9.500000000000000e+00   1.024183237730510e+02   8.535533905932740e-01
952 -5.521808502037380e+01   9.500000000000000e+00   1.043691489877760e+02   8.535533905932740e-01
953 -5.363337632916580e+01   9.500000000000000e+00   1.063199742025000e+02   8.535533905932740e-01
954 -5.204866763795780e+01   9.500000000000000e+00   1.082707994172250e+02   8.535533905932740e-01
955 -5.046395894674990e+01   9.500000000000000e+00   1.102216246319500e+02   8.535533905932740e-01
956 -4.887925025554190e+01   9.500000000000000e+00   1.121724498466750e+02   8.535533905932740e-01
957 -4.729454156433400e+01   9.500000000000000e+00   1.141232750614000e+02   8.535533905932740e-01
958 -4.570983287312600e+01   9.500000000000000e+00   1.160741002761240e+02   8.535533905932740e-01
959 -4.491747852752200e+01   9.500000000000000e+00   1.170495128834870e+02   8.535533905932740e-01
960 -5.759514805718570e+01   9.000013156511010e+00   1.014429111656890e+02   8.535533905932740e-01
961 -5.680279371158170e+01   9.000013669776280e+00   1.024183237730510e+02   8.535533905932740e-01
962 -5.521808502037380e+01   9.000014439674170e+00   1.043691489877760e+02   8.535533905932740e-01
963 -5.363337632916580e+01   9.000014952939430e+00   1.063199742025000e+02   8.535533905932740e-01
964 -5.204866763795780e+01   9.000015209572060e+00   1.082707994172250e+02   8.535533905932740e-01
965 -5.046395894674990e+01   9.000015209572060e+00   1.102216246319500e+02   8.535533905932740e-01
966 -4.887925025554190e+01   9.000014952939430e+00   1.121724498466750e+02   8.535533905932740e-01
967 -4.729454156433400e+01   9.000014439674170e+00   1.141232750614000e+02   8.535533905932740e-01
968 -4.570983287312600e+01   9.000013669776280e+00   1.160741002761240e+02   8.535533905932740e-01
969 -4.491747852752200e+01   9.000013156511010e+00   1.170495128834870e+02   8.535533905932740e-01
970 -5.759514805718570e+01   6.499934217444940e+00   1.014429111656890e+02   8.535533905932740e-01
971 -5.680279371158170e+01   6.749931651118630e+00   1.024183237730510e+02   8.535533905932740e-01
972 -5.521808502037380e+01   7.124927801629180e+00   1.043691489877760e+02   8.535533905932740e-01
973 -5.363337632916580e+01   7.374925235302870e+00   1.063199742025000e+02   8.535533905932740e-01
974 -5.204866763795780e+01   7.499923952139720e+00   1.082707994172250e+02   8.535533905932740e-01
975 -5.046395894674990e+01   7.499923952139720e+00   1.102216246319500e+02   8.535533905932740e-01
976 -4.887925025554190e+01   7.374925235302870e+00   1.121724498466750e+02   8.535533905932740e-01
977 -4.729454156433400e+01   7.124927801629180e+00   1.141232750614000e+02   8.535533905932740e-01
978 -4.570983287312600e+01   6.749931651118630e+00   1.160741002761240e+02   8.535533905932740e-01
979 -4.491747852752200e+01   6.499934217444940e+00   1.170495128834870e+02   8.535533905932740e-01
980 -5.759514805718570e+01   6.500902896138130e+00   1.014429111656890e+02   8.535533905932740e-01
981 -5.680279371158170e+01   6.688438120159270e+00   1.024183237730510e+02   8.535533905932740e-01
982 -5.521808502037380e+01   6.969740956190970e+00   1.043691489877760e+02   8.535533905932740e-01
983 -5.363337632916580e+01   7.157276180212100e+00   1.063199742025000e+02   8.535533905932740e-01
984 -5.204866763795780e+01   7.251043792222670e+00   1.082707994172250e+02   8.535533905932740e-01
985 -5.046395894674990e+01   7.251043792222670e+00   1.102216246319500e+02   8.535533905932740e-01
986 -4.887925025554190e+01   7.157276180212100e+00   1.121724498466750e+02   8.535533905932740e-01
987 -4.729454156433400e+01   6.969740956190970e+00   1.141232750614000e+02   8.535533905932740e-01
988 -4.570983287312600e+01   6.688438120159270e+00   1.160741002761240e+02   8.535533905932740e-01
989 -4.491747852752200e+01   6.500902896138130e+00   1.170495128834870e+02   8.535533905932740e-01
990 -5.252408024532020e+01   6.495540487333080e+00   1.076855518528080e+02   8.535533905932740e-01
991 -5.236560937619940e+01   6.620366511654380e+00   1.078806343742800e+02   8.535533905932740e-01
992 -5.204866763795780e+01   6.807605548136320e+00   1.082707994172250e+02   8.535533905932740e-01
993 -5.173172589971630e+01   6.932431572457620e+00   1.086609644601700e+02   8.535533905932740e-01
994 -5.141478416147470e+01   6.994844584618270e+00   1.090511295031150e+02   8.535533905932740e-01
995 -5.109784242323310e+01   6.994844584618270e+00   1.094412945460600e+02   8.535533905932740e-01
996 -5.078090068499150e+01   6.932431572457620e+00   1.098314595890050e+02   8.535533905932740e-01
997 -5.046395894674990e+01   6.807605548136320e+00   1.102216246319500e+02   8.535533905932740e-01
998 -5.014701720850830e+01   6.620366511654380e+00   1.106117896748950e+02   8.535533905932740e-01
999 -4.998854633938750e+01   6.495540487333080e+00   1.108068721963670e+02   8.535533905932740e-01
1000 -5.252408024532020e+01   6.512436002902520e+00   1.076855518528080e+02   8.535533905932740e-01
1001 -5.236560937619940e+01   6.577994689834280e+00   1.078806343742800e+02   8.535533905932740e-01
1002 -5.204866763795780e+01   6.676332720231930e+00   1.082707994172250e+02   8.535533905932740e-01
1003 -5.173172589971630e+01   6.741891407163690e+00   1.086609644601700e+02   8.535533905932740e-01
1004 -5.141478416147470e+01   6.774670750629570e+00   1.090511295031150e+02   8.535533905932740e-01
1005 -5.109784242323310e+01   6.774670750629570e+00   1.094412945460600e+02   8.535533905932740e-01
1006 -5.078090068499150e+01   6.741891407163690e+00   1.098314595890050e+02   8.535533905932740e-01
1007 -5.046395894674990e+01   6.676332720231930e+00   1.102216246319500e+02   8.535533905932740e-01
1008 -5.014701720850830e+01   6.577994689834280e+00   1.106117896748950e+02   8.535533905932740e-01
1009 -4.998854633938750e+01   6.512436002902520e+00   1.108068721963670e+02   8.535533905932740e-01
1010 -5.252408024532020e+01   4.500000000000000e+00   1.076855518528080e+02   8.535533905932740e-01
1011 -5.236560937619940e+01   4.513097675829510e+00   1.078806343742800e+02   8.535533905932740e-01
1012 -5.204866763795780e+01   4.532744189573760e+00   1.082707994172250e+02   8.535533905932740e-01
1013 -5.173172589971630e+01   4.545841865403270e+00   1.086609644601700e+02   8.535533905932740e-01
1014 -5.141478416147470e+01   4.552390703318020e+00   1.090511295031150e+02   8.535533905932740e-01
1015 -5.109784242323310e+01   4.552390703318020e+00   1.094412945460600e+02   8.535533905932740e-01
1016 -5.078090068499150e+01   4.545841865403270e+00   1.098314595890050e+02   8.535533905932740e-01
1017 -5.046395894674990e+01   4.532744189573760e+00   1.102216246319500e+02   8.535533905932740e-01
1018 -5.014701720850830e+01   4.513097675829510e+00   1.106117896748950e+02   8.535533905932740e-01
1019 -4.998854633938750e+01   4.500000000000000e+00   1.108068721963670e+02   8.535533905932740e-01
1020 -5.252408024532020e+01   3.112391252081030e+00   1.076855518528080e+02   8.535533905932740e-01
1021 -5.236560937619940e+01   3.115682064775340e+00   1.078806343742800e+02   8.535533905932740e-01
1022 -5.204866763795780e+01   3.120618283816810e+00   1.082707994172250e+02   8.535533905932740e-01
1023 -5.173172589971630e+01   3.123909096511120e+00   1.086609644601700e+02   8.535533905932740e-01
1024 -5.141478416147470e+01   3.125554502858280e+00   1.090511295031150e+02   8.535533905932740e-01
1025 -5.109784242323310e+01   3.125554502858280e+00   1.094412945460600e+02   8.535533905932740e-01
1026 -5.078090068499150e+01   3.123909096511120e+00   1.098314595890050e+02   8.535533905932740e-01
1027 -5.046395894674990e+01   3.120618283816810e+00   1.102216246319500e+02   8.535533905932740e-01
1028 -5.014701720850830e+01   3.115682064775340e+00   1.106117896748950e+02   8.535533905932740e-01
1029 -4.998854633938750e+01   3.112391252081030e+00   1.108068721963670e+02   8.535533905932740e-01
1030 -5.252408024532020e+01   2.000000000000000e+00   1.076855518528080e+02   8.535533905932740e-01
1031 -5.236560937619940e+01   2.000620879802150e+00   1.078806343742800e+02   8.535533905932740e-01
1032 -5.204866763795780e+01   2.001552199505370e+00   1.082707994172250e+02   8.535533905932740e-01
1033 -5.173172589971630e+01   2.002173079307520e+00   1.086609644601700e+02   8.535533905932740e-01
1034 -5.141478416147470e+01   2.002483519208600e+00   1.090511295031150e+02   8.535533905932740e-01
1035 -5.109784242323310e+01   2.002483519208600e+00   1.094412945460600e+02   8.535533905932740e-01
1036 -5.078090068499150e+01   2.002173079307520e+00   1.098314595890050e+02   8.535533905932740e-01
1037 -5.046395894674990e+01   2.001552199505370e+00   1.102216246319500e+02   8.535533905932740e-01
1038 -5.014701720850830e+01   2.000620879802150e+00   1.106117896748950e+02   8.535533905932740e-01
1039 -4.998854633938750e+01   2.000000000000000e+00   1.108068721963670e+02   8.535533905932740e-01
1040 -5.252408024532020e+01   9.710000989679370e-01   1.076855518528080e+02   8.535533905932740e-01
1041 -5.236560937619940e+01   9.710000989679370e-01   1.078806343742800e+02   8.535533905932740e-01
1042 -5.204866763795780e+01   9.710000989679370e-01   1.082707994172250e+02   8.535533905932740e-01
1043 -5.173172589971630e+01   9.710000989679370e-01   1.086609644601700e+02   8.535533905932740e-01
1044 -5.141478416147470e+01   9.710000989679370e-01   1.090511295031150e+02   8.535533905932740e-01
1045 -5.109784242323310e+01   9.710000989679370e-01   1.094412945460600e+02   8.535533905932740e-01
1046 -5.078090068499150e+01   9.710000989679370e-01   1.098314595890050e+02   8.535533905932740e-01
1047 -5.046395894674990e+01   9.710000989679370e-01   1.102216246319500e+02   8.535533905932740e-01
1048 -5.014701720850830e+01   9.710000989679370e-01   1.106117896748950e+02   8.535533905932740e-01
1049 -4.998854633938750e+01   9.710000989679370e-01   1.108068721963670e+02   8.535533905932740e-01
1050 -5.252408024532020e+01   -5.000000000000000e-01   1.076855518528080e+02   8.535533905932740e-01
1051 -5.236560937619940e+01   -5.000000000000000e-01   1.078806343742800e+02   8.535533905932740e-01
1052 -5.204866763795780e+01   -5.000000000000000e-01   1.082707994172250e+02   8.535533905932740e-01
1053 -5.173172589971630e+01   -5.000000000000000e-01   1.086609644601700e+02   8.535533905932740e-01
1054 -5.141478416147470e+01   -5.000000000000000e-01   1.090511295031150e+02   8.535533905932740e-01
1055 -5.109784242323310e+01   -5.000000000000000e-01   1.094412945460600e+02   8.535533905932740e-01
1056 -5.078090068499150e+01   -5.000000000000000e-01   1.098314595890050e+02   8.535533905932740e-01
1057 -5.046395894674990e+01   -5.000000000000000e-01   1.102216246319500e+02   8.535533905932740e-01
1058 -5.014701720850830e+01   -5.000000000000000e-01   1.106117896748950e+02   8.535533905932740e-01
1059 -4.998854633938750e+01   -5.000000000000000e-01   1.108068721963670e+02   8.535533905932740e-01
1060 -5.252408024532020e+01   -1.462758281171110e+00   1.076855518528080e+02   8.535533905932740e-01
1061 -5.236560937619940e+01   -1.463016683537490e+00   1.078806343742800e+02   8.535533905932740e-01
1062 -5.204866763795780e+01   -1.463404287087060e+00   1.082707994172250e+02   8.535533905932740e-01
1063 -5.173172589971630e+01   -1.463662689453450e+00   1.086609644601700e+02   8.535533905932740e-01
1064 -5.141478416147470e+01   -1.463791890636640e+00   1.090511295031150e+02   8.535533905932740e-01
1065 -5.109784242323310e+01   -1.463791890636640e+00   1.094412945460600e+02   8.535533905932740e-01
1066 -5.078090068499150e+01   -1.463662689453450e+00   1.098314595890050e+02   8.535533905932740e-01
1067 -5.046395894674990e+01   -1.463404287087060e+00   1.102216246319500e+02   8.535533905932740e-01
1068 -5.014701720850830e+01   -1.463016683537490e+00   1.106117896748950e+02   8.535533905932740e-01
1069 -4.998854633938750e+01   -1.462758281171110e+00   1.108068721963670e+02   8.535533905932740e-01
1070 -5.252408024532020e+01   -3.000000000000000e+00   1.076855518528080e+02   8.535533905932740e-01
1071 -5.236560937619940e+01   -3.004717467831690e+00   1.078806343742800e+02   8.535533905932740e-01
1072 -5.204866763795780e+01   -3.011793669579230e+00   1.082707994172250e+02   8.535533905932740e-01
1073 -5.173172589971630e+01   -3.016511137410930e+00   1.086609644601700e+02   8.535533905932740e-01
1074 -5.141478416147470e+01   -3.018869871326770e+00   1.090511295031150e+02   8.535533905932740e-01
1075 -5.109784242323310e+01   -3.018869871326770e+00   1.094412945460600e+02   8.535533905932740e-01
1076 -5.078090068499150e+01   -3.016511137410930e+00   1.098314595890050e+02   8.535533905932740e-01
1077 -5.046395894674990e+01   -3.011793669579230e+00   1.102216246319500e+02   8.535533905932740e-01
1078 -5.014701720850830e+01   -3.004717467831690e+00   1.106117896748950e+02   8.535533905932740e-01
1079 -4.998854633938750e+01   -3.000000000000000e+00   1.108068721963670e+02   8.535533905932740e-01
1080 -5.252408024532020e+01   -5.480594158634870e+00   1.076855518528080e+02   8.535533905932740e-01
1081 -5.236560937619940e+01   -5.548915187198550e+00   1.078806343742800e+02   8.535533905932740e-01
1082 -5.204866763795780e+01   -5.651396730044070e+00   1.082707994172250e+02   8.535533905932740e-01
1083 -5.173172589971630e+01   -5.719717758607750e+00   1.086609644601700e+02   8.535533905932740e-01
1084 -5.141478416147470e+01   -5.753878272889590e+00   1.090511295031150e+02   8.535533905932740e-01
1085 -5.109784242323310e+01   -5.753878272889590e+00   1.094412945460600e+02   8.535533905932740e-01
1086 -5.078090068499150e+01   -5.719717758607750e+00   1.098314595890050e+02   8.535533905932740e-01
1087 -5.046395894674990e+01   -5.651396730044070e+00   1.102216246319500e+02   8.535533905932740e-01
1088 -5.014701720850830e+01   -5.548915187198550e+00   1.106117896748950e+02   8.535533905932740e-01
1089 -4.998854633938750e+01   -5.480594158634870e+00   1.108068721963670e+02   8.535533905932740e-01
1090 -5.252408024532020e+01   -5.506419916523610e+00   1.076855518528080e+02   8.535533905932740e-01
1091 -5.236560937619940e+01   -5.631447961394680e+00   1.078806343742800e+02   8.535533905932740e-01
1092 -5.204866763795780e+01   -5.818990028701280e+00   1.082707994172250e+02   8.535533905932740e-01
1093 -5.173172589971630e+01   -5.944018073572350e+00   1.086609644601700e+02   8.535533905932740e-01
1094 -5.141478416147470e+01   -6.006532096007890e+00   1.090511295031150e+02   8.535533905932740e-01
1095 -5.109784242323310e+01   -6.006532096007890e+00   1.094412945460600e+02   8.535533905932740e-01
1096 -5.078090068499150e+01   -5.944018073572350e+00   1.098314595890050e+02   8.535533905932740e-01
1097 -5.046395894674990e+01   -5.818990028701280e+00   1.102216246319500e+02   8.535533905932740e-01
1098 -5.014701720850830e+01   -5.631447961394680e+00   1.106117896748950e+02   8.535533905932740e-01
1099 -4.998854633938750e+01   -5.506419916523610e+00   1.108068721963670e+02   8.535533905932740e-01
1100 -5.759514805718570e+01   -5.498602814151360e+00   1.014429111656890e+02   8.535533905932740e-01
1101 -5.680279371158170e+01   -5.686096710661260e+00   1.024183237730510e+02   8.535533905932740e-01
1102 -5.521808502037380e+01   -5.967337555426100e+00   1.043691489877760e+02   8.535533905932740e-01
1103 -5.363337632916580e+01   -6.154831451935990e+00   1.063199742025000e+02   8.535533905932740e-01
1104 -5.204866763795780e+01   -6.248578400190940e+00   1.082707994172250e+02   8.535533905932740e-01
1105 -5.046395894674990e+01   -6.248578400190940e+00   1.102216246319500e+02   8.535533905932740e-01
1106 -4.887925025554190e+01   -6.154831451935990e+00   1.121724498466750e+02   8.535533905932740e-01
1107 -4.729454156433400e+01   -5.967337555426100e+00   1.141232750614000e+02   8.535533905932740e-01
1108 -4.570983287312600e+01   -5.686096710661260e+00   1.160741002761240e+02   8.535533905932740e-01
1109 -4.491747852752200e+01   -5.498602814151360e+00   1.170495128834870e+02   8.535533905932740e-01
1110 -5.759514805718570e+01   -5.500083098485040e+00   1.014429111656890e+02   8.535533905932740e-01
1111 -5.680279371158170e+01   -5.750083461493860e+00   1.024183237730510e+02   8.535533905932740e-01
1112 -5.521808502037380e+01   -6.125084006007080e+00   1.043691489877760e+02   8.535533905932740e-01
1113 -5.363337632916580e+01   -6.375084369015900e+00   1.063199742025000e+02   8.535533905932740e-01
1114 -5.204866763795780e+01   -6.500084550520310e+00   1.082707994172250e+02   8.535533905932740e-01
1115 -5.046395894674990e+01   -6.500084550520310e+00   1.102216246319500e+02   8.535533905932740e-01
1116 -4.887925025554190e+01   -6.375084369015900e+00   1.121724498466750e+02   8.535533905932740e-01
1117 -4.729454156433400e+01   -6.125084006007080e+00   1.141232750614000e+02   8.535533905932740e-01
1118 -4.570983287312600e+01   -5.750083461493860e+00   1.160741002761240e+02   8.535533905932740e-01
1119 -4.491747852752200e+01   -5.500083098485040e+00   1.170495128834870e+02   8.535533905932740e-01
1120 -5.759514805718570e+01   -7.999983380302990e+00   1.014429111656890e+02   8.535533905932740e-01
1121 -5.680279371158170e+01   -7.999983307701230e+00   1.024183237730510e+02   8.535533905932740e-01
1122 -5.521808502037380e+01   -7.999983198798580e+00   1.043691489877760e+02   8.535533905932740e-01
1123 -5.363337632916580e+01   -7.999983126196820e+00   1.063199742025000e+02   8.535533905932740e-01
1124 -5.204866763795780e+01   -7.999983089895940e+00   1.082707994172250e+02   8.535533905932740e-01
1125 -5.046395894674990e+01   -7.999983089895940e+00   1.102216246319500e+02   8.535533905932740e-01
1126 -4.887925025554190e+01   -7.999983126196820e+00   1.121724498466750e+02   8.535533905932740e-01
1127 -4.729454156433400e+01   -7.999983198798580e+00   1.141232750614000e+02   8.535533905932740e-01
1128 -4.570983287312600e+01   -7.999983307701230e+00   1.160741002761240e+02   8.535533905932740e-01
1129 -4.491747852752200e+01   -7.999983380302990e+00   1.170495128834870e+02   8.535533905932740e-01
1130 -5.759514805718570e+01   -8.500000000000000e+00   1.014429111656890e+02   8.535533905932740e-01
1131 -5.680279371158170e+01   -8.500000000000000e+00   1.024183237730510e+02   8.535533905932740e-01
1132 -5.521808502037380e+01   -8.500000000000000e+00   1.043691489877760e+02   8.535533905932740e-01
1133 -5.363337632916580e+01   -8.500000000000000e+00   1.063199742025000e+02   8.535533905932740e-01
1134 -5.204866763795780e+01   -8.500000000000000e+00   1.082707994172250e+02   8.535533905932740e-01
1135 -5.046395894674990e+01   -8.500000000000000e+00   1.102216246319500e+02   8.535533905932740e-01
1136 -4.887925025554190e+01   -8.500000000000000e+00   1.121724498466750e+02   8.535533905932740e-01
1137 -4.729454156433400e+01   -8.500000000000000e+00   1.141232750614000e+02   8.535533905932740e-01
1138 -4.570983287312600e+01   -8.500000000000000e+00   1.160741002761240e+02   8.535533905932740e-01
1139 -4.491747852752200e+01   -8.500000000000000e+00   1.170495128834870e+02   8.535533905932740e-01
1140 -7.989373837879260e+01   9.500000000000000e+00   1.160212523242410e+02   8.718592167691140e-01
1141 -7.931579355551180e+01   9.500000000000000e+00   1.171368412888980e+02   8.718592167691140e-01
1142 -7.815990390895010e+01   9.500000000000000e+00   1.193680192182100e+02   8.718592167691140e-01
1143 -7.700401426238840e+01   9.500000000000000e+00   1.215991971475220e+02   8.718592167691140e-01
1144 -7.584812461582670e+01   9.500000000000000e+00   1.238303750768350e+02   8.718592167691140e-01
1145 -7.469223496926510e+01   9.500000000000000e+00   1.260615530061470e+02   8.718592167691140e-01
1146 -7.353634532270340e+01   9.500000000000000e+00   1.282927309354590e+02   8.718592167691140e-01
1147 -7.238045567614170e+01   9.500000000000000e+00   1.305239088647720e+02   8.718592167691140e-01
1148 -7.122456602958000e+01   9.500000000000000e+00   1.327550867940840e+02   8.718592167691140e-01
1149 -7.064662120629920e+01   9.500000000000000e+00   1.338706757587400e+02   8.718592167691140e-01
1150 -7.989373837879260e+01   9.000013156511010e+00   1.160212523242410e+02   8.718592167691140e-01
1151 -7.931579355551180e+01   9.000013669776280e+00   1.171368412888980e+02   8.718592167691140e-01
1152 -7.815990390895010e+01   9.000014439674170e+00   1.193680192182100e+02   8.718592167691140e-01
1153 -7.700401426238840e+01   9.000014952939430e+00   1.215991971475220e+02   8.718592167691140e-01
1154 -7.584812461582670e+01   9.000015209572060e+00   1.238303750768350e+02   8.718592167691140e-01
1155 -7.469223496926510e+01   9.000015209572060e+00   1.260615530061470e+02   8.718592167691140e-01
1156 -7.353634532270340e+01   9.000014952939430e+00   1.282927309354590e+02   8.718592167691140e-01
1157 -7.238045567614170e+01   9.000014439674170e+00   1.305239088647720e+02   8.718592167691140e-01
1158 -7.122456602958000e+01   9.000013669776280e+00   1.327550867940840e+02   8.718592167691140e-01
1159 -7.064662120629920e+01   9.000013156511010e+00   1.338706757587400e+02   8.718592167691140e-01
1160 -7.989373837879260e+01   6.499934217444940e+00   1.160212523242410e+02   8.718592167691140e-01
1161 -7.931579355551180e+01   6.749931651118630e+00   1.171368412888980e+02   8.718592167691140e-01
1162 -7.815990390895010e+01   7.124927801629180e+00   1.193680192182100e+02   8.718592167691140e-01
1163 -7.700401426238840e+01   7.374925235302870e+00   1.215991971475220e+02   8.718592167691140e-01
1164 -7.584812461582670e+01   7.499923952139720e+00   1.238303750768350e+02   8.718592167691140e-01
1165 -7.469223496926510e+01   7.499923952139720e+00   1.260615530061470e+02   8.718592167691140e-01
1166 -7.353634532270340e+01   7.374925235302870e+00   1.282927309354590e+02   8.718592167691140e-01
1167 -7.238045567614170e+01   7.124927801629180e+00   1.305239088647720e+02   8.718592167691140e-01
1168 -7.122456602958000e+01   6.749931651118630e+00   1.327550867940840e+02   8.718592167691140e-01
1169 -7.064662120629920e+01   6.499934217444940e+00   1.338706757587400e+02   8.718592167691140e-01
1170 -7.989373837879260e+01   6.500902896138130e+00   1.160212523242410e+02   8.718592167691140e-01
1171 -7.931579355551180e+01   6.688438120159270e+00   1.171368412888980e+02   8.718592167691140e-01
1172 -7.815990390895010e+01   6.969740956190970e+00   1.193680192182100e+02   8.718592167691140e-01
1173 -7.700401426238840e+01   7.157276180212100e+00   1.215991971475220e+02   8.718592167691140e-01
1174 -7.584812461582670e+01   7.251043792222670e+00   1.238303750768350e+02   8.718592167691140e-01
1175 -7.469223496926510e+01   7.251043792222670e+00   1.260615530061470e+02   8.718592167691140e-01
1176 -7.353634532270340e+01   7.157276180212100e+00   1.282927309354590e+02   8.718592167691140e-01
1177 -7.238045567614170e+01   6.969740956190970e+00   1.305239088647720e+02   8.718592167691140e-01
1178 -7.122456602958000e+01   6.688438120159270e+00   1.327550867940840e+02   8.718592167691140e-01
1179 -7.064662120629920e+01   6.500902896138130e+00   1.338706757587400e+02   8.718592167691140e-01
1180 -7.619489150979520e+01   6.495540487333080e+00   1.231610216980410e+02   8.718592167691140e-01
1181 -7.607930254513910e+01   6.620366511654380e+00   1.233841394909720e+02   8.718592167691140e-01
1182 -7.584812461582670e+01   6.807605548136320e+00   1.238303750768350e+02   8.718592167691140e-01
1183 -7.561694668651440e+01   6.932431572457620e+00   1.242766106626970e+02   8.718592167691140e-01
1184 -7.538576875720210e+01   6.994844584618270e+00   1.247228462485600e+02   8.718592167691140e-01
1185 -7.515459082788970e+01   6.994844584618270e+00   1.251690818344220e+02   8.718592167691140e-01
1186 -7.492341289857740e+01   6.932431572457620e+00   1.256153174202850e+02   8.718592167691140e-01
1187 -7.469223496926510e+01   6.807605548136320e+00   1.260615530061470e+02   8.718592167691140e-01
1188 -7.446105703995270e+01   6.620366511654380e+00   1.265077885920090e+02   8.718592167691140e-01
1189 -7.434546807529660e+01   6.495540487333080e+00   1.267309063849410e+02   8.718592167691140e-01
1190 -7.619489150979520e+01   6.512436002902520e+00   1.231610216980410e+02   8.718592167691140e-01
1191 -7.607930254513910e+01   6.577994689834280e+00   1.233841394909720e+02   8.718592167691140e-01
1192 -7.584812461582670e+01   6.676332720231930e+00   1.238303750768350e+02   8.718592167691140e-01
1193 -7.561694668651440e+01   6.741891407163690e+00   1.242766106626970e+02   8.718592167691140e-01
1194 -7.538576875720210e+01   6.774670750629570e+00   1.247228462485600e+02   8.718592167691140e-01
1195 -7.515459082788970e+01   6.774670750629570e+00   1.251690818344220e+02   8.718592167691140e-01
1196 -7.492341289857740e+01   6.741891407163690e+00   1.256153174202850e+02   8.718592167691140e-01
1197 -7.469223496926510e+01   6.676332720231930e+00   1.260615530061470e+02   8.718592167691140e-01
1198 -7.446105703995270e+01   6.577994689834280e+00   1.265077885920090e+02   8.718592167691140e-01
1199 -7.434546807529660e+01   6.512436002902520e+00   1.267309063849410e+02   8.718592167691140e-01
1200 -7.619489150979520e+01   4.500000000000000e+00   1.231610216980410e+02   8.718592167691140e-01
1201 -7.607930254513910e+01   4.513097675829510e+00   1.233841394909720e+02   8.718592167691140e-01
1202 -7.584812461582670e+01   4.532744189573760e+00   1.238303750768350e+02   8.718592167691140e-01
1203 -7.561694668651440e+01   4.545841865403270e+00   1.242766106626970e+02   8.718592167691140e-01
1204 -7.538576875720210e+01   4.552390703318020e+00   1.247228462485600e+02   8.718592167691140e-01
1205 -7.515459082788970e+01   4.552390703318020e+00   1.251690818344220e+02   8.718592167691140e-01
1206 -7.492341289857740e+01   4.545841865403270e+00   1.256153174202850e+02   8.718592167691140e-01
1207 -7.469223496926510e+01   4.532744189573760e+00   1.260615530061470e+02   8.718592167691140e-01
1208 -7.446105703995270e+01   4.513097675829510e+00   1.265077885920090e+02   8.718592167691140e-01
1209 -7.434546807529660e+01   4.500000000000000e+00   1.267309063849410e+02   8.718592167691140e-01
1210 -7.619489150979520e+01   3.112391252081030e+00   1.231610216980410e+02   8.718592167691140e-01
1211 -7.607930254513910e+01   3.115682064775340e+00   1.233841394909720e+02   8.718592167691140e-01
1212 -7.584812461582670e+01   3.120618283816810e+00   1.238303750768350e+02   8.718592167691140e-01
1213 -7.561694668651440e+01   3.123909096511120e+00   1.242766106626970e+02   8.718592167691140e-01
1214 -7.538576875720210e+01   3.125554502858280e+00   1.247228462485600e+02   8.718592167691140e-01
1215 -7.515459082788970e+01   3.125554502858280e+00   1.251690818344220e+02   8.718592167691140e-01
1216 -7.492341289857740e+01   3.123909096511120e+00   1.256153174202850e+02   8.718592167691140e-01
1217 -7.469223496926510e+01   3.120618283816810e+00   1.260615530061470e+02   8.718592167691140e-01
1218 -7.446105703995270e+01   3.115682064775340e+00   1.265077885920090e+02   8.718592167691140e-01
1219 -7.434546807529660e+01   3.112391252081030e+00   1.267309063849410e+02   8.718592167691140e-01
1220 -7.619489150979520e+01   2.000000000000000e+00   1.231610216980410e+02   8.718592167691140e-01
1221 -7.607930254513910e+01   2.000620879802150e+00   1.233841394909720e+02   8.718592167691140e-01
1222 -7.584812461582670e+01   2.001552199505370e+00   1.238303750768350e+02   8.718592167691140e-01
1223 -7.561694668651440e+01   2.002173079307520e+00   1.242766106626970e+02   8.718592167691140e-01
1224 -7.538576875720210e+01   2.002483519208600e+00   1.247228462485600e+02   8.718592167691140e-01
1225 -7.515459082788970e+01   2.002483519208600e+00   1.251690818344220e+02   8.718592167691140e-01
1226 -7.492341289857740e+01   2.002173079307520e+00   1.256153174202850e+02   8.718592167691140e-01
1227 -7.469223496926510e+01   2.001552199505370e+00   1.260615530061470e+02   8.718592167691140e-01
1228 -7.446105703995270e+01   2.000620879802150e+00   1.265077885920090e+02   8.718592167691140e-01
1229 -7.434546807529660e+01   2.000000000000000e+00   1.267309063849410e+02   8.718592167691140e-01
1230 -7.619489150979520e+01   9.710000989679370e-01   1.231610216980410e+02   8.718592167691140e-01
1231 -7.607930254513910e+01   9.710000989679370e-01   1.233841394909720e+02   8.718592167691140e-01
1232 -7.584812461582670e+01   9.710000989679370e-01   1.238303750768350e+02   8.718592167691140e-01
1233 -7.561694668651440e+01   9.710000989679370e-01   1.242766106626970e+02   8.718592167691140e-01
1234 -7.538576875720210e+01   9.710000989679370e-01   1.247228462485600e+02   8.718592167691140e-01
1235 -7.515459082788970e+01   9.710000989679370e-01   1.251690818344220e+02   8.718592167691140e-01
1236 -7.492341289857740e+01   9.710000989679370e-01   1.256153174202850e+02   8.718592167691140e-01
1237 -7.469223496926510e+01   9.710000989679370e-01   1.260615530061470e+02   8.718592167691140e-01
1238 -7.446105703995270e+01   9.710000989679370e-01   1.265077885920090e+02   8.718592167691140e-01
1239 -7.434546807529660e+01   9.710000989679370e-01   1.267309063849410e+02   8.718592167691140e-01
1240 -7.619489150979520e+01   -5.000000000000000e-01   1.231610216980410e+02   8.718592167691140e-01
1241 -7.607930254513910e+01   -5.000000000000000e-01   1.233841394909720e+02   8.718592167691140e-01
1242 -7.584812461582670e+01   -5.000000000000000e-01   1.238303750768350e+02   8.718592167691140e-01
1243 -7.561694668651440e+01   -5.000000000000000e-01   1.242766106626970e+02   8.718592167691140e-01
1244 -7.538576875720210e+01   -5.000000000000000e-01   1.247228462485600e+02   8.718592167691140e-01
1245 -7.515459082788970e+01   -5.000000000000000e-01   1.251690818344220e+02   8.718592167691140e-01
1246 -7.492341289857740e+01   -5.000000000000000e-01   1.256153174202850e+02   8.718592167691140e-01
1247 -7.469223496926510e+01   -5.000000000000000e-01   1.260615530061470e+02   8.718592167691140e-01
1248 -7.446105703995270e+01   -5.000000000000000e-01   1.265077885920090e+02   8.718592167691140e-01
1249 -7.434546807529660e+01   -5.000000000000000e-01   1.267309063849410e+02   8.718592167691140e-01
1250 -7.619489150979520e+01   -1.462758281171110e+00   1.231610216980410e+02   8.718592167691140e-01
1251 -7.607930254513910e+01   -1.463016683537490e+00   1.233841394909720e+02   8.718592167691140e-01
1252 -7.584812461582670e+01   -1.463404287087060e+00   1.238303750768350e+02   8.718592167691140e-01
1253 -7.561694668651440e+01   -1.463662689453450e+00   1.242766106626970e+02   8.718592167691140e-01
1254 -7.538576875720210e+01   -1.463791890636640e+00   1.247228462485600e+02   8.718592167691140e-01
1255 -7.515459082788970e+01   -1.463791890636640e+00   1.251690818344220e+02   8.718592167691140e-01
1256 -7.492341289857740e+01   -1.463662689453450e+00   1.256153174202850e+02   8.718592167691140e-01
1257 -7.469223496926510e+01   -1.463404287087060e+00   1.260615530061470e+02   8.718592167691140e-01
1258 -7.446105703995270e+01   -1.463016683537490e+00   1.265077885920090e+02   8.718592167691140e-01
1259 -7.434546807529660e+01   -1.462758281171110e+00   1.267309063849410e+02   8.718592167691140e-01
1260 -7.619489150979520e+01   -3.000000000000000e+00   1.231610216980410e+02   8.718592167691140e-01
1261 -7.607930254513910e+01   -3.004717467831690e+00   1.233841394909720e+02   8.718592167691140e-01
1262 -7.584812461582670e+01   -3.011793669579230e+00   1.238303750768350e+02   8.718592167691140e-01
1263 -7.561694668651440e+01   -3.016511137410930e+00   1.242766106626970e+02   8.718592167691140e-01
1264 -7.538576875720210e+01   -3.018869871326770e+00   1.247228462485600e+02   8.718592167691140e-01
1265 -7.515459082788970e+01   -3.018869871326770e+00   1.251690818344220e+02   8.718592167691140e-01
1266 -7.492341289857740e+01   -3.016511137410930e+00   1.256153174202850e+02   8.718592167691140e-01
1267 -7.469223496926510e+01   -3.011793669579230e+00   1.260615530061470e+02   8.718592167691140e-01
1268 -7.446105703995270e+01   -3.004717467831690e+00   1.265077885920090e+02   8.718592167691140e-01
1269 -7.434546807529660e+01   -3.000000000000000e+00   1.267309063849410e+02   8.718592167691140e-01
1270 -7.619489150979520e+01   -5.480594158634870e+00   1.231610216980410e+02   8.718592167691140e-01
1271 -7.607930254513910e+01   -5.548915187198550e+00   1.233841394909720e+02   8.718592167691140e-01
1272 -7.584812461582670e+01   -5.651396730044070e+00   1.238303750768350e+02   8.718592167691140e-01
1273 -7.561694668651440e+01   -5.719717758607750e+00   1.242766106626970e+02   8.718592167691140e-01
1274 -7.538576875720210e+01   -5.753878272889590e+00   1.247228462485600e+02   8.718592167691140e-01
1275 -7.515459082788970e+01   -5.753878272889590e+00   1.251690818344220e+02   8.718592167691140e-01
1276 -7.492341289857740e+01   -5.719717758607750e+00   1.256153174202850e+02   8.718592167691140e-01
1277 -7.469223496926510e+01   -5.651396730044070e+00   1.260615530061470e+02   8.718592167691140e-01
1278 -7.446105703995270e+01   -5.548915187198550e+00   1.265077885920090e+02   8.718592167691140e-01
1279 -7.434546807529660e+01   -5.480594158634870e+00   1.267309063849410e+02   8.718592167691140e-01
1280 -7.619489150979520e+01   -5.506419916523610e+00   1.231610216980410e+02   8.718592167691140e-01
1281 -7.607930254513910e+01   -5.631447961394680e+00   1.233841394909720e+02   8.718592167691140e-01
1282 -7.584812461582670e+01   -5.818990028701280e+00   1.238303750768350e+02   8.718592167691140e-01
1283 -7.561694668651440e+01   -5.944018073572350e+00   1.242766106626970e+02   8.718592167691140e-01
1284 -7.538576875720210e+01   -6.006532096007890e+00   1.247228462485600e+02   8.718592167691140e-01
1285 -7.515459082788970e+01   -6.006532096007890e+00   1.251690818344220e+02   8.718592167691140e-01
1286 -7.492341289857740e+01   -5.944018073572350e+00   1.256153174202850e+02   8.718592167691140e-01
1287 -7.469223496926510e+01   -5.818990028701280e+00   1.260615530061470e+02   8.718592167691140e-01
1288 -7.446105703995270e+01   -5.631447961394680e+00   1.265077885920090e+02   8.718592167691140e-01
1289 -7.434546807529660e+01   -5.506419916523610e+00   1.267309063849410e+02   8.718592167691140e-01
1290 -7.989373837879260e+01   -5.498602814151360e+00   1.160212523242410e+02   8.718592167691140e-01
1291 -7.931579355551180e+01   -5.686096710661260e+00   1.171368412888980e+02   8.718592167691140e-01
1292 -7.815990390895010e+01   -5.967337555426100e+00   1.193680192182100e+02   8.718592167691140e-01
1293 -7.700401426238840e+01   -6.154831451935990e+00   1.215991971475220e+02   8.718592167691140e-01
1294 -7.584812461582670e+01   -6.248578400190940e+00   1.238303750768350e+02   8.718592167691140e-01
1295 -7.469223496926510e+01   -6.248578400190940e+00   1.260615530061470e+02   8.718592167691140e-01
1296 -7.353634532270340e+01   -6.154831451935990e+00   1.282927309354590e+02   8.718592167691140e-01
1297 -7.238045567614170e+01   -5.967337555426100e+00   1.305239088647720e+02   8.718592167691140e-01
1298 -7.122456602958000e+01   -5.686096710661260e+00   1.327550867940840e+02   8.718592167691140e-01
1299 -7.064662120629920e+01   -5.498602814151360e+00   1.338706757587400e+02   8.718592167691140e-01
1300 -7.989373837879260e+01   -5.500083098485040e+00   1.160212523242410e+02   8.718592167691140e-01
1301 -7.931579355551180e+01   -5.750083461493860e+00   1.171368412888980e+02   8.718592167691140e-01
1302 -7.815990390895010e+01   -6.125084006007080e+00   1.193680192182100e+02   8.718592167691140e-01
1303 -7.700401426238840e+01   -6.375084369015900e+00   1.215991971475220e+02   8.718592167691140e-01
1304 -7.584812461582670e+01   -6.500084550520310e+00   1.238303750768350e+02   8.718592167691140e-01
1305 -7.469223496926510e+01   -6.500084550520310e+00   1.260615530061470e+02   8.718592167691140e-01
1306 -7.353634532270340e+01   -6.375084369015900e+00   1.282927309354590e+02   8.718592167691140e-01
1307 -7.238045567614170e+01   -6.125084006007080e+00   1.305239088647720e+02   8.718592167691140e-01
1308 -7.122456602958000e+01   -5.750083461493860e+00   1.327550867940840e+02   8.718592167691140e-01
1309 -7.064662120629920e+01   -5.500083098485040e+00   1.338706757587400e+02   8.718592167691140e-01
1310 -7.989373837879260e+01   -7.999983380302990e+00   1.160212523242410e+02   8.718592167691140e-01
1311 -7.931579355551180e+01   -7.999983307701230e+00   1.171368412888980e+02   8.718592167691140e-01
1312 -7.815990390895010e+01   -7.999983198798580e+00   1.193680192182100e+02   8.718592167691140e-01
1313 -7.700401426238840e+01   -7.999983126196820e+00   1.215991971475220e+02   8.718592167691140e-01
1314 -7.584812461582670e+01   -7.999983089895940e+00   1.238303750768350e+02   8.718592167691140e-01
1315 -7.469223496926510e+01   -7.999983089895940e+00   1.260615530061470e+02   8.718592167691140e-01
1316 -7.353634532270340e+01   -7.999983126196820e+00   1.282927309354590e+02   8.718592167691140e-01
1317 -7.238045567614170e+01   -7.999983198798580e+00   1.305239088647720e+02   8.718592167691140e-01
1318 -7.122456602958000e+01   -7.999983307701230e+00   1.327550867940840e+02   8.718592167691140e-01
1319 -7.064662120629920e+01   -7.999983380302990e+00   1.338706757587400e+02   8.718592167691140e-01
1320 -7.989373837879260e+01   -8.500000000000000e+00   1.160212523242410e+02   8.718592167691140e-01
1321 -7.931579355551180e+01   -8.500000000000000e+00   1.171368412888980e+02   8.718592167691140e-01
1322 -7.815990390895010e+01   -8.500000000000000e+00   1.193680192182100e+02   8.718592167691140e-01
1323 -7.700401426238840e+01   -8.500000000000000e+00   1.215991971475220e+02   8.718592167691140e-01
1324 -7.584812461582670e+01   -8.500000000000000e+00   1.238303750768350e+02   8.718592167691140e-01
1325 -7.469223496926510e+01   -8.500000000000000e+00   1.260615530061470e+02   8.718592167691140e-01
1326 -7.353634532270340e+01   -8.500000000000000e+00   1.282927309354590e+02   8.718592167691140e-01
1327 -7.238045567614170e+01   -8.500000000000000e+00   1.305239088647720e+02   8.718592167691140e-01
1328 -7.122456602958000e+01   -8.500000000000000e+00   1.327550867940840e+02   8.718592167691140e-01
1329 -7.064662120629920e+01   -8.500000000000000e+00   1.338706757587400e+02   8.718592167691140e-01
1330 -1.039077992479430e+02   9.500000000000000e+00   1.255282000358120e+02   9.084708691207960e-01
1331 -1.035607588560960e+02   9.500000000000000e+00   1.267352019592330e+02   9.084708691207960e-01
1332 -1.028666780724030e+02   9.500000000000000e+00   1.291492058060760e+02   9.084708691207960e-01
1333 -1.021725972887090e+02   9.500000000000000e+00   1.315632096529190e+02   9.084708691207960e-01
1334 -1.014785165050160e+02   9.500000000000000e+00   1.339772134997610e+02   9.084708691207960e-01
1335 -1.007844357213230e+02   9.500000000000000e+00   1.363912173466040e+02   9.084708691207960e-01
1336 -1.000903549376290e+02   9.500000000000000e+00   1.388052211934460e+02   9.084708691207960e-01
1337 -9.939627415393590e+01   9.500000000000000e+00   1.412192250402890e+02   9.084708691207960e-01
1338 -9.870219337024250e+01   9.500000000000000e+00   1.436332288871310e+02   9.084708691207960e-01
1339 -9.835515297839580e+01   9.500000000000000e+00   1.448402308105530e+02   9.084708691207960e-01
1340 -1.039077992479430e+02   9.000013156511010e+00   1.255282000358120e+02   9.084708691207960e-01
1341 -1.035607588560960e+02   9.000013669776280e+00   1.267352019592330e+02   9.084708691207960e-01
1342 -1.028666780724030e+02   9.000014439674170e+00   1.291492058060760e+02   9.084708691207960e-01
1343 -1.021725972887090e+02   9.000014952939430e+00   1.315632096529190e+02   9.084708691207960e-01
1344 -1.014785165050160e+02   9.000015209572060e+00   1.339772134997610e+02   9.084708691207960e-01
1345 -1.007844357213230e+02   9.000015209572060e+00   1.363912173466040e+02   9.084708691207960e-01
1346 -1.000903549376290e+02   9.000014952939430e+00   1.388052211934460e+02   9.084708691207960e-01
1347 -9.939627415393590e+01   9.000014439674170e+00   1.412192250402890e+02   9.084708691207960e-01
1348 -9.870219337024250e+01   9.000013669776280e+00   1.436332288871310e+02   9.084708691207960e-01
1349 -9.835515297839580e+01   9.000013156511010e+00   1.448402308105530e+02   9.084708691207960e-01
1350 -1.039077992479430e+02   6.499934217444940e+00   1.255282000358120e+02   9.084708691207960e-01
1351 -1.035607588560960e+02   6.749931651118630e+00   1.267352019592330e+02   9.084708691207960e-01
1352 -1.028666780724030e+02   7.124927801629180e+00   1.291492058060760e+02   9.084708691207960e-01
1353 -1.021725972887090e+02   7.374925235302870e+00   1.315632096529190e+02   9.084708691207960e-01
1354 -1.014785165050160e+02   7.499923952139720e+00   1.339772134997610e+02   9.084708691207960e-01
1355 -1.007844357213230e+02   7.499923952139720e+00   1.363912173466040e+02   9.084708691207960e-01
1356 -1.000903549376290e+02   7.374925235302870e+00   1.388052211934460e+02   9.084708691207960e-01
1357 -9.939627415393590e+01   7.124927801629180e+00   1.412192250402890e+02   9.084708691207960e-01
1358 -9.870219337024250e+01   6.749931651118630e+00   1.436332288871310e+02   9.084708691207960e-01
1359 -9.835515297839580e+01   6.499934217444940e+00   1.448402308105530e+02   9.084708691207960e-01
1360 -1.039077992479430e+02   6.500902896138130e+00   1.255282000358120e+02   9.084708691207960e-01
1361 -1.035607588560960e+02   6.688438120159270e+00   1.267352019592330e+02   9.084708691207960e-01
1362 -1.028666780724030e+02   6.969740956190970e+00   1.291492058060760e+02   9.084708691207960e-01
1363 -1.021725972887090e+02   7.157276180212100e+00   1.315632096529190e+02   9.084708691207960e-01
1364 -1.014785165050160e+02   7.251043792222670e+00   1.339772134997610e+02   9.084708691207960e-01
1365 -1.007844357213230e+02   7.251043792222670e+00   1.363912173466040e+02   9.084708691207960e-01
1366 -1.000903549376290e+02   7.157276180212100e+00   1.388052211934460e+02   9.084708691207960e-01
1367 -9.939627415393590e+01   6.969740956190970e+00   1.412192250402890e+02   9.084708691207960e-01
1368 -9.870219337024250e+01   6.688438120159270e+00   1.436332288871310e+02   9.084708691207960e-01
1369 -9.835515297839580e+01   6.500902896138130e+00   1.448402308105530e+02   9.084708691207960e-01
1370 -1.016867407401240e+02   6.495540487333080e+00   1.332530123457080e+02   9.084708691207960e-01
1371 -1.016173326617550e+02   6.620366511654380e+00   1.334944127303930e+02   9.084708691207960e-01
1372 -1.014785165050160e+02   6.807605548136320e+00   1.339772134997610e+02   9.084708691207960e-01
1373 -1.013397003482770e+02   6.932431572457620e+00   1.344600142691300e+02   9.084708691207960e-01
1374 -1.012008841915390e+02   6.994844584618270e+00   1.349428150384980e+02   9.084708691207960e-01
1375 -1.010620680348000e+02   6.994844584618270e+00   1.354256158078670e+02   9.084708691207960e-01
1376 -1.009232518780610e+02   6.932431572457620e+00   1.359084165772350e+02   9.084708691207960e-01
1377 -1.007844357213230e+02   6.807605548136320e+00   1.363912173466040e+02   9.084708691207960e-01
1378 -1.006456195645840e+02   6.620366511654380e+00   1.368740181159720e+02   9.084708691207960e-01
1379 -1.005762114862150e+02   6.495540487333080e+00   1.371154185006560e+02   9.084708691207960e-01
1380 -1.016867407401240e+02   6.512436002902520e+00   1.332530123457080e+02   9.084708691207960e-01
1381 -1.016173326617550e+02   6.577994689834280e+00   1.334944127303930e+02   9.084708691207960e-01
1382 -1.014785165050160e+02   6.676332720231930e+00   1.339772134997610e+02   9.084708691207960e-01
1383 -1.013397003482770e+02   6.741891407163690e+00   1.344600142691300e+02   9.084708691207960e-01
1384 -1.012008841915390e+02   6.774670750629570e+00   1.349428150384980e+02   9.084708691207960e-01
1385 -1.010620680348000e+02   6.774670750629570e+00   1.354256158078670e+02   9.084708691207960e-01
1386 -1.009232518780610e+02   6.741891407163690e+00   1.359084165772350e+02   9.084708691207960e-01
1387 -1.007844357213230e+02   6.676332720231930e+00   1.363912173466040e+02   9.084708691207960e-01
1388 -1.006456195645840e+02   6.577994689834280e+00   1.368740181159720e+02   9.084708691207960e-01
1389 -1.005762114862150e+02   6.512436002902520e+00   1.371154185006560e+02   9.084708691207960e-01
1390 -1.016867407401240e+02   4.500000000000000e+00   1.332530123457080e+02   9.084708691207960e-01
1391 -1.016173326617550e+02   4.513097675829510e+00   1.334944127303930e+02   9.084708691207960e-01
1392 -1.014785165050160e+02   4.532744189573760e+00   1.339772134997610e+02   9.084708691207960e-01
1393 -1.013397003482770e+02   4.545841865403270e+00   1.344600142691300e+02   9.084708691207960e-01
1394 -1.012008841915390e+02   4.552390703318020e+00   1.349428150384980e+02   9.084708691207960e-01
1395 -1.010620680348000e+02   4.552390703318020e+00   1.354256158078670e+02   9.084708691207960e-01
1396 -1.009232518780610e+02   4.545841865403270e+00   1.359084165772350e+02   9.084708691207960e-01
1397 -1.007844357213230e+02   4.532744189573760e+00   1.363912173466040e+02   9.084708691207960e-01
1398 -1.006456195645840e+02   4.513097675829510e+00   1.368740181159720e+02   9.084708691207960e-01
1399 -1.005762114862150e+02   4.500000000000000e+00   1.371154185006560e+02   9.084708691207960e-01
1400 -1.016867407401240e+02   3.112391252081030e+00   1.332530123457080e+02   9.084708691207960e-01
1401 -1.016173326617550e+02   3.115682064775340e+00   1.334944127303930e+02   9.084708691207960e-01
1402 -1.014785165050160e+02   3.120618283816810e+00   1.339772134997610e+02   9.084708691207960e-01
1403 -1.013397003482770e+02   3.123909096511120e+00   1.344600142691300e+02   9.084708691207960e-01
1404 -1.012008841915390e+02   3.125554502858280e+00   1.349428150384980e+02   9.084708691207960e-01
1405 -1.010620680348000e+02   3.125554502858280e+00   1.354256158078670e+02   9.084708691207960e-01
1406 -1.009232518780610e+02   3.123909096511120e+00   1.359084165772350e+02   9.084708691207960e-01
1407 -1.007844357213230e+02   3.120618283816810e+00   1.363912173466040e+02   9.084708691207960e-01
1408 -1.006456195645840e+02   3.115682064775340e+00   1.368740181159720e+02   9.084708691207960e-01
1409 -1.005762114862150e+02   3.112391252081030e+00   1.371154185006560e+02   9.084708691207960e-01
1410 -1.016867407401240e+02   2.000000000000000e+00   1.332530123457080e+02   9.084708691207960e-01
1411 -1.016173326617550e+02   2.000620879802150e+00   1.334944127303930e+02   9.084708691207960e-01
1412 -1.014785165050160e+02   2.001552199505370e+00   1.339772134997610e+02   9.084708691207960e-01
1413 -1.013397003482770e+02   2.002173079307520e+00   1.344600142691300e+02   9.084708691207960e-01
1414 -1.012008841915390e+02   2.002483519208600e+00   1.349428150384980e+02   9.084708691207960e-01
1415 -1.010620680348000e+02   2.002483519208600e+00   1.354256158078670e+02   9.084708691207960e-01
1416 -1.009232518780610e+02   2.002173079307520e+00   1.359084165772350e+02   9.084708691207960e-01
1417 -1.007844357213230e+02   2.001552199505370e+00   1.363912173466040e+02   9.084708691207960e-01
1418 -1.006456195645840e+02   2.000620879802150e+00   1.368740181159720e+02   9.084708691207960e-01
1419 -1.005762114862150e+02   2.000000000000000e+00   1.371154185006560e+02   9.084708691207960e-01
1420 -1.016867407401240e+02   9.710000989679370e-01   1.332530123457080e+02   9.084708691207960e-01
1421 -1.016173326617550e+02   9.710000989679370e-01   1.334944127303930e+02   9.084708691207960e-01
1422 -1.014785165050160e+02   9.710000989679370e-01   1.339772134997610e+02   9.084708691207960e-01
1423 -1.013397003482770e+02   9.710000989679370e-01   1.344600142691300e+02   9.084708691207960e-01
1424 -1.012008841915390e+02   9.710000989679370e-01   1.349428150384980e+02   9.084708691207960e-01
1425 -1.010620680348000e+02   9.710000989679370e-01   1.354256158078670e+02   9.084708691207960e-01
1426 -1.009232518780610e+02   9.710000989679370e-01   1.359084165772350e+02   9.084708691207960e-01
1427 -1.007844357213230e+02   9.710000989679370e-01   1.363912173466040e+02   9.084708691207960e-01
1428 -1.006456195645840e+02   9.710000989679370e-01   1.368740181159720e+02   9.084708691207960e-01
1429 -1.005762114862150e+02   9.710000989679370e-01   1.371154185006560e+02   9.084708691207960e-01
1430 -1.016867407401240e+02   -5.000000000000000e-01   1.332530123457080e+02   9.084708691207960e-01
1431 -1.016173326617550e+02   -5.000000000000000e-01   1.334944127303930e+02   9.084708691207960e-01
1432 -1.014785165050160e+02   -5.000000000000000e-01   1.339772134997610e+02   9.084708691207960e-01
1433 -1.013397003482770e+02   -5.000000000000000e-01   1.344600142691300e+02   9.084708691207960e-01
1434 -1.012008841915390e+02   -5.000000000000000e-01   1.349428150384980e+02   9.084708691207960e-01
1435 -1.010620680348000e+02   -5.000000000000000e-01   1.354256158078670e+02   9.084708691207960e-01
1436 -1.009232518780610e+02   -5.000000000000000e-01   1.359084165772350e+02   9.084708691207960e-01
1437 -1.007844357213230e+02   -5.000000000000000e-01   1.363912173466040e+02   9.084708691207960e-01
1438 -1.006456195645840e+02   -5.000000000000000e-01   1.368740181159720e+02   9.084708691207960e-01
1439 -1.005762114862150e+02   -5.000000000000000e-01   1.371154185006560e+02   9.084708691207960e-01
1440 -1.016867407401240e+02   -1.462758281171110e+00   1.332530123457080e+02   9.084708691207960e-01
1441 -1.016173326617550e+02   -1.463016683537490e+00   1.334944127303930e+02   9.084708691207960e-01
1442 -1.014785165050160e+02   -1.463404287087060e+00   1.339772134997610e+02   9.084708691207960e-01
1443 -1.013397003482770e+02   -1.463662689453450e+00   1.344600142691300e+02   9.084708691207960e-01
1444 -1.012008841915390e+02   -1.463791890636640e+00   1.349428150384980e+02   9.084708691207960e-01
1445 -1.010620680348000e+02   -1.463791890636640e+00   1.354256158078670e+02   9.084708691207960e-01
1446 -1.009232518780610e+02   -1.463662689453450e+00   1.359084165772350e+02   9.084708691207960e-01
1447 -1.007844357213230e+02   -1.463404287087060e+00   1.363912173466040e+02   9.084708691207960e-01
1448 -1.006456195645840e+02   -1.463016683537490e+00   1.368740181159720e+02   9.084708691207960e-01
1449 -1.005762114862150e+02   -1.462758281171110e+00   1.371154185006560e+02   9.084708691207960e-01
1450 -1.016867407401240e+02   -3.000000000000000e+00   1.332530123457080e+02   9.084708691207960e-01
1451 -1.016173326617550e+02   -3.004717467831690e+00   1.334944127303930e+02   9.084708691207960e-01
1452 -1.014785165050160e+02   -3.011793669579230e+00   1.339772134997610e+02   9.084708691207960e-01
1453 -1.013397003482770e+02   -3.016511137410930e+00   1.344600142691300e+02   9.084708691207960e-01
1454 -1.012008841915390e+02   -3.018869871326770e+00   1.349428150384980e+02   9.084708691207960e-01
1455 -1.010620680348000e+02   -3.018869871326770e+00   1.354256158078670e+02   9.084708691207960e-01
1456 -1.009232518780610e+02   -3.016511137410930e+00   1.359084165772350e+02   9.084708691207960e-01
1457 -1.007844357213230e+02   -3.011793669579230e+00   1.363912173466040e+02   9.084708691207960e-01
1458 -1.006456195645840e+02   -3.004717467831690e+00   1.368740181159720e+02   9.084708691207960e-01
1459 -1.005762114862150e+02   -3.000000000000000e+00   1.371154185006560e+02   9.084708691207960e-01
1460 -1.016867407401240e+02   -5.480594158634870e+00   1.332530123457080e+02   9.084708691207960e-01
1461 -1.016173326617550e+02   -5.548915187198550e+00   1.334944127303930e+02   9.084708691207960e-01
1462 -1.014785165050160e+02   -5.651396730044070e+00   1.339772134997610e+02   9.084708691207960e-01
1463 -1.013397003482770e+02   -5.719717758607750e+00   1.344600142691300e+02   9.084708691207960e-01
1464 -1.012008841915390e+02   -5.753878272889590e+00   1.349428150384980e+02   9.084708691207960e-01
1465 -1.010620680348000e+02   -5.753878272889590e+00   1.354256158078670e+02   9.084708691207960e-01
1466 -1.009232518780610e+02   -5.719717758607750e+00   1.359084165772350e+02   9.084708691207960e-01
1467 -1.007844357213230e+02   -5.651396730044070e+00   1.363912173466040e+02   9.084708691207960e-01
1468 -1.006456195645840e+02   -5.548915187198550e+00   1.368740181159720e+02   9.084708691207960e-01
1469 -1.005762114862150e+02   -5.480594158634870e+00   1.371154185006560e+02   9.084708691207960e-01
1470 -1.016867407401240e+02   -5.506419916523610e+00   1.332530123457080e+02   9.084708691207960e-01
1471 -1.016173326617550e+02   -5.631447961394680e+00   1.334944127303930e+02   9.084708691207960e-01
1472 -1.014785165050160e+02   -5.818990028701280e+00   1.339772134997610e+02   9.084708691207960e-01
1473 -1.013397003482770e+02   -5.944018073572350e+00   1.344600142691300e+02   9.084708691207960e-01
1474 -1.012008841915390e+02   -6.006532096007890e+00   1.349428150384980e+02   9.084708691207960e-01
1475 -1.010620680348000e+02   -6.006532096007890e+00   1.354256158078670e+02   9.084708691207960e-01
1476 -1.009232518780610e+02   -5.944018073572350e+00   1.359084165772350e+02   9.084708691207960e-01
1477 -1.007844357213230e+02   -5.818990028701280e+00   1.363912173466040e+02   9.084708691207960e-01
1478 -1.006456195645840e+02   -5.631447961394680e+00   1.368740181159720e+02   9.084708691207960e-01
1479 -1.005762114862150e+02   -5.506419916523610e+00   1.371154185006560e+02   9.084708691207960e-01
1480 -1.039077992479430e+02   -5.498602814151360e+00   1.255282000358120e+02   9.084708691207960e-01
1481 -1.035607588560960e+02   -5.686096710661260e+00   1.267352019592330e+02   9.084708691207960e-01
1482 -1.028666780724030e+02   -5.967337555426100e+00   1.291492058060760e+02   9.084708691207960e-01
1483 -1.021725972887090e+02   -6.154831451935990e+00   1.315632096529190e+02   9.084708691207960e-01
1484 -1.014785165050160e+02   -6.248578400190940e+00   1.339772134997610e+02   9.084708691207960e-01
1485 -1.007844357213230e+02   -6.248578400190940e+00   1.363912173466040e+02   9.084708691207960e-01
1486 -1.000903549376290e+02   -6.154831451935990e+00   1.388052211934460e+02   9.084708691207960e-01
1487 -9.939627415393590e+01   -5.967337555426100e+00   1.412192250402890e+02   9.084708691207960e-01
1488 -9.870219337024250e+01   -5.686096710661260e+00   1.436332288871310e+02   9.084708691207960e-01
1489 -9.835515297839580e+01   -5.498602814151360e+00   1.448402308105530e+02   9.084708691207960e-01
1490 -1.039077992479430e+02   -5.500083098485040e+00   1.255282000358120e+02   9.084708691207960e-01
1491 -1.035607588560960e+02   -5.750083461493860e+00   1.267352019592330e+02   9.084708691207960e-01
1492 -1.028666780724030e+02   -6.125084006007080e+00   1.291492058060760e+02   9.084708691207960e-01
1493 -1.021725972887090e+02   -6.375084369015900e+00   1.315632096529190e+02   9.084708691207960e-01
1494 -1.014785165050160e+02   -6.500084550520310e+00   1.339772134997610e+02   9.084708691207960e-01
1495 -1.007844357213230e+02   -6.500084550520310e+00   1.363912173466040e+02   9.084708691207960e-01
1496 -1.000903549376290e+02   -6.375084369015900e+00   1.388052211934460e+02   9.084708691207960e-01
1497 -9.939627415393590e+01   -6.125084006007080e+00   1.412192250402890e+02   9.084708691207960e-01
1498 -9.870219337024250e+01   -5.750083461493860e+00   1.436332288871310e+02   9.084708691207960e-01
1499 -9.835515297839580e+01   -5.500083098485040e+00   1.448402308105530e+02   9.084708691207960e-01
1500 -1.039077992479430e+02   -7.999983380302990e+00   1.255282000358120e+02   9.084708691207960e-01
1501 -1.035607588560960e+02   -7.999983307701230e+00   1.267352019592330e+02   9.084708691207960e-01
1502 -1.028666780724030e+02   -7.999983198798580e+00   1.291492058060760e+02   9.084708691207960e-01
1503 -1.021725972887090e+02   -7.999983126196820e+00   1.315632096529190e+02   9.084708691207960e-01
1504 -1.014785165050160e+02   -7.999983089895940e+00   1.339772134997610e+02   9.084708691207960e-01
1505 -1.007844357213230e+02   -7.999983089895940e+00   1.363912173466040e+02   9.084708691207960e-01
1506 -1.000903549376290e+02   -7.999983126196820e+00   1.388052211934460e+02   9.084708691207960e-01
1507 -9.939627415393590e+01   -7.999983198798580e+00   1.412192250402890e+02   9.084708691207960e-01
1508 -9.870219337024250e+01   -7.999983307701230e+00   1.436332288871310e+02   9.084708691207960e-01
1509 -9.835515297839580e+01   -7.999983380302990e+00   1.448402308105530e+02   9.084708691207960e-01
1510 -1.039077992479430e+02   -8.500000000000000e+00   1.255282000358120e+02   9.084708691207960e-01
1511 -1.035607588560960e+02   -8.500000000000000e+00   1.267352019592330e+02   9.084708691207960e-01
1512 -1.028666780724030e+02   -8.500000000000000e+00   1.291492058060760e+02   9.084708691207960e-01
1513 -1.021725972887090e+02   -8.500000000000000e+00   1.315632096529190e+02   9.084708691207960e-01
1514 -1.014785165050160e+02   -8.500000000000000e+00   1.339772134997610e+02   9.084708691207960e-01
1515 -1.007844357213230e+02   -8.500000000000000e+00   1.363912173466040e+02   9.084708691207960e-01
1516 -1.000903549376290e+02   -8.500000000000000e+00   1.388052211934460e+02   9.084708691207960e-01
1517 -9.939627415393590e+01   -8.500000000000000e+00   1.412192250402890e+02   9.084708691207960e-01
1518 -9.870219337024250e+01   -8.500000000000000e+00   1.436332288871310e+02   9.084708691207960e-01
1519 -9.835515297839580e+01   -8.500000000000000e+00   1.448402308105530e+02   9.084708691207960e-01
1520 -1.280728418375310e+02   9.500000000000000e+00   1.299999999999990e+02   9.633883476483180e-01
1521 -1.279581576244300e+02   9.500000000000000e+00   1.312499999999990e+02   9.633883476483180e-01
1522 -1.277287891982290e+02   9.500000000000000e+00   1.337499999999990e+02   9.633883476483180e-01
1523 -1.274994207720270e+02   9.500000000000000e+00   1.362499999999990e+02   9.633883476483180e-01
1524 -1.272700523458260e+02   9.500000000000000e+00   1.387499999999990e+02   9.633883476483180e-01
1525 -1.270406839196250e+02   9.500000000000000e+00   1.412499999999990e+02   9.633883476483180e-01
1526 -1.268113154934230e+02   9.500000000000000e+00   1.437499999999990e+02   9.633883476483180e-01
1527 -1.265819470672220e+02   9.500000000000000e+00   1.462499999999990e+02   9.633883476483180e-01
1528 -1.263525786410210e+02   9.500000000000000e+00   1.487499999999990e+02   9.633883476483180e-01
1529 -1.262378944279200e+02   9.500000000000000e+00   1.499999999999990e+02   9.633883476483180e-01
1530 -1.280728418375310e+02   9.000013156511010e+00   1.299999999999990e+02   9.633883476483180e-01
1531 -1.279581576244300e+02   9.000013669776280e+00   1.312499999999990e+02   9.633883476483180e-01
1532 -1.277287891982290e+02   9.000014439674170e+00   1.337499999999990e+02   9.633883476483180e-01
1533 -1.274994207720270e+02   9.000014952939430e+00   1.362499999999990e+02   9.633883476483180e-01
1534 -1.272700523458260e+02   9.000015209572060e+00   1.387499999999990e+02   9.633883476483180e-01
1535 -1.270406839196250e+02   9.000015209572060e+00   1.412499999999990e+02   9.633883476483180e-01
1536 -1.268113154934230e+02   9.000014952939430e+00   1.437499999999990e+02   9.633883476483180e-01
1537 -1.265819470672220e+02   9.000014439674170e+00   1.462499999999990e+02   9.633883476483180e-01
1538 -1.263525786410210e+02   9.000013669776280e+00   1.487499999999990e+02   9.633883476483180e-01
1539 -1.262378944279200e+02   9.000013156511010e+00   1.499999999999990e+02   9.633883476483180e-01
1540 -1.280728418375310e+02   6.499934217444940e+00   1.299999999999990e+02   9.633883476483180e-01
1541 -1.279581576244300e+02   6.749931651118630e+00   1.312499999999990e+02   9.633883476483180e-01
1542 -1.277287891982290e+02   7.124927801629180e+00   1.337499999999990e+02   9.633883476483180e-01
1543 -1.274994207720270e+02   7.374925235302870e+00   1.362499999999990e+02   9.633883476483180e-01
1544 -1.272700523458260e+02   7.499923952139720e+00   1.387499999999990e+02   9.633883476483180e-01
1545 -1.270406839196250e+02   7.499923952139720e+00   1.412499999999990e+02   9.633883476483180e-01
1546 -1.268113154934230e+02   7.374925235302870e+00   1.437499999999990e+02   9.633883476483180e-01
1547 -1.265819470672220e+02   7.124927801629180e+00   1.462499999999990e+02   9.633883476483180e-01
1548 -1.263525786410210e+02   6.749931651118630e+00   1.487499999999990e+02   9.633883476483180e-01
1549 -1.262378944279200e+02   6.499934217444940e+00   1.499999999999990e+02   9.633883476483180e-01
1550 -1.280728418375310e+02   6.500902896138130e+00   1.299999999999990e+02   9.633883476483180e-01
1551 -1.279581576244300e+02   6.688438120159270e+00   1.312499999999990e+02   9.633883476483180e-01
1552 -1.277287891982290e+02   6.969740956190970e+00   1.337499999999990e+02   9.633883476483180e-01
1553 -1.274994207720270e+02   7.157276180212100e+00   1.362499999999990e+02   9.633883476483180e-01
1554 -1.272700523458260e+02   7.251043792222670e+00   1.387499999999990e+02   9.633883476483180e-01
1555 -1.270406839196250e+02   7.251043792222670e+00   1.412499999999990e+02   9.633883476483180e-01
1556 -1.268113154934230e+02   7.157276180212100e+00   1.437499999999990e+02   9.633883476483180e-01
1557 -1.265819470672220e+02   6.969740956190970e+00   1.462499999999990e+02   9.633883476483180e-01
1558 -1.263525786410210e+02   6.688438120159270e+00   1.487499999999990e+02   9.633883476483180e-01
1559 -1.262378944279200e+02   6.500902896138130e+00   1.499999999999990e+02   9.633883476483180e-01
1560 -1.273388628736860e+02   6.495540487333080e+00   1.379999999999990e+02   9.633883476483180e-01
1561 -1.273159260310660e+02   6.620366511654380e+00   1.382499999999990e+02   9.633883476483180e-01
1562 -1.272700523458260e+02   6.807605548136320e+00   1.387499999999990e+02   9.633883476483180e-01
1563 -1.272241786605860e+02   6.932431572457620e+00   1.392499999999990e+02   9.633883476483180e-01
1564 -1.271783049753450e+02   6.994844584618270e+00   1.397499999999990e+02   9.633883476483180e-01
1565 -1.271324312901050e+02   6.994844584618270e+00   1.402499999999990e+02   9.633883476483180e-01
1566 -1.270865576048650e+02   6.932431572457620e+00   1.407499999999990e+02   9.633883476483180e-01
1567 -1.270406839196250e+02   6.807605548136320e+00   1.412499999999990e+02   9.633883476483180e-01
1568 -1.269948102343840e+02   6.620366511654380e+00   1.417499999999990e+02   9.633883476483180e-01
1569 -1.269718733917640e+02   6.495540487333080e+00   1.419999999999990e+02   9.633883476483180e-01
1570 -1.273388628736860e+02   6.512436002902520e+00   1.379999999999990e+02   9.633883476483180e-01
1571 -1.273159260310660e+02   6.577994689834280e+00   1.382499999999990e+02   9.633883476483180e-01
1572 -1.272700523458260e+02   6.676332720231930e+00   1.387499999999990e+02   9.633883476483180e-01
1573 -1.272241786605860e+02   6.741891407163690e+00   1.392499999999990e+02   9.633883476483180e-01
1574 -1.271783049753450e+02   6.774670750629570e+00   1.397499999999990e+02   9.633883476483180e-01
1575 -1.271324312901050e+02   6.774670750629570e+00   1.402499999999990e+02   9.633883476483180e-01
1576 -1.270865576048650e+02   6.741891407163690e+00   1.407499999999990e+02   9.633883476483180e-01
1577 -1.270406839196250e+02   6.676332720231930e+00   1.412499999999990e+02   9.633883476483180e-01
1578 -1.269948102343840e+02   6.577994689834280e+00   1.417499999999990e+02   9.633883476483180e-01
1579 -1.269718733917640e+02   6.512436002902520e+00   1.419999999999990e+02   9.633883476483180e-01
1580 -1.273388628736860e+02   4.500000000000000e+00   1.379999999999990e+02   9.633883476483180e-01
1581 -1.273159260310660e+02   4.513097675829510e+00   1.382499999999990e+02   9.633883476483180e-01
1582 -1.272700523458260e+02   4.532744189573760e+00   1.387499999999990e+02   9.633883476483180e-01
1583 -1.272241786605860e+02   4.545841865403270e+00   1.392499999999990e+02   9.633883476483180e-01
1584 -1.271783049753450e+02   4.552390703318020e+00   1.397499999999990e+02   9.633883476483180e-01
1585 -1.271324312901050e+02   4.552390703318020e+00   1.402499999999990e+02   9.633883476483180e-01
1586 -1.270865576048650e+02   4.545841865403270e+00   1.407499999999990e+02   9.633883476483180e-01
1587 -1.270406839196250e+02   4.532744189573760e+00   1.412499999999990e+02   9.633883476483180e-01
1588 -1.269948102343840e+02   4.513097675829510e+00   1.417499999999990e+02   9.633883476483180e-01
1589 -1.269718733917640e+02   4.500000000000000e+00   1.419999999999990e+02   9.633883476483180e-01
1590 -1.273388628736860e+02   3.112391252081030e+00   1.379999999999990e+02   9.633883476483180e-01
1591 -1.273159260310660e+02   3.115682064775340e+00   1.382499999999990e+02   9.633883476483180e-01
1592 -1.272700523458260e+02   3.120618283816810e+00   1.387499999999990e+02   9.633883476483180e-01
1593 -1.272241786605860e+02   3.123909096511120e+00   1.392499999999990e+02   9.633883476483180e-01
1594 -1.271783049753450e+02   3.125554502858280e+00   1.397499999999990e+02   9.633883476483180e-01
1595 -1.271324312901050e+02   3.125554502858280e+00   1.402499999999990e+02   9.633883476483180e-01
1596 -1.270865576048650e+02   3.123909096511120e+00   1.407499999999990e+02   9.633883476483180e-01
1597 -1.270406839196250e+02   3.120618283816810e+00   1.412499999999990e+02   9.633883476483180e-01
1598 -1.269948102343840e+02   3.115682064775340e+00   1.417499999999990e+02   9.633883476483180e-01
1599 -1.269718733917640e+02   3.112391252081030e+00   1.419999999999990e+02   9.633883476483180e-01
1600 -1.273388628736860e+02   2.000000000000000e+00   1.379999999999990e+02   9.633883476483180e-01
1601 -1.273159260310660e+02   2.000620879802150e+00   1.382499999999990e+02   9.633883476483180e-01
1602 -1.272700523458260e+02   2.001552199505370e+00   1.387499999999990e+02   9.633883476483180e-01
1603 -1.272241786605860e+02   2.002173079307520e+00   1.392499999999990e+02   9.633883476483180e-01
1604 -1.271783049753450e+02   2.002483519208600e+00   1.397499999999990e+02   9.633883476483180e-01
1605 -1.271324312901050e+02   2.002483519208600e+00   1.402499999999990e+02   9.633883476483180e-01
1606 -1.270865576048650e+02   2.002173079307520e+00   1.407499999999990e+02   9.633883476483180e-01
1607 -1.270406839196250e+02   2.001552199505370e+00   1.412499999999990e+02   9.633883476483180e-01
1608 -1.269948102343840e+02   2.000620879802150e+00   1.417499999999990e+02   9.633883476483180e-01
1609 -1.269718733917640e+02   2.000000000000000e+00   1.419999999999990e+02   9.633883476483180e-01
1610 -1.273388628736860e+02   9.710000989679370e-01   1.379999999999990e+02   9.633883476483180e-01
1611 -1.273159260310660e+02   9.710000989679370e-01   1.382499999999990e+02   9.633883476483180e-01
1612 -1.272700523458260e+02   9.710000989679370e-01   1.387499999999990e+02   9.633883476483180e-01
1613 -1.272241786605860e+02   9.710000989679370e-01   1.392499999999990e+02   9.633883476483180e-01
1614 -1.271783049753450e+02   9.710000989679370e-01   1.397499999999990e+02   9.633883476483180e-01
1615 -1.271324312901050e+02   9.710000989679370e-01   1.402499999999990e+02   9.633883476483180e-01
1616 -1.270865576048650e+02   9.710000989679370e-01   1.407499999999990e+02   9.633883476483180e-01
1617 -1.270406839196250e+02   9.710000989679370e-01   1.412499999999990e+02   9.633883476483180e-01
1618 -1.269948102343840e+02   9.710000989679370e-01   1.417499999999990e+02   9.633883476483180e-01
1619 -1.269718733917640e+02   9.710000989679370e-01   1.419999999999990e+02   9.633883476483180e-01
1620 -1.273388628736860e+02   -5.000000000000000e-01   1.379999999999990e+02   9.633883476483180e-01
1621 -1.273159260310660e+02   -5.000000000000000e-01   1.382499999999990e+02   9.633883476483180e-01
1622 -1.272700523458260e+02   -5.000000000000000e-01   1.387499999999990e+02   9.633883476483180e-01
1623 -1.272241786605860e+02   -5.000000000000000e-01   1.392499999999990e+02   9.633883476483180e-01
1624 -1.271783049753450e+02   -5.000000000000000e-01   1.397499999999990e+02   9.633883476483180e-01
1625 -1.271324312901050e+02   -5.000000000000000e-01   1.402499999999990e+02   9.633883476483180e-01
1626 -1.270865576048650e+02   -5.000000000000000e-01   1.407499999999990e+02   9.633883476483180e-01
1627 -1.270406839196250e+02   -5.000000000000000e-01   1.412499999999990e+02   9.633883476483180e-01
1628 -1.269948102343840e+02   -5.000000000000000e-01   1.417499999999990e+02   9.633883476483180e-01
1629 -1.269718733917640e+02   -5.000000000000000e-01   1.419999999999990e+02   9.633883476483180e-01
1630 -1.273388628736860e+02   -1.462758281171110e+00   1.379999999999990e+02   9.633883476483180e-01
1631 -1.273159260310660e+02   -1.463016683537490e+00   1.382499999999990e+02   9.633883476483180e-01
1632 -1.272700523458260e+02   -1.463404287087060e+00   1.387499999999990e+02   9.633883476483180e-01
1633 -1.272241786605860e+02   -1.463662689453450e+00   1.392499999999990e+02   9.633883476483180e-01
1634 -1.271783049753450e+02   -1.463791890636640e+00   1.397499999999990e+02   9.633883476483180e-01
1635 -1.271324312901050e+02   -1.463791890636640e+00   1.402499999999990e+02   9.633883476483180e-01
1636 -1.270865576048650e+02   -1.463662689453450e+00   1.407499999999990e+02   9.633883476483180e-01
1637 -1.270406839196250e+02   -1.463404287087060e+00   1.412499999999990e+02   9.633883476483180e-01
1638 -1.269948102343840e+02   -1.463016683537490e+00   1.417499999999990e+02   9.633883476483180e-01
1639 -1.269718733917640e+02   -1.462758281171110e+00   1.419999999999990e+02   9.633883476483180e-01
1640 -1.273388628736860e+02   -3.000000000000000e+00   1.379999999999990e+02   9.633883476483180e-01
1641 -1.273159260310660e+02   -3.004717467831690e+00   1.382499999999990e+02   9.633883476483180e-01
1642 -1.272700523458260e+02   -3.011793669579230e+00   1.387499999999990e+02   9.633883476483180e-01
1643 -1.272241786605860e+02   -3.016511137410930e+00   1.392499999999990e+02   9.633883476483180e-01
1644 -1.271783049753450e+02   -3.018869871326770e+00   1.397499999999990e+02   9.633883476483180e-01
1645 -1.271324312901050e+02   -3.018869871326770e+00   1.402499999999990e+02   9.633883476483180e-01
1646 -1.270865576048650e+02   -3.016511137410930e+00   1.407499999999990e+02   9.633883476483180e-01
1647 -1.270406839196250e+02   -3.011793669579230e+00   1.412499999999990e+02   9.633883476483180e-01
1648 -1.269948102343840e+02   -3.004717467831690e+00   1.417499999999990e+02   9.633883476483180e-01
1649 -1.269718733917640e+02   -3.000000000000000e+00   1.419999999999990e+02   9.633883476483180e-01
1650 -1.273388628736860e+02   -5.480594158634870e+00   1.379999999999990e+02   9.633883476483180e-01
1651 -1.273159260310660e+02   -5.548915187198550e+00   1.382499999999990e+02   9.633883476483180e-01
1652 -1.272700523458260e+02   -5.651396730044070e+00   1.387499999999990e+02   9.633883476483180e-01
1653 -1.272241786605860e+02   -5.719717758607750e+00   1.392499999999990e+02   9.633883476483180e-01
1654 -1.271783049753450e+02   -5.753878272889590e+00   1.397499999999990e+02   9.633883476483180e-01
1655 -1.271324312901050e+02   -5.753878272889590e+00   1.402499999999990e+02   9.633883476483180e-01
1656 -1.270865576048650e+02   -5.719717758607750e+00   1.407499999999990e+02   9.633883476483180e-01
1657 -1.270406839196250e+02   -5.651396730044070e+00   1.412499999999990e+02   9.633883476483180e-01
1658 -1.269948102343840e+02   -5.548915187198550e+00   1.417499999999990e+02   9.633883476483180e-01
1659 -1.269718733917640e+02   -5.480594158634870e+00   1.419999999999990e+02   9.633883476483180e-01
1660 -1.273388628736860e+02   -5.506419916523610e+00   1.379999999999990e+02   9.633883476483180e-01
1661 -1.273159260310660e+02   -5.631447961394680e+00   1.382499999999990e+02   9.633883476483180e-01
1662 -1.272700523458260e+02   -5.818990028701280e+00   1.387499999999990e+02   9.633883476483180e-01
1663 -1.272241786605860e+02   -5.944018073572350e+00   1.392499999999990e+02   9.633883476483180e-01
1664 -1.271783049753450e+02   -6.006532096007890e+00   1.397499999999990e+02   9.633883476483180e-01
1665 -1.271324312901050e+02   -6.006532096007890e+00   1.402499999999990e+02   9.633883476483180e-01
1666 -1.270865576048650e+02   -5.944018073572350e+00   1.407499999999990e+02   9.633883476483180e-01
1667 -1.270406839196250e+02   -5.818990028701280e+00   1.412499999999990e+02   9.633883476483180e-01
1668 -1.269948102343840e+02   -5.631447961394680e+00   1.417499999999990e+02   9.633883476483180e-01
1669 -1.269718733917640e+02   -5.506419916523610e+00   1.419999999999990e+02   9.633883476483180e-01
1670 -1.280728418375310e+02   -5.498602814151360e+00   1.299999999999990e+02   9.633883476483180e-01
1671 -1.279581576244300e+02   -5.686096710661260e+00   1.312499999999990e+02   9.633883476483180e-01
1672 -1.277287891982290e+02   -5.967337555426100e+00   1.337499999999990e+02   9.633883476483180e-01
1673 -1.274994207720270e+02   -6.154831451935990e+00   1.362499999999990e+02   9.633883476483180e-01
1674 -1.272700523458260e+02   -6.248578400190940e+00   1.387499999999990e+02   9.633883476483180e-01
1675 -1.270406839196250e+02   -6.248578400190940e+00   1.412499999999990e+02   9.633883476483180e-01
1676 -1.268113154934230e+02   -6.154831451935990e+00   1.437499999999990e+02   9.633883476483180e-01
1677 -1.265819470672220e+02   -5.967337555426100e+00   1.462499999999990e+02   9.633883476483180e-01
1678 -1.263525786410210e+02   -5.686096710661260e+00   1.487499999999990e+02   9.633883476483180e-01
1679 -1.262378944279200e+02   -5.498602814151360e+00   1.499999999999990e+02   9.633883476483180e-01
1680 -1.280728418375310e+02   -5.500083098485040e+00   1.299999999999990e+02   9.633883476483180e-01
1681 -1.279581576244300e+02   -5.750083461493860e+00   1.312499999999990e+02   9.633883476483180e-01
1682 -1.277287891982290e+02   -6.125084006007080e+00   1.337499999999990e+02   9.633883476483180e-01
1683 -1.274994207720270e+02   -6.375084369015900e+00   1.362499999999990e+02   9.633883476483180e-01
1684 -1.272700523458260e+02   -6.500084550520310e+00   1.387499999999990e+02   9.633883476483180e-01
1685 -1.270406839196250e+02   -6.500084550520310e+00   1.412499999999990e+02   9.633883476483180e-01
1686 -1.268113154934230e+02   -6.375084369015900e+00   1.437499999999990e+02   9.633883476483180e-01
1687 -1.265819470672220e+02   -6.125084006007080e+00   1.462499999999990e+02   9.633883476483180e-01
1688 -1.263525786410210e+02   -5.750083461493860e+00   1.487499999999990e+02   9.633883476483180e-01
1689 -1.262378944279200e+02   -5.500083098485040e+00   1.499999999999990e+02   9.633883476483180e-01
1690 -1.280728418375310e+02   -7.999983380302990e+00   1.299999999999990e+02   9.633883476483180e-01
1691 -1.279581576244300e+02   -7.999983307701230e+00   1.312499999999990e+02   9.633883476483180e-01
1692 -1.277287891982290e+02   -7.999983198798580e+00   1.337499999999990e+02   9.633883476483180e-01
1693 -1.274994207720270e+02   -7.999983126196820e+00   1.362499999999990e+02   9.633883476483180e-01
1694 -1.272700523458260e+02   -7.999983089895940e+00   1.387499999999990e+02   9.633883476483180e-01
1695 -1.270406839196250e+02   -7.999983089895940e+00   1.412499999999990e+02   9.633883476483180e-01
1696 -1.268113154934230e+02   -7.999983126196820e+00   1.437499999999990e+02   9.633883476483180e-01
1697 -1.265819470672220e+02   -7.999983198798580e+00   1.462499999999990e+02   9.633883476483180e-01
1698 -1.263525786410210e+02   -7.999983307701230e+00   1.487499999999990e+02   9.633883476483180e-01
1699 -1.262378944279200e+02   -7.999983380302990e+00   1.499999999999990e+02   9.633883476483180e-01
1700 -1.280728418375310e+02   -8.500000000000000e+00   1.299999999999990e+02   9.633883476483180e-01
1701 -1.279581576244300e+02   -8.500000000000000e+00   1.312499999999990e+02   9.633883476483180e-01
1702 -1.277287891982290e+02   -8.500000000000000e+00   1.337499999999990e+02   9.633883476483180e-01
1703 -1.274994207720270e+02   -8.500000000000000e+00   1.362499999999990e+02   9.633883476483180e-01
1704 -1.272700523458260e+02   -8.500000000000000e+00   1.387499999999990e+02   9.633883476483180e-01
1705 -1.270406839196250e+02   -8.500000000000000e+00   1.412499999999990e+02   9.633883476483180e-01
1706 -1.268113154934230e+02   -8.500000000000000e+00   1.437499999999990e+02   9.633883476483180e-01
1707 -1.265819470672220e+02   -8.500000000000000e+00   1.462499999999990e+02   9.633883476483180e-01
1708 -1.263525786410210e+02   -8.500000000000000e+00   1.487499999999990e+02   9.633883476483180e-01
1709 -1.262378944279200e+02   -8.500000000000000e+00   1.499999999999990e+02   9.633883476483180e-01
1710 -1.400000000000000e+02   9.500000000000000e+00   1.300000000000000e+02   1.000000000000000e+00
1711 -1.400000000000000e+02   9.500000000000000e+00   1.312500000000000e+02   1.000000000000000e+00
1712 -1.400000000000000e+02   9.500000000000000e+00   1.337500000000000e+02   1.000000000000000e+00
1713 -1.400000000000000e+02   9.500000000000000e+00   1.362500000000000e+02   1.000000000000000e+00
1714 -1.400000000000000e+02   9.500000000000000e+00   1.387500000000000e+02   1.000000000000000e+00
1715 -1.400000000000000e+02   9.500000000000000e+00   1.412500000000000e+02   1.000000000000000e+00
1716 -1.400000000000000e+02   9.500000000000000e+00   1.437500000000000e+02   1.000000000000000e+00
1717 -1.400000000000000e+02   9.500000000000000e+00   1.462500000000000e+02   1.000000000000000e+00
1718 -1.400000000000000e+02   9.500000000000000e+00   1.487500000000000e+02   1.000000000000000e+00
1719 -1.400000000000000e+02   9.500000000000000e+00   1.500000000000000e+02   1.000000000000000e+00
1720 -1.400000000000000e+02   9.000013156511010e+00   1.300000000000000e+02   1.000000000000000e+00
1721 -1.400000000000000e+02   9.000013669776280e+00   1.312500000000000e+02   1.000000000000000e+00
1722 -1.400000000000000e+02   9.000014439674170e+00   1.337500000000000e+02   1.000000000000000e+00
1723 -1.400000000000000e+02   9.000014952939430e+00   1.362500000000000e+02   1.000000000000000e+00
1724 -1.400000000000000e+02   9.000015209572060e+00   1.387500000000000e+02   1.000000000000000e+00
1725 -1.400000000000000e+02   9.000015209572060e+00   1.412500000000000e+02   1.000000000000000e+00
1726 -1.400000000000000e+02   9.000014952939430e+00   1.437500000000000e+02   1.000000000000000e+00
1727 -1.400000000000000e+02   9.000014439674170e+00   1.462500000000000e+02   1.000000000000000e+00
1728 -1.400000000000000e+02   9.000013669776280e+00   1.487500000000000e+02   1.000000000000000e+00
1729 -1.400000000000000e+02   9.000013156511010e+00   1.500000000000000e+02   1.000000000000000e+00
1730 -1.400000000000000e+02   6.499934217444940e+00   1.300000000000000e+02   1.000000000000000e+00
1731 -1.400000000000000e+02   6.749931651118630e+00   1.312500000000000e+02   1.000000000000000e+00
1732 -1.400000000000000e+02   7.124927801629180e+00   1.337500000000000e+02   1.000000000000000e+00
1733 -1.400000000000000e+02   7.374925235302870e+00   1.362500000000000e+02   1.000000000000000e+00
1734 -1.400000000000000e+02   7.499923952139720e+00   1.387500000000000e+02   1.000000000000000e+00
1735 -1.400000000000000e+02   7.499923952139720e+00   1.412500000000000e+02   1.000000000000000e+00
1736 -1.400000000000000e+02   7.374925235302870e+00   1.437500000000000e+02   1.000000000000000e+00
1737 -1.400000000000000e+02   7.124927801629180e+00   1.462500000000000e+02   1.000000000000000e+00
1738 -1.400000000000000e+02   6.749931651118630e+00   1.487500000000000e+02   1.000000000000000e+00
1739 -1.400000000000000e+02   6.499934217444940e+00   1.500000000000000e+02   1.000000000000000e+00
1740 -1.400000000000000e+02   6.500902896138130e+00   1.300000000000000e+02   1.000000000000000e+00
1741 -1.400000000000000e+02   6.688438120159270e+00   1.312500000000000e+02   1.000000000000000e+00
1742 -1.400000000000000e+02   6.969740956190970e+00   1.337500000000000e+02   1.000000000000000e+00
1743 -1.400000000000000e+02   7.157276180212100e+00   1.362500000000000e+02   1.000000000000000e+00
1744 -1.400000000000000e+02   7.251043792222670e+00   1.387500000000000e+02   1.000000000000000e+00
1745 -1.400000000000000e+02   7.251043792222670e+00   1.412500000000000e+02   1.000000000000000e+00
1746 -1.400000000000000e+02   7.157276180212100e+00   1.437500000000000e+02   1.000000000000000e+00
1747 -1.400000000000000e+02   6.969740956190970e+00   1.462500000000000e+02   1.000000000000000e+00
1748 -1.400000000000000e+02   6.688438120159270e+00   1.487500000000000e+02   1.000000000000000e+00
1749 -1.400000000000000e+02   6.500902896138130e+00   1.500000000000000e+02   1.000000000000000e+00
1750 -1.400000000000000e+02   6.495540487333080e+00   1.380000000000000e+02   1.000000000000000e+00
1751 -1.400000000000000e+02   6.620366511654380e+00   1.382500000000000e+02   1.000000000000000e+00
1752 -1.400000000000000e+02   6.807605548136320e+00   1.387500000000000e+02   1.000000000000000e+00
1753 -1.400000000000000e+02   6.932431572457620e+00   1.392500000000000e+02   1.000000000000000e+00
1754 -1.400000000000000e+02   6.994844584618270e+00   1.397500000000000e+02   1.000000000000000e+00
1755 -1.400000000000000e+02   6.994844584618270e+00   1.402500000000000e+02   1.000000000000000e+00
1756 -1.400000000000000e+02   6.932431572457620e+00   1.407500000000000e+02   1.000000000000000e+00
1757 -1.400000000000000e+02   6.807605548136320e+00   1.412500000000000e+02   1.000000000000000e+00
1758 -1.400000000000000e+02   6.620366511654380e+00   1.417500000000000e+02   1.000000000000000e+00
1759 -1.400000000000000e+02   6.495540487333080e+00   1.420000000000000e+02   1.000000000000000e+00
1760 -1.400000000000000e+02   6.512436002902520e+00   1.380000000000000e+02   1.000000000000000e+00
1761 -1.400000000000000e+02   6.577994689834280e+00   1.382500000000000e+02   1.000000000000000e+00
1762 -1.400000000000000e+02   6.676332720231930e+00   1.387500000000000e+02   1.000000000000000e+00
1763 -1.400000000000000e+02   6.741891407163690e+00   1.392500000000000e+02   1.000000000000000e+00
1764 -1.400000000000000e+02   6.774670750629570e+00   1.397500000000000e+02   1.000000000000000e+00
1765 -1.400000000000000e+02   6.774670750629570e+00   1.402500000000000e+02   1.000000000000000e+00
1766 -1.400000000000000e+02   6.741891407163690e+00   1.407500000000000e+02   1.000000000000000e+00
1767 -1.400000000000000e+02   6.676332720231930e+00   1.412500000000000e+02   1.000000000000000e+00
1768 -1.400000000000000e+02   6.577994689834280e+00   1.417500000000000e+02   1.000000000000000e+00
1769 -1.400000000000000e+02   6.512436002902520e+00   1.420000000000000e+02   1.000000000000000e+00
1770 -1.400000000000000e+02   4.500000000000000e+00   1.380000000000000e+02   1.000000000000000e+00
1771 -1.400000000000000e+02   4.513097675829510e+00   1.382500000000000e+02   1.000000000000000e+00
1772 -1.400000000000000e+02   4.532744189573760e+00   1.387500000000000e+02   1.000000000000000e+00
1773 -1.400000000000000e+02   4.545841865403270e+00   1.392500000000000e+02   1.000000000000000e+00
1774 -1.400000000000000e+02   4.552390703318020e+00   1.397500000000000e+02   1.000000000000000e+00
1775 -1.400000000000000e+02   4.552390703318020e+00   1.402500000000000e+02   1.000000000000000e+00
1776 -1.400000000000000e+02   4.545841865403270e+00   1.407500000000000e+02   1.000000000000000e+00
1777 -1.400000000000000e+02   4.532744189573760e+00   1.412500000000000e+02   1.000000000000000e+00
1778 -1.400000000000000e+02   4.513097675829510e+00   1.417500000000000e+02   1.000000000000000e+00
1779 -1.400000000000000e+02   4.500000000000000e+00   1.420000000000000e+02   1.000000000000000e+00
1780 -1.400000000000000e+02   3.112391252081030e+00   1.380000000000000e+02   1.000000000000000e+00
1781 -1.400000000000000e+02   3.115682064775340e+00   1.382500000000000e+02   1.000000000000000e+00
1782 -1.400000000000000e+02   3.120618283816810e+00   1.387500000000000e+02   1.000000000000000e+00
1783 -1.400000000000000e+02   3.123909096511120e+00   1.392500000000000e+02   1.000000000000000e+00
1784 -1.400000000000000e+02   3.125554502858280e+00   1.397500000000000e+02   1.000000000000000e+00
1785 -1.400000000000000e+02   3.125554502858280e+00   1.402500000000000e+02   1.000000000000000e+00
1786 -1.400000000000000e+02   3.123909096511120e+00   1.407500000000000e+02   1.000000000000000e+00
1787 -1.400000000000000e+02   3.120618283816810e+00   1.412500000000000e+02   1.000000000000000e+00
1788 -1.400000000000000e+02   3.115682064775340e+00   1.417500000000000e+02   1.000000000000000e+00
1789 -1.400000000000000e+02   3.112391252081030e+00   1.420000000000000e+02   1.000000000000000e+00
1790 -1.400000000000000e+02   2.000000000000000e+00   1.380000000000000e+02   1.000000000000000e+00
1791 -1.400000000000000e+02   2.000620879802150e+00   1.382500000000000e+02   1.000000000000000e+00
1792 -1.400000000000000e+02   2.001552199505370e+00   1.387500000000000e+02   1.000000000000000e+00
1793 -1.400000000000000e+02   2.002173079307520e+00   1.392500000000000e+02   1.000000000000000e+00
1794 -1.400000000000000e+02   2.002483519208600e+00   1.397500000000000e+02   1.000000000000000e+00
1795 -1.400000000000000e+02   2.002483519208600e+00   1.402500000000000e+02   1.000000000000000e+00
1796 -1.400000000000000e+02   2.002173079307520e+00   1.407500000000000e+02   1.000000000000000e+00
1797 -1.400000000000000e+02   2.001552199505370e+00   1.412500000000000e+02   1.000000000000000e+00
1798 -1.400000000000000e+02   2.000620879802150e+00   1.417500000000000e+02   1.000000000000000e+00
1799 -1.400000000000000e+02   2.000000000000000e+00   1.420000000000000e+02   1.000000000000000e+00
1800 -1.400000000000000e+02   9.710000989679370e-01   1.380000000000000e+02   1.000000000000000e+00
1801 -1.400000000000000e+02   9.710000989679370e-01   1.382500000000000e+02   1.000000000000000e+00
1802 -1.400000000000000e+02   9.710000989679370e-01   1.387500000000000e+02   1.000000000000000e+00
1803 -1.400000000000000e+02   9.710000989679370e-01   1.392500000000000e+02   1.000000000000000e+00
1804 -1.400000000000000e+02   9.710000989679370e-01   1.397500000000000e+02   1.000000000000000e+00
1805 -1.400000000000000e+02   9.710000989679370e-01   1.402500000000000e+02   1.000000000000000e+00
1806 -1.400000000000000e+02   9.710000989679370e-01   1.407500000000000e+02   1.000000000000000e+00
1807 -1.400000000000000e+02   9.710000989679370e-01   1.412500000000000e+02   1.000000000000000e+00
1808 -1.400000000000000e+02   9.710000989679370e-01   1.417500000000000e+02   1.000000000000000e+00
1809 -1.400000000000000e+02   9.710000989679370e-01   1.420000000000000e+02   1.000000000000000e+00
1810 -1.400000000000000e+02   -5.000000000000000e-01   1.380000000000000e+02   1.000000000000000e+00
1811 -1.400000000000000e+02   -5.000000000000000e-01   1.382500000000000e+02   1.000000000000000e+00
1812 -1.400000000000000e+02   -5.000000000000000e-01   1.387500000000000e+02   1.000000000000000e+00
1813 -1.400000000000000e+02   -5.000000000000000e-01   1.392500000000000e+02   1.000000000000000e+00
1814 -1.400000000000000e+02   -5.000000000000000e-01   1.397500000000000e+02   1.000000000000000e+00
1815 -1.400000000000000e+02   -5.000000000000000e-01   1.402500000000000e+02   1.000000000000000e+00
1816 -1.400000000000000e+02   -5.000000000000000e-01   1.407500000000000e+02   1.000000000000000e+00
1817 -1.400000000000000e+02   -5.000000000000000e-01   1.412500000000000e+02   1.000000000000000e+00
1818 -1.400000000000000e+02   -5.000000000000000e-01   1.417500000000000e+02   1.000000000000000e+00
1819 -1.400000000000000e+02   -5.000000000000000e-01   1.420000000000000e+02   1.000000000000000e+00
1820 -1.400000000000000e+02   -1.462758281171110e+00   1.380000000000000e+02   1.000000000000000e+00
1821 -1.400000000000000e+02   -1.463016683537490e+00   1.382500000000000e+02   1.000000000000000e+00
1822 -1.400000000000000e+02   -1.463404287087060e+00   1.387500000000000e+02   1.000000000000000e+00
1823 -1.400000000000000e+02   -1.463662689453450e+00   1.392500000000000e+02   1.000000000000000e+00
1824 -1.400000000000000e+02   -1.463791890636640e+00   1.397500000000000e+02   1.000000000000000e+00
1825 -1.400000000000000e+02   -1.463791890636640e+00   1.402500000000000e+02   1.000000000000000e+00
1826 -1.400000000000000e+02   -1.463662689453450e+00   1.407500000000000e+02   1.000000000000000e+00
1827 -1.400000000000000e+02   -1.463404287087060e+00   1.412500000000000e+02   1.000000000000000e+00
1828 -1.400000000000000e+02   -1.463016683537490e+00   1.417500000000000e+02   1.000000000000000e+00
1829 -1.400000000000000e+02   -1.462758281171110e+00   1.420000000000000e+02   1.000000000000000e+00
1830 -1.400000000000000e+02   -3.000000000000000e+00   1.380000000000000e+02   1.000000000000000e+00
1831 -1.400000000000000e+02   -3.004717467831690e+00   1.382500000000000e+02   1.000000000000000e+00
1832 -1.400000000000000e+02   -3.011793669579230e+00   1.387500000000000e+02   1.000000000000000e+00
1833 -1.400000000000000e+02   -3.016511137410930e+00   1.392500000000000e+02   1.000000000000000e+00
1834 -1.400000000000000e+02   -3.018869871326770e+00   1.397500000000000e+02   1.000000000000000e+00
1835 -1.400000000000000e+02   -3.018869871326770e+00   1.402500000000000e+02   1.000000000000000e+00
1836 -1.400000000000000e+02   -3.016511137410930e+00   1.407500000000000e+02   1.000000000000000e+00
1837 -1.400000000000000e+02   -3.011793669579230e+00   1.412500000000000e+02   1.000000000000000e+00
1838 -1.400000000000000e+02   -3.004717467831690e+00   1.417500000000000e+02   1.000000000000000e+00
1839 -1.400000000000000e+02   -3.000000000000000e+00   1.420000000000000e+02   1.000000000000000e+00
1840 -1.400000000000000e+02   -5.480594158634870e+00   1.380000000000000e+02   1.000000000000000e+00
1841 -1.400000000000000e+02   -5.548915187198550e+00   1.382500000000000e+02   1.000000000000000e+00
1842 -1.400000000000000e+02   -5.651396730044070e+00   1.387500000000000e+02   1.000000000000000e+00
1843 -1.400000000000000e+02   -5.719717758607750e+00   1.392500000000000e+02   1.000000000000000e+00
1844 -1.400000000000000e+02   -5.753878272889590e+00   1.397500000000000e+02   1.000000000000000e+00
1845 -1.400000000000000e+02   -5.753878272889590e+00   1.402500000000000e+02   1.000000000000000e+00
1846 -1.400000000000000e+02   -5.719717758607750e+00   1.407500000000000e+02   1.000000000000000e+00
1847 -1.400000000000000e+02   -5.651396730044070e+00   1.412500000000000e+02   1.000000000000000e+00
1848 -1.400000000000000e+02   -5.548915187198550e+00   1.417500000000000e+02   1.000000000000000e+00
1849 -1.400000000000000e+02   -5.480594158634870e+00   1.420000000000000e+02   1.000000000000000e+00
1850 -1.400000000000000e+02   -5.506419916523610e+00   1.380000000000000e+02   1.000000000000000e+00
1851 -1.400000000000000e+02   -5.631447961394680e+00   1.382500000000000e+02   1.000000000000000e+00
1852 -1.400000000000000e+02   -5.818990028701280e+00   1.387500000000000e+02   1.000000000000000e+00
1853 -1.400000000000000e+02   -5.944018073572350e+00   1.392500000000000e+02   1.000000000000000e+00
1854 -1.400000000000000e+02   -6.006532096007890e+00   1.397500000000000e+02   1.000000000000000e+00
1855 -1.400000000000000e+02   -6.006532096007890e+00   1.402500000000000e+02   1.000000000000000e+00
1856 -1.400000000000000e+02   -5.944018073572350e+00   1.407500000000000e+02   1.000000000000000e+00
1857 -1.400000000000000e+02   -5.818990028701280e+00   1.412500000000000e+02   1.000000000000000e+00
1858 -1.400000000000000e+02   -5.631447961394680e+00   1.417500000000000e+02   1.000000000000000e+00
1859 -1.400000000000000e+02   -5.506419916523610e+00   1.420000000000000e+02   1.000000000000000e+00
1860 -1.400000000000000e+02   -5.498602814151360e+00   1.300000000000000e+02   1.000000000000000e+00
1861 -1.400000000000000e+02   -5.686096710661260e+00   1.312500000000000e+02   1.000000000000000e+00
1862 -1.400000000000000e+02   -5.967337555426100e+00   1.337500000000000e+02   1.000000000000000e+00
1863 -1.400000000000000e+02   -6.154831451935990e+00   1.362500000000000e+02   1.000000000000000e+00
1864 -1.400000000000000e+02   -6.248578400190940e+00   1.387500000000000e+02   1.000000000000000e+00
1865 -1.400000000000000e+02   -6.248578400190940e+00   1.412500000000000e+02   1.000000000000000e+00
1866 -1.400000000000000e+02   -6.154831451935990e+00   1.437500000000000e+02   1.000000000000000e+00
1867 -1.400000000000000e+02   -5.967337555426100e+00   1.462500000000000e+02   1.000000000000000e+00
1868 -1.400000000000000e+02   -5.686096710661260e+00   1.487500000000000e+02   1.000000000000000e+00
1869 -1.400000000000000e+02   -5.498602814151360e+00   1.500000000000000e+02   1.000000000000000e+00
1870 -1.400000000000000e+02   -5.500083098485040e+00   1.300000000000000e+02   1.000000000000000e+00
1871 -1.400000000000000e+02   -5.750083461493860e+00   1.312500000000000e+02   1.000000000000000e+00
1872 -1.400000000000000e+02   -6.125084006007080e+00   1.337500000000000e+02   1.000000000000000e+00
1873 -1.400000000000000e+02   -6.375084369015900e+00   1.362500000000000e+02   1.000000000000000e+00
1874 -1.400000000000000e+02   -6.500084550520310e+00   1.387500000000000e+02   1.000000000000000e+00
1875 -1.400000000000000e+02   -6.500084550520310e+00   1.412500000000000e+02   1.000000000000000e+00
1876 -1.400000000000000e+02   -6.375084369015900e+00   1.437500000000000e+02   1.000000000000000e+00
1877 -1.400000000000000e+02   -6.125084006007080e+00   1.462500000000000e+02   1.000000000000000e+00
1878 -1.400000000000000e+02   -5.750083461493860e+00   1.487500000000000e+02   1.000000000000000e+00
1879 -1.400000000000000e+02   -5.500083098485040e+00   1.500000000000000e+02   1.000000000000000e+00
1880 -1.400000000000000e+02   -7.999983380302990e+00   1.300000000000000e+02   1.000000000000000e+00
1881 -1.400000000000000e+02   -7.999983307701230e+00   1.312500000000000e+02   1.000000000000000e+00
1882 -1.400000000000000e+02   -7.999983198798580e+00   1.337500000000000e+02   1.000000000000000e+00
1883 -1.400000000000000e+02   -7.999983126196820e+00   1.362500000000000e+02   1.000000000000000e+00
1884 -1.400000000000000e+02   -7.999983089895940e+00   1.387500000000000e+02   1.000000000000000e+00
1885 -1.400000000000000e+02   -7.999983089895940e+00   1.412500000000000e+02   1.000000000000000e+00
1886 -1.400000000000000e+02   -7.999983126196820e+00   1.437500000000000e+02   1.000000000000000e+00
1887 -1.400000000000000e+02   -7.999983198798580e+00   1.462500000000000e+02   1.000000000000000e+00
1888 -1.400000000000000e+02   -7.999983307701230e+00   1.487500000000000e+02   1.000000000000000e+00
1889 -1.400000000000000e+02   -7.999983380302990e+00   1.500000000000000e+02   1.000000000000000e+00
1890 -1.400000000000000e+02   -8.500000000000000e+00   1.300000000000000e+02   1.000000000000000e+00
1891 -1.400000000000000e+02   -8.500000000000000e+00   1.312500000000000e+02   1.000000000000000e+00
1892 -1.400000000000000e+02   -8.500000000000000e+00   1.337500000000000e+02   1.000000000000000e+00
1893 -1.400000000000000e+02   -8.500000000000000e+00   1.362500000000000e+02   1.000000000000000e+00
1894 -1.400000000000000e+02   -8.500000000000000e+00   1.387500000000000e+02   1.000000000000000e+00
1895 -1.400000000000000e+02   -8.500000000000000e+00   1.412500000000000e+02   1.000000000000000e+00
1896 -1.400000000000000e+02   -8.500000000000000e+00   1.437500000000000e+02   1.000000000000000e+00
1897 -1.400000000000000e+02   -8.500000000000000e+00   1.462500000000000e+02   1.000000000000000e+00
1898 -1.400000000000000e+02   -8.500000000000000e+00   1.487500000000000e+02   1.000000000000000e+00
1899 -1.400000000000000e+02   -8.500000000000000e+00   1.500000000000000e+02   1.000000000000000e+00


