3

206000  3.000000e-01

4

3975

3     3     3
3     3     3
3     3     3
3     3     3

9     12    23
9     12    23
9     12    39
9     12    39

5     8     19
5     8     19
5     8     35
5     8     35

0     1     2     3     4     5     6     7     8     9     10    11    12    13    14    15    16    17    18    19    20    21    22    23    24    25    26    27    28    29    30    31    32    33    34    35    36    37    38    39    40    41    42    43    44    45    46    47    48    49    50    51    52    53    54    55    56    57    58    59    60    61    62    63    64    65    66    67    68    69    70    71    72    73    74    75    76    77    78    79    80    81    82    83    84    85    86    87    88    89    90    91    92    93    94    95    96    97    98    99    100   101   102   103   104   105   106   107   108   109   110   111   112   113   114   115   116   117   118   119   120   121   122   123   124   125   126   127   128   129   130   131   132   133   134   135   136   137   138   139   140   141   142   143   144   145   146   147   148   149   150   151   152   153   154   155   156   157   158   159   160   161   162   163   164   165   166   167   168   169   170   171   172   173   174   175   176   177   178   179   180   181   182   183   184   185   186   187   188   189   190   191   192   193   194   195   196   197   198   199   200   201   202   203   204   205   206   207   208   209   210   211   212   213   214   215   216   217   218   219   220   221   222   223   224   225   226   227   228   229   230   231   232   233   234   235   236   237   238   239   240   241   242   243   244   245   246   247   248   249   250   251   252   253   254   255   256   257   258   259   260   261   262   263   264   265   266   267   268   269   270   271   272   273   274   275   276   277   278   279   280   281   282   283   284   285   286   287   288   289   290   291   292   293   294   295   296   297   298   299   300   301   302   303   304   305   306   307   308   309   310   311   312   313   314   315   316   317   318   319   320   321   322   323   324   325   326   327   328   329   330   331   332   333   334   335   336   337   338   339   340   341   342   343   344   345   346   347   348   349   350   351   352   353   354   355   356   357   358   359   360   361   362   363   364   365   366   367   368   369   370   371   372   373   374   375   376   377   378   379   380   381   382   383   384   385   386   387   388   389   390   391   392   393   394   395   396   397   398   399   400   401   402   403   404   405   406   407   408   409   410   411   412   413   414   415   416   417   418   419   420   421   422   423   424   425   426   427   428   429   430   431   432   433   434   435   436   437   438   439   440   441   442   443   444   445   446   447   448   449   450   451   452   453   454   455   456   457   458   459   460   461   462   463   464   465   466   467   468   469   470   471   472   473   474   475   476   477   478   479   480   481   482   483   484   485   486   487   488   489   490   491   492   493   494   495   496   497   498   499   500   501   502   503   504   505   506   507   508   509   510   511   512   513   514   515   516   517   518   519   520   521   522   523   524   525   526   527   528   529   530   531   532   533   534   535   536   537   538   539   540   541   542   543   544   545   546   547   548   549   550   551   552   553   554   555   556   557   558   559   560   561   562   563   564   565   566   567   568   569   570   571   572   573   574   575   576   577   578   579   580   581   582   583   584   585   586   587   588   589   590   591   592   593   594   595   596   597   598   599   600   601   602   603   604   605   606   607   608   609   610   611   612   613   614   615   616   617   618   619   620   621   622   623   624   625   626   627   628   629   630   631   632   633   634   635   636   637   638   639   640   641   642   643   644   645   646   647   648   649   650   651   652   653   654   655   656   657   658   659   660   661   662   663   664   665   666   667   668   669   670   671   672   673   674   675   676   677   678   679   680   681   682   683   684   685   686   687   688   689   690   691   692   693   694   695   696   697   698   699   700   701   702   703   704   705   706   707   708   709   710   711   712   713   714   715   716   717   718   719   720   721   722   723   724   725   726   727   728   729   730   731   732   733   734   735   736   737   738   739   740   741   742   743   744   745   746   747   748   749   750   751   752   753   754   755   756   757   758   759
35    36    37    38    39    760   761   762   763   764   765   766   767   768   769   770   771   772   773   774   775   776   777   778   779   780   781   782   783   784   785   786   787   788   789   790   791   792   793   794   75    76    77    78    79    795   796   797   798   799   800   801   802   803   804   805   806   807   808   809   810   811   812   813   814   815   816   817   818   819   820   821   822   823   824   825   826   827   828   829   115   116   117   118   119   830   831   832   833   834   835   836   837   838   839   840   841   842   843   844   845   846   847   848   849   850   851   852   853   854   855   856   857   858   859   860   861   862   863   864   155   156   157   158   159   865   866   867   868   869   870   871   872   873   874   875   876   877   878   879   880   881   882   883   884   885   886   887   888   889   890   891   892   893   894   895   896   897   898   899   195   196   197   198   199   900   901   902   903   904   905   906   907   908   909   910   911   912   913   914   915   916   917   918   919   920   921   922   923   924   925   926   927   928   929   930   931   932   933   934   235   236   237   238   239   935   936   937   938   939   940   941   942   943   944   945   946   947   948   949   950   951   952   953   954   955   956   957   958   959   960   961   962   963   964   965   966   967   968   969   275   276   277   278   279   970   971   972   973   974   975   976   977   978   979   980   981   982   983   984   985   986   987   988   989   990   991   992   993   994   995   996   997   998   999   1000  1001  1002  1003  1004  315   316   317   318   319   1005  1006  1007  1008  1009  1010  1011  1012  1013  1014  1015  1016  1017  1018  1019  1020  1021  1022  1023  1024  1025  1026  1027  1028  1029  1030  1031  1032  1033  1034  1035  1036  1037  1038  1039  355   356   357   358   359   1040  1041  1042  1043  1044  1045  1046  1047  1048  1049  1050  1051  1052  1053  1054  1055  1056  1057  1058  1059  1060  1061  1062  1063  1064  1065  1066  1067  1068  1069  1070  1071  1072  1073  1074  395   396   397   398   399   1075  1076  1077  1078  1079  1080  1081  1082  1083  1084  1085  1086  1087  1088  1089  1090  1091  1092  1093  1094  1095  1096  1097  1098  1099  1100  1101  1102  1103  1104  1105  1106  1107  1108  1109  435   436   437   438   439   1110  1111  1112  1113  1114  1115  1116  1117  1118  1119  1120  1121  1122  1123  1124  1125  1126  1127  1128  1129  1130  1131  1132  1133  1134  1135  1136  1137  1138  1139  1140  1141  1142  1143  1144  475   476   477   478   479   1145  1146  1147  1148  1149  1150  1151  1152  1153  1154  1155  1156  1157  1158  1159  1160  1161  1162  1163  1164  1165  1166  1167  1168  1169  1170  1171  1172  1173  1174  1175  1176  1177  1178  1179  515   516   517   518   519   1180  1181  1182  1183  1184  1185  1186  1187  1188  1189  1190  1191  1192  1193  1194  1195  1196  1197  1198  1199  1200  1201  1202  1203  1204  1205  1206  1207  1208  1209  1210  1211  1212  1213  1214  555   556   557   558   559   1215  1216  1217  1218  1219  1220  1221  1222  1223  1224  1225  1226  1227  1228  1229  1230  1231  1232  1233  1234  1235  1236  1237  1238  1239  1240  1241  1242  1243  1244  1245  1246  1247  1248  1249  595   596   597   598   599   1250  1251  1252  1253  1254  1255  1256  1257  1258  1259  1260  1261  1262  1263  1264  1265  1266  1267  1268  1269  1270  1271  1272  1273  1274  1275  1276  1277  1278  1279  1280  1281  1282  1283  1284  635   636   637   638   639   1285  1286  1287  1288  1289  1290  1291  1292  1293  1294  1295  1296  1297  1298  1299  1300  1301  1302  1303  1304  1305  1306  1307  1308  1309  1310  1311  1312  1313  1314  1315  1316  1317  1318  1319  675   676   677   678   679   1320  1321  1322  1323  1324  1325  1326  1327  1328  1329  1330  1331  1332  1333  1334  1335  1336  1337  1338  1339  1340  1341  1342  1343  1344  1345  1346  1347  1348  1349  1350  1351  1352  1353  1354  715   716   717   718   719   1355  1356  1357  1358  1359  1360  1361  1362  1363  1364  1365  1366  1367  1368  1369  1370  1371  1372  1373  1374  1375  1376  1377  1378  1379  1380  1381  1382  1383  1384  1385  1386  1387  1388  1389  755   756   757   758   759   1390  1391  1392  1393  1394  1395  1396  1397  1398  1399  1400  1401  1402  1403  1404  1405  1406  1407  1408  1409  1410  1411  1412  1413  1414  1415  1416  1417  1418  1419  1420  1421  1422  1423  1424
720   721   722   723   724   725   726   727   728   729   730   731   732   733   734   735   736   737   738   739   740   741   742   743   744   745   746   747   748   749   750   751   752   753   754   755   756   757   758   759   1425  1426  1427  1428  1429  1430  1431  1432  1433  1434  1435  1436  1437  1438  1439  1440  1441  1442  1443  1444  1445  1446  1447  1448  1449  1450  1451  1452  1453  1454  1455  1456  1457  1458  1459  1460  1461  1462  1463  1464  1465  1466  1467  1468  1469  1470  1471  1472  1473  1474  1475  1476  1477  1478  1479  1480  1481  1482  1483  1484  1485  1486  1487  1488  1489  1490  1491  1492  1493  1494  1495  1496  1497  1498  1499  1500  1501  1502  1503  1504  1505  1506  1507  1508  1509  1510  1511  1512  1513  1514  1515  1516  1517  1518  1519  1520  1521  1522  1523  1524  1525  1526  1527  1528  1529  1530  1531  1532  1533  1534  1535  1536  1537  1538  1539  1540  1541  1542  1543  1544  1545  1546  1547  1548  1549  1550  1551  1552  1553  1554  1555  1556  1557  1558  1559  1560  1561  1562  1563  1564  1565  1566  1567  1568  1569  1570  1571  1572  1573  1574  1575  1576  1577  1578  1579  1580  1581  1582  1583  1584  1585  1586  1587  1588  1589  1590  1591  1592  1593  1594  1595  1596  1597  1598  1599  1600  1601  1602  1603  1604  1605  1606  1607  1608  1609  1610  1611  1612  1613  1614  1615  1616  1617  1618  1619  1620  1621  1622  1623  1624  1625  1626  1627  1628  1629  1630  1631  1632  1633  1634  1635  1636  1637  1638  1639  1640  1641  1642  1643  1644  1645  1646  1647  1648  1649  1650  1651  1652  1653  1654  1655  1656  1657  1658  1659  1660  1661  1662  1663  1664  1665  1666  1667  1668  1669  1670  1671  1672  1673  1674  1675  1676  1677  1678  1679  1680  1681  1682  1683  1684  1685  1686  1687  1688  1689  1690  1691  1692  1693  1694  1695  1696  1697  1698  1699  1700  1701  1702  1703  1704  1705  1706  1707  1708  1709  1710  1711  1712  1713  1714  1715  1716  1717  1718  1719  1720  1721  1722  1723  1724  1725  1726  1727  1728  1729  1730  1731  1732  1733  1734  1735  1736  1737  1738  1739  1740  1741  1742  1743  1744  1745  1746  1747  1748  1749  1750  1751  1752  1753  1754  1755  1756  1757  1758  1759  1760  1761  1762  1763  1764  1765  1766  1767  1768  1769  1770  1771  1772  1773  1774  1775  1776  1777  1778  1779  1780  1781  1782  1783  1784  1785  1786  1787  1788  1789  1790  1791  1792  1793  1794  1795  1796  1797  1798  1799  1800  1801  1802  1803  1804  1805  1806  1807  1808  1809  1810  1811  1812  1813  1814  1815  1816  1817  1818  1819  1820  1821  1822  1823  1824  1825  1826  1827  1828  1829  1830  1831  1832  1833  1834  1835  1836  1837  1838  1839  1840  1841  1842  1843  1844  1845  1846  1847  1848  1849  1850  1851  1852  1853  1854  1855  1856  1857  1858  1859  1860  1861  1862  1863  1864  1865  1866  1867  1868  1869  1870  1871  1872  1873  1874  1875  1876  1877  1878  1879  1880  1881  1882  1883  1884  1885  1886  1887  1888  1889  1890  1891  1892  1893  1894  1895  1896  1897  1898  1899  1900  1901  1902  1903  1904  1905  1906  1907  1908  1909  1910  1911  1912  1913  1914  1915  1916  1917  1918  1919  1920  1921  1922  1923  1924  1925  1926  1927  1928  1929  1930  1931  1932  1933  1934  1935  1936  1937  1938  1939  1940  1941  1942  1943  1944  1945  1946  1947  1948  1949  1950  1951  1952  1953  1954  1955  1956  1957  1958  1959  1960  1961  1962  1963  1964  1965  1966  1967  1968  1969  1970  1971  1972  1973  1974  1975  1976  1977  1978  1979  1980  1981  1982  1983  1984  1985  1986  1987  1988  1989  1990  1991  1992  1993  1994  1995  1996  1997  1998  1999  2000  2001  2002  2003  2004  2005  2006  2007  2008  2009  2010  2011  2012  2013  2014  2015  2016  2017  2018  2019  2020  2021  2022  2023  2024  2025  2026  2027  2028  2029  2030  2031  2032  2033  2034  2035  2036  2037  2038  2039  2040  2041  2042  2043  2044  2045  2046  2047  2048  2049  2050  2051  2052  2053  2054  2055  2056  2057  2058  2059  2060  2061  2062  2063  2064  2065  2066  2067  2068  2069  2070  2071  2072  2073  2074  2075  2076  2077  2078  2079  2080  2081  2082  2083  2084  2085  2086  2087  2088  2089  2090  2091  2092  2093  2094  2095  2096  2097  2098  2099  2100  2101  2102  2103  2104  2105  2106  2107  2108  2109  2110  2111  2112  2113  2114  2115  2116  2117  2118  2119  2120  2121  2122  2123  2124  2125  2126  2127  2128  2129  2130  2131  2132  2133  2134  2135  2136  2137  2138  2139  2140  2141  2142  2143  2144  2145  2146  2147  2148  2149  2150  2151  2152  2153  2154  2155  2156  2157  2158  2159  2160  2161  2162  2163  2164  2165  2166  2167  2168  2169  2170  2171  2172  2173  2174  2175  2176  2177  2178  2179  2180  2181  2182  2183  2184  2185  2186  2187  2188  2189  2190  2191  2192  2193  2194  2195  2196  2197  2198  2199  2200  2201  2202  2203  2204  2205  2206  2207  2208  2209  2210  2211  2212  2213  2214  2215  2216  2217  2218  2219  2220  2221  2222  2223  2224  2225  2226  2227  2228  2229  2230  2231  2232  2233  2234  2235  2236  2237  2238  2239  2240  2241  2242  2243  2244  2245  2246  2247  2248  2249  2250  2251  2252  2253  2254  2255  2256  2257  2258  2259  2260  2261  2262  2263  2264  2265  2266  2267  2268  2269  2270  2271  2272  2273  2274  2275  2276  2277  2278  2279  2280  2281  2282  2283  2284  2285  2286  2287  2288  2289  2290  2291  2292  2293  2294  2295  2296  2297  2298  2299  2300  2301  2302  2303  2304  2305  2306  2307  2308  2309  2310  2311  2312  2313  2314  2315  2316  2317  2318  2319  2320  2321  2322  2323  2324  2325  2326  2327  2328  2329  2330  2331  2332  2333  2334  2335  2336  2337  2338  2339  2340  2341  2342  2343  2344  2345  2346  2347  2348  2349  2350  2351  2352  2353  2354  2355  2356  2357  2358  2359  2360  2361  2362  2363  2364  2365  2366  2367  2368  2369  2370  2371  2372  2373  2374  2375  2376  2377  2378  2379  2380  2381  2382  2383  2384  2385  2386  2387  2388  2389  2390  2391  2392  2393  2394  2395  2396  2397  2398  2399  2400  2401  2402  2403  2404  2405  2406  2407  2408  2409  2410  2411  2412  2413  2414  2415  2416  2417  2418  2419  2420  2421  2422  2423  2424  2425  2426  2427  2428  2429  2430  2431  2432  2433  2434  2435  2436  2437  2438  2439  2440  2441  2442  2443  2444  2445  2446  2447  2448  2449  2450  2451  2452  2453  2454  2455  2456  2457  2458  2459  2460  2461  2462  2463  2464  2465  2466  2467  2468  2469  2470  2471  2472  2473  2474  2475  2476  2477  2478  2479  2480  2481  2482  2483  2484  2485  2486  2487  2488  2489  2490  2491  2492  2493  2494  2495  2496  2497  2498  2499  2500  2501  2502  2503  2504  2505  2506  2507  2508  2509  2510  2511  2512  2513  2514  2515  2516  2517  2518  2519  2520  2521  2522  2523  2524  2525  2526  2527  2528  2529  2530  2531  2532  2533  2534  2535  2536  2537  2538  2539  2540  2541  2542  2543  2544  2545  2546  2547  2548  2549  2550  2551  2552  2553  2554  2555  2556  2557  2558  2559  2560  2561  2562  2563  2564  2565  2566  2567  2568  2569  2570  2571  2572  2573  2574  2575  2576  2577  2578  2579  2580  2581  2582  2583  2584  2585  2586  2587  2588  2589  2590  2591  2592  2593  2594  2595  2596  2597  2598  2599  2600  2601  2602  2603  2604  2605  2606  2607  2608  2609  2610  2611  2612  2613  2614  2615  2616  2617  2618  2619  2620  2621  2622  2623  2624  2625  2626  2627  2628  2629  2630  2631  2632  2633  2634  2635  2636  2637  2638  2639  2640  2641  2642  2643  2644  2645  2646  2647  2648  2649  2650  2651  2652  2653  2654  2655  2656  2657  2658  2659  2660  2661  2662  2663  2664  2665  2666  2667  2668  2669  2670  2671  2672  2673  2674  2675  2676  2677  2678  2679  2680  2681  2682  2683  2684  2685  2686  2687  2688  2689  2690  2691  2692  2693  2694  2695  2696  2697  2698  2699  2700  2701  2702  2703  2704  2705  2706  2707  2708  2709  2710  2711  2712  2713  2714  2715  2716  2717  2718  2719  2720  2721  2722  2723  2724  2725  2726  2727  2728  2729  2730  2731  2732  2733  2734  2735  2736  2737  2738  2739  2740  2741  2742  2743  2744  2745  2746  2747  2748  2749  2750  2751  2752  2753  2754  2755  2756  2757  2758  2759  2760  2761  2762  2763  2764  2765  2766  2767  2768  2769  2770  2771  2772  2773  2774  2775  2776  2777  2778  2779  2780  2781  2782  2783  2784
755   756   757   758   759   1390  1391  1392  1393  1394  1395  1396  1397  1398  1399  1400  1401  1402  1403  1404  1405  1406  1407  1408  1409  1410  1411  1412  1413  1414  1415  1416  1417  1418  1419  1420  1421  1422  1423  1424  1460  1461  1462  1463  1464  2785  2786  2787  2788  2789  2790  2791  2792  2793  2794  2795  2796  2797  2798  2799  2800  2801  2802  2803  2804  2805  2806  2807  2808  2809  2810  2811  2812  2813  2814  2815  2816  2817  2818  2819  1500  1501  1502  1503  1504  2820  2821  2822  2823  2824  2825  2826  2827  2828  2829  2830  2831  2832  2833  2834  2835  2836  2837  2838  2839  2840  2841  2842  2843  2844  2845  2846  2847  2848  2849  2850  2851  2852  2853  2854  1540  1541  1542  1543  1544  2855  2856  2857  2858  2859  2860  2861  2862  2863  2864  2865  2866  2867  2868  2869  2870  2871  2872  2873  2874  2875  2876  2877  2878  2879  2880  2881  2882  2883  2884  2885  2886  2887  2888  2889  1580  1581  1582  1583  1584  2890  2891  2892  2893  2894  2895  2896  2897  2898  2899  2900  2901  2902  2903  2904  2905  2906  2907  2908  2909  2910  2911  2912  2913  2914  2915  2916  2917  2918  2919  2920  2921  2922  2923  2924  1620  1621  1622  1623  1624  2925  2926  2927  2928  2929  2930  2931  2932  2933  2934  2935  2936  2937  2938  2939  2940  2941  2942  2943  2944  2945  2946  2947  2948  2949  2950  2951  2952  2953  2954  2955  2956  2957  2958  2959  1660  1661  1662  1663  1664  2960  2961  2962  2963  2964  2965  2966  2967  2968  2969  2970  2971  2972  2973  2974  2975  2976  2977  2978  2979  2980  2981  2982  2983  2984  2985  2986  2987  2988  2989  2990  2991  2992  2993  2994  1700  1701  1702  1703  1704  2995  2996  2997  2998  2999  3000  3001  3002  3003  3004  3005  3006  3007  3008  3009  3010  3011  3012  3013  3014  3015  3016  3017  3018  3019  3020  3021  3022  3023  3024  3025  3026  3027  3028  3029  1740  1741  1742  1743  1744  3030  3031  3032  3033  3034  3035  3036  3037  3038  3039  3040  3041  3042  3043  3044  3045  3046  3047  3048  3049  3050  3051  3052  3053  3054  3055  3056  3057  3058  3059  3060  3061  3062  3063  3064  1780  1781  1782  1783  1784  3065  3066  3067  3068  3069  3070  3071  3072  3073  3074  3075  3076  3077  3078  3079  3080  3081  3082  3083  3084  3085  3086  3087  3088  3089  3090  3091  3092  3093  3094  3095  3096  3097  3098  3099  1820  1821  1822  1823  1824  3100  3101  3102  3103  3104  3105  3106  3107  3108  3109  3110  3111  3112  3113  3114  3115  3116  3117  3118  3119  3120  3121  3122  3123  3124  3125  3126  3127  3128  3129  3130  3131  3132  3133  3134  1860  1861  1862  1863  1864  3135  3136  3137  3138  3139  3140  3141  3142  3143  3144  3145  3146  3147  3148  3149  3150  3151  3152  3153  3154  3155  3156  3157  3158  3159  3160  3161  3162  3163  3164  3165  3166  3167  3168  3169  1900  1901  1902  1903  1904  3170  3171  3172  3173  3174  3175  3176  3177  3178  3179  3180  3181  3182  3183  3184  3185  3186  3187  3188  3189  3190  3191  3192  3193  3194  3195  3196  3197  3198  3199  3200  3201  3202  3203  3204  1940  1941  1942  1943  1944  3205  3206  3207  3208  3209  3210  3211  3212  3213  3214  3215  3216  3217  3218  3219  3220  3221  3222  3223  3224  3225  3226  3227  3228  3229  3230  3231  3232  3233  3234  3235  3236  3237  3238  3239  1980  1981  1982  1983  1984  3240  3241  3242  3243  3244  3245  3246  3247  3248  3249  3250  3251  3252  3253  3254  3255  3256  3257  3258  3259  3260  3261  3262  3263  3264  3265  3266  3267  3268  3269  3270  3271  3272  3273  3274  2020  2021  2022  2023  2024  3275  3276  3277  3278  3279  3280  3281  3282  3283  3284  3285  3286  3287  3288  3289  3290  3291  3292  3293  3294  3295  3296  3297  3298  3299  3300  3301  3302  3303  3304  3305  3306  3307  3308  3309  2060  2061  2062  2063  2064  3310  3311  3312  3313  3314  3315  3316  3317  3318  3319  3320  3321  3322  3323  3324  3325  3326  3327  3328  3329  3330  3331  3332  3333  3334  3335  3336  3337  3338  3339  3340  3341  3342  3343  3344  2100  2101  2102  2103  2104  3345  3346  3347  3348  3349  3350  3351  3352  3353  3354  3355  3356  3357  3358  3359  3360  3361  3362  3363  3364  3365  3366  3367  3368  3369  3370  3371  3372  3373  3374  3375  3376  3377  3378  3379  2140  2141  2142  2143  2144  3380  3381  3382  3383  3384  3385  3386  3387  3388  3389  3390  3391  3392  3393  3394  3395  3396  3397  3398  3399  3400  3401  3402  3403  3404  3405  3406  3407  3408  3409  3410  3411  3412  3413  3414  2180  2181  2182  2183  2184  3415  3416  3417  3418  3419  3420  3421  3422  3423  3424  3425  3426  3427  3428  3429  3430  3431  3432  3433  3434  3435  3436  3437  3438  3439  3440  3441  3442  3443  3444  3445  3446  3447  3448  3449  2220  2221  2222  2223  2224  3450  3451  3452  3453  3454  3455  3456  3457  3458  3459  3460  3461  3462  3463  3464  3465  3466  3467  3468  3469  3470  3471  3472  3473  3474  3475  3476  3477  3478  3479  3480  3481  3482  3483  3484  2260  2261  2262  2263  2264  3485  3486  3487  3488  3489  3490  3491  3492  3493  3494  3495  3496  3497  3498  3499  3500  3501  3502  3503  3504  3505  3506  3507  3508  3509  3510  3511  3512  3513  3514  3515  3516  3517  3518  3519  2300  2301  2302  2303  2304  3520  3521  3522  3523  3524  3525  3526  3527  3528  3529  3530  3531  3532  3533  3534  3535  3536  3537  3538  3539  3540  3541  3542  3543  3544  3545  3546  3547  3548  3549  3550  3551  3552  3553  3554  2340  2341  2342  2343  2344  3555  3556  3557  3558  3559  3560  3561  3562  3563  3564  3565  3566  3567  3568  3569  3570  3571  3572  3573  3574  3575  3576  3577  3578  3579  3580  3581  3582  3583  3584  3585  3586  3587  3588  3589  2380  2381  2382  2383  2384  3590  3591  3592  3593  3594  3595  3596  3597  3598  3599  3600  3601  3602  3603  3604  3605  3606  3607  3608  3609  3610  3611  3612  3613  3614  3615  3616  3617  3618  3619  3620  3621  3622  3623  3624  2420  2421  2422  2423  2424  3625  3626  3627  3628  3629  3630  3631  3632  3633  3634  3635  3636  3637  3638  3639  3640  3641  3642  3643  3644  3645  3646  3647  3648  3649  3650  3651  3652  3653  3654  3655  3656  3657  3658  3659  2460  2461  2462  2463  2464  3660  3661  3662  3663  3664  3665  3666  3667  3668  3669  3670  3671  3672  3673  3674  3675  3676  3677  3678  3679  3680  3681  3682  3683  3684  3685  3686  3687  3688  3689  3690  3691  3692  3693  3694  2500  2501  2502  2503  2504  3695  3696  3697  3698  3699  3700  3701  3702  3703  3704  3705  3706  3707  3708  3709  3710  3711  3712  3713  3714  3715  3716  3717  3718  3719  3720  3721  3722  3723  3724  3725  3726  3727  3728  3729  2540  2541  2542  2543  2544  3730  3731  3732  3733  3734  3735  3736  3737  3738  3739  3740  3741  3742  3743  3744  3745  3746  3747  3748  3749  3750  3751  3752  3753  3754  3755  3756  3757  3758  3759  3760  3761  3762  3763  3764  2580  2581  2582  2583  2584  3765  3766  3767  3768  3769  3770  3771  3772  3773  3774  3775  3776  3777  3778  3779  3780  3781  3782  3783  3784  3785  3786  3787  3788  3789  3790  3791  3792  3793  3794  3795  3796  3797  3798  3799  2620  2621  2622  2623  2624  3800  3801  3802  3803  3804  3805  3806  3807  3808  3809  3810  3811  3812  3813  3814  3815  3816  3817  3818  3819  3820  3821  3822  3823  3824  3825  3826  3827  3828  3829  3830  3831  3832  3833  3834  2660  2661  2662  2663  2664  3835  3836  3837  3838  3839  3840  3841  3842  3843  3844  3845  3846  3847  3848  3849  3850  3851  3852  3853  3854  3855  3856  3857  3858  3859  3860  3861  3862  3863  3864  3865  3866  3867  3868  3869  2700  2701  2702  2703  2704  3870  3871  3872  3873  3874  3875  3876  3877  3878  3879  3880  3881  3882  3883  3884  3885  3886  3887  3888  3889  3890  3891  3892  3893  3894  3895  3896  3897  3898  3899  3900  3901  3902  3903  3904  2740  2741  2742  2743  2744  3905  3906  3907  3908  3909  3910  3911  3912  3913  3914  3915  3916  3917  3918  3919  3920  3921  3922  3923  3924  3925  3926  3927  3928  3929  3930  3931  3932  3933  3934  3935  3936  3937  3938  3939  2780  2781  2782  2783  2784  3940  3941  3942  3943  3944  3945  3946  3947  3948  3949  3950  3951  3952  3953  3954  3955  3956  3957  3958  3959  3960  3961  3962  3963  3964  3965  3966  3967  3968  3969  3970  3971  3972  3973  3974

924   0     2

0.0000000000000000e+00  0.0000000000000000e+00  0.0000000000000000e+00  0.0000000000000000e+00  5.0000000000000000e-01  1.0000000000000000e+00  1.0000000000000000e+00  1.0000000000000000e+00  1.0000000000000000e+00
0.0000000000000000e+00  0.0000000000000000e+00  0.0000000000000000e+00  0.0000000000000000e+00  2.0000000000000001e-01  4.0000000000000002e-01  6.0000000000000009e-01  8.0000000000000004e-01  1.0000000000000000e+00  1.0000000000000000e+00  1.0000000000000000e+00  1.0000000000000000e+00
0.0000000000000000e+00  0.0000000000000000e+00  0.0000000000000000e+00  0.0000000000000000e+00  6.2500000000000000e-02  1.2500000000000000e-01  1.8750000000000000e-01  2.5000000000000000e-01  3.1250000000000000e-01  3.7500000000000000e-01  4.3750000000000000e-01  5.0000000000000000e-01  5.6250000000000000e-01  6.2500000000000000e-01  6.8750000000000000e-01  7.5000000000000000e-01  8.1250000000000000e-01  8.7500000000000000e-01  9.3750000000000000e-01  1.0000000000000000e+00  1.0000000000000000e+00  1.0000000000000000e+00  1.0000000000000000e+00
0.0000000000000000e+00  0.0000000000000000e+00  0.0000000000000000e+00  0.0000000000000000e+00  5.0000000000000000e-01  1.0000000000000000e+00  1.0000000000000000e+00  1.0000000000000000e+00  1.0000000000000000e+00
0.0000000000000000e+00  0.0000000000000000e+00  0.0000000000000000e+00  0.0000000000000000e+00  2.0000000000000001e-01  4.0000000000000002e-01  6.0000000000000009e-01  8.0000000000000004e-01  1.0000000000000000e+00  1.0000000000000000e+00  1.0000000000000000e+00  1.0000000000000000e+00
0.0000000000000000e+00  0.0000000000000000e+00  0.0000000000000000e+00  0.0000000000000000e+00  6.2500000000000000e-02  1.2500000000000000e-01  1.8750000000000000e-01  2.5000000000000000e-01  3.1250000000000000e-01  3.7500000000000000e-01  4.3750000000000000e-01  5.0000000000000000e-01  5.6250000000000000e-01  6.2500000000000000e-01  6.8750000000000000e-01  7.5000000000000000e-01  8.1250000000000000e-01  8.7500000000000000e-01  9.3750000000000000e-01  1.0000000000000000e+00  1.0000000000000000e+00  1.0000000000000000e+00  1.0000000000000000e+00
0.0000000000000000e+00  0.0000000000000000e+00  0.0000000000000000e+00  0.0000000000000000e+00  5.0000000000000000e-01  1.0000000000000000e+00  1.0000000000000000e+00  1.0000000000000000e+00  1.0000000000000000e+00
0.0000000000000000e+00  0.0000000000000000e+00  0.0000000000000000e+00  0.0000000000000000e+00  2.0000000000000001e-01  4.0000000000000002e-01  6.0000000000000009e-01  8.0000000000000004e-01  1.0000000000000000e+00  1.0000000000000000e+00  1.0000000000000000e+00  1.0000000000000000e+00
0.0000000000000000e+00  0.0000000000000000e+00  0.0000000000000000e+00  0.0000000000000000e+00  3.1250000000000000e-02  6.2500000000000000e-02  9.3750000000000000e-02  1.2500000000000000e-01  1.5625000000000000e-01  1.8750000000000000e-01  2.1875000000000000e-01  2.5000000000000000e-01  2.8125000000000000e-01  3.1250000000000000e-01  3.4375000000000000e-01  3.7500000000000000e-01  4.0625000000000000e-01  4.3750000000000000e-01  4.6875000000000000e-01  5.0000000000000000e-01  5.3125000000000000e-01  5.6250000000000000e-01  5.9375000000000000e-01  6.2500000000000000e-01  6.5625000000000000e-01  6.8750000000000000e-01  7.1875000000000000e-01  7.5000000000000000e-01  7.8125000000000000e-01  8.1250000000000000e-01  8.4375000000000000e-01  8.7500000000000000e-01  9.0625000000000000e-01  9.3750000000000000e-01  9.6875000000000000e-01  1.0000000000000000e+00  1.0000000000000000e+00  1.0000000000000000e+00  1.0000000000000000e+00
0.0000000000000000e+00  0.0000000000000000e+00  0.0000000000000000e+00  0.0000000000000000e+00  5.0000000000000000e-01  1.0000000000000000e+00  1.0000000000000000e+00  1.0000000000000000e+00  1.0000000000000000e+00
0.0000000000000000e+00  0.0000000000000000e+00  0.0000000000000000e+00  0.0000000000000000e+00  2.0000000000000001e-01  4.0000000000000002e-01  6.0000000000000009e-01  8.0000000000000004e-01  1.0000000000000000e+00  1.0000000000000000e+00  1.0000000000000000e+00  1.0000000000000000e+00
0.0000000000000000e+00  0.0000000000000000e+00  0.0000000000000000e+00  0.0000000000000000e+00  3.1250000000000000e-02  6.2500000000000000e-02  9.3750000000000000e-02  1.2500000000000000e-01  1.5625000000000000e-01  1.8750000000000000e-01  2.1875000000000000e-01  2.5000000000000000e-01  2.8125000000000000e-01  3.1250000000000000e-01  3.4375000000000000e-01  3.7500000000000000e-01  4.0625000000000000e-01  4.3750000000000000e-01  4.6875000000000000e-01  5.0000000000000000e-01  5.3125000000000000e-01  5.6250000000000000e-01  5.9375000000000000e-01  6.2500000000000000e-01  6.5625000000000000e-01  6.8750000000000000e-01  7.1875000000000000e-01  7.5000000000000000e-01  7.8125000000000000e-01  8.1250000000000000e-01  8.4375000000000000e-01  8.7500000000000000e-01  9.0625000000000000e-01  9.3750000000000000e-01  9.6875000000000000e-01  1.0000000000000000e+00  1.0000000000000000e+00  1.0000000000000000e+00  1.0000000000000000e+00

0      0.0000000000000000e+00 -1.9000000000000000e+01  0.0000000000000000e+00  1.0000000000000000e+00
1      0.0000000000000000e+00 -1.9333333333333336e+01  0.0000000000000000e+00  1.0000000000000000e+00
2      0.0000000000000000e+00 -2.0000000000000000e+01  0.0000000000000000e+00  1.0000000000000000e+00
3      0.0000000000000000e+00 -2.0666666666666664e+01  0.0000000000000000e+00  1.0000000000000000e+00
4      0.0000000000000000e+00 -2.1000000000000000e+01  0.0000000000000000e+00  1.0000000000000000e+00
5      1.8641362269829624e+00 -1.9000000000000000e+01  0.0000000000000000e+00  9.6094757082487314e-01
6      1.8968403713159971e+00 -1.9333333333333336e+01  0.0000000000000000e+00  9.6094757082487314e-01
7      1.9622486599820654e+00 -1.9999999999999996e+01  0.0000000000000000e+00  9.6094757082487314e-01
8      2.0276569486481342e+00 -2.0666666666666664e+01  0.0000000000000000e+00  9.6094757082487314e-01
9      2.0603610929811684e+00 -2.1000000000000000e+01  0.0000000000000000e+00  9.6094757082487314e-01
10     5.7477485436690587e+00 -1.8436074406113576e+01  0.0000000000000000e+00  8.9846368414467004e-01
11     5.8485862374176385e+00 -1.8759514307975220e+01  0.0000000000000000e+00  8.9846368414467004e-01
12     6.0502616249147980e+00 -1.9406394111698500e+01  0.0000000000000000e+00  8.9846368414467004e-01
13     6.2519370124119567e+00 -2.0053273915421784e+01  0.0000000000000000e+00  8.9846368414467004e-01
14     6.3527747061605382e+00 -2.0376713817283427e+01  0.0000000000000000e+00  8.9846368414467004e-01
15     1.1265546362339835e+01 -1.5727731153297620e+01  0.0000000000000000e+00  8.5160076913451777e-01
16     1.1463187526591410e+01 -1.6003656261250210e+01  0.0000000000000000e+00  8.5160076913451777e-01
17     1.1858469855094562e+01 -1.6555506477155390e+01  0.0000000000000000e+00  8.5160076913451777e-01
18     1.2253752183597712e+01 -1.7107356693060566e+01  0.0000000000000000e+00  8.5160076913451777e-01
19     1.2451393347849288e+01 -1.7383281801013158e+01  0.0000000000000000e+00  8.5160076913451777e-01
20     1.5727731153297624e+01 -1.1265546362339830e+01  0.0000000000000000e+00  8.5160076913451765e-01
21     1.6003656261250214e+01 -1.1463187526591405e+01  0.0000000000000000e+00  8.5160076913451777e-01
22     1.6555506477155390e+01 -1.1858469855094555e+01  0.0000000000000000e+00  8.5160076913451777e-01
23     1.7107356693060566e+01 -1.2253752183597710e+01  0.0000000000000000e+00  8.5160076913451765e-01
24     1.7383281801013158e+01 -1.2451393347849287e+01  0.0000000000000000e+00  8.5160076913451765e-01
25     1.8436074406113573e+01 -5.7477485436690552e+00  0.0000000000000000e+00  8.9846368414467004e-01
26     1.8759514307975216e+01 -5.8485862374176358e+00  0.0000000000000000e+00  8.9846368414467004e-01
27     1.9406394111698500e+01 -6.0502616249147954e+00  0.0000000000000000e+00  8.9846368414467004e-01
28     2.0053273915421780e+01 -6.2519370124119558e+00  0.0000000000000000e+00  8.9846368414467004e-01
29     2.0376713817283424e+01 -6.3527747061605355e+00  0.0000000000000000e+00  8.9846368414467004e-01
30     1.9000000000000000e+01 -1.8641362269829616e+00  0.0000000000000000e+00  9.6094757082487314e-01
31     1.9333333333333332e+01 -1.8968403713159956e+00  0.0000000000000000e+00  9.6094757082487314e-01
32     1.9999999999999996e+01 -1.9622486599820645e+00  0.0000000000000000e+00  9.6094757082487314e-01
33     2.0666666666666661e+01 -2.0276569486481333e+00  0.0000000000000000e+00  9.6094757082487314e-01
34     2.1000000000000000e+01 -2.0603610929811675e+00  0.0000000000000000e+00  9.6094757082487314e-01
35     1.9000000000000000e+01  0.0000000000000000e+00  0.0000000000000000e+00  1.0000000000000000e+00
36     1.9333333333333336e+01  0.0000000000000000e+00  0.0000000000000000e+00  1.0000000000000000e+00
37     2.0000000000000000e+01  0.0000000000000000e+00  0.0000000000000000e+00  1.0000000000000000e+00
38     2.0666666666666664e+01  0.0000000000000000e+00  0.0000000000000000e+00  1.0000000000000000e+00
39     2.1000000000000000e+01  0.0000000000000000e+00  0.0000000000000000e+00  1.0000000000000000e+00
40     0.0000000000000000e+00 -1.9000000000000014e+01  1.9035093530528837e+00  9.9682831385463699e-01
41     0.0000000000000000e+00 -1.9333333333333350e+01  1.9088413120250209e+00  9.9682831385463699e-01
42     0.0000000000000000e+00 -2.0000000000000014e+01  1.9195052299692947e+00  9.9682831385463699e-01
43     0.0000000000000000e+00 -2.0666666666666679e+01  1.9301691479135683e+00  9.9682831385463699e-01
44     0.0000000000000000e+00 -2.1000000000000014e+01  1.9355011068857053e+00  9.9682831385463699e-01
45     1.8641362269829622e+00 -1.9000000000000014e+01  1.9035093530528835e+00  9.5789974672806766e-01
46     1.8968403713159971e+00 -1.9333333333333350e+01  1.9088413120250203e+00  9.5789974672806766e-01
47     1.9622486599820652e+00 -2.0000000000000014e+01  1.9195052299692941e+00  9.5789974672806766e-01
48     2.0276569486481342e+00 -2.0666666666666682e+01  1.9301691479135676e+00  9.5789974672806766e-01
49     2.0603610929811680e+00 -2.1000000000000014e+01  1.9355011068857051e+00  9.5789974672806766e-01
50     5.7477485436690579e+00 -1.8436074406113590e+01  1.8944888686630621e+00  8.9561403932555661e-01
51     5.8485862374176376e+00 -1.8759514307975234e+01  1.8996625735230970e+00  8.9561403932555661e-01
52     6.0502616249147980e+00 -1.9406394111698518e+01  1.9100099832431656e+00  8.9561403932555661e-01
53     6.2519370124119558e+00 -2.0053273915421798e+01  1.9203573929632358e+00  8.9561403932555661e-01
54     6.3527747061605364e+00 -2.0376713817283445e+01  1.9255310978232709e+00  8.9561403932555661e-01
55     1.1265546362339833e+01 -1.5727731153297634e+01  1.8511665433436260e+00  8.4889975877367330e-01
56     1.1463187526591408e+01 -1.6003656261250224e+01  1.8555802074085830e+00  8.4889975877367330e-01
57     1.1858469855094562e+01 -1.6555506477155404e+01  1.8644075355384968e+00  8.4889975877367330e-01
58     1.2253752183597712e+01 -1.7107356693060581e+01  1.8732348636684106e+00  8.4889975877367330e-01
59     1.2451393347849288e+01 -1.7383281801013172e+01  1.8776485277333679e+00  8.4889975877367330e-01
60     1.5727731153297624e+01 -1.1265546362339846e+01  1.7797899846491851e+00  8.4889975877367319e-01
61     1.6003656261250214e+01 -1.1463187526591419e+01  1.7829514283861692e+00  8.4889975877367330e-01
62     1.6555506477155390e+01 -1.1858469855094569e+01  1.7892743158601376e+00  8.4889975877367330e-01
63     1.7107356693060566e+01 -1.2253752183597724e+01  1.7955972033341068e+00  8.4889975877367319e-01
64     1.7383281801013158e+01 -1.2451393347849301e+01  1.7987586470710912e+00  8.4889975877367319e-01
65     1.8436074406113569e+01 -5.7477485436690685e+00  1.6915279698920878e+00  8.9561403932555661e-01
66     1.8759514307975216e+01 -5.8485862374176492e+00  1.6931409572298248e+00  8.9561403932555661e-01
67     1.9406394111698503e+01 -6.0502616249148087e+00  1.6963669319052987e+00  8.9561403932555661e-01
68     2.0053273915421780e+01 -6.2519370124119682e+00  1.6995929065807727e+00  8.9561403932555661e-01
69     2.0376713817283424e+01 -6.3527747061605488e+00  1.7012058939185097e+00  8.9561403932555661e-01
70     1.9000000000000000e+01 -1.8641362269829747e+00  1.6294061852833204e+00  9.5789974672806766e-01
71     1.9333333333333332e+01 -1.8968403713160089e+00  1.6299293167507283e+00  9.5789974672806766e-01
72     1.9999999999999996e+01 -1.9622486599820776e+00  1.6309755796855439e+00  9.5789974672806766e-01
73     2.0666666666666657e+01 -2.0276569486481462e+00  1.6320218426203592e+00  9.5789974672806766e-01
74     2.0999999999999996e+01 -2.0603610929811809e+00  1.6325449740877671e+00  9.5789974672806766e-01
75     1.9000000000000000e+01 -1.3170891745738675e-14  1.5995876916410789e+00  9.9682831385463699e-01
76     1.9333333333333336e+01 -1.3170891745738675e-14  1.5995876916410789e+00  9.9682831385463699e-01
77     2.0000000000000000e+01 -1.3170891745738675e-14  1.5995876916410789e+00  9.9682831385463699e-01
78     2.0666666666666661e+01 -1.3170891745738675e-14  1.5995876916410789e+00  9.9682831385463699e-01
79     2.1000000000000000e+01 -1.3170891745738675e-14  1.5995876916410789e+00  9.9682831385463699e-01
80     0.0000000000000000e+00 -1.8908398333132290e+01  5.7265798772043137e+00  9.9088140233208133e-01
81     0.0000000000000000e+00 -1.9241475079163472e+01  5.7426207171964840e+00  9.9088140233208133e-01
82     0.0000000000000000e+00 -1.9907628571225835e+01  5.7747023971808211e+00  9.9088140233208133e-01
83     0.0000000000000000e+00 -2.0573782063288199e+01  5.8067840771651582e+00  9.9088140233208133e-01
84     0.0000000000000000e+00 -2.0906858809319388e+01  5.8228249171573276e+00  9.9088140233208133e-01
85     1.8641362269829622e+00 -1.8908398333132290e+01  5.7265798772043137e+00  9.5218507654655726e-01
86     1.8968403713159967e+00 -1.9241475079163475e+01  5.7426207171964823e+00  9.5218507654655726e-01
87     1.9622486599820650e+00 -1.9907628571225835e+01  5.7747023971808193e+00  9.5218507654655726e-01
88     2.0276569486481337e+00 -2.0573782063288206e+01  5.8067840771651573e+00  9.5218507654655726e-01
89     2.0603610929811684e+00 -2.0906858809319385e+01  5.8228249171573276e+00  9.5218507654655726e-01
90     5.7477485436690587e+00 -1.8344906827686113e+01  5.6994423565472507e+00  8.9027095528971867e-01
91     5.8485862374176385e+00 -1.8668097757832282e+01  5.7150070996857876e+00  8.9027095528971867e-01
92     6.0502616249147980e+00 -1.9314479618124597e+01  5.7461365859628568e+00  8.9027095528971867e-01
93     6.2519370124119567e+00 -1.9960861478416927e+01  5.7772660722399314e+00  8.9027095528971867e-01
94     6.3527747061605382e+00 -2.0284052408563085e+01  5.7928308153784682e+00  8.9027095528971867e-01
95     1.1265546362339833e+01 -1.5638648354335771e+01  5.5691100542603751e+00  8.4383536434708983e-01
96     1.1463187526591408e+01 -1.5914361065651226e+01  5.5823882657798434e+00  8.4383536434708983e-01
97     1.1858469855094558e+01 -1.6465786488282134e+01  5.6089446888187791e+00  8.4383536434708983e-01
98     1.2253752183597712e+01 -1.7017211910913041e+01  5.6355011118577156e+00  8.4383536434708983e-01
99     1.2451393347849288e+01 -1.7292924622228497e+01  5.6487793233771848e+00  8.4383536434708983e-01
100    1.5727731153297626e+01 -1.1179898383249606e+01  5.3543784775186447e+00  8.4383536434708972e-01
101    1.6003656261250214e+01 -1.1377387410861797e+01  5.3638894683935208e+00  8.4383536434708983e-01
102    1.6555506477155394e+01 -1.1772365466086168e+01  5.3829114501432720e+00  8.4383536434708983e-01
103    1.7107356693060570e+01 -1.2167343521310549e+01  5.4019334318930268e+00  8.4383536434708972e-01
104    1.7383281801013162e+01 -1.2364832548922735e+01  5.4114444227679028e+00  8.4383536434708972e-01
105    1.8436074406113576e+01 -5.6663479551471436e+00  5.0888481417633358e+00  8.9027095528971867e-01
106    1.8759514307975220e+01 -5.7671080278803428e+00  5.0937007056951362e+00  8.9027095528971867e-01
107    1.9406394111698500e+01 -5.9686281733467386e+00  5.1034058335587380e+00  8.9027095528971867e-01
108    2.0053273915421784e+01 -6.1701483188131334e+00  5.1131109614223389e+00  8.9027095528971867e-01
109    2.0376713817283424e+01 -6.2709083915463308e+00  5.1179635253541402e+00  8.9027095528971867e-01
110    1.9000000000000000e+01 -1.7857250952818602e+00  4.9019589304726017e+00  9.5218507654655726e-01
111    1.9333333333333332e+01 -1.8184040652104037e+00  4.9035327363115826e+00  9.5218507654655726e-01
112    2.0000000000000000e+01 -1.8837620050674910e+00  4.9066803479895444e+00  9.5218507654655726e-01
113    2.0666666666666664e+01 -1.9491199449245784e+00  4.9098279596675072e+00  9.5218507654655726e-01
114    2.0999999999999993e+01 -1.9817989148531223e+00  4.9114017655064881e+00  9.5218507654655726e-01
115    1.9000000000000000e+01  7.6976190645133516e-02  4.8122519976506846e+00  9.9088140233208133e-01
116    1.9333333333333336e+01  7.6976190645133516e-02  4.8122519976506846e+00  9.9088140233208133e-01
117    2.0000000000000000e+01  7.6976190645133516e-02  4.8122519976506846e+00  9.9088140233208133e-01
118    2.0666666666666661e+01  7.6976190645133516e-02  4.8122519976506846e+00  9.9088140233208133e-01
119    2.1000000000000000e+01  7.6976190645133516e-02  4.8122519976506846e+00  9.9088140233208133e-01
120    0.0000000000000000e+00 -1.8492229138228481e+01  1.1478947523594549e+01  9.8315041735275888e-01
121    0.0000000000000000e+00 -1.8824140144217917e+01  1.1511101438226468e+01  9.8315041735275888e-01
122    0.0000000000000000e+00 -1.9487962156196787e+01  1.1575409267490299e+01  9.8315041735275888e-01
123    0.0000000000000000e+00 -2.0151784168175656e+01  1.1639717096754135e+01  9.8315041735275888e-01
124    0.0000000000000000e+00 -2.0483695174165096e+01  1.1671871011386052e+01  9.8315041735275888e-01
125    1.8641362269829622e+00 -1.8492229138228485e+01  1.1478947523594547e+01  9.4475600531059378e-01
126    1.8968403713159965e+00 -1.8824140144217921e+01  1.1511101438226465e+01  9.4475600531059378e-01
127    1.9622486599820650e+00 -1.9487962156196790e+01  1.1575409267490299e+01  9.4475600531059378e-01
128    2.0276569486481337e+00 -2.0151784168175659e+01  1.1639717096754133e+01  9.4475600531059378e-01
129    2.0603610929811684e+00 -2.0483695174165092e+01  1.1671871011386054e+01  9.4475600531059378e-01
130    5.7477485436690587e+00 -1.7930709804718386e+01  1.1424550277380815e+01  8.8332494604312950e-01
131    5.8485862374176385e+00 -1.8252769594330452e+01  1.1455749854359862e+01  8.8332494604312950e-01
132    6.0502616249147989e+00 -1.8896889173554584e+01  1.1518149008317947e+01  8.8332494604312950e-01
133    6.2519370124119558e+00 -1.9541008752778716e+01  1.1580548162276036e+01  8.8332494604312950e-01
134    6.3527747061605373e+00 -1.9863068542390778e+01  1.1611747739255087e+01  8.8332494604312950e-01
135    1.1265546362339835e+01 -1.5233923003897850e+01  1.1163298764145889e+01  8.3725165159253145e-01
136    1.1463187526591408e+01 -1.5508670744372715e+01  1.1189914981243621e+01  8.3725165159253145e-01
137    1.1858469855094560e+01 -1.6058166225322442e+01  1.1243147415439077e+01  8.3725165159253145e-01
138    1.2253752183597712e+01 -1.6607661706272165e+01  1.1296379849634542e+01  8.3725165159253145e-01
139    1.2451393347849288e+01 -1.6882409446747030e+01  1.1322996066732271e+01  8.3725165159253145e-01
140    1.5727731153297624e+01 -1.0790778275265176e+01  1.0732868637624998e+01  8.3725165159253134e-01
141    1.6003656261250214e+01 -1.0987576108220162e+01  1.0751933448994288e+01  8.3725165159253145e-01
142    1.6555506477155390e+01 -1.1381171774130145e+01  1.0790063071732877e+01  8.3725165159253145e-01
143    1.7107356693060570e+01 -1.1774767440040131e+01  1.0828192694471468e+01  8.3725165159253134e-01
144    1.7383281801013162e+01 -1.1971565272995122e+01  1.0847257505840760e+01  8.3725165159253134e-01
145    1.8436074406113580e+01 -5.2965248007411851e+00  1.0200612237571837e+01  8.8332494604312950e-01
146    1.8759514307975220e+01 -5.3969322218624223e+00  1.0210339217361250e+01  8.8332494604312950e-01
147    1.9406394111698503e+01 -5.5977470641048974e+00  1.0229793176940079e+01  8.8332494604312950e-01
148    2.0053273915421784e+01 -5.7985619063473717e+00  1.0249247136518905e+01  8.8332494604312950e-01
149    2.0376713817283431e+01 -5.8989693274686079e+00  1.0258974116308321e+01  8.8332494604312950e-01
150    1.9000000000000000e+01 -1.4294837880284532e+00  9.8259922208892743e+00  9.4475600531059378e-01
151    1.9333333333333332e+01 -1.4620483843652567e+00  9.8291469196842574e+00  9.4475600531059378e-01
152    2.0000000000000000e+01 -1.5271775770388634e+00  9.8354563172742235e+00  9.4475600531059378e-01
153    2.0666666666666661e+01 -1.5923067697124702e+00  9.8417657148641879e+00  9.4475600531059378e-01
154    2.1000000000000000e+01 -1.6248713660492735e+00  9.8449204136591728e+00  9.4475600531059378e-01
155    1.9000000000000000e+01  4.2669820316934243e-01  9.6461743895752505e+00  9.8315041735275888e-01
156    1.9333333333333332e+01  4.2669820316934243e-01  9.6461743895752505e+00  9.8315041735275888e-01
157    2.0000000000000000e+01  4.2669820316934243e-01  9.6461743895752505e+00  9.8315041735275888e-01
158    2.0666666666666664e+01  4.2669820316934243e-01  9.6461743895752505e+00  9.8315041735275888e-01
159    2.0999999999999996e+01  4.2669820316934243e-01  9.6461743895752505e+00  9.8315041735275888e-01
160    0.0000000000000000e+00 -1.7791775142871927e+01  1.7245941950696540e+01  9.7660881467794758e-01
161    0.0000000000000000e+00 -1.8121724092851963e+01  1.7294249911342749e+01  9.7660881467794758e-01
162    0.0000000000000000e+00 -1.8781621992812024e+01  1.7390865832635164e+01  9.7660881467794758e-01
163    0.0000000000000000e+00 -1.9441519892772092e+01  1.7487481753927586e+01  9.7660881467794758e-01
164    0.0000000000000000e+00 -1.9771468842752128e+01  1.7535789714573795e+01  9.7660881467794758e-01
165    1.8641362269829618e+00 -1.7791775142871931e+01  1.7245941950696540e+01  9.3846986811093236e-01
166    1.8968403713159965e+00 -1.8121724092851963e+01  1.7294249911342746e+01  9.3846986811093236e-01
167    1.9622486599820648e+00 -1.8781621992812028e+01  1.7390865832635164e+01  9.3846986811093236e-01
168    2.0276569486481337e+00 -1.9441519892772092e+01  1.7487481753927582e+01  9.3846986811093236e-01
169    2.0603610929811680e+00 -1.9771468842752128e+01  1.7535789714573795e+01  9.3846986811093236e-01
170    5.7477485436690579e+00 -1.7233575170162855e+01  1.7164215664505974e+01  8.7744755360370796e-01
171    5.8485862374176367e+00 -1.7553731138165531e+01  1.7211089830657610e+01  8.7744755360370796e-01
172    6.0502616249147971e+00 -1.8194043074170892e+01  1.7304838162960881e+01  8.7744755360370796e-01
173    6.2519370124119558e+00 -1.8834355010176260e+01  1.7398586495264158e+01  8.7744755360370796e-01
174    6.3527747061605373e+00 -1.9154510978178934e+01  1.7445460661415797e+01  8.7744755360370796e-01
175    1.1265546362339832e+01 -1.4552730132806451e+01  1.6771712046685593e+01  8.3168081772328983e-01
176    1.1463187526591405e+01 -1.4825853731732705e+01  1.6811700184454416e+01  8.3168081772328983e-01
177    1.1858469855094558e+01 -1.5372100929585212e+01  1.6891676459992059e+01  8.3168081772328983e-01
178    1.2253752183597712e+01 -1.5918348127437714e+01  1.6971652735529709e+01  8.3168081772328983e-01
179    1.2451393347849287e+01 -1.6191471726363968e+01  1.7011640873298536e+01  8.3168081772328983e-01
180    1.5727731153297624e+01 -1.0135850573626259e+01  1.6125034904852491e+01  8.3168081772328972e-01
181    1.6003656261250214e+01 -1.0331485057479176e+01  1.6153677829606700e+01  8.3168081772328972e-01
182    1.6555506477155390e+01 -1.0722754025185004e+01  1.6210963679115114e+01  8.3168081772328972e-01
183    1.7107356693060566e+01 -1.1114022992890837e+01  1.6268249528623532e+01  8.3168081772328972e-01
184    1.7383281801013158e+01 -1.1309657476743757e+01  1.6296892453377740e+01  8.3168081772328972e-01
185    1.8436074406113576e+01 -4.6740757842086378e+00  1.5325374225218244e+01  8.7744755360370796e-01
186    1.8759514307975220e+01 -4.7738896577208934e+00  1.5339988015242023e+01  8.7744755360370796e-01
187    1.9406394111698500e+01 -4.9735174047454054e+00  1.5369215595289587e+01  8.7744755360370796e-01
188    2.0053273915421787e+01 -5.1731451517699183e+00  1.5398443175337155e+01  8.7744755360370796e-01
189    2.0376713817283427e+01 -5.2729590252821739e+00  1.5413056965360937e+01  8.7744755360370796e-01
190    1.9000000000000000e+01 -8.2989436614833156e-01  1.4762546052339435e+01  9.3846986811093236e-01
191    1.9333333333333329e+01 -8.6226646039637167e-01  1.4767285663891657e+01  9.3846986811093236e-01
192    2.0000000000000000e+01 -9.2701064889245266e-01  1.4776764886996107e+01  9.3846986811093236e-01
193    2.0666666666666668e+01 -9.9175483738853309e-01  1.4786244110100554e+01  9.3846986811093236e-01
194    2.1000000000000000e+01 -1.0241269316365738e+00  1.4790983721652781e+01  9.3846986811093236e-01
195    1.9000000000000004e+01  1.0153150059899763e+00  1.4492388193862640e+01  9.7660881467794758e-01
196    1.9333333333333339e+01  1.0153150059899763e+00  1.4492388193862640e+01  9.7660881467794758e-01
197    2.0000000000000000e+01  1.0153150059899763e+00  1.4492388193862640e+01  9.7660881467794758e-01
198    2.0666666666666661e+01  1.0153150059899763e+00  1.4492388193862640e+01  9.7660881467794758e-01
199    2.0999999999999996e+01  1.0153150059899763e+00  1.4492388193862640e+01  9.7660881467794758e-01
200    0.0000000000000000e+00 -1.6803865494077336e+01  2.3006672246962442e+01  9.7125659430764744e-01
201    0.0000000000000000e+00 -1.7131047190139178e+01  2.3071116707037969e+01  9.7125659430764744e-01
202    0.0000000000000000e+00 -1.7785410582262855e+01  2.3200005627189018e+01  9.7125659430764744e-01
203    0.0000000000000000e+00 -1.8439773974386537e+01  2.3328894547340070e+01  9.7125659430764744e-01
204    0.0000000000000000e+00 -1.8766955670448386e+01  2.3393339007415591e+01  9.7125659430764744e-01
205    1.8641362269829613e+00 -1.6803865494077336e+01  2.3006672246962438e+01  9.3332666494757321e-01
206    1.8968403713159958e+00 -1.7131047190139178e+01  2.3071116707037962e+01  9.3332666494757321e-01
207    1.9622486599820645e+00 -1.7785410582262855e+01  2.3200005627189011e+01  9.3332666494757321e-01
208    2.0276569486481328e+00 -1.8439773974386533e+01  2.3328894547340060e+01  9.3332666494757321e-01
209    2.0603610929811675e+00 -1.8766955670448382e+01  2.3393339007415591e+01  9.3332666494757321e-01
210    5.7477485436690570e+00 -1.6250347097296014e+01  2.2897646605700100e+01  8.7263877797145395e-01
211    5.8485862374176367e+00 -1.6567817944291516e+01  2.2960178335227166e+01  8.7263877797145395e-01
212    6.0502616249147962e+00 -1.7202759638282515e+01  2.3085241794281284e+01  8.7263877797145395e-01
213    6.2519370124119558e+00 -1.7837701332273522e+01  2.3210305253335410e+01  8.7263877797145395e-01
214    6.3527747061605355e+00 -1.8155172179269023e+01  2.3272836982862479e+01  8.7263877797145395e-01
215    1.1265546362339833e+01 -1.3591986080374106e+01  2.2374033449819350e+01  8.2712286273936464e-01
216    1.1463187526591408e+01 -1.3862819014792031e+01  2.2427378983629207e+01  8.2712286273936464e-01
217    1.1858469855094562e+01 -1.4404484883627882e+01  2.2534070051248914e+01  8.2712286273936464e-01
218    1.2253752183597710e+01 -1.4946150752463728e+01  2.2640761118868628e+01  8.2712286273936464e-01
219    1.2451393347849285e+01 -1.5216983686881653e+01  2.2694106652678492e+01  8.2712286273936464e-01
220    1.5727731153297626e+01 -9.2121505162333381e+00  2.1511344180987873e+01  8.2712286273936453e-01
221    1.6003656261250214e+01 -9.4061442302277438e+00  2.1549554815344539e+01  8.2712286273936453e-01
222    1.6555506477155394e+01 -9.7941316582165427e+00  2.1625976084057879e+01  8.2712286273936453e-01
223    1.7107356693060570e+01 -1.0182119086205351e+01  2.1702397352771232e+01  8.2712286273936453e-01
224    1.7383281801013162e+01 -1.0376112800199754e+01  2.1740607987127905e+01  8.2712286273936453e-01
225    1.8436074406113576e+01 -3.7961831697162411e+00  2.0444569677297423e+01  8.7263877797145395e-01
226    1.8759514307975216e+01 -3.8951599127191163e+00  2.0464064969484088e+01  8.7263877797145395e-01
227    1.9406394111698503e+01 -4.0931133987248653e+00  2.0503055553857418e+01  8.7263877797145395e-01
228    2.0053273915421784e+01 -4.2910668847306139e+00  2.0542046138230745e+01  8.7263877797145395e-01
229    2.0376713817283424e+01 -4.3900436277334896e+00  2.0561541430417410e+01  8.7263877797145395e-01
230    1.8999999999999996e+01  1.5757424143797171e-02  1.9693737780622936e+01  9.3332666494757321e-01
231    1.9333333333333325e+01 -1.6343168089603052e-02  1.9700060583394265e+01  9.3332666494757321e-01
232    1.9999999999999996e+01 -8.0544352556403381e-02  1.9712706188936906e+01  9.3332666494757321e-01
233    2.0666666666666657e+01 -1.4474553702320406e-01  1.9725351794479558e+01  9.3332666494757321e-01
234    2.0999999999999996e+01 -1.7684612925660440e-01  1.9731674597250876e+01  9.3332666494757321e-01
235    1.9000000000000000e+01  1.8454911814476169e+00  1.9333338022657511e+01  9.7125659430764744e-01
236    1.9333333333333336e+01  1.8454911814476169e+00  1.9333338022657511e+01  9.7125659430764744e-01
237    1.9999999999999996e+01  1.8454911814476169e+00  1.9333338022657511e+01  9.7125659430764744e-01
238    2.0666666666666668e+01  1.8454911814476169e+00  1.9333338022657511e+01  9.7125659430764744e-01
239    2.0999999999999996e+01  1.8454911814476169e+00  1.9333338022657511e+01  9.7125659430764744e-01
240    0.0000000000000000e+00 -1.5527372512919648e+01  2.8739779869935550e+01  9.6709375624185845e-01
241    0.0000000000000000e+00 -1.5850978598390006e+01  2.8820283455005399e+01  9.6709375624185845e-01
242    0.0000000000000000e+00 -1.6498190769330733e+01  2.8981290625145085e+01  9.6709375624185845e-01
243    0.0000000000000000e+00 -1.7145402940271460e+01  2.9142297795284787e+01  9.6709375624185845e-01
244    0.0000000000000000e+00 -1.7469009025741826e+01  2.9222801380354635e+01  9.6709375624185845e-01
245    1.8641362269829616e+00 -1.5527372512919650e+01  2.8739779869935550e+01  9.2932639582051579e-01
246    1.8968403713159963e+00 -1.5850978598390009e+01  2.8820283455005395e+01  9.2932639582051579e-01
247    1.9622486599820645e+00 -1.6498190769330730e+01  2.8981290625145085e+01  9.2932639582051579e-01
248    2.0276569486481333e+00 -1.7145402940271460e+01  2.9142297795284779e+01  9.2932639582051579e-01
249    2.0603610929811680e+00 -1.7469009025741826e+01  2.9222801380354632e+01  9.2932639582051579e-01
250    5.7477485436690561e+00 -1.4979903251117239e+01  2.8603585773874041e+01  8.6889861914636757e-01
251    5.8485862374176358e+00 -1.5293904612696332e+01  2.8681699988837551e+01  8.6889861914636757e-01
252    6.0502616249147971e+00 -1.5921907335854511e+01  2.8837928418764548e+01  8.6889861914636757e-01
253    6.2519370124119558e+00 -1.6549910059012699e+01  2.8994156848691567e+01  8.6889861914636757e-01
254    6.3527747061605355e+00 -1.6863911420591794e+01  2.9072271063655073e+01  8.6889861914636757e-01
255    1.1265546362339835e+01 -1.2350594176655717e+01  2.7949491749519797e+01  8.2357778664075620e-01
256    1.1463187526591410e+01 -1.2618467308858289e+01  2.8016130630722696e+01  8.2357778664075620e-01
257    1.1858469855094560e+01 -1.3154213573263437e+01  2.8149408393128503e+01  8.2357778664075620e-01
258    1.2253752183597713e+01 -1.3689959837668587e+01  2.8282686155534314e+01  8.2357778664075620e-01
259    1.2451393347849288e+01 -1.3957832969871161e+01  2.8349325036737220e+01  8.2357778664075620e-01
260    1.5727731153297626e+01 -8.0186237181139894e+00  2.6871826130771044e+01  8.2357778664075620e-01
261    1.6003656261250214e+01 -8.2104973685877649e+00  2.6919558597609928e+01  8.2357778664075620e-01
262    1.6555506477155390e+01 -8.5942446695353070e+00  2.7015023531287707e+01  8.2357778664075620e-01
263    1.7107356693060570e+01 -8.9779919704828526e+00  2.7110488464965499e+01  8.2357778664075620e-01
264    1.7383281801013162e+01 -9.1698656209566263e+00  2.7158220931804387e+01  8.2357778664075620e-01
265    1.8436074406113573e+01 -2.6618448605631158e+00  2.5539218612490298e+01  8.6889861914636757e-01
266    1.8759514307975216e+01 -2.7597399345886262e+00  2.5563572000061100e+01  8.6889861914636757e-01
267    1.9406394111698500e+01 -2.9555300826396493e+00  2.5612278775202718e+01  8.6889861914636757e-01
268    2.0053273915421780e+01 -3.1513202306906729e+00  2.5660985550344332e+01  8.6889861914636757e-01
269    2.0376713817283420e+01 -3.2492153047161842e+00  2.5685338937915141e+01  8.6889861914636757e-01
270    1.9000000000000000e+01  1.1084368772987101e+00  2.4601284468946361e+01  9.2932639582051579e-01
271    1.9333333333333332e+01  1.0766870969198972e+00  2.4609182871542711e+01  9.2932639582051579e-01
272    2.0000000000000000e+01  1.0131875361622713e+00  2.4624979676735421e+01  9.2932639582051579e-01
273    2.0666666666666661e+01  9.4968797540464500e-01  2.4640776481928121e+01  9.2932639582051579e-01
274    2.0999999999999996e+01  9.1793819502583207e-01  2.4648674884524475e+01  9.2932639582051579e-01
275    1.9000000000000000e+01  2.9181743588910551e+00  2.4151075520954240e+01  9.6709375624185845e-01
276    1.9333333333333336e+01  2.9181743588910551e+00  2.4151075520954240e+01  9.6709375624185845e-01
277    2.0000000000000000e+01  2.9181743588910547e+00  2.4151075520954240e+01  9.6709375624185845e-01
278    2.0666666666666668e+01  2.9181743588910547e+00  2.4151075520954240e+01  9.6709375624185845e-01
279    2.0999999999999996e+01  2.9181743588910551e+00  2.4151075520954240e+01  9.6709375624185845e-01
280    0.0000000000000000e+00 -1.3963282318503552e+01  3.4423689154828914e+01  9.6412030048058062e-01
281    0.0000000000000000e+00 -1.4282507198947537e+01  3.4520114054422272e+01  9.6412030048058062e-01
282    0.0000000000000000e+00 -1.4920956959835507e+01  3.4712963853608990e+01  9.6412030048058062e-01
283    0.0000000000000000e+00 -1.5559406720723484e+01  3.4905813652795707e+01  9.6412030048058062e-01
284    0.0000000000000000e+00 -1.5878631601167477e+01  3.5002238552389066e+01  9.6412030048058062e-01
285    1.8641362269829611e+00 -1.3963282318503554e+01  3.4423689154828914e+01  9.2646906072976076e-01
286    1.8968403713159956e+00 -1.4282507198947537e+01  3.4520114054422265e+01  9.2646906072976076e-01
287    1.9622486599820643e+00 -1.4920956959835504e+01  3.4712963853608983e+01  9.2646906072976076e-01
288    2.0276569486481328e+00 -1.5559406720723482e+01  3.4905813652795693e+01  9.2646906072976076e-01
289    2.0603610929811675e+00 -1.5878631601167474e+01  3.5002238552389059e+01  9.2646906072976076e-01
290    5.7477485436690570e+00 -1.3423225077640462e+01  3.4260559748523050e+01  8.6622707712844849e-01
291    5.8485862374176376e+00 -1.3732975269648248e+01  3.4354122728707530e+01  8.6622707712844849e-01
292    6.0502616249147980e+00 -1.4352475653663832e+01  3.4541248689076490e+01  8.6622707712844849e-01
293    6.2519370124119567e+00 -1.4971976037679422e+01  3.4728374649445463e+01  8.6622707712844849e-01
294    6.3527747061605364e+00 -1.5281726229687214e+01  3.4821937629629950e+01  8.6622707712844849e-01
295    1.1265546362339832e+01 -1.0829513424396090e+01  3.3477104569871649e+01  8.2104558942746464e-01
296    1.1463187526591406e+01 -1.1093759903189072e+01  3.3556922722360497e+01  8.2104558942746464e-01
297    1.1858469855094558e+01 -1.1622252860775028e+01  3.3716559027338178e+01  8.2104558942746464e-01
298    1.2253752183597712e+01 -1.2150745818360985e+01  3.3876195332315866e+01  8.2104558942746464e-01
299    1.2451393347849287e+01 -1.2414992297153967e+01  3.3956013484804721e+01  8.2104558942746464e-01
300    1.5727731153297620e+01 -6.5561922051586512e+00  3.2186307408566314e+01  8.2104558942746453e-01
301    1.6003656261250210e+01 -6.7454681362457105e+00  3.2243479996821719e+01  8.2104558942746453e-01
302    1.6555506477155390e+01 -7.1240199984198265e+00  3.2357825173332557e+01  8.2104558942746453e-01
303    1.7107356693060570e+01 -7.5025718605939469e+00  3.2472170349843395e+01  8.2104558942746453e-01
304    1.7383281801013162e+01 -7.6918477916810071e+00  3.2529342938098814e+01  8.2104558942746453e-01
305    1.8436074406113576e+01 -1.2719371582208312e+00  3.0590148106640964e+01  8.6622707712844860e-01
306    1.8759514307975216e+01 -1.3685068604142436e+00  3.0619317900125761e+01  8.6622707712844860e-01
307    1.9406394111698500e+01 -1.5616462648010689e+00  3.0677657487095356e+01  8.6622707712844860e-01
308    2.0053273915421780e+01 -1.7547856691878969e+00  3.0735997074064951e+01  8.6622707712844860e-01
309    2.0376713817283427e+01 -1.8513553713813102e+00  3.0765166867549752e+01  8.6622707712844860e-01
310    1.8999999999999996e+01  2.4472998742339160e+00  2.9466717323553002e+01  9.2646906072976076e-01
311    1.9333333333333329e+01  2.4159799445397092e+00  2.9476177805053798e+01  9.2646906072976076e-01
312    1.9999999999999996e+01  2.3533400851512947e+00  2.9495098768055396e+01  9.2646906072976076e-01
313    2.0666666666666661e+01  2.2907002257628797e+00  2.9514019731056994e+01  9.2646906072976076e-01
314    2.0999999999999996e+01  2.2593802960686720e+00  2.9523480212557793e+01  9.2646906072976076e-01
315    1.9000000000000000e+01  4.2325358668037412e+00  2.8927469878007489e+01  9.6412030048058062e-01
316    1.9333333333333336e+01  4.2325358668037412e+00  2.8927469878007489e+01  9.6412030048058062e-01
317    2.0000000000000000e+01  4.2325358668037412e+00  2.8927469878007489e+01  9.6412030048058062e-01
318    2.0666666666666664e+01  4.2325358668037412e+00  2.8927469878007489e+01  9.6412030048058062e-01
319    2.1000000000000000e+01  4.2325358668037412e+00  2.8927469878007489e+01  9.6412030048058062e-01
320    0.0000000000000000e+00 -1.2114728359142589e+01  4.0036869279009792e+01  9.6233622702381394e-01
321    0.0000000000000000e+00 -1.2428775217291440e+01  4.0149017372228307e+01  9.6233622702381394e-01
322    0.0000000000000000e+00 -1.3056868933589154e+01  4.0373313558665338e+01  9.6233622702381394e-01
323    0.0000000000000000e+00 -1.3684962649886872e+01  4.0597609745102368e+01  9.6233622702381394e-01
324    0.0000000000000000e+00 -1.3999009508035735e+01  4.0709757838320883e+01  9.6233622702381394e-01
325    1.8641362269829613e+00 -1.2114728359142587e+01  4.0036869279009792e+01  9.2475465967530757e-01
326    1.8968403713159954e+00 -1.2428775217291438e+01  4.0149017372228307e+01  9.2475465967530757e-01
327    1.9622486599820643e+00 -1.3056868933589154e+01  4.0373313558665330e+01  9.2475465967530757e-01
328    2.0276569486481328e+00 -1.3684962649886874e+01  4.0597609745102361e+01  9.2475465967530757e-01
329    2.0603610929811675e+00 -1.3999009508035735e+01  4.0709757838320876e+01  9.2475465967530757e-01
330    5.7477485436690570e+00 -1.1583431176173303e+01  3.9847139738795356e+01  8.6462415191769726e-01
331    5.8485862374176367e+00 -1.1888157031112170e+01  3.9955959243589049e+01  8.6462415191769726e-01
332    6.0502616249147954e+00 -1.2497608740989909e+01  4.0173598253176436e+01  8.6462415191769726e-01
333    6.2519370124119558e+00 -1.3107060450867655e+01  4.0391237262763845e+01  8.6462415191769726e-01
334    6.3527747061605355e+00 -1.3411786305806528e+01  4.0500056767557552e+01  8.6462415191769726e-01
335    1.1265546362339833e+01 -9.0317911081667663e+00  3.8935933144041726e+01  8.1952627109948950e-01
336    1.1463187526591410e+01 -9.2917513478774527e+00  3.9028766568225713e+01  8.1952627109948950e-01
337    1.1858469855094560e+01 -9.8116718272988219e+00  3.9214433416593678e+01  8.1952627109948950e-01
338    1.2253752183597712e+01 -1.0331592306720193e+01  3.9400100264961658e+01  8.1952627109948950e-01
339    1.2451393347849288e+01 -1.0591552546430885e+01  3.9492933689145644e+01  8.1952627109948950e-01
340    1.5727731153297622e+01 -4.8277857659270156e+00  3.7434656596358010e+01  8.1952627109948950e-01
341    1.6003656261250210e+01 -5.0139915259492849e+00  3.7501151835494902e+01  8.1952627109948950e-01
342    1.6555506477155390e+01 -5.3864030459938208e+00  3.7634142313768706e+01  8.1952627109948950e-01
343    1.7107356693060570e+01 -5.7588145660383621e+00  3.7767132792042531e+01  8.1952627109948950e-01
344    1.7383281801013162e+01 -5.9450203260606331e+00  3.7833628031179430e+01  8.1952627109948950e-01
345    1.8436074406113573e+01  3.7075544063553401e-01  3.5578225083970374e+01  8.6462415191769737e-01
346    1.8759514307975213e+01  2.7575215792138047e-01  3.5612151349205739e+01  8.6462415191769737e-01
347    1.9406394111698500e+01  8.5745592493072592e-02  3.5680003879676470e+01  8.6462415191769737e-01
348    2.0053273915421780e+01 -1.0426097293523837e-01  3.5747856410147207e+01  8.6462415191769737e-01
349    2.0376713817283424e+01 -1.9926425564939371e-01  3.5781782675382573e+01  8.6462415191769737e-01
350    1.9000000000000004e+01  4.0296641796059705e+00  3.4271605935621523e+01  9.2475465967530757e-01
351    1.9333333333333332e+01  3.9988522782772620e+00  3.4282609057903400e+01  9.2475465967530757e-01
352    2.0000000000000000e+01  3.9372284756198446e+00  3.4304615302467163e+01  9.2475465967530757e-01
353    2.0666666666666661e+01  3.8756046729624276e+00  3.4326621547030918e+01  9.2475465967530757e-01
354    2.0999999999999996e+01  3.8447927716337187e+00  3.4337624669312795e+01  9.2475465967530757e-01
355    1.9000000000000000e+01  5.7859425553423698e+00  3.3644427965554435e+01  9.6233622702381394e-01
356    1.9333333333333332e+01  5.7859425553423698e+00  3.3644427965554435e+01  9.6233622702381394e-01
357    2.0000000000000000e+01  5.7859425553423698e+00  3.3644427965554435e+01  9.6233622702381394e-01
358    2.0666666666666664e+01  5.7859425553423698e+00  3.3644427965554435e+01  9.6233622702381394e-01
359    2.1000000000000000e+01  5.7859425553423698e+00  3.3644427965554435e+01  9.6233622702381394e-01
360    0.0000000000000000e+00 -9.9869858560453757e+00  4.5558101226111731e+01  9.6174153587155842e-01
361    0.0000000000000000e+00 -1.0295072651160339e+01  4.5685714955036424e+01  9.6174153587155842e-01
362    0.0000000000000000e+00 -1.0911246241390279e+01  4.5940942412885775e+01  9.6174153587155842e-01
363    0.0000000000000000e+00 -1.1527419831620229e+01  4.6196169870735154e+01  9.6174153587155842e-01
364    0.0000000000000000e+00 -1.1835506626735205e+01  4.6323783599659833e+01  9.6174153587155842e-01
365    1.8641362269829611e+00 -9.9869858560453686e+00  4.5558101226111738e+01  9.2418319265715665e-01
366    1.8968403713159954e+00 -1.0295072651160339e+01  4.5685714955036417e+01  9.2418319265715665e-01
367    1.9622486599820641e+00 -1.0911246241390277e+01  4.5940942412885768e+01  9.2418319265715665e-01
368    2.0276569486481328e+00 -1.1527419831620229e+01  4.6196169870735140e+01  9.2418319265715665e-01
369    2.0603610929811671e+00 -1.1835506626735206e+01  4.6323783599659826e+01  9.2418319265715665e-01
370    5.7477485436690561e+00 -9.4657717693340437e+00  4.5342207282496013e+01  8.6408984351411344e-01
371    5.8485862374176367e+00 -9.7647144576646028e+00  4.5466033398374798e+01  8.6408984351411344e-01
372    6.0502616249147971e+00 -1.0362599834325726e+01  4.5713685630132368e+01  8.6408984351411344e-01
373    6.2519370124119558e+00 -1.0960485210986855e+01  4.5961337861889966e+01  8.6408984351411344e-01
374    6.3527747061605355e+00 -1.1259427899317425e+01  4.6085163977768765e+01  8.6408984351411344e-01
375    1.1265546362339833e+01 -6.9625573908400531e+00  4.4305341937396442e+01  8.1901983165683123e-01
376    1.1463187526591406e+01 -7.2175840374426494e+00  4.4410977433185771e+01  8.1901983165683123e-01
377    1.1858469855094560e+01 -7.7276373306478439e+00  4.4622248424764422e+01  8.1901983165683123e-01
378    1.2253752183597712e+01 -8.2376906238530410e+00  4.4833519416343080e+01  8.1901983165683123e-01
379    1.2451393347849285e+01 -8.4927172704556462e+00  4.4939154912132409e+01  8.1901983165683123e-01
380    1.5727731153297624e+01 -2.8383367564691651e+00  4.2597033816421067e+01  8.1901983165683112e-01
381    1.6003656261250210e+01 -3.0210086551003448e+00  4.2672698994298543e+01  8.1901983165683112e-01
382    1.6555506477155390e+01 -3.3863524523627011e+00  4.2824029350053493e+01  8.1901983165683112e-01
383    1.7107356693060574e+01 -3.7516962496250614e+00  4.2975359705808451e+01  8.1901983165683112e-01
384    1.7383281801013162e+01 -3.9343681482562438e+00  4.3051024883685926e+01  8.1901983165683112e-01
385    1.8436074406113573e+01  2.2615451816708396e+00  4.0484593551141884e+01  8.6408984351411355e-01
386    1.8759514307975216e+01  2.1683448959894860e+00  4.0523198373488142e+01  8.6408984351411355e-01
387    1.9406394111698500e+01  1.9819443246267776e+00  4.0600408018180666e+01  8.6408984351411355e-01
388    2.0053273915421780e+01  1.7955437532640652e+00  4.0677617662873196e+01  8.6408984351411355e-01
389    2.0376713817283424e+01  1.7023434675827089e+00  4.0716222485219461e+01  8.6408984351411355e-01
390    1.8999999999999996e+01  5.8510141980214030e+00  3.8997786802851465e+01  9.2418319265715665e-01
391    1.9333333333333329e+01  5.8207870529777761e+00  3.9010307296280345e+01  9.2418319265715665e-01
392    1.9999999999999993e+01  5.7603327628905250e+00  3.9035348283138127e+01  9.2418319265715665e-01
393    2.0666666666666661e+01  5.6998784728032721e+00  3.9060389269995895e+01  9.2418319265715665e-01
394    2.0999999999999989e+01  5.6696513277596461e+00  3.9072909763424796e+01  9.2418319265715665e-01
395    1.9000000000000000e+01  7.5739614655080993e+00  3.8284118677404813e+01  9.6174153587155842e-01
396    1.9333333333333332e+01  7.5739614655080993e+00  3.8284118677404813e+01  9.6174153587155842e-01
397    1.9999999999999996e+01  7.5739614655080993e+00  3.8284118677404813e+01  9.6174153587155842e-01
398    2.0666666666666664e+01  7.5739614655080993e+00  3.8284118677404813e+01  9.6174153587155842e-01
399    2.1000000000000000e+01  7.5739614655080993e+00  3.8284118677404813e+01  9.6174153587155842e-01
400    0.0000000000000000e+00 -7.5874264583047104e+00  5.0966742928970234e+01  9.6233622702381394e-01
401    0.0000000000000000e+00 -7.8887917985240428e+00  5.1109506914765667e+01  9.6233622702381394e-01
402    0.0000000000000000e+00 -8.4915224789627199e+00  5.1395034886356534e+01  9.6233622702381394e-01
403    0.0000000000000000e+00 -9.0942531594014078e+00  5.1680562857947415e+01  9.6233622702381394e-01
404    0.0000000000000000e+00 -9.3956184996207526e+00  5.1823326843742848e+01  9.6233622702381394e-01
405    1.8641362269829613e+00 -7.5874264583047104e+00  5.0966742928970241e+01  9.2475465967530757e-01
406    1.8968403713159958e+00 -7.8887917985240446e+00  5.1109506914765667e+01  9.2475465967530757e-01
407    1.9622486599820643e+00 -8.4915224789627182e+00  5.1395034886356527e+01  9.2475465967530757e-01
408    2.0276569486481328e+00 -9.0942531594014060e+00  5.1680562857947407e+01  9.2475465967530757e-01
409    2.0603610929811675e+00 -9.3956184996207526e+00  5.1823326843742855e+01  9.2475465967530757e-01
410    5.7477485436690570e+00 -7.0775835729247811e+00  5.0725218132544398e+01  8.6462415191769715e-01
411    5.8485862374176358e+00 -7.3700043011199083e+00  5.0863744841209552e+01  8.6462415191769715e-01
412    6.0502616249147971e+00 -7.9548457575101645e+00  5.1140798258539846e+01  8.6462415191769715e-01
413    6.2519370124119567e+00 -8.5396872139004341e+00  5.1417851675870182e+01  8.6462415191769715e-01
414    6.3527747061605364e+00 -8.8321079420955666e+00  5.1556378384535336e+01  8.6462415191769715e-01
415    1.1265546362339830e+01 -4.6289812154778653e+00  4.9565256499521837e+01  8.1952627109948972e-01
416    1.1463187526591405e+01 -4.8784440075774338e+00  4.9683433004098880e+01  8.1952627109948972e-01
417    1.1858469855094556e+01 -5.3773695917765707e+00  4.9919786013252946e+01  8.1952627109948972e-01
418    1.2253752183597708e+01 -5.8762951759757165e+00  5.0156139022407039e+01  8.1952627109948972e-01
419    1.2451393347849283e+01 -6.1257579680752938e+00  5.0274315526984083e+01  8.1952627109948972e-01
420    1.5727731153297622e+01 -5.9473770253217206e-01  4.7654138641183138e+01  8.1952627109948950e-01
421    1.6003656261250214e+01 -7.7342429265023827e-01  4.7738786762280554e+01  8.1952627109948950e-01
422    1.6555506477155390e+01 -1.1307974728863708e+00  4.7908083004475372e+01  8.1952627109948950e-01
423    1.7107356693060570e+01 -1.4881706531225110e+00  4.8077379246670212e+01  8.1952627109948950e-01
424    1.7383281801013162e+01 -1.6668572432405815e+00  4.8162027367767628e+01  8.1952627109948950e-01
425    1.8436074406113573e+01  4.3938813481235943e+00  4.5290910212962736e+01  8.6462415191769737e-01
426    1.8759514307975213e+01  4.3027143904731728e+00  4.5334098186196634e+01  8.6462415191769737e-01
427    1.9406394111698500e+01  4.1203804751723281e+00  4.5420474132664431e+01  8.6462415191769737e-01
428    2.0053273915421780e+01  3.9380465598714789e+00  4.5506850079132235e+01  8.6462415191769737e-01
429    2.0376713817283424e+01  3.8468796022210552e+00  4.5550038052366141e+01  8.6462415191769737e-01
430    1.9000000000000000e+01  7.9050397894179776e+00  4.3627590292119685e+01  9.2475465967530757e-01
431    1.9333333333333332e+01  7.8754721026674561e+00  4.3641597214110725e+01  9.2475465967530757e-01
432    2.0000000000000000e+01  7.8163367291664132e+00  4.3669611058092805e+01  9.2475465967530757e-01
433    2.0666666666666664e+01  7.7572013556653694e+00  4.3697624902074885e+01  9.2475465967530757e-01
434    2.1000000000000000e+01  7.7276336689148470e+00  4.3711631824065925e+01  9.2475465967530757e-01
435    1.9000000000000000e+01  9.5903979341977337e+00  4.2829195738630439e+01  9.6233622702381394e-01
436    1.9333333333333332e+01  9.5903979341977337e+00  4.2829195738630439e+01  9.6233622702381394e-01
437    2.0000000000000000e+01  9.5903979341977337e+00  4.2829195738630439e+01  9.6233622702381394e-01
438    2.0666666666666664e+01  9.5903979341977337e+00  4.2829195738630439e+01  9.6233622702381394e-01
439    2.1000000000000000e+01  9.5903979341977337e+00  4.2829195738630439e+01  9.6233622702381394e-01
440    0.0000000000000000e+00 -4.9254337685282943e+00  5.6242985698853502e+01  9.6412030048058062e-01
441    0.0000000000000000e+00 -5.2193425465913919e+00  5.6400529076161206e+01  9.6412030048058062e-01
442    0.0000000000000000e+00 -5.8071601027175932e+00  5.6715615830776620e+01  9.6412030048058062e-01
443    0.0000000000000000e+00 -6.3949776588438088e+00  5.7030702585392056e+01  9.6412030048058062e-01
444    0.0000000000000000e+00 -6.6888864369069196e+00  5.7188245962699774e+01  9.6412030048058062e-01
445    1.8641362269829609e+00 -4.9254337685282943e+00  5.6242985698853495e+01  9.2646906072976076e-01
446    1.8968403713159956e+00 -5.2193425465913910e+00  5.6400529076161199e+01  9.2646906072976076e-01
447    1.9622486599820641e+00 -5.8071601027175914e+00  5.6715615830776613e+01  9.2646906072976076e-01
448    2.0276569486481328e+00 -6.3949776588438070e+00  5.7030702585392049e+01  9.2646906072976076e-01
449    2.0603610929811675e+00 -6.6888864369069179e+00  5.7188245962699767e+01  9.2646906072976076e-01
450    5.7477485436690570e+00 -4.4282057218752842e+00  5.5976457471020133e+01  8.6622707712844860e-01
451    5.8485862374176358e+00 -4.7133912008742946e+00  5.6129324914506192e+01  8.6622707712844860e-01
452    6.0502616249147971e+00 -5.2837621588723191e+00  5.6435059801478339e+01  8.6622707712844860e-01
453    6.2519370124119558e+00 -5.8541331168703596e+00  5.6740794688450499e+01  8.6622707712844860e-01
454    6.3527747061605355e+00 -6.1393185958693817e+00  5.6893662131936573e+01  8.6622707712844860e-01
455    1.1265546362339833e+01 -2.0401881538435083e+00  5.4696412842148582e+01  8.2104558942746453e-01
456    1.1463187526591408e+01 -2.2834785877893298e+00  5.4826823362321107e+01  8.2104558942746453e-01
457    1.1858469855094560e+01 -2.7700594556809777e+00  5.5087644402666179e+01  8.2104558942746453e-01
458    1.2253752183597713e+01 -3.2566403235726367e+00  5.5348465443011257e+01  8.2104558942746453e-01
459    1.2451393347849287e+01 -3.4999307575184706e+00  5.5478875963183810e+01  8.2104558942746453e-01
460    1.5727731153297624e+01  1.8942376843630189e+00  5.2587449855732778e+01  8.2104558942746442e-01
461    1.6003656261250210e+01  1.7199722651225708e+00  5.2680861025266424e+01  8.2104558942746453e-01
462    1.6555506477155390e+01  1.3714414266416759e+00  5.2867683364333750e+01  8.2104558942746453e-01
463    1.7107356693060574e+01  1.0229105881607738e+00  5.3054505703401098e+01  8.2104558942746442e-01
464    1.7383281801013165e+01  8.4864516892031960e-01  5.3147916872934765e+01  8.2104558942746442e-01
465    1.8436074406113576e+01  6.7594253278173921e+00  4.9979572344769188e+01  8.6622707712844860e-01
466    1.8759514307975216e+01  6.6705140777603553e+00  5.0027231277268399e+01  8.6622707712844860e-01
467    1.9406394111698500e+01  6.4926915776462790e+00  5.0122549142266820e+01  8.6622707712844860e-01
468    2.0053273915421784e+01  6.3148690775321947e+00  5.0217867007265262e+01  8.6622707712844860e-01
469    2.0376713817283427e+01  6.2259578274751535e+00  5.0265525939764473e+01  8.6622707712844860e-01
470    1.8999999999999996e+01  1.0183708579221490e+01  4.8144060143195496e+01  9.2646906072976076e-01
471    1.9333333333333329e+01  1.0154872473925925e+01  4.8159517107246053e+01  9.2646906072976076e-01
472    1.9999999999999996e+01  1.0097200263334797e+01  4.8190431035347160e+01  9.2646906072976076e-01
473    2.0666666666666661e+01  1.0039528052743666e+01  4.8221344963448274e+01  9.2646906072976076e-01
474    2.0999999999999993e+01  1.0010691947448104e+01  4.8236801927498824e+01  9.2646906072976076e-01
475    1.9000000000000000e+01  1.1827366581068677e+01  4.7263013192313842e+01  9.6412030048058062e-01
476    1.9333333333333336e+01  1.1827366581068677e+01  4.7263013192313842e+01  9.6412030048058062e-01
477    2.0000000000000000e+01  1.1827366581068675e+01  4.7263013192313842e+01  9.6412030048058062e-01
478    2.0666666666666668e+01  1.1827366581068675e+01  4.7263013192313842e+01  9.6412030048058062e-01
479    2.1000000000000000e+01  1.1827366581068677e+01  4.7263013192313842e+01  9.6412030048058062e-01
480    0.0000000000000000e+00 -2.0122817523900678e+00  6.1368095280709824e+01  9.6709375624185845e-01
481    0.0000000000000000e+00 -2.2980304407721031e+00  6.1539994707266423e+01  9.6709375624185845e-01
482    0.0000000000000000e+00 -2.8695278175361838e+00  6.1883793560379651e+01  9.6709375624185845e-01
483    0.0000000000000000e+00 -3.4410251943002814e+00  6.2227592413492879e+01  9.6709375624185845e-01
484    0.0000000000000000e+00 -3.7267738826823349e+00  6.2399491840049485e+01  9.6709375624185845e-01
485    1.8641362269829616e+00 -2.0122817523900669e+00  6.1368095280709831e+01  9.2932639582051579e-01
486    1.8968403713159960e+00 -2.2980304407721022e+00  6.1539994707266423e+01  9.2932639582051579e-01
487    1.9622486599820645e+00 -2.8695278175361829e+00  6.1883793560379644e+01  9.2932639582051579e-01
488    2.0276569486481333e+00 -3.4410251943002819e+00  6.2227592413492872e+01  9.2932639582051579e-01
489    2.0603610929811680e+00 -3.7267738826823336e+00  6.2399491840049485e+01  9.2932639582051579e-01
490    5.7477485436690570e+00 -1.5288587559957310e+00  6.1077279822080818e+01  8.6889861914636746e-01
491    5.8485862374176358e+00 -1.8061263391778661e+00  6.1244077223047434e+01  8.6889861914636746e-01
492    6.0502616249147962e+00 -2.3606615055421458e+00  6.1577672024980671e+01  8.6889861914636746e-01
493    6.2519370124119558e+00 -2.9151966719064437e+00  6.1911266826913952e+01  8.6889861914636746e-01
494    6.3527747061605364e+00 -3.1924642550885940e+00  6.2078064227880581e+01  8.6889861914636746e-01
495    1.1265546362339833e+01  7.9285784054583552e-01  5.9680591865848228e+01  8.2357778664075620e-01
496    1.1463187526591408e+01  5.5632212747846244e-01  5.9822885969337086e+01  8.2357778664075620e-01
497    1.1858469855094562e+01  8.3250701343710862e-02  6.0107474176314795e+01  8.2357778664075620e-01
498    1.2253752183597713e+01 -3.8982072479105473e-01  6.0392062383292540e+01  8.2357778664075620e-01
499    1.2451393347849287e+01 -6.2635643785844297e-01  6.0534356486781405e+01  8.2357778664075620e-01
500    1.5727731153297622e+01  4.6180481945493383e+00  5.7379450845582411e+01  8.2357778664075620e-01
501    1.6003656261250214e+01  4.4486210841837766e+00  5.7481374053978875e+01  8.2357778664075620e-01
502    1.6555506477155390e+01  4.1097668634526521e+00  5.7685220470771831e+01  8.2357778664075620e-01
503    1.7107356693060570e+01  3.7709126427215205e+00  5.7889066887564809e+01  8.2357778664075620e-01
504    1.7383281801013162e+01  3.6014855323559516e+00  5.7990990095961280e+01  8.2357778664075620e-01
505    1.8436074406113576e+01  9.3481586628767879e+00  5.4533932002927941e+01  8.6889861914636746e-01
506    1.8759514307975220e+01  9.2617159466924122e+00  5.4585933828119948e+01  8.6889861914636746e-01
507    1.9406394111698503e+01  9.0888305143236519e+00  5.4689937478503978e+01  8.6889861914636746e-01
508    2.0053273915421787e+01  8.9159450819548862e+00  5.4793941128888015e+01  8.6889861914636746e-01
509    2.0376713817283427e+01  8.8295023657705034e+00  5.4845942954080037e+01  8.6889861914636746e-01
510    1.9000000000000000e+01  1.2677370039909009e+01  5.2531159812308353e+01  9.2932639582051579e-01
511    1.9333333333333332e+01  1.2649334540865544e+01  5.2548025283278960e+01  9.2932639582051579e-01
512    2.0000000000000000e+01  1.2593263542778617e+01  5.2581756225220204e+01  9.2932639582051579e-01
513    2.0666666666666664e+01  1.2537192544691685e+01  5.2615487167161440e+01  9.2932639582051579e-01
514    2.1000000000000000e+01  1.2509157045648220e+01  5.2632352638132069e+01  9.2932639582051579e-01
515    1.9000000000000000e+01  1.4275393485386518e+01  5.1569827966983020e+01  9.6709375624185845e-01
516    1.9333333333333336e+01  1.4275393485386518e+01  5.1569827966983020e+01  9.6709375624185845e-01
517    2.0000000000000000e+01  1.4275393485386518e+01  5.1569827966983020e+01  9.6709375624185845e-01
518    2.0666666666666668e+01  1.4275393485386518e+01  5.1569827966983020e+01  9.6709375624185845e-01
519    2.1000000000000000e+01  1.4275393485386518e+01  5.1569827966983020e+01  9.6709375624185845e-01
520    0.0000000000000000e+00  1.1390206819728277e+00  6.6324631401300081e+01  9.7125659430764744e-01
521    0.0000000000000000e+00  8.6209917127808433e-01  6.6510414682536208e+01  9.7125659430764744e-01
522    0.0000000000000000e+00  3.0825614988858735e-01  6.6881981245008461e+01  9.7125659430764744e-01
523    0.0000000000000000e+00 -2.4558687150093067e-01  6.7253547807480757e+01  9.7125659430764744e-01
524    0.0000000000000000e+00 -5.2250838219569429e-01  6.7439331088716884e+01  9.7125659430764744e-01
525    1.8641362269829616e+00  1.1390206819728270e+00  6.6324631401300081e+01  9.3332666494757310e-01
526    1.8968403713159958e+00  8.6209917127808566e-01  6.6510414682536208e+01  9.3332666494757310e-01
527    1.9622486599820645e+00  3.0825614988858779e-01  6.6881981245008461e+01  9.3332666494757310e-01
528    2.0276569486481333e+00 -2.4558687150092912e-01  6.7253547807480743e+01  9.3332666494757310e-01
529    2.0603610929811675e+00 -5.2250838219569329e-01  6.7439331088716884e+01  9.3332666494757310e-01
530    5.7477485436690570e+00  1.6075100641082256e+00  6.6010327559684313e+01  8.7263877797145395e-01
531    5.8485862374176358e+00  1.3388076653807681e+00  6.6190596738435943e+01  8.7263877797145395e-01
532    6.0502616249147971e+00  8.0140286792584592e-01  6.6551135095939230e+01  8.7263877797145395e-01
533    6.2519370124119558e+00  2.6399807047090351e-01  6.6911673453442546e+01  8.7263877797145395e-01
534    6.3527747061605364e+00 -4.7043282565723240e-03  6.7091942632194204e+01  8.7263877797145395e-01
535    1.1265546362339833e+01  3.8575055792574444e+00  6.4500832871018616e+01  8.2712286273936464e-01
536    1.1463187526591406e+01  3.6282767860589202e+00  6.4654619686811216e+01  8.2712286273936464e-01
537    1.1858469855094562e+01  3.1698191996618643e+00  6.4962193318396402e+01  8.2712286273936464e-01
538    1.2253752183597712e+01  2.7113616132647929e+00  6.5269766949981616e+01  8.2712286273936464e-01
539    1.2451393347849287e+01  2.4821328200662509e+00  6.5423553765774216e+01  8.2712286273936464e-01
540    1.5727731153297626e+01  7.5645304391910120e+00  6.2013834875180279e+01  8.2712286273936453e-01
541    1.6003656261250214e+01  7.4003371698509666e+00  6.2123990147186227e+01  8.2712286273936464e-01
542    1.6555506477155390e+01  7.0719506311708713e+00  6.2344300691198143e+01  8.2712286273936464e-01
543    1.7107356693060570e+01  6.7435640924907716e+00  6.2564611235210094e+01  8.2712286273936453e-01
544    1.7383281801013162e+01  6.5793708231507164e+00  6.2674766507216063e+01  8.2712286273936453e-01
545    1.8436074406113576e+01  1.2148521162154603e+01  5.8938491123329541e+01  8.7263877797145395e-01
546    1.8759514307975216e+01  1.2064748782691110e+01  5.8994692996180220e+01  8.7263877797145395e-01
547    1.9406394111698500e+01  1.1897204023764125e+01  5.9107096741881591e+01  8.7263877797145395e-01
548    2.0053273915421784e+01  1.1729659264837132e+01  5.9219500487582970e+01  8.7263877797145395e-01
549    2.0376713817283424e+01  1.1645886885373631e+01  5.9275702360433655e+01  8.7263877797145395e-01
550    1.9000000000000000e+01  1.5374888531223004e+01  5.6773960405600498e+01  9.3332666494757310e-01
551    1.9333333333333329e+01  1.5347719088058957e+01  5.6792188055333128e+01  9.3332666494757310e-01
552    1.9999999999999996e+01  1.5293380201730857e+01  5.6828643354798402e+01  9.3332666494757310e-01
553    2.0666666666666661e+01  1.5239041315402757e+01  5.6865098654263669e+01  9.3332666494757310e-01
554    2.1000000000000000e+01  1.5211871872238707e+01  5.6883326303996299e+01  9.3332666494757310e-01
555    1.9000000000000000e+01  1.6923546791573827e+01  5.5734984370840372e+01  9.7125659430764744e-01
556    1.9333333333333336e+01  1.6923546791573827e+01  5.5734984370840372e+01  9.7125659430764744e-01
557    1.9999999999999996e+01  1.6923546791573827e+01  5.5734984370840372e+01  9.7125659430764744e-01
558    2.0666666666666664e+01  1.6923546791573827e+01  5.5734984370840372e+01  9.7125659430764744e-01
559    2.0999999999999996e+01  1.6923546791573827e+01  5.5734984370840372e+01  9.7125659430764744e-01
560    0.0000000000000000e+00  4.5139145271869223e+00  7.1096640470238825e+01  9.7660881467794758e-01
561    0.0000000000000000e+00  4.2464465006524419e+00  7.1295790723656836e+01  9.7660881467794758e-01
562    0.0000000000000000e+00  3.7115104475834748e+00  7.1694091230492901e+01  9.7660881467794758e-01
563    0.0000000000000000e+00  3.1765743945144820e+00  7.2092391737328995e+01  9.7660881467794758e-01
564    0.0000000000000000e+00  2.9091063679799807e+00  7.2291541990747035e+01  9.7660881467794758e-01
565    1.8641362269829618e+00  4.5139145271869223e+00  7.1096640470238825e+01  9.3846986811093236e-01
566    1.8968403713159963e+00  4.2464465006524454e+00  7.1295790723656850e+01  9.3846986811093236e-01
567    1.9622486599820648e+00  3.7115104475834748e+00  7.1694091230492901e+01  9.3846986811093236e-01
568    2.0276569486481333e+00  3.1765743945144833e+00  7.2092391737328981e+01  9.3846986811093236e-01
569    2.0603610929811680e+00  2.9091063679799807e+00  7.2291541990747021e+01  9.3846986811093236e-01
570    5.7477485436690561e+00  4.9664107243142022e+00  7.0759722695444637e+01  8.7744755360370796e-01
571    5.8485862374176367e+00  4.7068812275538843e+00  7.0952962110708370e+01  8.7744755360370796e-01
572    6.0502616249147971e+00  4.1878222340332405e+00  7.1339440941235864e+01  8.7744755360370796e-01
573    6.2519370124119558e+00  3.6687632405125750e+00  7.1725919771763387e+01  8.7744755360370796e-01
574    6.3527747061605364e+00  3.4092337437522362e+00  7.1919159187027148e+01  8.7744755360370796e-01
575    1.1265546362339835e+01  7.1395963993402631e+00  6.9141620960020646e+01  8.3168081772328972e-01
576    1.1463187526591408e+01  6.9181929670540860e+00  6.9306472625540096e+01  8.3168081772328972e-01
577    1.1858469855094560e+01  6.4753861024817256e+00  6.9636175956579024e+01  8.3168081772328972e-01
578    1.2253752183597710e+01  6.0325792379093457e+00  6.9965879287617980e+01  8.3168081772328972e-01
579    1.2451393347849287e+01  5.8111758056231491e+00  7.0130730953137459e+01  8.3168081772328972e-01
580    1.5727731153297624e+01  1.0720071679549367e+01  6.6475685264268591e+01  8.3168081772328972e-01
581    1.6003656261250214e+01  1.0561483603056326e+01  6.6593766128108186e+01  8.3168081772328972e-01
582    1.6555506477155390e+01  1.0244307450070243e+01  6.6829927855787389e+01  8.3168081772328972e-01
583    1.7107356693060566e+01  9.9271312970841503e+00  6.7066089583466635e+01  8.3168081772328972e-01
584    1.7383281801013162e+01  9.7685432205911003e+00  6.7184170447306244e+01  8.3168081772328972e-01
585    1.8436074406113573e+01  1.5147575159677935e+01  6.3179072762575260e+01  8.7744755360370807e-01
586    1.8759514307975213e+01  1.5066662582836271e+01  6.3239318319367626e+01  8.7744755360370807e-01
587    1.9406394111698500e+01  1.4904837429152945e+01  6.3359809432952325e+01  8.7744755360370807e-01
588    2.0053273915421784e+01  1.4743012275469608e+01  6.3480300546537066e+01  8.7744755360370807e-01
589    2.0376713817283424e+01  1.4662099698627937e+01  6.3540546103329419e+01  8.7744755360370807e-01
590    1.9000000000000000e+01  1.8263801526185151e+01  6.0858805631438933e+01  9.3846986811093236e-01
591    1.9333333333333336e+01  1.8237559587352383e+01  6.0878344747334161e+01  9.3846986811093236e-01
592    2.0000000000000000e+01  1.8185075709686846e+01  6.0917422979124630e+01  9.3846986811093236e-01
593    2.0666666666666668e+01  1.8132591832021308e+01  6.0956501210915093e+01  9.3846986811093236e-01
594    2.1000000000000000e+01  1.8106349893188543e+01  6.0976040326810320e+01  9.3846986811093236e-01
595    1.9000000000000000e+01  1.9759592039652901e+01  5.9745076025410739e+01  9.7660881467794758e-01
596    1.9333333333333336e+01  1.9759592039652901e+01  5.9745076025410739e+01  9.7660881467794758e-01
597    2.0000000000000000e+01  1.9759592039652897e+01  5.9745076025410739e+01  9.7660881467794758e-01
598    2.0666666666666664e+01  1.9759592039652897e+01  5.9745076025410739e+01  9.7660881467794758e-01
599    2.1000000000000000e+01  1.9759592039652901e+01  5.9745076025410739e+01  9.7660881467794758e-01
600    0.0000000000000000e+00  8.0964996236299047e+00  7.5669817106733547e+01  9.8315041735275888e-01
601    0.0000000000000000e+00  7.8390668494664162e+00  7.5881777378741191e+01  9.8315041735275888e-01
602    0.0000000000000000e+00  7.3242013011394276e+00  7.6305697922756494e+01  9.8315041735275888e-01
603    0.0000000000000000e+00  6.8093357528124097e+00  7.6729618466771839e+01  9.8315041735275888e-01
604    0.0000000000000000e+00  6.5519029786488954e+00  7.6941578738779498e+01  9.8315041735275888e-01
605    1.8641362269829622e+00  8.0964996236299065e+00  7.5669817106733561e+01  9.4475600531059367e-01
606    1.8968403713159967e+00  7.8390668494664180e+00  7.5881777378741219e+01  9.4475600531059367e-01
607    1.9622486599820650e+00  7.3242013011394267e+00  7.6305697922756508e+01  9.4475600531059367e-01
608    2.0276569486481342e+00  6.8093357528124105e+00  7.6729618466771825e+01  9.4475600531059367e-01
609    2.0603610929811684e+00  6.5519029786488971e+00  7.6941578738779484e+01  9.4475600531059367e-01
610    5.7477485436690579e+00  8.5320184137978536e+00  7.5311227639916808e+01  8.8332494604312961e-01
611    5.8485862374176367e+00  8.2822263201636250e+00  7.5516896868646967e+01  8.8332494604312961e-01
612    6.0502616249147971e+00  7.7826421328951616e+00  7.5928235326107313e+01  8.8332494604312961e-01
613    6.2519370124119558e+00  7.2830579456266697e+00  7.6339573783567658e+01  8.8332494604312961e-01
614    6.3527747061605364e+00  7.0332658519924172e+00  7.6545243012297846e+01  8.8332494604312961e-01
615    1.1265546362339835e+01  1.0623667364676095e+01  7.3589044122245880e+01  8.3725165159253145e-01
616    1.1463187526591408e+01  1.0410570866671312e+01  7.3764499605051981e+01  8.3725165159253145e-01
617    1.1858469855094560e+01  9.9843778706617314e+00  7.4115410570664210e+01  8.3725165159253145e-01
618    1.2253752183597710e+01  9.5581848746521292e+00  7.4466321536276482e+01  8.3725165159253145e-01
619    1.2451393347849287e+01  9.3450883766473201e+00  7.4641777019082596e+01  8.3725165159253145e-01
620    1.5727731153297624e+01  1.4069805193375455e+01  7.0751626416126356e+01  8.3725165159253134e-01
621    1.6003656261250214e+01  1.3917167253768898e+01  7.0877302640930353e+01  8.3725165159253145e-01
622    1.6555506477155390e+01  1.3611891374555778e+01  7.1128655090538388e+01  8.3725165159253145e-01
623    1.7107356693060570e+01  1.3306615495342651e+01  7.1380007540146480e+01  8.3725165159253134e-01
624    1.7383281801013162e+01  1.3153977555736079e+01  7.1505683764950476e+01  8.3725165159253134e-01
625    1.8436074406113576e+01  1.8331191192576668e+01  6.7242964636540194e+01  8.8332494604312961e-01
626    1.8759514307975216e+01  1.8253314410850834e+01  6.7307085391526911e+01  8.8332494604312961e-01
627    1.9406394111698500e+01  1.8097560847399158e+01  6.7435326901500360e+01  8.8332494604312961e-01
628    2.0053273915421780e+01  1.7941807283947476e+01  6.7563568411473810e+01  8.8332494604312961e-01
629    2.0376713817283424e+01  1.7863930502221631e+01  6.7627689166460527e+01  8.8332494604312961e-01
630    1.9000000000000004e+01  2.1330498469956808e+01  6.4773450067488980e+01  9.4475600531059367e-01
631    1.9333333333333336e+01  2.1305241114149922e+01  6.4794246005474804e+01  9.4475600531059367e-01
632    2.0000000000000004e+01  2.1254726402536139e+01  6.4835837881446452e+01  9.4475600531059367e-01
633    2.0666666666666664e+01  2.1204211690922364e+01  6.4877429757418099e+01  9.4475600531059367e-01
634    2.1000000000000000e+01  2.1178954335115474e+01  6.4898225695403923e+01  9.4475600531059367e-01
635    1.9000000000000000e+01  2.2770167750949529e+01  6.3588081602297066e+01  9.8315041735275888e-01
636    1.9333333333333332e+01  2.2770167750949529e+01  6.3588081602297066e+01  9.8315041735275888e-01
637    1.9999999999999996e+01  2.2770167750949529e+01  6.3588081602297066e+01  9.8315041735275888e-01
638    2.0666666666666664e+01  2.2770167750949529e+01  6.3588081602297066e+01  9.8315041735275888e-01
639    2.1000000000000000e+01  2.2770167750949529e+01  6.3588081602297066e+01  9.8315041735275888e-01
640    0.0000000000000000e+00  1.1869761734433078e+01  8.0031631337211664e+01  9.9088140233208133e-01
641    0.0000000000000000e+00  1.1622898321924502e+01  8.0255809576251465e+01  9.9088140233208133e-01
642    0.0000000000000000e+00  1.1129171496907336e+01  8.0704166054331083e+01  9.9088140233208133e-01
643    0.0000000000000000e+00  1.0635444671890140e+01  8.1152522532410714e+01  9.9088140233208133e-01
644    0.0000000000000000e+00  1.0388581259381533e+01  8.1376700771450516e+01  9.9088140233208133e-01
645    1.8641362269829624e+00  1.1869761734433080e+01  8.0031631337211707e+01  9.5218507654655715e-01
646    1.8968403713159969e+00  1.1622898321924506e+01  8.0255809576251480e+01  9.5218507654655715e-01
647    1.9622486599820654e+00  1.1129171496907340e+01  8.0704166054331083e+01  9.5218507654655715e-01
648    2.0276569486481342e+00  1.0635444671890143e+01  8.1152522532410714e+01  9.5218507654655715e-01
649    2.0603610929811684e+00  1.0388581259381535e+01  8.1376700771450530e+01  9.5218507654655715e-01
650    5.7477485436690579e+00  1.2287399523956291e+01  7.9652371797450868e+01  8.9027095528971878e-01
651    5.8485862374176376e+00  1.2047863090211276e+01  7.9869896360354502e+01  8.9027095528971878e-01
652    6.0502616249147980e+00  1.1568790222721242e+01  8.0304945486161799e+01  8.9027095528971878e-01
653    6.2519370124119558e+00  1.1089717355231175e+01  8.0739994611969138e+01  8.9027095528971878e-01
654    6.3527747061605373e+00  1.0850180921486135e+01  8.0957519174872800e+01  8.9027095528971878e-01
655    1.1265546362339833e+01  1.4293172096860584e+01  7.7830916934055978e+01  8.4383536434708983e-01
656    1.1463187526591408e+01  1.4088824655622664e+01  7.8016486148478990e+01  8.4383536434708983e-01
657    1.1858469855094562e+01  1.3680129773146813e+01  7.8387624577325070e+01  8.4383536434708983e-01
658    1.2253752183597712e+01  1.3271434890670937e+01  7.8758763006171193e+01  8.4383536434708983e-01
659    1.2451393347849288e+01  1.3067087449432989e+01  7.8944332220594220e+01  8.4383536434708983e-01
660    1.5727731153297626e+01  1.7597822591079918e+01  7.4829942747934581e+01  8.4383536434708972e-01
661    1.6003656261250214e+01  1.7451451474301980e+01  7.4962863292425638e+01  8.4383536434708983e-01
662    1.6555506477155394e+01  1.7158709240746095e+01  7.5228704381407809e+01  8.4383536434708983e-01
663    1.7107356693060570e+01  1.6865967007190200e+01  7.5494545470390023e+01  8.4383536434708972e-01
664    1.7383281801013162e+01  1.6719595890412247e+01  7.5627466014881094e+01  8.4383536434708972e-01
665    1.8436074406113573e+01  2.1684249788228502e+01  7.1119032152832631e+01  8.9027095528971878e-01
666    1.8759514307975216e+01  2.1609570376663694e+01  7.1186849002672801e+01  8.9027095528971878e-01
667    1.9406394111698500e+01  2.1460211553534077e+01  7.1322482702353142e+01  8.9027095528971878e-01
668    2.0053273915421780e+01  2.1310852730404445e+01  7.1458116402033511e+01  8.9027095528971878e-01
669    2.0376713817283424e+01  2.1236173318839629e+01  7.1525933251873681e+01  8.9027095528971878e-01
670    1.9000000000000004e+01  2.4560415156301083e+01  6.8507168042028610e+01  9.5218507654655715e-01
671    1.9333333333333332e+01  2.4536194786281399e+01  6.8529162714486276e+01  9.5218507654655715e-01
672    2.0000000000000004e+01  2.4487754046242046e+01  6.8573152059401565e+01  9.5218507654655715e-01
673    2.0666666666666664e+01  2.4439313306202685e+01  6.8617141404316868e+01  9.5218507654655715e-01
674    2.1000000000000000e+01  2.4415092936183004e+01  6.8639136076774520e+01  9.5218507654655715e-01
675    1.9000000000000000e+01  2.5940976247422793e+01  6.7253471711942552e+01  9.9088140233208133e-01
676    1.9333333333333336e+01  2.5940976247422793e+01  6.7253471711942552e+01  9.9088140233208133e-01
677    2.0000000000000000e+01  2.5940976247422789e+01  6.7253471711942552e+01  9.9088140233208133e-01
678    2.0666666666666661e+01  2.5940976247422789e+01  6.7253471711942552e+01  9.9088140233208133e-01
679    2.0999999999999996e+01  2.5940976247422793e+01  6.7253471711942552e+01  9.9088140233208133e-01
680    0.0000000000000000e+00  1.4508308667204785e+01  8.2799722589603761e+01  9.9682831385463699e-01
681    0.0000000000000000e+00  1.4268836142463078e+01  8.3031654585653058e+01  9.9682831385463699e-01
682    0.0000000000000000e+00  1.3789891092979650e+01  8.3495518577751668e+01  9.9682831385463699e-01
683    0.0000000000000000e+00  1.3310946043496186e+01  8.3959382569850305e+01  9.9682831385463699e-01
684    0.0000000000000000e+00  1.3071473518754445e+01  8.4191314565899631e+01  9.9682831385463699e-01
685    1.8641362269829622e+00  1.4508308667204785e+01  8.2799722589603775e+01  9.5789974672806766e-01
686    1.8968403713159971e+00  1.4268836142463080e+01  8.3031654585653058e+01  9.5789974672806766e-01
687    1.9622486599820652e+00  1.3789891092979646e+01  8.3495518577751668e+01  9.5789974672806766e-01
688    2.0276569486481342e+00  1.3310946043496186e+01  8.3959382569850291e+01  9.5789974672806766e-01
689    2.0603610929811680e+00  1.3071473518754447e+01  8.4191314565899631e+01  9.5789974672806766e-01
690    5.7477485436690579e+00  1.4913442724408162e+01  8.2407345423763644e+01  8.9561403932555661e-01
691    5.8485862374176376e+00  1.4681077814705105e+01  8.2632393609885924e+01  8.9561403932555661e-01
692    6.0502616249147980e+00  1.4216347995298989e+01  8.3082489982130483e+01  8.9561403932555661e-01
693    6.2519370124119558e+00  1.3751618175892837e+01  8.3532586354375113e+01  8.9561403932555661e-01
694    6.3527747061605364e+00  1.3519253266189752e+01  8.3757634540497406e+01  8.9561403932555661e-01
695    1.1265546362339833e+01  1.6859164114265305e+01  8.0522891053926784e+01  8.4889975877367330e-01
696    1.1463187526591408e+01  1.6660934667542204e+01  8.0714878637069447e+01  8.4889975877367330e-01
697    1.1858469855094562e+01  1.6264475774095981e+01  8.1098853803354828e+01  8.4889975877367330e-01
698    1.2253752183597712e+01  1.5868016880649735e+01  8.1482828969640266e+01  8.4889975877367330e-01
699    1.2451393347849288e+01  1.5669787433926603e+01  8.1674816552782957e+01  8.4889975877367330e-01
700    1.5727731153297624e+01  2.0064876087529669e+01  7.7418120778003640e+01  8.4889975877367319e-01
701    1.6003656261250214e+01  1.9922887201741013e+01  7.7555638707182737e+01  8.4889975877367330e-01
702    1.6555506477155390e+01  1.9638909430163707e+01  7.7830674565541003e+01  8.4889975877367330e-01
703    1.7107356693060566e+01  1.9354931658586395e+01  7.8105710423899325e+01  8.4889975877367319e-01
704    1.7383281801013158e+01  1.9212942772797728e+01  7.8243228353078422e+01  8.4889975877367319e-01
705    1.8436074406113569e+01  2.4028959011484062e+01  7.3578859192361094e+01  8.9561403932555661e-01
706    1.8759514307975216e+01  2.3956515440150756e+01  7.3649021655125438e+01  8.9561403932555661e-01
707    1.9406394111698503e+01  2.3811628297484127e+01  7.3789346580654140e+01  8.9561403932555661e-01
708    2.0053273915421780e+01  2.3666741154817487e+01  7.3929671506182856e+01  8.9561403932555661e-01
709    2.0376713817283424e+01  2.3594297583484167e+01  7.3999833968947200e+01  8.9561403932555661e-01
710    1.9000000000000000e+01  2.6819014351268688e+01  7.0876657322889002e+01  9.5789974672806766e-01
711    1.9333333333333332e+01  2.6795519119229837e+01  7.0899412735311728e+01  9.5789974672806766e-01
712    1.9999999999999996e+01  2.6748528655152143e+01  7.0944923560157193e+01  9.5789974672806766e-01
713    2.0666666666666657e+01  2.6701538191074441e+01  7.0990434385002686e+01  9.5789974672806766e-01
714    2.0999999999999996e+01  2.6678042959035597e+01  7.1013189797425426e+01  9.5789974672806766e-01
715    1.9000000000000000e+01  2.8158242577483051e+01  6.9579598814793030e+01  9.9682831385463699e-01
716    1.9333333333333336e+01  2.8158242577483051e+01  6.9579598814793030e+01  9.9682831385463699e-01
717    2.0000000000000000e+01  2.8158242577483048e+01  6.9579598814793030e+01  9.9682831385463699e-01
718    2.0666666666666661e+01  2.8158242577483048e+01  6.9579598814793030e+01  9.9682831385463699e-01
719    2.1000000000000000e+01  2.8158242577483051e+01  6.9579598814793030e+01  9.9682831385463699e-01
720    0.0000000000000000e+00  1.5854293038800501e+01  8.4145706961199494e+01  1.0000000000000000e+00
721    0.0000000000000000e+00  1.5618590778405000e+01  8.4381409221594993e+01  1.0000000000000000e+00
722    0.0000000000000000e+00  1.5147186257613985e+01  8.4852813742386019e+01  1.0000000000000000e+00
723    0.0000000000000000e+00  1.4675781736822934e+01  8.5324218263177073e+01  1.0000000000000000e+00
724    0.0000000000000000e+00  1.4440079476427400e+01  8.5559920523572600e+01  1.0000000000000000e+00
725    1.8641362269829624e+00  1.5854293038800501e+01  8.4145706961199494e+01  9.6094757082487314e-01
726    1.8968403713159971e+00  1.5618590778405002e+01  8.4381409221594993e+01  9.6094757082487314e-01
727    1.9622486599820654e+00  1.5147186257613983e+01  8.4852813742386019e+01  9.6094757082487314e-01
728    2.0276569486481342e+00  1.4675781736822934e+01  8.5324218263177059e+01  9.6094757082487314e-01
729    2.0603610929811684e+00  1.4440079476427400e+01  8.5559920523572586e+01  9.6094757082487314e-01
730    5.7477485436690587e+00  1.6253048650322246e+01  8.3746951349677758e+01  8.9846368414467004e-01
731    5.8485862374176385e+00  1.6024342102409580e+01  8.3975657897590409e+01  8.9846368414467004e-01
732    6.0502616249147980e+00  1.5566929006584241e+01  8.4433070993415754e+01  8.9846368414467004e-01
733    6.2519370124119567e+00  1.5109515910758864e+01  8.4890484089241141e+01  8.9846368414467004e-01
734    6.3527747061605382e+00  1.4880809362846167e+01  8.5119190637153835e+01  8.9846368414467004e-01
735    1.1265546362339835e+01  1.8168136530169246e+01  8.1831863469830736e+01  8.5160076913451777e-01
736    1.1463187526591410e+01  1.7973028015236356e+01  8.2026971984763620e+01  8.5160076913451777e-01
737    1.1858469855094562e+01  1.7582810985370557e+01  8.2417189014629415e+01  8.5160076913451777e-01
738    1.2253752183597712e+01  1.7192593955504730e+01  8.2807406044495266e+01  8.5160076913451777e-01
739    1.2451393347849288e+01  1.6997485440571808e+01  8.3002514559428164e+01  8.5160076913451777e-01
740    1.5727731153297624e+01  2.1323377654763007e+01  7.8676622345236993e+01  8.5160076913451765e-01
741    1.6003656261250214e+01  2.1183624247279120e+01  7.8816375752720859e+01  8.5160076913451777e-01
742    1.6555506477155390e+01  2.0904117432311335e+01  7.9095882567688633e+01  8.5160076913451777e-01
743    1.7107356693060566e+01  2.0624610617343542e+01  7.9375389382656465e+01  8.5160076913451765e-01
744    1.7383281801013158e+01  2.0484857209859641e+01  7.9515142790140345e+01  8.5160076913451765e-01
745    1.8436074406113573e+01  2.5225049909561477e+01  7.4774950090438523e+01  8.9846368414467004e-01
746    1.8759514307975216e+01  2.5153746892512650e+01  7.4846253107487357e+01  8.9846368414467004e-01
747    1.9406394111698500e+01  2.5011140858414986e+01  7.4988859141585010e+01  8.9846368414467004e-01
748    2.0053273915421780e+01  2.4868534824317315e+01  7.5131465175682692e+01  8.9846368414467004e-01
749    2.0376713817283424e+01  2.4797231807268474e+01  7.5202768192731511e+01  8.9846368414467004e-01
750    1.9000000000000000e+01  2.7971178514189830e+01  7.2028821485810155e+01  9.6094757082487314e-01
751    1.9333333333333332e+01  2.7948053191959037e+01  7.2051946808040952e+01  9.6094757082487314e-01
752    1.9999999999999996e+01  2.7901802547497454e+01  7.2098197452502532e+01  9.6094757082487314e-01
753    2.0666666666666661e+01  2.7855551903035867e+01  7.2144448096964126e+01  9.6094757082487314e-01
754    2.1000000000000000e+01  2.7832426580805077e+01  7.2167573419194923e+01  9.6094757082487314e-01
755    1.9000000000000000e+01  2.9289321881345000e+01  7.0710678118654997e+01  1.0000000000000000e+00
756    1.9333333333333336e+01  2.9289321881345000e+01  7.0710678118654997e+01  1.0000000000000000e+00
757    2.0000000000000000e+01  2.9289321881344996e+01  7.0710678118654997e+01  1.0000000000000000e+00
758    2.0666666666666664e+01  2.9289321881344996e+01  7.0710678118654997e+01  1.0000000000000000e+00
759    2.1000000000000000e+01  2.9289321881345000e+01  7.0710678118654997e+01  1.0000000000000000e+00
760    1.9000000000000000e+01  1.8641362269829624e+00  0.0000000000000000e+00  9.6094757082487314e-01
761    1.9333333333333336e+01  1.8968403713159971e+00  0.0000000000000000e+00  9.6094757082487314e-01
762    1.9999999999999996e+01  1.9622486599820654e+00  0.0000000000000000e+00  9.6094757082487314e-01
763    2.0666666666666664e+01  2.0276569486481342e+00  0.0000000000000000e+00  9.6094757082487314e-01
764    2.1000000000000000e+01  2.0603610929811684e+00  0.0000000000000000e+00  9.6094757082487314e-01
765    1.8436074406113576e+01  5.7477485436690587e+00  0.0000000000000000e+00  8.9846368414467004e-01
766    1.8759514307975220e+01  5.8485862374176385e+00  0.0000000000000000e+00  8.9846368414467004e-01
767    1.9406394111698500e+01  6.0502616249147980e+00  0.0000000000000000e+00  8.9846368414467004e-01
768    2.0053273915421784e+01  6.2519370124119567e+00  0.0000000000000000e+00  8.9846368414467004e-01
769    2.0376713817283427e+01  6.3527747061605382e+00  0.0000000000000000e+00  8.9846368414467004e-01
770    1.5727731153297620e+01  1.1265546362339835e+01  0.0000000000000000e+00  8.5160076913451777e-01
771    1.6003656261250210e+01  1.1463187526591410e+01  0.0000000000000000e+00  8.5160076913451777e-01
772    1.6555506477155390e+01  1.1858469855094562e+01  0.0000000000000000e+00  8.5160076913451777e-01
773    1.7107356693060566e+01  1.2253752183597712e+01  0.0000000000000000e+00  8.5160076913451777e-01
774    1.7383281801013158e+01  1.2451393347849288e+01  0.0000000000000000e+00  8.5160076913451777e-01
775    1.1265546362339830e+01  1.5727731153297624e+01  0.0000000000000000e+00  8.5160076913451765e-01
776    1.1463187526591405e+01  1.6003656261250214e+01  0.0000000000000000e+00  8.5160076913451777e-01
777    1.1858469855094555e+01  1.6555506477155390e+01  0.0000000000000000e+00  8.5160076913451777e-01
778    1.2253752183597710e+01  1.7107356693060566e+01  0.0000000000000000e+00  8.5160076913451765e-01
779    1.2451393347849287e+01  1.7383281801013158e+01  0.0000000000000000e+00  8.5160076913451765e-01
780    5.7477485436690552e+00  1.8436074406113573e+01  0.0000000000000000e+00  8.9846368414467004e-01
781    5.8485862374176358e+00  1.8759514307975216e+01  0.0000000000000000e+00  8.9846368414467004e-01
782    6.0502616249147954e+00  1.9406394111698500e+01  0.0000000000000000e+00  8.9846368414467004e-01
783    6.2519370124119558e+00  2.0053273915421780e+01  0.0000000000000000e+00  8.9846368414467004e-01
784    6.3527747061605355e+00  2.0376713817283424e+01  0.0000000000000000e+00  8.9846368414467004e-01
785    1.8641362269829616e+00  1.9000000000000000e+01  0.0000000000000000e+00  9.6094757082487314e-01
786    1.8968403713159956e+00  1.9333333333333332e+01  0.0000000000000000e+00  9.6094757082487314e-01
787    1.9622486599820645e+00  1.9999999999999996e+01  0.0000000000000000e+00  9.6094757082487314e-01
788    2.0276569486481333e+00  2.0666666666666661e+01  0.0000000000000000e+00  9.6094757082487314e-01
789    2.0603610929811675e+00  2.1000000000000000e+01  0.0000000000000000e+00  9.6094757082487314e-01
790    0.0000000000000000e+00  1.9000000000000000e+01  0.0000000000000000e+00  1.0000000000000000e+00
791    0.0000000000000000e+00  1.9333333333333336e+01  0.0000000000000000e+00  1.0000000000000000e+00
792    0.0000000000000000e+00  2.0000000000000000e+01  0.0000000000000000e+00  1.0000000000000000e+00
793    0.0000000000000000e+00  2.0666666666666664e+01  0.0000000000000000e+00  1.0000000000000000e+00
794    0.0000000000000000e+00  2.1000000000000000e+01  0.0000000000000000e+00  1.0000000000000000e+00
795    1.9000000000000000e+01  1.8641362269829491e+00  1.5697691979988371e+00  9.5789974672806766e-01
796    1.9333333333333336e+01  1.8968403713159840e+00  1.5692460665314294e+00  9.5789974672806766e-01
797    1.9999999999999996e+01  1.9622486599820521e+00  1.5681998035966138e+00  9.5789974672806766e-01
798    2.0666666666666661e+01  2.0276569486481208e+00  1.5671535406617982e+00  9.5789974672806766e-01
799    2.0999999999999996e+01  2.0603610929811551e+00  1.5666304091943903e+00  9.5789974672806766e-01
800    1.8436074406113573e+01  5.7477485436690454e+00  1.5076474133900686e+00  8.9561403932555661e-01
801    1.8759514307975220e+01  5.8485862374176252e+00  1.5060344260523320e+00  8.9561403932555661e-01
802    1.9406394111698503e+01  6.0502616249147847e+00  1.5028084513768578e+00  8.9561403932555661e-01
803    2.0053273915421784e+01  6.2519370124119433e+00  1.4995824767013839e+00  8.9561403932555661e-01
804    2.0376713817283427e+01  6.3527747061605249e+00  1.4979694893636464e+00  8.9561403932555661e-01
805    1.5727731153297620e+01  1.1265546362339821e+01  1.4193853986329712e+00  8.4889975877367330e-01
806    1.6003656261250210e+01  1.1463187526591396e+01  1.4162239548959867e+00  8.4889975877367330e-01
807    1.6555506477155390e+01  1.1858469855094549e+01  1.4099010674220180e+00  8.4889975877367330e-01
808    1.7107356693060566e+01  1.2253752183597699e+01  1.4035781799480491e+00  8.4889975877367330e-01
809    1.7383281801013155e+01  1.2451393347849276e+01  1.4004167362110644e+00  8.4889975877367330e-01
810    1.1265546362339832e+01  1.5727731153297611e+01  1.3480088399385304e+00  8.4889975877367319e-01
811    1.1463187526591405e+01  1.6003656261250203e+01  1.3435951758735731e+00  8.4889975877367330e-01
812    1.1858469855094555e+01  1.6555506477155379e+01  1.3347678477436589e+00  8.4889975877367330e-01
813    1.2253752183597710e+01  1.7107356693060552e+01  1.3259405196137448e+00  8.4889975877367319e-01
814    1.2451393347849287e+01  1.7383281801013148e+01  1.3215268555487878e+00  8.4889975877367319e-01
815    5.7477485436690543e+00  1.8436074406113558e+01  1.3046865146190945e+00  8.9561403932555661e-01
816    5.8485862374176349e+00  1.8759514307975202e+01  1.2995128097590596e+00  8.9561403932555661e-01
817    6.0502616249147945e+00  1.9406394111698493e+01  1.2891654000389903e+00  8.9561403932555661e-01
818    6.2519370124119540e+00  2.0053273915421766e+01  1.2788179903189203e+00  8.9561403932555661e-01
819    6.3527747061605346e+00  2.0376713817283413e+01  1.2736442854588852e+00  8.9561403932555661e-01
820    1.8641362269829613e+00  1.8999999999999986e+01  1.2956660302292737e+00  9.5789974672806766e-01
821    1.8968403713159956e+00  1.9333333333333318e+01  1.2903340712571369e+00  9.5789974672806766e-01
822    1.9622486599820643e+00  1.9999999999999982e+01  1.2796701533128632e+00  9.5789974672806766e-01
823    2.0276569486481333e+00  2.0666666666666647e+01  1.2690062353685887e+00  9.5789974672806766e-01
824    2.0603610929811675e+00  2.0999999999999986e+01  1.2636742763964517e+00  9.5789974672806766e-01
825    0.0000000000000000e+00  1.8999999999999989e+01  1.2956660302292740e+00  9.9682831385463699e-01
826    0.0000000000000000e+00  1.9333333333333325e+01  1.2903340712571369e+00  9.9682831385463699e-01
827    0.0000000000000000e+00  1.9999999999999986e+01  1.2796701533128634e+00  9.9682831385463699e-01
828    0.0000000000000000e+00  2.0666666666666650e+01  1.2690062353685891e+00  9.9682831385463699e-01
829    0.0000000000000000e+00  2.0999999999999989e+01  1.2636742763964521e+00  9.9682831385463699e-01
830    1.9000000000000000e+01  1.9396774765721281e+00  4.7225450648287666e+00  9.5218507654655726e-01
831    1.9333333333333336e+01  1.9723564465006720e+00  4.7209712589897865e+00  9.5218507654655726e-01
832    2.0000000000000000e+01  2.0377143863577589e+00  4.7178236473118238e+00  9.5218507654655726e-01
833    2.0666666666666668e+01  2.1030723262148463e+00  4.7146760356338620e+00  9.5218507654655726e-01
834    2.0999999999999996e+01  2.1357512961433902e+00  4.7131022297948810e+00  9.5218507654655726e-01
835    1.8436074406113576e+01  5.8203003364374144e+00  4.5356558535380307e+00  8.9027095528971867e-01
836    1.8759514307975223e+01  5.9210604091706109e+00  4.5308032896062302e+00  8.9027095528971867e-01
837    1.9406394111698500e+01  6.1225805546370076e+00  4.5210981617426285e+00  8.9027095528971867e-01
838    2.0053273915421787e+01  6.3241007001034015e+00  4.5113930338790267e+00  8.9027095528971867e-01
839    2.0376713817283427e+01  6.4248607728366007e+00  4.5065404699472245e+00  8.9027095528971867e-01
840    1.5727731153297620e+01  1.1333850764539877e+01  4.2701255177827209e+00  8.4383536434708983e-01
841    1.6003656261250214e+01  1.1531339792152064e+01  4.2606145269078439e+00  8.4383536434708983e-01
842    1.6555506477155394e+01  1.1926317847376438e+01  4.2415925451580909e+00  8.4383536434708983e-01
843    1.7107356693060566e+01  1.2321295902600815e+01  4.2225705634083370e+00  8.4383536434708983e-01
844    1.7383281801013162e+01  1.2518784930213004e+01  4.2130595725334592e+00  8.4383536434708983e-01
845    1.1265546362339830e+01  1.5792600735626038e+01  4.0553939410409896e+00  8.4383536434708972e-01
846    1.1463187526591405e+01  1.6068313446941492e+01  4.0421157295215213e+00  8.4383536434708983e-01
847    1.1858469855094555e+01  1.6619738869572398e+01  4.0155593064825839e+00  8.4383536434708983e-01
848    1.2253752183597710e+01  1.7171164292203308e+01  3.9890028834436464e+00  8.4383536434708972e-01
849    1.2451393347849285e+01  1.7446877003518765e+01  3.9757246719241786e+00  8.4383536434708972e-01
850    5.7477485436690552e+00  1.8498859208976377e+01  3.9250616387541166e+00  8.9027095528971867e-01
851    5.8485862374176358e+00  1.8822050139122542e+01  3.9094968956155802e+00  8.9027095528971867e-01
852    6.0502616249147954e+00  1.9468431999414868e+01  3.8783674093385079e+00  8.9027095528971867e-01
853    6.2519370124119558e+00  2.0114813859707187e+01  3.8472379230614346e+00  8.9027095528971867e-01
854    6.3527747061605355e+00  2.0438004789853352e+01  3.8316731799228974e+00  8.9027095528971867e-01
855    1.8641362269829611e+00  1.9062350714422553e+01  3.8979241180970532e+00  9.5218507654655726e-01
856    1.8968403713159954e+00  1.9395427460453735e+01  3.8818832781048851e+00  9.5218507654655726e-01
857    1.9622486599820643e+00  2.0061580952516103e+01  3.8498015981205471e+00  9.5218507654655726e-01
858    2.0276569486481328e+00  2.0727734444578463e+01  3.8177199181362083e+00  9.5218507654655726e-01
859    2.0603610929811675e+00  2.1060811190609652e+01  3.8016790781440393e+00  9.5218507654655726e-01
860    0.0000000000000000e+00  1.9062350714422553e+01  3.8979241180970541e+00  9.9088140233208133e-01
861    0.0000000000000000e+00  1.9395427460453739e+01  3.8818832781048855e+00  9.9088140233208133e-01
862    0.0000000000000000e+00  2.0061580952516103e+01  3.8498015981205480e+00  9.9088140233208133e-01
863    0.0000000000000000e+00  2.0727734444578466e+01  3.8177199181362091e+00  9.9088140233208133e-01
864    0.0000000000000000e+00  2.1060811190609652e+01  3.8016790781440402e+00  9.9088140233208133e-01
865    1.9000000000000000e+01  2.2828801943671393e+00  9.4663565582612250e+00  9.4475600531059378e-01
866    1.9333333333333336e+01  2.3154447907039426e+00  9.4632018594662419e+00  9.4475600531059378e-01
867    2.0000000000000000e+01  2.3805739833775488e+00  9.4568924618762793e+00  9.4475600531059378e-01
868    2.0666666666666668e+01  2.4457031760511558e+00  9.4505830642863113e+00  9.4475600531059378e-01
869    2.1000000000000000e+01  2.4782677723879591e+00  9.4474283654913265e+00  9.4475600531059378e-01
870    1.8436074406113580e+01  6.1499212070798714e+00  9.0917365415786584e+00  8.8332494604312950e-01
871    1.8759514307975220e+01  6.2503286282011086e+00  9.0820095617892473e+00  8.8332494604312950e-01
872    1.9406394111698503e+01  6.4511434704435828e+00  9.0625556022104199e+00  8.8332494604312950e-01
873    2.0053273915421787e+01  6.6519583126860562e+00  9.0431016426315907e+00  8.8332494604312950e-01
874    2.0376713817283431e+01  6.7523657338072951e+00  9.0333746628421761e+00  8.8332494604312950e-01
875    1.5727731153297619e+01  1.1644174681603861e+01  8.5594801415254977e+00  8.3725165159253145e-01
876    1.6003656261250214e+01  1.1840972514558851e+01  8.5404153301562022e+00  8.3725165159253145e-01
877    1.6555506477155390e+01  1.2234568180468832e+01  8.5022857074176148e+00  8.3725165159253145e-01
878    1.7107356693060566e+01  1.2628163846378813e+01  8.4641560846790274e+00  8.3725165159253145e-01
879    1.7383281801013158e+01  1.2824961679333807e+01  8.4450912733097301e+00  8.3725165159253145e-01
880    1.1265546362339830e+01  1.6087319410236535e+01  8.1290500150046068e+00  8.3725165159253134e-01
881    1.1463187526591405e+01  1.6362067150711397e+01  8.1024337979068743e+00  8.3725165159253145e-01
882    1.1858469855094555e+01  1.6911562631661123e+01  8.0492013637114130e+00  8.3725165159253145e-01
883    1.2253752183597710e+01  1.7461058112610846e+01  7.9959689295159517e+00  8.3725165159253134e-01
884    1.2451393347849287e+01  1.7735805853085711e+01  7.9693527124182184e+00  8.3725165159253134e-01
885    5.7477485436690552e+00  1.8784106211057065e+01  7.8677985017696832e+00  8.8332494604312950e-01
886    5.8485862374176349e+00  1.9106166000669131e+01  7.8365989247906391e+00  8.8332494604312950e-01
887    6.0502616249147945e+00  1.9750285579893259e+01  7.7741997708325492e+00  8.8332494604312950e-01
888    6.2519370124119549e+00  2.0394405159117390e+01  7.7118006168744584e+00  8.8332494604312950e-01
889    6.3527747061605346e+00  2.0716464948729456e+01  7.6806010398954108e+00  8.8332494604312950e-01
890    1.8641362269829607e+00  1.9345625544567159e+01  7.8134012555559513e+00  9.4475600531059378e-01
891    1.8968403713159954e+00  1.9677536550556596e+01  7.7812473409240344e+00  9.4475600531059378e-01
892    1.9622486599820641e+00  2.0341358562535465e+01  7.7169395116602013e+00  9.4475600531059378e-01
893    2.0276569486481328e+00  2.1005180574514334e+01  7.6526316823963629e+00  9.4475600531059378e-01
894    2.0603610929811675e+00  2.1337091580503774e+01  7.6204777677644451e+00  9.4475600531059378e-01
895    0.0000000000000000e+00  1.9345625544567159e+01  7.8134012555559522e+00  9.8315041735275888e-01
896    0.0000000000000000e+00  1.9677536550556596e+01  7.7812473409240352e+00  9.8315041735275888e-01
897    0.0000000000000000e+00  2.0341358562535468e+01  7.7169395116602013e+00  9.8315041735275888e-01
898    0.0000000000000000e+00  2.1005180574514338e+01  7.6526316823963647e+00  9.8315041735275888e-01
899    0.0000000000000000e+00  2.1337091580503774e+01  7.6204777677644469e+00  9.8315041735275888e-01
900    1.9000000000000000e+01  2.8605243781282845e+00  1.4222230335385845e+01  9.3846986811093236e-01
901    1.9333333333333336e+01  2.8928964723763246e+00  1.4217490723833620e+01  9.3846986811093236e-01
902    2.0000000000000000e+01  2.9576406608724048e+00  1.4208011500729171e+01  9.3846986811093236e-01
903    2.0666666666666671e+01  3.0223848493684855e+00  1.4198532277624722e+01  9.3846986811093236e-01
904    2.1000000000000000e+01  3.0547569436165261e+00  1.4193792666072495e+01  9.3846986811093236e-01
905    1.8436074406113576e+01  6.7047057961885903e+00  1.3659402162507027e+01  8.7744755360370796e-01
906    1.8759514307975220e+01  6.8045196697008468e+00  1.3644788372483248e+01  8.7744755360370796e-01
907    1.9406394111698500e+01  7.0041474167253579e+00  1.3615560792435684e+01  8.7744755360370796e-01
908    2.0053273915421787e+01  7.2037751637498690e+00  1.3586333212388116e+01  8.7744755360370796e-01
909    2.0376713817283427e+01  7.3035890372621273e+00  1.3571719422364332e+01  8.7744755360370796e-01
910    1.5727731153297619e+01  1.2166480585606211e+01  1.2859741482872776e+01  8.3168081772328983e-01
911    1.6003656261250207e+01  1.2362115069459124e+01  1.2831098558118565e+01  8.3168081772328983e-01
912    1.6555506477155387e+01  1.2753384037164958e+01  1.2773812708610150e+01  8.3168081772328983e-01
913    1.7107356693060563e+01  1.3144653004870790e+01  1.2716526859101730e+01  8.3168081772328983e-01
914    1.7383281801013155e+01  1.3340287488723705e+01  1.2687883934347521e+01  8.3168081772328983e-01
915    1.1265546362339826e+01  1.6583360144786404e+01  1.2213064341039676e+01  8.3168081772328972e-01
916    1.1463187526591401e+01  1.6856483743712658e+01  1.2173076203270851e+01  8.3168081772328972e-01
917    1.1858469855094553e+01  1.7402730941565160e+01  1.2093099927733201e+01  8.3168081772328972e-01
918    1.2253752183597706e+01  1.7948978139417662e+01  1.2013123652195551e+01  8.3168081772328972e-01
919    1.2451393347849287e+01  1.8222101738343916e+01  1.1973135514426726e+01  8.3168081772328972e-01
920    5.7477485436690534e+00  1.9264205182142796e+01  1.1820560723219300e+01  8.7744755360370796e-01
921    5.8485862374176349e+00  1.9584361150145476e+01  1.1773686557067663e+01  8.7744755360370796e-01
922    6.0502616249147945e+00  2.0224673086150837e+01  1.1679938224764390e+01  8.7744755360370796e-01
923    6.2519370124119531e+00  2.0864985022156201e+01  1.1586189892461112e+01  8.7744755360370796e-01
924    6.3527747061605346e+00  2.1185140990158885e+01  1.1539315726309473e+01  8.7744755360370796e-01
925    1.8641362269829607e+00  1.9822405154851875e+01  1.1738834437028734e+01  9.3846986811093236e-01
926    1.8968403713159954e+00  2.0152354104831907e+01  1.1690526476382528e+01  9.3846986811093236e-01
927    1.9622486599820641e+00  2.0812252004791972e+01  1.1593910555090110e+01  9.3846986811093236e-01
928    2.0276569486481328e+00  2.1472149904752037e+01  1.1497294633797690e+01  9.3846986811093236e-01
929    2.0603610929811671e+00  2.1802098854732076e+01  1.1448986673151481e+01  9.3846986811093236e-01
930    0.0000000000000000e+00  1.9822405154851879e+01  1.1738834437028737e+01  9.7660881467794758e-01
931    0.0000000000000000e+00  2.0152354104831911e+01  1.1690526476382528e+01  9.7660881467794758e-01
932    0.0000000000000000e+00  2.0812252004791972e+01  1.1593910555090110e+01  9.7660881467794758e-01
933    0.0000000000000000e+00  2.1472149904752033e+01  1.1497294633797692e+01  9.7660881467794758e-01
934    0.0000000000000000e+00  2.1802098854732069e+01  1.1448986673151481e+01  9.7660881467794758e-01
935    1.8999999999999996e+01  3.6752249387514366e+00  1.8972938264692079e+01  9.3332666494757321e-01
936    1.9333333333333329e+01  3.7073255309848370e+00  1.8966615461920757e+01  9.3332666494757321e-01
937    1.9999999999999996e+01  3.7715267154516372e+00  1.8953969856378109e+01  9.3332666494757321e-01
938    2.0666666666666661e+01  3.8357278999184374e+00  1.8941324250835468e+01  9.3332666494757321e-01
939    2.0999999999999996e+01  3.8678284921518387e+00  1.8935001448064138e+01  9.3332666494757321e-01
940    1.8436074406113576e+01  7.4871655326114777e+00  1.8222106368017599e+01  8.7263877797145395e-01
941    1.8759514307975223e+01  7.5861422756143506e+00  1.8202611075830934e+01  8.7263877797145395e-01
942    1.9406394111698503e+01  7.7840957616200983e+00  1.8163620491457603e+01  8.7263877797145395e-01
943    2.0053273915421784e+01  7.9820492476258469e+00  1.8124629907084273e+01  8.7263877797145395e-01
944    2.0376713817283427e+01  8.0810259906287225e+00  1.8105134614897601e+01  8.7263877797145395e-01
945    1.5727731153297620e+01  1.2903132879128572e+01  1.7155331864327152e+01  8.2712286273936464e-01
946    1.6003656261250210e+01  1.3097126593122976e+01  1.7117121229970479e+01  8.2712286273936464e-01
947    1.6555506477155390e+01  1.3485114021111778e+01  1.7040699961257136e+01  8.2712286273936464e-01
948    1.7107356693060566e+01  1.3873101449100583e+01  1.6964278692543786e+01  8.2712286273936464e-01
949    1.7383281801013158e+01  1.4067095163094983e+01  1.6926068058187109e+01  8.2712286273936464e-01
950    1.1265546362339828e+01  1.7282968443269340e+01  1.6292642595495671e+01  8.2712286273936453e-01
951    1.1463187526591406e+01  1.7553801377687268e+01  1.6239297061685814e+01  8.2712286273936453e-01
952    1.1858469855094555e+01  1.8095467246523111e+01  1.6132605994066104e+01  8.2712286273936453e-01
953    1.2253752183597710e+01  1.8637133115358960e+01  1.6025914926446383e+01  8.2712286273936453e-01
954    1.2451393347849287e+01  1.8907966049776885e+01  1.5972569392636526e+01  8.2712286273936453e-01
955    5.7477485436690534e+00  1.9941329460191238e+01  1.5769029439614924e+01  8.7263877797145395e-01
956    5.8485862374176341e+00  2.0258800307186739e+01  1.5706497710087859e+01  8.7263877797145395e-01
957    6.0502616249147936e+00  2.0893742001177745e+01  1.5581434251033736e+01  8.7263877797145395e-01
958    6.2519370124119522e+00  2.1528683695168748e+01  1.5456370791979607e+01  8.7263877797145395e-01
959    6.3527747061605337e+00  2.1846154542164250e+01  1.5393839062452541e+01  8.7263877797145395e-01
960    1.8641362269829604e+00  2.0494847856972559e+01  1.5660003798352578e+01  9.3332666494757321e-01
961    1.8968403713159947e+00  2.0822029553034398e+01  1.5595559338277058e+01  9.3332666494757321e-01
962    1.9622486599820632e+00  2.1476392945158079e+01  1.5466670418126007e+01  9.3332666494757321e-01
963    2.0276569486481320e+00  2.2130756337281756e+01  1.5337781497974953e+01  9.3332666494757321e-01
964    2.0603610929811667e+00  2.2457938033343606e+01  1.5273337037899427e+01  9.3332666494757321e-01
965    0.0000000000000000e+00  2.0494847856972566e+01  1.5660003798352584e+01  9.7125659430764744e-01
966    0.0000000000000000e+00  2.0822029553034405e+01  1.5595559338277061e+01  9.7125659430764744e-01
967    0.0000000000000000e+00  2.1476392945158086e+01  1.5466670418126011e+01  9.7125659430764744e-01
968    0.0000000000000000e+00  2.2130756337281767e+01  1.5337781497974957e+01  9.7125659430764744e-01
969    0.0000000000000000e+00  2.2457938033343609e+01  1.5273337037899433e+01  9.7125659430764744e-01
970    1.9000000000000000e+01  4.7279118404833991e+00  2.3700866572962120e+01  9.2932639582051579e-01
971    1.9333333333333332e+01  4.7596616208622136e+00  2.3692968170365766e+01  9.2932639582051579e-01
972    2.0000000000000000e+01  4.8231611816198390e+00  2.3677171365173063e+01  9.2932639582051579e-01
973    2.0666666666666668e+01  4.8866607423774644e+00  2.3661374559980349e+01  9.2932639582051579e-01
974    2.1000000000000000e+01  4.9184105227562780e+00  2.3653476157384002e+01  9.2932639582051579e-01
975    1.8436074406113573e+01  8.4981935783452265e+00  2.2762932429418171e+01  8.6889861914636757e-01
976    1.8759514307975216e+01  8.5960886523707352e+00  2.2738579041847366e+01  8.6889861914636757e-01
977    1.9406394111698500e+01  8.7918788004217578e+00  2.2689872266705752e+01  8.6889861914636757e-01
978    2.0053273915421780e+01  8.9876689484727805e+00  2.2641165491564131e+01  8.6889861914636757e-01
979    2.0376713817283420e+01  9.0855640224982945e+00  2.2616812103993318e+01  8.6889861914636757e-01
980    1.5727731153297622e+01  1.3854972435896103e+01  2.1430324911137429e+01  8.2357778664075620e-01
981    1.6003656261250214e+01  1.4046846086369872e+01  2.1382592444298542e+01  8.2357778664075620e-01
982    1.6555506477155390e+01  1.4430593387317415e+01  2.1287127510620760e+01  8.2357778664075620e-01
983    1.7107356693060570e+01  1.4814340688264961e+01  2.1191662576942971e+01  8.2357778664075620e-01
984    1.7383281801013158e+01  1.5006214338738733e+01  2.1143930110104076e+01  8.2357778664075620e-01
985    1.1265546362339828e+01  1.8186942894437824e+01  2.0352659292388680e+01  8.2357778664075620e-01
986    1.1463187526591403e+01  1.8454816026640398e+01  2.0286020411185778e+01  8.2357778664075620e-01
987    1.1858469855094555e+01  1.8990562291045542e+01  2.0152742648779967e+01  8.2357778664075620e-01
988    1.2253752183597706e+01  1.9526308555450690e+01  2.0019464886374156e+01  8.2357778664075620e-01
989    1.2451393347849285e+01  1.9794181687653271e+01  1.9952826005171243e+01  8.2357778664075620e-01
990    5.7477485436690534e+00  2.0816251968899344e+01  1.9698565268034425e+01  8.6889861914636757e-01
991    5.8485862374176341e+00  2.1130253330478432e+01  1.9620451053070923e+01  8.6889861914636757e-01
992    6.0502616249147927e+00  2.1758256053636615e+01  1.9464222623143915e+01  8.6889861914636757e-01
993    6.2519370124119513e+00  2.2386258776794797e+01  1.9307994193216896e+01  8.6889861914636757e-01
994    6.3527747061605329e+00  2.2700260138373896e+01  1.9229879978253386e+01  8.6889861914636757e-01
995    1.8641362269829600e+00  2.1363721230701749e+01  1.9562371171972931e+01  9.2932639582051579e-01
996    1.8968403713159949e+00  2.1687327316172109e+01  1.9481867586903086e+01  9.2932639582051579e-01
997    1.9622486599820637e+00  2.2334539487112835e+01  1.9320860416763388e+01  9.2932639582051579e-01
998    2.0276569486481324e+00  2.2981751658053557e+01  1.9159853246623690e+01  9.2932639582051579e-01
999    2.0603610929811671e+00  2.3305357743523928e+01  1.9079349661553842e+01  9.2932639582051579e-01
1000   0.0000000000000000e+00  2.1363721230701753e+01  1.9562371171972931e+01  9.6709375624185845e-01
1001   0.0000000000000000e+00  2.1687327316172112e+01  1.9481867586903086e+01  9.6709375624185845e-01
1002   0.0000000000000000e+00  2.2334539487112835e+01  1.9320860416763395e+01  9.6709375624185845e-01
1003   0.0000000000000000e+00  2.2981751658053565e+01  1.9159853246623690e+01  9.6709375624185845e-01
1004   0.0000000000000000e+00  2.3305357743523928e+01  1.9079349661553842e+01  9.6709375624185845e-01
1005   1.8999999999999996e+01  6.0177718593735650e+00  2.8388222432461962e+01  9.2646906072976076e-01
1006   1.9333333333333332e+01  6.0490917890677727e+00  2.8378761950961159e+01  9.2646906072976076e-01
1007   1.9999999999999996e+01  6.1117316484561872e+00  2.8359840987959565e+01  9.2646906072976076e-01
1008   2.0666666666666661e+01  6.1743715078446035e+00  2.8340920024957967e+01  9.2646906072976076e-01
1009   2.0999999999999996e+01  6.2056914375388104e+00  2.8331459543457168e+01  9.2646906072976076e-01
1010   1.8436074406113580e+01  9.7370088918283173e+00  2.7264791649374008e+01  8.6622707712844849e-01
1011   1.8759514307975223e+01  9.8335785940217306e+00  2.7235621855889210e+01  8.6622707712844849e-01
1012   1.9406394111698507e+01  1.0026717998408554e+01  2.7177282268919619e+01  8.6622707712844849e-01
1013   2.0053273915421787e+01  1.0219857402795380e+01  2.7118942681950021e+01  8.6622707712844849e-01
1014   2.0376713817283427e+01  1.0316427104988795e+01  2.7089772888465212e+01  8.6622707712844849e-01
1015   1.5727731153297619e+01  1.5021263938766133e+01  2.5668632347448654e+01  8.2104558942746464e-01
1016   1.6003656261250210e+01  1.5210539869853189e+01  2.5611459759193242e+01  8.2104558942746464e-01
1017   1.6555506477155387e+01  1.5589091732027306e+01  2.5497114582682403e+01  8.2104558942746464e-01
1018   1.7107356693060566e+01  1.5967643594201427e+01  2.5382769406171562e+01  8.2104558942746464e-01
1019   1.7383281801013155e+01  1.6156919525288487e+01  2.5325596817916139e+01  8.2104558942746464e-01
1020   1.1265546362339828e+01  1.9294585158003574e+01  2.4377835186143312e+01  8.2104558942746453e-01
1021   1.1463187526591406e+01  1.9558831636796555e+01  2.4298017033654471e+01  8.2104558942746453e-01
1022   1.1858469855094555e+01  2.0087324594382505e+01  2.4138380728676779e+01  8.2104558942746453e-01
1023   1.2253752183597708e+01  2.0615817551968465e+01  2.3978744423699087e+01  8.2104558942746453e-01
1024   1.2451393347849283e+01  2.0880064030761446e+01  2.3898926271210236e+01  8.2104558942746453e-01
1025   5.7477485436690525e+00  2.1888296811247930e+01  2.3594380007491925e+01  8.6622707712844860e-01
1026   5.8485862374176341e+00  2.2198047003255720e+01  2.3500817027307445e+01  8.6622707712844860e-01
1027   6.0502616249147927e+00  2.2817547387271304e+01  2.3313691066938478e+01  8.6622707712844860e-01
1028   6.2519370124119522e+00  2.3437047771286892e+01  2.3126565106569508e+01  8.6622707712844860e-01
1029   6.3527747061605337e+00  2.3746797963294686e+01  2.3033002126385021e+01  8.6622707712844860e-01
1030   1.8641362269829600e+00  2.2428354052111022e+01  2.3431250601186054e+01  9.2646906072976076e-01
1031   1.8968403713159947e+00  2.2747578932555005e+01  2.3334825701592699e+01  9.2646906072976076e-01
1032   1.9622486599820634e+00  2.3386028693442977e+01  2.3141975902405985e+01  9.2646906072976076e-01
1033   2.0276569486481324e+00  2.4024478454330954e+01  2.2949126103219264e+01  9.2646906072976076e-01
1034   2.0603610929811667e+00  2.4343703334774947e+01  2.2852701203625898e+01  9.2646906072976076e-01
1035   0.0000000000000000e+00  2.2428354052111025e+01  2.3431250601186058e+01  9.6412030048058062e-01
1036   0.0000000000000000e+00  2.2747578932555012e+01  2.3334825701592703e+01  9.6412030048058062e-01
1037   0.0000000000000000e+00  2.3386028693442984e+01  2.3141975902405992e+01  9.6412030048058062e-01
1038   0.0000000000000000e+00  2.4024478454330961e+01  2.2949126103219267e+01  9.6412030048058062e-01
1039   0.0000000000000000e+00  2.4343703334774947e+01  2.2852701203625909e+01  9.6412030048058062e-01
1040   1.9000000000000004e+01  7.5422209310787709e+00  3.3017249995487354e+01  9.2475465967530757e-01
1041   1.9333333333333332e+01  7.5730328324074794e+00  3.3006246873205477e+01  9.2475465967530757e-01
1042   2.0000000000000000e+01  7.6346566350648963e+00  3.2984240628641714e+01  9.2475465967530757e-01
1043   2.0666666666666664e+01  7.6962804377223133e+00  3.2962234384077959e+01  9.2475465967530757e-01
1044   2.1000000000000000e+01  7.7270923390510244e+00  3.2951231261796075e+01  9.2475465967530757e-01
1045   1.8436074406113576e+01  1.1201129670049209e+01  3.1710630847138500e+01  8.6462415191769726e-01
1046   1.8759514307975220e+01  1.1296132952763363e+01  3.1676704581903135e+01  8.6462415191769726e-01
1047   1.9406394111698503e+01  1.1486139518191671e+01  3.1608852051432400e+01  8.6462415191769726e-01
1048   2.0053273915421784e+01  1.1676146083619981e+01  3.1540999520961659e+01  8.6462415191769726e-01
1049   2.0376713817283427e+01  1.1771149366334136e+01  3.1507073255726290e+01  8.6462415191769726e-01
1050   1.5727731153297620e+01  1.6399670876611758e+01  2.9854199334750874e+01  8.1952627109948950e-01
1051   1.6003656261250214e+01  1.6585876636634023e+01  2.9787704095613975e+01  8.1952627109948950e-01
1052   1.6555506477155390e+01  1.6958288156678563e+01  2.9654713617340164e+01  8.1952627109948950e-01
1053   1.7107356693060570e+01  1.7330699676723103e+01  2.9521723139066346e+01  8.1952627109948950e-01
1054   1.7383281801013158e+01  1.7516905436745375e+01  2.9455227899929437e+01  8.1952627109948950e-01
1055   1.1265546362339826e+01  2.0603676218851504e+01  2.8352922787067154e+01  8.1952627109948950e-01
1056   1.1463187526591405e+01  2.0863636458562191e+01  2.8260089362883168e+01  8.1952627109948950e-01
1057   1.1858469855094555e+01  2.1383556937983556e+01  2.8074422514515192e+01  8.1952627109948950e-01
1058   1.2253752183597708e+01  2.1903477417404932e+01  2.7888755666147212e+01  8.1952627109948950e-01
1059   1.2451393347849283e+01  2.2163437657115622e+01  2.7795922241963218e+01  8.1952627109948950e-01
1060   5.7477485436690516e+00  2.3155316286858035e+01  2.7441716192313525e+01  8.6462415191769737e-01
1061   5.8485862374176341e+00  2.3460042141796901e+01  2.7332896687519831e+01  8.6462415191769737e-01
1062   6.0502616249147927e+00  2.4069493851674643e+01  2.7115257677932430e+01  8.6462415191769737e-01
1063   6.2519370124119522e+00  2.4678945561552386e+01  2.6897618668345029e+01  8.6462415191769737e-01
1064   6.3527747061605329e+00  2.4983671416491259e+01  2.6788799163551321e+01  8.6462415191769737e-01
1065   1.8641362269829600e+00  2.3686613469827311e+01  2.7251986652099085e+01  9.2475465967530757e-01
1066   1.8968403713159949e+00  2.4000660327976167e+01  2.7139838558880577e+01  9.2475465967530757e-01
1067   1.9622486599820634e+00  2.4628754044273887e+01  2.6915542372443550e+01  9.2475465967530757e-01
1068   2.0276569486481324e+00  2.5256847760571606e+01  2.6691246186006513e+01  9.2475465967530757e-01
1069   2.0603610929811667e+00  2.5570894618720466e+01  2.6579098092787991e+01  9.2475465967530757e-01
1070   0.0000000000000000e+00  2.3686613469827318e+01  2.7251986652099088e+01  9.6233622702381394e-01
1071   0.0000000000000000e+00  2.4000660327976171e+01  2.7139838558880577e+01  9.6233622702381394e-01
1072   0.0000000000000000e+00  2.4628754044273887e+01  2.6915542372443547e+01  9.6233622702381394e-01
1073   0.0000000000000000e+00  2.5256847760571606e+01  2.6691246186006513e+01  9.6233622702381394e-01
1074   0.0000000000000000e+00  2.5570894618720466e+01  2.6579098092788001e+01  9.6233622702381394e-01
1075   1.8999999999999996e+01  9.2969087329947921e+00  3.7570450551958153e+01  9.2418319265715665e-01
1076   1.9333333333333329e+01  9.3271358780384190e+00  3.7557930058529273e+01  9.2418319265715665e-01
1077   1.9999999999999993e+01  9.3875901681256710e+00  3.7532889071671491e+01  9.2418319265715665e-01
1078   2.0666666666666664e+01  9.4480444582129230e+00  3.7507848084813709e+01  9.2418319265715665e-01
1079   2.0999999999999996e+01  9.4782716032565499e+00  3.7495327591384822e+01  9.2418319265715665e-01
1080   1.8436074406113576e+01  1.2886377749345360e+01  3.6083643803667741e+01  8.6408984351411344e-01
1081   1.8759514307975223e+01  1.2979578035026714e+01  3.6045038981321483e+01  8.6408984351411344e-01
1082   1.9406394111698503e+01  1.3165978606389421e+01  3.5967829336628959e+01  8.6408984351411344e-01
1083   2.0053273915421784e+01  1.3352379177752134e+01  3.5890619691936429e+01  8.6408984351411344e-01
1084   2.0376713817283427e+01  1.3445579463433489e+01  3.5852014869590157e+01  8.6408984351411344e-01
1085   1.5727731153297620e+01  1.7986259687485365e+01  3.3971203538388565e+01  8.1901983165683123e-01
1086   1.6003656261250210e+01  1.8168931586116543e+01  3.3895538360511097e+01  8.1901983165683123e-01
1087   1.6555506477155390e+01  1.8534275383378898e+01  3.3744208004756132e+01  8.1901983165683123e-01
1088   1.7107356693060570e+01  1.8899619180641260e+01  3.3592877649001174e+01  8.1901983165683123e-01
1089   1.7383281801013155e+01  1.9082291079272441e+01  3.3517212471123692e+01  8.1901983165683123e-01
1090   1.1265546362339828e+01  2.2110480321856251e+01  3.2262895417413183e+01  8.1901983165683112e-01
1091   1.1463187526591405e+01  2.2365506968458845e+01  3.2157259921623854e+01  8.1901983165683112e-01
1092   1.1858469855094556e+01  2.2875560261664035e+01  3.1945988930045207e+01  8.1901983165683112e-01
1093   1.2253752183597708e+01  2.3385613554869241e+01  3.1734717938466545e+01  8.1901983165683112e-01
1094   1.2451393347849283e+01  2.3640640201471843e+01  3.1629082442677209e+01  8.1901983165683112e-01
1095   5.7477485436690534e+00  2.4613694700350234e+01  3.1226030072313620e+01  8.6408984351411355e-01
1096   5.8485862374176341e+00  2.4912637388680785e+01  3.1102203956434835e+01  8.6408984351411355e-01
1097   6.0502616249147918e+00  2.5510522765341911e+01  3.0854551724677254e+01  8.6408984351411355e-01
1098   6.2519370124119513e+00  2.6108408142003036e+01  3.0606899492919666e+01  8.6408984351411355e-01
1099   6.3527747061605337e+00  2.6407350830333609e+01  3.0483073377040864e+01  8.6408984351411355e-01
1100   1.8641362269829600e+00  2.5134908787061551e+01  3.1010136128697880e+01  9.2418319265715665e-01
1101   1.8968403713159947e+00  2.5442995582176518e+01  3.0882522399773205e+01  9.2418319265715665e-01
1102   1.9622486599820630e+00  2.6059169172406463e+01  3.0627294941923843e+01  9.2418319265715665e-01
1103   2.0276569486481320e+00  2.6675342762636411e+01  3.0372067484074471e+01  9.2418319265715665e-01
1104   2.0603610929811667e+00  2.6983429557751393e+01  3.0244453755149781e+01  9.2418319265715665e-01
1105   0.0000000000000000e+00  2.5134908787061562e+01  3.1010136128697887e+01  9.6174153587155842e-01
1106   0.0000000000000000e+00  2.5442995582176525e+01  3.0882522399773208e+01  9.6174153587155842e-01
1107   0.0000000000000000e+00  2.6059169172406467e+01  3.0627294941923846e+01  9.6174153587155842e-01
1108   0.0000000000000000e+00  2.6675342762636415e+01  3.0372067484074481e+01  9.6174153587155842e-01
1109   0.0000000000000000e+00  2.6983429557751393e+01  3.0244453755149788e+01  9.6174153587155842e-01
1110   1.9000000000000000e+01  1.1275756078977491e+01  4.2030801185141186e+01  9.2475465967530757e-01
1111   1.9333333333333336e+01  1.1305323765728010e+01  4.2016794263150153e+01  9.2475465967530757e-01
1112   2.0000000000000000e+01  1.1364459139229053e+01  4.1988780419168066e+01  9.2475465967530757e-01
1113   2.0666666666666668e+01  1.1423594512730100e+01  4.1960766575185986e+01  9.2475465967530757e-01
1114   2.1000000000000000e+01  1.1453162199480623e+01  4.1946759653194945e+01  9.2475465967530757e-01
1115   1.8436074406113580e+01  1.4786914520271880e+01  4.0367481264298142e+01  8.6462415191769715e-01
1116   1.8759514307975220e+01  1.4878081477922299e+01  4.0324293291064251e+01  8.6462415191769715e-01
1117   1.9406394111698503e+01  1.5060415393223144e+01  4.0237917344596447e+01  8.6462415191769715e-01
1118   2.0053273915421784e+01  1.5242749308523990e+01  4.0151541398128643e+01  8.6462415191769715e-01
1119   2.0376713817283427e+01  1.5333916266174416e+01  4.0108353424894737e+01  8.6462415191769715e-01
1120   1.5727731153297617e+01  1.9775533570927642e+01  3.8004252836077733e+01  8.1952627109948972e-01
1121   1.6003656261250210e+01  1.9954220161045704e+01  3.7919604714980323e+01  8.1952627109948972e-01
1122   1.6555506477155387e+01  2.0311593341281835e+01  3.7750308472785491e+01  8.1952627109948972e-01
1123   1.7107356693060563e+01  2.0668966521517977e+01  3.7581012230590652e+01  8.1952627109948972e-01
1124   1.7383281801013155e+01  2.0847653111636046e+01  3.7496364109493236e+01  8.1952627109948972e-01
1125   1.1265546362339826e+01  2.3809777083873335e+01  3.6093134977739034e+01  8.1952627109948950e-01
1126   1.1463187526591405e+01  2.4059239875972903e+01  3.5974958473162005e+01  8.1952627109948950e-01
1127   1.1858469855094555e+01  2.4558165460172034e+01  3.5738605464007911e+01  8.1952627109948950e-01
1128   1.2253752183597708e+01  2.5057091044371184e+01  3.5502252454853824e+01  8.1952627109948950e-01
1129   1.2451393347849281e+01  2.5306553836470766e+01  3.5384075950276774e+01  8.1952627109948950e-01
1130   5.7477485436690516e+00  2.6258379441320240e+01  3.4933173344716486e+01  8.6462415191769737e-01
1131   5.8485862374176323e+00  2.6550800169515366e+01  3.4794646636051333e+01  8.6462415191769737e-01
1132   6.0502616249147936e+00  2.7135641625905624e+01  3.4517593218721025e+01  8.6462415191769737e-01
1133   6.2519370124119513e+00  2.7720483082295885e+01  3.4240539801390703e+01  8.6462415191769737e-01
1134   6.3527747061605329e+00  2.8012903810491025e+01  3.4102013092725549e+01  8.6462415191769737e-01
1135   1.8641362269829600e+00  2.6768222326700165e+01  3.4691648548290637e+01  9.2475465967530757e-01
1136   1.8968403713159949e+00  2.7069587666919499e+01  3.4548884562495211e+01  9.2475465967530757e-01
1137   1.9622486599820632e+00  2.7672318347358178e+01  3.4263356590904351e+01  9.2475465967530757e-01
1138   2.0276569486481324e+00  2.8275049027796864e+01  3.3977828619313470e+01  9.2475465967530757e-01
1139   2.0603610929811671e+00  2.8576414368016209e+01  3.3835064633518023e+01  9.2475465967530757e-01
1140   0.0000000000000000e+00  2.6768222326700169e+01  3.4691648548290644e+01  9.6233622702381394e-01
1141   0.0000000000000000e+00  2.7069587666919503e+01  3.4548884562495211e+01  9.6233622702381394e-01
1142   0.0000000000000000e+00  2.7672318347358175e+01  3.4263356590904351e+01  9.6233622702381394e-01
1143   0.0000000000000000e+00  2.8275049027796861e+01  3.3977828619313470e+01  9.6233622702381394e-01
1144   0.0000000000000000e+00  2.8576414368016209e+01  3.3835064633518030e+01  9.6233622702381394e-01
1145   1.8999999999999996e+01  1.3471024582915858e+01  4.6381966241432181e+01  9.2646906072976076e-01
1146   1.9333333333333332e+01  1.3499860688211420e+01  4.6366509277381638e+01  9.2646906072976076e-01
1147   1.9999999999999996e+01  1.3557532898802551e+01  4.6335595349280517e+01  9.2646906072976076e-01
1148   2.0666666666666664e+01  1.3615205109393679e+01  4.6304681421179403e+01  9.2646906072976076e-01
1149   2.0999999999999996e+01  1.3644041214689247e+01  4.6289224457128853e+01  9.2646906072976076e-01
1150   1.8436074406113576e+01  1.6895307834319961e+01  4.4546454039858510e+01  8.6622707712844860e-01
1151   1.8759514307975220e+01  1.6984219084376999e+01  4.4498795107359300e+01  8.6622707712844860e-01
1152   1.9406394111698503e+01  1.7162041584491075e+01  4.4403477242360879e+01  8.6622707712844860e-01
1153   2.0053273915421784e+01  1.7339864084605157e+01  4.4308159377362429e+01  8.6622707712844860e-01
1154   2.0376713817283424e+01  1.7428775334662198e+01  4.4260500444863212e+01  8.6622707712844860e-01
1155   1.5727731153297619e+01  2.1760495477774338e+01  4.1938576528894934e+01  8.2104558942746453e-01
1156   1.6003656261250214e+01  2.1934760897014780e+01  4.1845165359361268e+01  8.2104558942746453e-01
1157   1.6555506477155390e+01  2.2283291735495677e+01  4.1658343020293948e+01  8.2104558942746453e-01
1158   1.7107356693060570e+01  2.2631822573976581e+01  4.1471520681226600e+01  8.2104558942746453e-01
1159   1.7383281801013158e+01  2.2806087993217034e+01  4.1378109511692934e+01  8.2104558942746453e-01
1160   1.1265546362339830e+01  2.5694921315980864e+01  3.9829613542479130e+01  8.2104558942746442e-01
1161   1.1463187526591406e+01  2.5938211749926683e+01  3.9699203022306591e+01  8.2104558942746453e-01
1162   1.1858469855094555e+01  2.6424792617818326e+01  3.9438381981961527e+01  8.2104558942746453e-01
1163   1.2253752183597710e+01  2.6911373485709991e+01  3.9177560941616434e+01  8.2104558942746442e-01
1164   1.2451393347849285e+01  2.7154663919655828e+01  3.9047150421443888e+01  8.2104558942746442e-01
1165   5.7477485436690525e+00  2.8082938884012627e+01  3.8549568913607573e+01  8.6622707712844860e-01
1166   5.8485862374176341e+00  2.8368124363011638e+01  3.8396701470121513e+01  8.6622707712844860e-01
1167   6.0502616249147927e+00  2.8938495321009665e+01  3.8090966583149367e+01  8.6622707712844860e-01
1168   6.2519370124119522e+00  2.9508866279007702e+01  3.7785231696177206e+01  8.6622707712844860e-01
1169   6.3527747061605337e+00  2.9794051758006727e+01  3.7632364252691126e+01  8.6622707712844860e-01
1170   1.8641362269829600e+00  2.8580166930665634e+01  3.8283040685774196e+01  9.2646906072976076e-01
1171   1.8968403713159949e+00  2.8874075708728729e+01  3.8125497308466485e+01  9.2646906072976076e-01
1172   1.9622486599820634e+00  2.9461893264854929e+01  3.7810410553851064e+01  9.2646906072976076e-01
1173   2.0276569486481315e+00  3.0049710820981144e+01  3.7495323799235635e+01  9.2646906072976076e-01
1174   2.0603610929811667e+00  3.0343619599044256e+01  3.7337780421927910e+01  9.2646906072976076e-01
1175   0.0000000000000000e+00  2.8580166930665637e+01  3.8283040685774196e+01  9.6412030048058062e-01
1176   0.0000000000000000e+00  2.8874075708728736e+01  3.8125497308466493e+01  9.6412030048058062e-01
1177   0.0000000000000000e+00  2.9461893264854933e+01  3.7810410553851078e+01  9.6412030048058062e-01
1178   0.0000000000000000e+00  3.0049710820981151e+01  3.7495323799235642e+01  9.6412030048058062e-01
1179   0.0000000000000000e+00  3.0343619599044260e+01  3.7337780421927924e+01  9.6412030048058062e-01
1180   1.9000000000000000e+01  1.5873416930864026e+01  5.0608496121657708e+01  9.2932639582051579e-01
1181   1.9333333333333332e+01  1.5901452429907490e+01  5.0591630650687094e+01  9.2932639582051579e-01
1182   2.0000000000000000e+01  1.5957523427994419e+01  5.0557899708745850e+01  9.2932639582051579e-01
1183   2.0666666666666664e+01  1.6013594426081347e+01  5.0524168766804607e+01  9.2932639582051579e-01
1184   2.1000000000000000e+01  1.6041629925124816e+01  5.0507303295833985e+01  9.2932639582051579e-01
1185   1.8436074406113576e+01  1.9202628307896251e+01  4.8605723931038114e+01  8.6889861914636746e-01
1186   1.8759514307975220e+01  1.9289071024080627e+01  4.8553722105846113e+01  8.6889861914636746e-01
1187   1.9406394111698503e+01  1.9461956456449386e+01  4.8449718455462083e+01  8.6889861914636746e-01
1188   2.0053273915421787e+01  1.9634841888818151e+01  4.8345714805078039e+01  8.6889861914636746e-01
1189   2.0376713817283427e+01  1.9721284605002534e+01  4.8293712979886017e+01  8.6889861914636746e-01
1190   1.5727731153297622e+01  2.3932738776223704e+01  4.5760205088383657e+01  8.2357778664075620e-01
1191   1.6003656261250210e+01  2.4102165886589262e+01  4.5658281879987179e+01  8.2357778664075620e-01
1192   1.6555506477155394e+01  2.4441020107320380e+01  4.5454435463194223e+01  8.2357778664075620e-01
1193   1.7107356693060570e+01  2.4779874328051523e+01  4.5250589046401252e+01  8.2357778664075620e-01
1194   1.7383281801013158e+01  2.4949301438417084e+01  4.5148665838004760e+01  8.2357778664075620e-01
1195   1.1265546362339828e+01  2.7757929130227197e+01  4.3459064068117833e+01  8.2357778664075620e-01
1196   1.1463187526591406e+01  2.7994464843294569e+01  4.3316769964628975e+01  8.2357778664075620e-01
1197   1.1858469855094555e+01  2.8467536269429321e+01  4.3032181757651266e+01  8.2357778664075620e-01
1198   1.2253752183597710e+01  2.8940607695564093e+01  4.2747593550673521e+01  8.2357778664075620e-01
1199   1.2451393347849285e+01  2.9177143408631480e+01  4.2605299447184649e+01  8.2357778664075620e-01
1200   5.7477485436690525e+00  3.0079645726768760e+01  4.2062376111885243e+01  8.6889861914636746e-01
1201   5.8485862374176341e+00  3.0356913309950897e+01  4.1895578710918635e+01  8.6889861914636746e-01
1202   6.0502616249147945e+00  3.0911448476315176e+01  4.1561983908985383e+01  8.6889861914636746e-01
1203   6.2519370124119522e+00  3.1465983642679472e+01  4.1228389107052124e+01  8.6889861914636746e-01
1204   6.3527747061605337e+00  3.1743251225861624e+01  4.1061591706085480e+01  8.6889861914636746e-01
1205   1.8641362269829602e+00  3.0563068723163092e+01  4.1771560653256223e+01  9.2932639582051579e-01
1206   1.8968403713159951e+00  3.0848817411545127e+01  4.1599661226699631e+01  9.2932639582051579e-01
1207   1.9622486599820637e+00  3.1420314788309209e+01  4.1255862373586417e+01  9.2932639582051579e-01
1208   2.0276569486481324e+00  3.1991812165073306e+01  4.0912063520473183e+01  9.2932639582051579e-01
1209   2.0603610929811671e+00  3.2277560853455356e+01  4.0740164093916562e+01  9.2932639582051579e-01
1210   0.0000000000000000e+00  3.0563068723163092e+01  4.1771560653256238e+01  9.6709375624185845e-01
1211   0.0000000000000000e+00  3.0848817411545127e+01  4.1599661226699631e+01  9.6709375624185845e-01
1212   0.0000000000000000e+00  3.1420314788309213e+01  4.1255862373586417e+01  9.6709375624185845e-01
1213   0.0000000000000000e+00  3.1991812165073313e+01  4.0912063520473190e+01  9.6709375624185845e-01
1214   0.0000000000000000e+00  3.2277560853455363e+01  4.0740164093916576e+01  9.6709375624185845e-01
1215   1.9000000000000000e+01  1.8472205051924654e+01  5.4696008336080247e+01  9.3332666494757310e-01
1216   1.9333333333333332e+01  1.8499374495088698e+01  5.4677780686347624e+01  9.3332666494757310e-01
1217   1.9999999999999996e+01  1.8553713381416795e+01  5.4641325386882350e+01  9.3332666494757310e-01
1218   2.0666666666666668e+01  1.8608052267744895e+01  5.4604870087417069e+01  9.3332666494757310e-01
1219   2.1000000000000000e+01  1.8635221710908947e+01  5.4586642437684439e+01  9.3332666494757310e-01
1220   1.8436074406113580e+01  2.1698572420993056e+01  5.2531477618351211e+01  8.7263877797145395e-01
1221   1.8759514307975223e+01  2.1782344800456549e+01  5.2475275745500539e+01  8.7263877797145395e-01
1222   1.9406394111698503e+01  2.1949889559383536e+01  5.2362871999799175e+01  8.7263877797145395e-01
1223   2.0053273915421784e+01  2.2117434318310526e+01  5.2250468254097790e+01  8.7263877797145395e-01
1224   2.0376713817283427e+01  2.2201206697774030e+01  5.2194266381247097e+01  8.7263877797145395e-01
1225   1.5727731153297620e+01  2.6282563143956654e+01  4.9456133866500473e+01  8.2712286273936464e-01
1226   1.6003656261250210e+01  2.6446756413296690e+01  4.9345978594494518e+01  8.2712286273936464e-01
1227   1.6555506477155394e+01  2.6775142951976783e+01  4.9125668050482602e+01  8.2712286273936464e-01
1228   1.7107356693060570e+01  2.7103529490656889e+01  4.8905357506470665e+01  8.2712286273936464e-01
1229   1.7383281801013158e+01  2.7267722759996943e+01  4.8795202234464696e+01  8.2712286273936464e-01
1230   1.1265546362339828e+01  2.9989588003890216e+01  4.6969135870662136e+01  8.2712286273936453e-01
1231   1.1463187526591406e+01  3.0218816797088735e+01  4.6815349054869550e+01  8.2712286273936464e-01
1232   1.1858469855094553e+01  3.0677274383485788e+01  4.6507775423284343e+01  8.2712286273936464e-01
1233   1.2253752183597710e+01  3.1135731969882869e+01  4.6200201791699136e+01  8.2712286273936453e-01
1234   1.2451393347849285e+01  3.1364960763081413e+01  4.6046414975906522e+01  8.2712286273936453e-01
1235   5.7477485436690534e+00  3.2239583519039428e+01  4.5459641181996446e+01  8.7263877797145395e-01
1236   5.8485862374176341e+00  3.2508285917766884e+01  4.5279372003244816e+01  8.7263877797145395e-01
1237   6.0502616249147936e+00  3.3045690715221802e+01  4.4918833645741529e+01  8.7263877797145395e-01
1238   6.2519370124119522e+00  3.3583095512676749e+01  4.4558295288238206e+01  8.7263877797145395e-01
1239   6.3527747061605337e+00  3.3851797911404219e+01  4.4378026109486569e+01  8.7263877797145395e-01
1240   1.8641362269829607e+00  3.2708072901174823e+01  4.5145337340380678e+01  9.3332666494757310e-01
1241   1.8968403713159949e+00  3.2984994411869557e+01  4.4959554059144551e+01  9.3332666494757310e-01
1242   1.9622486599820634e+00  3.3538837433259054e+01  4.4587987496672284e+01  9.3332666494757310e-01
1243   2.0276569486481324e+00  3.4092680454648580e+01  4.4216420934200009e+01  9.3332666494757310e-01
1244   2.0603610929811671e+00  3.4369601965343335e+01  4.4030637652963868e+01  9.3332666494757310e-01
1245   0.0000000000000000e+00  3.2708072901174816e+01  4.5145337340380685e+01  9.7125659430764744e-01
1246   0.0000000000000000e+00  3.2984994411869565e+01  4.4959554059144551e+01  9.7125659430764744e-01
1247   0.0000000000000000e+00  3.3538837433259062e+01  4.4587987496672298e+01  9.7125659430764744e-01
1248   0.0000000000000000e+00  3.4092680454648580e+01  4.4216420934200016e+01  9.7125659430764744e-01
1249   0.0000000000000000e+00  3.4369601965343342e+01  4.4030637652963875e+01  9.7125659430764744e-01
1250   1.9000000000000000e+01  2.1255382553120654e+01  5.8631346419382545e+01  9.3846986811093236e-01
1251   1.9333333333333336e+01  2.1281624491953423e+01  5.8611807303487318e+01  9.3846986811093236e-01
1252   2.0000000000000000e+01  2.1334108369618953e+01  5.8572729071696855e+01  9.3846986811093236e-01
1253   2.0666666666666668e+01  2.1386592247284490e+01  5.8533650839906379e+01  9.3846986811093236e-01
1254   2.1000000000000000e+01  2.1412834186117259e+01  5.8514111724011158e+01  9.3846986811093236e-01
1255   1.8436074406113576e+01  2.4371608919627871e+01  5.6311079288246219e+01  8.7744755360370796e-01
1256   1.8759514307975223e+01  2.4452521496469537e+01  5.6250833731453859e+01  8.7744755360370796e-01
1257   1.9406394111698500e+01  2.4614346650152864e+01  5.6130342617869154e+01  8.7744755360370796e-01
1258   2.0053273915421787e+01  2.4776171803836196e+01  5.6009851504284420e+01  8.7744755360370796e-01
1259   2.0376713817283431e+01  2.4857084380677868e+01  5.5949605947492060e+01  8.7744755360370796e-01
1260   1.5727731153297619e+01  2.8799112399756446e+01  5.3014466786552894e+01  8.3168081772328972e-01
1261   1.6003656261250214e+01  2.8957700476249475e+01  5.2896385922713286e+01  8.3168081772328972e-01
1262   1.6555506477155390e+01  2.9274876629235557e+01  5.2660224195034075e+01  8.3168081772328972e-01
1263   1.7107356693060566e+01  2.9592052782221661e+01  5.2424062467354844e+01  8.3168081772328972e-01
1264   1.7383281801013158e+01  2.9750640858714704e+01  5.2305981603515228e+01  8.3168081772328972e-01
1265   1.1265546362339826e+01  3.2379587679965539e+01  5.0348531090800840e+01  8.3168081772328972e-01
1266   1.1463187526591405e+01  3.2600991112251720e+01  5.0183679425281383e+01  8.3168081772328972e-01
1267   1.1858469855094555e+01  3.3043797976824074e+01  4.9853976094242448e+01  8.3168081772328972e-01
1268   1.2253752183597706e+01  3.3486604841396463e+01  4.9524272763203484e+01  8.3168081772328972e-01
1269   1.2451393347849285e+01  3.3708008273682658e+01  4.9359421097684006e+01  8.3168081772328972e-01
1270   5.7477485436690534e+00  3.4552773354991601e+01  4.8730429355376856e+01  8.7744755360370807e-01
1271   5.8485862374176341e+00  3.4812302851751916e+01  4.8537189940113116e+01  8.7744755360370807e-01
1272   6.0502616249147936e+00  3.5331361845272554e+01  4.8150711109585622e+01  8.7744755360370807e-01
1273   6.2519370124119531e+00  3.5850420838793227e+01  4.7764232279058106e+01  8.7744755360370807e-01
1274   6.3527747061605337e+00  3.6109950335553563e+01  4.7570992863794352e+01  8.7744755360370807e-01
1275   1.8641362269829609e+00  3.5005269552118882e+01  4.8393511580582668e+01  9.3846986811093236e-01
1276   1.8968403713159951e+00  3.5272737578653356e+01  4.8194361327164636e+01  9.3846986811093236e-01
1277   1.9622486599820639e+00  3.5807673631722324e+01  4.7796060820328577e+01  9.3846986811093236e-01
1278   2.0276569486481324e+00  3.6342609684791320e+01  4.7397760313492505e+01  9.3846986811093236e-01
1279   2.0603610929811671e+00  3.6610077711325815e+01  4.7198610060074451e+01  9.3846986811093236e-01
1280   0.0000000000000000e+00  3.5005269552118875e+01  4.8393511580582668e+01  9.7660881467794758e-01
1281   0.0000000000000000e+00  3.5272737578653356e+01  4.8194361327164650e+01  9.7660881467794758e-01
1282   0.0000000000000000e+00  3.5807673631722324e+01  4.7796060820328577e+01  9.7660881467794758e-01
1283   0.0000000000000000e+00  3.6342609684791320e+01  4.7397760313492498e+01  9.7660881467794758e-01
1284   0.0000000000000000e+00  3.6610077711325822e+01  4.7198610060074451e+01  9.7660881467794758e-01
1285   1.9000000000000004e+01  2.4209837031942257e+01  6.2402713137105167e+01  9.4475600531059367e-01
1286   1.9333333333333339e+01  2.4235094387749147e+01  6.2381917199119357e+01  9.4475600531059367e-01
1287   2.0000000000000004e+01  2.4285609099362919e+01  6.2340325323147695e+01  9.4475600531059367e-01
1288   2.0666666666666668e+01  2.4336123810976705e+01  6.2298733447176048e+01  9.4475600531059367e-01
1289   2.1000000000000000e+01  2.4361381166783598e+01  6.2277937509190238e+01  9.4475600531059367e-01
1290   1.8436074406113576e+01  2.7209144309322401e+01  5.9933198568053939e+01  8.8332494604312961e-01
1291   1.8759514307975220e+01  2.7287021091048228e+01  5.9869077813067229e+01  8.8332494604312961e-01
1292   1.9406394111698500e+01  2.7442774654499907e+01  5.9740836303093786e+01  8.8332494604312961e-01
1293   2.0053273915421784e+01  2.7598528217951586e+01  5.9612594793120330e+01  8.8332494604312961e-01
1294   2.0376713817283427e+01  2.7676404999677434e+01  5.9548474038133612e+01  8.8332494604312961e-01
1295   1.5727731153297619e+01  3.1470530308523614e+01  5.6424536788467783e+01  8.3725165159253145e-01
1296   1.6003656261250214e+01  3.1623168248130160e+01  5.6298860563663773e+01  8.3725165159253145e-01
1297   1.6555506477155394e+01  3.1928444127343276e+01  5.6047508114055738e+01  8.3725165159253145e-01
1298   1.7107356693060566e+01  3.2233720006556418e+01  5.5796155664447681e+01  8.3725165159253145e-01
1299   1.7383281801013158e+01  3.2386357946162981e+01  5.5670479439643643e+01  8.3725165159253145e-01
1300   1.1265546362339830e+01  3.4916668137222963e+01  5.3587119082348259e+01  8.3725165159253134e-01
1301   1.1463187526591405e+01  3.5129764635227751e+01  5.3411663599542152e+01  8.3725165159253145e-01
1302   1.1858469855094555e+01  3.5555957631237327e+01  5.3060752633929916e+01  8.3725165159253145e-01
1303   1.2253752183597710e+01  3.5982150627246938e+01  5.2709841668317672e+01  8.3725165159253134e-01
1304   1.2451393347849287e+01  3.6195247125251754e+01  5.2534386185511522e+01  8.3725165159253134e-01
1305   5.7477485436690534e+00  3.7008317088101208e+01  5.1864935564677324e+01  8.8332494604312961e-01
1306   5.8485862374176341e+00  3.7258109181735428e+01  5.1659266335947166e+01  8.8332494604312961e-01
1307   6.0502616249147954e+00  3.7757693369003889e+01  5.1247927878486841e+01  8.8332494604312961e-01
1308   6.2519370124119540e+00  3.8257277556272392e+01  5.0836589421026481e+01  8.8332494604312961e-01
1309   6.3527747061605346e+00  3.8507069649906640e+01  5.0630920192296308e+01  8.8332494604312961e-01
1310   1.8641362269829609e+00  3.7443835878269162e+01  5.1506346097860593e+01  9.4475600531059367e-01
1311   1.8968403713159956e+00  3.7701268652432645e+01  5.1294385825852949e+01  9.4475600531059367e-01
1312   1.9622486599820641e+00  3.8216134200759626e+01  5.0870465281837653e+01  9.4475600531059367e-01
1313   2.0276569486481328e+00  3.8730999749086649e+01  5.0446544737822322e+01  9.4475600531059367e-01
1314   2.0603610929811675e+00  3.8988432523250161e+01  5.0234584465814649e+01  9.4475600531059367e-01
1315   0.0000000000000000e+00  3.7443835878269155e+01  5.1506346097860593e+01  9.8315041735275888e-01
1316   0.0000000000000000e+00  3.7701268652432638e+01  5.1294385825852942e+01  9.8315041735275888e-01
1317   0.0000000000000000e+00  3.8216134200759626e+01  5.0870465281837639e+01  9.8315041735275888e-01
1318   0.0000000000000000e+00  3.8730999749086649e+01  5.0446544737822315e+01  9.8315041735275888e-01
1319   0.0000000000000000e+00  3.8988432523250161e+01  5.0234584465814649e+01  9.8315041735275888e-01
1320   1.9000000000000004e+01  2.7321537338544506e+01  6.5999775381856495e+01  9.5218507654655715e-01
1321   1.9333333333333336e+01  2.7345757708564186e+01  6.5977780709398843e+01  9.5218507654655715e-01
1322   2.0000000000000004e+01  2.7394198448603536e+01  6.5933791364483554e+01  9.5218507654655715e-01
1323   2.0666666666666671e+01  2.7442639188642897e+01  6.5889802019568251e+01  9.5218507654655715e-01
1324   2.1000000000000000e+01  2.7466859558662584e+01  6.5867807347110599e+01  9.5218507654655715e-01
1325   1.8436074406113576e+01  3.0197702706617083e+01  6.3387911271052481e+01  8.9027095528971878e-01
1326   1.8759514307975220e+01  3.0272382118181888e+01  6.3320094421212310e+01  8.9027095528971878e-01
1327   1.9406394111698500e+01  3.0421740941311505e+01  6.3184460721531970e+01  8.9027095528971878e-01
1328   2.0053273915421784e+01  3.0571099764441133e+01  6.3048827021851601e+01  8.9027095528971878e-01
1329   2.0376713817283427e+01  3.0645779176005956e+01  6.2981010172011423e+01  8.9027095528971878e-01
1330   1.5727731153297620e+01  3.4284129903765681e+01  5.9677000675950538e+01  8.4383536434708983e-01
1331   1.6003656261250214e+01  3.4430501020543602e+01  5.9544080131459452e+01  8.4383536434708983e-01
1332   1.6555506477155394e+01  3.4723243254099486e+01  5.9278239042477288e+01  8.4383536434708983e-01
1333   1.7107356693060566e+01  3.5015985487655392e+01  5.9012397953495103e+01  8.4383536434708983e-01
1334   1.7383281801013162e+01  3.5162356604433342e+01  5.8879477409004011e+01  8.4383536434708983e-01
1335   1.1265546362339832e+01  3.7588780397985005e+01  5.6676026489829134e+01  8.4383536434708972e-01
1336   1.1463187526591406e+01  3.7793127839222919e+01  5.6490457275406108e+01  8.4383536434708983e-01
1337   1.1858469855094556e+01  3.8201822721698761e+01  5.6119318846560027e+01  8.4383536434708983e-01
1338   1.2253752183597710e+01  3.8610517604174653e+01  5.5748180417713932e+01  8.4383536434708972e-01
1339   1.2451393347849288e+01  3.8814865045412603e+01  5.5562611203290864e+01  8.4383536434708972e-01
1340   5.7477485436690543e+00  3.9594552970889289e+01  5.4854571626434229e+01  8.9027095528971878e-01
1341   5.8485862374176358e+00  3.9834089404634298e+01  5.4637047063530588e+01  8.9027095528971878e-01
1342   6.0502616249147945e+00  4.0313162272124330e+01  5.4201997937723299e+01  8.9027095528971878e-01
1343   6.2519370124119540e+00  4.0792235139614405e+01  5.3766948811915974e+01  8.9027095528971878e-01
1344   6.3527747061605337e+00  4.1031771573359450e+01  5.3549424249012311e+01  8.9027095528971878e-01
1345   1.8641362269829613e+00  4.0012190760412508e+01  5.4475312086673433e+01  9.5218507654655715e-01
1346   1.8968403713159958e+00  4.0259054172921068e+01  5.4251133847633639e+01  9.5218507654655715e-01
1347   1.9622486599820643e+00  4.0752780997938245e+01  5.3802777369554022e+01  9.5218507654655715e-01
1348   2.0276569486481328e+00  4.1246507822955444e+01  5.3354420891474398e+01  9.5218507654655715e-01
1349   2.0603610929811675e+00  4.1493371235464046e+01  5.3130242652434575e+01  9.5218507654655715e-01
1350   0.0000000000000000e+00  4.0012190760412501e+01  5.4475312086673426e+01  9.9088140233208133e-01
1351   0.0000000000000000e+00  4.0259054172921083e+01  5.4251133847633625e+01  9.9088140233208133e-01
1352   0.0000000000000000e+00  4.0752780997938238e+01  5.3802777369554022e+01  9.9088140233208133e-01
1353   0.0000000000000000e+00  4.1246507822955436e+01  5.3354420891474390e+01  9.9088140233208133e-01
1354   0.0000000000000000e+00  4.1493371235464039e+01  5.3130242652434575e+01  9.9088140233208133e-01
1355   1.9000000000000000e+01  2.9497470803697418e+01  6.8282540306697072e+01  9.5789974672806766e-01
1356   1.9333333333333336e+01  2.9520966035736262e+01  6.8259784894274333e+01  9.5789974672806766e-01
1357   1.9999999999999996e+01  2.9567956499813956e+01  6.8214274069428868e+01  9.5789974672806766e-01
1358   2.0666666666666661e+01  2.9614946963891651e+01  6.8168763244583388e+01  9.5789974672806766e-01
1359   2.0999999999999996e+01  2.9638442195930509e+01  6.8146007832160663e+01  9.5789974672806766e-01
1360   1.8436074406113573e+01  3.2287526143482040e+01  6.5580338437224981e+01  8.9561403932555661e-01
1361   1.8759514307975220e+01  3.2359969714815350e+01  6.5510175974460651e+01  8.9561403932555661e-01
1362   1.9406394111698503e+01  3.2504856857481975e+01  6.5369851048931949e+01  8.9561403932555661e-01
1363   2.0053273915421784e+01  3.2649744000148608e+01  6.5229526123403232e+01  8.9561403932555661e-01
1364   2.0376713817283427e+01  3.2722187571481939e+01  6.5159363660638888e+01  8.9561403932555661e-01
1365   1.5727731153297620e+01  3.6251609067436448e+01  6.1741076851582434e+01  8.4889975877367330e-01
1366   1.6003656261250210e+01  3.6393597953225083e+01  6.1603558922403316e+01  8.4889975877367330e-01
1367   1.6555506477155390e+01  3.6677575724802381e+01  6.1328523064045072e+01  8.4889975877367330e-01
1368   1.7107356693060566e+01  3.6961553496379715e+01  6.1053487205686785e+01  8.4889975877367330e-01
1369   1.7383281801013155e+01  3.7103542382168371e+01  6.0915969276507639e+01  8.4889975877367330e-01
1370   1.1265546362339832e+01  3.9457321040700798e+01  5.8636306575659297e+01  8.4889975877367319e-01
1371   1.1463187526591405e+01  3.9655550487423895e+01  5.8444318992516614e+01  8.4889975877367330e-01
1372   1.1858469855094555e+01  4.0052009380870103e+01  5.8060343826231232e+01  8.4889975877367330e-01
1373   1.2253752183597712e+01  4.0448468274316376e+01  5.7676368659945837e+01  8.4889975877367319e-01
1374   1.2451393347849287e+01  4.0646697721039502e+01  5.7484381076803103e+01  8.4889975877367319e-01
1375   5.7477485436690543e+00  4.1403042430557946e+01  5.6751852205822424e+01  8.9561403932555661e-01
1376   5.8485862374176349e+00  4.1635407340260990e+01  5.6526804019700151e+01  8.9561403932555661e-01
1377   6.0502616249147945e+00  4.2100137159667099e+01  5.6076707647455585e+01  8.9561403932555661e-01
1378   6.2519370124119540e+00  4.2564866979073265e+01  5.5626611275210990e+01  8.9561403932555661e-01
1379   6.3527747061605346e+00  4.2797231888776345e+01  5.5401563089088690e+01  8.9561403932555661e-01
1380   1.8641362269829613e+00  4.1808176487761322e+01  5.6359475039982321e+01  9.5789974672806766e-01
1381   1.8968403713159956e+00  4.2047649012503015e+01  5.6127543043933017e+01  9.5789974672806766e-01
1382   1.9622486599820643e+00  4.2526594061986451e+01  5.5663679051834414e+01  9.5789974672806766e-01
1383   2.0276569486481333e+00  4.3005539111469915e+01  5.5199815059735784e+01  9.5789974672806766e-01
1384   2.0603610929811675e+00  4.3245011636211650e+01  5.4967883063686450e+01  9.5789974672806766e-01
1385   0.0000000000000000e+00  4.1808176487761315e+01  5.6359475039982321e+01  9.9682831385463699e-01
1386   0.0000000000000000e+00  4.2047649012503030e+01  5.6127543043933024e+01  9.9682831385463699e-01
1387   0.0000000000000000e+00  4.2526594061986458e+01  5.5663679051834421e+01  9.9682831385463699e-01
1388   0.0000000000000000e+00  4.3005539111469915e+01  5.5199815059735784e+01  9.9682831385463699e-01
1389   0.0000000000000000e+00  4.3245011636211657e+01  5.4967883063686457e+01  9.9682831385463699e-01
1390   1.9000000000000000e+01  3.0607465248500169e+01  6.9392534751499824e+01  9.6094757082487314e-01
1391   1.9333333333333336e+01  3.0630590570730956e+01  6.9369409429269055e+01  9.6094757082487314e-01
1392   1.9999999999999996e+01  3.0676841215192535e+01  6.9323158784807461e+01  9.6094757082487314e-01
1393   2.0666666666666664e+01  3.0723091859654122e+01  6.9276908140345867e+01  9.6094757082487314e-01
1394   2.1000000000000000e+01  3.0746217181884919e+01  6.9253782818115084e+01  9.6094757082487314e-01
1395   1.8436074406113576e+01  3.3353593853128523e+01  6.6646406146871470e+01  8.9846368414467004e-01
1396   1.8759514307975220e+01  3.3424896870177349e+01  6.6575103129822651e+01  8.9846368414467004e-01
1397   1.9406394111698500e+01  3.3567502904275010e+01  6.6432497095724997e+01  8.9846368414467004e-01
1398   2.0053273915421784e+01  3.3710108938372684e+01  6.6289891061627316e+01  8.9846368414467004e-01
1399   2.0376713817283427e+01  3.3781411955421525e+01  6.6218588044578482e+01  8.9846368414467004e-01
1400   1.5727731153297620e+01  3.7255266107927000e+01  6.2744733892072993e+01  8.5160076913451777e-01
1401   1.6003656261250210e+01  3.7395019515410873e+01  6.2604980484589106e+01  8.5160076913451777e-01
1402   1.6555506477155390e+01  3.7674526330378647e+01  6.2325473669621339e+01  8.5160076913451777e-01
1403   1.7107356693060566e+01  3.7954033145346457e+01  6.2045966854653535e+01  8.5160076913451777e-01
1404   1.7383281801013158e+01  3.8093786552830352e+01  6.1906213447169627e+01  8.5160076913451777e-01
1405   1.1265546362339830e+01  4.0410507232520750e+01  5.9589492767479250e+01  8.5160076913451765e-01
1406   1.1463187526591405e+01  4.0605615747453641e+01  5.9394384252546359e+01  8.5160076913451777e-01
1407   1.1858469855094555e+01  4.0995832777319428e+01  5.9004167222680557e+01  8.5160076913451777e-01
1408   1.2253752183597710e+01  4.1386049807185273e+01  5.8613950192814734e+01  8.5160076913451765e-01
1409   1.2451393347849287e+01  4.1581158322118199e+01  5.8418841677881794e+01  8.5160076913451765e-01
1410   5.7477485436690552e+00  4.2325595112367751e+01  5.7674404887632235e+01  8.9846368414467004e-01
1411   5.8485862374176358e+00  4.2554301660280416e+01  5.7445698339719577e+01  8.9846368414467004e-01
1412   6.0502616249147954e+00  4.3011714756105754e+01  5.6988285243894239e+01  8.9846368414467004e-01
1413   6.2519370124119558e+00  4.3469127851931134e+01  5.6530872148068859e+01  8.9846368414467004e-01
1414   6.3527747061605355e+00  4.3697834399843835e+01  5.6302165600156172e+01  8.9846368414467004e-01
1415   1.8641362269829616e+00  4.2724350723889501e+01  5.7275649276110499e+01  9.6094757082487314e-01
1416   1.8968403713159956e+00  4.2960052984284992e+01  5.7039947015714993e+01  9.6094757082487314e-01
1417   1.9622486599820645e+00  4.3431457505076011e+01  5.6568542494923975e+01  9.6094757082487314e-01
1418   2.0276569486481333e+00  4.3902862025867066e+01  5.6097137974132934e+01  9.6094757082487314e-01
1419   2.0603610929811675e+00  4.4138564286262593e+01  5.5861435713737393e+01  9.6094757082487314e-01
1420   0.0000000000000000e+00  4.2724350723889501e+01  5.7275649276110499e+01  1.0000000000000000e+00
1421   0.0000000000000000e+00  4.2960052984284999e+01  5.7039947015715001e+01  1.0000000000000000e+00
1422   0.0000000000000000e+00  4.3431457505076011e+01  5.6568542494923982e+01  1.0000000000000000e+00
1423   0.0000000000000000e+00  4.3902862025867066e+01  5.6097137974132934e+01  1.0000000000000000e+00
1424   0.0000000000000000e+00  4.4138564286262600e+01  5.5861435713737400e+01  1.0000000000000000e+00
1425   0.0000000000000000e+00  1.7327432166272771e+01  8.5618846088671162e+01  1.0000000000000000e+00
1426   0.0000000000000000e+00  1.7091729905877269e+01  8.5854548349066690e+01  1.0000000000000000e+00
1427   0.0000000000000000e+00  1.6620325385086254e+01  8.6325952869857701e+01  1.0000000000000000e+00
1428   0.0000000000000000e+00  1.6148920864295203e+01  8.6797357390648742e+01  1.0000000000000000e+00
1429   0.0000000000000000e+00  1.5913218603899672e+01  8.7033059651044283e+01  1.0000000000000000e+00
1430   1.8641362269829624e+00  1.7327432166272771e+01  8.5618846088671177e+01  9.6094757082487314e-01
1431   1.8968403713159971e+00  1.7091729905877269e+01  8.5854548349066704e+01  9.6094757082487314e-01
1432   1.9622486599820654e+00  1.6620325385086254e+01  8.6325952869857716e+01  9.6094757082487314e-01
1433   2.0276569486481342e+00  1.6148920864295203e+01  8.6797357390648742e+01  9.6094757082487314e-01
1434   2.0603610929811684e+00  1.5913218603899670e+01  8.7033059651044283e+01  9.6094757082487314e-01
1435   5.7477485436690587e+00  1.7726187777794507e+01  8.5220090477149441e+01  8.9846368414467004e-01
1436   5.8485862374176385e+00  1.7497481229881846e+01  8.5448797025062106e+01  8.9846368414467004e-01
1437   6.0502616249147980e+00  1.7040068134056508e+01  8.5906210120887451e+01  8.9846368414467004e-01
1438   6.2519370124119567e+00  1.6582655038231131e+01  8.6363623216712824e+01  8.9846368414467004e-01
1439   6.3527747061605382e+00  1.6353948490318441e+01  8.6592329764625518e+01  8.9846368414467004e-01
1440   1.1265546362339835e+01  1.9641275657641501e+01  8.3305002597302433e+01  8.5160076913451777e-01
1441   1.1463187526591410e+01  1.9446167142708610e+01  8.3500111112235331e+01  8.5160076913451777e-01
1442   1.1858469855094562e+01  1.9055950112842808e+01  8.3890328142101154e+01  8.5160076913451777e-01
1443   1.2253752183597712e+01  1.8665733082976981e+01  8.4280545171966978e+01  8.5160076913451777e-01
1444   1.2451393347849288e+01  1.8470624568044062e+01  8.4475653686899889e+01  8.5160076913451777e-01
1445   1.5727731153297624e+01  2.2796516782235237e+01  8.0149761472708718e+01  8.5160076913451765e-01
1446   1.6003656261250214e+01  2.2656763374751350e+01  8.0289514880192598e+01  8.5160076913451777e-01
1447   1.6555506477155390e+01  2.2377256559783575e+01  8.0569021695160387e+01  8.5160076913451777e-01
1448   1.7107356693060566e+01  2.2097749744815779e+01  8.0848528510128176e+01  8.5160076913451765e-01
1449   1.7383281801013158e+01  2.1957996337331871e+01  8.0988281917612071e+01  8.5160076913451765e-01
1450   1.8436074406113573e+01  2.6698189037033679e+01  7.6248089217910263e+01  8.9846368414467004e-01
1451   1.8759514307975216e+01  2.6626886019984852e+01  7.6319392234959111e+01  8.9846368414467004e-01
1452   1.9406394111698500e+01  2.6484279985887188e+01  7.6461998269056764e+01  8.9846368414467004e-01
1453   2.0053273915421780e+01  2.6341673951789517e+01  7.6604604303154417e+01  8.9846368414467004e-01
1454   2.0376713817283424e+01  2.6270370934740676e+01  7.6675907320203265e+01  8.9846368414467004e-01
1455   1.9000000000000000e+01  2.9444317641662014e+01  7.3501960613281938e+01  9.6094757082487314e-01
1456   1.9333333333333332e+01  2.9421192319431224e+01  7.3525085935512720e+01  9.6094757082487314e-01
1457   1.9999999999999996e+01  2.9374941674969644e+01  7.3571336579974329e+01  9.6094757082487314e-01
1458   2.0666666666666661e+01  2.9328691030508054e+01  7.3617587224435894e+01  9.6094757082487314e-01
1459   2.1000000000000000e+01  2.9305565708277260e+01  7.3640712546666691e+01  9.6094757082487314e-01
1460   1.9000000000000000e+01  3.0762461008817169e+01  7.2183817246126779e+01  1.0000000000000000e+00
1461   1.9333333333333336e+01  3.0762461008817173e+01  7.2183817246126793e+01  1.0000000000000000e+00
1462   2.0000000000000000e+01  3.0762461008817173e+01  7.2183817246126793e+01  1.0000000000000000e+00
1463   2.0666666666666664e+01  3.0762461008817173e+01  7.2183817246126779e+01  1.0000000000000000e+00
1464   2.1000000000000000e+01  3.0762461008817169e+01  7.2183817246126779e+01  1.0000000000000000e+00
1465   0.0000000000000000e+00  2.0273710421216713e+01  8.8565124343615125e+01  1.0000000000000000e+00
1466   0.0000000000000000e+00  2.0038008160821210e+01  8.8800826604010638e+01  1.0000000000000000e+00
1467   0.0000000000000000e+00  1.9566603640030198e+01  8.9272231124801664e+01  1.0000000000000000e+00
1468   0.0000000000000000e+00  1.9095199119239144e+01  8.9743635645592676e+01  1.0000000000000000e+00
1469   0.0000000000000000e+00  1.8859496858843613e+01  8.9979337905988217e+01  1.0000000000000000e+00
1470   1.8641362269829627e+00  2.0273710421216713e+01  8.8565124343615125e+01  9.6094757082487314e-01
1471   1.8968403713159974e+00  2.0038008160821214e+01  8.8800826604010652e+01  9.6094757082487314e-01
1472   1.9622486599820654e+00  1.9566603640030195e+01  8.9272231124801678e+01  9.6094757082487314e-01
1473   2.0276569486481342e+00  1.9095199119239144e+01  8.9743635645592704e+01  9.6094757082487314e-01
1474   2.0603610929811684e+00  1.8859496858843610e+01  8.9979337905988231e+01  9.6094757082487314e-01
1475   5.7477485436690587e+00  2.0672466032738448e+01  8.8166368732093389e+01  8.9846368414467004e-01
1476   5.8485862374176385e+00  2.0443759484825790e+01  8.8395075280006068e+01  8.9846368414467004e-01
1477   6.0502616249147980e+00  1.9986346389000445e+01  8.8852488375831413e+01  8.9846368414467004e-01
1478   6.2519370124119567e+00  1.9528933293175072e+01  8.9309901471656786e+01  8.9846368414467004e-01
1479   6.3527747061605382e+00  1.9300226745262382e+01  8.9538608019569466e+01  8.9846368414467004e-01
1480   1.1265546362339835e+01  2.2587553912585442e+01  8.6251280852246396e+01  8.5160076913451777e-01
1481   1.1463187526591408e+01  2.2392445397652551e+01  8.6446389367179293e+01  8.5160076913451777e-01
1482   1.1858469855094562e+01  2.2002228367786753e+01  8.6836606397045117e+01  8.5160076913451777e-01
1483   1.2253752183597712e+01  2.1612011337920926e+01  8.7226823426910926e+01  8.5160076913451777e-01
1484   1.2451393347849288e+01  2.1416902822988007e+01  8.7421931941843837e+01  8.5160076913451777e-01
1485   1.5727731153297624e+01  2.5742795037179182e+01  8.3096039727652652e+01  8.5160076913451765e-01
1486   1.6003656261250214e+01  2.5603041629695291e+01  8.3235793135136561e+01  8.5160076913451777e-01
1487   1.6555506477155390e+01  2.5323534814727516e+01  8.3515299950104350e+01  8.5160076913451777e-01
1488   1.7107356693060566e+01  2.5044027999759717e+01  8.3794806765072138e+01  8.5160076913451765e-01
1489   1.7383281801013158e+01  2.4904274592275815e+01  8.3934560172556033e+01  8.5160076913451765e-01
1490   1.8436074406113573e+01  2.9644467291977620e+01  7.9194367472854239e+01  8.9846368414467004e-01
1491   1.8759514307975216e+01  2.9573164274928789e+01  7.9265670489903059e+01  8.9846368414467004e-01
1492   1.9406394111698500e+01  2.9430558240831129e+01  7.9408276524000740e+01  8.9846368414467004e-01
1493   2.0053273915421780e+01  2.9287952206733461e+01  7.9550882558098380e+01  8.9846368414467004e-01
1494   2.0376713817283424e+01  2.9216649189684617e+01  7.9622185575147228e+01  8.9846368414467004e-01
1495   1.9000000000000000e+01  3.2390595896605952e+01  7.6448238868225900e+01  9.6094757082487314e-01
1496   1.9333333333333332e+01  3.2367470574375162e+01  7.6471364190456697e+01  9.6094757082487314e-01
1497   1.9999999999999996e+01  3.2321219929913582e+01  7.6517614834918291e+01  9.6094757082487314e-01
1498   2.0666666666666664e+01  3.2274969285451995e+01  7.6563865479379857e+01  9.6094757082487314e-01
1499   2.1000000000000000e+01  3.2251843963221191e+01  7.6586990801610654e+01  9.6094757082487314e-01
1500   1.9000000000000000e+01  3.3708739263761110e+01  7.5130095501070741e+01  1.0000000000000000e+00
1501   1.9333333333333339e+01  3.3708739263761117e+01  7.5130095501070755e+01  1.0000000000000000e+00
1502   2.0000000000000000e+01  3.3708739263761117e+01  7.5130095501070755e+01  1.0000000000000000e+00
1503   2.0666666666666661e+01  3.3708739263761117e+01  7.5130095501070741e+01  1.0000000000000000e+00
1504   2.1000000000000000e+01  3.3708739263761110e+01  7.5130095501070741e+01  1.0000000000000000e+00
1505   0.0000000000000000e+00  2.4693127803632624e+01  9.2984541726031054e+01  1.0000000000000000e+00
1506   0.0000000000000000e+00  2.4457425543237125e+01  9.3220243986426581e+01  1.0000000000000000e+00
1507   0.0000000000000000e+00  2.3986021022446113e+01  9.3691648507217621e+01  1.0000000000000000e+00
1508   0.0000000000000000e+00  2.3514616501655059e+01  9.4163053028008633e+01  1.0000000000000000e+00
1509   0.0000000000000000e+00  2.3278914241259525e+01  9.4398755288404146e+01  1.0000000000000000e+00
1510   1.8641362269829622e+00  2.4693127803632620e+01  9.2984541726031026e+01  9.6094757082487325e-01
1511   1.8968403713159967e+00  2.4457425543237122e+01  9.3220243986426567e+01  9.6094757082487325e-01
1512   1.9622486599820650e+00  2.3986021022446106e+01  9.3691648507217607e+01  9.6094757082487325e-01
1513   2.0276569486481337e+00  2.3514616501655052e+01  9.4163053028008619e+01  9.6094757082487325e-01
1514   2.0603610929811684e+00  2.3278914241259525e+01  9.4398755288404118e+01  9.6094757082487325e-01
1515   5.7477485436690587e+00  2.5091883415154363e+01  9.2585786114509318e+01  8.9846368414467004e-01
1516   5.8485862374176385e+00  2.4863176867241702e+01  9.2814492662421998e+01  8.9846368414467004e-01
1517   6.0502616249147980e+00  2.4405763771416360e+01  9.3271905758247343e+01  8.9846368414467004e-01
1518   6.2519370124119567e+00  2.3948350675590994e+01  9.3729318854072702e+01  8.9846368414467004e-01
1519   6.3527747061605382e+00  2.3719644127678293e+01  9.3958025401985381e+01  8.9846368414467004e-01
1520   1.1265546362339833e+01  2.7006971295001357e+01  9.0670698234662325e+01  8.5160076913451777e-01
1521   1.1463187526591410e+01  2.6811862780068470e+01  9.0865806749595237e+01  8.5160076913451777e-01
1522   1.1858469855094564e+01  2.6421645750202661e+01  9.1256023779461074e+01  8.5160076913451777e-01
1523   1.2253752183597712e+01  2.6031428720336830e+01  9.1646240809326841e+01  8.5160076913451777e-01
1524   1.2451393347849288e+01  2.5836320205403922e+01  9.1841349324259753e+01  8.5160076913451777e-01
1525   1.5727731153297624e+01  3.0162212419595090e+01  8.7515457110068581e+01  8.5160076913451765e-01
1526   1.6003656261250217e+01  3.0022459012111202e+01  8.7655210517552490e+01  8.5160076913451777e-01
1527   1.6555506477155394e+01  2.9742952197143424e+01  8.7934717332520293e+01  8.5160076913451777e-01
1528   1.7107356693060566e+01  2.9463445382175628e+01  8.8214224147488096e+01  8.5160076913451765e-01
1529   1.7383281801013158e+01  2.9323691974691723e+01  8.8353977554971962e+01  8.5160076913451765e-01
1530   1.8436074406113573e+01  3.4063884674393535e+01  8.3613784855270154e+01  8.9846368414467004e-01
1531   1.8759514307975216e+01  3.3992581657344708e+01  8.3685087872318988e+01  8.9846368414467004e-01
1532   1.9406394111698496e+01  3.3849975623247040e+01  8.3827693906416670e+01  8.9846368414467004e-01
1533   2.0053273915421780e+01  3.3707369589149373e+01  8.3970299940514309e+01  8.9846368414467004e-01
1534   2.0376713817283424e+01  3.3636066572100532e+01  8.4041602957563171e+01  8.9846368414467004e-01
1535   1.9000000000000000e+01  3.6810013279021859e+01  8.0867656250641843e+01  9.6094757082487325e-01
1536   1.9333333333333329e+01  3.6786887956791070e+01  8.0890781572872626e+01  9.6094757082487325e-01
1537   1.9999999999999993e+01  3.6740637312329490e+01  8.0937032217334206e+01  9.6094757082487325e-01
1538   2.0666666666666657e+01  3.6694386667867903e+01  8.0983282861795786e+01  9.6094757082487325e-01
1539   2.0999999999999996e+01  3.6671261345637106e+01  8.1006408184026597e+01  9.6094757082487325e-01
1540   1.9000000000000000e+01  3.8128156646177025e+01  7.9549512883486685e+01  1.0000000000000000e+00
1541   1.9333333333333336e+01  3.8128156646177025e+01  7.9549512883486699e+01  1.0000000000000000e+00
1542   2.0000000000000000e+01  3.8128156646177025e+01  7.9549512883486699e+01  1.0000000000000000e+00
1543   2.0666666666666661e+01  3.8128156646177025e+01  7.9549512883486685e+01  1.0000000000000000e+00
1544   2.1000000000000000e+01  3.8128156646177025e+01  7.9549512883486685e+01  1.0000000000000000e+00
1545   0.0000000000000000e+00  2.9112545186048543e+01  9.7403959108446969e+01  1.0000000000000000e+00
1546   0.0000000000000000e+00  2.8876842925653033e+01  9.7639661368842511e+01  1.0000000000000000e+00
1547   0.0000000000000000e+00  2.8405438404862021e+01  9.8111065889633551e+01  1.0000000000000000e+00
1548   0.0000000000000000e+00  2.7934033884070971e+01  9.8582470410424563e+01  1.0000000000000000e+00
1549   0.0000000000000000e+00  2.7698331623675440e+01  9.8818172670820061e+01  1.0000000000000000e+00
1550   1.8641362269829629e+00  2.9112545186048539e+01  9.7403959108446983e+01  9.6094757082487303e-01
1551   1.8968403713159976e+00  2.8876842925653037e+01  9.7639661368842525e+01  9.6094757082487303e-01
1552   1.9622486599820657e+00  2.8405438404862021e+01  9.8111065889633579e+01  9.6094757082487303e-01
1553   2.0276569486481342e+00  2.7934033884070974e+01  9.8582470410424577e+01  9.6094757082487303e-01
1554   2.0603610929811689e+00  2.7698331623675443e+01  9.8818172670820090e+01  9.6094757082487303e-01
1555   5.7477485436690605e+00  2.9511300797570282e+01  9.7005203496925247e+01  8.9846368414466993e-01
1556   5.8485862374176394e+00  2.9282594249657617e+01  9.7233910044837927e+01  8.9846368414466993e-01
1557   6.0502616249147989e+00  2.8825181153832279e+01  9.7691323140663314e+01  8.9846368414466993e-01
1558   6.2519370124119575e+00  2.8367768058006906e+01  9.8148736236488631e+01  8.9846368414466993e-01
1559   6.3527747061605382e+00  2.8139061510094212e+01  9.8377442784401310e+01  8.9846368414466993e-01
1560   1.1265546362339835e+01  3.1426388677417268e+01  9.5090115617078254e+01  8.5160076913451777e-01
1561   1.1463187526591410e+01  3.1231280162484374e+01  9.5285224132011180e+01  8.5160076913451777e-01
1562   1.1858469855094562e+01  3.0841063132618572e+01  9.5675441161877004e+01  8.5160076913451777e-01
1563   1.2253752183597712e+01  3.0450846102752749e+01  9.6065658191742770e+01  8.5160076913451777e-01
1564   1.2451393347849290e+01  3.0255737587819834e+01  9.6260766706675682e+01  8.5160076913451777e-01
1565   1.5727731153297626e+01  3.4581629802011008e+01  9.1934874492484539e+01  8.5160076913451765e-01
1566   1.6003656261250214e+01  3.4441876394527114e+01  9.2074627899968434e+01  8.5160076913451777e-01
1567   1.6555506477155394e+01  3.4162369579559339e+01  9.2354134714936237e+01  8.5160076913451777e-01
1568   1.7107356693060566e+01  3.3882862764591536e+01  9.2633641529904025e+01  8.5160076913451765e-01
1569   1.7383281801013162e+01  3.3743109357107635e+01  9.2773394937387877e+01  8.5160076913451765e-01
1570   1.8436074406113573e+01  3.8483302056809457e+01  8.8033202237686112e+01  8.9846368414466993e-01
1571   1.8759514307975220e+01  3.8411999039760616e+01  8.8104505254734960e+01  8.9846368414466993e-01
1572   1.9406394111698503e+01  3.8269393005662948e+01  8.8247111288832627e+01  8.9846368414466993e-01
1573   2.0053273915421787e+01  3.8126786971565281e+01  8.8389717322930281e+01  8.9846368414466993e-01
1574   2.0376713817283427e+01  3.8055483954516447e+01  8.8461020339979129e+01  8.9846368414466993e-01
1575   1.9000000000000000e+01  4.1229430661437789e+01  8.5287073633057801e+01  9.6094757082487303e-01
1576   1.9333333333333336e+01  4.1206305339206992e+01  8.5310198955288598e+01  9.6094757082487303e-01
1577   2.0000000000000004e+01  4.1160054694745405e+01  8.5356449599750192e+01  9.6094757082487303e-01
1578   2.0666666666666664e+01  4.1113804050283818e+01  8.5402700244211772e+01  9.6094757082487303e-01
1579   2.1000000000000004e+01  4.1090678728053028e+01  8.5425825566442569e+01  9.6094757082487303e-01
1580   1.9000000000000000e+01  4.2547574028592933e+01  8.3968930265902642e+01  1.0000000000000000e+00
1581   1.9333333333333336e+01  4.2547574028592933e+01  8.3968930265902657e+01  1.0000000000000000e+00
1582   2.0000000000000000e+01  4.2547574028592933e+01  8.3968930265902657e+01  1.0000000000000000e+00
1583   2.0666666666666664e+01  4.2547574028592933e+01  8.3968930265902642e+01  1.0000000000000000e+00
1584   2.1000000000000000e+01  4.2547574028592933e+01  8.3968930265902642e+01  1.0000000000000000e+00
1585   0.0000000000000000e+00  3.3531962568464458e+01  1.0182337649086291e+02  1.0000000000000000e+00
1586   0.0000000000000000e+00  3.3296260308068952e+01  1.0205907875125845e+02  1.0000000000000000e+00
1587   0.0000000000000000e+00  3.2824855787277933e+01  1.0253048327204949e+02  1.0000000000000000e+00
1588   0.0000000000000000e+00  3.2353451266486886e+01  1.0300188779284051e+02  1.0000000000000000e+00
1589   0.0000000000000000e+00  3.2117749006091351e+01  1.0323759005323598e+02  1.0000000000000000e+00
1590   1.8641362269829631e+00  3.3531962568464451e+01  1.0182337649086290e+02  9.6094757082487303e-01
1591   1.8968403713159974e+00  3.3296260308068952e+01  1.0205907875125847e+02  9.6094757082487303e-01
1592   1.9622486599820654e+00  3.2824855787277933e+01  1.0253048327204952e+02  9.6094757082487303e-01
1593   2.0276569486481342e+00  3.2353451266486893e+01  1.0300188779284052e+02  9.6094757082487303e-01
1594   2.0603610929811689e+00  3.2117749006091351e+01  1.0323759005323599e+02  9.6094757082487303e-01
1595   5.7477485436690579e+00  3.3930718179986194e+01  1.0142462087934115e+02  8.9846368414467004e-01
1596   5.8485862374176376e+00  3.3702011632073521e+01  1.0165332742725386e+02  8.9846368414467004e-01
1597   6.0502616249147971e+00  3.3244598536248184e+01  1.0211074052307924e+02  8.9846368414467004e-01
1598   6.2519370124119567e+00  3.2787185440422810e+01  1.0256815361890456e+02  8.9846368414467004e-01
1599   6.3527747061605373e+00  3.2558478892510117e+01  1.0279686016681724e+02  8.9846368414467004e-01
1600   1.1265546362339835e+01  3.5845806059833180e+01  9.9509532999494169e+01  8.5160076913451777e-01
1601   1.1463187526591410e+01  3.5650697544900289e+01  9.9704641514427109e+01  8.5160076913451777e-01
1602   1.1858469855094562e+01  3.5260480515034480e+01  1.0009485854429295e+02  8.5160076913451777e-01
1603   1.2253752183597712e+01  3.4870263485168657e+01  1.0048507557415873e+02  8.5160076913451777e-01
1604   1.2451393347849288e+01  3.4675154970235745e+01  1.0068018408909161e+02  8.5160076913451777e-01
1605   1.5727731153297620e+01  3.9001047184426909e+01  9.6354291874900440e+01  8.5160076913451777e-01
1606   1.6003656261250214e+01  3.8861293776943022e+01  9.6494045282384377e+01  8.5160076913451777e-01
1607   1.6555506477155394e+01  3.8581786961975240e+01  9.6773552097352194e+01  8.5160076913451777e-01
1608   1.7107356693060563e+01  3.8302280147007451e+01  9.7053058912319941e+01  8.5160076913451777e-01
1609   1.7383281801013158e+01  3.8162526739523535e+01  9.7192812319803807e+01  8.5160076913451777e-01
1610   1.8436074406113573e+01  4.2902719439225358e+01  9.2452619620102055e+01  8.9846368414467004e-01
1611   1.8759514307975216e+01  4.2831416422176524e+01  9.2523922637150889e+01  8.9846368414467004e-01
1612   1.9406394111698500e+01  4.2688810388078856e+01  9.2666528671248599e+01  8.9846368414467004e-01
1613   2.0053273915421780e+01  4.2546204353981196e+01  9.2809134705346224e+01  8.9846368414467004e-01
1614   2.0376713817283424e+01  4.2474901336932355e+01  9.2880437722395058e+01  8.9846368414467004e-01
1615   1.9000000000000004e+01  4.5648848043853697e+01  8.9706491015473745e+01  9.6094757082487303e-01
1616   1.9333333333333336e+01  4.5625722721622907e+01  8.9729616337704556e+01  9.6094757082487303e-01
1617   2.0000000000000000e+01  4.5579472077161313e+01  8.9775866982166136e+01  9.6094757082487303e-01
1618   2.0666666666666661e+01  4.5533221432699726e+01  8.9822117626627715e+01  9.6094757082487303e-01
1619   2.1000000000000004e+01  4.5510096110468936e+01  8.9845242948858484e+01  9.6094757082487303e-01
1620   1.9000000000000000e+01  4.6966991411008841e+01  8.8388347648318600e+01  1.0000000000000000e+00
1621   1.9333333333333336e+01  4.6966991411008848e+01  8.8388347648318600e+01  1.0000000000000000e+00
1622   2.0000000000000000e+01  4.6966991411008848e+01  8.8388347648318600e+01  1.0000000000000000e+00
1623   2.0666666666666664e+01  4.6966991411008848e+01  8.8388347648318600e+01  1.0000000000000000e+00
1624   2.1000000000000000e+01  4.6966991411008841e+01  8.8388347648318600e+01  1.0000000000000000e+00
1625   0.0000000000000000e+00  3.7951379950880366e+01  1.0624279387327884e+02  1.0000000000000000e+00
1626   0.0000000000000000e+00  3.7715677690484860e+01  1.0647849613367438e+02  1.0000000000000000e+00
1627   0.0000000000000000e+00  3.7244273169693848e+01  1.0694990065446544e+02  1.0000000000000000e+00
1628   0.0000000000000000e+00  3.6772868648902801e+01  1.0742130517525641e+02  1.0000000000000000e+00
1629   0.0000000000000000e+00  3.6537166388507266e+01  1.0765700743565191e+02  1.0000000000000000e+00
1630   1.8641362269829627e+00  3.7951379950880373e+01  1.0624279387327883e+02  9.6094757082487314e-01
1631   1.8968403713159969e+00  3.7715677690484860e+01  1.0647849613367440e+02  9.6094757082487314e-01
1632   1.9622486599820657e+00  3.7244273169693841e+01  1.0694990065446545e+02  9.6094757082487314e-01
1633   2.0276569486481342e+00  3.6772868648902801e+01  1.0742130517525642e+02  9.6094757082487314e-01
1634   2.0603610929811684e+00  3.6537166388507266e+01  1.0765700743565191e+02  9.6094757082487314e-01
1635   5.7477485436690587e+00  3.8350135562402095e+01  1.0584403826175709e+02  8.9846368414467004e-01
1636   5.8485862374176385e+00  3.8121429014489436e+01  1.0607274480966981e+02  8.9846368414467004e-01
1637   6.0502616249147980e+00  3.7664015918664099e+01  1.0653015790549517e+02  8.9846368414467004e-01
1638   6.2519370124119567e+00  3.7206602822838725e+01  1.0698757100132050e+02  8.9846368414467004e-01
1639   6.3527747061605382e+00  3.6977896274926024e+01  1.0721627754923314e+02  8.9846368414467004e-01
1640   1.1265546362339835e+01  4.0265223442249102e+01  1.0392895038191011e+02  8.5160076913451777e-01
1641   1.1463187526591408e+01  4.0070114927316205e+01  1.0412405889684305e+02  8.5160076913451777e-01
1642   1.1858469855094562e+01  3.9679897897450388e+01  1.0451427592670892e+02  8.5160076913451777e-01
1643   1.2253752183597713e+01  3.9289680867584572e+01  1.0490449295657466e+02  8.5160076913451777e-01
1644   1.2451393347849288e+01  3.9094572352651660e+01  1.0509960147150754e+02  8.5160076913451777e-01
1645   1.5727731153297622e+01  4.3420464566842831e+01  1.0077370925731638e+02  8.5160076913451777e-01
1646   1.6003656261250214e+01  4.3280711159358944e+01  1.0091346266480031e+02  8.5160076913451777e-01
1647   1.6555506477155390e+01  4.3001204344391155e+01  1.0119296947976814e+02  8.5160076913451777e-01
1648   1.7107356693060566e+01  4.2721697529423359e+01  1.0147247629473587e+02  8.5160076913451777e-01
1649   1.7383281801013155e+01  4.2581944121939458e+01  1.0161222970221974e+02  8.5160076913451777e-01
1650   1.8436074406113573e+01  4.7322136821641273e+01  9.6872037002517985e+01  8.9846368414467004e-01
1651   1.8759514307975216e+01  4.7250833804592439e+01  9.6943340019566847e+01  8.9846368414467004e-01
1652   1.9406394111698500e+01  4.7108227770494771e+01  9.7085946053664529e+01  8.9846368414467004e-01
1653   2.0053273915421780e+01  4.6965621736397104e+01  9.7228552087762182e+01  8.9846368414467004e-01
1654   2.0376713817283427e+01  4.6894318719348256e+01  9.7299855104810987e+01  8.9846368414467004e-01
1655   1.8999999999999996e+01  5.0068265426269598e+01  9.4125908397889674e+01  9.6094757082487314e-01
1656   1.9333333333333336e+01  5.0045140104038801e+01  9.4149033720120471e+01  9.6094757082487314e-01
1657   1.9999999999999996e+01  4.9998889459577228e+01  9.4195284364582079e+01  9.6094757082487314e-01
1658   2.0666666666666664e+01  4.9952638815115634e+01  9.4241535009043659e+01  9.6094757082487314e-01
1659   2.1000000000000000e+01  4.9929513492884837e+01  9.4264660331274442e+01  9.6094757082487314e-01
1660   1.9000000000000000e+01  5.1386408793424756e+01  9.2807765030734544e+01  1.0000000000000000e+00
1661   1.9333333333333339e+01  5.1386408793424764e+01  9.2807765030734558e+01  1.0000000000000000e+00
1662   2.0000000000000000e+01  5.1386408793424764e+01  9.2807765030734558e+01  1.0000000000000000e+00
1663   2.0666666666666664e+01  5.1386408793424764e+01  9.2807765030734544e+01  1.0000000000000000e+00
1664   2.1000000000000000e+01  5.1386408793424756e+01  9.2807765030734544e+01  1.0000000000000000e+00
1665   0.0000000000000000e+00  4.2370797333296274e+01  1.1066221125569476e+02  1.0000000000000000e+00
1666   0.0000000000000000e+00  4.2135095072900775e+01  1.1089791351609033e+02  1.0000000000000000e+00
1667   0.0000000000000000e+00  4.1663690552109756e+01  1.1136931803688140e+02  1.0000000000000000e+00
1668   0.0000000000000000e+00  4.1192286031318709e+01  1.1184072255767235e+02  1.0000000000000000e+00
1669   0.0000000000000000e+00  4.0956583770923174e+01  1.1207642481806784e+02  1.0000000000000000e+00
1670   1.8641362269829624e+00  4.2370797333296281e+01  1.1066221125569474e+02  9.6094757082487314e-01
1671   1.8968403713159971e+00  4.2135095072900768e+01  1.1089791351609033e+02  9.6094757082487314e-01
1672   1.9622486599820654e+00  4.1663690552109756e+01  1.1136931803688140e+02  9.6094757082487314e-01
1673   2.0276569486481342e+00  4.1192286031318709e+01  1.1184072255767235e+02  9.6094757082487314e-01
1674   2.0603610929811684e+00  4.0956583770923174e+01  1.1207642481806784e+02  9.6094757082487314e-01
1675   5.7477485436690605e+00  4.2769552944818024e+01  1.1026345564417302e+02  8.9846368414466993e-01
1676   5.8485862374176385e+00  4.2540846396905359e+01  1.1049216219208576e+02  8.9846368414466993e-01
1677   6.0502616249147989e+00  4.2083433301080014e+01  1.1094957528791113e+02  8.9846368414466993e-01
1678   6.2519370124119584e+00  4.1626020205254640e+01  1.1140698838373645e+02  8.9846368414466993e-01
1679   6.3527747061605391e+00  4.1397313657341947e+01  1.1163569493164907e+02  8.9846368414466993e-01
1680   1.1265546362339833e+01  4.4684640824664996e+01  1.0834836776432603e+02  8.5160076913451788e-01
1681   1.1463187526591408e+01  4.4489532309732112e+01  1.0854347627925897e+02  8.5160076913451788e-01
1682   1.1858469855094560e+01  4.4099315279866289e+01  1.0893369330912481e+02  8.5160076913451788e-01
1683   1.2253752183597710e+01  4.3709098250000466e+01  1.0932391033899059e+02  8.5160076913451788e-01
1684   1.2451393347849287e+01  4.3513989735067568e+01  1.0951901885392344e+02  8.5160076913451788e-01
1685   1.5727731153297622e+01  4.7839881949258739e+01  1.0519312663973231e+02  8.5160076913451765e-01
1686   1.6003656261250214e+01  4.7700128541774845e+01  1.0533288004721625e+02  8.5160076913451788e-01
1687   1.6555506477155390e+01  4.7420621726807056e+01  1.0561238686218405e+02  8.5160076913451788e-01
1688   1.7107356693060566e+01  4.7141114911839260e+01  1.0589189367715184e+02  8.5160076913451765e-01
1689   1.7383281801013162e+01  4.7001361504355366e+01  1.0603164708463569e+02  8.5160076913451765e-01
1690   1.8436074406113576e+01  5.1741554204057188e+01  1.0129145438493394e+02  8.9846368414466993e-01
1691   1.8759514307975220e+01  5.1670251187008347e+01  1.0136275740198279e+02  8.9846368414466993e-01
1692   1.9406394111698500e+01  5.1527645152910686e+01  1.0150536343608049e+02  8.9846368414466993e-01
1693   2.0053273915421784e+01  5.1385039118813019e+01  1.0164796947017813e+02  8.9846368414466993e-01
1694   2.0376713817283427e+01  5.1313736101764185e+01  1.0171927248722695e+02  8.9846368414466993e-01
1695   1.9000000000000004e+01  5.4487682808685506e+01  9.8545325780305632e+01  9.6094757082487314e-01
1696   1.9333333333333329e+01  5.4464557486454716e+01  9.8568451102536443e+01  9.6094757082487314e-01
1697   1.9999999999999996e+01  5.4418306841993122e+01  9.8614701746998009e+01  9.6094757082487314e-01
1698   2.0666666666666661e+01  5.4372056197531549e+01  9.8660952391459588e+01  9.6094757082487314e-01
1699   2.1000000000000000e+01  5.4348930875300745e+01  9.8684077713690371e+01  9.6094757082487314e-01
1700   1.9000000000000000e+01  5.5805826175840657e+01  9.7227182413150501e+01  1.0000000000000000e+00
1701   1.9333333333333339e+01  5.5805826175840664e+01  9.7227182413150501e+01  1.0000000000000000e+00
1702   2.0000000000000000e+01  5.5805826175840664e+01  9.7227182413150501e+01  1.0000000000000000e+00
1703   2.0666666666666664e+01  5.5805826175840664e+01  9.7227182413150501e+01  1.0000000000000000e+00
1704   2.1000000000000000e+01  5.5805826175840657e+01  9.7227182413150501e+01  1.0000000000000000e+00
1705   0.0000000000000000e+00  4.6790214715712189e+01  1.1508162863811070e+02  1.0000000000000000e+00
1706   0.0000000000000000e+00  4.6554512455316683e+01  1.1531733089850626e+02  1.0000000000000000e+00
1707   0.0000000000000000e+00  4.6083107934525657e+01  1.1578873541929732e+02  1.0000000000000000e+00
1708   0.0000000000000000e+00  4.5611703413734624e+01  1.1626013994008828e+02  1.0000000000000000e+00
1709   0.0000000000000000e+00  4.5376001153339089e+01  1.1649584220048375e+02  1.0000000000000000e+00
1710   1.8641362269829627e+00  4.6790214715712196e+01  1.1508162863811070e+02  9.6094757082487314e-01
1711   1.8968403713159969e+00  4.6554512455316683e+01  1.1531733089850624e+02  9.6094757082487314e-01
1712   1.9622486599820654e+00  4.6083107934525664e+01  1.1578873541929734e+02  9.6094757082487314e-01
1713   2.0276569486481337e+00  4.5611703413734631e+01  1.1626013994008829e+02  9.6094757082487314e-01
1714   2.0603610929811684e+00  4.5376001153339089e+01  1.1649584220048375e+02  9.6094757082487314e-01
1715   5.7477485436690587e+00  4.7188970327233932e+01  1.1468287302658895e+02  8.9846368414467004e-01
1716   5.8485862374176385e+00  4.6960263779321259e+01  1.1491157957450167e+02  8.9846368414467004e-01
1717   6.0502616249147980e+00  4.6502850683495922e+01  1.1536899267032707e+02  8.9846368414467004e-01
1718   6.2519370124119575e+00  4.6045437587670556e+01  1.1582640576615238e+02  8.9846368414467004e-01
1719   6.3527747061605373e+00  4.5816731039757855e+01  1.1605511231406501e+02  8.9846368414467004e-01
1720   1.1265546362339835e+01  4.9104058207080918e+01  1.1276778514674196e+02  8.5160076913451777e-01
1721   1.1463187526591410e+01  4.8908949692148020e+01  1.1296289366167491e+02  8.5160076913451777e-01
1722   1.1858469855094560e+01  4.8518732662282211e+01  1.1335311069154079e+02  8.5160076913451777e-01
1723   1.2253752183597708e+01  4.8128515632416395e+01  1.1374332772140653e+02  8.5160076913451777e-01
1724   1.2451393347849288e+01  4.7933407117483483e+01  1.1393843623633938e+02  8.5160076913451777e-01
1725   1.5727731153297622e+01  5.2259299331674640e+01  1.0961254402214824e+02  8.5160076913451777e-01
1726   1.6003656261250214e+01  5.2119545924190753e+01  1.0975229742963222e+02  8.5160076913451777e-01
1727   1.6555506477155390e+01  5.1840039109222978e+01  1.1003180424460001e+02  8.5160076913451777e-01
1728   1.7107356693060566e+01  5.1560532294255182e+01  1.1031131105956776e+02  8.5160076913451777e-01
1729   1.7383281801013158e+01  5.1420778886771281e+01  1.1045106446705159e+02  8.5160076913451777e-01
1730   1.8436074406113573e+01  5.6160971586473096e+01  1.0571087176734987e+02  8.9846368414467004e-01
1731   1.8759514307975216e+01  5.6089668569424255e+01  1.0578217478439873e+02  8.9846368414467004e-01
1732   1.9406394111698500e+01  5.5947062535326580e+01  1.0592478081849642e+02  8.9846368414467004e-01
1733   2.0053273915421780e+01  5.5804456501228920e+01  1.0606738685259404e+02  8.9846368414467004e-01
1734   2.0376713817283424e+01  5.5733153484180086e+01  1.0613868986964286e+02  8.9846368414467004e-01
1735   1.9000000000000000e+01  5.8907100191101414e+01  1.0296474316272156e+02  9.6094757082487314e-01
1736   1.9333333333333332e+01  5.8883974868870617e+01  1.0298786848495237e+02  9.6094757082487314e-01
1737   1.9999999999999996e+01  5.8837724224409037e+01  1.0303411912941397e+02  9.6094757082487314e-01
1738   2.0666666666666664e+01  5.8791473579947457e+01  1.0308036977387555e+02  9.6094757082487314e-01
1739   2.1000000000000000e+01  5.8768348257716653e+01  1.0310349509610633e+02  9.6094757082487314e-01
1740   1.9000000000000000e+01  6.0225243558256572e+01  1.0164659979556644e+02  1.0000000000000000e+00
1741   1.9333333333333339e+01  6.0225243558256572e+01  1.0164659979556644e+02  1.0000000000000000e+00
1742   2.0000000000000000e+01  6.0225243558256572e+01  1.0164659979556644e+02  1.0000000000000000e+00
1743   2.0666666666666664e+01  6.0225243558256572e+01  1.0164659979556644e+02  1.0000000000000000e+00
1744   2.1000000000000000e+01  6.0225243558256572e+01  1.0164659979556644e+02  1.0000000000000000e+00
1745   0.0000000000000000e+00  5.1209632098128111e+01  1.1950104602052662e+02  1.0000000000000000e+00
1746   0.0000000000000000e+00  5.0973929837732591e+01  1.1973674828092220e+02  1.0000000000000000e+00
1747   0.0000000000000000e+00  5.0502525316941572e+01  1.2020815280171327e+02  1.0000000000000000e+00
1748   0.0000000000000000e+00  5.0031120796150525e+01  1.2067955732250422e+02  1.0000000000000000e+00
1749   0.0000000000000000e+00  4.9795418535755012e+01  1.2091525958289965e+02  1.0000000000000000e+00
1750   1.8641362269829629e+00  5.1209632098128104e+01  1.1950104602052660e+02  9.6094757082487314e-01
1751   1.8968403713159971e+00  5.0973929837732591e+01  1.1973674828092220e+02  9.6094757082487314e-01
1752   1.9622486599820654e+00  5.0502525316941572e+01  1.2020815280171328e+02  9.6094757082487314e-01
1753   2.0276569486481342e+00  5.0031120796150539e+01  1.2067955732250422e+02  9.6094757082487314e-01
1754   2.0603610929811689e+00  4.9795418535754997e+01  1.2091525958289968e+02  9.6094757082487314e-01
1755   5.7477485436690587e+00  5.1608387709649833e+01  1.1910229040900487e+02  8.9846368414467004e-01
1756   5.8485862374176385e+00  5.1379681161737167e+01  1.1933099695691762e+02  8.9846368414467004e-01
1757   6.0502616249147980e+00  5.0922268065911823e+01  1.1978841005274300e+02  8.9846368414467004e-01
1758   6.2519370124119575e+00  5.0464854970086456e+01  1.2024582314856829e+02  8.9846368414467004e-01
1759   6.3527747061605373e+00  5.0236148422173770e+01  1.2047452969648093e+02  8.9846368414467004e-01
1760   1.1265546362339835e+01  5.3523475589496826e+01  1.1718720252915789e+02  8.5160076913451777e-01
1761   1.1463187526591408e+01  5.3328367074563928e+01  1.1738231104409087e+02  8.5160076913451777e-01
1762   1.1858469855094560e+01  5.2938150044698119e+01  1.1777252807395672e+02  8.5160076913451777e-01
1763   1.2253752183597713e+01  5.2547933014832303e+01  1.1816274510382246e+02  8.5160076913451777e-01
1764   1.2451393347849288e+01  5.2352824499899391e+01  1.1835785361875531e+02  8.5160076913451777e-01
1765   1.5727731153297620e+01  5.6678716714090555e+01  1.1403196140456419e+02  8.5160076913451777e-01
1766   1.6003656261250214e+01  5.6538963306606668e+01  1.1417171481204814e+02  8.5160076913451777e-01
1767   1.6555506477155390e+01  5.6259456491638886e+01  1.1445122162701595e+02  8.5160076913451777e-01
1768   1.7107356693060566e+01  5.5979949676671083e+01  1.1473072844198370e+02  8.5160076913451777e-01
1769   1.7383281801013158e+01  5.5840196269187182e+01  1.1487048184946754e+02  8.5160076913451777e-01
1770   1.8436074406113573e+01  6.0580388968888990e+01  1.1013028914976582e+02  8.9846368414467004e-01
1771   1.8759514307975216e+01  6.0509085951840156e+01  1.1020159216681469e+02  8.9846368414467004e-01
1772   1.9406394111698496e+01  6.0366479917742488e+01  1.1034419820091236e+02  8.9846368414467004e-01
1773   2.0053273915421780e+01  6.0223873883644821e+01  1.1048680423501000e+02  8.9846368414467004e-01
1774   2.0376713817283424e+01  6.0152570866595987e+01  1.1055810725205880e+02  8.9846368414467004e-01
1775   1.9000000000000000e+01  6.3326517573517329e+01  1.0738416054513752e+02  9.6094757082487314e-01
1776   1.9333333333333332e+01  6.3303392251286532e+01  1.0740728586736830e+02  9.6094757082487314e-01
1777   2.0000000000000004e+01  6.3257141606824938e+01  1.0745353651182992e+02  9.6094757082487314e-01
1778   2.0666666666666664e+01  6.3210890962363365e+01  1.0749978715629149e+02  9.6094757082487314e-01
1779   2.1000000000000000e+01  6.3187765640132568e+01  1.0752291247852227e+02  9.6094757082487314e-01
1780   1.9000000000000000e+01  6.4644660940672480e+01  1.0606601717798237e+02  1.0000000000000000e+00
1781   1.9333333333333339e+01  6.4644660940672495e+01  1.0606601717798239e+02  1.0000000000000000e+00
1782   2.0000000000000000e+01  6.4644660940672495e+01  1.0606601717798239e+02  1.0000000000000000e+00
1783   2.0666666666666664e+01  6.4644660940672480e+01  1.0606601717798237e+02  1.0000000000000000e+00
1784   2.1000000000000000e+01  6.4644660940672480e+01  1.0606601717798237e+02  1.0000000000000000e+00
1785   0.0000000000000000e+00  5.5629049480544012e+01  1.2392046340294254e+02  1.0000000000000000e+00
1786   0.0000000000000000e+00  5.5393347220148492e+01  1.2415616566333811e+02  1.0000000000000000e+00
1787   0.0000000000000000e+00  5.4921942699357480e+01  1.2462757018412921e+02  1.0000000000000000e+00
1788   0.0000000000000000e+00  5.4450538178566447e+01  1.2509897470492015e+02  1.0000000000000000e+00
1789   0.0000000000000000e+00  5.4214835918170927e+01  1.2533467696531559e+02  1.0000000000000000e+00
1790   1.8641362269829627e+00  5.5629049480544019e+01  1.2392046340294253e+02  9.6094757082487314e-01
1791   1.8968403713159971e+00  5.5393347220148499e+01  1.2415616566333814e+02  9.6094757082487314e-01
1792   1.9622486599820657e+00  5.4921942699357480e+01  1.2462757018412923e+02  9.6094757082487314e-01
1793   2.0276569486481342e+00  5.4450538178566447e+01  1.2509897470492014e+02  9.6094757082487314e-01
1794   2.0603610929811684e+00  5.4214835918170920e+01  1.2533467696531559e+02  9.6094757082487314e-01
1795   5.7477485436690587e+00  5.6027805092065755e+01  1.2352170779142081e+02  8.9846368414467004e-01
1796   5.8485862374176385e+00  5.5799098544153082e+01  1.2375041433933356e+02  8.9846368414467004e-01
1797   6.0502616249147980e+00  5.5341685448327731e+01  1.2420782743515896e+02  8.9846368414467004e-01
1798   6.2519370124119567e+00  5.4884272352502371e+01  1.2466524053098422e+02  8.9846368414467004e-01
1799   6.3527747061605373e+00  5.4655565804589685e+01  1.2489394707889683e+02  8.9846368414467004e-01
1800   1.1265546362339835e+01  5.7942892971912741e+01  1.2160661991157383e+02  8.5160076913451777e-01
1801   1.1463187526591408e+01  5.7747784456979836e+01  1.2180172842650681e+02  8.5160076913451777e-01
1802   1.1858469855094562e+01  5.7357567427114020e+01  1.2219194545637268e+02  8.5160076913451777e-01
1803   1.2253752183597712e+01  5.6967350397248211e+01  1.2258216248623839e+02  8.5160076913451777e-01
1804   1.2451393347849288e+01  5.6772241882315299e+01  1.2277727100117124e+02  8.5160076913451777e-01
1805   1.5727731153297624e+01  6.1098134096506470e+01  1.1845137878698011e+02  8.5160076913451777e-01
1806   1.6003656261250214e+01  6.0958380689022569e+01  1.1859113219446408e+02  8.5160076913451777e-01
1807   1.6555506477155390e+01  6.0678873874054780e+01  1.1887063900943190e+02  8.5160076913451777e-01
1808   1.7107356693060566e+01  6.0399367059086998e+01  1.1915014582439962e+02  8.5160076913451777e-01
1809   1.7383281801013162e+01  6.0259613651603104e+01  1.1928989923188347e+02  8.5160076913451777e-01
1810   1.8436074406113569e+01  6.4999806351304898e+01  1.1454970653218174e+02  8.9846368414467004e-01
1811   1.8759514307975216e+01  6.4928503334256064e+01  1.1462100954923061e+02  8.9846368414467004e-01
1812   1.9406394111698500e+01  6.4785897300158396e+01  1.1476361558332830e+02  8.9846368414467004e-01
1813   2.0053273915421784e+01  6.4643291266060729e+01  1.1490622161742593e+02  8.9846368414467004e-01
1814   2.0376713817283424e+01  6.4571988249011895e+01  1.1497752463447473e+02  8.9846368414467004e-01
1815   1.9000000000000000e+01  6.7745934955933222e+01  1.1180357792755346e+02  9.6094757082487314e-01
1816   1.9333333333333332e+01  6.7722809633702440e+01  1.1182670324978426e+02  9.6094757082487314e-01
1817   1.9999999999999996e+01  6.7676558989240846e+01  1.1187295389424585e+02  9.6094757082487314e-01
1818   2.0666666666666664e+01  6.7630308344779280e+01  1.1191920453870743e+02  9.6094757082487314e-01
1819   2.0999999999999996e+01  6.7607183022548483e+01  1.1194232986093822e+02  9.6094757082487314e-01
1820   1.9000000000000000e+01  6.9064078323088395e+01  1.1048543456039832e+02  1.0000000000000000e+00
1821   1.9333333333333336e+01  6.9064078323088395e+01  1.1048543456039835e+02  1.0000000000000000e+00
1822   2.0000000000000000e+01  6.9064078323088395e+01  1.1048543456039835e+02  1.0000000000000000e+00
1823   2.0666666666666664e+01  6.9064078323088395e+01  1.1048543456039832e+02  1.0000000000000000e+00
1824   2.1000000000000000e+01  6.9064078323088395e+01  1.1048543456039832e+02  1.0000000000000000e+00
1825   0.0000000000000000e+00  6.0048466862959927e+01  1.2833988078535847e+02  1.0000000000000000e+00
1826   0.0000000000000000e+00  5.9812764602564407e+01  1.2857558304575406e+02  1.0000000000000000e+00
1827   0.0000000000000000e+00  5.9341360081773388e+01  1.2904698756654514e+02  1.0000000000000000e+00
1828   0.0000000000000000e+00  5.8869955560982355e+01  1.2951839208733611e+02  1.0000000000000000e+00
1829   0.0000000000000000e+00  5.8634253300586842e+01  1.2975409434773150e+02  1.0000000000000000e+00
1830   1.8641362269829622e+00  6.0048466862959920e+01  1.2833988078535845e+02  9.6094757082487325e-01
1831   1.8968403713159967e+00  5.9812764602564407e+01  1.2857558304575406e+02  9.6094757082487325e-01
1832   1.9622486599820654e+00  5.9341360081773374e+01  1.2904698756654511e+02  9.6094757082487325e-01
1833   2.0276569486481337e+00  5.8869955560982348e+01  1.2951839208733605e+02  9.6094757082487325e-01
1834   2.0603610929811684e+00  5.8634253300586828e+01  1.2975409434773150e+02  9.6094757082487325e-01
1835   5.7477485436690587e+00  6.0447222474481670e+01  1.2794112517383671e+02  8.9846368414467015e-01
1836   5.8485862374176376e+00  6.0218515926568990e+01  1.2816983172174946e+02  8.9846368414467015e-01
1837   6.0502616249147980e+00  5.9761102830743638e+01  1.2862724481757488e+02  8.9846368414467015e-01
1838   6.2519370124119558e+00  5.9303689734918272e+01  1.2908465791340015e+02  8.9846368414467015e-01
1839   6.3527747061605364e+00  5.9074983187005586e+01  1.2931336446131274e+02  8.9846368414467015e-01
1840   1.1265546362339832e+01  6.2362310354328649e+01  1.2602603729398973e+02  8.5160076913451788e-01
1841   1.1463187526591408e+01  6.2167201839395737e+01  1.2622114580892273e+02  8.5160076913451788e-01
1842   1.1858469855094560e+01  6.1776984809529914e+01  1.2661136283878861e+02  8.5160076913451788e-01
1843   1.2253752183597710e+01  6.1386767779664112e+01  1.2700157986865432e+02  8.5160076913451788e-01
1844   1.2451393347849288e+01  6.1191659264731207e+01  1.2719668838358716e+02  8.5160076913451788e-01
1845   1.5727731153297620e+01  6.5517551478922371e+01  1.2287079616939603e+02  8.5160076913451788e-01
1846   1.6003656261250210e+01  6.5377798071438463e+01  1.2301054957688000e+02  8.5160076913451788e-01
1847   1.6555506477155390e+01  6.5098291256470688e+01  1.2329005639184784e+02  8.5160076913451788e-01
1848   1.7107356693060566e+01  6.4818784441502899e+01  1.2356956320681554e+02  8.5160076913451788e-01
1849   1.7383281801013158e+01  6.4679031034018990e+01  1.2370931661429938e+02  8.5160076913451788e-01
1850   1.8436074406113576e+01  6.9419223733720813e+01  1.1896912391459767e+02  8.9846368414467015e-01
1851   1.8759514307975216e+01  6.9347920716671965e+01  1.1904042693164655e+02  8.9846368414467015e-01
1852   1.9406394111698500e+01  6.9205314682574297e+01  1.1918303296574425e+02  8.9846368414467015e-01
1853   2.0053273915421780e+01  6.9062708648476629e+01  1.1932563899984186e+02  8.9846368414467015e-01
1854   2.0376713817283427e+01  6.8991405631427796e+01  1.1939694201689068e+02  8.9846368414467015e-01
1855   1.9000000000000000e+01  7.2165352338349123e+01  1.1622299530996939e+02  9.6094757082487325e-01
1856   1.9333333333333329e+01  7.2142227016118341e+01  1.1624612063220020e+02  9.6094757082487325e-01
1857   1.9999999999999996e+01  7.2095976371656747e+01  1.1629237127666180e+02  9.6094757082487325e-01
1858   2.0666666666666661e+01  7.2049725727195153e+01  1.1633862192112336e+02  9.6094757082487325e-01
1859   2.0999999999999996e+01  7.2026600404964356e+01  1.1636174724335415e+02  9.6094757082487325e-01
1860   1.9000000000000000e+01  7.3483495705504282e+01  1.1490485194281428e+02  1.0000000000000000e+00
1861   1.9333333333333336e+01  7.3483495705504296e+01  1.1490485194281429e+02  1.0000000000000000e+00
1862   2.0000000000000000e+01  7.3483495705504296e+01  1.1490485194281429e+02  1.0000000000000000e+00
1863   2.0666666666666664e+01  7.3483495705504296e+01  1.1490485194281428e+02  1.0000000000000000e+00
1864   2.1000000000000000e+01  7.3483495705504282e+01  1.1490485194281428e+02  1.0000000000000000e+00
1865   0.0000000000000000e+00  6.4467884245375842e+01  1.3275929816777440e+02  1.0000000000000000e+00
1866   0.0000000000000000e+00  6.4232181984980315e+01  1.3299500042816999e+02  1.0000000000000000e+00
1867   0.0000000000000000e+00  6.3760777464189289e+01  1.3346640494896110e+02  1.0000000000000000e+00
1868   0.0000000000000000e+00  6.3289372943398277e+01  1.3393780946975201e+02  1.0000000000000000e+00
1869   0.0000000000000000e+00  6.3053670683002757e+01  1.3417351173014742e+02  1.0000000000000000e+00
1870   1.8641362269829624e+00  6.4467884245375842e+01  1.3275929816777438e+02  9.6094757082487314e-01
1871   1.8968403713159969e+00  6.4232181984980329e+01  1.3299500042816999e+02  9.6094757082487314e-01
1872   1.9622486599820652e+00  6.3760777464189289e+01  1.3346640494896107e+02  9.6094757082487314e-01
1873   2.0276569486481342e+00  6.3289372943398270e+01  1.3393780946975201e+02  9.6094757082487314e-01
1874   2.0603610929811689e+00  6.3053670683002750e+01  1.3417351173014745e+02  9.6094757082487314e-01
1875   5.7477485436690596e+00  6.4866639856897578e+01  1.3236054255625265e+02  8.9846368414467004e-01
1876   5.8485862374176376e+00  6.4637933308984913e+01  1.3258924910416542e+02  8.9846368414467004e-01
1877   6.0502616249147980e+00  6.4180520213159554e+01  1.3304666219999083e+02  8.9846368414467004e-01
1878   6.2519370124119575e+00  6.3723107117334187e+01  1.3350407529581611e+02  8.9846368414467004e-01
1879   6.3527747061605373e+00  6.3494400569421501e+01  1.3373278184372870e+02  8.9846368414467004e-01
1880   1.1265546362339835e+01  6.6781727736744557e+01  1.3044545467640569e+02  8.5160076913451777e-01
1881   1.1463187526591408e+01  6.6586619221811659e+01  1.3064056319133869e+02  8.5160076913451777e-01
1882   1.1858469855094562e+01  6.6196402191945836e+01  1.3103078022120457e+02  8.5160076913451777e-01
1883   1.2253752183597712e+01  6.5806185162080027e+01  1.3142099725107025e+02  8.5160076913451777e-01
1884   1.2451393347849288e+01  6.5611076647147129e+01  1.3161610576600310e+02  8.5160076913451777e-01
1885   1.5727731153297622e+01  6.9936968861338286e+01  1.2729021355181199e+02  8.5160076913451777e-01
1886   1.6003656261250214e+01  6.9797215453854378e+01  1.2742996695929597e+02  8.5160076913451777e-01
1887   1.6555506477155390e+01  6.9517708638886589e+01  1.2770947377426380e+02  8.5160076913451777e-01
1888   1.7107356693060566e+01  6.9238201823918800e+01  1.2798898058923152e+02  8.5160076913451777e-01
1889   1.7383281801013158e+01  6.9098448416434920e+01  1.2812873399671534e+02  8.5160076913451777e-01
1890   1.8436074406113573e+01  7.3838641116136728e+01  1.2338854129701363e+02  8.9846368414467004e-01
1891   1.8759514307975213e+01  7.3767338099087880e+01  1.2345984431406251e+02  8.9846368414467004e-01
1892   1.9406394111698500e+01  7.3624732064990212e+01  1.2360245034816022e+02  8.9846368414467004e-01
1893   2.0053273915421780e+01  7.3482126030892545e+01  1.2374505638225781e+02  8.9846368414467004e-01
1894   2.0376713817283424e+01  7.3410823013843711e+01  1.2381635939930663e+02  8.9846368414467004e-01
1895   1.9000000000000000e+01  7.6584769720765038e+01  1.2064241269238535e+02  9.6094757082487314e-01
1896   1.9333333333333332e+01  7.6561644398534256e+01  1.2066553801461615e+02  9.6094757082487314e-01
1897   1.9999999999999996e+01  7.6515393754072647e+01  1.2071178865907774e+02  9.6094757082487314e-01
1898   2.0666666666666661e+01  7.6469143109611082e+01  1.2075803930353932e+02  9.6094757082487314e-01
1899   2.1000000000000000e+01  7.6446017787380271e+01  1.2078116462577010e+02  9.6094757082487314e-01
1900   1.9000000000000000e+01  7.7902913087920197e+01  1.1932426932523023e+02  1.0000000000000000e+00
1901   1.9333333333333336e+01  7.7902913087920197e+01  1.1932426932523023e+02  1.0000000000000000e+00
1902   2.0000000000000000e+01  7.7902913087920197e+01  1.1932426932523023e+02  1.0000000000000000e+00
1903   2.0666666666666664e+01  7.7902913087920197e+01  1.1932426932523023e+02  1.0000000000000000e+00
1904   2.1000000000000000e+01  7.7902913087920197e+01  1.1932426932523023e+02  1.0000000000000000e+00
1905   0.0000000000000000e+00  6.8887301627791757e+01  1.3717871555019033e+02  1.0000000000000000e+00
1906   0.0000000000000000e+00  6.8651599367396230e+01  1.3741441781058595e+02  1.0000000000000000e+00
1907   0.0000000000000000e+00  6.8180194846605204e+01  1.3788582233137706e+02  1.0000000000000000e+00
1908   0.0000000000000000e+00  6.7708790325814178e+01  1.3835722685216797e+02  1.0000000000000000e+00
1909   0.0000000000000000e+00  6.7473088065418665e+01  1.3859292911256335e+02  1.0000000000000000e+00
1910   1.8641362269829627e+00  6.8887301627791743e+01  1.3717871555019033e+02  9.6094757082487314e-01
1911   1.8968403713159969e+00  6.8651599367396230e+01  1.3741441781058595e+02  9.6094757082487314e-01
1912   1.9622486599820654e+00  6.8180194846605204e+01  1.3788582233137703e+02  9.6094757082487314e-01
1913   2.0276569486481342e+00  6.7708790325814178e+01  1.3835722685216794e+02  9.6094757082487314e-01
1914   2.0603610929811684e+00  6.7473088065418651e+01  1.3859292911256338e+02  9.6094757082487314e-01
1915   5.7477485436690596e+00  6.9286057239313493e+01  1.3677995993866858e+02  8.9846368414467004e-01
1916   5.8485862374176385e+00  6.9057350691400814e+01  1.3700866648658138e+02  8.9846368414467004e-01
1917   6.0502616249147971e+00  6.8599937595575454e+01  1.3746607958240676e+02  8.9846368414467004e-01
1918   6.2519370124119575e+00  6.8142524499750110e+01  1.3792349267823201e+02  8.9846368414467004e-01
1919   6.3527747061605373e+00  6.7913817951837416e+01  1.3815219922614460e+02  8.9846368414467004e-01
1920   1.1265546362339835e+01  7.1201145119160486e+01  1.3486487205882162e+02  8.5160076913451777e-01
1921   1.1463187526591410e+01  7.1006036604227560e+01  1.3505998057375459e+02  8.5160076913451777e-01
1922   1.1858469855094562e+01  7.0615819574361737e+01  1.3545019760362050e+02  8.5160076913451777e-01
1923   1.2253752183597713e+01  7.0225602544495942e+01  1.3584041463348620e+02  8.5160076913451777e-01
1924   1.2451393347849285e+01  7.0030494029563044e+01  1.3603552314841903e+02  8.5160076913451777e-01
1925   1.5727731153297622e+01  7.4356386243754187e+01  1.3170963093422793e+02  8.5160076913451777e-01
1926   1.6003656261250210e+01  7.4216632836270293e+01  1.3184938434171190e+02  8.5160076913451777e-01
1927   1.6555506477155390e+01  7.3937126021302504e+01  1.3212889115667971e+02  8.5160076913451777e-01
1928   1.7107356693060566e+01  7.3657619206334715e+01  1.3240839797164745e+02  8.5160076913451777e-01
1929   1.7383281801013158e+01  7.3517865798850835e+01  1.3254815137913127e+02  8.5160076913451777e-01
1930   1.8436074406113573e+01  7.8258058498552629e+01  1.2780795867942956e+02  8.9846368414467004e-01
1931   1.8759514307975216e+01  7.8186755481503781e+01  1.2787926169647845e+02  8.9846368414467004e-01
1932   1.9406394111698500e+01  7.8044149447406099e+01  1.2802186773057613e+02  8.9846368414467004e-01
1933   2.0053273915421780e+01  7.7901543413308445e+01  1.2816447376467377e+02  8.9846368414467004e-01
1934   2.0376713817283424e+01  7.7830240396259612e+01  1.2823577678172256e+02  8.9846368414467004e-01
1935   1.8999999999999996e+01  8.1004187103180953e+01  1.2506183007480129e+02  9.6094757082487314e-01
1936   1.9333333333333332e+01  8.0981061780950157e+01  1.2508495539703210e+02  9.6094757082487314e-01
1937   2.0000000000000004e+01  8.0934811136488548e+01  1.2513120604149370e+02  9.6094757082487314e-01
1938   2.0666666666666661e+01  8.0888560492026969e+01  1.2517745668595526e+02  9.6094757082487314e-01
1939   2.1000000000000000e+01  8.0865435169796172e+01  1.2520058200818605e+02  9.6094757082487314e-01
1940   1.9000000000000000e+01  8.2322330470336098e+01  1.2374368670764616e+02  1.0000000000000000e+00
1941   1.9333333333333336e+01  8.2322330470336098e+01  1.2374368670764616e+02  1.0000000000000000e+00
1942   2.0000000000000000e+01  8.2322330470336098e+01  1.2374368670764616e+02  1.0000000000000000e+00
1943   2.0666666666666664e+01  8.2322330470336098e+01  1.2374368670764616e+02  1.0000000000000000e+00
1944   2.1000000000000000e+01  8.2322330470336098e+01  1.2374368670764616e+02  1.0000000000000000e+00
1945   0.0000000000000000e+00  7.3306719010207658e+01  1.4159813293260626e+02  1.0000000000000000e+00
1946   0.0000000000000000e+00  7.3071016749812145e+01  1.4183383519300187e+02  1.0000000000000000e+00
1947   0.0000000000000000e+00  7.2599612229021105e+01  1.4230523971379299e+02  1.0000000000000000e+00
1948   0.0000000000000000e+00  7.2128207708230093e+01  1.4277664423458390e+02  1.0000000000000000e+00
1949   0.0000000000000000e+00  7.1892505447834580e+01  1.4301234649497928e+02  1.0000000000000000e+00
1950   1.8641362269829624e+00  7.3306719010207658e+01  1.4159813293260626e+02  9.6094757082487314e-01
1951   1.8968403713159971e+00  7.3071016749812145e+01  1.4183383519300187e+02  9.6094757082487314e-01
1952   1.9622486599820654e+00  7.2599612229021105e+01  1.4230523971379299e+02  9.6094757082487314e-01
1953   2.0276569486481342e+00  7.2128207708230093e+01  1.4277664423458387e+02  9.6094757082487314e-01
1954   2.0603610929811689e+00  7.1892505447834580e+01  1.4301234649497928e+02  9.6094757082487314e-01
1955   5.7477485436690596e+00  7.3705474621729408e+01  1.4119937732108451e+02  8.9846368414467004e-01
1956   5.8485862374176385e+00  7.3476768073816729e+01  1.4142808386899731e+02  8.9846368414467004e-01
1957   6.0502616249147971e+00  7.3019354977991355e+01  1.4188549696482272e+02  8.9846368414467004e-01
1958   6.2519370124119567e+00  7.2561941882166025e+01  1.4234291006064797e+02  8.9846368414467004e-01
1959   6.3527747061605373e+00  7.2333235334253345e+01  1.4257161660856056e+02  8.9846368414467004e-01
1960   1.1265546362339835e+01  7.5620562501576387e+01  1.3928428944123755e+02  8.5160076913451777e-01
1961   1.1463187526591410e+01  7.5425453986643475e+01  1.3947939795617057e+02  8.5160076913451777e-01
1962   1.1858469855094562e+01  7.5035236956777652e+01  1.3986961498603645e+02  8.5160076913451777e-01
1963   1.2253752183597713e+01  7.4645019926911843e+01  1.4025983201590213e+02  8.5160076913451777e-01
1964   1.2451393347849285e+01  7.4449911411978945e+01  1.4045494053083496e+02  8.5160076913451777e-01
1965   1.5727731153297622e+01  7.8775803626170102e+01  1.3612904831664386e+02  8.5160076913451777e-01
1966   1.6003656261250210e+01  7.8636050218686194e+01  1.3626880172412785e+02  8.5160076913451777e-01
1967   1.6555506477155390e+01  7.8356543403718405e+01  1.3654830853909564e+02  8.5160076913451777e-01
1968   1.7107356693060566e+01  7.8077036588750602e+01  1.3682781535406338e+02  8.5160076913451777e-01
1969   1.7383281801013158e+01  7.7937283181266750e+01  1.3696756876154720e+02  8.5160076913451777e-01
1970   1.8436074406113573e+01  8.2677475880968544e+01  1.3222737606184552e+02  8.9846368414467004e-01
1971   1.8759514307975216e+01  8.2606172863919696e+01  1.3229867907889439e+02  8.9846368414467004e-01
1972   1.9406394111698500e+01  8.2463566829822014e+01  1.3244128511299209e+02  8.9846368414467004e-01
1973   2.0053273915421780e+01  8.2320960795724361e+01  1.3258389114708970e+02  8.9846368414467004e-01
1974   2.0376713817283424e+01  8.2249657778675527e+01  1.3265519416413849e+02  8.9846368414467004e-01
1975   1.8999999999999996e+01  8.5423604485596840e+01  1.2948124745721722e+02  9.6094757082487314e-01
1976   1.9333333333333332e+01  8.5400479163366043e+01  1.2950437277944806e+02  9.6094757082487314e-01
1977   1.9999999999999993e+01  8.5354228518904463e+01  1.2955062342390966e+02  9.6094757082487314e-01
1978   2.0666666666666661e+01  8.5307977874442884e+01  1.2959687406837122e+02  9.6094757082487314e-01
1979   2.1000000000000000e+01  8.5284852552212101e+01  1.2961999939060198e+02  9.6094757082487314e-01
1980   1.9000000000000000e+01  8.6741747852751999e+01  1.2816310409006212e+02  1.0000000000000000e+00
1981   1.9333333333333336e+01  8.6741747852751999e+01  1.2816310409006212e+02  1.0000000000000000e+00
1982   2.0000000000000000e+01  8.6741747852751999e+01  1.2816310409006212e+02  1.0000000000000000e+00
1983   2.0666666666666664e+01  8.6741747852751999e+01  1.2816310409006212e+02  1.0000000000000000e+00
1984   2.1000000000000000e+01  8.6741747852751999e+01  1.2816310409006212e+02  1.0000000000000000e+00
1985   0.0000000000000000e+00  7.7726136392623573e+01  1.4601755031502219e+02  1.0000000000000000e+00
1986   0.0000000000000000e+00  7.7490434132228046e+01  1.4625325257541780e+02  1.0000000000000000e+00
1987   0.0000000000000000e+00  7.7019029611437020e+01  1.4672465709620892e+02  1.0000000000000000e+00
1988   0.0000000000000000e+00  7.6547625090645994e+01  1.4719606161699983e+02  1.0000000000000000e+00
1989   0.0000000000000000e+00  7.6311922830250495e+01  1.4743176387739521e+02  1.0000000000000000e+00
1990   1.8641362269829624e+00  7.7726136392623573e+01  1.4601755031502216e+02  9.6094757082487314e-01
1991   1.8968403713159971e+00  7.7490434132228060e+01  1.4625325257541780e+02  9.6094757082487314e-01
1992   1.9622486599820654e+00  7.7019029611437006e+01  1.4672465709620892e+02  9.6094757082487314e-01
1993   2.0276569486481337e+00  7.6547625090646008e+01  1.4719606161699980e+02  9.6094757082487314e-01
1994   2.0603610929811684e+00  7.6311922830250495e+01  1.4743176387739521e+02  9.6094757082487314e-01
1995   5.7477485436690596e+00  7.8124892004145309e+01  1.4561879470350044e+02  8.9846368414467004e-01
1996   5.8485862374176376e+00  7.7896185456232615e+01  1.4584750125141323e+02  8.9846368414467004e-01
1997   6.0502616249147980e+00  7.7438772360407256e+01  1.4630491434723865e+02  8.9846368414467004e-01
1998   6.2519370124119567e+00  7.6981359264581940e+01  1.4676232744306390e+02  8.9846368414467004e-01
1999   6.3527747061605373e+00  7.6752652716669246e+01  1.4699103399097649e+02  8.9846368414467004e-01
2000   1.1265546362339837e+01  8.0039979883992316e+01  1.4370370682365350e+02  8.5160076913451765e-01
2001   1.1463187526591412e+01  7.9844871369059376e+01  1.4389881533858650e+02  8.5160076913451765e-01
2002   1.1858469855094560e+01  7.9454654339193567e+01  1.4428903236845241e+02  8.5160076913451765e-01
2003   1.2253752183597712e+01  7.9064437309327758e+01  1.4467924939831809e+02  8.5160076913451765e-01
2004   1.2451393347849288e+01  7.8869328794394875e+01  1.4487435791325089e+02  8.5160076913451765e-01
2005   1.5727731153297624e+01  8.3195221008586032e+01  1.4054846569905979e+02  8.5160076913451765e-01
2006   1.6003656261250214e+01  8.3055467601102109e+01  1.4068821910654378e+02  8.5160076913451765e-01
2007   1.6555506477155390e+01  8.2775960786134320e+01  1.4096772592151163e+02  8.5160076913451765e-01
2008   1.7107356693060570e+01  8.2496453971166531e+01  1.4124723273647933e+02  8.5160076913451765e-01
2009   1.7383281801013162e+01  8.2356700563682665e+01  1.4138698614396316e+02  8.5160076913451765e-01
2010   1.8436074406113573e+01  8.7096893263384445e+01  1.3664679344426148e+02  8.9846368414467004e-01
2011   1.8759514307975216e+01  8.7025590246335582e+01  1.3671809646131032e+02  8.9846368414467004e-01
2012   1.9406394111698500e+01  8.6882984212237915e+01  1.3686070249540802e+02  8.9846368414467004e-01
2013   2.0053273915421784e+01  8.6740378178140261e+01  1.3700330852950566e+02  8.9846368414467004e-01
2014   2.0376713817283427e+01  8.6669075161091428e+01  1.3707461154655442e+02  8.9846368414467004e-01
2015   1.9000000000000004e+01  8.9843021868012741e+01  1.3390066483963318e+02  9.6094757082487314e-01
2016   1.9333333333333332e+01  8.9819896545781944e+01  1.3392379016186399e+02  9.6094757082487314e-01
2017   1.9999999999999993e+01  8.9773645901320378e+01  1.3397004080632558e+02  9.6094757082487314e-01
2018   2.0666666666666661e+01  8.9727395256858784e+01  1.3401629145078715e+02  9.6094757082487314e-01
2019   2.1000000000000000e+01  8.9704269934628002e+01  1.3403941677301793e+02  9.6094757082487314e-01
2020   1.9000000000000000e+01  9.1161165235167886e+01  1.3258252147247805e+02  1.0000000000000000e+00
2021   1.9333333333333336e+01  9.1161165235167914e+01  1.3258252147247805e+02  1.0000000000000000e+00
2022   2.0000000000000000e+01  9.1161165235167914e+01  1.3258252147247805e+02  1.0000000000000000e+00
2023   2.0666666666666664e+01  9.1161165235167900e+01  1.3258252147247805e+02  1.0000000000000000e+00
2024   2.1000000000000000e+01  9.1161165235167886e+01  1.3258252147247805e+02  1.0000000000000000e+00
2025   0.0000000000000000e+00  8.2145553775039488e+01  1.5043696769743809e+02  1.0000000000000000e+00
2026   0.0000000000000000e+00  8.1909851514643961e+01  1.5067266995783373e+02  1.0000000000000000e+00
2027   0.0000000000000000e+00  8.1438446993852921e+01  1.5114407447862487e+02  1.0000000000000000e+00
2028   0.0000000000000000e+00  8.0967042473061909e+01  1.5161547899941576e+02  1.0000000000000000e+00
2029   0.0000000000000000e+00  8.0731340212666424e+01  1.5185118125981114e+02  1.0000000000000000e+00
2030   1.8641362269829627e+00  8.2145553775039502e+01  1.5043696769743815e+02  9.6094757082487303e-01
2031   1.8968403713159974e+00  8.1909851514643961e+01  1.5067266995783379e+02  9.6094757082487303e-01
2032   1.9622486599820659e+00  8.1438446993852921e+01  1.5114407447862490e+02  9.6094757082487303e-01
2033   2.0276569486481346e+00  8.0967042473061937e+01  1.5161547899941576e+02  9.6094757082487303e-01
2034   2.0603610929811689e+00  8.0731340212666424e+01  1.5185118125981117e+02  9.6094757082487303e-01
2035   5.7477485436690587e+00  8.2544309386561224e+01  1.5003821208591637e+02  8.9846368414467004e-01
2036   5.8485862374176385e+00  8.2315602838648545e+01  1.5026691863382916e+02  8.9846368414467004e-01
2037   6.0502616249147980e+00  8.1858189742823171e+01  1.5072433172965461e+02  8.9846368414467004e-01
2038   6.2519370124119575e+00  8.1400776646997841e+01  1.5118174482547985e+02  8.9846368414467004e-01
2039   6.3527747061605373e+00  8.1172070099085161e+01  1.5141045137339242e+02  8.9846368414467004e-01
2040   1.1265546362339833e+01  8.4459397266408217e+01  1.4812312420606943e+02  8.5160076913451765e-01
2041   1.1463187526591412e+01  8.4264288751475291e+01  1.4831823272100243e+02  8.5160076913451765e-01
2042   1.1858469855094560e+01  8.3874071721609454e+01  1.4870844975086834e+02  8.5160076913451765e-01
2043   1.2253752183597715e+01  8.3483854691743673e+01  1.4909866678073402e+02  8.5160076913451765e-01
2044   1.2451393347849288e+01  8.3288746176810790e+01  1.4929377529566682e+02  8.5160076913451765e-01
2045   1.5727731153297624e+01  8.7614638391001918e+01  1.4496788308147575e+02  8.5160076913451765e-01
2046   1.6003656261250214e+01  8.7474884983518010e+01  1.4510763648895974e+02  8.5160076913451765e-01
2047   1.6555506477155390e+01  8.7195378168550221e+01  1.4538714330392756e+02  8.5160076913451765e-01
2048   1.7107356693060570e+01  8.6915871353582446e+01  1.4566665011889526e+02  8.5160076913451765e-01
2049   1.7383281801013158e+01  8.6776117946098566e+01  1.4580640352637909e+02  8.5160076913451765e-01
2050   1.8436074406113573e+01  9.1516310645800345e+01  1.4106621082667738e+02  8.9846368414467004e-01
2051   1.8759514307975216e+01  9.1445007628751483e+01  1.4113751384372628e+02  8.9846368414467004e-01
2052   1.9406394111698500e+01  9.1302401594653830e+01  1.4128011987782395e+02  8.9846368414467004e-01
2053   2.0053273915421780e+01  9.1159795560556162e+01  1.4142272591192159e+02  8.9846368414467004e-01
2054   2.0376713817283427e+01  9.1088492543507343e+01  1.4149402892897038e+02  8.9846368414467004e-01
2055   1.9000000000000004e+01  9.4262439250428670e+01  1.3832008222204914e+02  9.6094757082487303e-01
2056   1.9333333333333329e+01  9.4239313928197859e+01  1.3834320754427995e+02  9.6094757082487303e-01
2057   2.0000000000000000e+01  9.4193063283736279e+01  1.3838945818874154e+02  9.6094757082487303e-01
2058   2.0666666666666664e+01  9.4146812639274700e+01  1.3843570883320311e+02  9.6094757082487303e-01
2059   2.1000000000000004e+01  9.4123687317043903e+01  1.3845883415543389e+02  9.6094757082487303e-01
2060   1.9000000000000000e+01  9.5580582617583801e+01  1.3700193885489401e+02  1.0000000000000000e+00
2061   1.9333333333333336e+01  9.5580582617583801e+01  1.3700193885489401e+02  1.0000000000000000e+00
2062   2.0000000000000000e+01  9.5580582617583801e+01  1.3700193885489401e+02  1.0000000000000000e+00
2063   2.0666666666666664e+01  9.5580582617583801e+01  1.3700193885489401e+02  1.0000000000000000e+00
2064   2.1000000000000000e+01  9.5580582617583801e+01  1.3700193885489401e+02  1.0000000000000000e+00
2065   0.0000000000000000e+00  8.6564971157455389e+01  1.5485638507985402e+02  1.0000000000000000e+00
2066   0.0000000000000000e+00  8.6329268897059848e+01  1.5509208734024969e+02  1.0000000000000000e+00
2067   0.0000000000000000e+00  8.5857864376268822e+01  1.5556349186104080e+02  1.0000000000000000e+00
2068   0.0000000000000000e+00  8.5386459855477824e+01  1.5603489638183169e+02  1.0000000000000000e+00
2069   0.0000000000000000e+00  8.5150757595082325e+01  1.5627059864222707e+02  1.0000000000000000e+00
2070   1.8641362269829624e+00  8.6564971157455403e+01  1.5485638507985405e+02  9.6094757082487314e-01
2071   1.8968403713159969e+00  8.6329268897059862e+01  1.5509208734024966e+02  9.6094757082487314e-01
2072   1.9622486599820652e+00  8.5857864376268807e+01  1.5556349186104080e+02  9.6094757082487314e-01
2073   2.0276569486481342e+00  8.5386459855477824e+01  1.5603489638183169e+02  9.6094757082487314e-01
2074   2.0603610929811684e+00  8.5150757595082311e+01  1.5627059864222704e+02  9.6094757082487314e-01
2075   5.7477485436690579e+00  8.6963726768977125e+01  1.5445762946833227e+02  8.9846368414467015e-01
2076   5.8485862374176376e+00  8.6735020221064431e+01  1.5468633601624506e+02  8.9846368414467015e-01
2077   6.0502616249147980e+00  8.6277607125239058e+01  1.5514374911207051e+02  8.9846368414467015e-01
2078   6.2519370124119567e+00  8.5820194029413727e+01  1.5560116220789573e+02  8.9846368414467015e-01
2079   6.3527747061605355e+00  8.5591487481501062e+01  1.5582986875580832e+02  8.9846368414467015e-01
2080   1.1265546362339833e+01  8.8878814648824132e+01  1.5254254158848534e+02  8.5160076913451777e-01
2081   1.1463187526591410e+01  8.8683706133891192e+01  1.5273765010341836e+02  8.5160076913451777e-01
2082   1.1858469855094562e+01  8.8293489104025340e+01  1.5312786713328427e+02  8.5160076913451777e-01
2083   1.2253752183597712e+01  8.7903272074159574e+01  1.5351808416314992e+02  8.5160076913451777e-01
2084   1.2451393347849288e+01  8.7708163559226691e+01  1.5371319267808272e+02  8.5160076913451777e-01
2085   1.5727731153297622e+01  9.2034055773417805e+01  1.4938730046389168e+02  8.5160076913451777e-01
2086   1.6003656261250214e+01  9.1894302365933910e+01  1.4952705387137564e+02  8.5160076913451777e-01
2087   1.6555506477155390e+01  9.1614795550966122e+01  1.4980656068634349e+02  8.5160076913451777e-01
2088   1.7107356693060566e+01  9.1335288735998347e+01  1.5008606750131119e+02  8.5160076913451777e-01
2089   1.7383281801013158e+01  9.1195535328514467e+01  1.5022582090879499e+02  8.5160076913451777e-01
2090   1.8436074406113573e+01  9.5935728028216232e+01  1.4548562820909331e+02  8.9846368414467015e-01
2091   1.8759514307975216e+01  9.5864425011167384e+01  1.4555693122614218e+02  8.9846368414467015e-01
2092   1.9406394111698500e+01  9.5721818977069717e+01  1.4569953726023988e+02  8.9846368414467015e-01
2093   2.0053273915421780e+01  9.5579212942972063e+01  1.4584214329433749e+02  8.9846368414467015e-01
2094   2.0376713817283424e+01  9.5507909925923215e+01  1.4591344631138628e+02  8.9846368414467015e-01
2095   1.9000000000000000e+01  9.8681856632844543e+01  1.4273949960446510e+02  9.6094757082487314e-01
2096   1.9333333333333336e+01  9.8658731310613774e+01  1.4276262492669588e+02  9.6094757082487314e-01
2097   1.9999999999999996e+01  9.8612480666152166e+01  1.4280887557115744e+02  9.6094757082487314e-01
2098   2.0666666666666661e+01  9.8566230021690600e+01  1.4285512621561904e+02  9.6094757082487314e-01
2099   2.1000000000000000e+01  9.8543104699459789e+01  1.4287825153784979e+02  9.6094757082487314e-01
2100   1.9000000000000000e+01  9.9999999999999716e+01  1.4142135623730996e+02  1.0000000000000000e+00
2101   1.9333333333333336e+01  9.9999999999999716e+01  1.4142135623730996e+02  1.0000000000000000e+00
2102   2.0000000000000000e+01  9.9999999999999716e+01  1.4142135623730996e+02  1.0000000000000000e+00
2103   2.0666666666666664e+01  9.9999999999999716e+01  1.4142135623730996e+02  1.0000000000000000e+00
2104   2.1000000000000000e+01  9.9999999999999716e+01  1.4142135623730996e+02  1.0000000000000000e+00
2105   0.0000000000000000e+00  9.0984388539871318e+01  1.5927580246226998e+02  1.0000000000000000e+00
2106   0.0000000000000000e+00  9.0748686279475763e+01  1.5951150472266562e+02  1.0000000000000000e+00
2107   0.0000000000000000e+00  9.0277281758684708e+01  1.5998290924345673e+02  1.0000000000000000e+00
2108   0.0000000000000000e+00  8.9805877237893725e+01  1.6045431376424762e+02  1.0000000000000000e+00
2109   0.0000000000000000e+00  8.9570174977498255e+01  1.6069001602464300e+02  1.0000000000000000e+00
2110   1.8641362269829622e+00  9.0984388539871304e+01  1.5927580246226995e+02  9.6094757082487314e-01
2111   1.8968403713159969e+00  9.0748686279475749e+01  1.5951150472266562e+02  9.6094757082487314e-01
2112   1.9622486599820654e+00  9.0277281758684708e+01  1.5998290924345673e+02  9.6094757082487314e-01
2113   2.0276569486481342e+00  8.9805877237893725e+01  1.6045431376424762e+02  9.6094757082487314e-01
2114   2.0603610929811684e+00  8.9570174977498240e+01  1.6069001602464300e+02  9.6094757082487314e-01
2115   5.7477485436690587e+00  9.1383144151393054e+01  1.5887704685074823e+02  8.9846368414467004e-01
2116   5.8485862374176376e+00  9.1154437603480346e+01  1.5910575339866105e+02  8.9846368414467004e-01
2117   6.0502616249147971e+00  9.0697024507654973e+01  1.5956316649448650e+02  8.9846368414467004e-01
2118   6.2519370124119575e+00  9.0239611411829642e+01  1.6002057959031168e+02  8.9846368414467004e-01
2119   6.3527747061605373e+00  9.0010904863916991e+01  1.6024928613822425e+02  8.9846368414467004e-01
2120   1.1265546362339835e+01  9.3298232031240033e+01  1.5696195897090126e+02  8.5160076913451777e-01
2121   1.1463187526591410e+01  9.3103123516307093e+01  1.5715706748583432e+02  8.5160076913451777e-01
2122   1.1858469855094560e+01  9.2712906486441241e+01  1.5754728451570020e+02  8.5160076913451777e-01
2123   1.2253752183597713e+01  9.2322689456575489e+01  1.5793750154556588e+02  8.5160076913451777e-01
2124   1.2451393347849288e+01  9.2127580941642606e+01  1.5813261006049865e+02  8.5160076913451777e-01
2125   1.5727731153297622e+01  9.6453473155833720e+01  1.5380671784630761e+02  8.5160076913451777e-01
2126   1.6003656261250210e+01  9.6313719748349811e+01  1.5394647125379157e+02  8.5160076913451777e-01
2127   1.6555506477155390e+01  9.6034212933381994e+01  1.5422597806875945e+02  8.5160076913451777e-01
2128   1.7107356693060566e+01  9.5754706118414248e+01  1.5450548488372709e+02  8.5160076913451777e-01
2129   1.7383281801013155e+01  9.5614952710930382e+01  1.5464523829121092e+02  8.5160076913451777e-01
2130   1.8436074406113573e+01  1.0035514541063215e+02  1.4990504559150926e+02  8.9846368414467004e-01
2131   1.8759514307975216e+01  1.0028384239358330e+02  1.4997634860855817e+02  8.9846368414467004e-01
2132   1.9406394111698496e+01  1.0014123635948562e+02  1.5011895464265586e+02  8.9846368414467004e-01
2133   2.0053273915421780e+01  9.9998630325387978e+01  1.5026156067675345e+02  8.9846368414467004e-01
2134   2.0376713817283424e+01  9.9927327308339144e+01  1.5033286369380224e+02  8.9846368414467004e-01
2135   1.9000000000000004e+01  1.0310127401526046e+02  1.4715891698688100e+02  9.6094757082487314e-01
2136   1.9333333333333332e+01  1.0307814869302966e+02  1.4718204230911181e+02  9.6094757082487314e-01
2137   1.9999999999999996e+01  1.0303189804856807e+02  1.4722829295357343e+02  9.6094757082487314e-01
2138   2.0666666666666661e+01  1.0298564740410649e+02  1.4727454359803500e+02  9.6094757082487314e-01
2139   2.1000000000000000e+01  1.0296252208187570e+02  1.4729766892026572e+02  9.6094757082487314e-01
2140   1.9000000000000000e+01  1.0441941738241560e+02  1.4584077361972587e+02  1.0000000000000000e+00
2141   1.9333333333333336e+01  1.0441941738241560e+02  1.4584077361972589e+02  1.0000000000000000e+00
2142   2.0000000000000000e+01  1.0441941738241560e+02  1.4584077361972589e+02  1.0000000000000000e+00
2143   2.0666666666666664e+01  1.0441941738241560e+02  1.4584077361972587e+02  1.0000000000000000e+00
2144   2.1000000000000000e+01  1.0441941738241560e+02  1.4584077361972587e+02  1.0000000000000000e+00
2145   0.0000000000000000e+00  9.5403805922287219e+01  1.6369521984468591e+02  1.0000000000000000e+00
2146   0.0000000000000000e+00  9.5168103661891678e+01  1.6393092210508155e+02  1.0000000000000000e+00
2147   0.0000000000000000e+00  9.4696699141100609e+01  1.6440232662587269e+02  1.0000000000000000e+00
2148   0.0000000000000000e+00  9.4225294620309640e+01  1.6487373114666357e+02  1.0000000000000000e+00
2149   0.0000000000000000e+00  9.3989592359914155e+01  1.6510943340705893e+02  1.0000000000000000e+00
2150   1.8641362269829624e+00  9.5403805922287233e+01  1.6369521984468594e+02  9.6094757082487303e-01
2151   1.8968403713159971e+00  9.5168103661891692e+01  1.6393092210508158e+02  9.6094757082487303e-01
2152   1.9622486599820657e+00  9.4696699141100623e+01  1.6440232662587269e+02  9.6094757082487303e-01
2153   2.0276569486481342e+00  9.4225294620309654e+01  1.6487373114666357e+02  9.6094757082487303e-01
2154   2.0603610929811689e+00  9.3989592359914155e+01  1.6510943340705896e+02  9.6094757082487303e-01
2155   5.7477485436690587e+00  9.5802561533808969e+01  1.6329646423316416e+02  8.9846368414467004e-01
2156   5.8485862374176385e+00  9.5573854985896276e+01  1.6352517078107698e+02  8.9846368414467004e-01
2157   6.0502616249147980e+00  9.5116441890070874e+01  1.6398258387690242e+02  8.9846368414467004e-01
2158   6.2519370124119575e+00  9.4659028794245572e+01  1.6443999697272761e+02  8.9846368414467004e-01
2159   6.3527747061605364e+00  9.4430322246332906e+01  1.6466870352064018e+02  8.9846368414467004e-01
2160   1.1265546362339833e+01  9.7717649413655948e+01  1.6138137635331719e+02  8.5160076913451777e-01
2161   1.1463187526591410e+01  9.7522540898722994e+01  1.6157648486825025e+02  8.5160076913451777e-01
2162   1.1858469855094560e+01  9.7132323868857171e+01  1.6196670189811613e+02  8.5160076913451777e-01
2163   1.2253752183597713e+01  9.6742106838991404e+01  1.6235691892798181e+02  8.5160076913451777e-01
2164   1.2451393347849285e+01  9.6546998324058521e+01  1.6255202744291458e+02  8.5160076913451777e-01
2165   1.5727731153297624e+01  1.0087289053824964e+02  1.5822613522872354e+02  8.5160076913451777e-01
2166   1.6003656261250214e+01  1.0073313713076573e+02  1.5836588863620750e+02  8.5160076913451777e-01
2167   1.6555506477155390e+01  1.0045363031579791e+02  1.5864539545117538e+02  8.5160076913451777e-01
2168   1.7107356693060566e+01  1.0017412350083013e+02  1.5892490226614305e+02  8.5160076913451777e-01
2169   1.7383281801013155e+01  1.0003437009334630e+02  1.5906465567362687e+02  8.5160076913451777e-01
2170   1.8436074406113573e+01  1.0477456279304805e+02  1.5432446297392519e+02  8.9846368414467004e-01
2171   1.8759514307975216e+01  1.0470325977599920e+02  1.5439576599097413e+02  8.9846368414467004e-01
2172   1.9406394111698500e+01  1.0456065374190153e+02  1.5453837202507182e+02  8.9846368414467004e-01
2173   2.0053273915421784e+01  1.0441804770780386e+02  1.5468097805916938e+02  8.9846368414467004e-01
2174   2.0376713817283427e+01  1.0434674469075505e+02  1.5475228107621817e+02  8.9846368414467004e-01
2175   1.9000000000000004e+01  1.0752069139767636e+02  1.5157833436929698e+02  9.6094757082487303e-01
2176   1.9333333333333336e+01  1.0749756607544556e+02  1.5160145969152779e+02  9.6094757082487303e-01
2177   2.0000000000000000e+01  1.0745131543098398e+02  1.5164771033598936e+02  9.6094757082487303e-01
2178   2.0666666666666664e+01  1.0740506478652240e+02  1.5169396098045092e+02  9.6094757082487303e-01
2179   2.1000000000000004e+01  1.0738193946429162e+02  1.5171708630268171e+02  9.6094757082487303e-01
2180   1.9000000000000000e+01  1.0883883476483149e+02  1.5026019100214182e+02  1.0000000000000000e+00
2181   1.9333333333333336e+01  1.0883883476483152e+02  1.5026019100214182e+02  1.0000000000000000e+00
2182   2.0000000000000000e+01  1.0883883476483152e+02  1.5026019100214182e+02  1.0000000000000000e+00
2183   2.0666666666666664e+01  1.0883883476483149e+02  1.5026019100214182e+02  1.0000000000000000e+00
2184   2.1000000000000000e+01  1.0883883476483149e+02  1.5026019100214182e+02  1.0000000000000000e+00
2185   0.0000000000000000e+00  9.9823223304703134e+01  1.6811463722710187e+02  1.0000000000000000e+00
2186   0.0000000000000000e+00  9.9587521044307579e+01  1.6835033948749748e+02  1.0000000000000000e+00
2187   0.0000000000000000e+00  9.9116116523516524e+01  1.6882174400828865e+02  1.0000000000000000e+00
2188   0.0000000000000000e+00  9.8644712002725555e+01  1.6929314852907950e+02  1.0000000000000000e+00
2189   0.0000000000000000e+00  9.8409009742330085e+01  1.6952885078947486e+02  1.0000000000000000e+00
2190   1.8641362269829622e+00  9.9823223304703149e+01  1.6811463722710187e+02  9.6094757082487314e-01
2191   1.8968403713159969e+00  9.9587521044307579e+01  1.6835033948749751e+02  9.6094757082487314e-01
2192   1.9622486599820654e+00  9.9116116523516510e+01  1.6882174400828862e+02  9.6094757082487314e-01
2193   2.0276569486481342e+00  9.8644712002725541e+01  1.6929314852907947e+02  9.6094757082487314e-01
2194   2.0603610929811684e+00  9.8409009742330056e+01  1.6952885078947486e+02  9.6094757082487314e-01
2195   5.7477485436690596e+00  1.0022197891622488e+02  1.6771588161558012e+02  8.9846368414467004e-01
2196   5.8485862374176376e+00  9.9993272368312162e+01  1.6794458816349288e+02  8.9846368414467004e-01
2197   6.0502616249147971e+00  9.9535859272486775e+01  1.6840200125931838e+02  8.9846368414467004e-01
2198   6.2519370124119575e+00  9.9078446176661473e+01  1.6885941435514357e+02  8.9846368414467004e-01
2199   6.3527747061605364e+00  9.8849739628748821e+01  1.6908812090305611e+02  8.9846368414467004e-01
2200   1.1265546362339833e+01  1.0213706679607185e+02  1.6580079373573315e+02  8.5160076913451777e-01
2201   1.1463187526591410e+01  1.0194195828113892e+02  1.6599590225066618e+02  8.5160076913451777e-01
2202   1.1858469855094562e+01  1.0155174125127304e+02  1.6638611928053206e+02  8.5160076913451777e-01
2203   1.2253752183597712e+01  1.0116152422140729e+02  1.6677633631039774e+02  8.5160076913451777e-01
2204   1.2451393347849288e+01  1.0096641570647442e+02  1.6697144482533051e+02  8.5160076913451777e-01
2205   1.5727731153297622e+01  1.0529230792066555e+02  1.6264555261113946e+02  8.5160076913451777e-01
2206   1.6003656261250210e+01  1.0515255451318161e+02  1.6278530601862343e+02  8.5160076913451777e-01
2207   1.6555506477155390e+01  1.0487304769821382e+02  1.6306481283359130e+02  8.5160076913451777e-01
2208   1.7107356693060566e+01  1.0459354088324604e+02  1.6334431964855898e+02  8.5160076913451777e-01
2209   1.7383281801013158e+01  1.0445378747576218e+02  1.6348407305604280e+02  8.5160076913451777e-01
2210   1.8436074406113573e+01  1.0919398017546396e+02  1.5874388035634118e+02  8.9846368414467004e-01
2211   1.8759514307975216e+01  1.0912267715841509e+02  1.5881518337339006e+02  8.9846368414467004e-01
2212   1.9406394111698500e+01  1.0898007112431743e+02  1.5895778940748775e+02  8.9846368414467004e-01
2213   2.0053273915421780e+01  1.0883746509021975e+02  1.5910039544158536e+02  8.9846368414467004e-01
2214   2.0376713817283427e+01  1.0876616207317095e+02  1.5917169845863413e+02  8.9846368414467004e-01
2215   1.9000000000000000e+01  1.1194010878009225e+02  1.5599775175171288e+02  9.6094757082487314e-01
2216   1.9333333333333336e+01  1.1191698345786145e+02  1.5602087707394369e+02  9.6094757082487314e-01
2217   1.9999999999999996e+01  1.1187073281339985e+02  1.5606712771840529e+02  9.6094757082487314e-01
2218   2.0666666666666661e+01  1.1182448216893829e+02  1.5611337836286685e+02  9.6094757082487314e-01
2219   2.1000000000000000e+01  1.1180135684670749e+02  1.5613650368509767e+02  9.6094757082487314e-01
2220   1.9000000000000000e+01  1.1325825214724740e+02  1.5467960838455778e+02  1.0000000000000000e+00
2221   1.9333333333333336e+01  1.1325825214724740e+02  1.5467960838455778e+02  1.0000000000000000e+00
2222   2.0000000000000000e+01  1.1325825214724740e+02  1.5467960838455778e+02  1.0000000000000000e+00
2223   2.0666666666666664e+01  1.1325825214724740e+02  1.5467960838455778e+02  1.0000000000000000e+00
2224   2.1000000000000000e+01  1.1325825214724740e+02  1.5467960838455778e+02  1.0000000000000000e+00
2225   0.0000000000000000e+00  1.0424264068711906e+02  1.7253405460951777e+02  1.0000000000000000e+00
2226   0.0000000000000000e+00  1.0400693842672349e+02  1.7276975686991344e+02  1.0000000000000000e+00
2227   0.0000000000000000e+00  1.0353553390593243e+02  1.7324116139070458e+02  1.0000000000000000e+00
2228   0.0000000000000000e+00  1.0306412938514146e+02  1.7371256591149543e+02  1.0000000000000000e+00
2229   0.0000000000000000e+00  1.0282842712474599e+02  1.7394826817189079e+02  1.0000000000000000e+00
2230   1.8641362269829624e+00  1.0424264068711904e+02  1.7253405460951777e+02  9.6094757082487314e-01
2231   1.8968403713159969e+00  1.0400693842672348e+02  1.7276975686991344e+02  9.6094757082487314e-01
2232   1.9622486599820652e+00  1.0353553390593243e+02  1.7324116139070458e+02  9.6094757082487314e-01
2233   2.0276569486481342e+00  1.0306412938514147e+02  1.7371256591149540e+02  9.6094757082487314e-01
2234   2.0603610929811684e+00  1.0282842712474597e+02  1.7394826817189079e+02  9.6094757082487314e-01
2235   5.7477485436690587e+00  1.0464139629864079e+02  1.7213529899799605e+02  8.9846368414467004e-01
2236   5.8485862374176385e+00  1.0441268975072808e+02  1.7236400554590887e+02  8.9846368414467004e-01
2237   6.0502616249147971e+00  1.0395527665490268e+02  1.7282141864173428e+02  8.9846368414467004e-01
2238   6.2519370124119575e+00  1.0349786355907737e+02  1.7327883173755950e+02  8.9846368414467004e-01
2239   6.3527747061605373e+00  1.0326915701116474e+02  1.7350753828547204e+02  8.9846368414467004e-01
2240   1.1265546362339833e+01  1.0655648417848776e+02  1.7022021111814908e+02  8.5160076913451777e-01
2241   1.1463187526591408e+01  1.0636137566355481e+02  1.7041531963308211e+02  8.5160076913451777e-01
2242   1.1858469855094562e+01  1.0597115863368896e+02  1.7080553666294801e+02  8.5160076913451777e-01
2243   1.2253752183597712e+01  1.0558094160382321e+02  1.7119575369281367e+02  8.5160076913451777e-01
2244   1.2451393347849288e+01  1.0538583308889035e+02  1.7139086220774644e+02  8.5160076913451777e-01
2245   1.5727731153297622e+01  1.0971172530308144e+02  1.6706496999355539e+02  8.5160076913451777e-01
2246   1.6003656261250214e+01  1.0957197189559751e+02  1.6720472340103942e+02  8.5160076913451777e-01
2247   1.6555506477155390e+01  1.0929246508062971e+02  1.6748423021600726e+02  8.5160076913451777e-01
2248   1.7107356693060566e+01  1.0901295826566195e+02  1.6776373703097497e+02  8.5160076913451777e-01
2249   1.7383281801013155e+01  1.0887320485817808e+02  1.6790349043845873e+02  8.5160076913451777e-01
2250   1.8436074406113573e+01  1.1361339755787985e+02  1.6316329773875711e+02  8.9846368414467004e-01
2251   1.8759514307975216e+01  1.1354209454083100e+02  1.6323460075580599e+02  8.9846368414467004e-01
2252   1.9406394111698496e+01  1.1339948850673332e+02  1.6337720678990368e+02  8.9846368414467004e-01
2253   2.0053273915421780e+01  1.1325688247263568e+02  1.6351981282400126e+02  8.9846368414467004e-01
2254   2.0376713817283424e+01  1.1318557945558683e+02  1.6359111584105005e+02  8.9846368414467004e-01
2255   1.9000000000000000e+01  1.1635952616250815e+02  1.6041716913412881e+02  9.6094757082487314e-01
2256   1.9333333333333336e+01  1.1633640084027736e+02  1.6044029445635962e+02  9.6094757082487314e-01
2257   1.9999999999999996e+01  1.1629015019581576e+02  1.6048654510082122e+02  9.6094757082487314e-01
2258   2.0666666666666661e+01  1.1624389955135419e+02  1.6053279574528281e+02  9.6094757082487314e-01
2259   2.1000000000000000e+01  1.1622077422912338e+02  1.6055592106751357e+02  9.6094757082487314e-01
2260   1.9000000000000000e+01  1.1767766952966329e+02  1.5909902576697371e+02  1.0000000000000000e+00
2261   1.9333333333333336e+01  1.1767766952966331e+02  1.5909902576697371e+02  1.0000000000000000e+00
2262   2.0000000000000000e+01  1.1767766952966331e+02  1.5909902576697371e+02  1.0000000000000000e+00
2263   2.0666666666666664e+01  1.1767766952966329e+02  1.5909902576697371e+02  1.0000000000000000e+00
2264   2.1000000000000000e+01  1.1767766952966329e+02  1.5909902576697371e+02  1.0000000000000000e+00
2265   0.0000000000000000e+00  1.0866205806953496e+02  1.7695347199193372e+02  1.0000000000000000e+00
2266   0.0000000000000000e+00  1.0842635580913941e+02  1.7718917425232937e+02  1.0000000000000000e+00
2267   0.0000000000000000e+00  1.0795495128834833e+02  1.7766057877312051e+02  1.0000000000000000e+00
2268   0.0000000000000000e+00  1.0748354676755737e+02  1.7813198329391136e+02  1.0000000000000000e+00
2269   0.0000000000000000e+00  1.0724784450716190e+02  1.7836768555430672e+02  1.0000000000000000e+00
2270   1.8641362269829624e+00  1.0866205806953496e+02  1.7695347199193370e+02  9.6094757082487314e-01
2271   1.8968403713159969e+00  1.0842635580913938e+02  1.7718917425232937e+02  9.6094757082487314e-01
2272   1.9622486599820657e+00  1.0795495128834831e+02  1.7766057877312051e+02  9.6094757082487314e-01
2273   2.0276569486481342e+00  1.0748354676755737e+02  1.7813198329391136e+02  9.6094757082487314e-01
2274   2.0603610929811684e+00  1.0724784450716190e+02  1.7836768555430672e+02  9.6094757082487314e-01
2275   5.7477485436690587e+00  1.0906081368105669e+02  1.7655471638041195e+02  8.9846368414467004e-01
2276   5.8485862374176385e+00  1.0883210713314398e+02  1.7678342292832477e+02  8.9846368414467004e-01
2277   6.0502616249147980e+00  1.0837469403731858e+02  1.7724083602415024e+02  8.9846368414467004e-01
2278   6.2519370124119567e+00  1.0791728094149330e+02  1.7769824911997543e+02  8.9846368414467004e-01
2279   6.3527747061605364e+00  1.0768857439358065e+02  1.7792695566788797e+02  8.9846368414467004e-01
2280   1.1265546362339835e+01  1.1097590156090368e+02  1.7463962850056501e+02  8.5160076913451777e-01
2281   1.1463187526591410e+01  1.1078079304597071e+02  1.7483473701549804e+02  8.5160076913451777e-01
2282   1.1858469855094562e+01  1.1039057601610486e+02  1.7522495404536400e+02  8.5160076913451777e-01
2283   1.2253752183597713e+01  1.1000035898623911e+02  1.7561517107522965e+02  8.5160076913451777e-01
2284   1.2451393347849288e+01  1.0980525047130625e+02  1.7581027959016239e+02  8.5160076913451777e-01
2285   1.5727731153297624e+01  1.1413114268549735e+02  1.7148438737597135e+02  8.5160076913451777e-01
2286   1.6003656261250207e+01  1.1399138927801341e+02  1.7162414078345537e+02  8.5160076913451777e-01
2287   1.6555506477155390e+01  1.1371188246304563e+02  1.7190364759842319e+02  8.5160076913451777e-01
2288   1.7107356693060566e+01  1.1343237564807785e+02  1.7218315441339089e+02  8.5160076913451777e-01
2289   1.7383281801013155e+01  1.1329262224059401e+02  1.7232290782087469e+02  8.5160076913451777e-01
2290   1.8436074406113573e+01  1.1803281494029575e+02  1.6758271512117304e+02  8.9846368414467004e-01
2291   1.8759514307975216e+01  1.1796151192324690e+02  1.6765401813822191e+02  8.9846368414467004e-01
2292   1.9406394111698496e+01  1.1781890588914924e+02  1.6779662417231961e+02  8.9846368414467004e-01
2293   2.0053273915421780e+01  1.1767629985505158e+02  1.6793923020641722e+02  8.9846368414467004e-01
2294   2.0376713817283424e+01  1.1760499683800275e+02  1.6801053322346598e+02  8.9846368414467004e-01
2295   1.9000000000000000e+01  1.2077894354492406e+02  1.6483658651654477e+02  9.6094757082487314e-01
2296   1.9333333333333332e+01  1.2075581822269325e+02  1.6485971183877558e+02  9.6094757082487314e-01
2297   1.9999999999999996e+01  1.2070956757823166e+02  1.6490596248323718e+02  9.6094757082487314e-01
2298   2.0666666666666661e+01  1.2066331693377008e+02  1.6495221312769874e+02  9.6094757082487314e-01
2299   2.1000000000000000e+01  1.2064019161153928e+02  1.6497533844992952e+02  9.6094757082487314e-01
2300   1.9000000000000000e+01  1.2209708691207919e+02  1.6351844314938967e+02  1.0000000000000000e+00
2301   1.9333333333333336e+01  1.2209708691207919e+02  1.6351844314938967e+02  1.0000000000000000e+00
2302   2.0000000000000000e+01  1.2209708691207919e+02  1.6351844314938967e+02  1.0000000000000000e+00
2303   2.0666666666666664e+01  1.2209708691207919e+02  1.6351844314938967e+02  1.0000000000000000e+00
2304   2.1000000000000000e+01  1.2209708691207919e+02  1.6351844314938967e+02  1.0000000000000000e+00
2305   0.0000000000000000e+00  1.1308147545195087e+02  1.8137288937434965e+02  1.0000000000000000e+00
2306   0.0000000000000000e+00  1.1284577319155530e+02  1.8160859163474532e+02  1.0000000000000000e+00
2307   0.0000000000000000e+00  1.1237436867076423e+02  1.8207999615553643e+02  1.0000000000000000e+00
2308   0.0000000000000000e+00  1.1190296414997329e+02  1.8255140067632732e+02  1.0000000000000000e+00
2309   0.0000000000000000e+00  1.1166726188957782e+02  1.8278710293672265e+02  1.0000000000000000e+00
2310   1.8641362269829624e+00  1.1308147545195088e+02  1.8137288937434965e+02  9.6094757082487314e-01
2311   1.8968403713159969e+00  1.1284577319155530e+02  1.8160859163474532e+02  9.6094757082487314e-01
2312   1.9622486599820657e+00  1.1237436867076421e+02  1.8207999615553643e+02  9.6094757082487314e-01
2313   2.0276569486481342e+00  1.1190296414997329e+02  1.8255140067632729e+02  9.6094757082487314e-01
2314   2.0603610929811684e+00  1.1166726188957782e+02  1.8278710293672265e+02  9.6094757082487314e-01
2315   5.7477485436690587e+00  1.1348023106347263e+02  1.8097413376282788e+02  8.9846368414467004e-01
2316   5.8485862374176376e+00  1.1325152451555989e+02  1.8120284031074075e+02  8.9846368414467004e-01
2317   6.0502616249147980e+00  1.1279411141973446e+02  1.8166025340656617e+02  8.9846368414467004e-01
2318   6.2519370124119567e+00  1.1233669832390920e+02  1.8211766650239136e+02  8.9846368414467004e-01
2319   6.3527747061605373e+00  1.1210799177599657e+02  1.8234637305030392e+02  8.9846368414467004e-01
2320   1.1265546362339835e+01  1.1539531894331957e+02  1.7905904588298094e+02  8.5160076913451777e-01
2321   1.1463187526591410e+01  1.1520021042838663e+02  1.7925415439791399e+02  8.5160076913451777e-01
2322   1.1858469855094560e+01  1.1480999339852076e+02  1.7964437142777987e+02  8.5160076913451777e-01
2323   1.2253752183597713e+01  1.1441977636865504e+02  1.8003458845764558e+02  8.5160076913451777e-01
2324   1.2451393347849288e+01  1.1422466785372217e+02  1.8022969697257830e+02  8.5160076913451777e-01
2325   1.5727731153297622e+01  1.1855056006791325e+02  1.7590380475838728e+02  8.5160076913451777e-01
2326   1.6003656261250214e+01  1.1841080666042933e+02  1.7604355816587127e+02  8.5160076913451777e-01
2327   1.6555506477155390e+01  1.1813129984546150e+02  1.7632306498083912e+02  8.5160076913451777e-01
2328   1.7107356693060566e+01  1.1785179303049375e+02  1.7660257179580680e+02  8.5160076913451777e-01
2329   1.7383281801013155e+01  1.1771203962300991e+02  1.7674232520329062e+02  8.5160076913451777e-01
2330   1.8436074406113573e+01  1.2245223232271165e+02  1.7200213250358897e+02  8.9846368414467004e-01
2331   1.8759514307975216e+01  1.2238092930566280e+02  1.7207343552063787e+02  8.9846368414467004e-01
2332   1.9406394111698500e+01  1.2223832327156512e+02  1.7221604155473557e+02  8.9846368414467004e-01
2333   2.0053273915421780e+01  1.2209571723746747e+02  1.7235864758883318e+02  8.9846368414467004e-01
2334   2.0376713817283427e+01  1.2202441422041865e+02  1.7242995060588194e+02  8.9846368414467004e-01
2335   1.9000000000000000e+01  1.2519836092733995e+02  1.6925600389896070e+02  9.6094757082487314e-01
2336   1.9333333333333332e+01  1.2517523560510915e+02  1.6927912922119151e+02  9.6094757082487314e-01
2337   1.9999999999999996e+01  1.2512898496064756e+02  1.6932537986565310e+02  9.6094757082487314e-01
2338   2.0666666666666661e+01  1.2508273431618598e+02  1.6937163051011467e+02  9.6094757082487314e-01
2339   2.1000000000000004e+01  1.2505960899395519e+02  1.6939475583234545e+02  9.6094757082487314e-01
2340   1.9000000000000000e+01  1.2651650429449509e+02  1.6793786053180560e+02  1.0000000000000000e+00
2341   1.9333333333333336e+01  1.2651650429449509e+02  1.6793786053180560e+02  1.0000000000000000e+00
2342   2.0000000000000000e+01  1.2651650429449509e+02  1.6793786053180560e+02  1.0000000000000000e+00
2343   2.0666666666666664e+01  1.2651650429449509e+02  1.6793786053180560e+02  1.0000000000000000e+00
2344   2.1000000000000000e+01  1.2651650429449509e+02  1.6793786053180560e+02  1.0000000000000000e+00
2345   0.0000000000000000e+00  1.1750089283436679e+02  1.8579230675676558e+02  1.0000000000000000e+00
2346   0.0000000000000000e+00  1.1726519057397121e+02  1.8602800901716125e+02  1.0000000000000000e+00
2347   0.0000000000000000e+00  1.1679378605318013e+02  1.8649941353795239e+02  1.0000000000000000e+00
2348   0.0000000000000000e+00  1.1632238153238919e+02  1.8697081805874325e+02  1.0000000000000000e+00
2349   0.0000000000000000e+00  1.1608667927199375e+02  1.8720652031913858e+02  1.0000000000000000e+00
2350   1.8641362269829624e+00  1.1750089283436678e+02  1.8579230675676556e+02  9.6094757082487314e-01
2351   1.8968403713159969e+00  1.1726519057397121e+02  1.8602800901716122e+02  9.6094757082487314e-01
2352   1.9622486599820654e+00  1.1679378605318011e+02  1.8649941353795236e+02  9.6094757082487314e-01
2353   2.0276569486481342e+00  1.1632238153238919e+02  1.8697081805874322e+02  9.6094757082487314e-01
2354   2.0603610929811684e+00  1.1608667927199372e+02  1.8720652031913860e+02  9.6094757082487314e-01
2355   5.7477485436690587e+00  1.1789964844588853e+02  1.8539355114524380e+02  8.9846368414467004e-01
2356   5.8485862374176385e+00  1.1767094189797579e+02  1.8562225769315666e+02  8.9846368414467004e-01
2357   6.0502616249147971e+00  1.1721352880215038e+02  1.8607967078898216e+02  8.9846368414467004e-01
2358   6.2519370124119567e+00  1.1675611570632510e+02  1.8653708388480732e+02  8.9846368414467004e-01
2359   6.3527747061605373e+00  1.1652740915841247e+02  1.8676579043271985e+02  8.9846368414467004e-01
2360   1.1265546362339833e+01  1.1981473632573547e+02  1.8347846326539687e+02  8.5160076913451777e-01
2361   1.1463187526591410e+01  1.1961962781080253e+02  1.8367357178032992e+02  8.5160076913451777e-01
2362   1.1858469855094562e+01  1.1922941078093665e+02  1.8406378881019586e+02  8.5160076913451777e-01
2363   1.2253752183597713e+01  1.1883919375107092e+02  1.8445400584006151e+02  8.5160076913451777e-01
2364   1.2451393347849288e+01  1.1864408523613807e+02  1.8464911435499425e+02  8.5160076913451777e-01
2365   1.5727731153297624e+01  1.2296997745032918e+02  1.8032322214080324e+02  8.5160076913451765e-01
2366   1.6003656261250207e+01  1.2283022404284523e+02  1.8046297554828723e+02  8.5160076913451777e-01
2367   1.6555506477155390e+01  1.2255071722787741e+02  1.8074248236325508e+02  8.5160076913451777e-01
2368   1.7107356693060566e+01  1.2227121041290967e+02  1.8102198917822278e+02  8.5160076913451765e-01
2369   1.7383281801013158e+01  1.2213145700542584e+02  1.8116174258570658e+02  8.5160076913451765e-01
2370   1.8436074406113573e+01  1.2687164970512757e+02  1.7642154988600493e+02  8.9846368414467004e-01
2371   1.8759514307975216e+01  1.2680034668807870e+02  1.7649285290305380e+02  8.9846368414467004e-01
2372   1.9406394111698496e+01  1.2665774065398102e+02  1.7663545893715150e+02  8.9846368414467004e-01
2373   2.0053273915421784e+01  1.2651513461988337e+02  1.7677806497124911e+02  8.9846368414467004e-01
2374   2.0376713817283424e+01  1.2644383160283455e+02  1.7684936798829787e+02  8.9846368414467004e-01
2375   1.9000000000000000e+01  1.2961777830975583e+02  1.7367542128137666e+02  9.6094757082487314e-01
2376   1.9333333333333332e+01  1.2959465298752505e+02  1.7369854660360747e+02  9.6094757082487314e-01
2377   1.9999999999999996e+01  1.2954840234306346e+02  1.7374479724806906e+02  9.6094757082487314e-01
2378   2.0666666666666661e+01  1.2950215169860186e+02  1.7379104789253063e+02  9.6094757082487314e-01
2379   2.1000000000000000e+01  1.2947902637637108e+02  1.7381417321476138e+02  9.6094757082487314e-01
2380   1.9000000000000000e+01  1.3093592167691097e+02  1.7235727791422156e+02  1.0000000000000000e+00
2381   1.9333333333333336e+01  1.3093592167691099e+02  1.7235727791422156e+02  1.0000000000000000e+00
2382   2.0000000000000000e+01  1.3093592167691099e+02  1.7235727791422156e+02  1.0000000000000000e+00
2383   2.0666666666666664e+01  1.3093592167691097e+02  1.7235727791422156e+02  1.0000000000000000e+00
2384   2.1000000000000000e+01  1.3093592167691097e+02  1.7235727791422156e+02  1.0000000000000000e+00
2385   0.0000000000000000e+00  1.2192031021678270e+02  1.9021172413918151e+02  1.0000000000000000e+00
2386   0.0000000000000000e+00  1.2168460795638711e+02  1.9044742639957718e+02  1.0000000000000000e+00
2387   0.0000000000000000e+00  1.2121320343559601e+02  1.9091883092036832e+02  1.0000000000000000e+00
2388   0.0000000000000000e+00  1.2074179891480509e+02  1.9139023544115918e+02  1.0000000000000000e+00
2389   0.0000000000000000e+00  1.2050609665440966e+02  1.9162593770155451e+02  1.0000000000000000e+00
2390   1.8641362269829624e+00  1.2192031021678268e+02  1.9021172413918148e+02  9.6094757082487314e-01
2391   1.8968403713159969e+00  1.2168460795638710e+02  1.9044742639957718e+02  9.6094757082487314e-01
2392   1.9622486599820654e+00  1.2121320343559601e+02  1.9091883092036829e+02  9.6094757082487314e-01
2393   2.0276569486481342e+00  1.2074179891480509e+02  1.9139023544115918e+02  9.6094757082487314e-01
2394   2.0603610929811684e+00  1.2050609665440963e+02  1.9162593770155451e+02  9.6094757082487314e-01
2395   5.7477485436690587e+00  1.2231906582830443e+02  1.8981296852765976e+02  8.9846368414467004e-01
2396   5.8485862374176376e+00  1.2209035928039170e+02  1.9004167507557258e+02  8.9846368414467004e-01
2397   6.0502616249147971e+00  1.2163294618456626e+02  1.9049908817139806e+02  8.9846368414467004e-01
2398   6.2519370124119567e+00  1.2117553308874101e+02  1.9095650126722325e+02  8.9846368414467004e-01
2399   6.3527747061605364e+00  1.2094682654082840e+02  1.9118520781513578e+02  8.9846368414467004e-01
2400   1.1265546362339833e+01  1.2423415370815140e+02  1.8789788064781280e+02  8.5160076913451777e-01
2401   1.1463187526591408e+01  1.2403904519321844e+02  1.8809298916274585e+02  8.5160076913451777e-01
2402   1.1858469855094560e+01  1.2364882816335255e+02  1.8848320619261179e+02  8.5160076913451777e-01
2403   1.2253752183597712e+01  1.2325861113348682e+02  1.8887342322247744e+02  8.5160076913451777e-01
2404   1.2451393347849285e+01  1.2306350261855400e+02  1.8906853173741015e+02  8.5160076913451777e-01
2405   1.5727731153297622e+01  1.2738939483274505e+02  1.8474263952321914e+02  8.5160076913451777e-01
2406   1.6003656261250214e+01  1.2724964142526113e+02  1.8488239293070316e+02  8.5160076913451777e-01
2407   1.6555506477155390e+01  1.2697013461029331e+02  1.8516189974567101e+02  8.5160076913451777e-01
2408   1.7107356693060566e+01  1.2669062779532555e+02  1.8544140656063868e+02  8.5160076913451777e-01
2409   1.7383281801013155e+01  1.2655087438784172e+02  1.8558115996812248e+02  8.5160076913451777e-01
2410   1.8436074406113573e+01  1.3129106708754344e+02  1.8084096726842088e+02  8.9846368414467004e-01
2411   1.8759514307975216e+01  1.3121976407049459e+02  1.8091227028546973e+02  8.9846368414467004e-01
2412   1.9406394111698500e+01  1.3107715803639692e+02  1.8105487631956746e+02  8.9846368414467004e-01
2413   2.0053273915421780e+01  1.3093455200229926e+02  1.8119748235366507e+02  8.9846368414467004e-01
2414   2.0376713817283424e+01  1.3086324898525046e+02  1.8126878537071383e+02  8.9846368414467004e-01
2415   1.9000000000000000e+01  1.3403719569217174e+02  1.7809483866379261e+02  9.6094757082487314e-01
2416   1.9333333333333332e+01  1.3401407036994092e+02  1.7811796398602340e+02  9.6094757082487314e-01
2417   1.9999999999999996e+01  1.3396781972547933e+02  1.7816421463048499e+02  9.6094757082487314e-01
2418   2.0666666666666661e+01  1.3392156908101774e+02  1.7821046527494656e+02  9.6094757082487314e-01
2419   2.1000000000000000e+01  1.3389844375878698e+02  1.7823359059717737e+02  9.6094757082487314e-01
2420   1.9000000000000000e+01  1.3535533905932687e+02  1.7677669529663748e+02  1.0000000000000000e+00
2421   1.9333333333333336e+01  1.3535533905932687e+02  1.7677669529663748e+02  1.0000000000000000e+00
2422   2.0000000000000000e+01  1.3535533905932687e+02  1.7677669529663748e+02  1.0000000000000000e+00
2423   2.0666666666666664e+01  1.3535533905932687e+02  1.7677669529663748e+02  1.0000000000000000e+00
2424   2.1000000000000000e+01  1.3535533905932687e+02  1.7677669529663748e+02  1.0000000000000000e+00
2425   0.0000000000000000e+00  1.2633972759919860e+02  1.9463114152159744e+02  1.0000000000000000e+00
2426   0.0000000000000000e+00  1.2610402533880301e+02  1.9486684378199311e+02  1.0000000000000000e+00
2427   0.0000000000000000e+00  1.2563262081801190e+02  1.9533824830278428e+02  1.0000000000000000e+00
2428   0.0000000000000000e+00  1.2516121629722102e+02  1.9580965282357511e+02  1.0000000000000000e+00
2429   0.0000000000000000e+00  1.2492551403682558e+02  1.9604535508397043e+02  1.0000000000000000e+00
2430   1.8641362269829624e+00  1.2633972759919861e+02  1.9463114152159744e+02  9.6094757082487314e-01
2431   1.8968403713159969e+00  1.2610402533880300e+02  1.9486684378199311e+02  9.6094757082487314e-01
2432   1.9622486599820654e+00  1.2563262081801190e+02  1.9533824830278428e+02  9.6094757082487314e-01
2433   2.0276569486481342e+00  1.2516121629722099e+02  1.9580965282357508e+02  9.6094757082487314e-01
2434   2.0603610929811684e+00  1.2492551403682556e+02  1.9604535508397046e+02  9.6094757082487314e-01
2435   5.7477485436690587e+00  1.2673848321072036e+02  1.9423238591007569e+02  8.9846368414467004e-01
2436   5.8485862374176376e+00  1.2650977666280761e+02  1.9446109245798851e+02  8.9846368414467004e-01
2437   6.0502616249147980e+00  1.2605236356698217e+02  1.9491850555381401e+02  8.9846368414467004e-01
2438   6.2519370124119575e+00  1.2559495047115692e+02  1.9537591864963917e+02  8.9846368414467004e-01
2439   6.3527747061605373e+00  1.2536624392324431e+02  1.9560462519755171e+02  8.9846368414467004e-01
2440   1.1265546362339833e+01  1.2865357109056728e+02  1.9231729803022873e+02  8.5160076913451777e-01
2441   1.1463187526591410e+01  1.2845846257563434e+02  1.9251240654516178e+02  8.5160076913451777e-01
2442   1.1858469855094560e+01  1.2806824554576843e+02  1.9290262357502772e+02  8.5160076913451777e-01
2443   1.2253752183597712e+01  1.2767802851590274e+02  1.9329284060489337e+02  8.5160076913451777e-01
2444   1.2451393347849288e+01  1.2748292000096991e+02  1.9348794911982608e+02  8.5160076913451777e-01
2445   1.5727731153297624e+01  1.3180881221516100e+02  1.8916205690563510e+02  8.5160076913451765e-01
2446   1.6003656261250210e+01  1.3166905880767703e+02  1.8930181031311909e+02  8.5160076913451777e-01
2447   1.6555506477155390e+01  1.3138955199270922e+02  1.8958131712808699e+02  8.5160076913451777e-01
2448   1.7107356693060566e+01  1.3111004517774148e+02  1.8986082394305464e+02  8.5160076913451765e-01
2449   1.7383281801013158e+01  1.3097029177025766e+02  1.9000057735053844e+02  8.5160076913451765e-01
2450   1.8436074406113573e+01  1.3571048446995934e+02  1.8526038465083678e+02  8.9846368414467004e-01
2451   1.8759514307975216e+01  1.3563918145291049e+02  1.8533168766788566e+02  8.9846368414467004e-01
2452   1.9406394111698496e+01  1.3549657541881280e+02  1.8547429370198341e+02  8.9846368414467004e-01
2453   2.0053273915421780e+01  1.3535396938471516e+02  1.8561689973608097e+02  8.9846368414467004e-01
2454   2.0376713817283427e+01  1.3528266636766637e+02  1.8568820275312976e+02  8.9846368414467004e-01
2455   1.9000000000000000e+01  1.3845661307458761e+02  1.8251425604620852e+02  9.6094757082487314e-01
2456   1.9333333333333332e+01  1.3843348775235683e+02  1.8253738136843933e+02  9.6094757082487314e-01
2457   1.9999999999999996e+01  1.3838723710789520e+02  1.8258363201290095e+02  9.6094757082487314e-01
2458   2.0666666666666661e+01  1.3834098646343367e+02  1.8262988265736251e+02  9.6094757082487314e-01
2459   2.1000000000000000e+01  1.3831786114120288e+02  1.8265300797959327e+02  9.6094757082487314e-01
2460   1.9000000000000000e+01  1.3977475644174277e+02  1.8119611267905344e+02  1.0000000000000000e+00
2461   1.9333333333333336e+01  1.3977475644174280e+02  1.8119611267905344e+02  1.0000000000000000e+00
2462   2.0000000000000000e+01  1.3977475644174280e+02  1.8119611267905344e+02  1.0000000000000000e+00
2463   2.0666666666666664e+01  1.3977475644174277e+02  1.8119611267905344e+02  1.0000000000000000e+00
2464   2.1000000000000000e+01  1.3977475644174277e+02  1.8119611267905344e+02  1.0000000000000000e+00
2465   0.0000000000000000e+00  1.3075914498161453e+02  1.9905055890401337e+02  1.0000000000000000e+00
2466   0.0000000000000000e+00  1.3052344272121891e+02  1.9928626116440904e+02  1.0000000000000000e+00
2467   0.0000000000000000e+00  1.3005203820042780e+02  1.9975766568520021e+02  1.0000000000000000e+00
2468   0.0000000000000000e+00  1.2958063367963692e+02  2.0022907020599106e+02  1.0000000000000000e+00
2469   0.0000000000000000e+00  1.2934493141924150e+02  2.0046477246638636e+02  1.0000000000000000e+00
2470   1.8641362269829624e+00  1.3075914498161453e+02  1.9905055890401340e+02  9.6094757082487314e-01
2471   1.8968403713159969e+00  1.3052344272121891e+02  1.9928626116440907e+02  9.6094757082487314e-01
2472   1.9622486599820654e+00  1.3005203820042780e+02  1.9975766568520021e+02  9.6094757082487314e-01
2473   2.0276569486481342e+00  1.2958063367963692e+02  2.0022907020599104e+02  9.6094757082487314e-01
2474   2.0603610929811684e+00  1.2934493141924148e+02  2.0046477246638636e+02  9.6094757082487314e-01
2475   5.7477485436690587e+00  1.3115790059313625e+02  1.9865180329249162e+02  8.9846368414467004e-01
2476   5.8485862374176376e+00  1.3092919404522351e+02  1.9888050984040444e+02  8.9846368414467004e-01
2477   6.0502616249147971e+00  1.3047178094939807e+02  1.9933792293622997e+02  8.9846368414467004e-01
2478   6.2519370124119575e+00  1.3001436785357285e+02  1.9979533603205510e+02  8.9846368414467004e-01
2479   6.3527747061605373e+00  1.2978566130566023e+02  2.0002404257996767e+02  8.9846368414467004e-01
2480   1.1265546362339835e+01  1.3307298847298321e+02  1.9673671541264466e+02  8.5160076913451777e-01
2481   1.1463187526591410e+01  1.3287787995805022e+02  1.9693182392757771e+02  8.5160076913451777e-01
2482   1.1858469855094562e+01  1.3248766292818433e+02  1.9732204095744365e+02  8.5160076913451777e-01
2483   1.2253752183597712e+01  1.3209744589831865e+02  1.9771225798730930e+02  8.5160076913451777e-01
2484   1.2451393347849288e+01  1.3190233738338583e+02  1.9790736650224201e+02  8.5160076913451777e-01
2485   1.5727731153297622e+01  1.3622822959757687e+02  1.9358147428805100e+02  8.5160076913451777e-01
2486   1.6003656261250214e+01  1.3608847619009293e+02  1.9372122769553502e+02  8.5160076913451777e-01
2487   1.6555506477155390e+01  1.3580896937512509e+02  1.9400073451050292e+02  8.5160076913451777e-01
2488   1.7107356693060566e+01  1.3552946256015736e+02  1.9428024132547054e+02  8.5160076913451777e-01
2489   1.7383281801013155e+01  1.3538970915267356e+02  1.9441999473295434e+02  8.5160076913451777e-01
2490   1.8436074406113573e+01  1.4012990185237524e+02  1.8967980203325271e+02  8.9846368414467004e-01
2491   1.8759514307975216e+01  1.4005859883532639e+02  1.8975110505030162e+02  8.9846368414467004e-01
2492   1.9406394111698496e+01  1.3991599280122870e+02  1.8989371108439934e+02  8.9846368414467004e-01
2493   2.0053273915421784e+01  1.3977338676713106e+02  1.9003631711849695e+02  8.9846368414467004e-01
2494   2.0376713817283427e+01  1.3970208375008224e+02  1.9010762013554569e+02  8.9846368414467004e-01
2495   1.9000000000000000e+01  1.4287603045700351e+02  1.8693367342862447e+02  9.6094757082487314e-01
2496   1.9333333333333332e+01  1.4285290513477273e+02  1.8695679875085526e+02  9.6094757082487314e-01
2497   1.9999999999999996e+01  1.4280665449031113e+02  1.8700304939531688e+02  9.6094757082487314e-01
2498   2.0666666666666661e+01  1.4276040384584957e+02  1.8704930003977844e+02  9.6094757082487314e-01
2499   2.1000000000000000e+01  1.4273727852361876e+02  1.8707242536200923e+02  9.6094757082487314e-01
2500   1.9000000000000000e+01  1.4419417382415867e+02  1.8561553006146937e+02  1.0000000000000000e+00
2501   1.9333333333333336e+01  1.4419417382415867e+02  1.8561553006146937e+02  1.0000000000000000e+00
2502   2.0000000000000000e+01  1.4419417382415867e+02  1.8561553006146937e+02  1.0000000000000000e+00
2503   2.0666666666666664e+01  1.4419417382415867e+02  1.8561553006146937e+02  1.0000000000000000e+00
2504   2.1000000000000000e+01  1.4419417382415867e+02  1.8561553006146937e+02  1.0000000000000000e+00
2505   0.0000000000000000e+00  1.3517856236403043e+02  2.0346997628642933e+02  1.0000000000000000e+00
2506   0.0000000000000000e+00  1.3494286010363481e+02  2.0370567854682500e+02  1.0000000000000000e+00
2507   0.0000000000000000e+00  1.3447145558284370e+02  2.0417708306761614e+02  1.0000000000000000e+00
2508   0.0000000000000000e+00  1.3400005106205282e+02  2.0464848758840697e+02  1.0000000000000000e+00
2509   0.0000000000000000e+00  1.3376434880165741e+02  2.0488418984880232e+02  1.0000000000000000e+00
2510   1.8641362269829624e+00  1.3517856236403043e+02  2.0346997628642930e+02  9.6094757082487314e-01
2511   1.8968403713159969e+00  1.3494286010363481e+02  2.0370567854682497e+02  9.6094757082487314e-01
2512   1.9622486599820654e+00  1.3447145558284370e+02  2.0417708306761614e+02  9.6094757082487314e-01
2513   2.0276569486481342e+00  1.3400005106205282e+02  2.0464848758840699e+02  9.6094757082487314e-01
2514   2.0603610929811684e+00  1.3376434880165741e+02  2.0488418984880232e+02  9.6094757082487314e-01
2515   5.7477485436690587e+00  1.3557731797555218e+02  2.0307122067490755e+02  8.9846368414467004e-01
2516   5.8485862374176385e+00  1.3534861142763941e+02  2.0329992722282040e+02  8.9846368414467004e-01
2517   6.0502616249147980e+00  1.3489119833181397e+02  2.0375734031864590e+02  8.9846368414467004e-01
2518   6.2519370124119575e+00  1.3443378523598875e+02  2.0421475341447106e+02  8.9846368414467004e-01
2519   6.3527747061605382e+00  1.3420507868807616e+02  2.0444345996238357e+02  8.9846368414467004e-01
2520   1.1265546362339833e+01  1.3749240585539911e+02  2.0115613279506061e+02  8.5160076913451777e-01
2521   1.1463187526591410e+01  1.3729729734046614e+02  2.0135124130999367e+02  8.5160076913451777e-01
2522   1.1858469855094560e+01  1.3690708031060026e+02  2.0174145833985961e+02  8.5160076913451777e-01
2523   1.2253752183597712e+01  1.3651686328073455e+02  2.0213167536972526e+02  8.5160076913451777e-01
2524   1.2451393347849288e+01  1.3632175476580173e+02  2.0232678388465797e+02  8.5160076913451777e-01
2525   1.5727731153297622e+01  1.4064764697999277e+02  1.9800089167046696e+02  8.5160076913451777e-01
2526   1.6003656261250214e+01  1.4050789357250883e+02  1.9814064507795095e+02  8.5160076913451777e-01
2527   1.6555506477155390e+01  1.4022838675754099e+02  1.9842015189291885e+02  8.5160076913451777e-01
2528   1.7107356693060563e+01  1.3994887994257326e+02  1.9869965870788647e+02  8.5160076913451777e-01
2529   1.7383281801013155e+01  1.3980912653508946e+02  1.9883941211537027e+02  8.5160076913451777e-01
2530   1.8436074406113573e+01  1.4454931923479114e+02  1.9409921941566870e+02  8.9846368414467004e-01
2531   1.8759514307975216e+01  1.4447801621774229e+02  1.9417052243271755e+02  8.9846368414467004e-01
2532   1.9406394111698500e+01  1.4433541018364463e+02  1.9431312846681527e+02  8.9846368414467004e-01
2533   2.0053273915421780e+01  1.4419280414954696e+02  1.9445573450091288e+02  8.9846368414467004e-01
2534   2.0376713817283424e+01  1.4412150113249814e+02  1.9452703751796165e+02  8.9846368414467004e-01
2535   1.9000000000000000e+01  1.4729544783941941e+02  1.9135309081104040e+02  9.6094757082487314e-01
2536   1.9333333333333332e+01  1.4727232251718863e+02  1.9137621613327119e+02  9.6094757082487314e-01
2537   1.9999999999999996e+01  1.4722607187272703e+02  1.9142246677773281e+02  9.6094757082487314e-01
2538   2.0666666666666661e+01  1.4717982122826547e+02  1.9146871742219437e+02  9.6094757082487314e-01
2539   2.1000000000000000e+01  1.4715669590603466e+02  1.9149184274442516e+02  9.6094757082487314e-01
2540   1.9000000000000000e+01  1.4861359120657454e+02  1.9003494744388530e+02  1.0000000000000000e+00
2541   1.9333333333333336e+01  1.4861359120657457e+02  1.9003494744388530e+02  1.0000000000000000e+00
2542   2.0000000000000000e+01  1.4861359120657457e+02  1.9003494744388530e+02  1.0000000000000000e+00
2543   2.0666666666666664e+01  1.4861359120657454e+02  1.9003494744388530e+02  1.0000000000000000e+00
2544   2.1000000000000000e+01  1.4861359120657454e+02  1.9003494744388530e+02  1.0000000000000000e+00
2545   0.0000000000000000e+00  1.3959797974644636e+02  2.0788939366884523e+02  1.0000000000000000e+00
2546   0.0000000000000000e+00  1.3936227748605074e+02  2.0812509592924090e+02  1.0000000000000000e+00
2547   0.0000000000000000e+00  1.3889087296525960e+02  2.0859650045003210e+02  1.0000000000000000e+00
2548   0.0000000000000000e+00  1.3841946844446872e+02  2.0906790497082292e+02  1.0000000000000000e+00
2549   0.0000000000000000e+00  1.3818376618407333e+02  2.0930360723121822e+02  1.0000000000000000e+00
2550   1.8641362269829624e+00  1.3959797974644633e+02  2.0788939366884526e+02  9.6094757082487314e-01
2551   1.8968403713159969e+00  1.3936227748605071e+02  2.0812509592924093e+02  9.6094757082487314e-01
2552   1.9622486599820652e+00  1.3889087296525960e+02  2.0859650045003207e+02  9.6094757082487314e-01
2553   2.0276569486481342e+00  1.3841946844446875e+02  2.0906790497082292e+02  9.6094757082487314e-01
2554   2.0603610929811684e+00  1.3818376618407331e+02  2.0930360723121825e+02  9.6094757082487314e-01
2555   5.7477485436690587e+00  1.3999673535796808e+02  2.0749063805732351e+02  8.9846368414467004e-01
2556   5.8485862374176376e+00  1.3976802881005531e+02  2.0771934460523633e+02  8.9846368414467004e-01
2557   6.0502616249147971e+00  1.3931061571422984e+02  2.0817675770106183e+02  8.9846368414467004e-01
2558   6.2519370124119567e+00  1.3885320261840465e+02  2.0863417079688702e+02  8.9846368414467004e-01
2559   6.3527747061605382e+00  1.3862449607049206e+02  2.0886287734479950e+02  8.9846368414467004e-01
2560   1.1265546362339835e+01  1.4191182323781504e+02  2.0557555017747654e+02  8.5160076913451777e-01
2561   1.1463187526591410e+01  1.4171671472288205e+02  2.0577065869240960e+02  8.5160076913451777e-01
2562   1.1858469855094560e+01  1.4132649769301614e+02  2.0616087572227553e+02  8.5160076913451777e-01
2563   1.2253752183597712e+01  1.4093628066315046e+02  2.0655109275214119e+02  8.5160076913451777e-01
2564   1.2451393347849288e+01  1.4074117214821766e+02  2.0674620126707396e+02  8.5160076913451777e-01
2565   1.5727731153297622e+01  1.4506706436240867e+02  2.0242030905288291e+02  8.5160076913451777e-01
2566   1.6003656261250214e+01  1.4492731095492471e+02  2.0256006246036691e+02  8.5160076913451777e-01
2567   1.6555506477155390e+01  1.4464780413995689e+02  2.0283956927533478e+02  8.5160076913451777e-01
2568   1.7107356693060566e+01  1.4436829732498916e+02  2.0311907609030243e+02  8.5160076913451777e-01
2569   1.7383281801013155e+01  1.4422854391750536e+02  2.0325882949778619e+02  8.5160076913451777e-01
2570   1.8436074406113573e+01  1.4896873661720704e+02  1.9851863679808463e+02  8.9846368414467004e-01
2571   1.8759514307975216e+01  1.4889743360015819e+02  1.9858993981513350e+02  8.9846368414467004e-01
2572   1.9406394111698500e+01  1.4875482756606050e+02  1.9873254584923120e+02  8.9846368414467004e-01
2573   2.0053273915421780e+01  1.4861222153196286e+02  1.9887515188332881e+02  8.9846368414467004e-01
2574   2.0376713817283424e+01  1.4854091851491404e+02  1.9894645490037760e+02  8.9846368414467004e-01
2575   1.9000000000000000e+01  1.5171486522183531e+02  1.9577250819345636e+02  9.6094757082487314e-01
2576   1.9333333333333332e+01  1.5169173989960450e+02  1.9579563351568717e+02  9.6094757082487314e-01
2577   1.9999999999999996e+01  1.5164548925514291e+02  1.9584188416014874e+02  9.6094757082487314e-01
2578   2.0666666666666661e+01  1.5159923861068134e+02  1.9588813480461033e+02  9.6094757082487314e-01
2579   2.1000000000000000e+01  1.5157611328845056e+02  1.9591126012684109e+02  9.6094757082487314e-01
2580   1.9000000000000000e+01  1.5303300858899044e+02  1.9445436482630123e+02  1.0000000000000000e+00
2581   1.9333333333333336e+01  1.5303300858899047e+02  1.9445436482630123e+02  1.0000000000000000e+00
2582   2.0000000000000000e+01  1.5303300858899047e+02  1.9445436482630123e+02  1.0000000000000000e+00
2583   2.0666666666666664e+01  1.5303300858899044e+02  1.9445436482630123e+02  1.0000000000000000e+00
2584   2.1000000000000000e+01  1.5303300858899044e+02  1.9445436482630123e+02  1.0000000000000000e+00
2585   0.0000000000000000e+00  1.4401739712886226e+02  2.1230881105126116e+02  1.0000000000000000e+00
2586   0.0000000000000000e+00  1.4378169486846664e+02  2.1254451331165686e+02  1.0000000000000000e+00
2587   0.0000000000000000e+00  1.4331029034767550e+02  2.1301591783244803e+02  1.0000000000000000e+00
2588   0.0000000000000000e+00  1.4283888582688462e+02  2.1348732235323888e+02  1.0000000000000000e+00
2589   0.0000000000000000e+00  1.4260318356648924e+02  2.1372302461363418e+02  1.0000000000000000e+00
2590   1.8641362269829624e+00  1.4401739712886226e+02  2.1230881105126119e+02  9.6094757082487314e-01
2591   1.8968403713159969e+00  1.4378169486846662e+02  2.1254451331165686e+02  9.6094757082487314e-01
2592   1.9622486599820654e+00  1.4331029034767548e+02  2.1301591783244803e+02  9.6094757082487314e-01
2593   2.0276569486481342e+00  1.4283888582688465e+02  2.1348732235323882e+02  9.6094757082487314e-01
2594   2.0603610929811684e+00  1.4260318356648924e+02  2.1372302461363421e+02  9.6094757082487314e-01
2595   5.7477485436690587e+00  1.4441615274038398e+02  2.1191005543973944e+02  8.9846368414467004e-01
2596   5.8485862374176376e+00  1.4418744619247121e+02  2.1213876198765229e+02  8.9846368414467004e-01
2597   6.0502616249147980e+00  1.4373003309664574e+02  2.1259617508347776e+02  8.9846368414467004e-01
2598   6.2519370124119575e+00  1.4327262000082055e+02  2.1305358817930295e+02  8.9846368414467004e-01
2599   6.3527747061605382e+00  1.4304391345290799e+02  2.1328229472721543e+02  8.9846368414467004e-01
2600   1.1265546362339835e+01  1.4633124062023094e+02  2.0999496755989247e+02  8.5160076913451777e-01
2601   1.1463187526591410e+01  1.4613613210529795e+02  2.1019007607482553e+02  8.5160076913451777e-01
2602   1.1858469855094562e+01  1.4574591507543204e+02  2.1058029310469146e+02  8.5160076913451777e-01
2603   1.2253752183597712e+01  1.4535569804556636e+02  2.1097051013455712e+02  8.5160076913451777e-01
2604   1.2451393347849288e+01  1.4516058953063356e+02  2.1116561864948989e+02  8.5160076913451777e-01
2605   1.5727731153297624e+01  1.4948648174482460e+02  2.0683972643529884e+02  8.5160076913451765e-01
2606   1.6003656261250214e+01  1.4934672833734061e+02  2.0697947984278287e+02  8.5160076913451777e-01
2607   1.6555506477155390e+01  1.4906722152237276e+02  2.0725898665775071e+02  8.5160076913451777e-01
2608   1.7107356693060566e+01  1.4878771470740509e+02  2.0753849347271839e+02  8.5160076913451765e-01
2609   1.7383281801013158e+01  1.4864796129992126e+02  2.0767824688020221e+02  8.5160076913451765e-01
2610   1.8436074406113573e+01  1.5338815399962292e+02  2.0293805418050056e+02  8.9846368414467004e-01
2611   1.8759514307975216e+01  1.5331685098257407e+02  2.0300935719754943e+02  8.9846368414467004e-01
2612   1.9406394111698500e+01  1.5317424494847637e+02  2.0315196323164719e+02  8.9846368414467004e-01
2613   2.0053273915421780e+01  1.5303163891437873e+02  2.0329456926574474e+02  8.9846368414467004e-01
2614   2.0376713817283424e+01  1.5296033589732994e+02  2.0336587228279350e+02  8.9846368414467004e-01
2615   1.9000000000000000e+01  1.5613428260425121e+02  2.0019192557587229e+02  9.6094757082487314e-01
2616   1.9333333333333332e+01  1.5611115728202040e+02  2.0021505089810310e+02  9.6094757082487314e-01
2617   1.9999999999999996e+01  1.5606490663755878e+02  2.0026130154256469e+02  9.6094757082487314e-01
2618   2.0666666666666661e+01  1.5601865599309721e+02  2.0030755218702626e+02  9.6094757082487314e-01
2619   2.1000000000000000e+01  1.5599553067086643e+02  2.0033067750925701e+02  9.6094757082487314e-01
2620   1.9000000000000000e+01  1.5745242597140634e+02  1.9887378220871719e+02  1.0000000000000000e+00
2621   1.9333333333333336e+01  1.5745242597140634e+02  1.9887378220871719e+02  1.0000000000000000e+00
2622   2.0000000000000000e+01  1.5745242597140634e+02  1.9887378220871719e+02  1.0000000000000000e+00
2623   2.0666666666666664e+01  1.5745242597140634e+02  1.9887378220871719e+02  1.0000000000000000e+00
2624   2.1000000000000000e+01  1.5745242597140634e+02  1.9887378220871719e+02  1.0000000000000000e+00
2625   0.0000000000000000e+00  1.4843681451127816e+02  2.1672822843367712e+02  1.0000000000000000e+00
2626   0.0000000000000000e+00  1.4820111225088252e+02  2.1696393069407281e+02  1.0000000000000000e+00
2627   0.0000000000000000e+00  1.4772970773009138e+02  2.1743533521486395e+02  1.0000000000000000e+00
2628   0.0000000000000000e+00  1.4725830320930055e+02  2.1790673973565481e+02  1.0000000000000000e+00
2629   0.0000000000000000e+00  1.4702260094890516e+02  2.1814244199605011e+02  1.0000000000000000e+00
2630   1.8641362269829624e+00  1.4843681451127816e+02  2.1672822843367712e+02  9.6094757082487314e-01
2631   1.8968403713159969e+00  1.4820111225088252e+02  2.1696393069407281e+02  9.6094757082487314e-01
2632   1.9622486599820652e+00  1.4772970773009138e+02  2.1743533521486393e+02  9.6094757082487314e-01
2633   2.0276569486481342e+00  1.4725830320930055e+02  2.1790673973565478e+02  9.6094757082487314e-01
2634   2.0603610929811684e+00  1.4702260094890514e+02  2.1814244199605014e+02  9.6094757082487314e-01
2635   5.7477485436690587e+00  1.4883557012279994e+02  2.1632947282215537e+02  8.9846368414467004e-01
2636   5.8485862374176385e+00  1.4860686357488711e+02  2.1655817937006819e+02  8.9846368414467004e-01
2637   6.0502616249147971e+00  1.4814945047906167e+02  2.1701559246589372e+02  8.9846368414467004e-01
2638   6.2519370124119567e+00  1.4769203738323648e+02  2.1747300556171888e+02  8.9846368414467004e-01
2639   6.3527747061605382e+00  1.4746333083532389e+02  2.1770171210963136e+02  8.9846368414467004e-01
2640   1.1265546362339835e+01  1.5075065800264684e+02  2.1441438494230843e+02  8.5160076913451777e-01
2641   1.1463187526591410e+01  1.5055554948771385e+02  2.1460949345724151e+02  8.5160076913451777e-01
2642   1.1858469855094562e+01  1.5016533245784794e+02  2.1499971048710742e+02  8.5160076913451777e-01
2643   1.2253752183597712e+01  1.4977511542798226e+02  2.1538992751697305e+02  8.5160076913451777e-01
2644   1.2451393347849288e+01  1.4958000691304949e+02  2.1558503603190582e+02  8.5160076913451777e-01
2645   1.5727731153297624e+01  1.5390589912724050e+02  2.1125914381771480e+02  8.5160076913451765e-01
2646   1.6003656261250214e+01  1.5376614571975651e+02  2.1139889722519879e+02  8.5160076913451777e-01
2647   1.6555506477155390e+01  1.5348663890478866e+02  2.1167840404016667e+02  8.5160076913451777e-01
2648   1.7107356693060566e+01  1.5320713208982099e+02  2.1195791085513432e+02  8.5160076913451765e-01
2649   1.7383281801013158e+01  1.5306737868233716e+02  2.1209766426261814e+02  8.5160076913451765e-01
2650   1.8436074406113573e+01  1.5780757138203884e+02  2.0735747156291649e+02  8.9846368414467004e-01
2651   1.8759514307975216e+01  1.5773626836498997e+02  2.0742877457996534e+02  8.9846368414467004e-01
2652   1.9406394111698500e+01  1.5759366233089227e+02  2.0757138061406309e+02  8.9846368414467004e-01
2653   2.0053273915421780e+01  1.5745105629679463e+02  2.0771398664816067e+02  8.9846368414467004e-01
2654   2.0376713817283424e+01  1.5737975327974584e+02  2.0778528966520949e+02  8.9846368414467004e-01
2655   1.9000000000000000e+01  1.6055369998666708e+02  2.0461134295828822e+02  9.6094757082487314e-01
2656   1.9333333333333332e+01  1.6053057466443627e+02  2.0463446828051903e+02  9.6094757082487314e-01
2657   1.9999999999999996e+01  1.6048432401997468e+02  2.0468071892498065e+02  9.6094757082487314e-01
2658   2.0666666666666661e+01  1.6043807337551311e+02  2.0472696956944222e+02  9.6094757082487314e-01
2659   2.1000000000000000e+01  1.6041494805328233e+02  2.0475009489167300e+02  9.6094757082487314e-01
2660   1.9000000000000000e+01  1.6187184335382221e+02  2.0329319959113312e+02  1.0000000000000000e+00
2661   1.9333333333333336e+01  1.6187184335382224e+02  2.0329319959113312e+02  1.0000000000000000e+00
2662   2.0000000000000000e+01  1.6187184335382224e+02  2.0329319959113312e+02  1.0000000000000000e+00
2663   2.0666666666666664e+01  1.6187184335382221e+02  2.0329319959113312e+02  1.0000000000000000e+00
2664   2.1000000000000000e+01  1.6187184335382221e+02  2.0329319959113312e+02  1.0000000000000000e+00
2665   0.0000000000000000e+00  1.5285623189369409e+02  2.2114764581609305e+02  1.0000000000000000e+00
2666   0.0000000000000000e+00  1.5262052963329842e+02  2.2138334807648874e+02  1.0000000000000000e+00
2667   0.0000000000000000e+00  1.5214912511250728e+02  2.2185475259727988e+02  1.0000000000000000e+00
2668   0.0000000000000000e+00  1.5167772059171645e+02  2.2232615711807074e+02  1.0000000000000000e+00
2669   0.0000000000000000e+00  1.5144201833132109e+02  2.2256185937846607e+02  1.0000000000000000e+00
2670   1.8641362269829624e+00  1.5285623189369403e+02  2.2114764581609307e+02  9.6094757082487314e-01
2671   1.8968403713159971e+00  1.5262052963329842e+02  2.2138334807648874e+02  9.6094757082487314e-01
2672   1.9622486599820654e+00  1.5214912511250728e+02  2.2185475259727991e+02  9.6094757082487314e-01
2673   2.0276569486481342e+00  1.5167772059171645e+02  2.2232615711807071e+02  9.6094757082487314e-01
2674   2.0603610929811684e+00  1.5144201833132104e+02  2.2256185937846607e+02  9.6094757082487314e-01
2675   5.7477485436690587e+00  1.5325498750521584e+02  2.2074889020457130e+02  8.9846368414467004e-01
2676   5.8485862374176376e+00  1.5302628095730304e+02  2.2097759675248415e+02  8.9846368414467004e-01
2677   6.0502616249147980e+00  1.5256886786147757e+02  2.2143500984830965e+02  8.9846368414467004e-01
2678   6.2519370124119567e+00  1.5211145476565238e+02  2.2189242294413484e+02  8.9846368414467004e-01
2679   6.3527747061605382e+00  1.5188274821773982e+02  2.2212112949204732e+02  8.9846368414467004e-01
2680   1.1265546362339835e+01  1.5517007538506277e+02  2.1883380232472436e+02  8.5160076913451777e-01
2681   1.1463187526591408e+01  1.5497496687012975e+02  2.1902891083965744e+02  8.5160076913451777e-01
2682   1.1858469855094562e+01  1.5458474984026381e+02  2.1941912786952332e+02  8.5160076913451777e-01
2683   1.2253752183597712e+01  1.5419453281039816e+02  2.1980934489938898e+02  8.5160076913451777e-01
2684   1.2451393347849288e+01  1.5399942429546542e+02  2.2000445341432174e+02  8.5160076913451777e-01
2685   1.5727731153297624e+01  1.5832531650965640e+02  2.1567856120013073e+02  8.5160076913451765e-01
2686   1.6003656261250214e+01  1.5818556310217241e+02  2.1581831460761472e+02  8.5160076913451777e-01
2687   1.6555506477155390e+01  1.5790605628720454e+02  2.1609782142258257e+02  8.5160076913451777e-01
2688   1.7107356693060566e+01  1.5762654947223689e+02  2.1637732823755027e+02  8.5160076913451765e-01
2689   1.7383281801013158e+01  1.5748679606475309e+02  2.1651708164503407e+02  8.5160076913451765e-01
2690   1.8436074406113573e+01  1.6222698876445472e+02  2.1177688894533244e+02  8.9846368414467004e-01
2691   1.8759514307975216e+01  1.6215568574740590e+02  2.1184819196238132e+02  8.9846368414467004e-01
2692   1.9406394111698500e+01  1.6201307971330817e+02  2.1199079799647902e+02  8.9846368414467004e-01
2693   2.0053273915421780e+01  1.6187047367921051e+02  2.1213340403057663e+02  8.9846368414467004e-01
2694   2.0376713817283424e+01  1.6179917066216171e+02  2.1220470704762539e+02  8.9846368414467004e-01
2695   1.9000000000000000e+01  1.6497311736908296e+02  2.0903076034070418e+02  9.6094757082487314e-01
2696   1.9333333333333332e+01  1.6494999204685215e+02  2.0905388566293496e+02  9.6094757082487314e-01
2697   1.9999999999999996e+01  1.6490374140239055e+02  2.0910013630739658e+02  9.6094757082487314e-01
2698   2.0666666666666661e+01  1.6485749075792899e+02  2.0914638695185815e+02  9.6094757082487314e-01
2699   2.1000000000000000e+01  1.6483436543569820e+02  2.0916951227408893e+02  9.6094757082487314e-01
2700   1.9000000000000000e+01  1.6629126073623812e+02  2.0771261697354907e+02  1.0000000000000000e+00
2701   1.9333333333333336e+01  1.6629126073623812e+02  2.0771261697354907e+02  1.0000000000000000e+00
2702   2.0000000000000000e+01  1.6629126073623812e+02  2.0771261697354907e+02  1.0000000000000000e+00
2703   2.0666666666666664e+01  1.6629126073623812e+02  2.0771261697354907e+02  1.0000000000000000e+00
2704   2.1000000000000000e+01  1.6629126073623812e+02  2.0771261697354907e+02  1.0000000000000000e+00
2705   0.0000000000000000e+00  1.5580251014863802e+02  2.2409392407103704e+02  1.0000000000000000e+00
2706   0.0000000000000000e+00  1.5556680788824238e+02  2.2432962633143268e+02  1.0000000000000000e+00
2707   0.0000000000000000e+00  1.5509540336745121e+02  2.2480103085222385e+02  1.0000000000000000e+00
2708   0.0000000000000000e+00  1.5462399884666038e+02  2.2527243537301470e+02  1.0000000000000000e+00
2709   0.0000000000000000e+00  1.5438829658626503e+02  2.2550813763341003e+02  1.0000000000000000e+00
2710   1.8641362269829624e+00  1.5580251014863799e+02  2.2409392407103701e+02  9.6094757082487314e-01
2711   1.8968403713159971e+00  1.5556680788824235e+02  2.2432962633143268e+02  9.6094757082487314e-01
2712   1.9622486599820654e+00  1.5509540336745121e+02  2.2480103085222385e+02  9.6094757082487314e-01
2713   2.0276569486481342e+00  1.5462399884666038e+02  2.2527243537301464e+02  9.6094757082487314e-01
2714   2.0603610929811684e+00  1.5438829658626500e+02  2.2550813763341003e+02  9.6094757082487314e-01
2715   5.7477485436690587e+00  1.5620126576015974e+02  2.2369516845951526e+02  8.9846368414467004e-01
2716   5.8485862374176385e+00  1.5597255921224698e+02  2.2392387500742811e+02  8.9846368414467004e-01
2717   6.0502616249147980e+00  1.5551514611642148e+02  2.2438128810325361e+02  8.9846368414467004e-01
2718   6.2519370124119567e+00  1.5505773302059629e+02  2.2483870119907877e+02  8.9846368414467004e-01
2719   6.3527747061605382e+00  1.5482902647268378e+02  2.2506740774699128e+02  8.9846368414467004e-01
2720   1.1265546362339835e+01  1.5811635364000668e+02  2.2178008057966835e+02  8.5160076913451777e-01
2721   1.1463187526591410e+01  1.5792124512507365e+02  2.2197518909460138e+02  8.5160076913451777e-01
2722   1.1858469855094562e+01  1.5753102809520777e+02  2.2236540612446728e+02  8.5160076913451777e-01
2723   1.2253752183597712e+01  1.5714081106534212e+02  2.2275562315433294e+02  8.5160076913451777e-01
2724   1.2451393347849288e+01  1.5694570255040932e+02  2.2295073166926568e+02  8.5160076913451777e-01
2725   1.5727731153297624e+01  1.6127159476460034e+02  2.1862483945507469e+02  8.5160076913451765e-01
2726   1.6003656261250214e+01  1.6113184135711634e+02  2.1876459286255871e+02  8.5160076913451777e-01
2727   1.6555506477155390e+01  1.6085233454214850e+02  2.1904409967752656e+02  8.5160076913451777e-01
2728   1.7107356693060566e+01  1.6057282772718082e+02  2.1932360649249421e+02  8.5160076913451765e-01
2729   1.7383281801013158e+01  1.6043307431969700e+02  2.1946335989997803e+02  8.5160076913451765e-01
2730   1.8436074406113573e+01  1.6517326701939862e+02  2.1472316720027638e+02  8.9846368414467004e-01
2731   1.8759514307975216e+01  1.6510196400234980e+02  2.1479447021732528e+02  8.9846368414467004e-01
2732   1.9406394111698500e+01  1.6495935796825208e+02  2.1493707625142301e+02  8.9846368414467004e-01
2733   2.0053273915421780e+01  1.6481675193415447e+02  2.1507968228552059e+02  8.9846368414467004e-01
2734   2.0376713817283424e+01  1.6474544891710565e+02  2.1515098530256938e+02  8.9846368414467004e-01
2735   1.9000000000000000e+01  1.6791939562402692e+02  2.1197703859564814e+02  9.6094757082487314e-01
2736   1.9333333333333332e+01  1.6789627030179608e+02  2.1200016391787892e+02  9.6094757082487314e-01
2737   1.9999999999999996e+01  1.6785001965733451e+02  2.1204641456234054e+02  9.6094757082487314e-01
2738   2.0666666666666661e+01  1.6780376901287295e+02  2.1209266520680211e+02  9.6094757082487314e-01
2739   2.1000000000000000e+01  1.6778064369064217e+02  2.1211579052903289e+02  9.6094757082487314e-01
2740   1.9000000000000000e+01  1.6923753899118202e+02  2.1065889522849304e+02  1.0000000000000000e+00
2741   1.9333333333333336e+01  1.6923753899118205e+02  2.1065889522849304e+02  1.0000000000000000e+00
2742   2.0000000000000000e+01  1.6923753899118205e+02  2.1065889522849304e+02  1.0000000000000000e+00
2743   2.0666666666666664e+01  1.6923753899118202e+02  2.1065889522849304e+02  1.0000000000000000e+00
2744   2.1000000000000000e+01  1.6923753899118202e+02  2.1065889522849304e+02  1.0000000000000000e+00
2745   0.0000000000000000e+00  1.5727564927610999e+02  2.2556706319850900e+02  1.0000000000000000e+00
2746   0.0000000000000000e+00  1.5703994701571435e+02  2.2580276545890467e+02  1.0000000000000000e+00
2747   0.0000000000000000e+00  1.5656854249492318e+02  2.2627416997969584e+02  1.0000000000000000e+00
2748   0.0000000000000000e+00  1.5609713797413235e+02  2.2674557450048667e+02  1.0000000000000000e+00
2749   0.0000000000000000e+00  1.5586143571373700e+02  2.2698127676088200e+02  1.0000000000000000e+00
2750   1.8641362269829624e+00  1.5727564927610999e+02  2.2556706319850900e+02  9.6094757082487314e-01
2751   1.8968403713159971e+00  1.5703994701571435e+02  2.2580276545890467e+02  9.6094757082487314e-01
2752   1.9622486599820654e+00  1.5656854249492318e+02  2.2627416997969584e+02  9.6094757082487314e-01
2753   2.0276569486481342e+00  1.5609713797413235e+02  2.2674557450048664e+02  9.6094757082487314e-01
2754   2.0603610929811684e+00  1.5586143571373697e+02  2.2698127676088200e+02  9.6094757082487314e-01
2755   5.7477485436690587e+00  1.5767440488763174e+02  2.2516830758698725e+02  8.9846368414467004e-01
2756   5.8485862374176385e+00  1.5744569833971894e+02  2.2539701413490008e+02  8.9846368414467004e-01
2757   6.0502616249147980e+00  1.5698828524389344e+02  2.2585442723072558e+02  8.9846368414467004e-01
2758   6.2519370124119567e+00  1.5653087214806828e+02  2.2631184032655077e+02  8.9846368414467004e-01
2759   6.3527747061605382e+00  1.5630216560015575e+02  2.2654054687446325e+02  8.9846368414467004e-01
2760   1.1265546362339835e+01  1.5958949276747867e+02  2.2325321970714029e+02  8.5160076913451777e-01
2761   1.1463187526591410e+01  1.5939438425254565e+02  2.2344832822207337e+02  8.5160076913451777e-01
2762   1.1858469855094562e+01  1.5900416722267971e+02  2.2383854525193928e+02  8.5160076913451777e-01
2763   1.2253752183597712e+01  1.5861395019281406e+02  2.2422876228180493e+02  8.5160076913451777e-01
2764   1.2451393347849288e+01  1.5841884167788129e+02  2.2442387079673767e+02  8.5160076913451777e-01
2765   1.5727731153297624e+01  1.6274473389207230e+02  2.2009797858254669e+02  8.5160076913451765e-01
2766   1.6003656261250214e+01  1.6260498048458831e+02  2.2023773199003065e+02  8.5160076913451777e-01
2767   1.6555506477155390e+01  1.6232547366962044e+02  2.2051723880499853e+02  8.5160076913451777e-01
2768   1.7107356693060566e+01  1.6204596685465279e+02  2.2079674561996620e+02  8.5160076913451765e-01
2769   1.7383281801013158e+01  1.6190621344716899e+02  2.2093649902745000e+02  8.5160076913451765e-01
2770   1.8436074406113573e+01  1.6664640614687062e+02  2.1619630632774837e+02  8.9846368414467004e-01
2771   1.8759514307975216e+01  1.6657510312982177e+02  2.1626760934479725e+02  8.9846368414467004e-01
2772   1.9406394111698500e+01  1.6643249709572405e+02  2.1641021537889497e+02  8.9846368414467004e-01
2773   2.0053273915421780e+01  1.6628989106162641e+02  2.1655282141299256e+02  8.9846368414467004e-01
2774   2.0376713817283424e+01  1.6621858804457764e+02  2.1662412443004135e+02  8.9846368414467004e-01
2775   1.9000000000000000e+01  1.6939253475149886e+02  2.1345017772312011e+02  9.6094757082487314e-01
2776   1.9333333333333332e+01  1.6936940942926805e+02  2.1347330304535089e+02  9.6094757082487314e-01
2777   1.9999999999999996e+01  1.6932315878480645e+02  2.1351955368981251e+02  9.6094757082487314e-01
2778   2.0666666666666661e+01  1.6927690814034489e+02  2.1356580433427408e+02  9.6094757082487314e-01
2779   2.1000000000000000e+01  1.6925378281811410e+02  2.1358892965650486e+02  9.6094757082487314e-01
2780   1.9000000000000000e+01  1.7071067811865399e+02  2.1213203435596500e+02  1.0000000000000000e+00
2781   1.9333333333333336e+01  1.7071067811865402e+02  2.1213203435596500e+02  1.0000000000000000e+00
2782   2.0000000000000000e+01  1.7071067811865402e+02  2.1213203435596500e+02  1.0000000000000000e+00
2783   2.0666666666666664e+01  1.7071067811865399e+02  2.1213203435596500e+02  1.0000000000000000e+00
2784   2.1000000000000000e+01  1.7071067811865399e+02  2.1213203435596500e+02  1.0000000000000000e+00
2785   1.9000000000000000e+01  3.2080604375972328e+01  7.0865673878971620e+01  9.6094757082487314e-01
2786   1.9333333333333336e+01  3.2103729698203125e+01  7.0842548556740851e+01  9.6094757082487314e-01
2787   1.9999999999999996e+01  3.2149980342664712e+01  7.0796297912279258e+01  9.6094757082487314e-01
2788   2.0666666666666668e+01  3.2196230987126292e+01  7.0750047267817649e+01  9.6094757082487314e-01
2789   2.1000000000000000e+01  3.2219356309357082e+01  7.0726921945586852e+01  9.6094757082487314e-01
2790   1.8436074406113576e+01  3.4826732980600653e+01  6.8119545274343281e+01  8.9846368414467004e-01
2791   1.8759514307975220e+01  3.4898035997649501e+01  6.8048242257294447e+01  8.9846368414467004e-01
2792   1.9406394111698500e+01  3.5040642031747183e+01  6.7905636223196794e+01  8.9846368414467004e-01
2793   2.0053273915421784e+01  3.5183248065844829e+01  6.7763030189099112e+01  8.9846368414467004e-01
2794   2.0376713817283427e+01  3.5254551082893656e+01  6.7691727172050278e+01  8.9846368414467004e-01
2795   1.5727731153297620e+01  3.8728405235399102e+01  6.4217873019544825e+01  8.5160076913451777e-01
2796   1.6003656261250210e+01  3.8868158642883003e+01  6.4078119612060931e+01  8.5160076913451777e-01
2797   1.6555506477155390e+01  3.9147665457850813e+01  6.3798612797093135e+01  8.5160076913451777e-01
2798   1.7107356693060566e+01  3.9427172272818588e+01  6.3519105982125353e+01  8.5160076913451777e-01
2799   1.7383281801013158e+01  3.9566925680302454e+01  6.3379352574641459e+01  8.5160076913451777e-01
2800   1.1265546362339830e+01  4.1883646359992831e+01  6.1062631894951096e+01  8.5160076913451765e-01
2801   1.1463187526591405e+01  4.2078754874925750e+01  6.0867523380018170e+01  8.5160076913451777e-01
2802   1.1858469855094555e+01  4.2468971904791580e+01  6.0477306350152354e+01  8.5160076913451777e-01
2803   1.2253752183597710e+01  4.2859188934657375e+01  6.0087089320286559e+01  8.5160076913451765e-01
2804   1.2451393347849287e+01  4.3054297449590273e+01  5.9891980805353647e+01  8.5160076913451765e-01
2805   5.7477485436690552e+00  4.3798734239839831e+01  5.9147544015104110e+01  8.9846368414467004e-01
2806   5.8485862374176358e+00  4.4027440787752525e+01  5.8918837467191416e+01  8.9846368414467004e-01
2807   6.0502616249147954e+00  4.4484853883577898e+01  5.8461424371366043e+01  8.9846368414467004e-01
2808   6.2519370124119558e+00  4.4942266979403243e+01  5.8004011275540705e+01  8.9846368414467004e-01
2809   6.3527747061605355e+00  4.5170973527315887e+01  5.7775304727628040e+01  8.9846368414467004e-01
2810   1.8641362269829616e+00  4.4197489851361560e+01  5.8748788403582374e+01  9.6094757082487314e-01
2811   1.8968403713159956e+00  4.4433192111757101e+01  5.8513086143186833e+01  9.6094757082487314e-01
2812   1.9622486599820645e+00  4.4904596632548149e+01  5.8041681622395792e+01  9.6094757082487314e-01
2813   2.0276569486481333e+00  4.5376001153339168e+01  5.7570277101604773e+01  9.6094757082487314e-01
2814   2.0603610929811675e+00  4.5611703413734659e+01  5.7334574841209275e+01  9.6094757082487314e-01
2815   0.0000000000000000e+00  4.4197489851361567e+01  5.8748788403582367e+01  1.0000000000000000e+00
2816   0.0000000000000000e+00  4.4433192111757108e+01  5.8513086143186840e+01  1.0000000000000000e+00
2817   0.0000000000000000e+00  4.4904596632548156e+01  5.8041681622395799e+01  1.0000000000000000e+00
2818   0.0000000000000000e+00  4.5376001153339168e+01  5.7570277101604781e+01  1.0000000000000000e+00
2819   0.0000000000000000e+00  4.5611703413734666e+01  5.7334574841209275e+01  1.0000000000000000e+00
2820   1.9000000000000000e+01  3.5026882630916269e+01  7.3811952133915582e+01  9.6094757082487314e-01
2821   1.9333333333333336e+01  3.5050007953147066e+01  7.3788826811684800e+01  9.6094757082487314e-01
2822   1.9999999999999996e+01  3.5096258597608653e+01  7.3742576167223234e+01  9.6094757082487314e-01
2823   2.0666666666666664e+01  3.5142509242070233e+01  7.3696325522761626e+01  9.6094757082487314e-01
2824   2.1000000000000000e+01  3.5165634564301016e+01  7.3673200200530829e+01  9.6094757082487314e-01
2825   1.8436074406113576e+01  3.7773011235544601e+01  7.1065823529287229e+01  8.9846368414467004e-01
2826   1.8759514307975220e+01  3.7844314252593442e+01  7.0994520512238410e+01  8.9846368414467004e-01
2827   1.9406394111698500e+01  3.7986920286691124e+01  7.0851914478140742e+01  8.9846368414467004e-01
2828   2.0053273915421784e+01  3.8129526320788770e+01  7.0709308444043074e+01  8.9846368414467004e-01
2829   2.0376713817283427e+01  3.8200829337837597e+01  7.0638005426994241e+01  8.9846368414467004e-01
2830   1.5727731153297620e+01  4.1674683490343035e+01  6.7164151274488788e+01  8.5160076913451777e-01
2831   1.6003656261250210e+01  4.1814436897826937e+01  6.7024397867004879e+01  8.5160076913451777e-01
2832   1.6555506477155390e+01  4.2093943712794754e+01  6.6744891052037090e+01  8.5160076913451777e-01
2833   1.7107356693060566e+01  4.2373450527762529e+01  6.6465384237069316e+01  8.5160076913451777e-01
2834   1.7383281801013158e+01  4.2513203935246402e+01  6.6325630829585421e+01  8.5160076913451777e-01
2835   1.1265546362339830e+01  4.4829924614936772e+01  6.4008910149895044e+01  8.5160076913451765e-01
2836   1.1463187526591405e+01  4.5025033129869684e+01  6.3813801634962125e+01  8.5160076913451777e-01
2837   1.1858469855094555e+01  4.5415250159735521e+01  6.3423584605096309e+01  8.5160076913451777e-01
2838   1.2253752183597710e+01  4.5805467189601316e+01  6.3033367575230514e+01  8.5160076913451765e-01
2839   1.2451393347849287e+01  4.6000575704534207e+01  6.2838259060297602e+01  8.5160076913451765e-01
2840   5.7477485436690543e+00  4.6745012494783758e+01  6.2093822270048065e+01  8.9846368414467004e-01
2841   5.8485862374176367e+00  4.6973719042696459e+01  6.1865115722135364e+01  8.9846368414467004e-01
2842   6.0502616249147954e+00  4.7431132138521846e+01  6.1407702626310005e+01  8.9846368414467004e-01
2843   6.2519370124119558e+00  4.7888545234347184e+01  6.0950289530484653e+01  8.9846368414467004e-01
2844   6.3527747061605355e+00  4.8117251782259821e+01  6.0721582982571981e+01  8.9846368414467004e-01
2845   1.8641362269829616e+00  4.7143768106305501e+01  6.1695066658526308e+01  9.6094757082487314e-01
2846   1.8968403713159956e+00  4.7379470366701035e+01  6.1459364398130788e+01  9.6094757082487314e-01
2847   1.9622486599820643e+00  4.7850874887492097e+01  6.0987959877339755e+01  9.6094757082487314e-01
2848   2.0276569486481333e+00  4.8322279408283109e+01  6.0516555356548736e+01  9.6094757082487314e-01
2849   2.0603610929811680e+00  4.8557981668678586e+01  6.0280853096153223e+01  9.6094757082487314e-01
2850   0.0000000000000000e+00  4.7143768106305501e+01  6.1695066658526308e+01  1.0000000000000000e+00
2851   0.0000000000000000e+00  4.7379470366701042e+01  6.1459364398130788e+01  1.0000000000000000e+00
2852   0.0000000000000000e+00  4.7850874887492097e+01  6.0987959877339755e+01  1.0000000000000000e+00
2853   0.0000000000000000e+00  4.8322279408283102e+01  6.0516555356548729e+01  1.0000000000000000e+00
2854   0.0000000000000000e+00  4.8557981668678600e+01  6.0280853096153230e+01  1.0000000000000000e+00
2855   1.9000000000000000e+01  3.9446300013332163e+01  7.8231369516331526e+01  9.6094757082487325e-01
2856   1.9333333333333332e+01  3.9469425335562974e+01  7.8208244194100729e+01  9.6094757082487325e-01
2857   1.9999999999999993e+01  3.9515675980024568e+01  7.8161993549639149e+01  9.6094757082487325e-01
2858   2.0666666666666661e+01  3.9561926624486141e+01  7.8115742905177555e+01  9.6094757082487325e-01
2859   2.0999999999999996e+01  3.9585051946716924e+01  7.8092617582946772e+01  9.6094757082487325e-01
2860   1.8436074406113580e+01  4.2192428617960509e+01  7.5485240911703173e+01  8.9846368414467004e-01
2861   1.8759514307975220e+01  4.2263731635009350e+01  7.5413937894654367e+01  8.9846368414467004e-01
2862   1.9406394111698496e+01  4.2406337669107039e+01  7.5271331860556700e+01  8.9846368414467004e-01
2863   2.0053273915421784e+01  4.2548943703204671e+01  7.5128725826459032e+01  8.9846368414467004e-01
2864   2.0376713817283427e+01  4.2620246720253505e+01  7.5057422809410184e+01  8.9846368414467004e-01
2865   1.5727731153297620e+01  4.6094100872758958e+01  7.1583568656904717e+01  8.5160076913451777e-01
2866   1.6003656261250210e+01  4.6233854280242859e+01  7.1443815249420823e+01  8.5160076913451777e-01
2867   1.6555506477155394e+01  4.6513361095210669e+01  7.1164308434453048e+01  8.5160076913451777e-01
2868   1.7107356693060566e+01  4.6792867910178423e+01  7.0884801619485245e+01  8.5160076913451777e-01
2869   1.7383281801013158e+01  4.6932621317662296e+01  7.0745048212001350e+01  8.5160076913451777e-01
2870   1.1265546362339830e+01  4.9249341997352666e+01  6.8428327532310959e+01  8.5160076913451765e-01
2871   1.1463187526591405e+01  4.9444450512285592e+01  6.8233219017378062e+01  8.5160076913451777e-01
2872   1.1858469855094556e+01  4.9834667542151443e+01  6.7843001987512253e+01  8.5160076913451777e-01
2873   1.2253752183597710e+01  5.0224884572017224e+01  6.7452784957646458e+01  8.5160076913451765e-01
2874   1.2451393347849287e+01  5.0419993086950107e+01  6.7257676442713532e+01  8.5160076913451765e-01
2875   5.7477485436690543e+00  5.1164429877199666e+01  6.6513239652463966e+01  8.9846368414467004e-01
2876   5.8485862374176358e+00  5.1393136425112360e+01  6.6284533104551301e+01  8.9846368414467004e-01
2877   6.0502616249147954e+00  5.1850549520937761e+01  6.5827120008725942e+01  8.9846368414467004e-01
2878   6.2519370124119540e+00  5.2307962616763078e+01  6.5369706912900583e+01  8.9846368414467004e-01
2879   6.3527747061605355e+00  5.2536669164675722e+01  6.5141000364987903e+01  8.9846368414467004e-01
2880   1.8641362269829613e+00  5.1563185488721395e+01  6.6114484040942216e+01  9.6094757082487325e-01
2881   1.8968403713159951e+00  5.1798887749116950e+01  6.5878781780546703e+01  9.6094757082487325e-01
2882   1.9622486599820643e+00  5.2270292269908005e+01  6.5407377259755677e+01  9.6094757082487325e-01
2883   2.0276569486481328e+00  5.2741696790699002e+01  6.4935972738964651e+01  9.6094757082487325e-01
2884   2.0603610929811675e+00  5.2977399051094473e+01  6.4700270478569124e+01  9.6094757082487325e-01
2885   0.0000000000000000e+00  5.1563185488721402e+01  6.6114484040942230e+01  1.0000000000000000e+00
2886   0.0000000000000000e+00  5.1798887749116950e+01  6.5878781780546717e+01  1.0000000000000000e+00
2887   0.0000000000000000e+00  5.2270292269908012e+01  6.5407377259755705e+01  1.0000000000000000e+00
2888   0.0000000000000000e+00  5.2741696790699017e+01  6.4935972738964665e+01  1.0000000000000000e+00
2889   0.0000000000000000e+00  5.2977399051094494e+01  6.4700270478569138e+01  1.0000000000000000e+00
2890   1.9000000000000000e+01  4.3865717395748092e+01  8.2650786898747498e+01  9.6094757082487303e-01
2891   1.9333333333333339e+01  4.3888842717978896e+01  8.2627661576516715e+01  9.6094757082487303e-01
2892   2.0000000000000004e+01  4.3935093362440476e+01  8.2581410932055121e+01  9.6094757082487303e-01
2893   2.0666666666666668e+01  4.3981344006902063e+01  8.2535160287593527e+01  9.6094757082487303e-01
2894   2.1000000000000004e+01  4.4004469329132853e+01  8.2512034965362744e+01  9.6094757082487303e-01
2895   1.8436074406113576e+01  4.6611846000376417e+01  7.9904658294119130e+01  8.9846368414466993e-01
2896   1.8759514307975223e+01  4.6683149017425265e+01  7.9833355277070282e+01  8.9846368414466993e-01
2897   1.9406394111698503e+01  4.6825755051522947e+01  7.9690749242972629e+01  8.9846368414466993e-01
2898   2.0053273915421787e+01  4.6968361085620593e+01  7.9548143208874961e+01  8.9846368414466993e-01
2899   2.0376713817283431e+01  4.7039664102669413e+01  7.9476840191826142e+01  8.9846368414466993e-01
2900   1.5727731153297622e+01  5.0513518255174858e+01  7.6002986039320646e+01  8.5160076913451777e-01
2901   1.6003656261250207e+01  5.0653271662658767e+01  7.5863232631836766e+01  8.5160076913451777e-01
2902   1.6555506477155394e+01  5.0932778477626570e+01  7.5583725816868991e+01  8.5160076913451777e-01
2903   1.7107356693060566e+01  5.1212285292594345e+01  7.5304219001901174e+01  8.5160076913451777e-01
2904   1.7383281801013162e+01  5.1352038700078197e+01  7.5164465594417280e+01  8.5160076913451777e-01
2905   1.1265546362339832e+01  5.3668759379768581e+01  7.2847744914726889e+01  8.5160076913451765e-01
2906   1.1463187526591405e+01  5.3863867894701514e+01  7.2652636399794005e+01  8.5160076913451777e-01
2907   1.1858469855094555e+01  5.4254084924567358e+01  7.2262419369928182e+01  8.5160076913451777e-01
2908   1.2253752183597710e+01  5.4644301954433118e+01  7.1872202340062373e+01  8.5160076913451765e-01
2909   1.2451393347849287e+01  5.4839410469366015e+01  7.1677093825129447e+01  8.5160076913451765e-01
2910   5.7477485436690561e+00  5.5583847259615581e+01  7.0932657034879881e+01  8.9846368414466993e-01
2911   5.8485862374176376e+00  5.5812553807528282e+01  7.0703950486967230e+01  8.9846368414466993e-01
2912   6.0502616249147962e+00  5.6269966903353676e+01  7.0246537391141885e+01  8.9846368414466993e-01
2913   6.2519370124119549e+00  5.6727379999179000e+01  6.9789124295316526e+01  8.9846368414466993e-01
2914   6.3527747061605364e+00  5.6956086547091623e+01  6.9560417747403832e+01  8.9846368414466993e-01
2915   1.8641362269829616e+00  5.5982602871137310e+01  7.0533901423358145e+01  9.6094757082487303e-01
2916   1.8968403713159958e+00  5.6218305131532865e+01  7.0298199162962661e+01  9.6094757082487303e-01
2917   1.9622486599820648e+00  5.6689709652323941e+01  6.9826794642171635e+01  9.6094757082487303e-01
2918   2.0276569486481333e+00  5.7161114173114917e+01  6.9355390121380594e+01  9.6094757082487303e-01
2919   2.0603610929811680e+00  5.7396816433510395e+01  6.9119687860985081e+01  9.6094757082487303e-01
2920   0.0000000000000000e+00  5.5982602871137303e+01  7.0533901423358131e+01  1.0000000000000000e+00
2921   0.0000000000000000e+00  5.6218305131532858e+01  7.0298199162962646e+01  1.0000000000000000e+00
2922   0.0000000000000000e+00  5.6689709652323934e+01  6.9826794642171635e+01  1.0000000000000000e+00
2923   0.0000000000000000e+00  5.7161114173114917e+01  6.9355390121380609e+01  1.0000000000000000e+00
2924   0.0000000000000000e+00  5.7396816433510388e+01  6.9119687860985067e+01  1.0000000000000000e+00
2925   1.9000000000000004e+01  4.8285134778164007e+01  8.7070204281163427e+01  9.6094757082487303e-01
2926   1.9333333333333339e+01  4.8308260100394804e+01  8.7047078958932659e+01  9.6094757082487303e-01
2927   2.0000000000000000e+01  4.8354510744856391e+01  8.7000828314471065e+01  9.6094757082487303e-01
2928   2.0666666666666668e+01  4.8400761389317971e+01  8.6954577670009499e+01  9.6094757082487303e-01
2929   2.1000000000000004e+01  4.8423886711548754e+01  8.6931452347778674e+01  9.6094757082487303e-01
2930   1.8436074406113576e+01  5.1031263382792318e+01  8.4324075676535045e+01  8.9846368414467004e-01
2931   1.8759514307975227e+01  5.1102566399841173e+01  8.4252772659486240e+01  8.9846368414467004e-01
2932   1.9406394111698500e+01  5.1245172433938855e+01  8.4110166625388587e+01  8.9846368414467004e-01
2933   2.0053273915421784e+01  5.1387778468036501e+01  8.3967560591290905e+01  8.9846368414467004e-01
2934   2.0376713817283427e+01  5.1459081485085321e+01  8.3896257574242057e+01  8.9846368414467004e-01
2935   1.5727731153297619e+01  5.4932935637590759e+01  8.0422403421736576e+01  8.5160076913451777e-01
2936   1.6003656261250210e+01  5.5072689045074668e+01  8.0282650014252695e+01  8.5160076913451777e-01
2937   1.6555506477155394e+01  5.5352195860042492e+01  8.0003143199284935e+01  8.5160076913451777e-01
2938   1.7107356693060563e+01  5.5631702675010246e+01  7.9723636384317132e+01  8.5160076913451777e-01
2939   1.7383281801013158e+01  5.5771456082494105e+01  7.9583882976833195e+01  8.5160076913451777e-01
2940   1.1265546362339828e+01  5.8088176762184482e+01  7.7267162297142789e+01  8.5160076913451777e-01
2941   1.1463187526591403e+01  5.8283285277117415e+01  7.7072053782209935e+01  8.5160076913451777e-01
2942   1.1858469855094555e+01  5.8673502306983259e+01  7.6681836752344140e+01  8.5160076913451777e-01
2943   1.2253752183597706e+01  5.9063719336849026e+01  7.6291619722478316e+01  8.5160076913451777e-01
2944   1.2451393347849285e+01  5.9258827851781902e+01  7.6096511207545362e+01  8.5160076913451777e-01
2945   5.7477485436690543e+00  6.0003264642031482e+01  7.5352074417295796e+01  8.9846368414467004e-01
2946   5.8485862374176349e+00  6.0231971189944183e+01  7.5123367869383145e+01  8.9846368414467004e-01
2947   6.0502616249147945e+00  6.0689384285769584e+01  7.4665954773557829e+01  8.9846368414467004e-01
2948   6.2519370124119540e+00  6.1146797381594908e+01  7.4208541677732441e+01  8.9846368414467004e-01
2949   6.3527747061605346e+00  6.1375503929507524e+01  7.3979835129819747e+01  8.9846368414467004e-01
2950   1.8641362269829616e+00  6.0402020253553218e+01  7.4953318805774060e+01  9.6094757082487303e-01
2951   1.8968403713159956e+00  6.0637722513948766e+01  7.4717616545378576e+01  9.6094757082487303e-01
2952   1.9622486599820648e+00  6.1109127034739849e+01  7.4246212024587578e+01  9.6094757082487303e-01
2953   2.0276569486481333e+00  6.1580531555530833e+01  7.3774807503796538e+01  9.6094757082487303e-01
2954   2.0603610929811680e+00  6.1816233815926296e+01  7.3539105243400982e+01  9.6094757082487303e-01
2955   0.0000000000000000e+00  6.0402020253553218e+01  7.4953318805774060e+01  1.0000000000000000e+00
2956   0.0000000000000000e+00  6.0637722513948773e+01  7.4717616545378576e+01  1.0000000000000000e+00
2957   0.0000000000000000e+00  6.1109127034739842e+01  7.4246212024587578e+01  1.0000000000000000e+00
2958   0.0000000000000000e+00  6.1580531555530825e+01  7.3774807503796524e+01  1.0000000000000000e+00
2959   0.0000000000000000e+00  6.1816233815926289e+01  7.3539105243400996e+01  1.0000000000000000e+00
2960   1.8999999999999996e+01  5.2704552160579901e+01  9.1489621663579385e+01  9.6094757082487314e-01
2961   1.9333333333333339e+01  5.2727677482810712e+01  9.1466496341348574e+01  9.6094757082487314e-01
2962   1.9999999999999996e+01  5.2773928127272299e+01  9.1420245696887022e+01  9.6094757082487314e-01
2963   2.0666666666666668e+01  5.2820178771733879e+01  9.1373995052425428e+01  9.6094757082487314e-01
2964   2.1000000000000000e+01  5.2843304093964655e+01  9.1350869730194603e+01  9.6094757082487314e-01
2965   1.8436074406113576e+01  5.5450680765208233e+01  8.8743493058951017e+01  8.9846368414467004e-01
2966   1.8759514307975220e+01  5.5521983782257088e+01  8.8672190041902184e+01  8.9846368414467004e-01
2967   1.9406394111698500e+01  5.5664589816354763e+01  8.8529584007804544e+01  8.9846368414467004e-01
2968   2.0053273915421784e+01  5.5807195850452409e+01  8.8386977973706834e+01  8.9846368414467004e-01
2969   2.0376713817283434e+01  5.5878498867501222e+01  8.8315674956658000e+01  8.9846368414467004e-01
2970   1.5727731153297620e+01  5.9352353020006660e+01  8.4841820804152505e+01  8.5160076913451777e-01
2971   1.6003656261250207e+01  5.9492106427490576e+01  8.4702067396668625e+01  8.5160076913451777e-01
2972   1.6555506477155390e+01  5.9771613242458400e+01  8.4422560581700878e+01  8.5160076913451777e-01
2973   1.7107356693060566e+01  6.0051120057426154e+01  8.4143053766733061e+01  8.5160076913451777e-01
2974   1.7383281801013162e+01  6.0190873464910013e+01  8.4003300359249138e+01  8.5160076913451777e-01
2975   1.1265546362339830e+01  6.2507594144600382e+01  8.1686579679558719e+01  8.5160076913451777e-01
2976   1.1463187526591405e+01  6.2702702659533330e+01  8.1491471164625835e+01  8.5160076913451777e-01
2977   1.1858469855094555e+01  6.3092919689399174e+01  8.1101254134760069e+01  8.5160076913451777e-01
2978   1.2253752183597712e+01  6.3483136719264941e+01  8.0711037104894245e+01  8.5160076913451777e-01
2979   1.2451393347849285e+01  6.3678245234197810e+01  8.0515928589961305e+01  8.5160076913451777e-01
2980   5.7477485436690543e+00  6.4422682024447383e+01  7.9771491799711711e+01  8.9846368414467004e-01
2981   5.8485862374176367e+00  6.4651388572360091e+01  7.9542785251799074e+01  8.9846368414467004e-01
2982   6.0502616249147954e+00  6.5108801668185492e+01  7.9085372155973744e+01  8.9846368414467004e-01
2983   6.2519370124119531e+00  6.5566214764010809e+01  7.8627959060148370e+01  8.9846368414467004e-01
2984   6.3527747061605346e+00  6.5794921311923432e+01  7.8399252512235662e+01  8.9846368414467004e-01
2985   1.8641362269829618e+00  6.4821437635969119e+01  7.9372736188189975e+01  9.6094757082487314e-01
2986   1.8968403713159954e+00  6.5057139896364674e+01  7.9137033927794505e+01  9.6094757082487314e-01
2987   1.9622486599820645e+00  6.5528544417155771e+01  7.8665629407003493e+01  9.6094757082487314e-01
2988   2.0276569486481333e+00  6.5999948937946726e+01  7.8194224886212467e+01  9.6094757082487314e-01
2989   2.0603610929811675e+00  6.6235651198342183e+01  7.7958522625816911e+01  9.6094757082487314e-01
2990   0.0000000000000000e+00  6.4821437635969119e+01  7.9372736188189975e+01  1.0000000000000000e+00
2991   0.0000000000000000e+00  6.5057139896364674e+01  7.9137033927794505e+01  1.0000000000000000e+00
2992   0.0000000000000000e+00  6.5528544417155757e+01  7.8665629407003522e+01  1.0000000000000000e+00
2993   0.0000000000000000e+00  6.5999948937946726e+01  7.8194224886212453e+01  1.0000000000000000e+00
2994   0.0000000000000000e+00  6.6235651198342183e+01  7.7958522625816911e+01  1.0000000000000000e+00
2995   1.9000000000000004e+01  5.7123969542995809e+01  9.5909039045995300e+01  9.6094757082487314e-01
2996   1.9333333333333332e+01  5.7147094865226620e+01  9.5885913723764531e+01  9.6094757082487314e-01
2997   1.9999999999999996e+01  5.7193345509688193e+01  9.5839663079302952e+01  9.6094757082487314e-01
2998   2.0666666666666664e+01  5.7239596154149787e+01  9.5793412434841358e+01  9.6094757082487314e-01
2999   2.1000000000000000e+01  5.7262721476380563e+01  9.5770287112610561e+01  9.6094757082487314e-01
3000   1.8436074406113580e+01  5.9870098147624155e+01  9.3162910441366947e+01  8.9846368414466993e-01
3001   1.8759514307975223e+01  5.9941401164672996e+01  9.3091607424318141e+01  8.9846368414466993e-01
3002   1.9406394111698500e+01  6.0084007198770678e+01  9.2949001390220488e+01  8.9846368414466993e-01
3003   2.0053273915421787e+01  6.0226613232868317e+01  9.2806395356122820e+01  8.9846368414466993e-01
3004   2.0376713817283431e+01  6.0297916249917137e+01  9.2735092339073944e+01  8.9846368414466993e-01
3005   1.5727731153297619e+01  6.3771770402422568e+01  8.9261238186568420e+01  8.5160076913451788e-01
3006   1.6003656261250210e+01  6.3911523809906477e+01  8.9121484779084554e+01  8.5160076913451788e-01
3007   1.6555506477155390e+01  6.4191030624874315e+01  8.8841977964116793e+01  8.5160076913451788e-01
3008   1.7107356693060563e+01  6.4470537439842047e+01  8.8562471149148990e+01  8.5160076913451788e-01
3009   1.7383281801013155e+01  6.4610290847325899e+01  8.8422717741665039e+01  8.5160076913451788e-01
3010   1.1265546362339832e+01  6.6927011527016305e+01  8.6105997061974648e+01  8.5160076913451765e-01
3011   1.1463187526591403e+01  6.7122120041949231e+01  8.5910888547041779e+01  8.5160076913451788e-01
3012   1.1858469855094553e+01  6.7512337071815097e+01  8.5520671517175998e+01  8.5160076913451788e-01
3013   1.2253752183597710e+01  6.7902554101680849e+01  8.5130454487310175e+01  8.5160076913451765e-01
3014   1.2451393347849285e+01  6.8097662616613704e+01  8.4935345972377249e+01  8.5160076913451765e-01
3015   5.7477485436690561e+00  6.8842099406863298e+01  8.4190909182127626e+01  8.9846368414466993e-01
3016   5.8485862374176358e+00  6.9070805954776020e+01  8.3962202634215018e+01  8.9846368414466993e-01
3017   6.0502616249147971e+00  6.9528219050601422e+01  8.3504789538389701e+01  8.9846368414466993e-01
3018   6.2519370124119549e+00  6.9985632146426710e+01  8.3047376442564328e+01  8.9846368414466993e-01
3019   6.3527747061605355e+00  7.0214338694339347e+01  8.2818669894651592e+01  8.9846368414466993e-01
3020   1.8641362269829616e+00  6.9240855018385020e+01  8.3792153570605905e+01  9.6094757082487314e-01
3021   1.8968403713159956e+00  6.9476557278780604e+01  8.3556451310210420e+01  9.6094757082487314e-01
3022   1.9622486599820645e+00  6.9947961799571672e+01  8.3085046789419451e+01  9.6094757082487314e-01
3023   2.0276569486481333e+00  7.0419366320362641e+01  8.2613642268628396e+01  9.6094757082487314e-01
3024   2.0603610929811675e+00  7.0655068580758098e+01  8.2377940008232827e+01  9.6094757082487314e-01
3025   0.0000000000000000e+00  6.9240855018385034e+01  8.3792153570605890e+01  1.0000000000000000e+00
3026   0.0000000000000000e+00  6.9476557278780604e+01  8.3556451310210420e+01  1.0000000000000000e+00
3027   0.0000000000000000e+00  6.9947961799571672e+01  8.3085046789419437e+01  1.0000000000000000e+00
3028   0.0000000000000000e+00  7.0419366320362641e+01  8.2613642268628382e+01  1.0000000000000000e+00
3029   0.0000000000000000e+00  7.0655068580758098e+01  8.2377940008232827e+01  1.0000000000000000e+00
3030   1.9000000000000000e+01  6.1543386925411717e+01  1.0032845642841126e+02  9.6094757082487314e-01
3031   1.9333333333333336e+01  6.1566512247642514e+01  1.0030533110618049e+02  9.6094757082487314e-01
3032   1.9999999999999996e+01  6.1612762892104115e+01  1.0025908046171891e+02  9.6094757082487314e-01
3033   2.0666666666666668e+01  6.1659013536565681e+01  1.0021282981725732e+02  9.6094757082487314e-01
3034   2.1000000000000000e+01  6.1682138858796463e+01  1.0018970449502649e+02  9.6094757082487314e-01
3035   1.8436074406113576e+01  6.4289515530040049e+01  9.7582327823782876e+01  8.9846368414467004e-01
3036   1.8759514307975220e+01  6.4360818547088897e+01  9.7511024806734071e+01  8.9846368414467004e-01
3037   1.9406394111698500e+01  6.4503424581186579e+01  9.7368418772636431e+01  8.9846368414467004e-01
3038   2.0053273915421780e+01  6.4646030615284232e+01  9.7225812738538735e+01  8.9846368414467004e-01
3039   2.0376713817283434e+01  6.4717333632333037e+01  9.7154509721489873e+01  8.9846368414467004e-01
3040   1.5727731153297620e+01  6.8191187784838476e+01  9.3680655568984363e+01  8.5160076913451777e-01
3041   1.6003656261250210e+01  6.8330941192322399e+01  9.3540902161500483e+01  8.5160076913451777e-01
3042   1.6555506477155390e+01  6.8610448007290216e+01  9.3261395346532780e+01  8.5160076913451777e-01
3043   1.7107356693060566e+01  6.8889954822257963e+01  9.2981888531564934e+01  8.5160076913451777e-01
3044   1.7383281801013158e+01  6.9029708229741814e+01  9.2842135124080997e+01  8.5160076913451777e-01
3045   1.1265546362339828e+01  7.1346428909432191e+01  9.0525414444390563e+01  8.5160076913451777e-01
3046   1.1463187526591405e+01  7.1541537424365131e+01  9.0330305929457722e+01  8.5160076913451777e-01
3047   1.1858469855094555e+01  7.1931754454230997e+01  8.9940088899591956e+01  8.5160076913451777e-01
3048   1.2253752183597706e+01  7.2321971484096750e+01  8.9549871869726104e+01  8.5160076913451777e-01
3049   1.2451393347849281e+01  7.2517079999029605e+01  8.9354763354793150e+01  8.5160076913451777e-01
3050   5.7477485436690543e+00  7.3261516789279199e+01  8.8610326564543556e+01  8.9846368414467004e-01
3051   5.8485862374176367e+00  7.3490223337191921e+01  8.8381620016630947e+01  8.9846368414467004e-01
3052   6.0502616249147954e+00  7.3947636433017323e+01  8.7924206920805631e+01  8.9846368414467004e-01
3053   6.2519370124119558e+00  7.4405049528842596e+01  8.7466793824980243e+01  8.9846368414467004e-01
3054   6.3527747061605346e+00  7.4633756076755233e+01  8.7238087277067521e+01  8.9846368414467004e-01
3055   1.8641362269829616e+00  7.3660272400800920e+01  8.8211570953021806e+01  9.6094757082487314e-01
3056   1.8968403713159958e+00  7.3895974661196504e+01  8.7975868692626349e+01  9.6094757082487314e-01
3057   1.9622486599820645e+00  7.4367379181987587e+01  8.7504464171835394e+01  9.6094757082487314e-01
3058   2.0276569486481328e+00  7.4838783702778542e+01  8.7033059651044312e+01  9.6094757082487314e-01
3059   2.0603610929811680e+00  7.5074485963173998e+01  8.6797357390648742e+01  9.6094757082487314e-01
3060   0.0000000000000000e+00  7.3660272400800935e+01  8.8211570953021820e+01  1.0000000000000000e+00
3061   0.0000000000000000e+00  7.3895974661196504e+01  8.7975868692626349e+01  1.0000000000000000e+00
3062   0.0000000000000000e+00  7.4367379181987587e+01  8.7504464171835394e+01  1.0000000000000000e+00
3063   0.0000000000000000e+00  7.4838783702778542e+01  8.7033059651044312e+01  1.0000000000000000e+00
3064   0.0000000000000000e+00  7.5074485963173998e+01  8.6797357390648756e+01  1.0000000000000000e+00
3065   1.9000000000000000e+01  6.5962804307827625e+01  1.0474787381082720e+02  9.6094757082487314e-01
3066   1.9333333333333336e+01  6.5985929630058436e+01  1.0472474848859642e+02  9.6094757082487314e-01
3067   2.0000000000000004e+01  6.6032180274520016e+01  1.0467849784413485e+02  9.6094757082487314e-01
3068   2.0666666666666668e+01  6.6078430918981596e+01  1.0463224719967324e+02  9.6094757082487314e-01
3069   2.1000000000000000e+01  6.6101556241212378e+01  1.0460912187744246e+02  9.6094757082487314e-01
3070   1.8436074406113573e+01  6.8708932912455964e+01  1.0200174520619879e+02  8.9846368414467004e-01
3071   1.8759514307975220e+01  6.8780235929504812e+01  1.0193044218915001e+02  8.9846368414467004e-01
3072   1.9406394111698500e+01  6.8922841963602480e+01  1.0178783615505235e+02  8.9846368414467004e-01
3073   2.0053273915421780e+01  6.9065447997700133e+01  1.0164523012095468e+02  8.9846368414467004e-01
3074   2.0376713817283427e+01  6.9136751014748938e+01  1.0157392710390582e+02  8.9846368414467004e-01
3075   1.5727731153297620e+01  7.2610605167254377e+01  9.8100072951400293e+01  8.5160076913451777e-01
3076   1.6003656261250207e+01  7.2750358574738300e+01  9.7960319543916427e+01  8.5160076913451777e-01
3077   1.6555506477155390e+01  7.3029865389706117e+01  9.7680812728948709e+01  8.5160076913451777e-01
3078   1.7107356693060563e+01  7.3309372204673878e+01  9.7401305913980877e+01  8.5160076913451777e-01
3079   1.7383281801013155e+01  7.3449125612157729e+01  9.7261552506496940e+01  8.5160076913451777e-01
3080   1.1265546362339828e+01  7.5765846291848092e+01  9.4944831826806492e+01  8.5160076913451777e-01
3081   1.1463187526591403e+01  7.5960954806781061e+01  9.4749723311873652e+01  8.5160076913451777e-01
3082   1.1858469855094555e+01  7.6351171836646913e+01  9.4359506282007899e+01  8.5160076913451777e-01
3083   1.2253752183597708e+01  7.6741388866512651e+01  9.3969289252142033e+01  8.5160076913451777e-01
3084   1.2451393347849283e+01  7.6936497381445534e+01  9.3774180737209093e+01  8.5160076913451777e-01
3085   5.7477485436690543e+00  7.7680934171695100e+01  9.3029743946959471e+01  8.9846368414467004e-01
3086   5.8485862374176367e+00  7.7909640719607822e+01  9.2801037399046862e+01  8.9846368414467004e-01
3087   6.0502616249147954e+00  7.8367053815433238e+01  9.2343624303221574e+01  8.9846368414467004e-01
3088   6.2519370124119540e+00  7.8824466911258526e+01  9.1886211207396173e+01  8.9846368414467004e-01
3089   6.3527747061605355e+00  7.9053173459171134e+01  9.1657504659483436e+01  8.9846368414467004e-01
3090   1.8641362269829616e+00  7.8079689783216821e+01  9.2630988335437721e+01  9.6094757082487314e-01
3091   1.8968403713159954e+00  7.8315392043612405e+01  9.2395286075042264e+01  9.6094757082487314e-01
3092   1.9622486599820645e+00  7.8786796564403502e+01  9.1923881554251324e+01  9.6094757082487314e-01
3093   2.0276569486481333e+00  7.9258201085194443e+01  9.1452477033460241e+01  9.6094757082487314e-01
3094   2.0603610929811675e+00  7.9493903345589899e+01  9.1216774773064657e+01  9.6094757082487314e-01
3095   0.0000000000000000e+00  7.8079689783216850e+01  9.2630988335437721e+01  1.0000000000000000e+00
3096   0.0000000000000000e+00  7.8315392043612405e+01  9.2395286075042279e+01  1.0000000000000000e+00
3097   0.0000000000000000e+00  7.8786796564403502e+01  9.1923881554251338e+01  1.0000000000000000e+00
3098   0.0000000000000000e+00  7.9258201085194457e+01  9.1452477033460241e+01  1.0000000000000000e+00
3099   0.0000000000000000e+00  7.9493903345589899e+01  9.1216774773064657e+01  1.0000000000000000e+00
3100   1.9000000000000000e+01  7.0382221690243540e+01  1.0916729119324314e+02  9.6094757082487314e-01
3101   1.9333333333333336e+01  7.0405347012474351e+01  1.0914416587101235e+02  9.6094757082487314e-01
3102   1.9999999999999996e+01  7.0451597656935931e+01  1.0909791522655078e+02  9.6094757082487314e-01
3103   2.0666666666666668e+01  7.0497848301397497e+01  1.0905166458208920e+02  9.6094757082487314e-01
3104   2.0999999999999996e+01  7.0520973623628279e+01  1.0902853925985839e+02  9.6094757082487314e-01
3105   1.8436074406113573e+01  7.3128350294871865e+01  1.0642116258861476e+02  8.9846368414467004e-01
3106   1.8759514307975220e+01  7.3199653311920713e+01  1.0634985957156594e+02  8.9846368414467004e-01
3107   1.9406394111698500e+01  7.3342259346018395e+01  1.0620725353746830e+02  8.9846368414467004e-01
3108   2.0053273915421787e+01  7.3484865380116034e+01  1.0606464750337061e+02  8.9846368414467004e-01
3109   2.0376713817283424e+01  7.3556168397164839e+01  1.0599334448632176e+02  8.9846368414467004e-01
3110   1.5727731153297620e+01  7.7030022549670292e+01  1.0251949033381622e+02  8.5160076913451777e-01
3111   1.6003656261250210e+01  7.7169775957154215e+01  1.0237973692633237e+02  8.5160076913451777e-01
3112   1.6555506477155394e+01  7.7449282772122032e+01  1.0210023011136464e+02  8.5160076913451777e-01
3113   1.7107356693060566e+01  7.7728789587089778e+01  1.0182072329639681e+02  8.5160076913451777e-01
3114   1.7383281801013158e+01  7.7868542994573616e+01  1.0168096988891288e+02  8.5160076913451777e-01
3115   1.1265546362339830e+01  8.0185263674264007e+01  9.9364249209222407e+01  8.5160076913451777e-01
3116   1.1463187526591405e+01  8.0380372189196976e+01  9.9169140694289567e+01  8.5160076913451777e-01
3117   1.1858469855094555e+01  8.0770589219062828e+01  9.8778923664423843e+01  8.5160076913451777e-01
3118   1.2253752183597706e+01  8.1160806248928566e+01  9.8388706634557977e+01  8.5160076913451777e-01
3119   1.2451393347849285e+01  8.1355914763861421e+01  9.8193598119625008e+01  8.5160076913451777e-01
3120   5.7477485436690543e+00  8.2100351554111015e+01  9.7449161329375372e+01  8.9846368414467004e-01
3121   5.8485862374176349e+00  8.2329058102023723e+01  9.7220454781462792e+01  8.9846368414467004e-01
3122   6.0502616249147954e+00  8.2786471197849153e+01  9.6763041685637504e+01  8.9846368414467004e-01
3123   6.2519370124119531e+00  8.3243884293674427e+01  9.6305628589812102e+01  8.9846368414467004e-01
3124   6.3527747061605346e+00  8.3472590841587035e+01  9.6076922041899380e+01  8.9846368414467004e-01
3125   1.8641362269829616e+00  8.2499107165632765e+01  9.7050405717853636e+01  9.6094757082487314e-01
3126   1.8968403713159958e+00  8.2734809426028306e+01  9.6814703457458208e+01  9.6094757082487314e-01
3127   1.9622486599820645e+00  8.3206213946819418e+01  9.6343298936667239e+01  9.6094757082487314e-01
3128   2.0276569486481333e+00  8.3677618467610372e+01  9.5871894415876170e+01  9.6094757082487314e-01
3129   2.0603610929811680e+00  8.3913320728005800e+01  9.5636192155480600e+01  9.6094757082487314e-01
3130   0.0000000000000000e+00  8.2499107165632765e+01  9.7050405717853650e+01  1.0000000000000000e+00
3131   0.0000000000000000e+00  8.2734809426028335e+01  9.6814703457458222e+01  1.0000000000000000e+00
3132   0.0000000000000000e+00  8.3206213946819389e+01  9.6343298936667267e+01  1.0000000000000000e+00
3133   0.0000000000000000e+00  8.3677618467610372e+01  9.5871894415876170e+01  1.0000000000000000e+00
3134   0.0000000000000000e+00  8.3913320728005800e+01  9.5636192155480600e+01  1.0000000000000000e+00
3135   1.9000000000000000e+01  7.4801639072659427e+01  1.1358670857565909e+02  9.6094757082487325e-01
3136   1.9333333333333332e+01  7.4824764394890238e+01  1.1356358325342829e+02  9.6094757082487325e-01
3137   1.9999999999999996e+01  7.4871015039351832e+01  1.1351733260896673e+02  9.6094757082487325e-01
3138   2.0666666666666661e+01  7.4917265683813397e+01  1.1347108196450513e+02  9.6094757082487325e-01
3139   2.0999999999999996e+01  7.4940391006044180e+01  1.1344795664227432e+02  9.6094757082487325e-01
3140   1.8436074406113576e+01  7.7547767677287780e+01  1.1084057997103066e+02  8.9846368414467015e-01
3141   1.8759514307975220e+01  7.7619070694336628e+01  1.1076927695398187e+02  8.9846368414467015e-01
3142   1.9406394111698500e+01  7.7761676728434296e+01  1.1062667091988422e+02  8.9846368414467015e-01
3143   2.0053273915421784e+01  7.7904282762531935e+01  1.1048406488578654e+02  8.9846368414467015e-01
3144   2.0376713817283427e+01  7.7975585779580754e+01  1.1041276186873768e+02  8.9846368414467015e-01
3145   1.5727731153297619e+01  8.1449439932086193e+01  1.0693890771623214e+02  8.5160076913451788e-01
3146   1.6003656261250210e+01  8.1589193339570116e+01  1.0679915430874829e+02  8.5160076913451788e-01
3147   1.6555506477155390e+01  8.1868700154537933e+01  1.0651964749378057e+02  8.5160076913451788e-01
3148   1.7107356693060563e+01  8.2148206969505679e+01  1.0624014067881274e+02  8.5160076913451788e-01
3149   1.7383281801013155e+01  8.2287960376989545e+01  1.0610038727132878e+02  8.5160076913451788e-01
3150   1.1265546362339826e+01  8.4604681056679908e+01  1.0378366659163832e+02  8.5160076913451788e-01
3151   1.1463187526591403e+01  8.4799789571612862e+01  1.0358855807670548e+02  8.5160076913451788e-01
3152   1.1858469855094553e+01  8.5190006601478714e+01  1.0319834104683976e+02  8.5160076913451788e-01
3153   1.2253752183597706e+01  8.5580223631344452e+01  1.0280812401697392e+02  8.5160076913451788e-01
3154   1.2451393347849281e+01  8.5775332146277307e+01  1.0261301550204092e+02  8.5160076913451788e-01
3155   5.7477485436690543e+00  8.6519768936526901e+01  1.0186857871179129e+02  8.9846368414467015e-01
3156   5.8485862374176349e+00  8.6748475484439638e+01  1.0163987216387871e+02  8.9846368414467015e-01
3157   6.0502616249147945e+00  8.7205888580265054e+01  1.0118245906805345e+02  8.9846368414467015e-01
3158   6.2519370124119522e+00  8.7663301676090327e+01  1.0072504597222803e+02  8.9846368414467015e-01
3159   6.3527747061605337e+00  8.7892008224002950e+01  1.0049633942431527e+02  8.9846368414467015e-01
3160   1.8641362269829613e+00  8.6918524548048637e+01  1.0146982310026955e+02  9.6094757082487325e-01
3161   1.8968403713159954e+00  8.7154226808444221e+01  1.0123412083987411e+02  9.6094757082487325e-01
3162   1.9622486599820643e+00  8.7625631329235318e+01  1.0076271631908318e+02  9.6094757082487325e-01
3163   2.0276569486481328e+00  8.8097035850026245e+01  1.0029131179829210e+02  9.6094757082487325e-01
3164   2.0603610929811675e+00  8.8332738110421701e+01  1.0005560953789650e+02  9.6094757082487325e-01
3165   0.0000000000000000e+00  8.6918524548048666e+01  1.0146982310026956e+02  1.0000000000000000e+00
3166   0.0000000000000000e+00  8.7154226808444250e+01  1.0123412083987414e+02  1.0000000000000000e+00
3167   0.0000000000000000e+00  8.7625631329235318e+01  1.0076271631908321e+02  1.0000000000000000e+00
3168   0.0000000000000000e+00  8.8097035850026273e+01  1.0029131179829211e+02  1.0000000000000000e+00
3169   0.0000000000000000e+00  8.8332738110421715e+01  1.0005560953789653e+02  1.0000000000000000e+00
3170   1.9000000000000000e+01  7.9221056455075342e+01  1.1800612595807505e+02  9.6094757082487314e-01
3171   1.9333333333333336e+01  7.9244181777306153e+01  1.1798300063584426e+02  9.6094757082487314e-01
3172   1.9999999999999996e+01  7.9290432421767733e+01  1.1793674999138268e+02  9.6094757082487314e-01
3173   2.0666666666666664e+01  7.9336683066229313e+01  1.1789049934692109e+02  9.6094757082487314e-01
3174   2.1000000000000000e+01  7.9359808388460095e+01  1.1786737402469029e+02  9.6094757082487314e-01
3175   1.8436074406113576e+01  8.1967185059703695e+01  1.1525999735344664e+02  8.9846368414467004e-01
3176   1.8759514307975220e+01  8.2038488076752529e+01  1.1518869433639784e+02  8.9846368414467004e-01
3177   1.9406394111698503e+01  8.2181094110850211e+01  1.1504608830230021e+02  8.9846368414467004e-01
3178   2.0053273915421784e+01  8.2323700144947836e+01  1.1490348226820251e+02  8.9846368414467004e-01
3179   2.0376713817283427e+01  8.2395003161996655e+01  1.1483217925115362e+02  8.9846368414467004e-01
3180   1.5727731153297620e+01  8.5868857314502108e+01  1.1135832509864808e+02  8.5160076913451777e-01
3181   1.6003656261250210e+01  8.6008610721986031e+01  1.1121857169116423e+02  8.5160076913451777e-01
3182   1.6555506477155390e+01  8.6288117536953862e+01  1.1093906487619653e+02  8.5160076913451777e-01
3183   1.7107356693060563e+01  8.6567624351921594e+01  1.1065955806122868e+02  8.5160076913451777e-01
3184   1.7383281801013158e+01  8.6707377759405446e+01  1.1051980465374474e+02  8.5160076913451777e-01
3185   1.1265546362339828e+01  8.9024098439095823e+01  1.0820308397405427e+02  8.5160076913451777e-01
3186   1.1463187526591405e+01  8.9219206954028763e+01  1.0800797545912144e+02  8.5160076913451777e-01
3187   1.1858469855094556e+01  8.9609423983894644e+01  1.0761775842925572e+02  8.5160076913451777e-01
3188   1.2253752183597708e+01  8.9999641013760382e+01  1.0722754139938985e+02  8.5160076913451777e-01
3189   1.2451393347849283e+01  9.0194749528693237e+01  1.0703243288445685e+02  8.5160076913451777e-01
3190   5.7477485436690552e+00  9.0939186318942831e+01  1.0628799609420723e+02  8.9846368414467004e-01
3191   5.8485862374176349e+00  9.1167892866855567e+01  1.0605928954629466e+02  8.9846368414467004e-01
3192   6.0502616249147962e+00  9.1625305962680969e+01  1.0560187645046938e+02  8.9846368414467004e-01
3193   6.2519370124119540e+00  9.2082719058506243e+01  1.0514446335464396e+02  8.9846368414467004e-01
3194   6.3527747061605346e+00  9.2311425606418865e+01  1.0491575680673122e+02  8.9846368414467004e-01
3195   1.8641362269829613e+00  9.1337941930464567e+01  1.0588924048268548e+02  9.6094757082487314e-01
3196   1.8968403713159954e+00  9.1573644190860136e+01  1.0565353822229005e+02  9.6094757082487314e-01
3197   1.9622486599820645e+00  9.2045048711651233e+01  1.0518213370149914e+02  9.6094757082487314e-01
3198   2.0276569486481333e+00  9.2516453232442174e+01  1.0471072918070803e+02  9.6094757082487314e-01
3199   2.0603610929811675e+00  9.2752155492837616e+01  1.0447502692031242e+02  9.6094757082487314e-01
3200   0.0000000000000000e+00  9.1337941930464581e+01  1.0588924048268548e+02  1.0000000000000000e+00
3201   0.0000000000000000e+00  9.1573644190860151e+01  1.0565353822229007e+02  1.0000000000000000e+00
3202   0.0000000000000000e+00  9.2045048711651248e+01  1.0518213370149913e+02  1.0000000000000000e+00
3203   0.0000000000000000e+00  9.2516453232442174e+01  1.0471072918070806e+02  1.0000000000000000e+00
3204   0.0000000000000000e+00  9.2752155492837630e+01  1.0447502692031244e+02  1.0000000000000000e+00
3205   1.8999999999999996e+01  8.3640473837491257e+01  1.2242554334049098e+02  9.6094757082487314e-01
3206   1.9333333333333332e+01  8.3663599159722040e+01  1.2240241801826019e+02  9.6094757082487314e-01
3207   2.0000000000000004e+01  8.3709849804183648e+01  1.2235616737379864e+02  9.6094757082487314e-01
3208   2.0666666666666664e+01  8.3756100448645213e+01  1.2230991672933705e+02  9.6094757082487314e-01
3209   2.1000000000000000e+01  8.3779225770875996e+01  1.2228679140710624e+02  9.6094757082487314e-01
3210   1.8436074406113576e+01  8.6386602442119596e+01  1.1967941473586257e+02  8.9846368414467004e-01
3211   1.8759514307975220e+01  8.6457905459168430e+01  1.1960811171881377e+02  8.9846368414467004e-01
3212   1.9406394111698503e+01  8.6600511493266112e+01  1.1946550568471612e+02  8.9846368414467004e-01
3213   2.0053273915421784e+01  8.6743117527363751e+01  1.1932289965061844e+02  8.9846368414467004e-01
3214   2.0376713817283427e+01  8.6814420544412556e+01  1.1925159663356956e+02  8.9846368414467004e-01
3215   1.5727731153297620e+01  9.0288274696918023e+01  1.1577774248106401e+02  8.5160076913451777e-01
3216   1.6003656261250214e+01  9.0428028104401932e+01  1.1563798907358016e+02  8.5160076913451777e-01
3217   1.6555506477155390e+01  9.0707534919369735e+01  1.1535848225861247e+02  8.5160076913451777e-01
3218   1.7107356693060566e+01  9.0987041734337495e+01  1.1507897544364461e+02  8.5160076913451777e-01
3219   1.7383281801013158e+01  9.1126795141821347e+01  1.1493922203616067e+02  8.5160076913451777e-01
3220   1.1265546362339830e+01  9.3443515821511753e+01  1.1262250135647017e+02  8.5160076913451777e-01
3221   1.1463187526591403e+01  9.3638624336444693e+01  1.1242739284153737e+02  8.5160076913451777e-01
3222   1.1858469855094556e+01  9.4028841366310544e+01  1.1203717581167164e+02  8.5160076913451777e-01
3223   1.2253752183597708e+01  9.4419058396176283e+01  1.1164695878180579e+02  8.5160076913451777e-01
3224   1.2451393347849285e+01  9.4614166911109137e+01  1.1145185026687280e+02  8.5160076913451777e-01
3225   5.7477485436690543e+00  9.5358603701358732e+01  1.1070741347662315e+02  8.9846368414467004e-01
3226   5.8485862374176358e+00  9.5587310249271468e+01  1.1047870692871059e+02  8.9846368414467004e-01
3227   6.0502616249147954e+00  9.6044723345096884e+01  1.1002129383288532e+02  8.9846368414467004e-01
3228   6.2519370124119540e+00  9.6502136440922158e+01  1.0956388073705990e+02  8.9846368414467004e-01
3229   6.3527747061605355e+00  9.6730842988834766e+01  1.0933517418914712e+02  8.9846368414467004e-01
3230   1.8641362269829613e+00  9.5757359312880482e+01  1.1030865786510140e+02  9.6094757082487314e-01
3231   1.8968403713159956e+00  9.5993061573276051e+01  1.1007295560470600e+02  9.6094757082487314e-01
3232   1.9622486599820645e+00  9.6464466094067134e+01  1.0960155108391506e+02  9.6094757082487314e-01
3233   2.0276569486481333e+00  9.6935870614858089e+01  1.0913014656312397e+02  9.6094757082487314e-01
3234   2.0603610929811680e+00  9.7171572875253531e+01  1.0889444430272837e+02  9.6094757082487314e-01
3235   0.0000000000000000e+00  9.5757359312880482e+01  1.1030865786510141e+02  1.0000000000000000e+00
3236   0.0000000000000000e+00  9.5993061573276066e+01  1.1007295560470601e+02  1.0000000000000000e+00
3237   0.0000000000000000e+00  9.6464466094067134e+01  1.0960155108391507e+02  1.0000000000000000e+00
3238   0.0000000000000000e+00  9.6935870614858104e+01  1.0913014656312397e+02  1.0000000000000000e+00
3239   0.0000000000000000e+00  9.7171572875253545e+01  1.0889444430272839e+02  1.0000000000000000e+00
3240   1.8999999999999996e+01  8.8059891219907158e+01  1.2684496072290690e+02  9.6094757082487314e-01
3241   1.9333333333333339e+01  8.8083016542137969e+01  1.2682183540067614e+02  9.6094757082487314e-01
3242   1.9999999999999993e+01  8.8129267186599535e+01  1.2677558475621456e+02  9.6094757082487314e-01
3243   2.0666666666666668e+01  8.8175517831061114e+01  1.2672933411175298e+02  9.6094757082487314e-01
3244   2.1000000000000000e+01  8.8198643153291897e+01  1.2670620878952217e+02  9.6094757082487314e-01
3245   1.8436074406113576e+01  9.0806019824535497e+01  1.2409883211827849e+02  8.9846368414467004e-01
3246   1.8759514307975220e+01  9.0877322841584345e+01  1.2402752910122970e+02  8.9846368414467004e-01
3247   1.9406394111698500e+01  9.1019928875682012e+01  1.2388492306713206e+02  8.9846368414467004e-01
3248   2.0053273915421784e+01  9.1162534909779652e+01  1.2374231703303438e+02  8.9846368414467004e-01
3249   2.0376713817283427e+01  9.1233837926828471e+01  1.2367101401598551e+02  8.9846368414467004e-01
3250   1.5727731153297619e+01  9.4707692079333938e+01  1.2019715986347994e+02  8.5160076913451777e-01
3251   1.6003656261250210e+01  9.4847445486817847e+01  1.2005740645599609e+02  8.5160076913451777e-01
3252   1.6555506477155390e+01  9.5126952301785664e+01  1.1977789964102840e+02  8.5160076913451777e-01
3253   1.7107356693060566e+01  9.5406459116753410e+01  1.1949839282606057e+02  8.5160076913451777e-01
3254   1.7383281801013162e+01  9.5546212524237262e+01  1.1935863941857660e+02  8.5160076913451777e-01
3255   1.1265546362339828e+01  9.7862933203927668e+01  1.1704191873888611e+02  8.5160076913451777e-01
3256   1.1463187526591405e+01  9.8058041718860594e+01  1.1684681022395331e+02  8.5160076913451777e-01
3257   1.1858469855094555e+01  9.8448258748726460e+01  1.1645659319408757e+02  8.5160076913451777e-01
3258   1.2253752183597708e+01  9.8838475778592183e+01  1.1606637616422172e+02  8.5160076913451777e-01
3259   1.2451393347849283e+01  9.9033584293525053e+01  1.1587126764928871e+02  8.5160076913451777e-01
3260   5.7477485436690543e+00  9.9778021083774661e+01  1.1512683085903906e+02  8.9846368414467004e-01
3261   5.8485862374176358e+00  1.0000672763168737e+02  1.1489812431112649e+02  8.9846368414467004e-01
3262   6.0502616249147954e+00  1.0046414072751277e+02  1.1444071121530126e+02  8.9846368414467004e-01
3263   6.2519370124119540e+00  1.0092155382333804e+02  1.1398329811947583e+02  8.9846368414467004e-01
3264   6.3527747061605346e+00  1.0115026037125067e+02  1.1375459157156308e+02  8.9846368414467004e-01
3265   1.8641362269829613e+00  1.0017677669529640e+02  1.1472807524751732e+02  9.6094757082487314e-01
3266   1.8968403713159956e+00  1.0041247895569195e+02  1.1449237298712191e+02  9.6094757082487314e-01
3267   1.9622486599820645e+00  1.0088388347648305e+02  1.1402096846633101e+02  9.6094757082487314e-01
3268   2.0276569486481333e+00  1.0135528799727399e+02  1.1354956394553990e+02  9.6094757082487314e-01
3269   2.0603610929811675e+00  1.0159099025766943e+02  1.1331386168514429e+02  9.6094757082487314e-01
3270   0.0000000000000000e+00  1.0017677669529640e+02  1.1472807524751732e+02  1.0000000000000000e+00
3271   0.0000000000000000e+00  1.0041247895569197e+02  1.1449237298712193e+02  1.0000000000000000e+00
3272   0.0000000000000000e+00  1.0088388347648304e+02  1.1402096846633101e+02  1.0000000000000000e+00
3273   0.0000000000000000e+00  1.0135528799727399e+02  1.1354956394553990e+02  1.0000000000000000e+00
3274   0.0000000000000000e+00  1.0159099025766943e+02  1.1331386168514430e+02  1.0000000000000000e+00
3275   1.9000000000000004e+01  9.2479308602323059e+01  1.3126437810532286e+02  9.6094757082487314e-01
3276   1.9333333333333332e+01  9.2502433924553856e+01  1.3124125278309208e+02  9.6094757082487314e-01
3277   1.9999999999999993e+01  9.2548684569015464e+01  1.3119500213863051e+02  9.6094757082487314e-01
3278   2.0666666666666664e+01  9.2594935213477029e+01  1.3114875149416895e+02  9.6094757082487314e-01
3279   2.1000000000000000e+01  9.2618060535707798e+01  1.3112562617193811e+02  9.6094757082487314e-01
3280   1.8436074406113576e+01  9.5225437206951398e+01  1.2851824950069445e+02  8.9846368414467004e-01
3281   1.8759514307975220e+01  9.5296740224000231e+01  1.2844694648364566e+02  8.9846368414467004e-01
3282   1.9406394111698500e+01  9.5439346258097927e+01  1.2830434044954802e+02  8.9846368414467004e-01
3283   2.0053273915421784e+01  9.5581952292195552e+01  1.2816173441545033e+02  8.9846368414467004e-01
3284   2.0376713817283427e+01  9.5653255309244372e+01  1.2809043139840142e+02  8.9846368414467004e-01
3285   1.5727731153297622e+01  9.9127109461749853e+01  1.2461657724589588e+02  8.5160076913451765e-01
3286   1.6003656261250214e+01  9.9266862869233748e+01  1.2447682383841205e+02  8.5160076913451765e-01
3287   1.6555506477155390e+01  9.9546369684201579e+01  1.2419731702344437e+02  8.5160076913451765e-01
3288   1.7107356693060566e+01  9.9825876499169340e+01  1.2391781020847651e+02  8.5160076913451765e-01
3289   1.7383281801013162e+01  9.9965629906653177e+01  1.2377805680099254e+02  8.5160076913451765e-01
3290   1.1265546362339830e+01  1.0228235058634360e+02  1.2146133612130205e+02  8.5160076913451765e-01
3291   1.1463187526591406e+01  1.0247745910127649e+02  1.2126622760636926e+02  8.5160076913451765e-01
3292   1.1858469855094556e+01  1.0286767613114237e+02  1.2087601057650353e+02  8.5160076913451765e-01
3293   1.2253752183597710e+01  1.0325789316100811e+02  1.2048579354663767e+02  8.5160076913451765e-01
3294   1.2451393347849285e+01  1.0345300167594097e+02  1.2029068503170467e+02  8.5160076913451765e-01
3295   5.7477485436690543e+00  1.0419743846619058e+02  1.1954624824145499e+02  8.9846368414467004e-01
3296   5.8485862374176358e+00  1.0442614501410328e+02  1.1931754169354245e+02  8.9846368414467004e-01
3297   6.0502616249147954e+00  1.0488355810992867e+02  1.1886012859771719e+02  8.9846368414467004e-01
3298   6.2519370124119540e+00  1.0534097120575397e+02  1.1840271550189176e+02  8.9846368414467004e-01
3299   6.3527747061605355e+00  1.0556967775366660e+02  1.1817400895397900e+02  8.9846368414467004e-01
3300   1.8641362269829616e+00  1.0459619407771231e+02  1.1914749262993324e+02  9.6094757082487314e-01
3301   1.8968403713159956e+00  1.0483189633810787e+02  1.1891179036953784e+02  9.6094757082487314e-01
3302   1.9622486599820645e+00  1.0530330085889896e+02  1.1844038584874694e+02  9.6094757082487314e-01
3303   2.0276569486481333e+00  1.0577470537968991e+02  1.1796898132795583e+02  9.6094757082487314e-01
3304   2.0603610929811675e+00  1.0601040764008533e+02  1.1773327906756020e+02  9.6094757082487314e-01
3305   0.0000000000000000e+00  1.0459619407771233e+02  1.1914749262993325e+02  1.0000000000000000e+00
3306   0.0000000000000000e+00  1.0483189633810788e+02  1.1891179036953787e+02  1.0000000000000000e+00
3307   0.0000000000000000e+00  1.0530330085889895e+02  1.1844038584874696e+02  1.0000000000000000e+00
3308   0.0000000000000000e+00  1.0577470537968991e+02  1.1796898132795585e+02  1.0000000000000000e+00
3309   0.0000000000000000e+00  1.0601040764008535e+02  1.1773327906756023e+02  1.0000000000000000e+00
3310   1.9000000000000004e+01  9.6898725984738988e+01  1.3568379548773882e+02  9.6094757082487303e-01
3311   1.9333333333333343e+01  9.6921851306969785e+01  1.3566067016550804e+02  9.6094757082487303e-01
3312   2.0000000000000000e+01  9.6968101951431365e+01  1.3561441952104647e+02  9.6094757082487303e-01
3313   2.0666666666666668e+01  9.7014352595892930e+01  1.3556816887658485e+02  9.6094757082487303e-01
3314   2.1000000000000004e+01  9.7037477918123727e+01  1.3554504355435407e+02  9.6094757082487303e-01
3315   1.8436074406113576e+01  9.9644854589367284e+01  1.3293766688311038e+02  8.9846368414467004e-01
3316   1.8759514307975220e+01  9.9716157606416161e+01  1.3286636386606159e+02  8.9846368414467004e-01
3317   1.9406394111698500e+01  9.9858763640513828e+01  1.3272375783196398e+02  8.9846368414467004e-01
3318   2.0053273915421784e+01  1.0000136967461147e+02  1.3258115179786626e+02  8.9846368414467004e-01
3319   2.0376713817283427e+01  1.0007267269166027e+02  1.3250984878081738e+02  8.9846368414467004e-01
3320   1.5727731153297620e+01  1.0354652684416577e+02  1.2903599462831181e+02  8.5160076913451765e-01
3321   1.6003656261250214e+01  1.0368628025164969e+02  1.2889624122082799e+02  8.5160076913451765e-01
3322   1.6555506477155390e+01  1.0396578706661749e+02  1.2861673440586029e+02  8.5160076913451765e-01
3323   1.7107356693060566e+01  1.0424529388158521e+02  1.2833722759089247e+02  8.5160076913451765e-01
3324   1.7383281801013162e+01  1.0438504728906908e+02  1.2819747418340847e+02  8.5160076913451765e-01
3325   1.1265546362339830e+01  1.0670176796875948e+02  1.2588075350371797e+02  8.5160076913451765e-01
3326   1.1463187526591406e+01  1.0689687648369244e+02  1.2568564498878517e+02  8.5160076913451765e-01
3327   1.1858469855094556e+01  1.0728709351355828e+02  1.2529542795891949e+02  8.5160076913451765e-01
3328   1.2253752183597710e+01  1.0767731054342401e+02  1.2490521092905360e+02  8.5160076913451765e-01
3329   1.2451393347849287e+01  1.0787241905835688e+02  1.2471010241412060e+02  8.5160076913451765e-01
3330   5.7477485436690543e+00  1.0861685584860648e+02  1.2396566562387092e+02  8.9846368414467004e-01
3331   5.8485862374176358e+00  1.0884556239651920e+02  1.2373695907595838e+02  8.9846368414467004e-01
3332   6.0502616249147962e+00  1.0930297549234459e+02  1.2327954598013314e+02  8.9846368414467004e-01
3333   6.2519370124119540e+00  1.0976038858816987e+02  1.2282213288430771e+02  8.9846368414467004e-01
3334   6.3527747061605346e+00  1.0998909513608250e+02  1.2259342633639493e+02  8.9846368414467004e-01
3335   1.8641362269829616e+00  1.0901561146012824e+02  1.2356691001234918e+02  9.6094757082487303e-01
3336   1.8968403713159958e+00  1.0925131372052380e+02  1.2333120775195380e+02  9.6094757082487303e-01
3337   1.9622486599820648e+00  1.0972271824131487e+02  1.2285980323116291e+02  9.6094757082487303e-01
3338   2.0276569486481333e+00  1.1019412276210583e+02  1.2238839871037177e+02  9.6094757082487303e-01
3339   2.0603610929811680e+00  1.1042982502250129e+02  1.2215269644997615e+02  9.6094757082487303e-01
3340   0.0000000000000000e+00  1.0901561146012824e+02  1.2356691001234918e+02  1.0000000000000000e+00
3341   0.0000000000000000e+00  1.0925131372052380e+02  1.2333120775195380e+02  1.0000000000000000e+00
3342   0.0000000000000000e+00  1.0972271824131485e+02  1.2285980323116289e+02  1.0000000000000000e+00
3343   0.0000000000000000e+00  1.1019412276210582e+02  1.2238839871037176e+02  1.0000000000000000e+00
3344   0.0000000000000000e+00  1.1042982502250126e+02  1.2215269644997616e+02  1.0000000000000000e+00
3345   1.9000000000000000e+01  1.0131814336715485e+02  1.4010321287015475e+02  9.6094757082487314e-01
3346   1.9333333333333336e+01  1.0134126868938566e+02  1.4008008754792397e+02  9.6094757082487314e-01
3347   1.9999999999999996e+01  1.0138751933384725e+02  1.4003383690346237e+02  9.6094757082487314e-01
3348   2.0666666666666664e+01  1.0143376997830883e+02  1.3998758625900081e+02  9.6094757082487314e-01
3349   2.1000000000000000e+01  1.0145689530053960e+02  1.3996446093677000e+02  9.6094757082487314e-01
3350   1.8436074406113576e+01  1.0406427197178320e+02  1.3735708426552628e+02  8.9846368414467015e-01
3351   1.8759514307975220e+01  1.0413557498883205e+02  1.3728578124847752e+02  8.9846368414467015e-01
3352   1.9406394111698500e+01  1.0427818102292970e+02  1.3714317521437991e+02  8.9846368414467015e-01
3353   2.0053273915421784e+01  1.0442078705702735e+02  1.3700056918028221e+02  8.9846368414467015e-01
3354   2.0376713817283427e+01  1.0449209007407617e+02  1.3692926616323331e+02  8.9846368414467015e-01
3355   1.5727731153297620e+01  1.0796594422658166e+02  1.3345541201072774e+02  8.5160076913451777e-01
3356   1.6003656261250210e+01  1.0810569763406556e+02  1.3331565860324392e+02  8.5160076913451777e-01
3357   1.6555506477155394e+01  1.0838520444903335e+02  1.3303615178827624e+02  8.5160076913451777e-01
3358   1.7107356693060566e+01  1.0866471126400113e+02  1.3275664497330840e+02  8.5160076913451777e-01
3359   1.7383281801013158e+01  1.0880446467148499e+02  1.3261689156582440e+02  8.5160076913451777e-01
3360   1.1265546362339828e+01  1.1112118535117540e+02  1.3030017088613388e+02  8.5160076913451777e-01
3361   1.1463187526591405e+01  1.1131629386610831e+02  1.3010506237120109e+02  8.5160076913451777e-01
3362   1.1858469855094555e+01  1.1170651089597419e+02  1.2971484534133540e+02  8.5160076913451777e-01
3363   1.2253752183597708e+01  1.1209672792583993e+02  1.2932462831146950e+02  8.5160076913451777e-01
3364   1.2451393347849283e+01  1.1229183644077278e+02  1.2912951979653653e+02  8.5160076913451777e-01
3365   5.7477485436690543e+00  1.1303627323102241e+02  1.2838508300628683e+02  8.9846368414467015e-01
3366   5.8485862374176358e+00  1.1326497977893509e+02  1.2815637645837427e+02  8.9846368414467015e-01
3367   6.0502616249147945e+00  1.1372239287476050e+02  1.2769896336254907e+02  8.9846368414467015e-01
3368   6.2519370124119540e+00  1.1417980597058578e+02  1.2724155026672362e+02  8.9846368414467015e-01
3369   6.3527747061605337e+00  1.1440851251849840e+02  1.2701284371881086e+02  8.9846368414467015e-01
3370   1.8641362269829616e+00  1.1343502884254414e+02  1.2798632739476511e+02  9.6094757082487314e-01
3371   1.8968403713159958e+00  1.1367073110293970e+02  1.2775062513436970e+02  9.6094757082487314e-01
3372   1.9622486599820645e+00  1.1414213562373077e+02  1.2727922061357881e+02  9.6094757082487314e-01
3373   2.0276569486481333e+00  1.1461354014452171e+02  1.2680781609278770e+02  9.6094757082487314e-01
3374   2.0603610929811675e+00  1.1484924240491719e+02  1.2657211383239206e+02  9.6094757082487314e-01
3375   0.0000000000000000e+00  1.1343502884254414e+02  1.2798632739476510e+02  1.0000000000000000e+00
3376   0.0000000000000000e+00  1.1367073110293971e+02  1.2775062513436973e+02  1.0000000000000000e+00
3377   0.0000000000000000e+00  1.1414213562373075e+02  1.2727922061357881e+02  1.0000000000000000e+00
3378   0.0000000000000000e+00  1.1461354014452174e+02  1.2680781609278770e+02  1.0000000000000000e+00
3379   0.0000000000000000e+00  1.1484924240491719e+02  1.2657211383239209e+02  1.0000000000000000e+00
3380   1.9000000000000004e+01  1.0573756074957078e+02  1.4452263025257068e+02  9.6094757082487314e-01
3381   1.9333333333333336e+01  1.0576068607180157e+02  1.4449950493033990e+02  9.6094757082487314e-01
3382   1.9999999999999996e+01  1.0580693671626315e+02  1.4445325428587836e+02  9.6094757082487314e-01
3383   2.0666666666666664e+01  1.0585318736072472e+02  1.4440700364141674e+02  9.6094757082487314e-01
3384   2.1000000000000000e+01  1.0587631268295551e+02  1.4438387831918592e+02  9.6094757082487314e-01
3385   1.8436074406113576e+01  1.0848368935419911e+02  1.4177650164794224e+02  8.9846368414467004e-01
3386   1.8759514307975220e+01  1.0855499237124795e+02  1.4170519863089348e+02  8.9846368414467004e-01
3387   1.9406394111698500e+01  1.0869759840534562e+02  1.4156259259679587e+02  8.9846368414467004e-01
3388   2.0053273915421784e+01  1.0884020443944327e+02  1.4141998656269814e+02  8.9846368414467004e-01
3389   2.0376713817283427e+01  1.0891150745649207e+02  1.4134868354564927e+02  8.9846368414467004e-01
3390   1.5727731153297620e+01  1.1238536160899757e+02  1.3787482939314367e+02  8.5160076913451777e-01
3391   1.6003656261250210e+01  1.1252511501648146e+02  1.3773507598565982e+02  8.5160076913451777e-01
3392   1.6555506477155390e+01  1.1280462183144927e+02  1.3745556917069220e+02  8.5160076913451777e-01
3393   1.7107356693060566e+01  1.1308412864641704e+02  1.3717606235572430e+02  8.5160076913451777e-01
3394   1.7383281801013162e+01  1.1322388205390089e+02  1.3703630894824033e+02  8.5160076913451777e-01
3395   1.1265546362339828e+01  1.1554060273359131e+02  1.3471958826854981e+02  8.5160076913451777e-01
3396   1.1463187526591405e+01  1.1573571124852423e+02  1.3452447975361704e+02  8.5160076913451777e-01
3397   1.1858469855094555e+01  1.1612592827839006e+02  1.3413426272375136e+02  8.5160076913451777e-01
3398   1.2253752183597708e+01  1.1651614530825584e+02  1.3374404569388548e+02  8.5160076913451777e-01
3399   1.2451393347849283e+01  1.1671125382318870e+02  1.3354893717895246e+02  8.5160076913451777e-01
3400   5.7477485436690543e+00  1.1745569061343832e+02  1.3280450038870276e+02  8.9846368414467004e-01
3401   5.8485862374176358e+00  1.1768439716135103e+02  1.3257579384079025e+02  8.9846368414467004e-01
3402   6.0502616249147954e+00  1.1814181025717642e+02  1.3211838074496501e+02  8.9846368414467004e-01
3403   6.2519370124119531e+00  1.1859922335300172e+02  1.3166096764913956e+02  8.9846368414467004e-01
3404   6.3527747061605355e+00  1.1882792990091434e+02  1.3143226110122677e+02  8.9846368414467004e-01
3405   1.8641362269829609e+00  1.1785444622496007e+02  1.3240574477718101e+02  9.6094757082487314e-01
3406   1.8968403713159958e+00  1.1809014848535561e+02  1.3217004251678566e+02  9.6094757082487314e-01
3407   1.9622486599820645e+00  1.1856155300614668e+02  1.3169863799599477e+02  9.6094757082487314e-01
3408   2.0276569486481333e+00  1.1903295752693765e+02  1.3122723347520363e+02  9.6094757082487314e-01
3409   2.0603610929811675e+00  1.1926865978733309e+02  1.3099153121480799e+02  9.6094757082487314e-01
3410   0.0000000000000000e+00  1.1785444622496007e+02  1.3240574477718101e+02  1.0000000000000000e+00
3411   0.0000000000000000e+00  1.1809014848535563e+02  1.3217004251678566e+02  1.0000000000000000e+00
3412   0.0000000000000000e+00  1.1856155300614667e+02  1.3169863799599477e+02  1.0000000000000000e+00
3413   0.0000000000000000e+00  1.1903295752693764e+02  1.3122723347520363e+02  1.0000000000000000e+00
3414   0.0000000000000000e+00  1.1926865978733311e+02  1.3099153121480799e+02  1.0000000000000000e+00
3415   1.9000000000000004e+01  1.1015697813198669e+02  1.4894204763498664e+02  9.6094757082487303e-01
3416   1.9333333333333339e+01  1.1018010345421749e+02  1.4891892231275588e+02  9.6094757082487303e-01
3417   2.0000000000000000e+01  1.1022635409867907e+02  1.4887267166829429e+02  9.6094757082487303e-01
3418   2.0666666666666668e+01  1.1027260474314063e+02  1.4882642102383272e+02  9.6094757082487303e-01
3419   2.1000000000000004e+01  1.1029573006537142e+02  1.4880329570160191e+02  9.6094757082487303e-01
3420   1.8436074406113576e+01  1.1290310673661502e+02  1.4619591903035823e+02  8.9846368414467004e-01
3421   1.8759514307975220e+01  1.1297440975366388e+02  1.4612461601330943e+02  8.9846368414467004e-01
3422   1.9406394111698500e+01  1.1311701578776153e+02  1.4598200997921180e+02  8.9846368414467004e-01
3423   2.0053273915421784e+01  1.1325962182185917e+02  1.4583940394511410e+02  8.9846368414467004e-01
3424   2.0376713817283427e+01  1.1333092483890800e+02  1.4576810092806519e+02  8.9846368414467004e-01
3425   1.5727731153297619e+01  1.1680477899141349e+02  1.4229424677555960e+02  8.5160076913451777e-01
3426   1.6003656261250210e+01  1.1694453239889737e+02  1.4215449336807578e+02  8.5160076913451777e-01
3427   1.6555506477155390e+01  1.1722403921386517e+02  1.4187498655310810e+02  8.5160076913451777e-01
3428   1.7107356693060566e+01  1.1750354602883294e+02  1.4159547973814026e+02  8.5160076913451777e-01
3429   1.7383281801013162e+01  1.1764329943631681e+02  1.4145572633065629e+02  8.5160076913451777e-01
3430   1.1265546362339828e+01  1.1996002011600723e+02  1.3913900565096574e+02  8.5160076913451777e-01
3431   1.1463187526591405e+01  1.2015512863094015e+02  1.3894389713603297e+02  8.5160076913451777e-01
3432   1.1858469855094555e+01  1.2054534566080598e+02  1.3855368010616729e+02  8.5160076913451777e-01
3433   1.2253752183597708e+01  1.2093556269067173e+02  1.3816346307630138e+02  8.5160076913451777e-01
3434   1.2451393347849283e+01  1.2113067120560460e+02  1.3796835456136836e+02  8.5160076913451777e-01
3435   5.7477485436690552e+00  1.2187510799585424e+02  1.3722391777111869e+02  8.9846368414467004e-01
3436   5.8485862374176358e+00  1.2210381454376692e+02  1.3699521122320616e+02  8.9846368414467004e-01
3437   6.0502616249147954e+00  1.2256122763959230e+02  1.3653779812738094e+02  8.9846368414467004e-01
3438   6.2519370124119531e+00  1.2301864073541761e+02  1.3608038503155552e+02  8.9846368414467004e-01
3439   6.3527747061605346e+00  1.2324734728333026e+02  1.3585167848364270e+02  8.9846368414467004e-01
3440   1.8641362269829618e+00  1.2227386360737599e+02  1.3682516215959697e+02  9.6094757082487303e-01
3441   1.8968403713159958e+00  1.2250956586777154e+02  1.3658945989920159e+02  9.6094757082487303e-01
3442   1.9622486599820648e+00  1.2298097038856258e+02  1.3611805537841070e+02  9.6094757082487303e-01
3443   2.0276569486481333e+00  1.2345237490935355e+02  1.3564665085761956e+02  9.6094757082487303e-01
3444   2.0603610929811680e+00  1.2368807716974904e+02  1.3541094859722392e+02  9.6094757082487303e-01
3445   0.0000000000000000e+00  1.2227386360737600e+02  1.3682516215959694e+02  1.0000000000000000e+00
3446   0.0000000000000000e+00  1.2250956586777153e+02  1.3658945989920159e+02  1.0000000000000000e+00
3447   0.0000000000000000e+00  1.2298097038856258e+02  1.3611805537841070e+02  1.0000000000000000e+00
3448   0.0000000000000000e+00  1.2345237490935355e+02  1.3564665085761956e+02  1.0000000000000000e+00
3449   0.0000000000000000e+00  1.2368807716974902e+02  1.3541094859722392e+02  1.0000000000000000e+00
3450   1.9000000000000000e+01  1.1457639551440256e+02  1.5336146501740257e+02  9.6094757082487314e-01
3451   1.9333333333333336e+01  1.1459952083663336e+02  1.5333833969517178e+02  9.6094757082487314e-01
3452   1.9999999999999996e+01  1.1464577148109497e+02  1.5329208905071022e+02  9.6094757082487314e-01
3453   2.0666666666666664e+01  1.1469202212555652e+02  1.5324583840624865e+02  9.6094757082487314e-01
3454   2.1000000000000000e+01  1.1471514744778729e+02  1.5322271308401784e+02  9.6094757082487314e-01
3455   1.8436074406113576e+01  1.1732252411903093e+02  1.5061533641277413e+02  8.9846368414467004e-01
3456   1.8759514307975220e+01  1.1739382713607976e+02  1.5054403339572536e+02  8.9846368414467004e-01
3457   1.9406394111698500e+01  1.1753643317017743e+02  1.5040142736162773e+02  8.9846368414467004e-01
3458   2.0053273915421784e+01  1.1767903920427507e+02  1.5025882132753003e+02  8.9846368414467004e-01
3459   2.0376713817283427e+01  1.1775034222132390e+02  1.5018751831048115e+02  8.9846368414467004e-01
3460   1.5727731153297622e+01  1.2122419637382940e+02  1.4671366415797553e+02  8.5160076913451777e-01
3461   1.6003656261250207e+01  1.2136394978131327e+02  1.4657391075049171e+02  8.5160076913451777e-01
3462   1.6555506477155390e+01  1.2164345659628108e+02  1.4629440393552406e+02  8.5160076913451777e-01
3463   1.7107356693060566e+01  1.2192296341124884e+02  1.4601489712055618e+02  8.5160076913451777e-01
3464   1.7383281801013158e+01  1.2206271681873271e+02  1.4587514371307222e+02  8.5160076913451777e-01
3465   1.1265546362339828e+01  1.2437943749842313e+02  1.4355842303338167e+02  8.5160076913451777e-01
3466   1.1463187526591405e+01  1.2457454601335606e+02  1.4336331451844890e+02  8.5160076913451777e-01
3467   1.1858469855094555e+01  1.2496476304322189e+02  1.4297309748858322e+02  8.5160076913451777e-01
3468   1.2253752183597708e+01  1.2535498007308765e+02  1.4258288045871728e+02  8.5160076913451777e-01
3469   1.2451393347849283e+01  1.2555008858802053e+02  1.4238777194378432e+02  8.5160076913451777e-01
3470   5.7477485436690543e+00  1.2629452537827017e+02  1.4164333515353462e+02  8.9846368414467004e-01
3471   5.8485862374176358e+00  1.2652323192618283e+02  1.4141462860562211e+02  8.9846368414467004e-01
3472   6.0502616249147954e+00  1.2698064502200820e+02  1.4095721550979690e+02  8.9846368414467004e-01
3473   6.2519370124119531e+00  1.2743805811783351e+02  1.4049980241397142e+02  8.9846368414467004e-01
3474   6.3527747061605355e+00  1.2766676466574619e+02  1.4027109586605863e+02  8.9846368414467004e-01
3475   1.8641362269829613e+00  1.2669328098979189e+02  1.4124457954201287e+02  9.6094757082487314e-01
3476   1.8968403713159956e+00  1.2692898325018744e+02  1.4100887728161752e+02  9.6094757082487314e-01
3477   1.9622486599820645e+00  1.2740038777097848e+02  1.4053747276082663e+02  9.6094757082487314e-01
3478   2.0276569486481333e+00  1.2787179229176945e+02  1.4006606824003546e+02  9.6094757082487314e-01
3479   2.0603610929811675e+00  1.2810749455216492e+02  1.3983036597963985e+02  9.6094757082487314e-01
3480   0.0000000000000000e+00  1.2669328098979193e+02  1.4124457954201287e+02  1.0000000000000000e+00
3481   0.0000000000000000e+00  1.2692898325018746e+02  1.4100887728161752e+02  1.0000000000000000e+00
3482   0.0000000000000000e+00  1.2740038777097848e+02  1.4053747276082663e+02  1.0000000000000000e+00
3483   0.0000000000000000e+00  1.2787179229176948e+02  1.4006606824003549e+02  1.0000000000000000e+00
3484   0.0000000000000000e+00  1.2810749455216495e+02  1.3983036597963988e+02  1.0000000000000000e+00
3485   1.9000000000000000e+01  1.1899581289681846e+02  1.5778088239981849e+02  9.6094757082487314e-01
3486   1.9333333333333336e+01  1.1901893821904926e+02  1.5775775707758777e+02  9.6094757082487314e-01
3487   1.9999999999999996e+01  1.1906518886351084e+02  1.5771150643312617e+02  9.6094757082487314e-01
3488   2.0666666666666664e+01  1.1911143950797243e+02  1.5766525578866458e+02  9.6094757082487314e-01
3489   2.1000000000000000e+01  1.1913456483020322e+02  1.5764213046643377e+02  9.6094757082487314e-01
3490   1.8436074406113576e+01  1.2174194150144683e+02  1.5503475379519006e+02  8.9846368414467004e-01
3491   1.8759514307975220e+01  1.2181324451849568e+02  1.5496345077814129e+02  8.9846368414467004e-01
3492   1.9406394111698500e+01  1.2195585055259332e+02  1.5482084474404365e+02  8.9846368414467004e-01
3493   2.0053273915421784e+01  1.2209845658669097e+02  1.5467823870994596e+02  8.9846368414467004e-01
3494   2.0376713817283427e+01  1.2216975960373979e+02  1.5460693569289705e+02  8.9846368414467004e-01
3495   1.5727731153297622e+01  1.2564361375624530e+02  1.5113308154039146e+02  8.5160076913451777e-01
3496   1.6003656261250210e+01  1.2578336716372918e+02  1.5099332813290764e+02  8.5160076913451777e-01
3497   1.6555506477155390e+01  1.2606287397869697e+02  1.5071382131794002e+02  8.5160076913451777e-01
3498   1.7107356693060566e+01  1.2634238079366477e+02  1.5043431450297211e+02  8.5160076913451777e-01
3499   1.7383281801013158e+01  1.2648213420114861e+02  1.5029456109548815e+02  8.5160076913451777e-01
3500   1.1265546362339828e+01  1.2879885488083906e+02  1.4797784041579760e+02  8.5160076913451777e-01
3501   1.1463187526591405e+01  1.2899396339577194e+02  1.4778273190086483e+02  8.5160076913451777e-01
3502   1.1858469855094555e+01  1.2938418042563779e+02  1.4739251487099915e+02  8.5160076913451777e-01
3503   1.2253752183597708e+01  1.2977439745550356e+02  1.4700229784113327e+02  8.5160076913451777e-01
3504   1.2451393347849285e+01  1.2996950597043644e+02  1.4680718932620024e+02  8.5160076913451777e-01
3505   5.7477485436690543e+00  1.3071394276068608e+02  1.4606275253595055e+02  8.9846368414467004e-01
3506   5.8485862374176358e+00  1.3094264930859876e+02  1.4583404598803804e+02  8.9846368414467004e-01
3507   6.0502616249147954e+00  1.3140006240442412e+02  1.4537663289221283e+02  8.9846368414467004e-01
3508   6.2519370124119540e+00  1.3185747550024945e+02  1.4491921979638735e+02  8.9846368414467004e-01
3509   6.3527747061605346e+00  1.3208618204816207e+02  1.4469051324847456e+02  8.9846368414467004e-01
3510   1.8641362269829613e+00  1.3111269837220783e+02  1.4566399692442880e+02  9.6094757082487314e-01
3511   1.8968403713159956e+00  1.3134840063260336e+02  1.4542829466403344e+02  9.6094757082487314e-01
3512   1.9622486599820648e+00  1.3181980515339438e+02  1.4495689014324256e+02  9.6094757082487314e-01
3513   2.0276569486481333e+00  1.3229120967418538e+02  1.4448548562245145e+02  9.6094757082487314e-01
3514   2.0603610929811675e+00  1.3252691193458085e+02  1.4424978336205578e+02  9.6094757082487314e-01
3515   0.0000000000000000e+00  1.3111269837220783e+02  1.4566399692442880e+02  1.0000000000000000e+00
3516   0.0000000000000000e+00  1.3134840063260336e+02  1.4542829466403344e+02  1.0000000000000000e+00
3517   0.0000000000000000e+00  1.3181980515339438e+02  1.4495689014324259e+02  1.0000000000000000e+00
3518   0.0000000000000000e+00  1.3229120967418538e+02  1.4448548562245142e+02  1.0000000000000000e+00
3519   0.0000000000000000e+00  1.3252691193458088e+02  1.4424978336205578e+02  1.0000000000000000e+00
3520   1.9000000000000000e+01  1.2341523027923435e+02  1.6220029978223445e+02  9.6094757082487314e-01
3521   1.9333333333333336e+01  1.2343835560146515e+02  1.6217717446000370e+02  9.6094757082487314e-01
3522   1.9999999999999996e+01  1.2348460624592676e+02  1.6213092381554213e+02  9.6094757082487314e-01
3523   2.0666666666666664e+01  1.2353085689038832e+02  1.6208467317108051e+02  9.6094757082487314e-01
3524   2.1000000000000000e+01  1.2355398221261912e+02  1.6206154784884970e+02  9.6094757082487314e-01
3525   1.8436074406113576e+01  1.2616135888386273e+02  1.5945417117760599e+02  8.9846368414467004e-01
3526   1.8759514307975216e+01  1.2623266190091155e+02  1.5938286816055725e+02  8.9846368414467004e-01
3527   1.9406394111698500e+01  1.2637526793500922e+02  1.5924026212645964e+02  8.9846368414467004e-01
3528   2.0053273915421784e+01  1.2651787396910687e+02  1.5909765609236189e+02  8.9846368414467004e-01
3529   2.0376713817283427e+01  1.2658917698615572e+02  1.5902635307531301e+02  8.9846368414467004e-01
3530   1.5727731153297619e+01  1.3006303113866124e+02  1.5555249892280742e+02  8.5160076913451777e-01
3531   1.6003656261250210e+01  1.3020278454614510e+02  1.5541274551532356e+02  8.5160076913451777e-01
3532   1.6555506477155390e+01  1.3048229136111289e+02  1.5513323870035595e+02  8.5160076913451777e-01
3533   1.7107356693060566e+01  1.3076179817608067e+02  1.5485373188538804e+02  8.5160076913451777e-01
3534   1.7383281801013158e+01  1.3090155158356455e+02  1.5471397847790408e+02  8.5160076913451777e-01
3535   1.1265546362339828e+01  1.3321827226325499e+02  1.5239725779821353e+02  8.5160076913451777e-01
3536   1.1463187526591405e+01  1.3341338077818787e+02  1.5220214928328076e+02  8.5160076913451777e-01
3537   1.1858469855094555e+01  1.3380359780805369e+02  1.5181193225341508e+02  8.5160076913451777e-01
3538   1.2253752183597708e+01  1.3419381483791946e+02  1.5142171522354920e+02  8.5160076913451777e-01
3539   1.2451393347849283e+01  1.3438892335285234e+02  1.5122660670861617e+02  8.5160076913451777e-01
3540   5.7477485436690543e+00  1.3513336014310201e+02  1.5048216991836648e+02  8.9846368414467004e-01
3541   5.8485862374176358e+00  1.3536206669101466e+02  1.5025346337045397e+02  8.9846368414467004e-01
3542   6.0502616249147954e+00  1.3581947978684005e+02  1.4979605027462875e+02  8.9846368414467004e-01
3543   6.2519370124119540e+00  1.3627689288266535e+02  1.4933863717880328e+02  8.9846368414467004e-01
3544   6.3527747061605346e+00  1.3650559943057800e+02  1.4910993063089049e+02  8.9846368414467004e-01
3545   1.8641362269829613e+00  1.3553211575462376e+02  1.5008341430684473e+02  9.6094757082487314e-01
3546   1.8968403713159956e+00  1.3576781801501926e+02  1.4984771204644937e+02  9.6094757082487314e-01
3547   1.9622486599820643e+00  1.3623922253581028e+02  1.4937630752565852e+02  9.6094757082487314e-01
3548   2.0276569486481333e+00  1.3671062705660128e+02  1.4890490300486735e+02  9.6094757082487314e-01
3549   2.0603610929811675e+00  1.3694632931699678e+02  1.4866920074447171e+02  9.6094757082487314e-01
3550   0.0000000000000000e+00  1.3553211575462376e+02  1.5008341430684473e+02  1.0000000000000000e+00
3551   0.0000000000000000e+00  1.3576781801501926e+02  1.4984771204644937e+02  1.0000000000000000e+00
3552   0.0000000000000000e+00  1.3623922253581028e+02  1.4937630752565849e+02  1.0000000000000000e+00
3553   0.0000000000000000e+00  1.3671062705660128e+02  1.4890490300486738e+02  1.0000000000000000e+00
3554   0.0000000000000000e+00  1.3694632931699678e+02  1.4866920074447171e+02  1.0000000000000000e+00
3555   1.9000000000000000e+01  1.2783464766165027e+02  1.6661971716465038e+02  9.6094757082487314e-01
3556   1.9333333333333336e+01  1.2785777298388106e+02  1.6659659184241963e+02  9.6094757082487314e-01
3557   1.9999999999999996e+01  1.2790402362834264e+02  1.6655034119795803e+02  9.6094757082487314e-01
3558   2.0666666666666668e+01  1.2795027427280421e+02  1.6650409055349647e+02  9.6094757082487314e-01
3559   2.1000000000000004e+01  1.2797339959503500e+02  1.6648096523126566e+02  9.6094757082487314e-01
3560   1.8436074406113576e+01  1.3058077626627863e+02  1.6387358856002194e+02  8.9846368414467004e-01
3561   1.8759514307975220e+01  1.3065207928332745e+02  1.6380228554297318e+02  8.9846368414467004e-01
3562   1.9406394111698500e+01  1.3079468531742512e+02  1.6365967950887554e+02  8.9846368414467004e-01
3563   2.0053273915421784e+01  1.3093729135152276e+02  1.6351707347477787e+02  8.9846368414467004e-01
3564   2.0376713817283427e+01  1.3100859436857161e+02  1.6344577045772894e+02  8.9846368414467004e-01
3565   1.5727731153297619e+01  1.3448244852107715e+02  1.5997191630522335e+02  8.5160076913451777e-01
3566   1.6003656261250210e+01  1.3462220192856097e+02  1.5983216289773952e+02  8.5160076913451777e-01
3567   1.6555506477155390e+01  1.3490170874352876e+02  1.5955265608277188e+02  8.5160076913451777e-01
3568   1.7107356693060566e+01  1.3518121555849658e+02  1.5927314926780397e+02  8.5160076913451777e-01
3569   1.7383281801013158e+01  1.3532096896598043e+02  1.5913339586032001e+02  8.5160076913451777e-01
3570   1.1265546362339828e+01  1.3763768964567089e+02  1.5681667518062946e+02  8.5160076913451777e-01
3571   1.1463187526591405e+01  1.3783279816060377e+02  1.5662156666569669e+02  8.5160076913451777e-01
3572   1.1858469855094555e+01  1.3822301519046960e+02  1.5623134963583104e+02  8.5160076913451777e-01
3573   1.2253752183597708e+01  1.3861323222033536e+02  1.5584113260596513e+02  8.5160076913451777e-01
3574   1.2451393347849283e+01  1.3880834073526827e+02  1.5564602409103210e+02  8.5160076913451777e-01
3575   5.7477485436690543e+00  1.3955277752551791e+02  1.5490158730078238e+02  8.9846368414467004e-01
3576   5.8485862374176358e+00  1.3978148407343056e+02  1.5467288075286990e+02  8.9846368414467004e-01
3577   6.0502616249147954e+00  1.4023889716925592e+02  1.5421546765704468e+02  8.9846368414467004e-01
3578   6.2519370124119540e+00  1.4069631026508125e+02  1.5375805456121921e+02  8.9846368414467004e-01
3579   6.3527747061605346e+00  1.4092501681299393e+02  1.5352934801330642e+02  8.9846368414467004e-01
3580   1.8641362269829616e+00  1.3995153313703966e+02  1.5450283168926066e+02  9.6094757082487314e-01
3581   1.8968403713159958e+00  1.4018723539743519e+02  1.5426712942886530e+02  9.6094757082487314e-01
3582   1.9622486599820645e+00  1.4065863991822619e+02  1.5379572490807445e+02  9.6094757082487314e-01
3583   2.0276569486481333e+00  1.4113004443901718e+02  1.5332432038728331e+02  9.6094757082487314e-01
3584   2.0603610929811675e+00  1.4136574669941268e+02  1.5308861812688764e+02  9.6094757082487314e-01
3585   0.0000000000000000e+00  1.3995153313703969e+02  1.5450283168926069e+02  1.0000000000000000e+00
3586   0.0000000000000000e+00  1.4018723539743519e+02  1.5426712942886533e+02  1.0000000000000000e+00
3587   0.0000000000000000e+00  1.4065863991822619e+02  1.5379572490807445e+02  1.0000000000000000e+00
3588   0.0000000000000000e+00  1.4113004443901721e+02  1.5332432038728331e+02  1.0000000000000000e+00
3589   0.0000000000000000e+00  1.4136574669941271e+02  1.5308861812688764e+02  1.0000000000000000e+00
3590   1.9000000000000000e+01  1.3225406504406615e+02  1.7103913454706634e+02  9.6094757082487314e-01
3591   1.9333333333333336e+01  1.3227719036629694e+02  1.7101600922483556e+02  9.6094757082487314e-01
3592   1.9999999999999996e+01  1.3232344101075853e+02  1.7096975858037399e+02  9.6094757082487314e-01
3593   2.0666666666666664e+01  1.3236969165522012e+02  1.7092350793591237e+02  9.6094757082487314e-01
3594   2.1000000000000000e+01  1.3239281697745091e+02  1.7090038261368156e+02  9.6094757082487314e-01
3595   1.8436074406113576e+01  1.3500019364869453e+02  1.6829300594243790e+02  8.9846368414467004e-01
3596   1.8759514307975220e+01  1.3507149666574335e+02  1.6822170292538911e+02  8.9846368414467004e-01
3597   1.9406394111698500e+01  1.3521410269984102e+02  1.6807909689129147e+02  8.9846368414467004e-01
3598   2.0053273915421784e+01  1.3535670873393866e+02  1.6793649085719377e+02  8.9846368414467004e-01
3599   2.0376713817283427e+01  1.3542801175098751e+02  1.6786518784014490e+02  8.9846368414467004e-01
3600   1.5727731153297622e+01  1.3890186590349305e+02  1.6439133368763927e+02  8.5160076913451777e-01
3601   1.6003656261250207e+01  1.3904161931097690e+02  1.6425158028015545e+02  8.5160076913451777e-01
3602   1.6555506477155394e+01  1.3932112612594466e+02  1.6397207346518780e+02  8.5160076913451777e-01
3603   1.7107356693060566e+01  1.3960063294091248e+02  1.6369256665021990e+02  8.5160076913451777e-01
3604   1.7383281801013162e+01  1.3974038634839636e+02  1.6355281324273597e+02  8.5160076913451777e-01
3605   1.1265546362339830e+01  1.4205710702808685e+02  1.6123609256304542e+02  8.5160076913451765e-01
3606   1.1463187526591405e+01  1.4225221554301970e+02  1.6104098404811262e+02  8.5160076913451777e-01
3607   1.1858469855094555e+01  1.4264243257288550e+02  1.6065076701824697e+02  8.5160076913451777e-01
3608   1.2253752183597710e+01  1.4303264960275129e+02  1.6026054998838106e+02  8.5160076913451765e-01
3609   1.2451393347849285e+01  1.4322775811768420e+02  1.6006544147344803e+02  8.5160076913451765e-01
3610   5.7477485436690543e+00  1.4397219490793387e+02  1.5932100468319834e+02  8.9846368414467004e-01
3611   5.8485862374176358e+00  1.4420090145584646e+02  1.5909229813528586e+02  8.9846368414467004e-01
3612   6.0502616249147954e+00  1.4465831455167182e+02  1.5863488503946064e+02  8.9846368414467004e-01
3613   6.2519370124119531e+00  1.4511572764749715e+02  1.5817747194363517e+02  8.9846368414467004e-01
3614   6.3527747061605346e+00  1.4534443419540986e+02  1.5794876539572235e+02  8.9846368414467004e-01
3615   1.8641362269829616e+00  1.4437095051945562e+02  1.5892224907167656e+02  9.6094757082487314e-01
3616   1.8968403713159956e+00  1.4460665277985112e+02  1.5868654681128126e+02  9.6094757082487314e-01
3617   1.9622486599820643e+00  1.4507805730064209e+02  1.5821514229049038e+02  9.6094757082487314e-01
3618   2.0276569486481333e+00  1.4554946182143311e+02  1.5774373776969921e+02  9.6094757082487314e-01
3619   2.0603610929811675e+00  1.4578516408182864e+02  1.5750803550930357e+02  9.6094757082487314e-01
3620   0.0000000000000000e+00  1.4437095051945562e+02  1.5892224907167662e+02  1.0000000000000000e+00
3621   0.0000000000000000e+00  1.4460665277985112e+02  1.5868654681128126e+02  1.0000000000000000e+00
3622   0.0000000000000000e+00  1.4507805730064209e+02  1.5821514229049038e+02  1.0000000000000000e+00
3623   0.0000000000000000e+00  1.4554946182143311e+02  1.5774373776969924e+02  1.0000000000000000e+00
3624   0.0000000000000000e+00  1.4578516408182861e+02  1.5750803550930360e+02  1.0000000000000000e+00
3625   1.9000000000000000e+01  1.3667348242648205e+02  1.7545855192948227e+02  9.6094757082487314e-01
3626   1.9333333333333336e+01  1.3669660774871284e+02  1.7543542660725151e+02  9.6094757082487314e-01
3627   1.9999999999999996e+01  1.3674285839317446e+02  1.7538917596278992e+02  9.6094757082487314e-01
3628   2.0666666666666668e+01  1.3678910903763602e+02  1.7534292531832833e+02  9.6094757082487314e-01
3629   2.1000000000000000e+01  1.3681223435986681e+02  1.7531979999609752e+02  9.6094757082487314e-01
3630   1.8436074406113576e+01  1.3941961103111043e+02  1.7271242332485383e+02  8.9846368414467004e-01
3631   1.8759514307975220e+01  1.3949091404815925e+02  1.7264112030780504e+02  8.9846368414467004e-01
3632   1.9406394111698500e+01  1.3963352008225695e+02  1.7249851427370740e+02  8.9846368414467004e-01
3633   2.0053273915421784e+01  1.3977612611635459e+02  1.7235590823960970e+02  8.9846368414467004e-01
3634   2.0376713817283427e+01  1.3984742913340341e+02  1.7228460522256083e+02  8.9846368414467004e-01
3635   1.5727731153297619e+01  1.4332128328590895e+02  1.6881075107005520e+02  8.5160076913451777e-01
3636   1.6003656261250207e+01  1.4346103669339280e+02  1.6867099766257138e+02  8.5160076913451777e-01
3637   1.6555506477155390e+01  1.4374054350836056e+02  1.6839149084760373e+02  8.5160076913451777e-01
3638   1.7107356693060566e+01  1.4402005032332838e+02  1.6811198403263583e+02  8.5160076913451777e-01
3639   1.7383281801013155e+01  1.4415980373081226e+02  1.6797223062515189e+02  8.5160076913451777e-01
3640   1.1265546362339828e+01  1.4647652441050275e+02  1.6565550994546132e+02  8.5160076913451777e-01
3641   1.1463187526591405e+01  1.4667163292543560e+02  1.6546040143052858e+02  8.5160076913451777e-01
3642   1.1858469855094555e+01  1.4706184995530140e+02  1.6507018440066290e+02  8.5160076913451777e-01
3643   1.2253752183597708e+01  1.4745206698516722e+02  1.6467996737079702e+02  8.5160076913451777e-01
3644   1.2451393347849285e+01  1.4764717550010013e+02  1.6448485885586396e+02  8.5160076913451777e-01
3645   5.7477485436690552e+00  1.4839161229034980e+02  1.6374042206561427e+02  8.9846368414467004e-01
3646   5.8485862374176358e+00  1.4862031883826239e+02  1.6351171551770179e+02  8.9846368414467004e-01
3647   6.0502616249147954e+00  1.4907773193408772e+02  1.6305430242187657e+02  8.9846368414467004e-01
3648   6.2519370124119540e+00  1.4953514502991308e+02  1.6259688932605110e+02  8.9846368414467004e-01
3649   6.3527747061605355e+00  1.4976385157782576e+02  1.6236818277813830e+02  8.9846368414467004e-01
3650   1.8641362269829616e+00  1.4879036790187152e+02  1.6334166645409252e+02  9.6094757082487314e-01
3651   1.8968403713159958e+00  1.4902607016226699e+02  1.6310596419369719e+02  9.6094757082487314e-01
3652   1.9622486599820648e+00  1.4949747468305799e+02  1.6263455967290633e+02  9.6094757082487314e-01
3653   2.0276569486481333e+00  1.4996887920384901e+02  1.6216315515211517e+02  9.6094757082487314e-01
3654   2.0603610929811675e+00  1.5020458146424457e+02  1.6192745289171950e+02  9.6094757082487314e-01
3655   0.0000000000000000e+00  1.4879036790187155e+02  1.6334166645409252e+02  1.0000000000000000e+00
3656   0.0000000000000000e+00  1.4902607016226699e+02  1.6310596419369719e+02  1.0000000000000000e+00
3657   0.0000000000000000e+00  1.4949747468305799e+02  1.6263455967290633e+02  1.0000000000000000e+00
3658   0.0000000000000000e+00  1.4996887920384904e+02  1.6216315515211517e+02  1.0000000000000000e+00
3659   0.0000000000000000e+00  1.5020458146424457e+02  1.6192745289171950e+02  1.0000000000000000e+00
3660   1.9000000000000000e+01  1.4109289980889795e+02  1.7987796931189820e+02  9.6094757082487314e-01
3661   1.9333333333333336e+01  1.4111602513112874e+02  1.7985484398966742e+02  9.6094757082487314e-01
3662   1.9999999999999996e+01  1.4116227577559033e+02  1.7980859334520585e+02  9.6094757082487314e-01
3663   2.0666666666666664e+01  1.4120852642005190e+02  1.7976234270074431e+02  9.6094757082487314e-01
3664   2.1000000000000000e+01  1.4123165174228271e+02  1.7973921737851347e+02  9.6094757082487314e-01
3665   1.8436074406113576e+01  1.4383902841352636e+02  1.7713184070726976e+02  8.9846368414467004e-01
3666   1.8759514307975220e+01  1.4391033143057516e+02  1.7706053769022100e+02  8.9846368414467004e-01
3667   1.9406394111698500e+01  1.4405293746467285e+02  1.7691793165612336e+02  8.9846368414467004e-01
3668   2.0053273915421784e+01  1.4419554349877049e+02  1.7677532562202563e+02  8.9846368414467004e-01
3669   2.0376713817283427e+01  1.4426684651581934e+02  1.7670402260497673e+02  8.9846368414467004e-01
3670   1.5727731153297620e+01  1.4774070066832488e+02  1.7323016845247116e+02  8.5160076913451777e-01
3671   1.6003656261250210e+01  1.4788045407580870e+02  1.7309041504498731e+02  8.5160076913451777e-01
3672   1.6555506477155390e+01  1.4815996089077649e+02  1.7281090823001966e+02  8.5160076913451777e-01
3673   1.7107356693060566e+01  1.4843946770574428e+02  1.7253140141505179e+02  8.5160076913451777e-01
3674   1.7383281801013158e+01  1.4857922111322819e+02  1.7239164800756782e+02  8.5160076913451777e-01
3675   1.1265546362339830e+01  1.5089594179291868e+02  1.7007492732787728e+02  8.5160076913451765e-01
3676   1.1463187526591405e+01  1.5109105030785153e+02  1.6987981881294451e+02  8.5160076913451777e-01
3677   1.1858469855094555e+01  1.5148126733771730e+02  1.6948960178307885e+02  8.5160076913451777e-01
3678   1.2253752183597710e+01  1.5187148436758312e+02  1.6909938475321295e+02  8.5160076913451765e-01
3679   1.2451393347849287e+01  1.5206659288251606e+02  1.6890427623827989e+02  8.5160076913451765e-01
3680   5.7477485436690543e+00  1.5281102967276570e+02  1.6815983944803020e+02  8.9846368414467004e-01
3681   5.8485862374176358e+00  1.5303973622067832e+02  1.6793113290011772e+02  8.9846368414467004e-01
3682   6.0502616249147954e+00  1.5349714931650362e+02  1.6747371980429250e+02  8.9846368414467004e-01
3683   6.2519370124119558e+00  1.5395456241232901e+02  1.6701630670846703e+02  8.9846368414467004e-01
3684   6.3527747061605346e+00  1.5418326896024169e+02  1.6678760016055423e+02  8.9846368414467004e-01
3685   1.8641362269829616e+00  1.5320978528428742e+02  1.6776108383650845e+02  9.6094757082487314e-01
3686   1.8968403713159958e+00  1.5344548754468292e+02  1.6752538157611312e+02  9.6094757082487314e-01
3687   1.9622486599820645e+00  1.5391689206547389e+02  1.6705397705532224e+02  9.6094757082487314e-01
3688   2.0276569486481333e+00  1.5438829658626491e+02  1.6658257253453107e+02  9.6094757082487314e-01
3689   2.0603610929811675e+00  1.5462399884666047e+02  1.6634687027413543e+02  9.6094757082487314e-01
3690   0.0000000000000000e+00  1.5320978528428748e+02  1.6776108383650848e+02  1.0000000000000000e+00
3691   0.0000000000000000e+00  1.5344548754468292e+02  1.6752538157611312e+02  1.0000000000000000e+00
3692   0.0000000000000000e+00  1.5391689206547389e+02  1.6705397705532226e+02  1.0000000000000000e+00
3693   0.0000000000000000e+00  1.5438829658626494e+02  1.6658257253453110e+02  1.0000000000000000e+00
3694   0.0000000000000000e+00  1.5462399884666047e+02  1.6634687027413545e+02  1.0000000000000000e+00
3695   1.9000000000000000e+01  1.4551231719131383e+02  1.8429738669431413e+02  9.6094757082487314e-01
3696   1.9333333333333336e+01  1.4553544251354464e+02  1.8427426137208340e+02  9.6094757082487314e-01
3697   1.9999999999999996e+01  1.4558169315800623e+02  1.8422801072762181e+02  9.6094757082487314e-01
3698   2.0666666666666664e+01  1.4562794380246780e+02  1.8418176008316021e+02  9.6094757082487314e-01
3699   2.1000000000000000e+01  1.4565106912469858e+02  1.8415863476092940e+02  9.6094757082487314e-01
3700   1.8436074406113576e+01  1.4825844579594227e+02  1.8155125808968572e+02  8.9846368414467004e-01
3701   1.8759514307975220e+01  1.4832974881299106e+02  1.8147995507263693e+02  8.9846368414467004e-01
3702   1.9406394111698500e+01  1.4847235484708872e+02  1.8133734903853932e+02  8.9846368414467004e-01
3703   2.0053273915421784e+01  1.4861496088118639e+02  1.8119474300444162e+02  8.9846368414467004e-01
3704   2.0376713817283427e+01  1.4868626389823521e+02  1.8112343998739269e+02  8.9846368414467004e-01
3705   1.5727731153297620e+01  1.5216011805074078e+02  1.7764958583488709e+02  8.5160076913451777e-01
3706   1.6003656261250214e+01  1.5229987145822463e+02  1.7750983242740327e+02  8.5160076913451777e-01
3707   1.6555506477155390e+01  1.5257937827319236e+02  1.7723032561243562e+02  8.5160076913451777e-01
3708   1.7107356693060566e+01  1.5285888508816021e+02  1.7695081879746772e+02  8.5160076913451777e-01
3709   1.7383281801013162e+01  1.5299863849564409e+02  1.7681106538998375e+02  8.5160076913451777e-01
3710   1.1265546362339828e+01  1.5531535917533461e+02  1.7449434471029321e+02  8.5160076913451777e-01
3711   1.1463187526591405e+01  1.5551046769026743e+02  1.7429923619536044e+02  8.5160076913451777e-01
3712   1.1858469855094555e+01  1.5590068472013317e+02  1.7390901916549478e+02  8.5160076913451777e-01
3713   1.2253752183597708e+01  1.5629090174999899e+02  1.7351880213562887e+02  8.5160076913451777e-01
3714   1.2451393347849285e+01  1.5648601026493196e+02  1.7332369362069582e+02  8.5160076913451777e-01
3715   5.7477485436690543e+00  1.5723044705518163e+02  1.7257925683044613e+02  8.9846368414467004e-01
3716   5.8485862374176358e+00  1.5745915360309422e+02  1.7235055028253365e+02  8.9846368414467004e-01
3717   6.0502616249147954e+00  1.5791656669891952e+02  1.7189313718670843e+02  8.9846368414467004e-01
3718   6.2519370124119540e+00  1.5837397979474491e+02  1.7143572409088296e+02  8.9846368414467004e-01
3719   6.3527747061605346e+00  1.5860268634265765e+02  1.7120701754297016e+02  8.9846368414467004e-01
3720   1.8641362269829613e+00  1.5762920266670341e+02  1.7218050121892441e+02  9.6094757082487314e-01
3721   1.8968403713159956e+00  1.5786490492709882e+02  1.7194479895852902e+02  9.6094757082487314e-01
3722   1.9622486599820648e+00  1.5833630944788976e+02  1.7147339443773822e+02  9.6094757082487314e-01
3723   2.0276569486481333e+00  1.5880771396868084e+02  1.7100198991694705e+02  9.6094757082487314e-01
3724   2.0603610929811675e+00  1.5904341622907640e+02  1.7076628765655136e+02  9.6094757082487314e-01
3725   0.0000000000000000e+00  1.5762920266670341e+02  1.7218050121892441e+02  1.0000000000000000e+00
3726   0.0000000000000000e+00  1.5786490492709885e+02  1.7194479895852908e+02  1.0000000000000000e+00
3727   0.0000000000000000e+00  1.5833630944788979e+02  1.7147339443773819e+02  1.0000000000000000e+00
3728   0.0000000000000000e+00  1.5880771396868084e+02  1.7100198991694702e+02  1.0000000000000000e+00
3729   0.0000000000000000e+00  1.5904341622907640e+02  1.7076628765655138e+02  1.0000000000000000e+00
3730   1.9000000000000000e+01  1.4993173457372973e+02  1.8871680407673011e+02  9.6094757082487314e-01
3731   1.9333333333333336e+01  1.4995485989596054e+02  1.8869367875449933e+02  9.6094757082487314e-01
3732   1.9999999999999996e+01  1.5000111054042210e+02  1.8864742811003774e+02  9.6094757082487314e-01
3733   2.0666666666666664e+01  1.5004736118488370e+02  1.8860117746557614e+02  9.6094757082487314e-01
3734   2.1000000000000000e+01  1.5007048650711448e+02  1.8857805214334536e+02  9.6094757082487314e-01
3735   1.8436074406113576e+01  1.5267786317835814e+02  1.8597067547210165e+02  8.9846368414467004e-01
3736   1.8759514307975220e+01  1.5274916619540696e+02  1.8589937245505286e+02  8.9846368414467004e-01
3737   1.9406394111698500e+01  1.5289177222950462e+02  1.8575676642095524e+02  8.9846368414467004e-01
3738   2.0053273915421784e+01  1.5303437826360226e+02  1.8561416038685755e+02  8.9846368414467004e-01
3739   2.0376713817283427e+01  1.5310568128065114e+02  1.8554285736980864e+02  8.9846368414467004e-01
3740   1.5727731153297620e+01  1.5657953543315668e+02  1.8206900321730302e+02  8.5160076913451777e-01
3741   1.6003656261250210e+01  1.5671928884064053e+02  1.8192924980981920e+02  8.5160076913451777e-01
3742   1.6555506477155390e+01  1.5699879565560826e+02  1.8164974299485155e+02  8.5160076913451777e-01
3743   1.7107356693060566e+01  1.5727830247057611e+02  1.8137023617988365e+02  8.5160076913451777e-01
3744   1.7383281801013158e+01  1.5741805587805999e+02  1.8123048277239968e+02  8.5160076913451777e-01
3745   1.1265546362339828e+01  1.5973477655775051e+02  1.7891376209270913e+02  8.5160076913451777e-01
3746   1.1463187526591405e+01  1.5992988507268333e+02  1.7871865357777637e+02  8.5160076913451777e-01
3747   1.1858469855094555e+01  1.6032010210254907e+02  1.7832843654791071e+02  8.5160076913451777e-01
3748   1.2253752183597708e+01  1.6071031913241492e+02  1.7793821951804480e+02  8.5160076913451777e-01
3749   1.2451393347849285e+01  1.6090542764734786e+02  1.7774311100311175e+02  8.5160076913451777e-01
3750   5.7477485436690543e+00  1.6164986443759753e+02  1.7699867421286208e+02  8.9846368414467004e-01
3751   5.8485862374176358e+00  1.6187857098551015e+02  1.7676996766494960e+02  8.9846368414467004e-01
3752   6.0502616249147954e+00  1.6233598408133543e+02  1.7631255456912439e+02  8.9846368414467004e-01
3753   6.2519370124119540e+00  1.6279339717716081e+02  1.7585514147329891e+02  8.9846368414467004e-01
3754   6.3527747061605346e+00  1.6302210372507355e+02  1.7562643492538609e+02  8.9846368414467004e-01
3755   1.8641362269829616e+00  1.6204862004911931e+02  1.7659991860134031e+02  9.6094757082487314e-01
3756   1.8968403713159954e+00  1.6228432230951475e+02  1.7636421634094498e+02  9.6094757082487314e-01
3757   1.9622486599820648e+00  1.6275572683030566e+02  1.7589281182015412e+02  9.6094757082487314e-01
3758   2.0276569486481333e+00  1.6322713135109674e+02  1.7542140729936298e+02  9.6094757082487314e-01
3759   2.0603610929811675e+00  1.6346283361149233e+02  1.7518570503896731e+02  9.6094757082487314e-01
3760   0.0000000000000000e+00  1.6204862004911934e+02  1.7659991860134033e+02  1.0000000000000000e+00
3761   0.0000000000000000e+00  1.6228432230951478e+02  1.7636421634094501e+02  1.0000000000000000e+00
3762   0.0000000000000000e+00  1.6275572683030569e+02  1.7589281182015412e+02  1.0000000000000000e+00
3763   0.0000000000000000e+00  1.6322713135109677e+02  1.7542140729936298e+02  1.0000000000000000e+00
3764   0.0000000000000000e+00  1.6346283361149233e+02  1.7518570503896731e+02  1.0000000000000000e+00
3765   1.9000000000000000e+01  1.5435115195614566e+02  1.9313622145914604e+02  9.6094757082487314e-01
3766   1.9333333333333336e+01  1.5437427727837641e+02  1.9311309613691526e+02  9.6094757082487314e-01
3767   1.9999999999999996e+01  1.5442052792283800e+02  1.9306684549245369e+02  9.6094757082487314e-01
3768   2.0666666666666664e+01  1.5446677856729957e+02  1.9302059484799207e+02  9.6094757082487314e-01
3769   2.1000000000000000e+01  1.5448990388953038e+02  1.9299746952576126e+02  9.6094757082487314e-01
3770   1.8436074406113576e+01  1.5709728056077407e+02  1.9039009285451758e+02  8.9846368414467004e-01
3771   1.8759514307975220e+01  1.5716858357782286e+02  1.9031878983746881e+02  8.9846368414467004e-01
3772   1.9406394111698500e+01  1.5731118961192050e+02  1.9017618380337117e+02  8.9846368414467004e-01
3773   2.0053273915421784e+01  1.5745379564601816e+02  1.9003357776927348e+02  8.9846368414467004e-01
3774   2.0376713817283427e+01  1.5752509866306701e+02  1.8996227475222457e+02  8.9846368414467004e-01
3775   1.5727731153297619e+01  1.6099895281557261e+02  1.8648842059971895e+02  8.5160076913451777e-01
3776   1.6003656261250214e+01  1.6113870622305643e+02  1.8634866719223513e+02  8.5160076913451777e-01
3777   1.6555506477155394e+01  1.6141821303802413e+02  1.8606916037726748e+02  8.5160076913451777e-01
3778   1.7107356693060566e+01  1.6169771985299201e+02  1.8578965356229958e+02  8.5160076913451777e-01
3779   1.7383281801013158e+01  1.6183747326047592e+02  1.8564990015481561e+02  8.5160076913451777e-01
3780   1.1265546362339828e+01  1.6415419394016644e+02  1.8333317947512506e+02  8.5160076913451777e-01
3781   1.1463187526591405e+01  1.6434930245509923e+02  1.8313807096019235e+02  8.5160076913451777e-01
3782   1.1858469855094555e+01  1.6473951948496497e+02  1.8274785393032664e+02  8.5160076913451777e-01
3783   1.2253752183597708e+01  1.6512973651483082e+02  1.8235763690046073e+02  8.5160076913451777e-01
3784   1.2451393347849285e+01  1.6532484502976379e+02  1.8216252838552768e+02  8.5160076913451777e-01
3785   5.7477485436690543e+00  1.6606928182001349e+02  1.8141809159527801e+02  8.9846368414467004e-01
3786   5.8485862374176358e+00  1.6629798836792605e+02  1.8118938504736553e+02  8.9846368414467004e-01
3787   6.0502616249147954e+00  1.6675540146375130e+02  1.8073197195154032e+02  8.9846368414467004e-01
3788   6.2519370124119540e+00  1.6721281455957674e+02  1.8027455885571484e+02  8.9846368414467004e-01
3789   6.3527747061605346e+00  1.6744152110748948e+02  1.8004585230780205e+02  8.9846368414467004e-01
3790   1.8641362269829616e+00  1.6646803743153527e+02  1.8101933598375626e+02  9.6094757082487314e-01
3791   1.8968403713159956e+00  1.6670373969193068e+02  1.8078363372336091e+02  9.6094757082487314e-01
3792   1.9622486599820648e+00  1.6717514421272156e+02  1.8031222920257008e+02  9.6094757082487314e-01
3793   2.0276569486481333e+00  1.6764654873351267e+02  1.7984082468177891e+02  9.6094757082487314e-01
3794   2.0603610929811675e+00  1.6788225099390826e+02  1.7960512242138324e+02  9.6094757082487314e-01
3795   0.0000000000000000e+00  1.6646803743153527e+02  1.8101933598375626e+02  1.0000000000000000e+00
3796   0.0000000000000000e+00  1.6670373969193068e+02  1.8078363372336094e+02  1.0000000000000000e+00
3797   0.0000000000000000e+00  1.6717514421272159e+02  1.8031222920257005e+02  1.0000000000000000e+00
3798   0.0000000000000000e+00  1.6764654873351267e+02  1.7984082468177888e+02  1.0000000000000000e+00
3799   0.0000000000000000e+00  1.6788225099390829e+02  1.7960512242138327e+02  1.0000000000000000e+00
3800   1.9000000000000000e+01  1.5877056933856153e+02  1.9755563884156197e+02  9.6094757082487314e-01
3801   1.9333333333333336e+01  1.5879369466079231e+02  1.9753251351933119e+02  9.6094757082487314e-01
3802   1.9999999999999996e+01  1.5883994530525391e+02  1.9748626287486962e+02  9.6094757082487314e-01
3803   2.0666666666666664e+01  1.5888619594971544e+02  1.9744001223040803e+02  9.6094757082487314e-01
3804   2.1000000000000000e+01  1.5890932127194625e+02  1.9741688690817722e+02  9.6094757082487314e-01
3805   1.8436074406113576e+01  1.6151669794318994e+02  1.9480951023693351e+02  8.9846368414467004e-01
3806   1.8759514307975220e+01  1.6158800096023876e+02  1.9473820721988471e+02  8.9846368414467004e-01
3807   1.9406394111698500e+01  1.6173060699433640e+02  1.9459560118578716e+02  8.9846368414467004e-01
3808   2.0053273915421784e+01  1.6187321302843407e+02  1.9445299515168941e+02  8.9846368414467004e-01
3809   2.0376713817283427e+01  1.6194451604548291e+02  1.9438169213464050e+02  8.9846368414467004e-01
3810   1.5727731153297620e+01  1.6541837019798851e+02  1.9090783798213488e+02  8.5160076913451777e-01
3811   1.6003656261250210e+01  1.6555812360547236e+02  1.9076808457465106e+02  8.5160076913451777e-01
3812   1.6555506477155394e+01  1.6583763042044004e+02  1.9048857775968344e+02  8.5160076913451777e-01
3813   1.7107356693060566e+01  1.6611713723540791e+02  1.9020907094471553e+02  8.5160076913451777e-01
3814   1.7383281801013162e+01  1.6625689064289185e+02  1.9006931753723154e+02  8.5160076913451777e-01
3815   1.1265546362339830e+01  1.6857361132258242e+02  1.8775259685754102e+02  8.5160076913451765e-01
3816   1.1463187526591405e+01  1.6876871983751511e+02  1.8755748834260828e+02  8.5160076913451777e-01
3817   1.1858469855094555e+01  1.6915893686738087e+02  1.8716727131274257e+02  8.5160076913451777e-01
3818   1.2253752183597710e+01  1.6954915389724678e+02  1.8677705428287669e+02  8.5160076913451765e-01
3819   1.2451393347849287e+01  1.6974426241217975e+02  1.8658194576794364e+02  8.5160076913451765e-01
3820   5.7477485436690552e+00  1.7048869920242942e+02  1.8583750897769394e+02  8.9846368414467004e-01
3821   5.8485862374176358e+00  1.7071740575034195e+02  1.8560880242978146e+02  8.9846368414467004e-01
3822   6.0502616249147954e+00  1.7117481884616726e+02  1.8515138933395627e+02  8.9846368414467004e-01
3823   6.2519370124119558e+00  1.7163223194199264e+02  1.8469397623813077e+02  8.9846368414467004e-01
3824   6.3527747061605355e+00  1.7186093848990538e+02  1.8446526969021798e+02  8.9846368414467004e-01
3825   1.8641362269829616e+00  1.7088745481395117e+02  1.8543875336617216e+02  9.6094757082487314e-01
3826   1.8968403713159954e+00  1.7112315707434655e+02  1.8520305110577684e+02  9.6094757082487314e-01
3827   1.9622486599820645e+00  1.7159456159513746e+02  1.8473164658498601e+02  9.6094757082487314e-01
3828   2.0276569486481333e+00  1.7206596611592857e+02  1.8426024206419484e+02  9.6094757082487314e-01
3829   2.0603610929811675e+00  1.7230166837632419e+02  1.8402453980379917e+02  9.6094757082487314e-01
3830   0.0000000000000000e+00  1.7088745481395119e+02  1.8543875336617219e+02  1.0000000000000000e+00
3831   0.0000000000000000e+00  1.7112315707434661e+02  1.8520305110577686e+02  1.0000000000000000e+00
3832   0.0000000000000000e+00  1.7159456159513746e+02  1.8473164658498604e+02  1.0000000000000000e+00
3833   0.0000000000000000e+00  1.7206596611592857e+02  1.8426024206419484e+02  1.0000000000000000e+00
3834   0.0000000000000000e+00  1.7230166837632422e+02  1.8402453980379920e+02  1.0000000000000000e+00
3835   1.9000000000000000e+01  1.6318998672097740e+02  2.0197505622397787e+02  9.6094757082487314e-01
3836   1.9333333333333336e+01  1.6321311204320821e+02  2.0195193090174712e+02  9.6094757082487314e-01
3837   1.9999999999999996e+01  1.6325936268766981e+02  2.0190568025728552e+02  9.6094757082487314e-01
3838   2.0666666666666664e+01  1.6330561333213134e+02  2.0185942961282396e+02  9.6094757082487314e-01
3839   2.1000000000000000e+01  1.6332873865436216e+02  2.0183630429059315e+02  9.6094757082487314e-01
3840   1.8436074406113576e+01  1.6593611532560584e+02  1.9922892761934946e+02  8.9846368414467004e-01
3841   1.8759514307975220e+01  1.6600741834265466e+02  1.9915762460230067e+02  8.9846368414467004e-01
3842   1.9406394111698500e+01  1.6615002437675227e+02  1.9901501856820306e+02  8.9846368414467004e-01
3843   2.0053273915421784e+01  1.6629263041084997e+02  1.9887241253410539e+02  8.9846368414467004e-01
3844   2.0376713817283427e+01  1.6636393342789884e+02  1.9880110951705643e+02  8.9846368414467004e-01
3845   1.5727731153297620e+01  1.6983778758040444e+02  1.9532725536455081e+02  8.5160076913451777e-01
3846   1.6003656261250210e+01  1.6997754098788826e+02  1.9518750195706698e+02  8.5160076913451777e-01
3847   1.6555506477155390e+01  1.7025704780285594e+02  1.9490799514209937e+02  8.5160076913451777e-01
3848   1.7107356693060566e+01  1.7053655461782381e+02  1.9462848832713149e+02  8.5160076913451777e-01
3849   1.7383281801013162e+01  1.7067630802530775e+02  1.9448873491964750e+02  8.5160076913451777e-01
3850   1.1265546362339830e+01  1.7299302870499830e+02  1.9217201423995695e+02  8.5160076913451765e-01
3851   1.1463187526591405e+01  1.7318813721993104e+02  1.9197690572502421e+02  8.5160076913451777e-01
3852   1.1858469855094555e+01  1.7357835424979677e+02  1.9158668869515850e+02  8.5160076913451777e-01
3853   1.2253752183597710e+01  1.7396857127966271e+02  1.9119647166529262e+02  8.5160076913451765e-01
3854   1.2451393347849287e+01  1.7416367979459565e+02  1.9100136315035959e+02  8.5160076913451765e-01
3855   5.7477485436690543e+00  1.7490811658484535e+02  1.9025692636010987e+02  8.9846368414467004e-01
3856   5.8485862374176358e+00  1.7513682313275785e+02  1.9002821981219739e+02  8.9846368414467004e-01
3857   6.0502616249147954e+00  1.7559423622858313e+02  1.8957080671637220e+02  8.9846368414467004e-01
3858   6.2519370124119540e+00  1.7605164932440857e+02  1.8911339362054670e+02  8.9846368414467004e-01
3859   6.3527747061605355e+00  1.7628035587232131e+02  1.8888468707263391e+02  8.9846368414467004e-01
3860   1.8641362269829616e+00  1.7530687219636712e+02  1.8985817074858812e+02  9.6094757082487314e-01
3861   1.8968403713159956e+00  1.7554257445676248e+02  1.8962246848819279e+02  9.6094757082487314e-01
3862   1.9622486599820645e+00  1.7601397897755339e+02  1.8915106396740194e+02  9.6094757082487314e-01
3863   2.0276569486481333e+00  1.7648538349834450e+02  1.8867965944661077e+02  9.6094757082487314e-01
3864   2.0603610929811675e+00  1.7672108575874014e+02  1.8844395718621510e+02  9.6094757082487314e-01
3865   0.0000000000000000e+00  1.7530687219636712e+02  1.8985817074858812e+02  1.0000000000000000e+00
3866   0.0000000000000000e+00  1.7554257445676251e+02  1.8962246848819279e+02  1.0000000000000000e+00
3867   0.0000000000000000e+00  1.7601397897755336e+02  1.8915106396740194e+02  1.0000000000000000e+00
3868   0.0000000000000000e+00  1.7648538349834450e+02  1.8867965944661080e+02  1.0000000000000000e+00
3869   0.0000000000000000e+00  1.7672108575874012e+02  1.8844395718621510e+02  1.0000000000000000e+00
3870   1.9000000000000000e+01  1.6760940410339330e+02  2.0639447360639383e+02  9.6094757082487314e-01
3871   1.9333333333333336e+01  1.6763252942562411e+02  2.0637134828416308e+02  9.6094757082487314e-01
3872   1.9999999999999996e+01  1.6767878007008571e+02  2.0632509763970148e+02  9.6094757082487314e-01
3873   2.0666666666666664e+01  1.6772503071454727e+02  2.0627884699523992e+02  9.6094757082487314e-01
3874   2.1000000000000000e+01  1.6774815603677808e+02  2.0625572167300911e+02  9.6094757082487314e-01
3875   1.8436074406113576e+01  1.7035553270802174e+02  2.0364834500176539e+02  8.9846368414467004e-01
3876   1.8759514307975220e+01  1.7042683572507053e+02  2.0357704198471663e+02  8.9846368414467004e-01
3877   1.9406394111698500e+01  1.7056944175916817e+02  2.0343443595061899e+02  8.9846368414467004e-01
3878   2.0053273915421784e+01  1.7071204779326584e+02  2.0329182991652129e+02  8.9846368414467004e-01
3879   2.0376713817283427e+01  1.7078335081031477e+02  2.0322052689947239e+02  8.9846368414467004e-01
3880   1.5727731153297620e+01  1.7425720496282034e+02  1.9974667274696677e+02  8.5160076913451777e-01
3881   1.6003656261250210e+01  1.7439695837030411e+02  1.9960691933948297e+02  8.5160076913451777e-01
3882   1.6555506477155390e+01  1.7467646518527184e+02  1.9932741252451530e+02  8.5160076913451777e-01
3883   1.7107356693060566e+01  1.7495597200023974e+02  1.9904790570954742e+02  8.5160076913451777e-01
3884   1.7383281801013158e+01  1.7509572540772368e+02  1.9890815230206343e+02  8.5160076913451777e-01
3885   1.1265546362339830e+01  1.7741244608741425e+02  1.9659143162237291e+02  8.5160076913451765e-01
3886   1.1463187526591405e+01  1.7760755460234697e+02  1.9639632310744017e+02  8.5160076913451777e-01
3887   1.1858469855094555e+01  1.7799777163221268e+02  1.9600610607757449e+02  8.5160076913451777e-01
3888   1.2253752183597710e+01  1.7838798866207858e+02  1.9561588904770855e+02  8.5160076913451765e-01
3889   1.2451393347849287e+01  1.7858309717701158e+02  1.9542078053277552e+02  8.5160076913451765e-01
3890   5.7477485436690552e+00  1.7932753396726127e+02  1.9467634374252583e+02  8.9846368414467004e-01
3891   5.8485862374176358e+00  1.7955624051517381e+02  1.9444763719461335e+02  8.9846368414467004e-01
3892   6.0502616249147954e+00  1.8001365361099903e+02  1.9399022409878816e+02  8.9846368414467004e-01
3893   6.2519370124119540e+00  1.8047106670682444e+02  1.9353281100296266e+02  8.9846368414467004e-01
3894   6.3527747061605355e+00  1.8069977325473729e+02  1.9330410445504984e+02  8.9846368414467004e-01
3895   1.8641362269829616e+00  1.7972628957878305e+02  1.9427758813100408e+02  9.6094757082487314e-01
3896   1.8968403713159956e+00  1.7996199183917841e+02  1.9404188587060870e+02  9.6094757082487314e-01
3897   1.9622486599820645e+00  1.8043339635996929e+02  1.9357048134981787e+02  9.6094757082487314e-01
3898   2.0276569486481333e+00  1.8090480088076040e+02  1.9309907682902670e+02  9.6094757082487314e-01
3899   2.0603610929811675e+00  1.8114050314115607e+02  1.9286337456863103e+02  9.6094757082487314e-01
3900   0.0000000000000000e+00  1.7972628957878308e+02  1.9427758813100405e+02  1.0000000000000000e+00
3901   0.0000000000000000e+00  1.7996199183917841e+02  1.9404188587060875e+02  1.0000000000000000e+00
3902   0.0000000000000000e+00  1.8043339635996927e+02  1.9357048134981787e+02  1.0000000000000000e+00
3903   0.0000000000000000e+00  1.8090480088076043e+02  1.9309907682902673e+02  1.0000000000000000e+00
3904   0.0000000000000000e+00  1.8114050314115607e+02  1.9286337456863106e+02  1.0000000000000000e+00
3905   1.9000000000000000e+01  1.7055568235833724e+02  2.0934075186133779e+02  9.6094757082487314e-01
3906   1.9333333333333336e+01  1.7057880768056805e+02  2.0931762653910704e+02  9.6094757082487314e-01
3907   1.9999999999999996e+01  1.7062505832502958e+02  2.0927137589464544e+02  9.6094757082487314e-01
3908   2.0666666666666664e+01  1.7067130896949115e+02  2.0922512525018385e+02  9.6094757082487314e-01
3909   2.1000000000000000e+01  1.7069443429172196e+02  2.0920199992795304e+02  9.6094757082487314e-01
3910   1.8436074406113576e+01  1.7330181096296570e+02  2.0659462325670935e+02  8.9846368414467004e-01
3911   1.8759514307975220e+01  1.7337311398001447e+02  2.0652332023966059e+02  8.9846368414467004e-01
3912   1.9406394111698500e+01  1.7351572001411213e+02  2.0638071420556295e+02  8.9846368414467004e-01
3913   2.0053273915421784e+01  1.7365832604820980e+02  2.0623810817146526e+02  8.9846368414467004e-01
3914   2.0376713817283427e+01  1.7372962906525868e+02  2.0616680515441632e+02  8.9846368414467004e-01
3915   1.5727731153297620e+01  1.7720348321776427e+02  2.0269295100191076e+02  8.5160076913451777e-01
3916   1.6003656261250210e+01  1.7734323662524810e+02  2.0255319759442690e+02  8.5160076913451777e-01
3917   1.6555506477155390e+01  1.7762274344021577e+02  2.0227369077945926e+02  8.5160076913451777e-01
3918   1.7107356693060566e+01  1.7790225025518367e+02  2.0199418396449136e+02  8.5160076913451777e-01
3919   1.7383281801013158e+01  1.7804200366266758e+02  2.0185443055700739e+02  8.5160076913451777e-01
3920   1.1265546362339830e+01  1.8035872434235819e+02  1.9953770987731690e+02  8.5160076913451765e-01
3921   1.1463187526591405e+01  1.8055383285729087e+02  1.9934260136238410e+02  8.5160076913451777e-01
3922   1.1858469855094555e+01  1.8094404988715658e+02  1.9895238433251842e+02  8.5160076913451777e-01
3923   1.2253752183597710e+01  1.8133426691702252e+02  1.9856216730265251e+02  8.5160076913451765e-01
3924   1.2451393347849287e+01  1.8152937543195551e+02  1.9836705878771946e+02  8.5160076913451765e-01
3925   5.7477485436690552e+00  1.8227381222220524e+02  1.9762262199746976e+02  8.9846368414467004e-01
3926   5.8485862374176358e+00  1.8250251877011772e+02  1.9739391544955728e+02  8.9846368414467004e-01
3927   6.0502616249147954e+00  1.8295993186594293e+02  1.9693650235373210e+02  8.9846368414467004e-01
3928   6.2519370124119558e+00  1.8341734496176841e+02  1.9647908925790659e+02  8.9846368414467004e-01
3929   6.3527747061605355e+00  1.8364605150968120e+02  1.9625038270999380e+02  8.9846368414467004e-01
3930   1.8641362269829616e+00  1.8267256783372702e+02  1.9722386638594801e+02  9.6094757082487314e-01
3931   1.8968403713159956e+00  1.8290827009412234e+02  1.9698816412555269e+02  9.6094757082487314e-01
3932   1.9622486599820645e+00  1.8337967461491317e+02  1.9651675960476183e+02  9.6094757082487314e-01
3933   2.0276569486481333e+00  1.8385107913570434e+02  1.9604535508397066e+02  9.6094757082487314e-01
3934   2.0603610929811675e+00  1.8408678139610004e+02  1.9580965282357499e+02  9.6094757082487314e-01
3935   0.0000000000000000e+00  1.8267256783372704e+02  1.9722386638594804e+02  1.0000000000000000e+00
3936   0.0000000000000000e+00  1.8290827009412237e+02  1.9698816412555269e+02  1.0000000000000000e+00
3937   0.0000000000000000e+00  1.8337967461491320e+02  1.9651675960476183e+02  1.0000000000000000e+00
3938   0.0000000000000000e+00  1.8385107913570437e+02  1.9604535508397066e+02  1.0000000000000000e+00
3939   0.0000000000000000e+00  1.8408678139610001e+02  1.9580965282357499e+02  1.0000000000000000e+00
3940   1.9000000000000000e+01  1.7202882148580920e+02  2.1081389098880976e+02  9.6094757082487314e-01
3941   1.9333333333333336e+01  1.7205194680803999e+02  2.1079076566657903e+02  9.6094757082487314e-01
3942   1.9999999999999996e+01  1.7209819745250158e+02  2.1074451502211744e+02  9.6094757082487314e-01
3943   2.0666666666666664e+01  1.7214444809696315e+02  2.1069826437765585e+02  9.6094757082487314e-01
3944   2.1000000000000000e+01  1.7216757341919396e+02  2.1067513905542503e+02  9.6094757082487314e-01
3945   1.8436074406113576e+01  1.7477495009043764e+02  2.0806776238418132e+02  8.9846368414467004e-01
3946   1.8759514307975220e+01  1.7484625310748643e+02  2.0799645936713256e+02  8.9846368414467004e-01
3947   1.9406394111698500e+01  1.7498885914158407e+02  2.0785385333303492e+02  8.9846368414467004e-01
3948   2.0053273915421784e+01  1.7513146517568174e+02  2.0771124729893722e+02  8.9846368414467004e-01
3949   2.0376713817283427e+01  1.7520276819273064e+02  2.0763994428188832e+02  8.9846368414467004e-01
3950   1.5727731153297620e+01  1.7867662234523627e+02  2.0416609012938270e+02  8.5160076913451777e-01
3951   1.6003656261250210e+01  1.7881637575272003e+02  2.0402633672189890e+02  8.5160076913451777e-01
3952   1.6555506477155390e+01  1.7909588256768774e+02  2.0374682990693123e+02  8.5160076913451777e-01
3953   1.7107356693060566e+01  1.7937538938265561e+02  2.0346732309196335e+02  8.5160076913451777e-01
3954   1.7383281801013158e+01  1.7951514279013958e+02  2.0332756968447936e+02  8.5160076913451777e-01
3955   1.1265546362339830e+01  1.8183186346983018e+02  2.0101084900478884e+02  8.5160076913451765e-01
3956   1.1463187526591405e+01  1.8202697198476287e+02  2.0081574048985610e+02  8.5160076913451777e-01
3957   1.1858469855094555e+01  1.8241718901462855e+02  2.0042552345999042e+02  8.5160076913451777e-01
3958   1.2253752183597710e+01  1.8280740604449451e+02  2.0003530643012448e+02  8.5160076913451765e-01
3959   1.2451393347849287e+01  1.8300251455942751e+02  1.9984019791519145e+02  8.5160076913451765e-01
3960   5.7477485436690552e+00  1.8374695134967723e+02  1.9909576112494176e+02  8.9846368414467004e-01
3961   5.8485862374176358e+00  1.8397565789758971e+02  1.9886705457702928e+02  8.9846368414467004e-01
3962   6.0502616249147954e+00  1.8443307099341493e+02  1.9840964148120409e+02  8.9846368414467004e-01
3963   6.2519370124119558e+00  1.8489048408924040e+02  1.9795222838537859e+02  8.9846368414467004e-01
3964   6.3527747061605355e+00  1.8511919063715320e+02  1.9772352183746580e+02  8.9846368414467004e-01
3965   1.8641362269829616e+00  1.8414570696119901e+02  1.9869700551342001e+02  9.6094757082487314e-01
3966   1.8968403713159956e+00  1.8438140922159431e+02  1.9846130325302465e+02  9.6094757082487314e-01
3967   1.9622486599820645e+00  1.8485281374238517e+02  1.9798989873223383e+02  9.6094757082487314e-01
3968   2.0276569486481333e+00  1.8532421826317633e+02  1.9751849421144266e+02  9.6094757082487314e-01
3969   2.0603610929811675e+00  1.8555992052357200e+02  1.9728279195104696e+02  9.6094757082487314e-01
3970   0.0000000000000000e+00  1.8414570696119901e+02  1.9869700551342001e+02  1.0000000000000000e+00
3971   0.0000000000000000e+00  1.8438140922159434e+02  1.9846130325302468e+02  1.0000000000000000e+00
3972   0.0000000000000000e+00  1.8485281374238517e+02  1.9798989873223383e+02  1.0000000000000000e+00
3973   0.0000000000000000e+00  1.8532421826317633e+02  1.9751849421144266e+02  1.0000000000000000e+00
3974   0.0000000000000000e+00  1.8555992052357200e+02  1.9728279195104699e+02  1.0000000000000000e+00

0     0     0.000000e+00
5     0     0.000000e+00
10    0     0.000000e+00
15    0     0.000000e+00
20    0     0.000000e+00
25    0     0.000000e+00
30    0     0.000000e+00
35    0     0.000000e+00
39    0     0.000000e+00
40    0     0.000000e+00
45    0     0.000000e+00
50    0     0.000000e+00
55    0     0.000000e+00
60    0     0.000000e+00
65    0     0.000000e+00
70    0     0.000000e+00
75    0     0.000000e+00
79    0     0.000000e+00
80    0     0.000000e+00
85    0     0.000000e+00
90    0     0.000000e+00
95    0     0.000000e+00
100   0     0.000000e+00
105   0     0.000000e+00
110   0     0.000000e+00
115   0     0.000000e+00
119   0     0.000000e+00
120   0     0.000000e+00
125   0     0.000000e+00
130   0     0.000000e+00
135   0     0.000000e+00
140   0     0.000000e+00
145   0     0.000000e+00
150   0     0.000000e+00
155   0     0.000000e+00
159   0     0.000000e+00
160   0     0.000000e+00
165   0     0.000000e+00
170   0     0.000000e+00
175   0     0.000000e+00
180   0     0.000000e+00
185   0     0.000000e+00
190   0     0.000000e+00
195   0     0.000000e+00
199   0     0.000000e+00
200   0     0.000000e+00
205   0     0.000000e+00
210   0     0.000000e+00
215   0     0.000000e+00
220   0     0.000000e+00
225   0     0.000000e+00
230   0     0.000000e+00
235   0     0.000000e+00
239   0     0.000000e+00
240   0     0.000000e+00
245   0     0.000000e+00
250   0     0.000000e+00
255   0     0.000000e+00
260   0     0.000000e+00
265   0     0.000000e+00
270   0     0.000000e+00
275   0     0.000000e+00
279   0     0.000000e+00
280   0     0.000000e+00
285   0     0.000000e+00
290   0     0.000000e+00
295   0     0.000000e+00
300   0     0.000000e+00
305   0     0.000000e+00
310   0     0.000000e+00
315   0     0.000000e+00
319   0     0.000000e+00
320   0     0.000000e+00
325   0     0.000000e+00
330   0     0.000000e+00
335   0     0.000000e+00
340   0     0.000000e+00
345   0     0.000000e+00
350   0     0.000000e+00
355   0     0.000000e+00
359   0     0.000000e+00
360   0     0.000000e+00
365   0     0.000000e+00
370   0     0.000000e+00
375   0     0.000000e+00
380   0     0.000000e+00
385   0     0.000000e+00
390   0     0.000000e+00
395   0     0.000000e+00
399   0     0.000000e+00
400   0     0.000000e+00
405   0     0.000000e+00
410   0     0.000000e+00
415   0     0.000000e+00
420   0     0.000000e+00
425   0     0.000000e+00
430   0     0.000000e+00
435   0     0.000000e+00
439   0     0.000000e+00
440   0     0.000000e+00
445   0     0.000000e+00
450   0     0.000000e+00
455   0     0.000000e+00
460   0     0.000000e+00
465   0     0.000000e+00
470   0     0.000000e+00
475   0     0.000000e+00
479   0     0.000000e+00
480   0     0.000000e+00
485   0     0.000000e+00
490   0     0.000000e+00
495   0     0.000000e+00
500   0     0.000000e+00
505   0     0.000000e+00
510   0     0.000000e+00
515   0     0.000000e+00
519   0     0.000000e+00
520   0     0.000000e+00
525   0     0.000000e+00
530   0     0.000000e+00
535   0     0.000000e+00
540   0     0.000000e+00
545   0     0.000000e+00
550   0     0.000000e+00
555   0     0.000000e+00
559   0     0.000000e+00
560   0     0.000000e+00
565   0     0.000000e+00
570   0     0.000000e+00
575   0     0.000000e+00
580   0     0.000000e+00
585   0     0.000000e+00
590   0     0.000000e+00
595   0     0.000000e+00
599   0     0.000000e+00
600   0     0.000000e+00
605   0     0.000000e+00
610   0     0.000000e+00
615   0     0.000000e+00
620   0     0.000000e+00
625   0     0.000000e+00
630   0     0.000000e+00
635   0     0.000000e+00
639   0     0.000000e+00
640   0     0.000000e+00
645   0     0.000000e+00
650   0     0.000000e+00
655   0     0.000000e+00
660   0     0.000000e+00
665   0     0.000000e+00
670   0     0.000000e+00
675   0     0.000000e+00
679   0     0.000000e+00
680   0     0.000000e+00
685   0     0.000000e+00
690   0     0.000000e+00
695   0     0.000000e+00
700   0     0.000000e+00
705   0     0.000000e+00
710   0     0.000000e+00
715   0     0.000000e+00
719   0     0.000000e+00
720   0     0.000000e+00
725   0     0.000000e+00
730   0     0.000000e+00
735   0     0.000000e+00
740   0     0.000000e+00
745   0     0.000000e+00
750   0     0.000000e+00
755   0     0.000000e+00
759   0     0.000000e+00
764   0     0.000000e+00
769   0     0.000000e+00
774   0     0.000000e+00
779   0     0.000000e+00
784   0     0.000000e+00
789   0     0.000000e+00
794   0     0.000000e+00
799   0     0.000000e+00
804   0     0.000000e+00
809   0     0.000000e+00
814   0     0.000000e+00
819   0     0.000000e+00
824   0     0.000000e+00
829   0     0.000000e+00
834   0     0.000000e+00
839   0     0.000000e+00
844   0     0.000000e+00
849   0     0.000000e+00
854   0     0.000000e+00
859   0     0.000000e+00
864   0     0.000000e+00
869   0     0.000000e+00
874   0     0.000000e+00
879   0     0.000000e+00
884   0     0.000000e+00
889   0     0.000000e+00
894   0     0.000000e+00
899   0     0.000000e+00
904   0     0.000000e+00
909   0     0.000000e+00
914   0     0.000000e+00
919   0     0.000000e+00
924   0     0.000000e+00
929   0     0.000000e+00
934   0     0.000000e+00
939   0     0.000000e+00
944   0     0.000000e+00
949   0     0.000000e+00
954   0     0.000000e+00
959   0     0.000000e+00
964   0     0.000000e+00
969   0     0.000000e+00
974   0     0.000000e+00
979   0     0.000000e+00
984   0     0.000000e+00
989   0     0.000000e+00
994   0     0.000000e+00
999   0     0.000000e+00
1004  0     0.000000e+00
1009  0     0.000000e+00
1014  0     0.000000e+00
1019  0     0.000000e+00
1024  0     0.000000e+00
1029  0     0.000000e+00
1034  0     0.000000e+00
1039  0     0.000000e+00
1044  0     0.000000e+00
1049  0     0.000000e+00
1054  0     0.000000e+00
1059  0     0.000000e+00
1064  0     0.000000e+00
1069  0     0.000000e+00
1074  0     0.000000e+00
1079  0     0.000000e+00
1084  0     0.000000e+00
1089  0     0.000000e+00
1094  0     0.000000e+00
1099  0     0.000000e+00
1104  0     0.000000e+00
1109  0     0.000000e+00
1114  0     0.000000e+00
1119  0     0.000000e+00
1124  0     0.000000e+00
1129  0     0.000000e+00
1134  0     0.000000e+00
1139  0     0.000000e+00
1144  0     0.000000e+00
1149  0     0.000000e+00
1154  0     0.000000e+00
1159  0     0.000000e+00
1164  0     0.000000e+00
1169  0     0.000000e+00
1174  0     0.000000e+00
1179  0     0.000000e+00
1184  0     0.000000e+00
1189  0     0.000000e+00
1194  0     0.000000e+00
1199  0     0.000000e+00
1204  0     0.000000e+00
1209  0     0.000000e+00
1214  0     0.000000e+00
1219  0     0.000000e+00
1224  0     0.000000e+00
1229  0     0.000000e+00
1234  0     0.000000e+00
1239  0     0.000000e+00
1244  0     0.000000e+00
1249  0     0.000000e+00
1254  0     0.000000e+00
1259  0     0.000000e+00
1264  0     0.000000e+00
1269  0     0.000000e+00
1274  0     0.000000e+00
1279  0     0.000000e+00
1284  0     0.000000e+00
1289  0     0.000000e+00
1294  0     0.000000e+00
1299  0     0.000000e+00
1304  0     0.000000e+00
1309  0     0.000000e+00
1314  0     0.000000e+00
1319  0     0.000000e+00
1324  0     0.000000e+00
1329  0     0.000000e+00
1334  0     0.000000e+00
1339  0     0.000000e+00
1344  0     0.000000e+00
1349  0     0.000000e+00
1354  0     0.000000e+00
1359  0     0.000000e+00
1364  0     0.000000e+00
1369  0     0.000000e+00
1374  0     0.000000e+00
1379  0     0.000000e+00
1384  0     0.000000e+00
1389  0     0.000000e+00
1394  0     0.000000e+00
1399  0     0.000000e+00
1404  0     0.000000e+00
1409  0     0.000000e+00
1414  0     0.000000e+00
1419  0     0.000000e+00
1424  0     0.000000e+00
1425  0     0.000000e+00
1430  0     0.000000e+00
1435  0     0.000000e+00
1440  0     0.000000e+00
1445  0     0.000000e+00
1450  0     0.000000e+00
1455  0     0.000000e+00
1460  0     0.000000e+00
1464  0     0.000000e+00
1465  0     0.000000e+00
1470  0     0.000000e+00
1475  0     0.000000e+00
1480  0     0.000000e+00
1485  0     0.000000e+00
1490  0     0.000000e+00
1495  0     0.000000e+00
1500  0     0.000000e+00
1504  0     0.000000e+00
1505  0     0.000000e+00
1510  0     0.000000e+00
1515  0     0.000000e+00
1520  0     0.000000e+00
1525  0     0.000000e+00
1530  0     0.000000e+00
1535  0     0.000000e+00
1540  0     0.000000e+00
1544  0     0.000000e+00
1545  0     0.000000e+00
1550  0     0.000000e+00
1555  0     0.000000e+00
1560  0     0.000000e+00
1565  0     0.000000e+00
1570  0     0.000000e+00
1575  0     0.000000e+00
1580  0     0.000000e+00
1584  0     0.000000e+00
1585  0     0.000000e+00
1590  0     0.000000e+00
1595  0     0.000000e+00
1600  0     0.000000e+00
1605  0     0.000000e+00
1610  0     0.000000e+00
1615  0     0.000000e+00
1620  0     0.000000e+00
1624  0     0.000000e+00
1625  0     0.000000e+00
1630  0     0.000000e+00
1635  0     0.000000e+00
1640  0     0.000000e+00
1645  0     0.000000e+00
1650  0     0.000000e+00
1655  0     0.000000e+00
1660  0     0.000000e+00
1664  0     0.000000e+00
1665  0     0.000000e+00
1670  0     0.000000e+00
1675  0     0.000000e+00
1680  0     0.000000e+00
1685  0     0.000000e+00
1690  0     0.000000e+00
1695  0     0.000000e+00
1700  0     0.000000e+00
1704  0     0.000000e+00
1705  0     0.000000e+00
1710  0     0.000000e+00
1715  0     0.000000e+00
1720  0     0.000000e+00
1725  0     0.000000e+00
1730  0     0.000000e+00
1735  0     0.000000e+00
1740  0     0.000000e+00
1744  0     0.000000e+00
1745  0     0.000000e+00
1750  0     0.000000e+00
1755  0     0.000000e+00
1760  0     0.000000e+00
1765  0     0.000000e+00
1770  0     0.000000e+00
1775  0     0.000000e+00
1780  0     0.000000e+00
1784  0     0.000000e+00
1785  0     0.000000e+00
1790  0     0.000000e+00
1795  0     0.000000e+00
1800  0     0.000000e+00
1805  0     0.000000e+00
1810  0     0.000000e+00
1815  0     0.000000e+00
1820  0     0.000000e+00
1824  0     0.000000e+00
1825  0     0.000000e+00
1830  0     0.000000e+00
1835  0     0.000000e+00
1840  0     0.000000e+00
1845  0     0.000000e+00
1850  0     0.000000e+00
1855  0     0.000000e+00
1860  0     0.000000e+00
1864  0     0.000000e+00
1865  0     0.000000e+00
1870  0     0.000000e+00
1875  0     0.000000e+00
1880  0     0.000000e+00
1885  0     0.000000e+00
1890  0     0.000000e+00
1895  0     0.000000e+00
1900  0     0.000000e+00
1904  0     0.000000e+00
1905  0     0.000000e+00
1910  0     0.000000e+00
1915  0     0.000000e+00
1920  0     0.000000e+00
1925  0     0.000000e+00
1930  0     0.000000e+00
1935  0     0.000000e+00
1940  0     0.000000e+00
1944  0     0.000000e+00
1945  0     0.000000e+00
1950  0     0.000000e+00
1955  0     0.000000e+00
1960  0     0.000000e+00
1965  0     0.000000e+00
1970  0     0.000000e+00
1975  0     0.000000e+00
1980  0     0.000000e+00
1984  0     0.000000e+00
1985  0     0.000000e+00
1990  0     0.000000e+00
1995  0     0.000000e+00
2000  0     0.000000e+00
2005  0     0.000000e+00
2010  0     0.000000e+00
2015  0     0.000000e+00
2020  0     0.000000e+00
2024  0     0.000000e+00
2025  0     0.000000e+00
2030  0     0.000000e+00
2035  0     0.000000e+00
2040  0     0.000000e+00
2045  0     0.000000e+00
2050  0     0.000000e+00
2055  0     0.000000e+00
2060  0     0.000000e+00
2064  0     0.000000e+00
2065  0     0.000000e+00
2070  0     0.000000e+00
2075  0     0.000000e+00
2080  0     0.000000e+00
2085  0     0.000000e+00
2090  0     0.000000e+00
2095  0     0.000000e+00
2100  0     0.000000e+00
2104  0     0.000000e+00
2105  0     0.000000e+00
2110  0     0.000000e+00
2115  0     0.000000e+00
2120  0     0.000000e+00
2125  0     0.000000e+00
2130  0     0.000000e+00
2135  0     0.000000e+00
2140  0     0.000000e+00
2144  0     0.000000e+00
2145  0     0.000000e+00
2150  0     0.000000e+00
2155  0     0.000000e+00
2160  0     0.000000e+00
2165  0     0.000000e+00
2170  0     0.000000e+00
2175  0     0.000000e+00
2180  0     0.000000e+00
2184  0     0.000000e+00
2185  0     0.000000e+00
2190  0     0.000000e+00
2195  0     0.000000e+00
2200  0     0.000000e+00
2205  0     0.000000e+00
2210  0     0.000000e+00
2215  0     0.000000e+00
2220  0     0.000000e+00
2224  0     0.000000e+00
2225  0     0.000000e+00
2230  0     0.000000e+00
2235  0     0.000000e+00
2240  0     0.000000e+00
2245  0     0.000000e+00
2250  0     0.000000e+00
2255  0     0.000000e+00
2260  0     0.000000e+00
2264  0     0.000000e+00
2265  0     0.000000e+00
2270  0     0.000000e+00
2275  0     0.000000e+00
2280  0     0.000000e+00
2285  0     0.000000e+00
2290  0     0.000000e+00
2295  0     0.000000e+00
2300  0     0.000000e+00
2304  0     0.000000e+00
2305  0     0.000000e+00
2310  0     0.000000e+00
2315  0     0.000000e+00
2320  0     0.000000e+00
2325  0     0.000000e+00
2330  0     0.000000e+00
2335  0     0.000000e+00
2340  0     0.000000e+00
2344  0     0.000000e+00
2345  0     0.000000e+00
2350  0     0.000000e+00
2355  0     0.000000e+00
2360  0     0.000000e+00
2365  0     0.000000e+00
2370  0     0.000000e+00
2375  0     0.000000e+00
2380  0     0.000000e+00
2384  0     0.000000e+00
2385  0     0.000000e+00
2390  0     0.000000e+00
2395  0     0.000000e+00
2400  0     0.000000e+00
2405  0     0.000000e+00
2410  0     0.000000e+00
2415  0     0.000000e+00
2420  0     0.000000e+00
2424  0     0.000000e+00
2425  0     0.000000e+00
2430  0     0.000000e+00
2435  0     0.000000e+00
2440  0     0.000000e+00
2445  0     0.000000e+00
2450  0     0.000000e+00
2455  0     0.000000e+00
2460  0     0.000000e+00
2464  0     0.000000e+00
2465  0     0.000000e+00
2470  0     0.000000e+00
2475  0     0.000000e+00
2480  0     0.000000e+00
2485  0     0.000000e+00
2490  0     0.000000e+00
2495  0     0.000000e+00
2500  0     0.000000e+00
2504  0     0.000000e+00
2505  0     0.000000e+00
2510  0     0.000000e+00
2515  0     0.000000e+00
2520  0     0.000000e+00
2525  0     0.000000e+00
2530  0     0.000000e+00
2535  0     0.000000e+00
2540  0     0.000000e+00
2544  0     0.000000e+00
2545  0     0.000000e+00
2550  0     0.000000e+00
2555  0     0.000000e+00
2560  0     0.000000e+00
2565  0     0.000000e+00
2570  0     0.000000e+00
2575  0     0.000000e+00
2580  0     0.000000e+00
2584  0     0.000000e+00
2585  0     0.000000e+00
2590  0     0.000000e+00
2595  0     0.000000e+00
2600  0     0.000000e+00
2605  0     0.000000e+00
2610  0     0.000000e+00
2615  0     0.000000e+00
2620  0     0.000000e+00
2624  0     0.000000e+00
2625  0     0.000000e+00
2630  0     0.000000e+00
2635  0     0.000000e+00
2640  0     0.000000e+00
2645  0     0.000000e+00
2650  0     0.000000e+00
2655  0     0.000000e+00
2660  0     0.000000e+00
2664  0     0.000000e+00
2665  0     0.000000e+00
2670  0     0.000000e+00
2675  0     0.000000e+00
2680  0     0.000000e+00
2685  0     0.000000e+00
2690  0     0.000000e+00
2695  0     0.000000e+00
2700  0     0.000000e+00
2704  0     0.000000e+00
2705  0     0.000000e+00
2710  0     0.000000e+00
2715  0     0.000000e+00
2720  0     0.000000e+00
2725  0     0.000000e+00
2730  0     0.000000e+00
2735  0     0.000000e+00
2740  0     0.000000e+00
2744  0     0.000000e+00
2745  0     0.000000e+00
2750  0     0.000000e+00
2755  0     0.000000e+00
2760  0     0.000000e+00
2765  0     0.000000e+00
2770  0     0.000000e+00
2775  0     0.000000e+00
2780  0     0.000000e+00
2784  0     0.000000e+00
2789  0     0.000000e+00
2794  0     0.000000e+00
2799  0     0.000000e+00
2804  0     0.000000e+00
2809  0     0.000000e+00
2814  0     0.000000e+00
2819  0     0.000000e+00
2824  0     0.000000e+00
2829  0     0.000000e+00
2834  0     0.000000e+00
2839  0     0.000000e+00
2844  0     0.000000e+00
2849  0     0.000000e+00
2854  0     0.000000e+00
2859  0     0.000000e+00
2864  0     0.000000e+00
2869  0     0.000000e+00
2874  0     0.000000e+00
2879  0     0.000000e+00
2884  0     0.000000e+00
2889  0     0.000000e+00
2894  0     0.000000e+00
2899  0     0.000000e+00
2904  0     0.000000e+00
2909  0     0.000000e+00
2914  0     0.000000e+00
2919  0     0.000000e+00
2924  0     0.000000e+00
2929  0     0.000000e+00
2934  0     0.000000e+00
2939  0     0.000000e+00
2944  0     0.000000e+00
2949  0     0.000000e+00
2954  0     0.000000e+00
2959  0     0.000000e+00
2964  0     0.000000e+00
2969  0     0.000000e+00
2974  0     0.000000e+00
2979  0     0.000000e+00
2984  0     0.000000e+00
2989  0     0.000000e+00
2994  0     0.000000e+00
2999  0     0.000000e+00
3004  0     0.000000e+00
3009  0     0.000000e+00
3014  0     0.000000e+00
3019  0     0.000000e+00
3024  0     0.000000e+00
3029  0     0.000000e+00
3034  0     0.000000e+00
3039  0     0.000000e+00
3044  0     0.000000e+00
3049  0     0.000000e+00
3054  0     0.000000e+00
3059  0     0.000000e+00
3064  0     0.000000e+00
3069  0     0.000000e+00
3074  0     0.000000e+00
3079  0     0.000000e+00
3084  0     0.000000e+00
3089  0     0.000000e+00
3094  0     0.000000e+00
3099  0     0.000000e+00
3104  0     0.000000e+00
3109  0     0.000000e+00
3114  0     0.000000e+00
3119  0     0.000000e+00
3124  0     0.000000e+00
3129  0     0.000000e+00
3134  0     0.000000e+00
3139  0     0.000000e+00
3144  0     0.000000e+00
3149  0     0.000000e+00
3154  0     0.000000e+00
3159  0     0.000000e+00
3164  0     0.000000e+00
3169  0     0.000000e+00
3174  0     0.000000e+00
3179  0     0.000000e+00
3184  0     0.000000e+00
3189  0     0.000000e+00
3194  0     0.000000e+00
3199  0     0.000000e+00
3204  0     0.000000e+00
3209  0     0.000000e+00
3214  0     0.000000e+00
3219  0     0.000000e+00
3224  0     0.000000e+00
3229  0     0.000000e+00
3234  0     0.000000e+00
3239  0     0.000000e+00
3244  0     0.000000e+00
3249  0     0.000000e+00
3254  0     0.000000e+00
3259  0     0.000000e+00
3264  0     0.000000e+00
3269  0     0.000000e+00
3274  0     0.000000e+00
3279  0     0.000000e+00
3284  0     0.000000e+00
3289  0     0.000000e+00
3294  0     0.000000e+00
3299  0     0.000000e+00
3304  0     0.000000e+00
3309  0     0.000000e+00
3314  0     0.000000e+00
3319  0     0.000000e+00
3324  0     0.000000e+00
3329  0     0.000000e+00
3334  0     0.000000e+00
3339  0     0.000000e+00
3344  0     0.000000e+00
3349  0     0.000000e+00
3354  0     0.000000e+00
3359  0     0.000000e+00
3364  0     0.000000e+00
3369  0     0.000000e+00
3374  0     0.000000e+00
3379  0     0.000000e+00
3384  0     0.000000e+00
3389  0     0.000000e+00
3394  0     0.000000e+00
3399  0     0.000000e+00
3404  0     0.000000e+00
3409  0     0.000000e+00
3414  0     0.000000e+00
3419  0     0.000000e+00
3424  0     0.000000e+00
3429  0     0.000000e+00
3434  0     0.000000e+00
3439  0     0.000000e+00
3444  0     0.000000e+00
3449  0     0.000000e+00
3454  0     0.000000e+00
3459  0     0.000000e+00
3464  0     0.000000e+00
3469  0     0.000000e+00
3474  0     0.000000e+00
3479  0     0.000000e+00
3484  0     0.000000e+00
3489  0     0.000000e+00
3494  0     0.000000e+00
3499  0     0.000000e+00
3504  0     0.000000e+00
3509  0     0.000000e+00
3514  0     0.000000e+00
3519  0     0.000000e+00
3524  0     0.000000e+00
3529  0     0.000000e+00
3534  0     0.000000e+00
3539  0     0.000000e+00
3544  0     0.000000e+00
3549  0     0.000000e+00
3554  0     0.000000e+00
3559  0     0.000000e+00
3564  0     0.000000e+00
3569  0     0.000000e+00
3574  0     0.000000e+00
3579  0     0.000000e+00
3584  0     0.000000e+00
3589  0     0.000000e+00
3594  0     0.000000e+00
3599  0     0.000000e+00
3604  0     0.000000e+00
3609  0     0.000000e+00
3614  0     0.000000e+00
3619  0     0.000000e+00
3624  0     0.000000e+00
3629  0     0.000000e+00
3634  0     0.000000e+00
3639  0     0.000000e+00
3644  0     0.000000e+00
3649  0     0.000000e+00
3654  0     0.000000e+00
3659  0     0.000000e+00
3664  0     0.000000e+00
3669  0     0.000000e+00
3674  0     0.000000e+00
3679  0     0.000000e+00
3684  0     0.000000e+00
3689  0     0.000000e+00
3694  0     0.000000e+00
3699  0     0.000000e+00
3704  0     0.000000e+00
3709  0     0.000000e+00
3714  0     0.000000e+00
3719  0     0.000000e+00
3724  0     0.000000e+00
3729  0     0.000000e+00
3734  0     0.000000e+00
3739  0     0.000000e+00
3744  0     0.000000e+00
3749  0     0.000000e+00
3754  0     0.000000e+00
3759  0     0.000000e+00
3764  0     0.000000e+00
3769  0     0.000000e+00
3774  0     0.000000e+00
3779  0     0.000000e+00
3784  0     0.000000e+00
3789  0     0.000000e+00
3794  0     0.000000e+00
3799  0     0.000000e+00
3804  0     0.000000e+00
3809  0     0.000000e+00
3814  0     0.000000e+00
3819  0     0.000000e+00
3824  0     0.000000e+00
3829  0     0.000000e+00
3834  0     0.000000e+00
3839  0     0.000000e+00
3844  0     0.000000e+00
3849  0     0.000000e+00
3854  0     0.000000e+00
3859  0     0.000000e+00
3864  0     0.000000e+00
3869  0     0.000000e+00
3874  0     0.000000e+00
3879  0     0.000000e+00
3884  0     0.000000e+00
3889  0     0.000000e+00
3894  0     0.000000e+00
3899  0     0.000000e+00
3904  0     0.000000e+00
3909  0     0.000000e+00
3914  0     0.000000e+00
3919  0     0.000000e+00
3924  0     0.000000e+00
3929  0     0.000000e+00
3934  0     0.000000e+00
3939  0     0.000000e+00
3944  0     0.000000e+00
3949  0     0.000000e+00
3954  0     0.000000e+00
3959  0     0.000000e+00
3964  0     0.000000e+00
3969  0     0.000000e+00
3974  0     0.000000e+00
39    1     0.000000e+00
0     2     0.000000e+00
1     2     0.000000e+00
2     2     0.000000e+00
3     2     0.000000e+00
4     2     0.000000e+00
5     2     0.000000e+00
6     2     0.000000e+00
7     2     0.000000e+00
8     2     0.000000e+00
9     2     0.000000e+00
10    2     0.000000e+00
11    2     0.000000e+00
12    2     0.000000e+00
13    2     0.000000e+00
14    2     0.000000e+00
15    2     0.000000e+00
16    2     0.000000e+00
17    2     0.000000e+00
18    2     0.000000e+00
19    2     0.000000e+00
20    2     0.000000e+00
21    2     0.000000e+00
22    2     0.000000e+00
23    2     0.000000e+00
24    2     0.000000e+00
25    2     0.000000e+00
26    2     0.000000e+00
27    2     0.000000e+00
28    2     0.000000e+00
29    2     0.000000e+00
30    2     0.000000e+00
31    2     0.000000e+00
32    2     0.000000e+00
33    2     0.000000e+00
34    2     0.000000e+00
35    2     0.000000e+00
36    2     0.000000e+00
37    2     0.000000e+00
38    2     0.000000e+00
39    2     0.000000e+00
760   2     0.000000e+00
761   2     0.000000e+00
762   2     0.000000e+00
763   2     0.000000e+00
764   2     0.000000e+00
765   2     0.000000e+00
766   2     0.000000e+00
767   2     0.000000e+00
768   2     0.000000e+00
769   2     0.000000e+00
770   2     0.000000e+00
771   2     0.000000e+00
772   2     0.000000e+00
773   2     0.000000e+00
774   2     0.000000e+00
775   2     0.000000e+00
776   2     0.000000e+00
777   2     0.000000e+00
778   2     0.000000e+00
779   2     0.000000e+00
780   2     0.000000e+00
781   2     0.000000e+00
782   2     0.000000e+00
783   2     0.000000e+00
784   2     0.000000e+00
785   2     0.000000e+00
786   2     0.000000e+00
787   2     0.000000e+00
788   2     0.000000e+00
789   2     0.000000e+00
790   2     0.000000e+00
791   2     0.000000e+00
792   2     0.000000e+00
793   2     0.000000e+00
794   2     0.000000e+00

3     1     0 1     1.000000e+00   0.000000e+00 1.000000e+00   0.000000e+00 1.000000e+00   0.000000e+00 0.000000e+00 0.000000e+00   0.000000e+00 0.000000e+00 0.000000e+00
3     1     0 1     1.000000e+00   0.000000e+00 1.000000e+00   0.000000e+00 1.000000e+00   0.000000e+00 0.000000e+00 0.000000e+00   0.000000e+00 0.000000e+00 0.000000e+00