3

206000  3.000000e-01

88

1041

2     2     2
2     2     2
2     2     2
2     2     2
2     2     2
2     2     2
2     2     2
2     2     2
2     2     2
2     2     2
2     2     2
2     2     2
2     2     2
2     2     2
2     2     2
2     2     2
2     2     2
2     2     2
2     2     2
2     2     2
2     2     2
2     2     2
2     2     2
2     2     2
2     2     2
2     2     2
2     2     2
2     2     2
2     2     2
2     2     2
2     2     2
2     2     2
2     2     2
2     2     2
2     2     2
2     2     2
2     2     2
2     2     2
2     2     2
2     2     2
2     2     2
2     2     2
2     2     2
2     2     2
2     2     2
2     2     2
2     2     2
2     2     2
2     2     2
2     2     2
2     2     2
2     2     2
2     2     2
2     2     2
2     2     2
2     2     2
2     2     2
2     2     2
2     2     2
2     2     2
2     2     2
2     2     2
2     2     2
2     2     2
2     2     2
2     2     2
2     2     2
2     2     2
2     2     2
2     2     2
2     2     2
2     2     2
2     2     2
2     2     2
2     2     2
2     2     2
2     2     2
2     2     2
2     2     2
2     2     2
2     2     2
2     2     2
2     2     2
2     2     2
2     2     2
2     2     2
2     2     2
2     2     2

6     6     6
6     6     6
6     6     6
6     6     6
6     6     6
6     6     6
6     6     6
6     6     6
6     6     6
6     6     6
6     6     6
6     6     6
6     6     6
6     6     6
6     6     6
6     6     6
6     6     6
6     6     6
6     6     6
6     6     6
6     6     6
6     6     6
6     6     6
6     6     6
6     6     6
6     6     6
6     6     6
6     6     6
6     6     6
6     6     6
6     6     6
6     6     6
6     6     6
6     6     6
6     6     6
6     6     6
6     6     6
6     6     6
6     6     6
6     6     6
6     6     6
6     6     6
6     6     6
6     6     6
6     6     6
6     6     6
6     6     6
6     6     6
6     6     6
6     6     6
6     6     6
6     6     6
6     6     6
6     6     6
6     6     6
6     6     6
6     6     6
6     6     6
6     6     6
6     6     6
6     6     6
6     6     6
6     6     6
6     6     6
6     6     6
6     6     6
6     6     6
6     6     6
6     6     6
6     6     6
6     6     6
6     6     6
6     6     6
6     6     6
6     6     6
6     6     6
6     6     6
6     6     6
6     6     6
6     6     6
6     6     6
6     6     6
6     6     6
6     6     6
6     6     6
6     6     6
6     6     6
6     6     6

3     3     3
3     3     3
3     3     3
3     3     3
3     3     3
3     3     3
3     3     3
3     3     3
3     3     3
3     3     3
3     3     3
3     3     3
3     3     3
3     3     3
3     3     3
3     3     3
3     3     3
3     3     3
3     3     3
3     3     3
3     3     3
3     3     3
3     3     3
3     3     3
3     3     3
3     3     3
3     3     3
3     3     3
3     3     3
3     3     3
3     3     3
3     3     3
3     3     3
3     3     3
3     3     3
3     3     3
3     3     3
3     3     3
3     3     3
3     3     3
3     3     3
3     3     3
3     3     3
3     3     3
3     3     3
3     3     3
3     3     3
3     3     3
3     3     3
3     3     3
3     3     3
3     3     3
3     3     3
3     3     3
3     3     3
3     3     3
3     3     3
3     3     3
3     3     3
3     3     3
3     3     3
3     3     3
3     3     3
3     3     3
3     3     3
3     3     3
3     3     3
3     3     3
3     3     3
3     3     3
3     3     3
3     3     3
3     3     3
3     3     3
3     3     3
3     3     3
3     3     3
3     3     3
3     3     3
3     3     3
3     3     3
3     3     3
3     3     3
3     3     3
3     3     3
3     3     3
3     3     3
3     3     3

0     1     2     3     4     5     6     7     8     9     10    11    12    13    14    15    16    17    18    19    20    21    22    23    24    25    26
18    19    20    21    22    23    24    25    26    27    28    29    30    31    32    33    34    35    36    37    38    39    40    41    42    43    44
36    37    38    39    40    41    42    43    44    45    46    47    48    49    50    51    52    53    54    55    56    57    58    59    60    61    62
54    55    56    57    58    59    60    61    62    63    64    65    66    67    68    69    70    71    72    73    74    75    76    77    78    79    80
72    73    74    75    76    77    78    79    80    81    82    83    84    85    86    87    88    89    90    91    92    93    94    95    96    97    98
90    91    92    93    94    95    96    97    98    99    100   101   102   103   104   105   106   107   108   109   110   111   112   113   114   115   116
108   109   110   111   112   113   114   115   116   117   118   119   120   121   122   123   124   125   126   127   128   129   130   131   132   133   134
126   127   128   129   130   131   132   133   134   135   136   137   138   139   140   141   142   143   144   145   146   147   148   149   150   151   152
6     7     8     153   154   155   156   157   158   15    16    17    159   160   161   162   163   164   24    25    26    165   166   167   168   169   170
24    25    26    165   166   167   168   169   170   33    34    35    171   172   173   174   175   176   42    43    44    177   178   179   180   181   182
42    43    44    177   178   179   180   181   182   51    52    53    183   184   185   186   187   188   60    61    62    189   190   191   192   193   194
60    61    62    189   190   191   192   193   194   69    70    71    195   196   197   198   199   200   78    79    80    201   202   203   204   205   206
78    79    80    201   202   203   204   205   206   87    88    89    207   208   209   210   211   212   96    97    98    213   214   215   216   217   218
96    97    98    213   214   215   216   217   218   105   106   107   219   220   221   222   223   224   114   115   116   225   226   227   228   229   230
114   115   116   225   226   227   228   229   230   123   124   125   231   232   233   234   235   236   132   133   134   237   238   239   240   241   242
132   133   134   237   238   239   240   241   242   141   142   143   243   244   245   246   247   248   150   151   152   249   250   251   252   253   254
156   157   158   255   256   257   258   259   260   162   163   164   261   262   263   264   265   266   168   169   170   267   268   269   270   271   272
168   169   170   267   268   269   270   271   272   174   175   176   273   274   275   276   277   278   180   181   182   279   280   281   282   283   284
180   181   182   279   280   281   282   283   284   186   187   188   285   286   287   288   289   290   192   193   194   291   292   293   294   295   296
192   193   194   291   292   293   294   295   296   198   199   200   297   298   299   300   301   302   204   205   206   303   304   305   306   307   308
204   205   206   303   304   305   306   307   308   210   211   212   309   310   311   312   313   314   216   217   218   315   316   317   318   319   320
216   217   218   315   316   317   318   319   320   222   223   224   321   322   323   324   325   326   228   229   230   327   328   329   330   331   332
228   229   230   327   328   329   330   331   332   234   235   236   333   334   335   336   337   338   240   241   242   339   340   341   342   343   344
240   241   242   339   340   341   342   343   344   246   247   248   345   346   347   348   349   350   252   253   254   351   352   353   354   355   356
258   259   260   357   358   359   360   361   362   264   265   266   363   364   365   366   367   368   270   271   272   369   370   371   372   373   374
270   271   272   369   370   371   372   373   374   276   277   278   375   376   377   378   379   380   282   283   284   381   382   383   384   385   386
282   283   284   381   382   383   384   385   386   288   289   290   387   388   389   390   391   392   294   295   296   393   394   395   396   397   398
294   295   296   393   394   395   396   397   398   300   301   302   399   400   401   402   403   404   306   307   308   405   406   407   408   409   410
306   307   308   405   406   407   408   409   410   312   313   314   411   412   413   414   415   416   318   319   320   417   418   419   420   421   422
318   319   320   417   418   419   420   421   422   324   325   326   423   424   425   426   427   428   330   331   332   429   430   431   432   433   434
330   331   332   429   430   431   432   433   434   336   337   338   435   436   437   438   439   440   342   343   344   441   442   443   444   445   446
342   343   344   441   442   443   444   445   446   348   349   350   447   448   449   450   451   452   354   355   356   453   454   455   456   457   458
459   460   461   462   463   464   465   466   467   468   469   470   471   472   473   474   475   476   477   478   479   480   481   482   483   484   485
461   486   487   464   488   489   467   490   491   470   492   493   473   494   495   476   496   497   479   498   499   482   500   501   485   502   503
487   504   146   489   505   149   491   506   152   493   507   137   495   508   140   497   509   143   499   510   128   501   511   131   503   512   134
491   506   152   490   513   251   467   514   254   497   509   143   496   515   245   476   516   248   503   512   134   502   517   239   485   518   242
467   514   254   466   519   353   465   520   356   476   516   248   475   521   347   474   522   350   485   518   242   484   523   341   483   524   344
465   520   356   462   525   455   459   526   458   474   522   350   471   527   449   468   528   452   483   524   344   480   529   443   477   530   446
74    531   532   77    533   534   80    535   536   83    537   538   86    539   540   89    541   542   92    543   544   95    545   546   98    547   548
80    535   536   203   549   550   206   551   552   89    541   542   209   553   554   212   555   556   98    547   548   215   557   558   218   559   560
206   551   552   305   561   562   308   563   564   212   555   556   311   565   566   314   567   568   218   559   560   317   569   570   320   571   572
308   563   564   407   573   574   410   575   576   314   567   568   413   577   578   416   579   580   320   571   572   419   581   582   422   583   584
477   478   479   480   481   482   483   484   485   585   586   587   588   589   590   591   592   593   594   595   596   597   598   599   600   601   602
479   498   499   482   500   501   485   502   503   587   603   604   590   605   606   593   607   608   596   609   610   599   611   612   602   613   614
499   510   128   501   511   131   503   512   134   604   615   616   606   617   618   608   619   620   610   621   622   612   623   624   614   625   626
503   512   134   502   517   239   485   518   242   608   619   620   607   627   628   593   629   630   614   625   626   613   631   632   602   633   634
485   518   242   484   523   341   483   524   344   593   629   630   592   635   636   591   637   638   602   633   634   601   639   640   600   641   642
483   524   344   480   529   443   477   530   446   591   637   638   588   643   644   585   645   646   600   641   642   597   647   648   594   649   650
128   119   110   131   122   113   134   125   116   616   651   652   618   653   654   620   655   656   622   657   658   624   659   660   626   661   662
134   125   116   239   233   227   242   236   230   620   655   656   628   663   664   630   665   666   626   661   662   632   667   668   634   669   670
242   236   230   341   335   329   344   338   332   630   665   666   636   671   672   638   673   674   634   669   670   640   675   676   642   677   678
344   338   332   443   437   431   446   440   434   638   673   674   644   679   680   646   681   682   642   677   678   648   683   684   650   685   686
110   101   92    113   104   95    116   107   98    652   687   688   654   689   690   656   691   692   658   693   694   660   695   696   662   697   698
116   107   98    227   221   215   230   224   218   656   691   692   664   699   700   666   701   702   662   697   698   668   703   704   670   705   706
230   224   218   329   323   317   332   326   320   666   701   702   672   707   708   674   709   710   670   705   706   676   711   712   678   713   714
332   326   320   431   425   419   434   428   422   674   709   710   680   715   716   682   717   718   678   713   714   684   719   720   686   721   722
92    543   544   95    545   546   98    547   548   688   723   724   690   725   726   692   727   728   694   729   730   696   731   732   698   733   734
98    547   548   215   557   558   218   559   560   692   727   728   700   735   736   702   737   738   698   733   734   704   739   740   706   741   742
218   559   560   317   569   570   320   571   572   702   737   738   708   743   744   710   745   746   706   741   742   712   747   748   714   749   750
320   571   572   419   581   582   422   583   584   710   745   746   716   751   752   718   753   754   714   749   750   720   755   756   722   757   758
759   760   761   762   763   764   765   766   767   768   769   770   771   772   773   774   775   776   777   778   779   780   781   782   783   784   785
786   787   759   788   789   762   790   791   765   792   793   768   794   795   771   796   797   774   798   799   777   800   801   780   802   803   783
790   804   362   788   805   359   786   806   260   796   807   368   794   808   365   792   809   266   802   810   374   800   811   371   798   812   272
786   806   260   787   813   257   759   814   158   792   809   266   793   815   263   768   816   164   798   812   272   799   817   269   777   818   170
759   814   158   760   819   155   761   820   8     768   816   164   769   821   161   770   822   17    777   818   170   778   823   167   779   824   26
761   820   8     764   825   5     767   826   2     770   822   17    773   827   14    776   828   11    779   824   26    782   829   23    785   830   20
410   575   576   407   573   574   308   563   564   404   831   832   401   833   834   302   835   836   398   837   838   395   839   840   296   841   842
308   563   564   305   561   562   206   551   552   302   835   836   299   843   844   200   845   846   296   841   842   293   847   848   194   849   850
206   551   552   203   549   550   80    535   536   200   845   846   197   851   852   71    853   854   194   849   850   191   855   856   62    857   858
80    535   536   77    533   534   74    531   532   71    853   854   68    859   860   65    861   862   62    857   858   59    863   864   56    865   866
777   778   779   780   781   782   783   784   785   867   868   869   870   871   872   873   874   875   876   877   878   879   880   881   882   883   884
798   799   777   800   801   780   802   803   783   885   886   867   887   888   870   889   890   873   891   892   876   893   894   879   895   896   882
802   810   374   800   811   371   798   812   272   889   897   898   887   899   900   885   901   902   895   903   904   893   905   906   891   907   908
798   812   272   799   817   269   777   818   170   885   901   902   886   909   910   867   911   912   891   907   908   892   913   914   876   915   916
777   818   170   778   823   167   779   824   26    867   911   912   868   917   918   869   919   920   876   915   916   877   921   922   878   923   924
779   824   26    782   829   23    785   830   20    869   919   920   872   925   926   875   927   928   878   923   924   881   929   930   884   931   932
374   380   386   371   377   383   272   278   284   898   933   934   900   935   936   902   937   938   904   939   940   906   941   942   908   943   944
272   278   284   269   275   281   170   176   182   902   937   938   910   945   946   912   947   948   908   943   944   914   949   950   916   951   952
170   176   182   167   173   179   26    35    44    912   947   948   918   953   954   920   955   956   916   951   952   922   957   958   924   959   960
26    35    44    23    32    41    20    29    38    920   955   956   926   961   962   928   963   964   924   959   960   930   965   966   932   967   968
386   392   398   383   389   395   284   290   296   934   969   970   936   971   972   938   973   974   940   975   976   942   977   978   944   979   980
284   290   296   281   287   293   182   188   194   938   973   974   946   981   982   948   983   984   944   979   980   950   985   986   952   987   988
182   188   194   179   185   191   44    53    62    948   983   984   954   989   990   956   991   992   952   987   988   958   993   994   960   995   996
44    53    62    41    50    59    38    47    56    956   991   992   962   997   998   964   999   1000  960   995   996   966   1001  1002  968   1003  1004
398   837   838   395   839   840   296   841   842   970   1005  1006  972   1007  1008  974   1009  1010  976   1011  1012  978   1013  1014  980   1015  1016
296   841   842   293   847   848   194   849   850   974   1009  1010  982   1017  1018  984   1019  1020  980   1015  1016  986   1021  1022  988   1023  1024
194   849   850   191   855   856   62    857   858   984   1019  1020  990   1025  1026  992   1027  1028  988   1023  1024  994   1029  1030  996   1031  1032
62    857   858   59    863   864   56    865   866   992   1027  1028  998   1033  1034  1000  1035  1036  996   1031  1032  1002  1037  1038  1004  1039  1040

0     0     0

0.0000000000000000e+00  0.0000000000000000e+00  0.0000000000000000e+00  1.0000000000000000e+00  1.0000000000000000e+00  1.0000000000000000e+00
0.0000000000000000e+00  0.0000000000000000e+00  0.0000000000000000e+00  1.0000000000000000e+00  1.0000000000000000e+00  1.0000000000000000e+00
0.0000000000000000e+00  0.0000000000000000e+00  0.0000000000000000e+00  1.0000000000000000e+00  1.0000000000000000e+00  1.0000000000000000e+00
0.0000000000000000e+00  0.0000000000000000e+00  0.0000000000000000e+00  1.0000000000000000e+00  1.0000000000000000e+00  1.0000000000000000e+00
0.0000000000000000e+00  0.0000000000000000e+00  0.0000000000000000e+00  1.0000000000000000e+00  1.0000000000000000e+00  1.0000000000000000e+00
0.0000000000000000e+00  0.0000000000000000e+00  0.0000000000000000e+00  1.0000000000000000e+00  1.0000000000000000e+00  1.0000000000000000e+00
0.0000000000000000e+00  0.0000000000000000e+00  0.0000000000000000e+00  1.0000000000000000e+00  1.0000000000000000e+00  1.0000000000000000e+00
0.0000000000000000e+00  0.0000000000000000e+00  0.0000000000000000e+00  1.0000000000000000e+00  1.0000000000000000e+00  1.0000000000000000e+00
0.0000000000000000e+00  0.0000000000000000e+00  0.0000000000000000e+00  1.0000000000000000e+00  1.0000000000000000e+00  1.0000000000000000e+00
0.0000000000000000e+00  0.0000000000000000e+00  0.0000000000000000e+00  1.0000000000000000e+00  1.0000000000000000e+00  1.0000000000000000e+00
0.0000000000000000e+00  0.0000000000000000e+00  0.0000000000000000e+00  1.0000000000000000e+00  1.0000000000000000e+00  1.0000000000000000e+00
0.0000000000000000e+00  0.0000000000000000e+00  0.0000000000000000e+00  1.0000000000000000e+00  1.0000000000000000e+00  1.0000000000000000e+00
0.0000000000000000e+00  0.0000000000000000e+00  0.0000000000000000e+00  1.0000000000000000e+00  1.0000000000000000e+00  1.0000000000000000e+00
0.0000000000000000e+00  0.0000000000000000e+00  0.0000000000000000e+00  1.0000000000000000e+00  1.0000000000000000e+00  1.0000000000000000e+00
0.0000000000000000e+00  0.0000000000000000e+00  0.0000000000000000e+00  1.0000000000000000e+00  1.0000000000000000e+00  1.0000000000000000e+00
0.0000000000000000e+00  0.0000000000000000e+00  0.0000000000000000e+00  1.0000000000000000e+00  1.0000000000000000e+00  1.0000000000000000e+00
0.0000000000000000e+00  0.0000000000000000e+00  0.0000000000000000e+00  1.0000000000000000e+00  1.0000000000000000e+00  1.0000000000000000e+00
0.0000000000000000e+00  0.0000000000000000e+00  0.0000000000000000e+00  1.0000000000000000e+00  1.0000000000000000e+00  1.0000000000000000e+00
0.0000000000000000e+00  0.0000000000000000e+00  0.0000000000000000e+00  1.0000000000000000e+00  1.0000000000000000e+00  1.0000000000000000e+00
0.0000000000000000e+00  0.0000000000000000e+00  0.0000000000000000e+00  1.0000000000000000e+00  1.0000000000000000e+00  1.0000000000000000e+00
0.0000000000000000e+00  0.0000000000000000e+00  0.0000000000000000e+00  1.0000000000000000e+00  1.0000000000000000e+00  1.0000000000000000e+00
0.0000000000000000e+00  0.0000000000000000e+00  0.0000000000000000e+00  1.0000000000000000e+00  1.0000000000000000e+00  1.0000000000000000e+00
0.0000000000000000e+00  0.0000000000000000e+00  0.0000000000000000e+00  1.0000000000000000e+00  1.0000000000000000e+00  1.0000000000000000e+00
0.0000000000000000e+00  0.0000000000000000e+00  0.0000000000000000e+00  1.0000000000000000e+00  1.0000000000000000e+00  1.0000000000000000e+00
0.0000000000000000e+00  0.0000000000000000e+00  0.0000000000000000e+00  1.0000000000000000e+00  1.0000000000000000e+00  1.0000000000000000e+00
0.0000000000000000e+00  0.0000000000000000e+00  0.0000000000000000e+00  1.0000000000000000e+00  1.0000000000000000e+00  1.0000000000000000e+00
0.0000000000000000e+00  0.0000000000000000e+00  0.0000000000000000e+00  1.0000000000000000e+00  1.0000000000000000e+00  1.0000000000000000e+00
0.0000000000000000e+00  0.0000000000000000e+00  0.0000000000000000e+00  1.0000000000000000e+00  1.0000000000000000e+00  1.0000000000000000e+00
0.0000000000000000e+00  0.0000000000000000e+00  0.0000000000000000e+00  1.0000000000000000e+00  1.0000000000000000e+00  1.0000000000000000e+00
0.0000000000000000e+00  0.0000000000000000e+00  0.0000000000000000e+00  1.0000000000000000e+00  1.0000000000000000e+00  1.0000000000000000e+00
0.0000000000000000e+00  0.0000000000000000e+00  0.0000000000000000e+00  1.0000000000000000e+00  1.0000000000000000e+00  1.0000000000000000e+00
0.0000000000000000e+00  0.0000000000000000e+00  0.0000000000000000e+00  1.0000000000000000e+00  1.0000000000000000e+00  1.0000000000000000e+00
0.0000000000000000e+00  0.0000000000000000e+00  0.0000000000000000e+00  1.0000000000000000e+00  1.0000000000000000e+00  1.0000000000000000e+00
0.0000000000000000e+00  0.0000000000000000e+00  0.0000000000000000e+00  1.0000000000000000e+00  1.0000000000000000e+00  1.0000000000000000e+00
0.0000000000000000e+00  0.0000000000000000e+00  0.0000000000000000e+00  1.0000000000000000e+00  1.0000000000000000e+00  1.0000000000000000e+00
0.0000000000000000e+00  0.0000000000000000e+00  0.0000000000000000e+00  1.0000000000000000e+00  1.0000000000000000e+00  1.0000000000000000e+00
0.0000000000000000e+00  0.0000000000000000e+00  0.0000000000000000e+00  1.0000000000000000e+00  1.0000000000000000e+00  1.0000000000000000e+00
0.0000000000000000e+00  0.0000000000000000e+00  0.0000000000000000e+00  1.0000000000000000e+00  1.0000000000000000e+00  1.0000000000000000e+00
0.0000000000000000e+00  0.0000000000000000e+00  0.0000000000000000e+00  1.0000000000000000e+00  1.0000000000000000e+00  1.0000000000000000e+00
0.0000000000000000e+00  0.0000000000000000e+00  0.0000000000000000e+00  1.0000000000000000e+00  1.0000000000000000e+00  1.0000000000000000e+00
0.0000000000000000e+00  0.0000000000000000e+00  0.0000000000000000e+00  1.0000000000000000e+00  1.0000000000000000e+00  1.0000000000000000e+00
0.0000000000000000e+00  0.0000000000000000e+00  0.0000000000000000e+00  1.0000000000000000e+00  1.0000000000000000e+00  1.0000000000000000e+00
0.0000000000000000e+00  0.0000000000000000e+00  0.0000000000000000e+00  1.0000000000000000e+00  1.0000000000000000e+00  1.0000000000000000e+00
0.0000000000000000e+00  0.0000000000000000e+00  0.0000000000000000e+00  1.0000000000000000e+00  1.0000000000000000e+00  1.0000000000000000e+00
0.0000000000000000e+00  0.0000000000000000e+00  0.0000000000000000e+00  1.0000000000000000e+00  1.0000000000000000e+00  1.0000000000000000e+00
0.0000000000000000e+00  0.0000000000000000e+00  0.0000000000000000e+00  1.0000000000000000e+00  1.0000000000000000e+00  1.0000000000000000e+00
0.0000000000000000e+00  0.0000000000000000e+00  0.0000000000000000e+00  1.0000000000000000e+00  1.0000000000000000e+00  1.0000000000000000e+00
0.0000000000000000e+00  0.0000000000000000e+00  0.0000000000000000e+00  1.0000000000000000e+00  1.0000000000000000e+00  1.0000000000000000e+00
0.0000000000000000e+00  0.0000000000000000e+00  0.0000000000000000e+00  1.0000000000000000e+00  1.0000000000000000e+00  1.0000000000000000e+00
0.0000000000000000e+00  0.0000000000000000e+00  0.0000000000000000e+00  1.0000000000000000e+00  1.0000000000000000e+00  1.0000000000000000e+00
0.0000000000000000e+00  0.0000000000000000e+00  0.0000000000000000e+00  1.0000000000000000e+00  1.0000000000000000e+00  1.0000000000000000e+00
0.0000000000000000e+00  0.0000000000000000e+00  0.0000000000000000e+00  1.0000000000000000e+00  1.0000000000000000e+00  1.0000000000000000e+00
0.0000000000000000e+00  0.0000000000000000e+00  0.0000000000000000e+00  1.0000000000000000e+00  1.0000000000000000e+00  1.0000000000000000e+00
0.0000000000000000e+00  0.0000000000000000e+00  0.0000000000000000e+00  1.0000000000000000e+00  1.0000000000000000e+00  1.0000000000000000e+00
0.0000000000000000e+00  0.0000000000000000e+00  0.0000000000000000e+00  1.0000000000000000e+00  1.0000000000000000e+00  1.0000000000000000e+00
0.0000000000000000e+00  0.0000000000000000e+00  0.0000000000000000e+00  1.0000000000000000e+00  1.0000000000000000e+00  1.0000000000000000e+00
0.0000000000000000e+00  0.0000000000000000e+00  0.0000000000000000e+00  1.0000000000000000e+00  1.0000000000000000e+00  1.0000000000000000e+00
0.0000000000000000e+00  0.0000000000000000e+00  0.0000000000000000e+00  1.0000000000000000e+00  1.0000000000000000e+00  1.0000000000000000e+00
0.0000000000000000e+00  0.0000000000000000e+00  0.0000000000000000e+00  1.0000000000000000e+00  1.0000000000000000e+00  1.0000000000000000e+00
0.0000000000000000e+00  0.0000000000000000e+00  0.0000000000000000e+00  1.0000000000000000e+00  1.0000000000000000e+00  1.0000000000000000e+00
0.0000000000000000e+00  0.0000000000000000e+00  0.0000000000000000e+00  1.0000000000000000e+00  1.0000000000000000e+00  1.0000000000000000e+00
0.0000000000000000e+00  0.0000000000000000e+00  0.0000000000000000e+00  1.0000000000000000e+00  1.0000000000000000e+00  1.0000000000000000e+00
0.0000000000000000e+00  0.0000000000000000e+00  0.0000000000000000e+00  1.0000000000000000e+00  1.0000000000000000e+00  1.0000000000000000e+00
0.0000000000000000e+00  0.0000000000000000e+00  0.0000000000000000e+00  1.0000000000000000e+00  1.0000000000000000e+00  1.0000000000000000e+00
0.0000000000000000e+00  0.0000000000000000e+00  0.0000000000000000e+00  1.0000000000000000e+00  1.0000000000000000e+00  1.0000000000000000e+00
0.0000000000000000e+00  0.0000000000000000e+00  0.0000000000000000e+00  1.0000000000000000e+00  1.0000000000000000e+00  1.0000000000000000e+00
0.0000000000000000e+00  0.0000000000000000e+00  0.0000000000000000e+00  1.0000000000000000e+00  1.0000000000000000e+00  1.0000000000000000e+00
0.0000000000000000e+00  0.0000000000000000e+00  0.0000000000000000e+00  1.0000000000000000e+00  1.0000000000000000e+00  1.0000000000000000e+00
0.0000000000000000e+00  0.0000000000000000e+00  0.0000000000000000e+00  1.0000000000000000e+00  1.0000000000000000e+00  1.0000000000000000e+00
0.0000000000000000e+00  0.0000000000000000e+00  0.0000000000000000e+00  1.0000000000000000e+00  1.0000000000000000e+00  1.0000000000000000e+00
0.0000000000000000e+00  0.0000000000000000e+00  0.0000000000000000e+00  1.0000000000000000e+00  1.0000000000000000e+00  1.0000000000000000e+00
0.0000000000000000e+00  0.0000000000000000e+00  0.0000000000000000e+00  1.0000000000000000e+00  1.0000000000000000e+00  1.0000000000000000e+00
0.0000000000000000e+00  0.0000000000000000e+00  0.0000000000000000e+00  1.0000000000000000e+00  1.0000000000000000e+00  1.0000000000000000e+00
0.0000000000000000e+00  0.0000000000000000e+00  0.0000000000000000e+00  1.0000000000000000e+00  1.0000000000000000e+00  1.0000000000000000e+00
0.0000000000000000e+00  0.0000000000000000e+00  0.0000000000000000e+00  1.0000000000000000e+00  1.0000000000000000e+00  1.0000000000000000e+00
0.0000000000000000e+00  0.0000000000000000e+00  0.0000000000000000e+00  1.0000000000000000e+00  1.0000000000000000e+00  1.0000000000000000e+00
0.0000000000000000e+00  0.0000000000000000e+00  0.0000000000000000e+00  1.0000000000000000e+00  1.0000000000000000e+00  1.0000000000000000e+00
0.0000000000000000e+00  0.0000000000000000e+00  0.0000000000000000e+00  1.0000000000000000e+00  1.0000000000000000e+00  1.0000000000000000e+00
0.0000000000000000e+00  0.0000000000000000e+00  0.0000000000000000e+00  1.0000000000000000e+00  1.0000000000000000e+00  1.0000000000000000e+00
0.0000000000000000e+00  0.0000000000000000e+00  0.0000000000000000e+00  1.0000000000000000e+00  1.0000000000000000e+00  1.0000000000000000e+00
0.0000000000000000e+00  0.0000000000000000e+00  0.0000000000000000e+00  1.0000000000000000e+00  1.0000000000000000e+00  1.0000000000000000e+00
0.0000000000000000e+00  0.0000000000000000e+00  0.0000000000000000e+00  1.0000000000000000e+00  1.0000000000000000e+00  1.0000000000000000e+00
0.0000000000000000e+00  0.0000000000000000e+00  0.0000000000000000e+00  1.0000000000000000e+00  1.0000000000000000e+00  1.0000000000000000e+00
0.0000000000000000e+00  0.0000000000000000e+00  0.0000000000000000e+00  1.0000000000000000e+00  1.0000000000000000e+00  1.0000000000000000e+00
0.0000000000000000e+00  0.0000000000000000e+00  0.0000000000000000e+00  1.0000000000000000e+00  1.0000000000000000e+00  1.0000000000000000e+00
0.0000000000000000e+00  0.0000000000000000e+00  0.0000000000000000e+00  1.0000000000000000e+00  1.0000000000000000e+00  1.0000000000000000e+00
0.0000000000000000e+00  0.0000000000000000e+00  0.0000000000000000e+00  1.0000000000000000e+00  1.0000000000000000e+00  1.0000000000000000e+00
0.0000000000000000e+00  0.0000000000000000e+00  0.0000000000000000e+00  1.0000000000000000e+00  1.0000000000000000e+00  1.0000000000000000e+00
0.0000000000000000e+00  0.0000000000000000e+00  0.0000000000000000e+00  1.0000000000000000e+00  1.0000000000000000e+00  1.0000000000000000e+00
0.0000000000000000e+00  0.0000000000000000e+00  0.0000000000000000e+00  1.0000000000000000e+00  1.0000000000000000e+00  1.0000000000000000e+00
0.0000000000000000e+00  0.0000000000000000e+00  0.0000000000000000e+00  1.0000000000000000e+00  1.0000000000000000e+00  1.0000000000000000e+00
0.0000000000000000e+00  0.0000000000000000e+00  0.0000000000000000e+00  1.0000000000000000e+00  1.0000000000000000e+00  1.0000000000000000e+00
0.0000000000000000e+00  0.0000000000000000e+00  0.0000000000000000e+00  1.0000000000000000e+00  1.0000000000000000e+00  1.0000000000000000e+00
0.0000000000000000e+00  0.0000000000000000e+00  0.0000000000000000e+00  1.0000000000000000e+00  1.0000000000000000e+00  1.0000000000000000e+00
0.0000000000000000e+00  0.0000000000000000e+00  0.0000000000000000e+00  1.0000000000000000e+00  1.0000000000000000e+00  1.0000000000000000e+00
0.0000000000000000e+00  0.0000000000000000e+00  0.0000000000000000e+00  1.0000000000000000e+00  1.0000000000000000e+00  1.0000000000000000e+00
0.0000000000000000e+00  0.0000000000000000e+00  0.0000000000000000e+00  1.0000000000000000e+00  1.0000000000000000e+00  1.0000000000000000e+00
0.0000000000000000e+00  0.0000000000000000e+00  0.0000000000000000e+00  1.0000000000000000e+00  1.0000000000000000e+00  1.0000000000000000e+00
0.0000000000000000e+00  0.0000000000000000e+00  0.0000000000000000e+00  1.0000000000000000e+00  1.0000000000000000e+00  1.0000000000000000e+00
0.0000000000000000e+00  0.0000000000000000e+00  0.0000000000000000e+00  1.0000000000000000e+00  1.0000000000000000e+00  1.0000000000000000e+00
0.0000000000000000e+00  0.0000000000000000e+00  0.0000000000000000e+00  1.0000000000000000e+00  1.0000000000000000e+00  1.0000000000000000e+00
0.0000000000000000e+00  0.0000000000000000e+00  0.0000000000000000e+00  1.0000000000000000e+00  1.0000000000000000e+00  1.0000000000000000e+00
0.0000000000000000e+00  0.0000000000000000e+00  0.0000000000000000e+00  1.0000000000000000e+00  1.0000000000000000e+00  1.0000000000000000e+00
0.0000000000000000e+00  0.0000000000000000e+00  0.0000000000000000e+00  1.0000000000000000e+00  1.0000000000000000e+00  1.0000000000000000e+00
0.0000000000000000e+00  0.0000000000000000e+00  0.0000000000000000e+00  1.0000000000000000e+00  1.0000000000000000e+00  1.0000000000000000e+00
0.0000000000000000e+00  0.0000000000000000e+00  0.0000000000000000e+00  1.0000000000000000e+00  1.0000000000000000e+00  1.0000000000000000e+00
0.0000000000000000e+00  0.0000000000000000e+00  0.0000000000000000e+00  1.0000000000000000e+00  1.0000000000000000e+00  1.0000000000000000e+00
0.0000000000000000e+00  0.0000000000000000e+00  0.0000000000000000e+00  1.0000000000000000e+00  1.0000000000000000e+00  1.0000000000000000e+00
0.0000000000000000e+00  0.0000000000000000e+00  0.0000000000000000e+00  1.0000000000000000e+00  1.0000000000000000e+00  1.0000000000000000e+00
0.0000000000000000e+00  0.0000000000000000e+00  0.0000000000000000e+00  1.0000000000000000e+00  1.0000000000000000e+00  1.0000000000000000e+00
0.0000000000000000e+00  0.0000000000000000e+00  0.0000000000000000e+00  1.0000000000000000e+00  1.0000000000000000e+00  1.0000000000000000e+00
0.0000000000000000e+00  0.0000000000000000e+00  0.0000000000000000e+00  1.0000000000000000e+00  1.0000000000000000e+00  1.0000000000000000e+00
0.0000000000000000e+00  0.0000000000000000e+00  0.0000000000000000e+00  1.0000000000000000e+00  1.0000000000000000e+00  1.0000000000000000e+00
0.0000000000000000e+00  0.0000000000000000e+00  0.0000000000000000e+00  1.0000000000000000e+00  1.0000000000000000e+00  1.0000000000000000e+00
0.0000000000000000e+00  0.0000000000000000e+00  0.0000000000000000e+00  1.0000000000000000e+00  1.0000000000000000e+00  1.0000000000000000e+00
0.0000000000000000e+00  0.0000000000000000e+00  0.0000000000000000e+00  1.0000000000000000e+00  1.0000000000000000e+00  1.0000000000000000e+00
0.0000000000000000e+00  0.0000000000000000e+00  0.0000000000000000e+00  1.0000000000000000e+00  1.0000000000000000e+00  1.0000000000000000e+00
0.0000000000000000e+00  0.0000000000000000e+00  0.0000000000000000e+00  1.0000000000000000e+00  1.0000000000000000e+00  1.0000000000000000e+00
0.0000000000000000e+00  0.0000000000000000e+00  0.0000000000000000e+00  1.0000000000000000e+00  1.0000000000000000e+00  1.0000000000000000e+00
0.0000000000000000e+00  0.0000000000000000e+00  0.0000000000000000e+00  1.0000000000000000e+00  1.0000000000000000e+00  1.0000000000000000e+00
0.0000000000000000e+00  0.0000000000000000e+00  0.0000000000000000e+00  1.0000000000000000e+00  1.0000000000000000e+00  1.0000000000000000e+00
0.0000000000000000e+00  0.0000000000000000e+00  0.0000000000000000e+00  1.0000000000000000e+00  1.0000000000000000e+00  1.0000000000000000e+00
0.0000000000000000e+00  0.0000000000000000e+00  0.0000000000000000e+00  1.0000000000000000e+00  1.0000000000000000e+00  1.0000000000000000e+00
0.0000000000000000e+00  0.0000000000000000e+00  0.0000000000000000e+00  1.0000000000000000e+00  1.0000000000000000e+00  1.0000000000000000e+00
0.0000000000000000e+00  0.0000000000000000e+00  0.0000000000000000e+00  1.0000000000000000e+00  1.0000000000000000e+00  1.0000000000000000e+00
0.0000000000000000e+00  0.0000000000000000e+00  0.0000000000000000e+00  1.0000000000000000e+00  1.0000000000000000e+00  1.0000000000000000e+00
0.0000000000000000e+00  0.0000000000000000e+00  0.0000000000000000e+00  1.0000000000000000e+00  1.0000000000000000e+00  1.0000000000000000e+00
0.0000000000000000e+00  0.0000000000000000e+00  0.0000000000000000e+00  1.0000000000000000e+00  1.0000000000000000e+00  1.0000000000000000e+00
0.0000000000000000e+00  0.0000000000000000e+00  0.0000000000000000e+00  1.0000000000000000e+00  1.0000000000000000e+00  1.0000000000000000e+00
0.0000000000000000e+00  0.0000000000000000e+00  0.0000000000000000e+00  1.0000000000000000e+00  1.0000000000000000e+00  1.0000000000000000e+00
0.0000000000000000e+00  0.0000000000000000e+00  0.0000000000000000e+00  1.0000000000000000e+00  1.0000000000000000e+00  1.0000000000000000e+00
0.0000000000000000e+00  0.0000000000000000e+00  0.0000000000000000e+00  1.0000000000000000e+00  1.0000000000000000e+00  1.0000000000000000e+00
0.0000000000000000e+00  0.0000000000000000e+00  0.0000000000000000e+00  1.0000000000000000e+00  1.0000000000000000e+00  1.0000000000000000e+00
0.0000000000000000e+00  0.0000000000000000e+00  0.0000000000000000e+00  1.0000000000000000e+00  1.0000000000000000e+00  1.0000000000000000e+00
0.0000000000000000e+00  0.0000000000000000e+00  0.0000000000000000e+00  1.0000000000000000e+00  1.0000000000000000e+00  1.0000000000000000e+00
0.0000000000000000e+00  0.0000000000000000e+00  0.0000000000000000e+00  1.0000000000000000e+00  1.0000000000000000e+00  1.0000000000000000e+00
0.0000000000000000e+00  0.0000000000000000e+00  0.0000000000000000e+00  1.0000000000000000e+00  1.0000000000000000e+00  1.0000000000000000e+00
0.0000000000000000e+00  0.0000000000000000e+00  0.0000000000000000e+00  1.0000000000000000e+00  1.0000000000000000e+00  1.0000000000000000e+00
0.0000000000000000e+00  0.0000000000000000e+00  0.0000000000000000e+00  1.0000000000000000e+00  1.0000000000000000e+00  1.0000000000000000e+00
0.0000000000000000e+00  0.0000000000000000e+00  0.0000000000000000e+00  1.0000000000000000e+00  1.0000000000000000e+00  1.0000000000000000e+00
0.0000000000000000e+00  0.0000000000000000e+00  0.0000000000000000e+00  1.0000000000000000e+00  1.0000000000000000e+00  1.0000000000000000e+00
0.0000000000000000e+00  0.0000000000000000e+00  0.0000000000000000e+00  1.0000000000000000e+00  1.0000000000000000e+00  1.0000000000000000e+00
0.0000000000000000e+00  0.0000000000000000e+00  0.0000000000000000e+00  1.0000000000000000e+00  1.0000000000000000e+00  1.0000000000000000e+00
0.0000000000000000e+00  0.0000000000000000e+00  0.0000000000000000e+00  1.0000000000000000e+00  1.0000000000000000e+00  1.0000000000000000e+00
0.0000000000000000e+00  0.0000000000000000e+00  0.0000000000000000e+00  1.0000000000000000e+00  1.0000000000000000e+00  1.0000000000000000e+00
0.0000000000000000e+00  0.0000000000000000e+00  0.0000000000000000e+00  1.0000000000000000e+00  1.0000000000000000e+00  1.0000000000000000e+00
0.0000000000000000e+00  0.0000000000000000e+00  0.0000000000000000e+00  1.0000000000000000e+00  1.0000000000000000e+00  1.0000000000000000e+00
0.0000000000000000e+00  0.0000000000000000e+00  0.0000000000000000e+00  1.0000000000000000e+00  1.0000000000000000e+00  1.0000000000000000e+00
0.0000000000000000e+00  0.0000000000000000e+00  0.0000000000000000e+00  1.0000000000000000e+00  1.0000000000000000e+00  1.0000000000000000e+00
0.0000000000000000e+00  0.0000000000000000e+00  0.0000000000000000e+00  1.0000000000000000e+00  1.0000000000000000e+00  1.0000000000000000e+00
0.0000000000000000e+00  0.0000000000000000e+00  0.0000000000000000e+00  1.0000000000000000e+00  1.0000000000000000e+00  1.0000000000000000e+00
0.0000000000000000e+00  0.0000000000000000e+00  0.0000000000000000e+00  1.0000000000000000e+00  1.0000000000000000e+00  1.0000000000000000e+00
0.0000000000000000e+00  0.0000000000000000e+00  0.0000000000000000e+00  1.0000000000000000e+00  1.0000000000000000e+00  1.0000000000000000e+00
0.0000000000000000e+00  0.0000000000000000e+00  0.0000000000000000e+00  1.0000000000000000e+00  1.0000000000000000e+00  1.0000000000000000e+00
0.0000000000000000e+00  0.0000000000000000e+00  0.0000000000000000e+00  1.0000000000000000e+00  1.0000000000000000e+00  1.0000000000000000e+00
0.0000000000000000e+00  0.0000000000000000e+00  0.0000000000000000e+00  1.0000000000000000e+00  1.0000000000000000e+00  1.0000000000000000e+00
0.0000000000000000e+00  0.0000000000000000e+00  0.0000000000000000e+00  1.0000000000000000e+00  1.0000000000000000e+00  1.0000000000000000e+00
0.0000000000000000e+00  0.0000000000000000e+00  0.0000000000000000e+00  1.0000000000000000e+00  1.0000000000000000e+00  1.0000000000000000e+00
0.0000000000000000e+00  0.0000000000000000e+00  0.0000000000000000e+00  1.0000000000000000e+00  1.0000000000000000e+00  1.0000000000000000e+00
0.0000000000000000e+00  0.0000000000000000e+00  0.0000000000000000e+00  1.0000000000000000e+00  1.0000000000000000e+00  1.0000000000000000e+00
0.0000000000000000e+00  0.0000000000000000e+00  0.0000000000000000e+00  1.0000000000000000e+00  1.0000000000000000e+00  1.0000000000000000e+00
0.0000000000000000e+00  0.0000000000000000e+00  0.0000000000000000e+00  1.0000000000000000e+00  1.0000000000000000e+00  1.0000000000000000e+00
0.0000000000000000e+00  0.0000000000000000e+00  0.0000000000000000e+00  1.0000000000000000e+00  1.0000000000000000e+00  1.0000000000000000e+00
0.0000000000000000e+00  0.0000000000000000e+00  0.0000000000000000e+00  1.0000000000000000e+00  1.0000000000000000e+00  1.0000000000000000e+00
0.0000000000000000e+00  0.0000000000000000e+00  0.0000000000000000e+00  1.0000000000000000e+00  1.0000000000000000e+00  1.0000000000000000e+00
0.0000000000000000e+00  0.0000000000000000e+00  0.0000000000000000e+00  1.0000000000000000e+00  1.0000000000000000e+00  1.0000000000000000e+00
0.0000000000000000e+00  0.0000000000000000e+00  0.0000000000000000e+00  1.0000000000000000e+00  1.0000000000000000e+00  1.0000000000000000e+00
0.0000000000000000e+00  0.0000000000000000e+00  0.0000000000000000e+00  1.0000000000000000e+00  1.0000000000000000e+00  1.0000000000000000e+00
0.0000000000000000e+00  0.0000000000000000e+00  0.0000000000000000e+00  1.0000000000000000e+00  1.0000000000000000e+00  1.0000000000000000e+00
0.0000000000000000e+00  0.0000000000000000e+00  0.0000000000000000e+00  1.0000000000000000e+00  1.0000000000000000e+00  1.0000000000000000e+00
0.0000000000000000e+00  0.0000000000000000e+00  0.0000000000000000e+00  1.0000000000000000e+00  1.0000000000000000e+00  1.0000000000000000e+00
0.0000000000000000e+00  0.0000000000000000e+00  0.0000000000000000e+00  1.0000000000000000e+00  1.0000000000000000e+00  1.0000000000000000e+00
0.0000000000000000e+00  0.0000000000000000e+00  0.0000000000000000e+00  1.0000000000000000e+00  1.0000000000000000e+00  1.0000000000000000e+00
0.0000000000000000e+00  0.0000000000000000e+00  0.0000000000000000e+00  1.0000000000000000e+00  1.0000000000000000e+00  1.0000000000000000e+00
0.0000000000000000e+00  0.0000000000000000e+00  0.0000000000000000e+00  1.0000000000000000e+00  1.0000000000000000e+00  1.0000000000000000e+00
0.0000000000000000e+00  0.0000000000000000e+00  0.0000000000000000e+00  1.0000000000000000e+00  1.0000000000000000e+00  1.0000000000000000e+00
0.0000000000000000e+00  0.0000000000000000e+00  0.0000000000000000e+00  1.0000000000000000e+00  1.0000000000000000e+00  1.0000000000000000e+00
0.0000000000000000e+00  0.0000000000000000e+00  0.0000000000000000e+00  1.0000000000000000e+00  1.0000000000000000e+00  1.0000000000000000e+00
0.0000000000000000e+00  0.0000000000000000e+00  0.0000000000000000e+00  1.0000000000000000e+00  1.0000000000000000e+00  1.0000000000000000e+00
0.0000000000000000e+00  0.0000000000000000e+00  0.0000000000000000e+00  1.0000000000000000e+00  1.0000000000000000e+00  1.0000000000000000e+00
0.0000000000000000e+00  0.0000000000000000e+00  0.0000000000000000e+00  1.0000000000000000e+00  1.0000000000000000e+00  1.0000000000000000e+00
0.0000000000000000e+00  0.0000000000000000e+00  0.0000000000000000e+00  1.0000000000000000e+00  1.0000000000000000e+00  1.0000000000000000e+00
0.0000000000000000e+00  0.0000000000000000e+00  0.0000000000000000e+00  1.0000000000000000e+00  1.0000000000000000e+00  1.0000000000000000e+00
0.0000000000000000e+00  0.0000000000000000e+00  0.0000000000000000e+00  1.0000000000000000e+00  1.0000000000000000e+00  1.0000000000000000e+00
0.0000000000000000e+00  0.0000000000000000e+00  0.0000000000000000e+00  1.0000000000000000e+00  1.0000000000000000e+00  1.0000000000000000e+00
0.0000000000000000e+00  0.0000000000000000e+00  0.0000000000000000e+00  1.0000000000000000e+00  1.0000000000000000e+00  1.0000000000000000e+00
0.0000000000000000e+00  0.0000000000000000e+00  0.0000000000000000e+00  1.0000000000000000e+00  1.0000000000000000e+00  1.0000000000000000e+00
0.0000000000000000e+00  0.0000000000000000e+00  0.0000000000000000e+00  1.0000000000000000e+00  1.0000000000000000e+00  1.0000000000000000e+00
0.0000000000000000e+00  0.0000000000000000e+00  0.0000000000000000e+00  1.0000000000000000e+00  1.0000000000000000e+00  1.0000000000000000e+00
0.0000000000000000e+00  0.0000000000000000e+00  0.0000000000000000e+00  1.0000000000000000e+00  1.0000000000000000e+00  1.0000000000000000e+00
0.0000000000000000e+00  0.0000000000000000e+00  0.0000000000000000e+00  1.0000000000000000e+00  1.0000000000000000e+00  1.0000000000000000e+00
0.0000000000000000e+00  0.0000000000000000e+00  0.0000000000000000e+00  1.0000000000000000e+00  1.0000000000000000e+00  1.0000000000000000e+00
0.0000000000000000e+00  0.0000000000000000e+00  0.0000000000000000e+00  1.0000000000000000e+00  1.0000000000000000e+00  1.0000000000000000e+00
0.0000000000000000e+00  0.0000000000000000e+00  0.0000000000000000e+00  1.0000000000000000e+00  1.0000000000000000e+00  1.0000000000000000e+00
0.0000000000000000e+00  0.0000000000000000e+00  0.0000000000000000e+00  1.0000000000000000e+00  1.0000000000000000e+00  1.0000000000000000e+00
0.0000000000000000e+00  0.0000000000000000e+00  0.0000000000000000e+00  1.0000000000000000e+00  1.0000000000000000e+00  1.0000000000000000e+00
0.0000000000000000e+00  0.0000000000000000e+00  0.0000000000000000e+00  1.0000000000000000e+00  1.0000000000000000e+00  1.0000000000000000e+00
0.0000000000000000e+00  0.0000000000000000e+00  0.0000000000000000e+00  1.0000000000000000e+00  1.0000000000000000e+00  1.0000000000000000e+00
0.0000000000000000e+00  0.0000000000000000e+00  0.0000000000000000e+00  1.0000000000000000e+00  1.0000000000000000e+00  1.0000000000000000e+00
0.0000000000000000e+00  0.0000000000000000e+00  0.0000000000000000e+00  1.0000000000000000e+00  1.0000000000000000e+00  1.0000000000000000e+00
0.0000000000000000e+00  0.0000000000000000e+00  0.0000000000000000e+00  1.0000000000000000e+00  1.0000000000000000e+00  1.0000000000000000e+00
0.0000000000000000e+00  0.0000000000000000e+00  0.0000000000000000e+00  1.0000000000000000e+00  1.0000000000000000e+00  1.0000000000000000e+00
0.0000000000000000e+00  0.0000000000000000e+00  0.0000000000000000e+00  1.0000000000000000e+00  1.0000000000000000e+00  1.0000000000000000e+00
0.0000000000000000e+00  0.0000000000000000e+00  0.0000000000000000e+00  1.0000000000000000e+00  1.0000000000000000e+00  1.0000000000000000e+00
0.0000000000000000e+00  0.0000000000000000e+00  0.0000000000000000e+00  1.0000000000000000e+00  1.0000000000000000e+00  1.0000000000000000e+00
0.0000000000000000e+00  0.0000000000000000e+00  0.0000000000000000e+00  1.0000000000000000e+00  1.0000000000000000e+00  1.0000000000000000e+00
0.0000000000000000e+00  0.0000000000000000e+00  0.0000000000000000e+00  1.0000000000000000e+00  1.0000000000000000e+00  1.0000000000000000e+00
0.0000000000000000e+00  0.0000000000000000e+00  0.0000000000000000e+00  1.0000000000000000e+00  1.0000000000000000e+00  1.0000000000000000e+00
0.0000000000000000e+00  0.0000000000000000e+00  0.0000000000000000e+00  1.0000000000000000e+00  1.0000000000000000e+00  1.0000000000000000e+00
0.0000000000000000e+00  0.0000000000000000e+00  0.0000000000000000e+00  1.0000000000000000e+00  1.0000000000000000e+00  1.0000000000000000e+00
0.0000000000000000e+00  0.0000000000000000e+00  0.0000000000000000e+00  1.0000000000000000e+00  1.0000000000000000e+00  1.0000000000000000e+00
0.0000000000000000e+00  0.0000000000000000e+00  0.0000000000000000e+00  1.0000000000000000e+00  1.0000000000000000e+00  1.0000000000000000e+00
0.0000000000000000e+00  0.0000000000000000e+00  0.0000000000000000e+00  1.0000000000000000e+00  1.0000000000000000e+00  1.0000000000000000e+00
0.0000000000000000e+00  0.0000000000000000e+00  0.0000000000000000e+00  1.0000000000000000e+00  1.0000000000000000e+00  1.0000000000000000e+00
0.0000000000000000e+00  0.0000000000000000e+00  0.0000000000000000e+00  1.0000000000000000e+00  1.0000000000000000e+00  1.0000000000000000e+00
0.0000000000000000e+00  0.0000000000000000e+00  0.0000000000000000e+00  1.0000000000000000e+00  1.0000000000000000e+00  1.0000000000000000e+00
0.0000000000000000e+00  0.0000000000000000e+00  0.0000000000000000e+00  1.0000000000000000e+00  1.0000000000000000e+00  1.0000000000000000e+00
0.0000000000000000e+00  0.0000000000000000e+00  0.0000000000000000e+00  1.0000000000000000e+00  1.0000000000000000e+00  1.0000000000000000e+00
0.0000000000000000e+00  0.0000000000000000e+00  0.0000000000000000e+00  1.0000000000000000e+00  1.0000000000000000e+00  1.0000000000000000e+00
0.0000000000000000e+00  0.0000000000000000e+00  0.0000000000000000e+00  1.0000000000000000e+00  1.0000000000000000e+00  1.0000000000000000e+00
0.0000000000000000e+00  0.0000000000000000e+00  0.0000000000000000e+00  1.0000000000000000e+00  1.0000000000000000e+00  1.0000000000000000e+00
0.0000000000000000e+00  0.0000000000000000e+00  0.0000000000000000e+00  1.0000000000000000e+00  1.0000000000000000e+00  1.0000000000000000e+00
0.0000000000000000e+00  0.0000000000000000e+00  0.0000000000000000e+00  1.0000000000000000e+00  1.0000000000000000e+00  1.0000000000000000e+00
0.0000000000000000e+00  0.0000000000000000e+00  0.0000000000000000e+00  1.0000000000000000e+00  1.0000000000000000e+00  1.0000000000000000e+00
0.0000000000000000e+00  0.0000000000000000e+00  0.0000000000000000e+00  1.0000000000000000e+00  1.0000000000000000e+00  1.0000000000000000e+00
0.0000000000000000e+00  0.0000000000000000e+00  0.0000000000000000e+00  1.0000000000000000e+00  1.0000000000000000e+00  1.0000000000000000e+00
0.0000000000000000e+00  0.0000000000000000e+00  0.0000000000000000e+00  1.0000000000000000e+00  1.0000000000000000e+00  1.0000000000000000e+00
0.0000000000000000e+00  0.0000000000000000e+00  0.0000000000000000e+00  1.0000000000000000e+00  1.0000000000000000e+00  1.0000000000000000e+00
0.0000000000000000e+00  0.0000000000000000e+00  0.0000000000000000e+00  1.0000000000000000e+00  1.0000000000000000e+00  1.0000000000000000e+00
0.0000000000000000e+00  0.0000000000000000e+00  0.0000000000000000e+00  1.0000000000000000e+00  1.0000000000000000e+00  1.0000000000000000e+00
0.0000000000000000e+00  0.0000000000000000e+00  0.0000000000000000e+00  1.0000000000000000e+00  1.0000000000000000e+00  1.0000000000000000e+00
0.0000000000000000e+00  0.0000000000000000e+00  0.0000000000000000e+00  1.0000000000000000e+00  1.0000000000000000e+00  1.0000000000000000e+00
0.0000000000000000e+00  0.0000000000000000e+00  0.0000000000000000e+00  1.0000000000000000e+00  1.0000000000000000e+00  1.0000000000000000e+00
0.0000000000000000e+00  0.0000000000000000e+00  0.0000000000000000e+00  1.0000000000000000e+00  1.0000000000000000e+00  1.0000000000000000e+00
0.0000000000000000e+00  0.0000000000000000e+00  0.0000000000000000e+00  1.0000000000000000e+00  1.0000000000000000e+00  1.0000000000000000e+00
0.0000000000000000e+00  0.0000000000000000e+00  0.0000000000000000e+00  1.0000000000000000e+00  1.0000000000000000e+00  1.0000000000000000e+00
0.0000000000000000e+00  0.0000000000000000e+00  0.0000000000000000e+00  1.0000000000000000e+00  1.0000000000000000e+00  1.0000000000000000e+00
0.0000000000000000e+00  0.0000000000000000e+00  0.0000000000000000e+00  1.0000000000000000e+00  1.0000000000000000e+00  1.0000000000000000e+00
0.0000000000000000e+00  0.0000000000000000e+00  0.0000000000000000e+00  1.0000000000000000e+00  1.0000000000000000e+00  1.0000000000000000e+00
0.0000000000000000e+00  0.0000000000000000e+00  0.0000000000000000e+00  1.0000000000000000e+00  1.0000000000000000e+00  1.0000000000000000e+00
0.0000000000000000e+00  0.0000000000000000e+00  0.0000000000000000e+00  1.0000000000000000e+00  1.0000000000000000e+00  1.0000000000000000e+00
0.0000000000000000e+00  0.0000000000000000e+00  0.0000000000000000e+00  1.0000000000000000e+00  1.0000000000000000e+00  1.0000000000000000e+00
0.0000000000000000e+00  0.0000000000000000e+00  0.0000000000000000e+00  1.0000000000000000e+00  1.0000000000000000e+00  1.0000000000000000e+00
0.0000000000000000e+00  0.0000000000000000e+00  0.0000000000000000e+00  1.0000000000000000e+00  1.0000000000000000e+00  1.0000000000000000e+00
0.0000000000000000e+00  0.0000000000000000e+00  0.0000000000000000e+00  1.0000000000000000e+00  1.0000000000000000e+00  1.0000000000000000e+00
0.0000000000000000e+00  0.0000000000000000e+00  0.0000000000000000e+00  1.0000000000000000e+00  1.0000000000000000e+00  1.0000000000000000e+00
0.0000000000000000e+00  0.0000000000000000e+00  0.0000000000000000e+00  1.0000000000000000e+00  1.0000000000000000e+00  1.0000000000000000e+00
0.0000000000000000e+00  0.0000000000000000e+00  0.0000000000000000e+00  1.0000000000000000e+00  1.0000000000000000e+00  1.0000000000000000e+00
0.0000000000000000e+00  0.0000000000000000e+00  0.0000000000000000e+00  1.0000000000000000e+00  1.0000000000000000e+00  1.0000000000000000e+00
0.0000000000000000e+00  0.0000000000000000e+00  0.0000000000000000e+00  1.0000000000000000e+00  1.0000000000000000e+00  1.0000000000000000e+00
0.0000000000000000e+00  0.0000000000000000e+00  0.0000000000000000e+00  1.0000000000000000e+00  1.0000000000000000e+00  1.0000000000000000e+00
0.0000000000000000e+00  0.0000000000000000e+00  0.0000000000000000e+00  1.0000000000000000e+00  1.0000000000000000e+00  1.0000000000000000e+00
0.0000000000000000e+00  0.0000000000000000e+00  0.0000000000000000e+00  1.0000000000000000e+00  1.0000000000000000e+00  1.0000000000000000e+00
0.0000000000000000e+00  0.0000000000000000e+00  0.0000000000000000e+00  1.0000000000000000e+00  1.0000000000000000e+00  1.0000000000000000e+00
0.0000000000000000e+00  0.0000000000000000e+00  0.0000000000000000e+00  1.0000000000000000e+00  1.0000000000000000e+00  1.0000000000000000e+00
0.0000000000000000e+00  0.0000000000000000e+00  0.0000000000000000e+00  1.0000000000000000e+00  1.0000000000000000e+00  1.0000000000000000e+00
0.0000000000000000e+00  0.0000000000000000e+00  0.0000000000000000e+00  1.0000000000000000e+00  1.0000000000000000e+00  1.0000000000000000e+00
0.0000000000000000e+00  0.0000000000000000e+00  0.0000000000000000e+00  1.0000000000000000e+00  1.0000000000000000e+00  1.0000000000000000e+00
0.0000000000000000e+00  0.0000000000000000e+00  0.0000000000000000e+00  1.0000000000000000e+00  1.0000000000000000e+00  1.0000000000000000e+00
0.0000000000000000e+00  0.0000000000000000e+00  0.0000000000000000e+00  1.0000000000000000e+00  1.0000000000000000e+00  1.0000000000000000e+00
0.0000000000000000e+00  0.0000000000000000e+00  0.0000000000000000e+00  1.0000000000000000e+00  1.0000000000000000e+00  1.0000000000000000e+00
0.0000000000000000e+00  0.0000000000000000e+00  0.0000000000000000e+00  1.0000000000000000e+00  1.0000000000000000e+00  1.0000000000000000e+00
0.0000000000000000e+00  0.0000000000000000e+00  0.0000000000000000e+00  1.0000000000000000e+00  1.0000000000000000e+00  1.0000000000000000e+00
0.0000000000000000e+00  0.0000000000000000e+00  0.0000000000000000e+00  1.0000000000000000e+00  1.0000000000000000e+00  1.0000000000000000e+00

0 2.43503676761267578900e-17 -3.05872518783766181603e-18 6.04630744839878793502e-18 1.00000000000000000000e+00
1 -2.91053494604337460573e-18 2.50000000029103941479e-01 4.99999999999999944489e-01 1.00000000000000000000e+00
2 -2.30579757096076877530e-18 3.33333333372138773676e-01 5.00000000000000000000e-01 1.00000000000000000000e+00
3 6.52663120069294222514e-02 2.49999999960651864139e-01 4.99999999999999555911e-01 8.81674598767944961430e-01
4 6.52663120069266605716e-02 2.49999999960676205779e-01 5.00000000000000111022e-01 8.81674598767944961430e-01
5 4.35108746712860594563e-02 3.33333333280902754936e-01 4.99999999999999777955e-01 8.81674598767944961430e-01
6 1.22344337116726306625e-01 4.99999999999999833467e-01 4.99483246981184014768e-01 1.00000000000000000000e+00
7 1.61537805988899746401e-01 5.00000000000000000000e-01 5.14334979159191574283e-01 1.00000000000000000000e+00
8 1.21951219525937556987e-01 5.75693909396611247509e-01 5.00000000000000111022e-01 1.00000000000000000000e+00
9 -4.46166075408615101174e-18 2.50000000029104052501e-01 5.00000000000000000000e-01 1.00000000000000000000e+00
10 8.26806522332753538493e-19 -3.12500000036380010116e-01 -6.25000000000000000000e-01 1.00000000000000000000e+00
11 5.61921917705890812404e-18 -1.66666666686069359082e-01 -2.49999999999999972244e-01 1.00000000000000000000e+00
12 6.52663120069293251069e-02 2.49999999960651780873e-01 5.00000000000000111022e-01 8.81674598767944961430e-01
13 6.52691360203785930771e-02 5.68995239730269886103e-01 1.13372715467252982435e+00 8.81674598767944961430e-01
14 4.35051744464578296623e-02 6.16884657520543000508e-01 9.53957224812139181758e-01 8.81674598767944961430e-01
15 1.21951673685763373189e-01 4.99999999999999444888e-01 4.99766331921746354006e-01 1.00000000000000000000e+00
16 1.62600702583103606802e-01 5.00000000000000444089e-01 5.07114319699619620074e-01 1.00000000000000000000e+00
17 1.21951219525938028831e-01 5.75693909396611025464e-01 5.00000000000000111022e-01 1.00000000000000000000e+00
18 1.35291689549403182369e-01 3.15099934607632026218e-01 5.08145743672955507719e-01 1.00000000000000000000e+00
19 1.41328510404169346501e-18 2.50000000029104052501e-01 5.00000000000000111022e-01 1.00000000000000000000e+00
20 1.45187781057704995219e-18 2.50000000058207827447e-01 4.99999999999999833467e-01 1.00000000000000000000e+00
21 -1.13261551440920655665e-18 1.66666666627861503880e-01 5.00000000000000000000e-01 8.81674598767944961430e-01
22 6.52663120069293944958e-02 2.49999999960651725361e-01 4.99999999999999944489e-01 8.81674598767944961430e-01
23 6.52663120102744132023e-02 2.49999999951960150124e-01 5.00000000000000222045e-01 8.81674598767944961430e-01
24 1.21951219505097283036e-01 5.00000000000000111022e-01 4.99999999999999944489e-01 1.00000000000000000000e+00
25 1.22358631309061383075e-01 5.00000000000000444089e-01 5.04089064080467608164e-01 1.00000000000000000000e+00
26 8.02043126436015330061e-02 4.99999999999999666933e-01 4.76873345821583749515e-01 1.00000000000000000000e+00
27 1.35292730790580434386e-01 3.15099934600754083558e-01 4.99999999999999666933e-01 1.00000000000000000000e+00
28 4.78398897400335551502e-18 2.50000000029104274546e-01 5.00000000000000333067e-01 1.00000000000000000000e+00
29 2.18970541670256563070e-17 -1.25000000014552165029e-01 -2.50000000000000166533e-01 1.00000000000000000000e+00
30 -4.20399551636103604453e-18 1.90819582353172168203e-17 1.61227240708432610422e-17 8.81674598767944961430e-01
31 6.52663120069293944958e-02 2.49999999960651614339e-01 5.00000000000000333067e-01 8.81674598767944961430e-01
32 6.58715787198012325820e-02 4.62663493149327365028e-01 9.20262494233964334356e-01 8.81674598767944961430e-01
33 1.21951219505097269158e-01 4.99999999999999888978e-01 4.99999999999999777955e-01 1.00000000000000000000e+00
34 1.22344337116726334380e-01 4.99999999999999833467e-01 5.00516753018827698085e-01 1.00000000000000000000e+00
35 1.61537805988899552112e-01 5.00000000000000000000e-01 4.85665020840817029946e-01 1.00000000000000000000e+00
36 1.01871287206735577913e-01 3.61324950915777931559e-01 5.00657025766578778203e-01 1.00000000000000000000e+00
37 1.34207252624532230589e-01 3.15099934586998309261e-01 4.83565788383909622716e-01 1.00000000000000000000e+00
38 -5.24104905193895640790e-19 2.50000000029104163524e-01 5.00000000000000222045e-01 1.00000000000000000000e+00
39 -5.45239790199723649165e-18 -1.25000000014552109517e-01 -2.49999999999999944489e-01 8.81674598767944961430e-01
40 -8.46558872329448025928e-18 -3.06127672253772255912e-18 -3.77557462418481558579e-17 8.81674598767944961430e-01
41 6.52663120069293528624e-02 2.49999999960651503317e-01 5.00000000000000111022e-01 8.81674598767944961430e-01
42 4.48678109999681580312e-19 6.66666666627862003480e-01 5.00000000000000000000e-01 1.00000000000000000000e+00
43 1.01469548084077848538e-01 6.38675049077324530344e-01 4.99999999999999944489e-01 1.00000000000000000000e+00
44 1.01470479754702011532e-01 6.38675049077365830641e-01 4.97860356599844622316e-01 1.00000000000000000000e+00
45 1.01876872147073443964e-01 3.61324950919165166496e-01 5.01189066702164676137e-01 1.00000000000000000000e+00
46 1.17283767775515565535e-01 3.38212442754795394873e-01 4.82108364764570362926e-01 1.00000000000000000000e+00
47 -1.90050403324108860782e-18 2.50000000029103996990e-01 5.00000000000000000000e-01 1.00000000000000000000e+00
48 -6.28064440695092896905e-18 -1.25000000014551970740e-01 -2.49999999999999972244e-01 8.81674598767944961430e-01
49 -2.40185353709097430975e-18 -3.06127671851061652692e-19 -2.75514905008081134010e-17 8.81674598767944961430e-01
50 6.52663120069293667402e-02 2.49999999960652030673e-01 4.99999999999999888978e-01 8.81674598767944961430e-01
51 -9.60242290210548453413e-19 -3.33333333313931001740e-01 -2.50000000000000055511e-01 1.00000000000000000000e+00
52 1.01469548084077806904e-01 6.38675049077323642166e-01 4.99999999999999944489e-01 1.00000000000000000000e+00
53 1.01869648042143517985e-01 6.38675049077365164507e-01 4.95549980496214237391e-01 1.00000000000000000000e+00
54 1.21951219505097296913e-01 4.99999999999999944489e-01 5.00000000000000000000e-01 1.00000000000000000000e+00
55 1.22358631309061299808e-01 5.00000000000000000000e-01 4.95910935919545270423e-01 1.00000000000000000000e+00
56 8.02043126436017966840e-02 4.99999999999999888978e-01 5.23126654178423078356e-01 1.00000000000000000000e+00
57 -3.88560290139962644925e-18 2.50000000029104163524e-01 5.00000000000000444089e-01 8.81674598767944961430e-01
58 -8.63803690216239928408e-19 -1.25000000014552026251e-01 -2.50000000000000166533e-01 8.81674598767944961430e-01
59 4.42350089174340530517e-18 4.95926829010269441362e-17 -8.16340459283203827960e-18 8.81674598767944961430e-01
60 -8.26314044557225664528e-18 7.49999999941793005220e-01 4.99999999999999944489e-01 1.00000000000000000000e+00
61 3.13751828610204215245e-18 8.33333333372138329587e-01 4.99999999999999777955e-01 1.00000000000000000000e+00
62 1.01469548084077987316e-01 6.38675049077323531144e-01 5.00000000000000000000e-01 1.00000000000000000000e+00
63 1.01469548084069799421e-01 3.61324950922676357834e-01 5.00000000000000000000e-01 1.00000000000000000000e+00
64 1.01869648042147473155e-01 3.61324950922635168560e-01 5.04450019503798086085e-01 1.00000000000000000000e+00
65 6.65617830687350725549e-02 4.07549967272069546542e-01 4.74220824150303144062e-01 1.00000000000000000000e+00
66 -1.02415827660159677598e-18 2.50000000029104052501e-01 5.00000000000000555112e-01 8.81674598767944961430e-01
67 4.72329306406502160199e-18 -3.12500000036379954604e-01 -6.25000000000000222045e-01 8.81674598767944961430e-01
68 2.03704547886625356684e-18 -1.66666666686069331327e-01 -2.50000000000000055511e-01 8.81674598767944961430e-01
69 8.79376095383345542975e-19 -3.74999999985448140283e-01 -2.49999999999999888978e-01 1.00000000000000000000e+00
70 -2.74076364321494036586e-18 6.71440027760672346799e-17 -4.77559168680673982052e-17 1.00000000000000000000e+00
71 1.01469548084077682004e-01 6.38675049077324974434e-01 5.00000000000000777156e-01 1.00000000000000000000e+00
72 1.41192657083635819681e-01 4.11690438989183726815e-01 5.15553285055542653836e-01 1.00000000000000000000e+00
73 1.21951219505097310791e-01 5.00000000000000333067e-01 4.99999999999999777955e-01 1.00000000000000000000e+00
74 1.22353106189426352746e-01 5.00000000000000000000e-01 4.99001437583320606173e-01 1.00000000000000000000e+00
75 1.41193930533056899446e-01 4.99999999999999888978e-01 5.15664389089152686019e-01 8.81674598767944961430e-01
76 1.01469548084069771665e-01 3.61324950922676468856e-01 4.99999999999999944489e-01 8.81674598767944961430e-01
77 1.01871287206735244846e-01 3.61324950915778486671e-01 4.99342974233432879139e-01 8.81674598767944961430e-01
78 1.35956214097836326066e-17 7.49999999970896613632e-01 5.00000000000000555112e-01 1.00000000000000000000e+00
79 -2.21345390681146168322e-17 -3.74999999985448417839e-01 -2.50000000000000333067e-01 1.00000000000000000000e+00
80 3.34913549198431824469e-19 1.20614302859117060605e-16 2.53065542377793029512e-17 1.00000000000000000000e+00
81 1.61536677907210102223e-01 3.99074787413101428335e-01 5.14227234732208660084e-01 1.00000000000000000000e+00
82 1.21951219505097296913e-01 5.00000000000000000000e-01 5.00000000000000111022e-01 1.00000000000000000000e+00
83 1.22344337116726403769e-01 4.99999999999999777955e-01 4.99483246981184902946e-01 1.00000000000000000000e+00
84 1.61537805988899746401e-01 4.99999999999999833467e-01 5.14334979159191463260e-01 8.81674598767944961430e-01
85 1.01469548084069619009e-01 3.61324950922676690901e-01 5.00000000000000000000e-01 8.81674598767944961430e-01
86 1.01869648042147709077e-01 3.61324950922634446915e-01 4.95549980496213460235e-01 8.81674598767944961430e-01
87 -5.14735740373205738742e-18 7.49999999970896835677e-01 4.99999999999999833467e-01 1.00000000000000000000e+00
88 9.69599227281029151174e-19 -3.74999999985448306816e-01 -2.49999999999999888978e-01 1.00000000000000000000e+00
89 3.06191444818862541948e-18 -3.46944695192985591703e-18 -1.30614473485312532355e-17 1.00000000000000000000e+00
90 1.21951219532724669525e-01 4.24306090610587105516e-01 5.00000000000000666134e-01 1.00000000000000000000e+00
91 1.62601626020991291144e-01 3.99074787441926703835e-01 5.00000000000000444089e-01 1.00000000000000000000e+00
92 1.21951219505097380180e-01 5.00000000000000000000e-01 4.99999999999999944489e-01 1.00000000000000000000e+00
93 1.21951219497998461505e-01 5.00000000000000222045e-01 5.00000000000000111022e-01 8.81674598767944961430e-01
94 1.62601626020993095256e-01 4.99999999999999888978e-01 4.99999999999999888978e-01 8.81674598767944961430e-01
95 1.01469548084069799421e-01 3.61324950922676246812e-01 4.99999999999999611422e-01 8.81674598767944961430e-01
96 4.19793435161370798170e-02 1.04473509897259719814e+00 7.25240144173778245040e-01 1.00000000000000000000e+00
97 -8.96212684832810669608e-18 7.49999999970896502610e-01 5.00000000000000000000e-01 1.00000000000000000000e+00
98 6.91578052896905100264e-18 -3.74999999985448140283e-01 -2.49999999999999972244e-01 1.00000000000000000000e+00
99 1.21951669029978199132e-01 4.24306090603380869908e-01 5.00229315810924113350e-01 1.00000000000000000000e+00
100 1.62600712100227806634e-01 3.99074787456339230562e-01 4.92938190715644375395e-01 1.00000000000000000000e+00
101 1.21951219505097296913e-01 5.00000000000000111022e-01 5.00000000000000222045e-01 1.00000000000000000000e+00
102 1.21951673685764372390e-01 5.00000000000000222045e-01 5.00233668078273407964e-01 8.81674598767944961430e-01
103 1.62600702583103551291e-01 5.00000000000000111022e-01 4.92885680300393924647e-01 8.81674598767944961430e-01
104 1.01469548084069743910e-01 3.61324950922676468856e-01 5.00000000000000111022e-01 8.81674598767944961430e-01
105 4.35051744464579059901e-02 1.23376931509934673059e+00 8.96696747807761762594e-01 1.00000000000000000000e+00
106 1.54512835224365892132e-17 7.49999999970896613632e-01 5.00000000000000222045e-01 1.00000000000000000000e+00
107 -2.79069105072686314488e-17 -9.37499999963620433974e-01 -6.25000000000000444089e-01 1.00000000000000000000e+00
108 1.21951219525942261557e-01 4.24306090603390084759e-01 5.00000000000000222045e-01 1.00000000000000000000e+00
109 1.21951219494666127097e-01 4.24306090489038389979e-01 5.00000000000000444089e-01 1.00000000000000000000e+00
110 8.13008130033910370038e-02 4.49537393669942053620e-01 5.00000000000000444089e-01 1.00000000000000000000e+00
111 1.21951219505097269158e-01 4.99999999999999944489e-01 4.99999999999999944489e-01 8.81674598767944961430e-01
112 1.21951219505097255280e-01 4.99999999999999777955e-01 4.99999999999999888978e-01 8.81674598767944961430e-01
113 8.13008130033981979423e-02 4.99999999999999944489e-01 4.99999999999999888978e-01 8.81674598767944961430e-01
114 2.95971633475225794074e-02 5.87539524766275356171e-01 7.03203749843941960940e-01 1.00000000000000000000e+00
115 4.19793435161371353281e-02 5.22367549440663103688e-01 7.25240144173778134018e-01 1.00000000000000000000e+00
116 3.89866560334295869650e-02 4.29999999974970847916e-01 4.66437819928067654018e-01 1.00000000000000000000e+00
117 1.21951219525942289312e-01 4.24306090603390417826e-01 5.00000000000000222045e-01 1.00000000000000000000e+00
118 1.22358648758845806048e-01 4.24306090630714449752e-01 5.01799602858280069384e-01 1.00000000000000000000e+00
119 1.20856383865664523958e-01 4.24306090548742020907e-01 4.82412114458319940535e-01 1.00000000000000000000e+00
120 1.21951219505097283036e-01 5.00000000000000111022e-01 5.00000000000000111022e-01 8.81674598767944961430e-01
121 1.22358030430175568348e-01 4.99999999999999833467e-01 5.01811666250580046267e-01 8.81674598767944961430e-01
122 1.20857849095753228097e-01 4.99999999999999944489e-01 4.82299679779388645873e-01 8.81674598767944961430e-01
123 2.00000000040746646335e-02 4.64999999967694810366e-01 5.00000000000000777156e-01 1.00000000000000000000e+00
124 1.99999999988359974945e-02 4.29999999974970903427e-01 4.99999999999999611422e-01 1.00000000000000000000e+00
125 4.00000000046568451872e-02 5.00000000000000000000e-01 5.00000000000000000000e-01 1.00000000000000000000e+00
126 1.00520838746168739153e-01 5.00000000000000333067e-01 5.19693397893143949062e-01 1.00000000000000000000e+00
127 1.21951219525937862298e-01 5.75693909396611247509e-01 4.99999999999999111822e-01 1.00000000000000000000e+00
128 7.44463487995271760989e-02 1.24062293001674950332e+00 8.28298018684973103021e-01 1.00000000000000000000e+00
129 1.00519174109368461534e-01 5.63078257755280198182e-01 5.19579278227211283081e-01 8.81674598767944961430e-01
130 1.01469548084077779149e-01 6.38675049077323420121e-01 5.00000000000000333067e-01 8.81674598767944961430e-01
131 1.17283767775515579412e-01 6.61787557245204105527e-01 5.17891635235438574369e-01 8.81674598767944961430e-01
132 3.99969393818844290434e-02 5.35000000032305189634e-01 4.83503376924414973725e-01 1.00000000000000000000e+00
133 6.01957975354019750314e-02 5.42561799382617504506e-01 4.86926050106391894445e-01 1.00000000000000000000e+00
134 2.17902118575549440249e-02 3.91775662071526531438e-01 1.05056025760769644606e+00 1.00000000000000000000e+00
135 1.20857849095753117075e-01 4.99999999999999666933e-01 5.17700320220619292222e-01 1.00000000000000000000e+00
136 1.21951219525937681887e-01 5.75693909396611469553e-01 5.00000000000000444089e-01 1.00000000000000000000e+00
137 1.12888523079029093332e-01 5.88309561049447204972e-01 5.72276504458314350110e-01 1.00000000000000000000e+00
138 1.20856383865664634980e-01 5.75693909451259200338e-01 5.17587885541689107782e-01 8.81674598767944961430e-01
139 1.01469548084077834660e-01 6.38675049077323642166e-01 4.99999999999999833467e-01 8.81674598767944961430e-01
140 1.12928989275265762027e-01 4.99999999999999888978e-01 5.73022119472325952572e-01 8.81674598767944961430e-01
141 3.89866560300573469777e-02 5.35000000032305744746e-01 4.66437819922530305661e-01 1.00000000000000000000e+00
142 5.91047124696441744662e-02 5.42561799382615728149e-01 4.73485017400531782439e-01 1.00000000000000000000e+00
143 5.46529814224111995524e-02 3.91775662058108598007e-01 9.12955956568363369286e-01 1.00000000000000000000e+00
144 8.13008130033981701867e-02 4.99999999999999944489e-01 4.99999999999999777955e-01 1.00000000000000000000e+00
145 1.21951219525937779031e-01 5.75693909396611136486e-01 5.00000000000000000000e-01 1.00000000000000000000e+00
146 1.36075240022438703758e-01 5.88309561060520902487e-01 5.43172911756805154582e-01 1.00000000000000000000e+00
147 8.13008130033914117041e-02 5.50462606330059722737e-01 5.00000000000000444089e-01 8.81674598767944961430e-01
148 1.01469548084077917927e-01 6.38675049077323975233e-01 5.00000000000000333067e-01 8.81674598767944961430e-01
149 1.36077035506191212910e-01 5.00000000000000444089e-01 5.43446649234028522635e-01 8.81674598767944961430e-01
150 3.99999999941793166203e-02 4.64999999967695254455e-01 5.00000000000000222045e-01 1.00000000000000000000e+00
151 6.01976597206703434306e-02 4.57438200617384049806e-01 4.99999999999999278355e-01 1.00000000000000000000e+00
152 6.36108255863752497516e-02 3.91775662062581631062e-01 8.32283674047967658716e-01 1.00000000000000000000e+00
153 1.22344794010414981145e-01 5.75693909375000423267e-01 4.99493229802724203470e-01 9.57092026489052005722e-01
154 1.61536677907209547111e-01 6.00925212586898904732e-01 5.14227234732208771106e-01 9.57092026489052005722e-01
155 1.01469548084077904049e-01 6.38675049077324086255e-01 5.00000000000000111022e-01 9.57092026489052005722e-01
156 -1.67043519803634407384e-18 -7.21100739017657337846e-18 4.99999999999999944489e-01 1.00000000000000000000e+00
157 8.70217493358690363792e-02 1.66666666657831474829e-01 4.99999999999999555911e-01 1.00000000000000000000e+00
158 1.33669027575714777223e-01 7.80930807236928231641e-02 4.99999999999999666933e-01 1.00000000000000000000e+00
159 1.21951669029999182348e-01 5.75693909396619130092e-01 4.99770684189092706529e-01 9.57092026489052005722e-01
160 1.62600712100227917656e-01 6.00925212543663489484e-01 5.07061809284369391371e-01 9.57092026489052005722e-01
161 1.01469548084077779149e-01 6.38675049077323420121e-01 5.00000000000000111022e-01 9.57092026489052005722e-01
162 3.79039669327722693265e-18 -1.00341848195462364931e-18 -2.49999999999999972244e-01 1.00000000000000000000e+00
163 8.70187747971550851211e-02 3.08442328724236325410e-01 9.04714344973858941579e-01 1.00000000000000000000e+00
164 1.33667727821742299277e-01 1.44523270284603905234e-01 8.85198881189473874009e-01 1.00000000000000000000e+00
165 1.21951219525937668009e-01 5.75693909396610803419e-01 4.99999999999999888978e-01 9.57092026489052005722e-01
166 1.22359440073489478262e-01 5.75693909510962997800e-01 5.04078930030859906353e-01 9.57092026489052005722e-01
167 8.02024514719076320191e-02 5.50462606330059278648e-01 4.76982082051579103776e-01 9.57092026489052005722e-01
168 2.57301668892989110482e-01 8.42450032706500651081e-01 4.91721221374461781028e-01 1.00000000000000000000e+00
169 3.49602321587944464554e-01 1.00000000000000022204e+00 4.92370630945003995294e-01 1.00000000000000000000e+00
170 8.53033927523504098556e-02 1.30591887370075654395e+00 7.41751094236227648260e-01 1.00000000000000000000e+00
171 1.21951219525937598620e-01 5.75693909396610470353e-01 5.00000000000000666134e-01 9.57092026489052005722e-01
172 1.22344794010416382801e-01 5.75693909375001977580e-01 5.00506770197286843249e-01 9.57092026489052005722e-01
173 1.61536677907209658134e-01 6.00925212586899459843e-01 4.85772765267800832323e-01 9.57092026489052005722e-01
174 2.72357723563336096007e-01 5.00000000000000222045e-01 4.99999999999999666933e-01 1.00000000000000000000e+00
175 3.49593495930582531805e-01 4.99999999999999777955e-01 4.99999999999999833467e-01 1.00000000000000000000e+00
176 1.62601626020992234833e-01 6.00925212558074073321e-01 5.00000000000000222045e-01 1.00000000000000000000e+00
177 6.76444832651635213905e-02 5.92450032727931175103e-01 5.12712647193056314521e-01 9.57092026489052005722e-01
178 6.52663120069245789034e-02 7.50000000039346081948e-01 4.99999999999999722444e-01 9.57092026489052005722e-01
179 6.52691360203815074126e-02 1.70698571919956565424e+00 1.13372715467252982435e+00 9.57092026489052005722e-01
180 -5.89791168061538781005e-20 4.91796262645751247825e-18 3.99327855379206600460e-18 1.00000000000000000000e+00
181 -7.90975407224103768438e-20 -2.18955214966060921940e-17 7.71706949667246818689e-18 1.00000000000000000000e+00
182 -1.78157044118913162223e-19 1.51291409464679720410e-18 2.95036102791231845399e-18 1.00000000000000000000e+00
183 6.65617830687350309216e-02 5.92450032727931397147e-01 5.25779175849703350742e-01 9.57092026489052005722e-01
184 6.52663120069246344146e-02 7.50000000039348302394e-01 4.99999999999999833467e-01 9.57092026489052005722e-01
185 6.58111003528143723162e-02 1.38799047947948483994e+00 9.16296850927458605973e-01 9.57092026489052005722e-01
186 2.20395806344985438919e-20 -4.66781916671785685961e-19 -4.41272519844277413746e-19 1.00000000000000000000e+00
187 -4.38565045863949483099e-20 1.73999398339462453443e-18 -1.92918624739453098009e-18 1.00000000000000000000e+00
188 -9.22218172691147328698e-21 -2.14643010738993457524e-19 -1.61019052726216653055e-19 1.00000000000000000000e+00
189 1.01877922486995092788e-01 6.38675049093098134989e-01 4.97938661766100021389e-01 9.57092026489052005722e-01
190 1.00369472850392313368e-01 6.38675049045775877765e-01 5.20073983077132706576e-01 9.57092026489052005722e-01
191 6.52663120069245789034e-02 7.50000000039347525238e-01 4.99999999999999555911e-01 9.57092026489052005722e-01
192 3.86619527791447967213e-02 5.92450032727931397147e-01 3.64590179021785976143e-01 1.00000000000000000000e+00
193 3.89866560334295869650e-02 4.29999999974970847916e-01 4.66437819928067209929e-01 1.00000000000000000000e+00
194 5.27528718736591864524e-02 4.18774983623562024881e-01 4.71345231461777314230e-01 1.00000000000000000000e+00
195 1.01876872147069766350e-01 6.38675049080835943727e-01 4.98810933297846592627e-01 9.57092026489052005722e-01
196 1.17283767775515551657e-01 6.61787557245204105527e-01 5.17891635235438241303e-01 9.57092026489052005722e-01
197 6.52663120069248287036e-02 7.50000000039345415814e-01 4.99999999999999444888e-01 9.57092026489052005722e-01
198 8.02043126436015468839e-02 5.00000000000000000000e-01 4.76873345821583805026e-01 1.00000000000000000000e+00
199 3.31794593665504372604e-02 4.29999999974971180983e-01 4.11236846659387755842e-01 1.00000000000000000000e+00
200 4.71240373871208220735e-02 4.18774983587977323030e-01 4.23634374677980429791e-01 1.00000000000000000000e+00
201 1.01469548084077834660e-01 6.38675049077323087054e-01 4.99999999999999777955e-01 9.57092026489052005722e-01
202 1.01877922486995176055e-01 6.38675049093098134989e-01 5.02061338233911969020e-01 9.57092026489052005722e-01
203 1.00369472850392493779e-01 6.38675049045775988787e-01 4.79926016922874898452e-01 9.57092026489052005722e-01
204 7.80531657579715265616e-02 3.84437459142769277776e-01 4.39553732898724236478e-01 1.00000000000000000000e+00
205 9.50505781100340479961e-02 3.61324950962111146602e-01 4.45073126247847949966e-01 1.00000000000000000000e+00
206 9.69158278363638656253e-19 -2.23277025840972176126e-17 -3.20443525827414367186e-17 1.00000000000000000000e+00
207 1.01469548084077890171e-01 6.38675049077323975233e-01 5.00000000000000111022e-01 9.57092026489052005722e-01
208 1.01469548078167715044e-01 6.38675049091100843768e-01 5.00000000000000444089e-01 9.57092026489052005722e-01
209 1.35292730790580378875e-01 6.84900065399245860931e-01 4.99999999999999888978e-01 9.57092026489052005722e-01
210 5.47466176044388713740e-02 3.84437459156617422629e-01 3.88087563983437133786e-01 1.00000000000000000000e+00
211 7.17126765889455897174e-02 3.61324950938450739635e-01 4.01030638898456304187e-01 1.00000000000000000000e+00
212 3.89866560334296355372e-02 5.70000000025029929240e-01 4.66437819928067098907e-01 1.00000000000000000000e+00
213 9.42333315615389860193e-19 -2.30616179747267342295e-17 -2.06125965969008850234e-17 9.57092026489052005722e-01
214 1.01469548084077834660e-01 6.38675049077323198077e-01 5.00000000000000777156e-01 9.57092026489052005722e-01
215 1.01470479754701747854e-01 6.38675049077366163708e-01 5.02139643400172586141e-01 9.57092026489052005722e-01
216 6.65617830687350309216e-02 5.92450032727931397147e-01 4.74220824150303310596e-01 1.00000000000000000000e+00
217 8.34542413554075490634e-02 6.15562540918401235324e-01 4.77781700226410477317e-01 1.00000000000000000000e+00
218 1.00369472850392493779e-01 6.38675049045775988787e-01 4.79926016922874842940e-01 1.00000000000000000000e+00
219 2.22401957867270093649e-18 -3.33333333313930835207e-01 -2.49999999999999916733e-01 9.57092026489052005722e-01
220 1.01469548084077876293e-01 6.38675049077323864211e-01 4.99999999999999833467e-01 9.57092026489052005722e-01
221 1.01469548084070049221e-01 6.38675049077365386552e-01 4.99999999999999777955e-01 9.57092026489052005722e-01
222 6.10374556064384524157e-02 5.92450032656763214689e-01 4.30699138929608427162e-01 1.00000000000000000000e+00
223 7.80531657579711241057e-02 6.15562540857232165514e-01 4.39553732898723015232e-01 1.00000000000000000000e+00
224 9.50505781100337426848e-02 6.38675049037888964421e-01 4.45073126247847949966e-01 1.00000000000000000000e+00
225 5.27528718736591448191e-02 4.18774983623562135904e-01 4.71345231461776759119e-01 9.57092026489052005722e-01
226 6.65617830687350586771e-02 4.07549967272069268986e-01 4.74220824150303255085e-01 9.57092026489052005722e-01
227 1.00609459858821939717e-19 5.00000000000000111022e-01 5.00000000000000000000e-01 9.57092026489052005722e-01
228 1.33741363015858871766e-01 3.99074787413101872424e-01 4.34803270223171500763e-01 1.00000000000000000000e+00
229 9.23262143855856226571e-02 4.99999999999999888978e-01 4.15191110997450818498e-01 1.00000000000000000000e+00
230 1.12928989275265845293e-01 4.99999999999999833467e-01 4.26977880527682485123e-01 1.00000000000000000000e+00
231 3.99999999941792888647e-02 4.64999999967695143432e-01 4.99999999999999666933e-01 9.57092026489052005722e-01
232 3.99999999976719672334e-02 4.29999999974971014449e-01 4.99999999999999944489e-01 9.57092026489052005722e-01
233 1.94598971983541603064e-20 -2.50000000000000055511e-01 -2.50000000000000000000e-01 9.57092026489052005722e-01
234 8.53033927523505625112e-02 2.61183774712503369297e-01 7.41751094236227426215e-01 1.00000000000000000000e+00
235 1.00369472850392243979e-01 3.61324950954224399791e-01 4.79926016922875120496e-01 1.00000000000000000000e+00
236 1.17283767775515593290e-01 3.38212442754795339361e-01 4.82108364764570196392e-01 1.00000000000000000000e+00
237 3.99969393853782453907e-02 5.70000000025029596173e-01 4.83503376927119421502e-01 9.57092026489052005722e-01
238 5.38209738992249109302e-02 5.81225016376438419208e-01 4.85886798033197175872e-01 9.57092026489052005722e-01
239 -5.62887499941793238139e-19 -8.32193242167298297761e-18 -4.65669515166837188091e-19 9.57092026489052005722e-01
240 6.56305853060245719677e-02 1.24062292989703348844e+00 6.63901067593641647235e-01 1.00000000000000000000e+00
241 7.65715637126203468865e-02 1.30591887362394443173e+00 6.71145480325373799957e-01 1.00000000000000000000e+00
242 3.49644025023738702629e-01 9.99999999999999777955e-01 5.21615949987013993727e-01 1.00000000000000000000e+00
243 3.89866560334296285983e-02 5.70000000025029485151e-01 4.66437819928067376463e-01 9.57092026489052005722e-01
244 5.27528718736592350247e-02 5.81225016376438752275e-01 4.71345231461776981163e-01 9.57092026489052005722e-01
245 1.35734334666060464234e-18 -2.86322427267336550122e-17 -9.14922619824025451541e-17 9.57092026489052005722e-01
246 3.09438605255293493201e-02 1.24062293003796741964e+00 5.44303950184004348145e-01 1.00000000000000000000e+00
247 4.10009333902181735687e-02 1.30591887370075787622e+00 5.64105435444279490476e-01 1.00000000000000000000e+00
248 3.49602321587944797621e-01 9.99999999999999888978e-01 5.07629369055005552624e-01 1.00000000000000000000e+00
249 4.00000000046568590650e-02 4.99999999999999944489e-01 5.00000000000000000000e-01 9.57092026489052005722e-01
250 6.06504065182243701226e-02 4.99999999999999888978e-01 5.00000000000000444089e-01 9.57092026489052005722e-01
251 -1.39883938165102586490e-17 -8.78488440773944691613e-18 6.27211276533162318737e-17 9.57092026489052005722e-01
252 1.41192657083636929904e-01 5.88309561010816661764e-01 4.84446714944466005903e-01 1.00000000000000000000e+00
253 1.61536677907209741401e-01 6.00925212586899681888e-01 4.85772765267800832323e-01 1.00000000000000000000e+00
254 3.49734512025148824854e-01 4.99999999999999833467e-01 5.30503853430439376027e-01 1.00000000000000000000e+00
255 1.91056910581943156791e-01 -2.24424899997197533684e-17 4.99999999999999722444e-01 9.57092026489052005722e-01
256 1.35292730790580378875e-01 3.15099934600754028047e-01 4.99999999999999944489e-01 9.57092026489052005722e-01
257 2.58703275977225588544e-01 1.57549967300376903001e-01 5.00000000000000444089e-01 9.57092026489052005722e-01
258 1.61536677907209547111e-01 3.99074787413101872424e-01 4.85772765267801276412e-01 1.00000000000000000000e+00
259 2.73377961181323791973e-01 3.22903209685467595946e-01 4.91579432268802241079e-01 1.00000000000000000000e+00
260 3.49602321587945408243e-01 2.49999999985447807216e-01 4.92370630945004383872e-01 1.00000000000000000000e+00
261 1.91055186961854223116e-01 4.05967591688621381917e-18 8.63904148105989144746e-01 9.57092026489052005722e-01
262 1.35291689549402710524e-01 3.15099934607631859684e-01 4.91854256327057037801e-01 9.57092026489052005722e-01
263 2.58702338649161922568e-01 1.57549967276304603292e-01 4.95873645665883600042e-01 9.57092026489052005722e-01
264 1.56522646642240276238e-01 3.99074787413101261802e-01 4.60401046245634271159e-01 1.00000000000000000000e+00
265 2.66917145008645162463e-01 3.22903209672005309105e-01 4.76252819765685009301e-01 1.00000000000000000000e+00
266 3.49644025023736981783e-01 2.49999999985448528861e-01 4.78384050012995665213e-01 1.00000000000000000000e+00
267 1.32128932566236145796e-01 1.40906164152696455893e+00 7.38754499136838549411e-01 9.57092026489052005722e-01
268 1.88963480554351137553e-01 1.50000000000000133227e+00 7.27634048504090302778e-01 9.57092026489052005722e-01
269 -1.19078980216442850272e-18 -5.39163354947216583333e-17 -4.17604768601928544037e-18 9.57092026489052005722e-01
270 3.89866560334297465595e-02 4.29999999974971014449e-01 5.33562180071937675052e-01 1.00000000000000000000e+00
271 1.87637564506114365437e-02 7.50000000000000000000e-01 8.19011536006811757815e-01 1.00000000000000000000e+00
272 1.87637564654562251365e-02 6.97499999951542104526e-01 8.19011535979249694073e-01 1.00000000000000000000e+00
273 2.74764054811145630453e-01 6.77096790335658949012e-01 5.00000000000000111022e-01 9.57092026489052005722e-01
274 3.49593495930583086917e-01 7.50000000014551915228e-01 5.00000000000000111022e-01 9.57092026489052005722e-01
275 1.35292730790580295608e-01 6.84900065399245749909e-01 4.99999999999999722444e-01 9.57092026489052005722e-01
276 3.49602321587944686598e-01 1.00000000000000022204e+00 4.92370630945003828760e-01 1.00000000000000000000e+00
277 8.53033927523503543444e-02 1.30591887370075609986e+00 7.41751094236227648260e-01 1.00000000000000000000e+00
278 1.32128932566236367840e-01 1.40906164152696633529e+00 7.38754499136838216344e-01 1.00000000000000000000e+00
279 9.03217260623421884513e-03 1.24999999999999933387e+00 8.18389836068192932927e-01 9.57092026489052005722e-01
280 9.03217257707094114960e-03 1.16249999991923891329e+00 8.18389835898291839733e-01 9.57092026489052005722e-01
281 9.03217258679232630481e-03 1.07499999993742778592e+00 8.18389835954924316219e-01 9.57092026489052005722e-01
282 -1.40879590102115729785e-18 -3.09166666692326785881e-01 -2.50000000000000000000e-01 1.00000000000000000000e+00
283 -1.36132597244660298629e-18 -3.33333333313931057251e-01 -2.50000000000000000000e-01 1.00000000000000000000e+00
284 1.99916073332894184134e-02 9.97500000043802348415e-01 9.08821577074824027420e-01 1.00000000000000000000e+00
285 -6.99199049166301760116e-03 -2.49999999999999944489e-01 -1.55992400673617775952e-01 9.57092026489052005722e-01
286 -6.99199049282271407196e-03 -2.32499999983847599472e-01 -1.55992400688213739279e-01 9.57092026489052005722e-01
287 -6.99199049243611186338e-03 -2.14999999987485618247e-01 -1.55992400683348270141e-01 9.57092026489052005722e-01
288 2.35937935147746106327e-18 6.05965024497737460252e-17 -2.40720737694827305022e-17 1.00000000000000000000e+00
289 -3.20500928886423320957e-19 -2.75236558597400881520e-17 2.18861051706411325286e-17 1.00000000000000000000e+00
290 1.87637564605077460100e-02 8.55000000037544727327e-01 8.19011535988437233691e-01 1.00000000000000000000e+00
291 6.65617830687350447993e-02 4.07549967272069102453e-01 4.74220824150303255085e-01 9.57092026489052005722e-01
292 3.89866560300573539166e-02 4.64999999967696031611e-01 4.66437819922530971795e-01 9.57092026489052005722e-01
293 5.91047124696439662994e-02 4.57438200617383217139e-01 4.73485017400531726928e-01 9.57092026489052005722e-01
294 4.00000000046568382484e-02 4.99999999999999722444e-01 4.99999999999999944489e-01 1.00000000000000000000e+00
295 6.06504065182243701226e-02 5.00000000000000999201e-01 5.00000000000000999201e-01 1.00000000000000000000e+00
296 8.13008130033982118201e-02 4.99999999999999666933e-01 4.99999999999999888978e-01 1.00000000000000000000e+00
297 6.10374556064384871101e-02 4.07549967343237395934e-01 4.30699138929608205117e-01 9.57092026489052005722e-01
298 3.31794593633960369083e-02 4.64999999967694421787e-01 4.11236846630907371125e-01 9.57092026489052005722e-01
299 5.35569632003799270259e-02 4.57438200576408882103e-01 4.28935837214879100987e-01 9.57092026489052005722e-01
300 3.99969393923668148361e-02 5.00000000000000444089e-01 5.16496623067480675751e-01 1.00000000000000000000e+00
301 6.06485498554221319489e-02 4.99999999999998667732e-01 5.13033054553967193812e-01 1.00000000000000000000e+00
302 8.12992302892476675913e-02 5.00000000000000444089e-01 5.11419836976614194946e-01 1.00000000000000000000e+00
303 1.63478034328116381859e-18 5.22960368603755426159e-18 5.63003047941677423832e-17 9.57092026489052005722e-01
304 -1.57802304867942214931e-18 3.07091405582994428977e-18 1.48279162074077276763e-17 9.57092026489052005722e-01
305 5.07403692593575220138e-03 5.22367549440663214710e-01 4.50303364347223733510e-01 9.57092026489052005722e-01
306 3.49593496235002187955e-01 5.00000000000000000000e-01 5.03814855099282921103e-01 1.00000000000000000000e+00
307 1.34207252624532480390e-01 6.84900065413002523407e-01 5.16434211616098814979e-01 1.00000000000000000000e+00
308 2.57301668892989332527e-01 8.42450032706501206192e-01 5.08278778625548932624e-01 1.00000000000000000000e+00
309 5.27528718736592905358e-02 5.81225016376438752275e-01 4.71345231461777702808e-01 9.57092026489052005722e-01
310 6.65617830687350309216e-02 5.92450032727931064080e-01 4.74220824150303199573e-01 9.57092026489052005722e-01
311 1.87637564605074233515e-02 8.55000000037544394260e-01 6.80988464011568428447e-01 9.57092026489052005722e-01
312 3.49602321587944686598e-01 4.99999999999999944489e-01 5.07629369055005885691e-01 1.00000000000000000000e+00
313 1.94706030885446834219e-17 8.33333333372138995720e-01 5.00000000000000333067e-01 1.00000000000000000000e+00
314 -1.39494714576038744010e-17 9.16666666569653676433e-01 4.99999999999999944489e-01 1.00000000000000000000e+00
315 7.47733705311398738624e-02 4.99999999999999389377e-01 4.37324682784017704229e-01 9.57092026489052005722e-01
316 9.52083084062174123119e-02 5.00000000000000000000e-01 4.45979701600265510120e-01 9.57092026489052005722e-01
317 1.15641500199450866782e-01 5.00000000000000333067e-01 4.51219233470578851009e-01 9.57092026489052005722e-01
318 2.56908860476196995477e-20 8.33333334303456713110e-02 5.00000000000000000000e-01 1.00000000000000000000e+00
319 1.84534741621502620519e-17 2.66067301350015195181e-18 5.00000000000000222045e-01 1.00000000000000000000e+00
320 1.35291689549403015835e-01 3.15099934607632026218e-01 5.08145743672955174652e-01 1.00000000000000000000e+00
321 5.17845573810358297817e-02 5.00000000000000222045e-01 3.81907138883970320720e-01 9.57092026489052005722e-01
322 7.16826309277853596091e-02 4.99999999999999888978e-01 4.03762794208630482196e-01 9.57092026489052005722e-01
323 9.23262143855856642904e-02 5.00000000000000000000e-01 4.15191110997450762987e-01 9.57092026489052005722e-01
324 -4.96888327467068254089e-17 -4.16666667151728356555e-02 -2.50000000000000222045e-01 1.00000000000000000000e+00
325 -3.57623346709485914677e-18 -1.04121592809376635114e-18 -2.50000000000000111022e-01 1.00000000000000000000e+00
326 1.34207252624532480390e-01 3.15099934586998253749e-01 5.16434211616098592934e-01 1.00000000000000000000e+00
327 1.33775550359198303063e-01 4.99999999999999722444e-01 4.34107832249995273521e-01 9.57092026489052005722e-01
328 6.98973314381713450149e-18 4.56977580007542581956e-18 5.91853886303002537139e-17 9.57092026489052005722e-01
329 1.00331562271300364946e-17 2.02693659474962275122e-17 -2.76847250258008796168e-17 9.57092026489052005722e-01
330 1.39839809848724891395e-02 5.70000000025029596173e-01 6.88015198633304958520e-01 1.00000000000000000000e+00
331 2.54711805686009505612e-02 5.81225016376438197163e-01 6.54569397384239137772e-01 1.00000000000000000000e+00
332 3.86619527791451367271e-02 5.92450032727931286125e-01 6.35409820978217854126e-01 1.00000000000000000000e+00
333 1.34207252624532258345e-01 3.15099934586998198238e-01 4.83565788383909622716e-01 9.57092026489052005722e-01
334 -5.14185885574919411165e-18 3.88453994353155216189e-19 2.00780320514098806429e-17 9.57092026489052005722e-01
335 -9.15476055789139726438e-18 -1.15041975288779772070e-17 1.31230198529977156427e-16 9.57092026489052005722e-01
336 -7.85705232149505238085e-19 7.24175621430742592906e-17 2.50110578261069808917e-17 1.00000000000000000000e+00
337 4.61646837198935461336e-18 -6.73863538498447070445e-17 3.38363420443815613260e-17 1.00000000000000000000e+00
338 -1.20606928539193315596e-18 -8.21922787433196483228e-19 4.04860428123434743981e-18 1.00000000000000000000e+00
339 -2.09798263924994230758e-18 -4.04503220484618605344e-17 1.41504095852826267659e-16 9.57092026489052005722e-01
340 -7.40450421081782504133e-18 4.83578636786410979216e-17 3.35862247048033953320e-17 9.57092026489052005722e-01
341 3.49644025023739202229e-01 7.50000000014552026251e-01 5.21615949987013438616e-01 9.57092026489052005722e-01
342 7.47754084945071867407e-02 4.49537393753731306933e-01 5.62418261912254080492e-01 1.00000000000000000000e+00
343 3.31794593665509160441e-02 4.29999999974971125472e-01 5.88763153340618017317e-01 1.00000000000000000000e+00
344 2.57301668892988444348e-01 1.57549967293499737497e-01 5.08278778625548821601e-01 1.00000000000000000000e+00
345 1.08594693082981519665e-17 7.06802664104959433218e-17 -2.94738327267378293529e-17 9.57092026489052005722e-01
346 -1.85651038521291552728e-18 3.32724632857075290447e-17 4.30930056452633983788e-17 9.57092026489052005722e-01
347 3.49602321587944631087e-01 7.50000000014551138072e-01 5.07629369055005996714e-01 9.57092026489052005722e-01
348 5.17106597837094644765e-02 4.49537393750587987995e-01 6.17276343857477205468e-01 1.00000000000000000000e+00
349 1.39839809848724787311e-02 4.29999999974971014449e-01 6.88015198633304514431e-01 1.00000000000000000000e+00
350 3.49602321587945019665e-01 5.00000000000000222045e-01 5.07629369055005885691e-01 1.00000000000000000000e+00
351 1.17283767775515274101e-01 6.61787557245205104728e-01 4.82108364764570751504e-01 9.57092026489052005722e-01
352 1.34207252624532480390e-01 6.84900065413002190340e-01 4.83565788383909567205e-01 9.57092026489052005722e-01
353 3.49734512025149490988e-01 2.49999999985448861928e-01 5.30503853430439709093e-01 9.57092026489052005722e-01
354 8.02024514719075903857e-02 5.50462606330059722737e-01 5.23017917948427890629e-01 1.00000000000000000000e+00
355 3.89866560401744555175e-02 4.99999999999999944489e-01 5.33562180060862201181e-01 1.00000000000000000000e+00
356 3.49734512025148824854e-01 -3.34537447770522455393e-17 5.30503853430439153982e-01 1.00000000000000000000e+00
357 1.61537805988899663134e-01 5.00000000000000000000e-01 4.85665020840817140968e-01 8.81674598767944961430e-01
358 2.70977631475499247671e-01 4.99999999999999777955e-01 4.91551075966143669049e-01 8.81674598767944961430e-01
359 3.49602321587944575576e-01 5.00000000000000000000e-01 4.92370630945004161827e-01 8.81674598767944961430e-01
360 1.29056751657864260396e-01 3.15099934586998031705e-01 4.54544694497342582906e-01 1.00000000000000000000e+00
361 2.50784060110631701335e-01 1.57549967293928339096e-01 4.76528023266125977386e-01 1.00000000000000000000e+00
362 3.49644025023738536095e-01 -5.02388971546459206271e-17 4.78384050012996497880e-01 1.00000000000000000000e+00
363 1.56524760329159129402e-01 4.99999999999999777955e-01 4.60130292492785697434e-01 8.81674598767944961430e-01
364 2.64546604144566210870e-01 4.99999999999999111822e-01 4.76159992738566573145e-01 8.81674598767944961430e-01
365 3.49644025023738480584e-01 5.00000000000000444089e-01 4.78384050012996331347e-01 8.81674598767944961430e-01
366 1.05872994245058582585e-01 3.15099934586998198238e-01 4.22470386506441253349e-01 1.00000000000000000000e+00
367 2.20889857017133706130e-01 1.57549967299517396091e-01 4.65373820245392644246e-01 1.00000000000000000000e+00
368 3.49734512025148880365e-01 3.87123330310260420650e-17 4.69496146569570615981e-01 1.00000000000000000000e+00
369 1.87637564605076315183e-02 6.44999999962457049030e-01 8.19011535988437677780e-01 8.81674598767944961430e-01
370 1.29073640158320152643e-19 6.80491802854005729663e-18 -4.61678779558404268954e-17 8.81674598767944961430e-01
371 4.10805765712165705788e-18 3.06468464359923027727e-17 -1.46572573707987444580e-17 8.81674598767944961430e-01
372 -1.09802422458728308479e-18 -6.90762986507327572766e-17 -7.25913588373853164813e-17 1.00000000000000000000e+00
373 1.34207252624532563656e-01 6.84900065413003078518e-01 4.83565788383909678227e-01 1.00000000000000000000e+00
374 2.57301668892989110482e-01 8.42450032706499318813e-01 4.91721221374462169607e-01 1.00000000000000000000e+00
375 1.88963480554350943263e-01 1.49999999999999933387e+00 7.27634048504090080733e-01 8.81674598767944961430e-01
376 7.02535938805058894014e-18 -5.95354481882455630259e-17 2.63834564989034574433e-17 8.81674598767944961430e-01
377 -1.01631817751518724111e-17 3.16084257096321445795e-17 -2.55169386024631622170e-17 8.81674598767944961430e-01
378 9.08447870964944003887e-18 1.33931031400056727667e-16 -6.09944631587838531699e-18 1.00000000000000000000e+00
379 1.29056751657864010596e-01 6.84900065413001191139e-01 4.54544694497342471884e-01 1.00000000000000000000e+00
380 2.50784060110631201734e-01 8.42450032706074214417e-01 4.76528023266126365964e-01 1.00000000000000000000e+00
381 3.10095383404864859134e-02 1.10820599231171801335e+00 9.29242102465682839885e-01 8.81674598767944961430e-01
382 4.35051744464573855731e-02 1.23376931509934806286e+00 9.53957224812139403802e-01 8.81674598767944961430e-01
383 3.99969393853782453907e-02 5.70000000025029263107e-01 5.16496623072888683126e-01 8.81674598767944961430e-01
384 5.38209738992255354306e-02 5.81225016376438974319e-01 5.14113201966812427557e-01 1.00000000000000000000e+00
385 6.76444832651635630238e-02 5.92450032727931175103e-01 5.12712647193056536565e-01 1.00000000000000000000e+00
386 -8.07594440248217902588e-20 -6.69756288562118616927e-18 -1.15607089914804816088e-18 1.00000000000000000000e+00
387 2.95971633475228049215e-02 9.43901990496122111907e-01 8.28237765418460836209e-01 8.81674598767944961430e-01
388 4.19793435161371839004e-02 1.04473509897259719814e+00 8.41862504239488496083e-01 8.81674598767944961430e-01
389 3.89866560334297673762e-02 5.70000000025029596173e-01 5.33562180071937230963e-01 8.81674598767944961430e-01
390 5.27528718736589574689e-02 5.81225016376438863297e-01 5.28654768538229347108e-01 1.00000000000000000000e+00
391 6.65617830687350170438e-02 5.92450032727931286125e-01 5.25779175849703572787e-01 1.00000000000000000000e+00
392 3.99999999976720227446e-02 5.70000000025029596173e-01 5.00000000000000222045e-01 1.00000000000000000000e+00
393 3.99999999941792680480e-02 4.64999999967695698544e-01 5.00000000000000666134e-01 8.81674598767944961430e-01
394 6.01976597206703503695e-02 4.57438200617383161628e-01 4.99999999999998945288e-01 8.81674598767944961430e-01
395 8.13008130033910647594e-02 4.49537393669942775265e-01 4.99999999999999944489e-01 8.81674598767944961430e-01
396 3.99999999976719880501e-02 4.29999999974970958938e-01 4.99999999999999944489e-01 1.00000000000000000000e+00
397 5.38231826935257340327e-02 4.18774983623562191415e-01 4.99999999999999888978e-01 1.00000000000000000000e+00
398 6.76463653893800420658e-02 4.07549967272069213475e-01 5.00000000000000111022e-01 1.00000000000000000000e+00
399 3.99969393818839363819e-02 4.64999999967693700142e-01 5.16496623075592076191e-01 8.81674598767944961430e-01
400 6.01957975354028770876e-02 4.57438200617386048208e-01 5.13073949893619429830e-01 8.81674598767944961430e-01
401 8.12992520607669910682e-02 4.49537393669940832375e-01 5.11367267267840541756e-01 8.81674598767944961430e-01
402 3.99969393853782315129e-02 4.29999999974971625072e-01 5.16496623072889571304e-01 1.00000000000000000000e+00
403 5.38209738992258546197e-02 4.18774983623560637103e-01 5.14113201966810429155e-01 1.00000000000000000000e+00
404 6.76444832651629107678e-02 4.07549967272069768587e-01 5.12712647193056758610e-01 1.00000000000000000000e+00
405 3.49602321587944742109e-01 1.00000000000000000000e+00 5.07629369055005885691e-01 8.81674598767944961430e-01
406 1.61536677907209574867e-01 6.00925212586898793710e-01 5.14227234732208771106e-01 8.81674598767944961430e-01
407 2.73377961181324069528e-01 6.77096790314533736321e-01 5.08420567731206363149e-01 8.81674598767944961430e-01
408 3.49602321587944575576e-01 7.50000000014552470340e-01 5.07629369055006218758e-01 1.00000000000000000000e+00
409 1.61537805988899663134e-01 4.99999999999999722444e-01 5.14334979159191352238e-01 1.00000000000000000000e+00
410 2.70977631475498026425e-01 5.00000000000000666134e-01 5.08448924033866545003e-01 1.00000000000000000000e+00
411 1.21047755810780920458e-18 1.00000000000000000000e+00 5.00000000000000111022e-01 8.81674598767944961430e-01
412 8.70217493358684951454e-02 8.33333333342167970059e-01 5.00000000000000111022e-01 8.81674598767944961430e-01
413 1.33669027575714471912e-01 9.21906919276307745825e-01 4.99999999999999555911e-01 8.81674598767944961430e-01
414 1.91056910581943018013e-01 1.00000000000000000000e+00 4.99999999999999722444e-01 1.00000000000000000000e+00
415 1.35292730790580323363e-01 6.84900065399245749909e-01 5.00000000000000000000e-01 1.00000000000000000000e+00
416 2.58703275977224811388e-01 8.42450032699623374555e-01 5.00000000000000000000e-01 1.00000000000000000000e+00
417 2.58702338649162699724e-01 1.57549967276304631048e-01 5.04126354334133219837e-01 8.81674598767944961430e-01
418 3.49593496235001910399e-01 -8.21687996851361952166e-19 5.03814855099281588835e-01 8.81674598767944961430e-01
419 8.70187747971553071658e-02 3.08442328724237935234e-01 9.45939627646046665710e-01 8.81674598767944961430e-01
420 1.33667727821743298477e-01 1.44523270284604932190e-01 9.11963391704141757010e-01 1.00000000000000000000e+00
421 1.91055186961854195360e-01 -1.30757589372368745363e-18 8.86095851894030728246e-01 1.00000000000000000000e+00
422 1.33126929021178538374e-18 -8.33333333139307380621e-02 -2.49999999999999888978e-01 1.00000000000000000000e+00
423 2.57301668892988333326e-01 1.57549967293499626475e-01 5.08278778625548710579e-01 8.81674598767944961430e-01
424 3.49602321587944964154e-01 -3.70749097549213111532e-18 5.07629369055006107736e-01 8.81674598767944961430e-01
425 8.53033927523503959778e-02 2.61183774712503313786e-01 8.25351554177042978644e-01 8.81674598767944961430e-01
426 1.32128932566237838886e-01 1.22379873735432034842e-01 7.92687016125570576008e-01 1.00000000000000000000e+00
427 1.88963480554351082041e-01 -4.55275527002575797172e-18 7.72365951495922908876e-01 1.00000000000000000000e+00
428 2.15784340958162445005e-18 -3.30503674528671354239e-18 -2.52133542400400839224e-17 1.00000000000000000000e+00
429 3.89866560334297881929e-02 5.70000000025029929240e-01 5.33562180071937675052e-01 8.81674598767944961430e-01
430 3.89866560300571596276e-02 5.35000000032305411679e-01 5.33562180077474246254e-01 8.81674598767944961430e-01
431 3.89866560401744347009e-02 4.99999999999999944489e-01 5.33562180060862645270e-01 8.81674598767944961430e-01
432 1.87637564605077251934e-02 8.55000000037543950171e-01 8.19011535988436456535e-01 1.00000000000000000000e+00
433 1.87637564654562910560e-02 8.02500000048458450586e-01 8.19011535979249805095e-01 1.00000000000000000000e+00
434 1.87637564506114400131e-02 7.50000000000000333067e-01 8.19011536006811757815e-01 1.00000000000000000000e+00
435 3.31794593665505760383e-02 5.70000000025029374129e-01 5.88763153340616574027e-01 8.81674598767944961430e-01
436 3.31794593633968834534e-02 5.35000000032305300657e-01 5.88763153369097014256e-01 8.81674598767944961430e-01
437 3.31794593728590922477e-02 5.00000000000000333067e-01 5.88763153283658469128e-01 8.81674598767944961430e-01
438 9.03217258679238355068e-03 1.42500000006257465657e+00 1.68161016404507757116e+00 1.00000000000000000000e+00
439 9.03217257707123605259e-03 1.33750000008076597169e+00 1.68161016410171293423e+00 1.00000000000000000000e+00
440 9.03217260623431598965e-03 1.24999999999999955591e+00 1.68161016393180817730e+00 1.00000000000000000000e+00
441 6.10374556064390769161e-02 4.07549967343237062867e-01 5.69300861070398345198e-01 8.81674598767944961430e-01
442 1.39839809833262398997e-02 5.00000000000000111022e-01 6.88015198652765946896e-01 8.81674598767944961430e-01
443 1.32128932566237949908e-01 1.22379873735432007087e-01 7.92687016125570131919e-01 8.81674598767944961430e-01
444 5.17845573810360657041e-02 4.99999999999999888978e-01 6.18092861116035008351e-01 1.00000000000000000000e+00
445 1.39839809856455998816e-02 4.64999999967695198944e-01 6.88015198623575630066e-01 1.00000000000000000000e+00
446 -4.95856461569155810499e-18 1.18191313016590628137e-17 7.74285897974291135837e-17 1.00000000000000000000e+00
447 3.86619527791450534604e-02 4.07549967272069657565e-01 6.35409820978218187193e-01 8.81674598767944961430e-01
448 3.89866560334297534984e-02 5.70000000025029374129e-01 5.33562180071937564030e-01 8.81674598767944961430e-01
449 5.27528718736589921634e-02 5.81225016376439640453e-01 5.28654768538230124264e-01 8.81674598767944961430e-01
450 6.65617830687350031660e-02 5.92450032727931064080e-01 5.25779175849703572787e-01 1.00000000000000000000e+00
451 3.89866560300572012610e-02 5.35000000032306188835e-01 5.33562180077475467499e-01 1.00000000000000000000e+00
452 5.91047124696441675273e-02 5.42561799382615173037e-01 5.26514982599473269076e-01 1.00000000000000000000e+00
453 8.02043126436017550507e-02 5.00000000000000000000e-01 5.23126654178423522445e-01 8.81674598767944961430e-01
454 3.31794593665506662439e-02 5.70000000025030040263e-01 5.88763153340617462206e-01 8.81674598767944961430e-01
455 4.71240373871210510570e-02 5.81225016412021178169e-01 5.76365625322023733546e-01 8.81674598767944961430e-01
456 6.10374556064388548715e-02 5.92450032656763880823e-01 5.69300861070398567243e-01 1.00000000000000000000e+00
457 3.31794593633968071256e-02 5.35000000032304745545e-01 5.88763153369095237899e-01 1.00000000000000000000e+00
458 5.35569632003790596642e-02 5.42561799423594059988e-01 5.71064162785129947331e-01 1.00000000000000000000e+00
459 5.27743270837019440300e-02 1.11003104264374785615e+00 8.36247532548607619418e-01 1.00000000000000000000e+00
460 6.36108255863753468962e-02 1.17532698635067944792e+00 8.32283674047968768939e-01 1.00000000000000000000e+00
461 5.07403692593580337572e-03 5.22367549440662881644e-01 1.11679928406603856672e+00 1.00000000000000000000e+00
462 8.34542413554079376414e-02 6.15562540918401901457e-01 5.22218299773597127711e-01 1.00000000000000000000e+00
463 1.00369472850392271734e-01 6.38675049045775433676e-01 5.20073983077132706576e-01 1.00000000000000000000e+00
464 7.78371037613049678185e-19 1.78955047451639610463e-17 -4.85404625952791860774e-17 1.00000000000000000000e+00
465 1.05872994245058915652e-01 3.15099934586998031705e-01 5.77529613493566573723e-01 1.00000000000000000000e+00
466 1.33741363015858705232e-01 3.99074787413101705891e-01 5.65196729776836992443e-01 1.00000000000000000000e+00
467 1.33775550359198552863e-01 5.00000000000000111022e-01 5.65892167750012831107e-01 1.00000000000000000000e+00
468 4.36660615262596529806e-02 1.11003104267843810682e+00 9.22565618555898359077e-01 1.00000000000000000000e+00
469 5.46529814224108317910e-02 1.17532698635515053809e+00 9.12955956568362814174e-01 1.00000000000000000000e+00
470 8.02024514719074099744e-02 4.49537393669941831575e-01 5.23017917948428001651e-01 1.00000000000000000000e+00
471 7.80531657579714294171e-02 6.15562540857231166314e-01 5.60446267101282757928e-01 1.00000000000000000000e+00
472 9.50505781100340757517e-02 6.38675049037889519532e-01 5.54926873752159877107e-01 1.00000000000000000000e+00
473 6.65617830687351419439e-02 4.07549967272069546542e-01 5.25779175849703350742e-01 1.00000000000000000000e+00
474 1.61537805988899718646e-01 4.99999999999999833467e-01 5.14334979159191352238e-01 1.00000000000000000000e+00
475 1.61536677907209547111e-01 6.00925212586899903933e-01 5.14227234732208549062e-01 1.00000000000000000000e+00
476 1.34207252624532508145e-01 6.84900065413001857273e-01 5.16434211616098481912e-01 1.00000000000000000000e+00
477 1.88963480554350748974e-01 3.85125940303247709005e-17 7.72365951495923352965e-01 1.00000000000000000000e+00
478 2.17902118575549266777e-02 1.17532698634173371488e+00 1.05056025760769622401e+00 1.00000000000000000000e+00
479 7.47754084945073116408e-02 4.49537393753731084889e-01 5.62418261912254857648e-01 1.00000000000000000000e+00
480 3.49602321587945130688e-01 -3.66821769572440941297e-17 5.07629369055005552624e-01 1.00000000000000000000e+00
481 7.17126765889460893177e-02 6.38675049061549593432e-01 5.98969361101550190618e-01 1.00000000000000000000e+00
482 6.10374556064390630383e-02 4.07549967343237118378e-01 5.69300861070398012131e-01 1.00000000000000000000e+00
483 1.56524760329159684513e-01 5.00000000000000111022e-01 5.39869707507222629239e-01 1.00000000000000000000e+00
484 1.56522646642240692572e-01 6.00925212586899792910e-01 5.39598953754373944491e-01 1.00000000000000000000e+00
485 1.29056751657863899574e-01 6.84900065413001968295e-01 5.45455305502666520923e-01 1.00000000000000000000e+00
486 1.26186492489735596623e-02 4.57071605726969643069e-01 1.07840668584773546890e+00 1.00000000000000000000e+00
487 1.29056751657863927329e-01 6.84900065413002967496e-01 5.45455305502665632744e-01 1.00000000000000000000e+00
488 -2.81175752227531833319e-18 4.01423621386577361317e-17 -1.09546043697731701078e-16 1.00000000000000000000e+00
489 1.56522646642240831349e-01 6.00925212586899348821e-01 5.39598953754374277558e-01 1.00000000000000000000e+00
490 7.44463487995279116216e-02 3.26479718396510798506e-01 8.28298018684973991199e-01 1.00000000000000000000e+00
491 1.17283767775515565535e-01 3.38212442754796061006e-01 5.17891635235438241303e-01 1.00000000000000000000e+00
492 1.00519174109368919501e-01 4.36921742244720801018e-01 5.19579278227211061036e-01 1.00000000000000000000e+00
493 1.05872994245059082186e-01 6.84900065413002079318e-01 5.77529613493566240656e-01 1.00000000000000000000e+00
494 8.34542413554077572302e-02 3.84437459081599097743e-01 5.22218299773597349756e-01 1.00000000000000000000e+00
495 1.33741363015858677477e-01 6.00925212586900014955e-01 5.65196729776837214487e-01 1.00000000000000000000e+00
496 6.56305853060249050346e-02 3.26479718516228700764e-01 9.03201580819630200914e-01 1.00000000000000000000e+00
497 1.12050526737559774659e-01 3.38212442795147505414e-01 5.49314853899103283652e-01 1.00000000000000000000e+00
498 9.52088053839052345095e-02 4.36921741966675769575e-01 5.53754343965675133177e-01 1.00000000000000000000e+00
499 -1.41096913448927475091e-18 -3.30104037606503376159e-17 9.20480215042069243237e-17 1.00000000000000000000e+00
500 7.80531657579709853279e-02 3.84437459142769777376e-01 5.60446267101282646905e-01 1.00000000000000000000e+00
501 8.53033927523504376111e-02 1.30591887370075632191e+00 8.25351554177042201488e-01 1.00000000000000000000e+00
502 3.09438605255305636266e-02 3.26479718375293104238e-01 1.02279869822926006151e+00 1.00000000000000000000e+00
503 8.86365437824365165476e-02 3.38212442792212408804e-01 5.85725694760549919771e-01 1.00000000000000000000e+00
504 1.15640762967830448837e-01 5.75693909398128700339e-01 5.48510491823148926827e-01 1.00000000000000000000e+00
505 1.15641500199450908415e-01 5.00000000000000222045e-01 5.48780766529428865041e-01 9.40837299383971981115e-01
506 1.34207252624532397123e-01 3.15099934586998309261e-01 5.16434211616098814979e-01 1.00000000000000000000e+00
507 9.22755635984542910144e-02 5.75693909404851322797e-01 5.84017656401857654380e-01 1.00000000000000000000e+00
508 9.23262143855861500130e-02 5.00000000000000000000e-01 5.84808889002556564485e-01 9.40837299383971981115e-01
509 1.29056751657864204885e-01 3.15099934586997920682e-01 5.45455305502666298878e-01 1.00000000000000000000e+00
510 6.36108255863753468962e-02 1.17532698635067855975e+00 8.32283674047968879961e-01 1.00000000000000000000e+00
511 1.00369472850392271734e-01 6.38675049045775877765e-01 5.20073983077132151465e-01 9.40837299383971981115e-01
512 1.05872994245058957286e-01 3.15099934586998198238e-01 5.77529613493566351679e-01 1.00000000000000000000e+00
513 8.53033927523504653667e-02 2.61183774712503258275e-01 8.25351554177042201488e-01 9.78546013244525947350e-01
514 2.35137283959437615177e-01 4.99999999999999611422e-01 5.36148178644951234340e-01 1.00000000000000000000e+00
515 7.65715637126202636198e-02 2.61183774789316591747e-01 8.95957168087896049791e-01 9.78546013244525947350e-01
516 2.57301668892989110482e-01 8.42450032706501428237e-01 5.08278778625548932624e-01 1.00000000000000000000e+00
517 4.10009333902187980692e-02 2.61183774712503813387e-01 1.00299721296898769474e+00 9.78546013244525947350e-01
518 2.50784060110630813156e-01 8.42450032706071993971e-01 5.23471976733883570532e-01 1.00000000000000000000e+00
519 2.37386253561204102480e-01 3.22903209708878147222e-01 5.36114829749631427447e-01 9.78546013244525947350e-01
520 2.20889857017133373063e-01 1.57549967299518145492e-01 5.34626179754617791851e-01 1.00000000000000000000e+00
521 2.73377961181324014017e-01 6.77096790314533403254e-01 5.08420567731206918261e-01 9.78546013244525947350e-01
522 2.70977631475497693359e-01 5.00000000000000000000e-01 5.08448924033866322958e-01 1.00000000000000000000e+00
523 2.66917145008643219573e-01 6.77096790327993858227e-01 5.23747180234325537818e-01 9.78546013244525947350e-01
524 1.34207252624532397123e-01 3.15099934586998253749e-01 5.16434211616099148046e-01 1.00000000000000000000e+00
525 3.10162198120211007879e-02 6.15293986857967989401e-01 5.00000000000000000000e-01 9.40837299383971981115e-01
526 -6.93889390390722991839e-18 6.18333333333332957338e-01 5.00000000000000000000e-01 1.00000000000000000000e+00
527 3.10162198120211007879e-02 6.15293986857967989401e-01 5.37634209385785988289e-01 9.40837299383971981115e-01
528 -6.93889390390722991839e-18 6.18333333333332957338e-01 5.37634209385785988289e-01 1.00000000000000000000e+00
529 8.53033927523503821000e-02 2.61183774712503202764e-01 8.25351554177041979443e-01 9.40837299383971981115e-01
530 9.00171034444252043259e-18 2.04240297976169945286e-17 4.17377825846621731658e-17 1.00000000000000000000e+00
531 -6.93889390390722991839e-18 8.33333333333333009518e-02 5.00000000000000000000e-01 1.00000000000000000000e+00
532 0.00000000000000000000e+00 0.00000000000000000000e+00 5.00000000000000000000e-01 1.00000000000000000000e+00
533 1.37989690342034010406e-01 7.80930807896001999424e-02 5.00000000000000000000e-01 9.40837299383971981115e-01
534 1.82926829268293011932e-01 0.00000000000000000000e+00 5.00000000000000000000e-01 1.00000000000000000000e+00
535 2.50573194661611986511e-01 1.57549967295795012578e-01 5.00000000000000000000e-01 1.00000000000000000000e+00
536 3.65853658536585024663e-01 0.00000000000000000000e+00 5.00000000000000000000e-01 1.00000000000000000000e+00
537 -6.93889390390722991839e-18 8.33333333333331066628e-02 5.37634209385785988289e-01 1.00000000000000000000e+00
538 0.00000000000000000000e+00 -2.77555756156288987194e-16 5.37634209385785988289e-01 1.00000000000000000000e+00
539 1.37989690342034010406e-01 7.80930807896000056534e-02 5.37634209385784989088e-01 9.40837299383971981115e-01
540 1.82926829268293011932e-01 -2.77555756156288987194e-16 5.37634209385785988289e-01 1.00000000000000000000e+00
541 2.50573194661611986511e-01 1.57549967295795012578e-01 5.37634209385785988289e-01 1.00000000000000000000e+00
542 3.65853658536585024663e-01 -2.77555756156288987194e-16 5.37634209385785988289e-01 1.00000000000000000000e+00
543 -6.93889390390722991839e-18 8.33333333333328013515e-02 5.75268418771570977377e-01 1.00000000000000000000e+00
544 0.00000000000000000000e+00 -5.55111512312577974389e-16 5.75268418771570977377e-01 1.00000000000000000000e+00
545 1.37989690342034010406e-01 7.80930807895997003421e-02 5.75268418771570977377e-01 9.40837299383971981115e-01
546 1.82926829268293011932e-01 -5.55111512312577974389e-16 5.75268418771570977377e-01 1.00000000000000000000e+00
547 2.50573194661611986511e-01 1.57549967295794013378e-01 5.75268418771570977377e-01 1.00000000000000000000e+00
548 3.65853658536585024663e-01 -5.55111512312577974389e-16 5.75268418771570977377e-01 1.00000000000000000000e+00
549 2.66455726778681012412e-01 3.22903209691547010696e-01 5.00000000000000000000e-01 9.78546013244525947350e-01
550 3.65853658536585024663e-01 2.50000000000000000000e-01 5.00000000000000000000e-01 1.00000000000000000000e+00
551 2.64227642276421981204e-01 5.00000000000000000000e-01 5.00000000000000000000e-01 1.00000000000000000000e+00
552 3.65853658536585024663e-01 5.00000000000000000000e-01 5.00000000000000000000e-01 1.00000000000000000000e+00
553 2.66455726778681012412e-01 3.22903209691546011495e-01 5.37634209385785988289e-01 9.78546013244525947350e-01
554 3.65853658536585024663e-01 2.50000000000000000000e-01 5.37634209385785988289e-01 1.00000000000000000000e+00
555 2.64227642276421981204e-01 5.00000000000000000000e-01 5.37634209385785988289e-01 1.00000000000000000000e+00
556 3.65853658536585024663e-01 5.00000000000000000000e-01 5.37634209385785988289e-01 1.00000000000000000000e+00
557 2.66455726778681012412e-01 3.22903209691546011495e-01 5.75268418771570977377e-01 9.78546013244525947350e-01
558 3.65853658536585024663e-01 2.49999999999999000799e-01 5.75268418771570977377e-01 1.00000000000000000000e+00
559 2.64227642276421981204e-01 5.00000000000000000000e-01 5.75268418771570977377e-01 1.00000000000000000000e+00
560 3.65853658536585024663e-01 4.99999999999999000799e-01 5.75268418771570977377e-01 1.00000000000000000000e+00
561 2.66455726778681012412e-01 6.77096790308453044815e-01 5.00000000000000000000e-01 9.78546013244525947350e-01
562 3.65853658536585024663e-01 7.50000000000000000000e-01 5.00000000000000000000e-01 1.00000000000000000000e+00
563 2.50573194661612985712e-01 8.42450032704205042933e-01 5.00000000000000000000e-01 1.00000000000000000000e+00
564 3.65853658536585024663e-01 1.00000000000000000000e+00 5.00000000000000000000e-01 1.00000000000000000000e+00
565 2.66455726778681012412e-01 6.77096790308453044815e-01 5.37634209385785988289e-01 9.78546013244525947350e-01
566 3.65853658536585024663e-01 7.50000000000000000000e-01 5.37634209385785988289e-01 1.00000000000000000000e+00
567 2.50573194661612985712e-01 8.42450032704205042933e-01 5.37634209385784989088e-01 1.00000000000000000000e+00
568 3.65853658536585024663e-01 1.00000000000000000000e+00 5.37634209385785988289e-01 1.00000000000000000000e+00
569 2.66455726778681012412e-01 6.77096790308453044815e-01 5.75268418771570977377e-01 9.78546013244525947350e-01
570 3.65853658536585024663e-01 7.49999999999999000799e-01 5.75268418771570977377e-01 1.00000000000000000000e+00
571 2.50573194661612985712e-01 8.42450032704204043732e-01 5.75268418771570977377e-01 1.00000000000000000000e+00
572 3.65853658536585024663e-01 9.99999999999999000799e-01 5.75268418771570977377e-01 1.00000000000000000000e+00
573 1.37989690342034010406e-01 9.21906919210400022102e-01 5.00000000000000000000e-01 9.40837299383971981115e-01
574 1.82926829268293011932e-01 1.00000000000000000000e+00 5.00000000000000000000e-01 1.00000000000000000000e+00
575 -6.93889390390722991839e-18 9.16666666666666962726e-01 5.00000000000000000000e-01 1.00000000000000000000e+00
576 0.00000000000000000000e+00 1.00000000000000000000e+00 5.00000000000000000000e-01 1.00000000000000000000e+00
577 1.37989690342034010406e-01 9.21906919210399022901e-01 5.37634209385784989088e-01 9.40837299383971981115e-01
578 1.82926829268293011932e-01 1.00000000000000000000e+00 5.37634209385785988289e-01 1.00000000000000000000e+00
579 -6.93889390390722991839e-18 9.16666666666666962726e-01 5.37634209385785988289e-01 1.00000000000000000000e+00
580 0.00000000000000000000e+00 1.00000000000000000000e+00 5.37634209385785988289e-01 1.00000000000000000000e+00
581 1.37989690342034010406e-01 9.21906919210399022901e-01 5.75268418771570977377e-01 9.40837299383971981115e-01
582 1.82926829268293011932e-01 9.99999999999999000799e-01 5.75268418771570977377e-01 1.00000000000000000000e+00
583 -6.93889390390722991839e-18 9.16666666666665963525e-01 5.75268418771570977377e-01 1.00000000000000000000e+00
584 0.00000000000000000000e+00 9.99999999999999000799e-01 5.75268418771570977377e-01 1.00000000000000000000e+00
585 0.00000000000000000000e+00 5.69999999999998951949e-01 7.37634209385784944679e-01 1.00000000000000000000e+00
586 0.00000000000000000000e+00 5.34999999999999031886e-01 7.37634209385784944679e-01 1.00000000000000000000e+00
587 0.00000000000000000000e+00 4.99999999999999000799e-01 7.37634209385784944679e-01 1.00000000000000000000e+00
588 2.00000000000000004163e-02 5.69999999999998951949e-01 7.37634209385784944679e-01 1.00000000000000000000e+00
589 2.00000000000000004163e-02 5.34999999999999031886e-01 7.37634209385784944679e-01 1.00000000000000000000e+00
590 2.00000000000000004163e-02 4.99999999999999000799e-01 7.37634209385784944679e-01 1.00000000000000000000e+00
591 4.00000000000000008327e-02 5.69999999999998951949e-01 7.37634209385784944679e-01 1.00000000000000000000e+00
592 4.00000000000000008327e-02 5.34999999999999031886e-01 7.37634209385784944679e-01 1.00000000000000000000e+00
593 4.00000000000000008327e-02 4.99999999999999000799e-01 7.37634209385784944679e-01 1.00000000000000000000e+00
594 0.00000000000000000000e+00 5.69999999999999951150e-01 9.00000000000000022204e-01 1.00000000000000000000e+00
595 0.00000000000000000000e+00 5.34999999999999031886e-01 9.00000000000000022204e-01 1.00000000000000000000e+00
596 0.00000000000000000000e+00 4.99999999999999000799e-01 9.00000000000000022204e-01 1.00000000000000000000e+00
597 2.00000000000000004163e-02 5.69999999999999951150e-01 9.00000000000000022204e-01 1.00000000000000000000e+00
598 2.00000000000000004163e-02 5.34999999999999031886e-01 9.00000000000000022204e-01 1.00000000000000000000e+00
599 2.00000000000000004163e-02 4.99999999999999000799e-01 9.00000000000000022204e-01 1.00000000000000000000e+00
600 4.00000000000000008327e-02 5.69999999999999951150e-01 9.00000000000000022204e-01 1.00000000000000000000e+00
601 4.00000000000000008327e-02 5.34999999999999031886e-01 9.00000000000000022204e-01 1.00000000000000000000e+00
602 4.00000000000000008327e-02 4.99999999999999000799e-01 9.00000000000000022204e-01 1.00000000000000000000e+00
603 3.46944695195360995178e-18 4.64999999999999025224e-01 7.37634209385784944679e-01 1.00000000000000000000e+00
604 6.93889390390722991839e-18 4.29999999999998994138e-01 7.37634209385784944679e-01 1.00000000000000000000e+00
605 2.00000000000000004163e-02 4.64999999999999025224e-01 7.37634209385784944679e-01 1.00000000000000000000e+00
606 2.00000000000000004163e-02 4.29999999999998994138e-01 7.37634209385784944679e-01 1.00000000000000000000e+00
607 4.00000000000000008327e-02 4.64999999999999025224e-01 7.37634209385784944679e-01 1.00000000000000000000e+00
608 4.00000000000000008327e-02 4.29999999999998994138e-01 7.37634209385784944679e-01 1.00000000000000000000e+00
609 3.46944695195360995178e-18 4.64999999999999025224e-01 9.00000000000000022204e-01 1.00000000000000000000e+00
610 6.93889390390722991839e-18 4.29999999999998994138e-01 9.00000000000000022204e-01 1.00000000000000000000e+00
611 2.00000000000000004163e-02 4.64999999999999025224e-01 9.00000000000000022204e-01 1.00000000000000000000e+00
612 2.00000000000000004163e-02 4.29999999999998994138e-01 9.00000000000000022204e-01 1.00000000000000000000e+00
613 4.00000000000000008327e-02 4.64999999999999025224e-01 9.00000000000000022204e-01 1.00000000000000000000e+00
614 4.00000000000000008327e-02 4.29999999999998994138e-01 9.00000000000000022204e-01 1.00000000000000000000e+00
615 -1.04083408558607994256e-17 3.81666666666665987950e-01 7.37634209385784944679e-01 1.00000000000000000000e+00
616 -2.77555756156289011846e-17 3.33333333333332981763e-01 7.37634209385784944679e-01 1.00000000000000000000e+00
617 3.10162198120212014019e-02 3.84706013142031011398e-01 7.37634209385784944679e-01 9.40837299383971981115e-01
618 4.35108746738209969940e-02 3.33333333333332981763e-01 7.37634209385784944679e-01 8.81674598767943962230e-01
619 5.38231826966601017981e-02 4.18774983647897003358e-01 7.37634209385784944679e-01 1.00000000000000000000e+00
620 6.76463653933201958246e-02 4.07549967295795012578e-01 7.37634209385784944679e-01 1.00000000000000000000e+00
621 -1.04083408558607994256e-17 3.81666666666665987950e-01 9.00000000000000022204e-01 1.00000000000000000000e+00
622 -2.77555756156289011846e-17 3.33333333333332981763e-01 9.00000000000000022204e-01 1.00000000000000000000e+00
623 3.10162198120212014019e-02 3.84706013142031011398e-01 9.00000000000000022204e-01 9.40837299383971981115e-01
624 4.35108746738209969940e-02 3.33333333333332981763e-01 9.00000000000000022204e-01 8.81674598767943962230e-01
625 5.38231826966601017981e-02 4.18774983647897003358e-01 9.00000000000000022204e-01 1.00000000000000000000e+00
626 6.76463653933201958246e-02 4.07549967295795012578e-01 9.00000000000000022204e-01 1.00000000000000000000e+00
627 6.01976597332058022127e-02 4.57438200663372984689e-01 7.37634209385784944679e-01 9.78546013244525947350e-01
628 8.13008130081295937730e-02 4.49537393711332999846e-01 7.37634209385784944679e-01 9.57092026489052005722e-01
629 6.06504065040645995444e-02 5.00000000000000000000e-01 7.37634209385784944679e-01 1.00000000000000000000e+00
630 8.13008130081293023395e-02 5.00000000000000000000e-01 7.37634209385784944679e-01 1.00000000000000000000e+00
631 6.01976597332058022127e-02 4.57438200663372984689e-01 9.00000000000000022204e-01 9.78546013244525947350e-01
632 8.13008130081295937730e-02 4.49537393711332999846e-01 9.00000000000000022204e-01 9.57092026489052005722e-01
633 6.06504065040645995444e-02 5.00000000000000000000e-01 9.00000000000000022204e-01 1.00000000000000000000e+00
634 8.13008130081293023395e-02 5.00000000000000000000e-01 9.00000000000000022204e-01 1.00000000000000000000e+00
635 6.01976597332056981293e-02 5.42561799336625960599e-01 7.37634209385784944679e-01 9.78546013244525947350e-01
636 8.13008130081293994840e-02 5.50462606288665945442e-01 7.37634209385784944679e-01 9.57092026489052005722e-01
637 5.38231826966599977147e-02 5.81225016352101997441e-01 7.37634209385784944679e-01 1.00000000000000000000e+00
638 6.76463653933201958246e-02 5.92450032704204043732e-01 7.37634209385784944679e-01 1.00000000000000000000e+00
639 6.01976597332056981293e-02 5.42561799336625960599e-01 9.00000000000000022204e-01 9.78546013244525947350e-01
640 8.13008130081293994840e-02 5.50462606288665945442e-01 9.00000000000000022204e-01 9.57092026489052005722e-01
641 5.38231826966599977147e-02 5.81225016352101997441e-01 9.00000000000000022204e-01 1.00000000000000000000e+00
642 6.76463653933201958246e-02 5.92450032704204043732e-01 9.00000000000000022204e-01 1.00000000000000000000e+00
643 3.10162198120211007879e-02 6.15293986857967989401e-01 7.37634209385784944679e-01 9.40837299383971981115e-01
644 4.35108746738208027049e-02 6.66666666666666962726e-01 7.37634209385784944679e-01 8.81674598767943962230e-01
645 -6.93889390390722991839e-18 6.18333333333332957338e-01 7.37634209385784944679e-01 1.00000000000000000000e+00
646 -1.38777878078144998961e-17 6.66666666666665963525e-01 7.37634209385784944679e-01 1.00000000000000000000e+00
647 3.10162198120211007879e-02 6.15293986857967989401e-01 9.00000000000000022204e-01 9.40837299383971981115e-01
648 4.35108746738208027049e-02 6.66666666666666962726e-01 9.00000000000000022204e-01 8.81674598767943962230e-01
649 -6.93889390390722991839e-18 6.18333333333332957338e-01 9.00000000000000022204e-01 1.00000000000000000000e+00
650 -1.38777878078144998961e-17 6.66666666666665963525e-01 9.00000000000000022204e-01 1.00000000000000000000e+00
651 -6.93889390390722991839e-18 2.91666666666666019037e-01 7.37634209385784944679e-01 1.00000000000000000000e+00
652 0.00000000000000000000e+00 2.49999999999999000799e-01 7.37634209385784944679e-01 1.00000000000000000000e+00
653 5.43885933422759010325e-02 2.91666666666666019037e-01 7.37634209385784944679e-01 8.81674598767943962230e-01
654 6.52663120107307981321e-02 2.50000000000000000000e-01 7.37634209385784944679e-01 8.81674598767944961430e-01
655 8.45579567416502031474e-02 3.84437459119742974689e-01 7.37634209385784944679e-01 1.00000000000000000000e+00
656 1.01469548089980002303e-01 3.61324950943691991512e-01 7.37634209385784944679e-01 1.00000000000000000000e+00
657 -6.93889390390722991839e-18 2.91666666666666019037e-01 9.00000000000000022204e-01 1.00000000000000000000e+00
658 0.00000000000000000000e+00 2.49999999999999000799e-01 9.00000000000000022204e-01 1.00000000000000000000e+00
659 5.43885933422759010325e-02 2.91666666666666019037e-01 9.00000000000000022204e-01 8.81674598767943962230e-01
660 6.52663120107307981321e-02 2.50000000000000000000e-01 9.00000000000000022204e-01 8.81674598767944961430e-01
661 8.45579567416502031474e-02 3.84437459119742974689e-01 9.00000000000000022204e-01 1.00000000000000000000e+00
662 1.01469548089980002303e-01 3.61324950943691991512e-01 9.00000000000000022204e-01 1.00000000000000000000e+00
663 1.01626016260162002625e-01 4.36921742139167013086e-01 7.37634209385786054902e-01 9.57092026489053004923e-01
664 1.21951219512194994343e-01 4.24306090567001026326e-01 7.37634209385786054902e-01 9.57092026489052005722e-01
665 1.01626016260162002625e-01 5.00000000000000000000e-01 7.37634209385784944679e-01 1.00000000000000000000e+00
666 1.21951219512194994343e-01 4.99999999999999000799e-01 7.37634209385784944679e-01 1.00000000000000000000e+00
667 1.01626016260162002625e-01 4.36921742139167013086e-01 9.00000000000000022204e-01 9.57092026489053004923e-01
668 1.21951219512194994343e-01 4.24306090567001026326e-01 9.00000000000000022204e-01 9.57092026489052005722e-01
669 1.01626016260162002625e-01 5.00000000000000000000e-01 9.00000000000000022204e-01 1.00000000000000000000e+00
670 1.21951219512194994343e-01 4.99999999999999000799e-01 9.00000000000000022204e-01 1.00000000000000000000e+00
671 1.01626016260162002625e-01 5.63078257860831987713e-01 7.37634209385786054902e-01 9.57092026489053004923e-01
672 1.21951219512194994343e-01 5.75693909432998029985e-01 7.37634209385786054902e-01 9.57092026489052005722e-01
673 8.45579567416503974364e-02 6.15562540880255970599e-01 7.37634209385784944679e-01 1.00000000000000000000e+00
674 1.01469548089980002303e-01 6.38675049056307009288e-01 7.37634209385784944679e-01 1.00000000000000000000e+00
675 1.01626016260162002625e-01 5.63078257860831987713e-01 9.00000000000000022204e-01 9.57092026489053004923e-01
676 1.21951219512194994343e-01 5.75693909432998029985e-01 9.00000000000000022204e-01 9.57092026489052005722e-01
677 8.45579567416503974364e-02 6.15562540880255970599e-01 9.00000000000000022204e-01 1.00000000000000000000e+00
678 1.01469548089980002303e-01 6.38675049056307009288e-01 9.00000000000000022204e-01 1.00000000000000000000e+00
679 5.43885933422759010325e-02 7.08333333333333037274e-01 7.37634209385786054902e-01 8.81674598767943962230e-01
680 6.52663120107308952766e-02 7.50000000000000000000e-01 7.37634209385784944679e-01 8.81674598767944961430e-01
681 -1.04083408558607994256e-17 7.08333333333333037274e-01 7.37634209385784944679e-01 1.00000000000000000000e+00
682 0.00000000000000000000e+00 7.49999999999999000799e-01 7.37634209385784944679e-01 1.00000000000000000000e+00
683 5.43885933422759010325e-02 7.08333333333333037274e-01 9.00000000000000022204e-01 8.81674598767943962230e-01
684 6.52663120107308952766e-02 7.50000000000000000000e-01 9.00000000000000022204e-01 8.81674598767944961430e-01
685 -1.04083408558607994256e-17 7.08333333333333037274e-01 9.00000000000000022204e-01 1.00000000000000000000e+00
686 0.00000000000000000000e+00 7.49999999999999000799e-01 9.00000000000000022204e-01 1.00000000000000000000e+00
687 -6.93889390390722991839e-18 2.08333333333333009518e-01 7.37634209385784944679e-01 1.00000000000000000000e+00
688 -1.38777878078144998961e-17 1.66666666666665991281e-01 7.37634209385784944679e-01 1.00000000000000000000e+00
689 7.61440306791863058544e-02 2.08333333333333009518e-01 7.37634209385784944679e-01 8.81674598767943962230e-01
690 8.70217493476417996989e-02 1.66666666666665991281e-01 7.37634209385784944679e-01 8.81674598767943962230e-01
691 1.18381139438309995748e-01 3.38212442767641008334e-01 7.37634209385784944679e-01 1.00000000000000000000e+00
692 1.35292730786640003071e-01 3.15099934591590025157e-01 7.37634209385784944679e-01 1.00000000000000000000e+00
693 -6.93889390390722991839e-18 2.08333333333333009518e-01 9.00000000000000022204e-01 1.00000000000000000000e+00
694 -1.38777878078144998961e-17 1.66666666666665991281e-01 9.00000000000000022204e-01 1.00000000000000000000e+00
695 7.61440306791863058544e-02 2.08333333333333009518e-01 9.00000000000000022204e-01 8.81674598767943962230e-01
696 8.70217493476417996989e-02 1.66666666666665991281e-01 9.00000000000000022204e-01 8.81674598767943962230e-01
697 1.18381139438309995748e-01 3.38212442767641008334e-01 9.00000000000000022204e-01 1.00000000000000000000e+00
698 1.35292730786640003071e-01 3.15099934591590025157e-01 9.00000000000000022204e-01 1.00000000000000000000e+00
699 1.42276422764227000739e-01 4.11690438994832985653e-01 7.37634209385784944679e-01 9.57092026489052005722e-01
700 1.62601626016258993257e-01 3.99074787422665999692e-01 7.37634209385786054902e-01 9.57092026489052005722e-01
701 1.42276422764227000739e-01 5.00000000000000000000e-01 7.37634209385784944679e-01 1.00000000000000000000e+00
702 1.62601626016258993257e-01 5.00000000000000000000e-01 7.37634209385784944679e-01 1.00000000000000000000e+00
703 1.42276422764227000739e-01 4.11690438994832985653e-01 9.00000000000000022204e-01 9.57092026489052005722e-01
704 1.62601626016258993257e-01 3.99074787422665999692e-01 9.00000000000000022204e-01 9.57092026489052005722e-01
705 1.42276422764227000739e-01 5.00000000000000000000e-01 9.00000000000000022204e-01 1.00000000000000000000e+00
706 1.62601626016258993257e-01 5.00000000000000000000e-01 9.00000000000000022204e-01 1.00000000000000000000e+00
707 1.42276422764227000739e-01 5.88309561005164960434e-01 7.37634209385786054902e-01 9.57092026489053004923e-01
708 1.62601626016258993257e-01 6.00925212577332001906e-01 7.37634209385784944679e-01 9.57092026489052005722e-01
709 1.18381139438309995748e-01 6.61787557232358047976e-01 7.37634209385786054902e-01 1.00000000000000000000e+00
710 1.35292730786640003071e-01 6.84900065408408975642e-01 7.37634209385786054902e-01 1.00000000000000000000e+00
711 1.42276422764227000739e-01 5.88309561005164960434e-01 9.00000000000000022204e-01 9.57092026489053004923e-01
712 1.62601626016258993257e-01 6.00925212577332001906e-01 9.00000000000000022204e-01 9.57092026489052005722e-01
713 1.18381139438309995748e-01 6.61787557232358047976e-01 9.00000000000000022204e-01 1.00000000000000000000e+00
714 1.35292730786640003071e-01 6.84900065408408975642e-01 9.00000000000000022204e-01 1.00000000000000000000e+00
715 7.61440306791863058544e-02 7.91666666666665963525e-01 7.37634209385784944679e-01 8.81674598767943962230e-01
716 8.70217493476417996989e-02 8.33333333333333037274e-01 7.37634209385784944679e-01 8.81674598767943962230e-01
717 -1.04083408558607994256e-17 7.91666666666665963525e-01 7.37634209385784944679e-01 1.00000000000000000000e+00
718 -2.08166817117217005404e-17 8.33333333333333037274e-01 7.37634209385784944679e-01 1.00000000000000000000e+00
719 7.61440306791863058544e-02 7.91666666666665963525e-01 9.00000000000000022204e-01 8.81674598767943962230e-01
720 8.70217493476417996989e-02 8.33333333333333037274e-01 9.00000000000000022204e-01 8.81674598767943962230e-01
721 -1.04083408558607994256e-17 7.91666666666665963525e-01 9.00000000000000022204e-01 1.00000000000000000000e+00
722 -2.08166817117217005404e-17 8.33333333333333037274e-01 9.00000000000000022204e-01 1.00000000000000000000e+00
723 -6.93889390390722991839e-18 8.33333333333327042070e-02 7.37634209385784944679e-01 1.00000000000000000000e+00
724 0.00000000000000000000e+00 -6.10622663543835998625e-16 7.37634209385784944679e-01 1.00000000000000000000e+00
725 1.37989690342034010406e-01 7.80930807895996031975e-02 7.37634209385784944679e-01 9.40837299383971981115e-01
726 1.82926829268293011932e-01 -6.10622663543835998625e-16 7.37634209385784944679e-01 1.00000000000000000000e+00
727 2.50573194661611986511e-01 1.57549967295794013378e-01 7.37634209385786054902e-01 1.00000000000000000000e+00
728 3.65853658536585024663e-01 -6.10622663543835998625e-16 7.37634209385784944679e-01 1.00000000000000000000e+00
729 -6.93889390390722991839e-18 8.33333333333328013515e-02 9.00000000000000022204e-01 1.00000000000000000000e+00
730 0.00000000000000000000e+00 -5.55111512312577974389e-16 9.00000000000000022204e-01 1.00000000000000000000e+00
731 1.37989690342034010406e-01 7.80930807895997003421e-02 9.00000000000000022204e-01 9.40837299383971981115e-01
732 1.82926829268293011932e-01 -5.55111512312577974389e-16 9.00000000000000022204e-01 1.00000000000000000000e+00
733 2.50573194661611986511e-01 1.57549967295794013378e-01 9.00000000000000022204e-01 1.00000000000000000000e+00
734 3.65853658536585024663e-01 -5.55111512312577974389e-16 9.00000000000000022204e-01 1.00000000000000000000e+00
735 2.66455726778681012412e-01 3.22903209691546011495e-01 7.37634209385784944679e-01 9.78546013244525947350e-01
736 3.65853658536585024663e-01 2.49999999999999000799e-01 7.37634209385784944679e-01 1.00000000000000000000e+00
737 2.64227642276421981204e-01 5.00000000000000000000e-01 7.37634209385784944679e-01 1.00000000000000000000e+00
738 3.65853658536585024663e-01 4.99999999999999000799e-01 7.37634209385784944679e-01 1.00000000000000000000e+00
739 2.66455726778681012412e-01 3.22903209691546011495e-01 9.00000000000000022204e-01 9.78546013244525947350e-01
740 3.65853658536585024663e-01 2.49999999999999000799e-01 9.00000000000000022204e-01 1.00000000000000000000e+00
741 2.64227642276421981204e-01 5.00000000000000000000e-01 9.00000000000000022204e-01 1.00000000000000000000e+00
742 3.65853658536585024663e-01 4.99999999999999000799e-01 9.00000000000000022204e-01 1.00000000000000000000e+00
743 2.66455726778681012412e-01 6.77096790308453044815e-01 7.37634209385784944679e-01 9.78546013244525947350e-01
744 3.65853658536585024663e-01 7.49999999999999000799e-01 7.37634209385784944679e-01 1.00000000000000000000e+00
745 2.50573194661612985712e-01 8.42450032704204043732e-01 7.37634209385786054902e-01 1.00000000000000000000e+00
746 3.65853658536585024663e-01 9.99999999999999000799e-01 7.37634209385784944679e-01 1.00000000000000000000e+00
747 2.66455726778681012412e-01 6.77096790308453044815e-01 9.00000000000000022204e-01 9.78546013244525947350e-01
748 3.65853658536585024663e-01 7.49999999999999000799e-01 9.00000000000000022204e-01 1.00000000000000000000e+00
749 2.50573194661612985712e-01 8.42450032704204043732e-01 9.00000000000000022204e-01 1.00000000000000000000e+00
750 3.65853658536585024663e-01 9.99999999999999000799e-01 9.00000000000000022204e-01 1.00000000000000000000e+00
751 1.37989690342034010406e-01 9.21906919210399022901e-01 7.37634209385784944679e-01 9.40837299383971981115e-01
752 1.82926829268293011932e-01 9.99999999999999000799e-01 7.37634209385784944679e-01 1.00000000000000000000e+00
753 -6.93889390390722991839e-18 9.16666666666665963525e-01 7.37634209385784944679e-01 1.00000000000000000000e+00
754 0.00000000000000000000e+00 9.99999999999999000799e-01 7.37634209385784944679e-01 1.00000000000000000000e+00
755 1.37989690342034010406e-01 9.21906919210399022901e-01 9.00000000000000022204e-01 9.40837299383971981115e-01
756 1.82926829268293011932e-01 9.99999999999999000799e-01 9.00000000000000022204e-01 1.00000000000000000000e+00
757 -6.93889390390722991839e-18 9.16666666666665963525e-01 9.00000000000000022204e-01 1.00000000000000000000e+00
758 0.00000000000000000000e+00 9.99999999999999000799e-01 9.00000000000000022204e-01 1.00000000000000000000e+00
759 4.00000000000000008327e-02 5.00000000000000000000e-01 5.00000000000000000000e-01 1.00000000000000000000e+00
760 4.00000000000000008327e-02 4.65000000000000024425e-01 5.00000000000000000000e-01 1.00000000000000000000e+00
761 4.00000000000000008327e-02 4.29999999999999993339e-01 5.00000000000000000000e-01 1.00000000000000000000e+00
762 2.00000000000000004163e-02 5.00000000000000000000e-01 5.00000000000000000000e-01 1.00000000000000000000e+00
763 2.00000000000000004163e-02 4.65000000000000024425e-01 5.00000000000000000000e-01 1.00000000000000000000e+00
764 2.00000000000000004163e-02 4.29999999999999993339e-01 5.00000000000000000000e-01 1.00000000000000000000e+00
765 0.00000000000000000000e+00 5.00000000000000000000e-01 5.00000000000000000000e-01 1.00000000000000000000e+00
766 3.46944695195360995178e-18 4.65000000000000024425e-01 5.00000000000000000000e-01 1.00000000000000000000e+00
767 6.93889390390722991839e-18 4.29999999999999993339e-01 5.00000000000000000000e-01 1.00000000000000000000e+00
768 4.00000000000000008327e-02 5.00000000000000000000e-01 4.62365790614214011711e-01 1.00000000000000000000e+00
769 4.00000000000000008327e-02 4.65000000000000024425e-01 4.62365790614214011711e-01 1.00000000000000000000e+00
770 4.00000000000000008327e-02 4.29999999999999993339e-01 4.62365790614214011711e-01 1.00000000000000000000e+00
771 2.00000000000000004163e-02 5.00000000000000000000e-01 4.62365790614214011711e-01 1.00000000000000000000e+00
772 2.00000000000000004163e-02 4.65000000000000024425e-01 4.62365790614214011711e-01 1.00000000000000000000e+00
773 2.00000000000000004163e-02 4.29999999999999993339e-01 4.62365790614214011711e-01 1.00000000000000000000e+00
774 0.00000000000000000000e+00 5.00000000000000000000e-01 4.62365790614214011711e-01 1.00000000000000000000e+00
775 3.46944695195360995178e-18 4.65000000000000024425e-01 4.62365790614214011711e-01 1.00000000000000000000e+00
776 6.93889390390722991839e-18 4.29999999999999993339e-01 4.62365790614214011711e-01 1.00000000000000000000e+00
777 4.00000000000000008327e-02 4.99999999999999000799e-01 4.24731581228429022623e-01 1.00000000000000000000e+00
778 4.00000000000000008327e-02 4.64999999999999025224e-01 4.24731581228429022623e-01 1.00000000000000000000e+00
779 4.00000000000000008327e-02 4.29999999999998994138e-01 4.24731581228429022623e-01 1.00000000000000000000e+00
780 2.00000000000000004163e-02 4.99999999999999000799e-01 4.24731581228429022623e-01 1.00000000000000000000e+00
781 2.00000000000000004163e-02 4.64999999999999025224e-01 4.24731581228429022623e-01 1.00000000000000000000e+00
782 2.00000000000000004163e-02 4.29999999999998994138e-01 4.24731581228429022623e-01 1.00000000000000000000e+00
783 0.00000000000000000000e+00 4.99999999999999000799e-01 4.24731581228429022623e-01 1.00000000000000000000e+00
784 3.46944695195360995178e-18 4.64999999999999025224e-01 4.24731581228429022623e-01 1.00000000000000000000e+00
785 6.93889390390722991839e-18 4.29999999999998994138e-01 4.24731581228429022623e-01 1.00000000000000000000e+00
786 4.00000000000000008327e-02 5.69999999999999951150e-01 5.00000000000000000000e-01 1.00000000000000000000e+00
787 4.00000000000000008327e-02 5.35000000000000031086e-01 5.00000000000000000000e-01 1.00000000000000000000e+00
788 2.00000000000000004163e-02 5.69999999999999951150e-01 5.00000000000000000000e-01 1.00000000000000000000e+00
789 2.00000000000000004163e-02 5.35000000000000031086e-01 5.00000000000000000000e-01 1.00000000000000000000e+00
790 0.00000000000000000000e+00 5.69999999999999951150e-01 5.00000000000000000000e-01 1.00000000000000000000e+00
791 0.00000000000000000000e+00 5.35000000000000031086e-01 5.00000000000000000000e-01 1.00000000000000000000e+00
792 4.00000000000000008327e-02 5.69999999999999951150e-01 4.62365790614214011711e-01 1.00000000000000000000e+00
793 4.00000000000000008327e-02 5.35000000000000031086e-01 4.62365790614214011711e-01 1.00000000000000000000e+00
794 2.00000000000000004163e-02 5.69999999999999951150e-01 4.62365790614214011711e-01 1.00000000000000000000e+00
795 2.00000000000000004163e-02 5.35000000000000031086e-01 4.62365790614214011711e-01 1.00000000000000000000e+00
796 0.00000000000000000000e+00 5.69999999999999951150e-01 4.62365790614214011711e-01 1.00000000000000000000e+00
797 0.00000000000000000000e+00 5.35000000000000031086e-01 4.62365790614214011711e-01 1.00000000000000000000e+00
798 4.00000000000000008327e-02 5.69999999999999951150e-01 4.24731581228429022623e-01 1.00000000000000000000e+00
799 4.00000000000000008327e-02 5.34999999999999031886e-01 4.24731581228429022623e-01 1.00000000000000000000e+00
800 2.00000000000000004163e-02 5.69999999999999951150e-01 4.24731581228429022623e-01 1.00000000000000000000e+00
801 2.00000000000000004163e-02 5.34999999999999031886e-01 4.24731581228429022623e-01 1.00000000000000000000e+00
802 0.00000000000000000000e+00 5.69999999999999951150e-01 4.24731581228429022623e-01 1.00000000000000000000e+00
803 0.00000000000000000000e+00 5.34999999999999031886e-01 4.24731581228429022623e-01 1.00000000000000000000e+00
804 -6.93889390390722991839e-18 6.18333333333332957338e-01 5.00000000000000000000e-01 1.00000000000000000000e+00
805 3.10162198120211007879e-02 6.15293986857967989401e-01 5.00000000000000000000e-01 9.40837299383971981115e-01
806 5.38231826966599005702e-02 5.81225016352101997441e-01 5.00000000000000000000e-01 1.00000000000000000000e+00
807 -6.93889390390722991839e-18 6.18333333333332957338e-01 4.62365790614214011711e-01 1.00000000000000000000e+00
808 3.10162198120211007879e-02 6.15293986857967989401e-01 4.62365790614214011711e-01 9.40837299383971981115e-01
809 5.38231826966599005702e-02 5.81225016352101997441e-01 4.62365790614214011711e-01 1.00000000000000000000e+00
810 -6.93889390390722991839e-18 6.18333333333332957338e-01 4.24731581228429022623e-01 1.00000000000000000000e+00
811 3.10162198120211007879e-02 6.15293986857967989401e-01 4.24731581228429022623e-01 9.40837299383971981115e-01
812 5.38231826966599005702e-02 5.81225016352101997441e-01 4.24731581228429022623e-01 1.00000000000000000000e+00
813 6.01976597332056981293e-02 5.42561799336625960599e-01 5.00000000000000000000e-01 9.78546013244525947350e-01
814 6.06504065040645995444e-02 5.00000000000000000000e-01 5.00000000000000000000e-01 1.00000000000000000000e+00
815 6.01976597332056981293e-02 5.42561799336625960599e-01 4.62365790614214011711e-01 9.78546013244525947350e-01
816 6.06504065040645995444e-02 5.00000000000000000000e-01 4.62365790614214011711e-01 1.00000000000000000000e+00
817 6.01976597332056981293e-02 5.42561799336625960599e-01 4.24731581228429022623e-01 9.78546013244525947350e-01
818 6.06504065040645995444e-02 4.99999999999999000799e-01 4.24731581228429022623e-01 1.00000000000000000000e+00
819 6.01976597332058022127e-02 4.57438200663372984689e-01 5.00000000000000000000e-01 9.78546013244525947350e-01
820 5.38231826966601989426e-02 4.18774983647898002559e-01 5.00000000000000000000e-01 1.00000000000000000000e+00
821 6.01976597332058022127e-02 4.57438200663372984689e-01 4.62365790614214011711e-01 9.78546013244525947350e-01
822 5.38231826966601989426e-02 4.18774983647897003358e-01 4.62365790614214011711e-01 1.00000000000000000000e+00
823 6.01976597332058022127e-02 4.57438200663372984689e-01 4.24731581228429022623e-01 9.78546013244525947350e-01
824 5.38231826966601989426e-02 4.18774983647897003358e-01 4.24731581228429022623e-01 1.00000000000000000000e+00
825 3.10162198120212014019e-02 3.84706013142032010599e-01 5.00000000000000000000e-01 9.40837299383971981115e-01
826 -1.04083408558607994256e-17 3.81666666666666987151e-01 5.00000000000000000000e-01 1.00000000000000000000e+00
827 3.10162198120212014019e-02 3.84706013142032010599e-01 4.62365790614214011711e-01 9.40837299383971981115e-01
828 -1.04083408558607994256e-17 3.81666666666665987950e-01 4.62365790614214011711e-01 1.00000000000000000000e+00
829 3.10162198120212014019e-02 3.84706013142031011398e-01 4.24731581228429022623e-01 9.40837299383971981115e-01
830 -1.04083408558607994256e-17 3.81666666666665987950e-01 4.24731581228429022623e-01 1.00000000000000000000e+00
831 -6.93889390390722991839e-18 9.16666666666666962726e-01 4.62365790614214011711e-01 1.00000000000000000000e+00
832 0.00000000000000000000e+00 1.00000000000000000000e+00 4.62365790614214011711e-01 1.00000000000000000000e+00
833 1.37989690342034010406e-01 9.21906919210399022901e-01 4.62365790614215010912e-01 9.40837299383971981115e-01
834 1.82926829268293011932e-01 1.00000000000000000000e+00 4.62365790614214011711e-01 1.00000000000000000000e+00
835 2.50573194661612985712e-01 8.42450032704205042933e-01 4.62365790614214011711e-01 1.00000000000000000000e+00
836 3.65853658536585024663e-01 1.00000000000000000000e+00 4.62365790614214011711e-01 1.00000000000000000000e+00
837 -6.93889390390722991839e-18 9.16666666666665963525e-01 4.24731581228429022623e-01 1.00000000000000000000e+00
838 0.00000000000000000000e+00 9.99999999999999000799e-01 4.24731581228429022623e-01 1.00000000000000000000e+00
839 1.37989690342034010406e-01 9.21906919210399022901e-01 4.24731581228429022623e-01 9.40837299383971981115e-01
840 1.82926829268293011932e-01 9.99999999999999000799e-01 4.24731581228429022623e-01 1.00000000000000000000e+00
841 2.50573194661612985712e-01 8.42450032704204043732e-01 4.24731581228429022623e-01 1.00000000000000000000e+00
842 3.65853658536585024663e-01 9.99999999999999000799e-01 4.24731581228429022623e-01 1.00000000000000000000e+00
843 2.66455726778681012412e-01 6.77096790308453044815e-01 4.62365790614214011711e-01 9.78546013244525947350e-01
844 3.65853658536585024663e-01 7.50000000000000000000e-01 4.62365790614214011711e-01 1.00000000000000000000e+00
845 2.64227642276421981204e-01 5.00000000000000000000e-01 4.62365790614214011711e-01 1.00000000000000000000e+00
846 3.65853658536585024663e-01 5.00000000000000000000e-01 4.62365790614214011711e-01 1.00000000000000000000e+00
847 2.66455726778681012412e-01 6.77096790308453044815e-01 4.24731581228429022623e-01 9.78546013244525947350e-01
848 3.65853658536585024663e-01 7.49999999999999000799e-01 4.24731581228429022623e-01 1.00000000000000000000e+00
849 2.64227642276421981204e-01 4.99999999999999000799e-01 4.24731581228429022623e-01 1.00000000000000000000e+00
850 3.65853658536585024663e-01 4.99999999999999000799e-01 4.24731581228429022623e-01 1.00000000000000000000e+00
851 2.66455726778681012412e-01 3.22903209691546011495e-01 4.62365790614214011711e-01 9.78546013244525947350e-01
852 3.65853658536585024663e-01 2.50000000000000000000e-01 4.62365790614214011711e-01 1.00000000000000000000e+00
853 2.50573194661611986511e-01 1.57549967295795012578e-01 4.62365790614215010912e-01 1.00000000000000000000e+00
854 3.65853658536585024663e-01 -2.77555756156288987194e-16 4.62365790614214011711e-01 1.00000000000000000000e+00
855 2.66455726778681012412e-01 3.22903209691546011495e-01 4.24731581228429022623e-01 9.78546013244525947350e-01
856 3.65853658536585024663e-01 2.49999999999999000799e-01 4.24731581228429022623e-01 1.00000000000000000000e+00
857 2.50573194661611986511e-01 1.57549967295794013378e-01 4.24731581228429022623e-01 1.00000000000000000000e+00
858 3.65853658536585024663e-01 -5.55111512312577974389e-16 4.24731581228429022623e-01 1.00000000000000000000e+00
859 1.37989690342034010406e-01 7.80930807896000056534e-02 4.62365790614215010912e-01 9.40837299383971981115e-01
860 1.82926829268293011932e-01 -2.77555756156288987194e-16 4.62365790614214011711e-01 1.00000000000000000000e+00
861 -6.93889390390722991839e-18 8.33333333333331066628e-02 4.62365790614214011711e-01 1.00000000000000000000e+00
862 0.00000000000000000000e+00 -2.77555756156288987194e-16 4.62365790614214011711e-01 1.00000000000000000000e+00
863 1.37989690342034010406e-01 7.80930807895997003421e-02 4.24731581228429022623e-01 9.40837299383971981115e-01
864 1.82926829268293011932e-01 -5.55111512312577974389e-16 4.24731581228429022623e-01 1.00000000000000000000e+00
865 -6.93889390390722991839e-18 8.33333333333328013515e-02 4.24731581228429022623e-01 1.00000000000000000000e+00
866 0.00000000000000000000e+00 -5.55111512312577974389e-16 4.24731581228429022623e-01 1.00000000000000000000e+00
867 4.00000000000000008327e-02 4.99999999999999000799e-01 2.62365790614214999810e-01 1.00000000000000000000e+00
868 4.00000000000000008327e-02 4.64999999999999025224e-01 2.62365790614214999810e-01 1.00000000000000000000e+00
869 4.00000000000000008327e-02 4.29999999999998994138e-01 2.62365790614214999810e-01 1.00000000000000000000e+00
870 2.00000000000000004163e-02 4.99999999999999000799e-01 2.62365790614214999810e-01 1.00000000000000000000e+00
871 2.00000000000000004163e-02 4.64999999999999025224e-01 2.62365790614214999810e-01 1.00000000000000000000e+00
872 2.00000000000000004163e-02 4.29999999999998994138e-01 2.62365790614214999810e-01 1.00000000000000000000e+00
873 0.00000000000000000000e+00 4.99999999999999000799e-01 2.62365790614214999810e-01 1.00000000000000000000e+00
874 3.46944695195360995178e-18 4.64999999999999025224e-01 2.62365790614214999810e-01 1.00000000000000000000e+00
875 6.93889390390722991839e-18 4.29999999999998994138e-01 2.62365790614214999810e-01 1.00000000000000000000e+00
876 4.00000000000000008327e-02 4.99999999999999000799e-01 1.00000000000000005551e-01 1.00000000000000000000e+00
877 4.00000000000000008327e-02 4.64999999999999025224e-01 1.00000000000000005551e-01 1.00000000000000000000e+00
878 4.00000000000000008327e-02 4.29999999999998994138e-01 1.00000000000000005551e-01 1.00000000000000000000e+00
879 2.00000000000000004163e-02 4.99999999999999000799e-01 1.00000000000000005551e-01 1.00000000000000000000e+00
880 2.00000000000000004163e-02 4.64999999999999025224e-01 1.00000000000000005551e-01 1.00000000000000000000e+00
881 2.00000000000000004163e-02 4.29999999999998994138e-01 1.00000000000000005551e-01 1.00000000000000000000e+00
882 0.00000000000000000000e+00 4.99999999999999000799e-01 1.00000000000000005551e-01 1.00000000000000000000e+00
883 3.46944695195360995178e-18 4.64999999999999025224e-01 1.00000000000000005551e-01 1.00000000000000000000e+00
884 6.93889390390722991839e-18 4.29999999999998994138e-01 1.00000000000000005551e-01 1.00000000000000000000e+00
885 4.00000000000000008327e-02 5.69999999999998951949e-01 2.62365790614214999810e-01 1.00000000000000000000e+00
886 4.00000000000000008327e-02 5.34999999999999031886e-01 2.62365790614214999810e-01 1.00000000000000000000e+00
887 2.00000000000000004163e-02 5.69999999999998951949e-01 2.62365790614214999810e-01 1.00000000000000000000e+00
888 2.00000000000000004163e-02 5.34999999999999031886e-01 2.62365790614214999810e-01 1.00000000000000000000e+00
889 0.00000000000000000000e+00 5.69999999999998951949e-01 2.62365790614214999810e-01 1.00000000000000000000e+00
890 0.00000000000000000000e+00 5.34999999999999031886e-01 2.62365790614214999810e-01 1.00000000000000000000e+00
891 4.00000000000000008327e-02 5.69999999999999951150e-01 1.00000000000000005551e-01 1.00000000000000000000e+00
892 4.00000000000000008327e-02 5.34999999999999031886e-01 1.00000000000000005551e-01 1.00000000000000000000e+00
893 2.00000000000000004163e-02 5.69999999999999951150e-01 1.00000000000000005551e-01 1.00000000000000000000e+00
894 2.00000000000000004163e-02 5.34999999999999031886e-01 1.00000000000000005551e-01 1.00000000000000000000e+00
895 0.00000000000000000000e+00 5.69999999999999951150e-01 1.00000000000000005551e-01 1.00000000000000000000e+00
896 0.00000000000000000000e+00 5.34999999999999031886e-01 1.00000000000000005551e-01 1.00000000000000000000e+00
897 -6.93889390390722991839e-18 6.18333333333332957338e-01 2.62365790614214999810e-01 1.00000000000000000000e+00
898 -1.38777878078144998961e-17 6.66666666666665963525e-01 2.62365790614214999810e-01 1.00000000000000000000e+00
899 3.10162198120211007879e-02 6.15293986857967989401e-01 2.62365790614214999810e-01 9.40837299383971981115e-01
900 4.35108746738208027049e-02 6.66666666666666962726e-01 2.62365790614214000609e-01 8.81674598767943962230e-01
901 5.38231826966599005702e-02 5.81225016352101997441e-01 2.62365790614214999810e-01 1.00000000000000000000e+00
902 6.76463653933199043911e-02 5.92450032704205042933e-01 2.62365790614214999810e-01 1.00000000000000000000e+00
903 -6.93889390390722991839e-18 6.18333333333332957338e-01 1.00000000000000005551e-01 1.00000000000000000000e+00
904 -1.38777878078144998961e-17 6.66666666666665963525e-01 1.00000000000000005551e-01 1.00000000000000000000e+00
905 3.10162198120211007879e-02 6.15293986857967989401e-01 1.00000000000000005551e-01 9.40837299383971981115e-01
906 4.35108746738208027049e-02 6.66666666666666962726e-01 9.99999999999998945288e-02 8.81674598767943962230e-01
907 5.38231826966599005702e-02 5.81225016352101997441e-01 1.00000000000000005551e-01 1.00000000000000000000e+00
908 6.76463653933199043911e-02 5.92450032704205042933e-01 1.00000000000000005551e-01 1.00000000000000000000e+00
909 6.01976597332056981293e-02 5.42561799336625960599e-01 2.62365790614214000609e-01 9.78546013244525947350e-01
910 8.13008130081293994840e-02 5.50462606288665945442e-01 2.62365790614214999810e-01 9.57092026489052005722e-01
911 6.06504065040645995444e-02 4.99999999999999000799e-01 2.62365790614214999810e-01 1.00000000000000000000e+00
912 8.13008130081293023395e-02 4.99999999999999000799e-01 2.62365790614214999810e-01 1.00000000000000000000e+00
913 6.01976597332056981293e-02 5.42561799336625960599e-01 9.99999999999998945288e-02 9.78546013244525947350e-01
914 8.13008130081293994840e-02 5.50462606288665945442e-01 1.00000000000000005551e-01 9.57092026489052005722e-01
915 6.06504065040645995444e-02 4.99999999999999000799e-01 1.00000000000000005551e-01 1.00000000000000000000e+00
916 8.13008130081293023395e-02 4.99999999999999000799e-01 1.00000000000000005551e-01 1.00000000000000000000e+00
917 6.01976597332058022127e-02 4.57438200663372984689e-01 2.62365790614214000609e-01 9.78546013244525947350e-01
918 8.13008130081295937730e-02 4.49537393711332999846e-01 2.62365790614214999810e-01 9.57092026489052005722e-01
919 5.38231826966601989426e-02 4.18774983647897003358e-01 2.62365790614214999810e-01 1.00000000000000000000e+00
920 6.76463653933204039914e-02 4.07549967295795012578e-01 2.62365790614214999810e-01 1.00000000000000000000e+00
921 6.01976597332058022127e-02 4.57438200663372984689e-01 9.99999999999998945288e-02 9.78546013244525947350e-01
922 8.13008130081295937730e-02 4.49537393711332999846e-01 1.00000000000000005551e-01 9.57092026489052005722e-01
923 5.38231826966601989426e-02 4.18774983647897003358e-01 1.00000000000000005551e-01 1.00000000000000000000e+00
924 6.76463653933204039914e-02 4.07549967295795012578e-01 1.00000000000000005551e-01 1.00000000000000000000e+00
925 3.10162198120212014019e-02 3.84706013142031011398e-01 2.62365790614214999810e-01 9.40837299383971981115e-01
926 4.35108746738209969940e-02 3.33333333333332981763e-01 2.62365790614214000609e-01 8.81674598767943962230e-01
927 -1.04083408558607994256e-17 3.81666666666665987950e-01 2.62365790614214999810e-01 1.00000000000000000000e+00
928 -2.77555756156289011846e-17 3.33333333333332981763e-01 2.62365790614214999810e-01 1.00000000000000000000e+00
929 3.10162198120212014019e-02 3.84706013142031011398e-01 1.00000000000000005551e-01 9.40837299383971981115e-01
930 4.35108746738209969940e-02 3.33333333333332981763e-01 9.99999999999998945288e-02 8.81674598767943962230e-01
931 -1.04083408558607994256e-17 3.81666666666665987950e-01 1.00000000000000005551e-01 1.00000000000000000000e+00
932 -2.77555756156289011846e-17 3.33333333333332981763e-01 1.00000000000000005551e-01 1.00000000000000000000e+00
933 -1.04083408558607994256e-17 7.08333333333333037274e-01 2.62365790614214999810e-01 1.00000000000000000000e+00
934 0.00000000000000000000e+00 7.49999999999999000799e-01 2.62365790614214999810e-01 1.00000000000000000000e+00
935 5.43885933422759010325e-02 7.08333333333333037274e-01 2.62365790614214000609e-01 8.81674598767943962230e-01
936 6.52663120107308952766e-02 7.50000000000000000000e-01 2.62365790614214999810e-01 8.81674598767944961430e-01
937 8.45579567416503002919e-02 6.15562540880255970599e-01 2.62365790614214999810e-01 1.00000000000000000000e+00
938 1.01469548089981001504e-01 6.38675049056307009288e-01 2.62365790614214999810e-01 1.00000000000000000000e+00
939 -1.04083408558607994256e-17 7.08333333333333037274e-01 1.00000000000000005551e-01 1.00000000000000000000e+00
940 0.00000000000000000000e+00 7.49999999999999000799e-01 1.00000000000000005551e-01 1.00000000000000000000e+00
941 5.43885933422759010325e-02 7.08333333333333037274e-01 9.99999999999997973843e-02 8.81674598767943962230e-01
942 6.52663120107308952766e-02 7.50000000000000000000e-01 1.00000000000000005551e-01 8.81674598767944961430e-01
943 8.45579567416503002919e-02 6.15562540880255970599e-01 1.00000000000000005551e-01 1.00000000000000000000e+00
944 1.01469548089981001504e-01 6.38675049056307009288e-01 1.00000000000000005551e-01 1.00000000000000000000e+00
945 1.01626016260162002625e-01 5.63078257860831987713e-01 2.62365790614214999810e-01 9.57092026489053004923e-01
946 1.21951219512194994343e-01 5.75693909432998029985e-01 2.62365790614214999810e-01 9.57092026489052005722e-01
947 1.01626016260162002625e-01 4.99999999999999000799e-01 2.62365790614214999810e-01 1.00000000000000000000e+00
948 1.21951219512194994343e-01 4.99999999999999000799e-01 2.62365790614214999810e-01 1.00000000000000000000e+00
949 1.01626016260162002625e-01 5.63078257860831987713e-01 1.00000000000000005551e-01 9.57092026489053004923e-01
950 1.21951219512194994343e-01 5.75693909432998029985e-01 1.00000000000000005551e-01 9.57092026489052005722e-01
951 1.01626016260162002625e-01 4.99999999999999000799e-01 1.00000000000000005551e-01 1.00000000000000000000e+00
952 1.21951219512194994343e-01 4.99999999999999000799e-01 1.00000000000000005551e-01 1.00000000000000000000e+00
953 1.01626016260162002625e-01 4.36921742139167013086e-01 2.62365790614214999810e-01 9.57092026489053004923e-01
954 1.21951219512194994343e-01 4.24306090567001026326e-01 2.62365790614214999810e-01 9.57092026489052005722e-01
955 8.45579567416503974364e-02 3.84437459119742974689e-01 2.62365790614214999810e-01 1.00000000000000000000e+00
956 1.01469548089980002303e-01 3.61324950943691991512e-01 2.62365790614214999810e-01 1.00000000000000000000e+00
957 1.01626016260162002625e-01 4.36921742139167013086e-01 1.00000000000000005551e-01 9.57092026489053004923e-01
958 1.21951219512194994343e-01 4.24306090567001026326e-01 1.00000000000000005551e-01 9.57092026489052005722e-01
959 8.45579567416503974364e-02 3.84437459119742974689e-01 1.00000000000000005551e-01 1.00000000000000000000e+00
960 1.01469548089980002303e-01 3.61324950943691991512e-01 1.00000000000000005551e-01 1.00000000000000000000e+00
961 5.43885933422759010325e-02 2.91666666666666019037e-01 2.62365790614214999810e-01 8.81674598767943962230e-01
962 6.52663120107307981321e-02 2.50000000000000000000e-01 2.62365790614214999810e-01 8.81674598767944961430e-01
963 -6.93889390390722991839e-18 2.91666666666666019037e-01 2.62365790614214999810e-01 1.00000000000000000000e+00
964 0.00000000000000000000e+00 2.49999999999999000799e-01 2.62365790614214999810e-01 1.00000000000000000000e+00
965 5.43885933422759010325e-02 2.91666666666666019037e-01 1.00000000000000005551e-01 8.81674598767943962230e-01
966 6.52663120107307981321e-02 2.50000000000000000000e-01 1.00000000000000005551e-01 8.81674598767944961430e-01
967 -6.93889390390722991839e-18 2.91666666666666019037e-01 1.00000000000000005551e-01 1.00000000000000000000e+00
968 0.00000000000000000000e+00 2.49999999999999000799e-01 1.00000000000000005551e-01 1.00000000000000000000e+00
969 -1.04083408558607994256e-17 7.91666666666665963525e-01 2.62365790614214999810e-01 1.00000000000000000000e+00
970 -2.08166817117217005404e-17 8.33333333333333037274e-01 2.62365790614214999810e-01 1.00000000000000000000e+00
971 7.61440306791863058544e-02 7.91666666666665963525e-01 2.62365790614214999810e-01 8.81674598767943962230e-01
972 8.70217493476417996989e-02 8.33333333333333037274e-01 2.62365790614214999810e-01 8.81674598767943962230e-01
973 1.18381139438309995748e-01 6.61787557232358047976e-01 2.62365790614214999810e-01 1.00000000000000000000e+00
974 1.35292730786640003071e-01 6.84900065408408975642e-01 2.62365790614214999810e-01 1.00000000000000000000e+00
975 -1.04083408558607994256e-17 7.91666666666665963525e-01 1.00000000000000005551e-01 1.00000000000000000000e+00
976 -2.08166817117217005404e-17 8.33333333333333037274e-01 1.00000000000000005551e-01 1.00000000000000000000e+00
977 7.61440306791863058544e-02 7.91666666666665963525e-01 1.00000000000000005551e-01 8.81674598767943962230e-01
978 8.70217493476417996989e-02 8.33333333333333037274e-01 1.00000000000000005551e-01 8.81674598767943962230e-01
979 1.18381139438309995748e-01 6.61787557232358047976e-01 1.00000000000000005551e-01 1.00000000000000000000e+00
980 1.35292730786640003071e-01 6.84900065408408975642e-01 1.00000000000000005551e-01 1.00000000000000000000e+00
981 1.42276422764227000739e-01 5.88309561005164960434e-01 2.62365790614214999810e-01 9.57092026489053004923e-01
982 1.62601626016258993257e-01 6.00925212577332001906e-01 2.62365790614214999810e-01 9.57092026489052005722e-01
983 1.42276422764227000739e-01 4.99999999999999000799e-01 2.62365790614214999810e-01 1.00000000000000000000e+00
984 1.62601626016258993257e-01 4.99999999999999000799e-01 2.62365790614214000609e-01 1.00000000000000000000e+00
985 1.42276422764227000739e-01 5.88309561005164960434e-01 1.00000000000000005551e-01 9.57092026489053004923e-01
986 1.62601626016258993257e-01 6.00925212577332001906e-01 1.00000000000000005551e-01 9.57092026489052005722e-01
987 1.42276422764227000739e-01 4.99999999999999000799e-01 1.00000000000000005551e-01 1.00000000000000000000e+00
988 1.62601626016258993257e-01 4.99999999999999000799e-01 9.99999999999998945288e-02 1.00000000000000000000e+00
989 1.42276422764227000739e-01 4.11690438994832985653e-01 2.62365790614214999810e-01 9.57092026489052005722e-01
990 1.62601626016258993257e-01 3.99074787422665999692e-01 2.62365790614214000609e-01 9.57092026489052005722e-01
991 1.18381139438309995748e-01 3.38212442767641008334e-01 2.62365790614214000609e-01 1.00000000000000000000e+00
992 1.35292730786640003071e-01 3.15099934591590025157e-01 2.62365790614214000609e-01 1.00000000000000000000e+00
993 1.42276422764227000739e-01 4.11690438994832985653e-01 1.00000000000000005551e-01 9.57092026489052005722e-01
994 1.62601626016258993257e-01 3.99074787422665999692e-01 9.99999999999998945288e-02 9.57092026489052005722e-01
995 1.18381139438309995748e-01 3.38212442767641008334e-01 9.99999999999998945288e-02 1.00000000000000000000e+00
996 1.35292730786640003071e-01 3.15099934591590025157e-01 9.99999999999998945288e-02 1.00000000000000000000e+00
997 7.61440306791863058544e-02 2.08333333333333009518e-01 2.62365790614214999810e-01 8.81674598767943962230e-01
998 8.70217493476417996989e-02 1.66666666666665991281e-01 2.62365790614214999810e-01 8.81674598767943962230e-01
999 -6.93889390390722991839e-18 2.08333333333333009518e-01 2.62365790614214999810e-01 1.00000000000000000000e+00
1000 -1.38777878078144998961e-17 1.66666666666665991281e-01 2.62365790614214999810e-01 1.00000000000000000000e+00
1001 7.61440306791863058544e-02 2.08333333333333009518e-01 1.00000000000000005551e-01 8.81674598767943962230e-01
1002 8.70217493476417996989e-02 1.66666666666665991281e-01 1.00000000000000005551e-01 8.81674598767943962230e-01
1003 -6.93889390390722991839e-18 2.08333333333333009518e-01 1.00000000000000005551e-01 1.00000000000000000000e+00
1004 -1.38777878078144998961e-17 1.66666666666665991281e-01 1.00000000000000005551e-01 1.00000000000000000000e+00
1005 -6.93889390390722991839e-18 9.16666666666665963525e-01 2.62365790614214999810e-01 1.00000000000000000000e+00
1006 0.00000000000000000000e+00 9.99999999999999000799e-01 2.62365790614214999810e-01 1.00000000000000000000e+00
1007 1.37989690342034010406e-01 9.21906919210399022901e-01 2.62365790614214999810e-01 9.40837299383971981115e-01
1008 1.82926829268293011932e-01 9.99999999999999000799e-01 2.62365790614214999810e-01 1.00000000000000000000e+00
1009 2.50573194661612985712e-01 8.42450032704204043732e-01 2.62365790614214999810e-01 1.00000000000000000000e+00
1010 3.65853658536585024663e-01 9.99999999999999000799e-01 2.62365790614214999810e-01 1.00000000000000000000e+00
1011 -6.93889390390722991839e-18 9.16666666666665963525e-01 1.00000000000000005551e-01 1.00000000000000000000e+00
1012 0.00000000000000000000e+00 9.99999999999999000799e-01 1.00000000000000005551e-01 1.00000000000000000000e+00
1013 1.37989690342034010406e-01 9.21906919210399022901e-01 1.00000000000000005551e-01 9.40837299383971981115e-01
1014 1.82926829268293011932e-01 9.99999999999999000799e-01 1.00000000000000005551e-01 1.00000000000000000000e+00
1015 2.50573194661612985712e-01 8.42450032704204043732e-01 1.00000000000000005551e-01 1.00000000000000000000e+00
1016 3.65853658536585024663e-01 9.99999999999999000799e-01 1.00000000000000005551e-01 1.00000000000000000000e+00
1017 2.66455726778681012412e-01 6.77096790308453044815e-01 2.62365790614214999810e-01 9.78546013244525947350e-01
1018 3.65853658536585024663e-01 7.49999999999999000799e-01 2.62365790614214999810e-01 1.00000000000000000000e+00
1019 2.64227642276421981204e-01 4.99999999999999000799e-01 2.62365790614214999810e-01 1.00000000000000000000e+00
1020 3.65853658536585024663e-01 4.99999999999999000799e-01 2.62365790614214999810e-01 1.00000000000000000000e+00
1021 2.66455726778681012412e-01 6.77096790308453044815e-01 1.00000000000000005551e-01 9.78546013244525947350e-01
1022 3.65853658536585024663e-01 7.49999999999999000799e-01 1.00000000000000005551e-01 1.00000000000000000000e+00
1023 2.64227642276421981204e-01 4.99999999999999000799e-01 1.00000000000000005551e-01 1.00000000000000000000e+00
1024 3.65853658536585024663e-01 4.99999999999999000799e-01 1.00000000000000005551e-01 1.00000000000000000000e+00
1025 2.66455726778681012412e-01 3.22903209691546011495e-01 2.62365790614214999810e-01 9.78546013244525947350e-01
1026 3.65853658536585024663e-01 2.49999999999999000799e-01 2.62365790614214999810e-01 1.00000000000000000000e+00
1027 2.50573194661611986511e-01 1.57549967295794013378e-01 2.62365790614214000609e-01 1.00000000000000000000e+00
1028 3.65853658536585024663e-01 -6.10622663543835998625e-16 2.62365790614214999810e-01 1.00000000000000000000e+00
1029 2.66455726778681012412e-01 3.22903209691546011495e-01 1.00000000000000005551e-01 9.78546013244525947350e-01
1030 3.65853658536585024663e-01 2.49999999999999000799e-01 1.00000000000000005551e-01 1.00000000000000000000e+00
1031 2.50573194661611986511e-01 1.57549967295794013378e-01 9.99999999999998945288e-02 1.00000000000000000000e+00
1032 3.65853658536585024663e-01 -5.55111512312577974389e-16 1.00000000000000005551e-01 1.00000000000000000000e+00
1033 1.37989690342034010406e-01 7.80930807895996031975e-02 2.62365790614214999810e-01 9.40837299383971981115e-01
1034 1.82926829268293011932e-01 -6.10622663543835998625e-16 2.62365790614214999810e-01 1.00000000000000000000e+00
1035 -6.93889390390722991839e-18 8.33333333333327042070e-02 2.62365790614214999810e-01 1.00000000000000000000e+00
1036 0.00000000000000000000e+00 -6.10622663543835998625e-16 2.62365790614214999810e-01 1.00000000000000000000e+00
1037 1.37989690342034010406e-01 7.80930807895997003421e-02 1.00000000000000005551e-01 9.40837299383971981115e-01
1038 1.82926829268293011932e-01 -5.55111512312577974389e-16 1.00000000000000005551e-01 1.00000000000000000000e+00
1039 -6.93889390390722991839e-18 8.33333333333328013515e-02 1.00000000000000005551e-01 1.00000000000000000000e+00
1040 0.00000000000000000000e+00 -5.55111512312577974389e-16 1.00000000000000005551e-01 1.00000000000000000000e+00
