要素番号	頂点番号	xx	yy	xy	zz
0	0	1.048133016449334e-05	1.859504550972163e-05	0.000000000000000e+00	0.000000000000000e+00
0	1	-3.962761807500040e-05	-5.316991913120737e-04	3.364518143637747e-04	0.000000000000000e+00
0	2	-4.245362052654024e-04	1.551740387318462e-05	3.853063843377881e-04	0.000000000000000e+00
0	3	1.200298861579115e-04	2.183305525409179e-04	-1.718790902917491e-04	0.000000000000000e+00
1	0	-3.962761807500039e-05	-5.316991913120738e-04	3.364518143637747e-04	0.000000000000000e+00
1	1	1.325478655033481e-06	-9.379630482423659e-04	2.028703247180362e-04	0.000000000000000e+00
1	2	1.200298861579114e-04	2.183305525409178e-04	-1.718790902917490e-04	0.000000000000000e+00
1	3	-8.445802997670764e-05	2.995202377705209e-04	-3.653302795387376e-05	0.000000000000000e+00
2	0	1.325478655033485e-06	-9.379630482423659e-04	2.028703247180363e-04	0.000000000000000e+00
2	1	-1.698645290237783e-05	-1.003912162586689e-04	1.308885459503787e-05	0.000000000000000e+00
2	2	-8.445802997670770e-05	2.995202377705209e-04	-3.653302795387380e-05	0.000000000000000e+00
2	3	-2.406918535197929e-05	8.036643456714424e-05	3.781512847759901e-05	0.000000000000000e+00
3	0	-1.698645290237784e-05	-1.003912162586689e-04	1.308885459503788e-05	0.000000000000000e+00
3	1	-1.965720438031842e-05	4.057198534144916e-05	3.783306093951906e-06	0.000000000000000e+00
3	2	-2.406918535197930e-05	8.036643456714424e-05	3.781512847759901e-05	0.000000000000000e+00
3	3	-1.761212487258114e-05	4.409813756358536e-05	-3.946667046377512e-06	0.000000000000000e+00
4	0	-1.965720438031842e-05	4.057198534144916e-05	3.783306093951906e-06	0.000000000000000e+00
4	1	-1.739658439034659e-05	4.684007163137116e-05	-2.949195894672867e-06	0.000000000000000e+00
4	2	-1.761212487258114e-05	4.409813756358536e-05	-3.946667046377512e-06	0.000000000000000e+00
4	3	-1.892342410262238e-05	4.247740556434845e-05	1.687774189793991e-06	0.000000000000000e+00
5	0	-1.739658439034659e-05	4.684007163137114e-05	-2.949195894672894e-06	0.000000000000000e+00
5	1	-1.942279445516591e-05	4.168332363208412e-05	1.940341776126929e-06	0.000000000000000e+00
5	2	-1.892342410262238e-05	4.247740556434846e-05	1.687774189793986e-06	0.000000000000000e+00
5	3	-1.821361577223936e-05	4.368431754403634e-05	-4.290657738670308e-07	0.000000000000000e+00
6	0	-1.942279445516592e-05	4.168332363208412e-05	1.940341776126929e-06	0.000000000000000e+00
6	1	-1.786491326570860e-05	4.382123301403352e-05	-1.158591311285897e-06	0.000000000000000e+00
6	2	-1.821361577223937e-05	4.368431754403634e-05	-4.290657738670300e-07	0.000000000000000e+00
6	3	-1.877851465615489e-05	4.313980827419226e-05	3.901893787065393e-07	0.000000000000000e+00
7	0	-1.786491326570860e-05	4.382123301403352e-05	-1.158591311285870e-06	0.000000000000000e+00
7	1	-1.893988322021214e-05	4.304087641261244e-05	6.791913592183590e-07	0.000000000000000e+00
7	2	-1.877851465615490e-05	4.313980827419227e-05	3.901893787065571e-07	0.000000000000000e+00
7	3	-1.843533793541837e-05	4.324922034489797e-05	-3.237022511156376e-08	0.000000000000000e+00
8	0	-1.893988322021214e-05	4.304087641261244e-05	6.791913592183590e-07	0.000000000000000e+00
8	1	-1.844852309693351e-05	4.321200771438647e-05	-4.250053816911968e-07	0.000000000000000e+00
8	2	-1.843533793541837e-05	4.324922034489797e-05	-3.237022511156376e-08	0.000000000000000e+00
8	3	-1.859132431754642e-05	4.316005513667687e-05	9.379653414572628e-08	0.000000000000000e+00
9	0	-1.844852309693351e-05	4.321200771438646e-05	-4.250053816912374e-07	0.000000000000000e+00
9	1	-1.791595600898060e-05	4.292155231502587e-05	-4.554091326573403e-08	0.000000000000000e+00
9	2	-1.859132431754640e-05	4.316005513667686e-05	9.379653414571315e-08	0.000000000000000e+00
9	3	-1.861741029154145e-05	4.311640253222417e-05	1.553638292285018e-08	0.000000000000000e+00
10	0	-4.245362052654024e-04	1.551740387318468e-05	3.853063843377881e-04	0.000000000000000e+00
10	1	1.200298861579116e-04	2.183305525409177e-04	-1.718790902917491e-04	0.000000000000000e+00
10	2	-7.672243944242749e-04	1.066979881804116e-04	2.476033885078122e-04	0.000000000000000e+00
10	3	1.788233186592669e-04	-1.409635198757939e-06	-5.750057344092829e-05	0.000000000000000e+00
11	0	1.200298861579115e-04	2.183305525409176e-04	-1.718790902917490e-04	0.000000000000000e+00
11	1	-8.445802997670766e-05	2.995202377705208e-04	-3.653302795387376e-05	0.000000000000000e+00
11	2	1.788233186592668e-04	-1.409635198757941e-06	-5.750057344092825e-05	0.000000000000000e+00
11	3	-4.291227587790295e-05	2.100872417684221e-05	-2.134959182094904e-05	0.000000000000000e+00
12	0	-8.445802997670768e-05	2.995202377705208e-04	-3.653302795387381e-05	0.000000000000000e+00
12	1	-2.406918535197929e-05	8.036643456714426e-05	3.781512847759898e-05	0.000000000000000e+00
12	2	-4.291227587790296e-05	2.100872417684219e-05	-2.134959182094906e-05	0.000000000000000e+00
12	3	-1.730916205558789e-05	4.063122275666696e-05	-8.284612483645471e-07	0.000000000000000e+00
13	0	-2.406918535197929e-05	8.036643456714427e-05	3.781512847759898e-05	0.000000000000000e+00
13	1	-1.761212487258114e-05	4.409813756358539e-05	-3.946667046377521e-06	0.000000000000000e+00
13	2	-1.730916205558789e-05	4.063122275666696e-05	-8.284612483645454e-07	0.000000000000000e+00
13	3	-1.934385122294369e-05	4.378158418831414e-05	5.703921806802124e-07	0.000000000000000e+00
14	0	-1.761212487258114e-05	4.409813756358539e-05	-3.946667046377521e-06	0.000000000000000e+00
14	1	-1.892342410262238e-05	4.247740556434844e-05	1.687774189793980e-06	0.000000000000000e+00
14	2	-1.934385122294369e-05	4.378158418831414e-05	5.703921806802124e-07	0.000000000000000e+00
14	3	-1.854791141764470e-05	4.342021175135778e-05	4.150752089355728e-07	0.000000000000000e+00
15	0	-1.892342410262237e-05	4.247740556434844e-05	1.687774189793981e-06	0.000000000000000e+00
15	1	-1.821361577223937e-05	4.368431754403632e-05	-4.290657738670353e-07	0.000000000000000e+00
15	2	-1.854791141764471e-05	4.342021175135780e-05	4.150752089355575e-07	0.000000000000000e+00
15	3	-1.868694311691284e-05	4.337189522927567e-05	1.273748945538842e-07	0.000000000000000e+00
16	0	-1.821361577223936e-05	4.368431754403632e-05	-4.290657738670247e-07	0.000000000000000e+00
16	1	-1.877851465615489e-05	4.313980827419227e-05	3.901893787065143e-07	0.000000000000000e+00
16	2	-1.868694311691282e-05	4.337189522927567e-05	1.273748945538821e-07	0.000000000000000e+00
16	3	-1.857327241507800e-05	4.329578716048534e-05	2.484002955443427e-07	0.000000000000000e+00
17	0	-1.877851465615490e-05	4.313980827419227e-05	3.901893787065338e-07	0.000000000000000e+00
17	1	-1.843533793541837e-05	4.324922034489797e-05	-3.237022511154851e-08	0.000000000000000e+00
17	2	-1.857327241507799e-05	4.329578716048536e-05	2.484002955443283e-07	0.000000000000000e+00
17	3	-1.859525729622950e-05	4.324492713372431e-05	8.724447940517427e-08	0.000000000000000e+00
18	0	-1.843533793541837e-05	4.324922034489797e-05	-3.237022511154851e-08	0.000000000000000e+00
18	1	-1.859132431754641e-05	4.316005513667685e-05	9.379653414572014e-08	0.000000000000000e+00
18	2	-1.859525729622950e-05	4.324492713372431e-05	8.724447940517427e-08	0.000000000000000e+00
18	3	-1.856048364390333e-05	4.318292040924267e-05	8.480158088015896e-08	0.000000000000000e+00
19	0	-1.859132431754640e-05	4.316005513667686e-05	9.379653414570849e-08	0.000000000000000e+00
19	1	-1.861741029154148e-05	4.311640253222417e-05	1.553638292287680e-08	0.000000000000000e+00
19	2	-1.856048364390331e-05	4.318292040924264e-05	8.480158088020173e-08	0.000000000000000e+00
19	3	-1.853279885291975e-05	4.310694219020548e-05	4.030843213481096e-08	0.000000000000000e+00
20	0	-7.672243944242748e-04	1.066979881804115e-04	2.476033885078122e-04	0.000000000000000e+00
20	1	1.788233186592669e-04	-1.409635198757936e-06	-5.750057344092829e-05	0.000000000000000e+00
20	2	-1.289688587434790e-04	4.803383427017203e-05	1.977229264689940e-05	0.000000000000000e+00
20	3	1.002053160553552e-05	3.686166412768644e-05	2.526462750540006e-05	0.000000000000000e+00
21	0	1.788233186592668e-04	-1.409635198757909e-06	-5.750057344092832e-05	0.000000000000000e+00
21	1	-4.291227587790297e-05	2.100872417684218e-05	-2.134959182094907e-05	0.000000000000000e+00
21	2	1.002053160553551e-05	3.686166412768646e-05	2.526462750539998e-05	0.000000000000000e+00
21	3	-2.164306543116862e-05	4.543800361103474e-05	-1.552436939188936e-06	0.000000000000000e+00
22	0	-4.291227587790299e-05	2.100872417684218e-05	-2.134959182094908e-05	0.000000000000000e+00
22	1	-1.730916205558789e-05	4.063122275666698e-05	-8.284612483645374e-07	0.000000000000000e+00
22	2	-2.164306543116861e-05	4.543800361103479e-05	-1.552436939188925e-06	0.000000000000000e+00
22	3	-1.848466671632025e-05	4.454601194924058e-05	-1.019578115184014e-06	0.000000000000000e+00
23	0	-1.730916205558789e-05	4.063122275666698e-05	-8.284612483645433e-07	0.000000000000000e+00
23	1	-1.934385122294369e-05	4.378158418831417e-05	5.703921806802040e-07	0.000000000000000e+00
23	2	-1.848466671632025e-05	4.454601194924056e-05	-1.019578115183992e-06	0.000000000000000e+00
23	3	-1.909740285434314e-05	4.360039837846244e-05	1.564876460171901e-07	0.000000000000000e+00
24	0	-1.934385122294369e-05	4.378158418831417e-05	5.703921806802040e-07	0.000000000000000e+00
24	1	-1.854791141764470e-05	4.342021175135780e-05	4.150752089355656e-07	0.000000000000000e+00
24	2	-1.909740285434314e-05	4.360039837846244e-05	1.564876460171901e-07	0.000000000000000e+00
24	3	-1.861204970322878e-05	4.348052964885726e-05	1.426159357407735e-08	0.000000000000000e+00
25	0	-1.854791141764469e-05	4.342021175135780e-05	4.150752089355626e-07	0.000000000000000e+00
25	1	-1.868694311691283e-05	4.337189522927570e-05	1.273748945538702e-07	0.000000000000000e+00
25	2	-1.861204970322878e-05	4.348052964885728e-05	1.426159357406973e-08	0.000000000000000e+00
25	3	-1.875109139925297e-05	4.342804906169986e-05	2.607182496067199e-07	0.000000000000000e+00
26	0	-1.868694311691282e-05	4.337189522927570e-05	1.273748945538685e-07	0.000000000000000e+00
26	1	-1.857327241507799e-05	4.329578716048533e-05	2.484002955443571e-07	0.000000000000000e+00
26	2	-1.875109139925296e-05	4.342804906169986e-05	2.607182496067173e-07	0.000000000000000e+00
26	3	-1.861675440703609e-05	4.330334373786277e-05	1.159165044384714e-07	0.000000000000000e+00
27	0	-1.857327241507800e-05	4.329578716048534e-05	2.484002955443512e-07	0.000000000000000e+00
27	1	-1.859525729622951e-05	4.324492713372431e-05	8.724447940518909e-08	0.000000000000000e+00
27	2	-1.861675440703609e-05	4.330334373786278e-05	1.159165044384782e-07	0.000000000000000e+00
27	3	-1.861288680227275e-05	4.328162571564772e-05	1.511507634243548e-07	0.000000000000000e+00
28	0	-1.859525729622951e-05	4.324492713372431e-05	8.724447940518909e-08	0.000000000000000e+00
28	1	-1.856048364390335e-05	4.318292040924266e-05	8.480158088017759e-08	0.000000000000000e+00
28	2	-1.861288680227275e-05	4.328162571564772e-05	1.511507634243548e-07	0.000000000000000e+00
28	3	-1.857557013048941e-05	4.320270964396667e-05	7.104272863768942e-08	0.000000000000000e+00
29	0	-1.856048364390333e-05	4.318292040924269e-05	8.480158088014879e-08	0.000000000000000e+00
29	1	-1.853279885291969e-05	4.310694219020548e-05	4.030843213476956e-08	0.000000000000000e+00
29	2	-1.857557013048938e-05	4.320270964396667e-05	7.104272863763860e-08	0.000000000000000e+00
29	3	-1.856567205005432e-05	4.316901002588463e-05	-5.646798742766638e-08	0.000000000000000e+00
30	0	-1.289688587434790e-04	4.803383427017203e-05	1.977229264689940e-05	0.000000000000000e+00
30	1	1.002053160553553e-05	3.686166412768644e-05	2.526462750540002e-05	0.000000000000000e+00
30	2	-2.019510552289248e-05	4.107787864365886e-05	3.169802647261951e-06	0.000000000000000e+00
30	3	-1.798895194943011e-05	4.368520404892653e-05	-4.372167637325091e-06	0.000000000000000e+00
31	0	1.002053160553551e-05	3.686166412768644e-05	2.526462750539999e-05	0.000000000000000e+00
31	1	-2.164306543116861e-05	4.543800361103475e-05	-1.552436939188949e-06	0.000000000000000e+00
31	2	-1.798895194943010e-05	4.368520404892654e-05	-4.372167637325106e-06	0.000000000000000e+00
31	3	-1.854812019550045e-05	4.268186594892709e-05	-9.313484597588151e-07	0.000000000000000e+00
32	0	-2.164306543116861e-05	4.543800361103478e-05	-1.552436939188936e-06	0.000000000000000e+00
32	1	-1.848466671632025e-05	4.454601194924056e-05	-1.019578115184008e-06	0.000000000000000e+00
32	2	-1.854812019550046e-05	4.268186594892707e-05	-9.313484597588168e-07	0.000000000000000e+00
32	3	-1.885733662564418e-05	4.321654056969889e-05	-4.248218617169449e-07	0.000000000000000e+00
33	0	-1.848466671632025e-05	4.454601194924058e-05	-1.019578115183989e-06	0.000000000000000e+00
33	1	-1.909740285434314e-05	4.360039837846242e-05	1.564876460171808e-07	0.000000000000000e+00
33	2	-1.885733662564417e-05	4.321654056969889e-05	-4.248218617169593e-07	0.000000000000000e+00
33	3	-1.890615738405375e-05	4.351234992511792e-05	-9.376590518753155e-08	0.000000000000000e+00
34	0	-1.909740285434314e-05	4.360039837846242e-05	1.564876460171808e-07	0.000000000000000e+00
34	1	-1.861204970322878e-05	4.348052964885730e-05	1.426159357407989e-08	0.000000000000000e+00
34	2	-1.890615738405375e-05	4.351234992511792e-05	-9.376590518753155e-08	0.000000000000000e+00
34	3	-1.881998674057605e-05	4.350411826056188e-05	-4.802234143828179e-08	0.000000000000000e+00
35	0	-1.861204970322878e-05	4.348052964885729e-05	1.426159357407227e-08	0.000000000000000e+00
35	1	-1.875109139925297e-05	4.342804906169988e-05	2.607182496067250e-07	0.000000000000000e+00
35	2	-1.881998674057603e-05	4.350411826056188e-05	-4.802234143829365e-08	0.000000000000000e+00
35	3	-1.871338007171551e-05	4.338416813280919e-05	9.148336263167852e-08	0.000000000000000e+00
36	0	-1.875109139925298e-05	4.342804906169988e-05	2.607182496067283e-07	0.000000000000000e+00
36	1	-1.861675440703609e-05	4.330334373786276e-05	1.159165044385002e-07	0.000000000000000e+00
36	2	-1.871338007171551e-05	4.338416813280919e-05	9.148336263168699e-08	0.000000000000000e+00
36	3	-1.866357233624731e-05	4.335403906958752e-05	9.121420256176297e-08	0.000000000000000e+00
37	0	-1.861675440703611e-05	4.330334373786279e-05	1.159165044385011e-07	0.000000000000000e+00
37	1	-1.861288680227275e-05	4.328162571564770e-05	1.511507634243158e-07	0.000000000000000e+00
37	2	-1.866357233624730e-05	4.335403906958754e-05	9.121420256175789e-08	0.000000000000000e+00
37	3	-1.862269208313174e-05	4.327122783589639e-05	9.549079501819590e-08	0.000000000000000e+00
38	0	-1.861288680227275e-05	4.328162571564770e-05	1.511507634243158e-07	0.000000000000000e+00
38	1	-1.857557013048941e-05	4.320270964396667e-05	7.104272863766570e-08	0.000000000000000e+00
38	2	-1.862269208313174e-05	4.327122783589639e-05	9.549079501819590e-08	0.000000000000000e+00
38	3	-1.859131507409441e-05	4.324219147698589e-05	5.441885505597719e-08	0.000000000000000e+00
39	0	-1.857557013048937e-05	4.320270964396667e-05	7.104272863763267e-08	0.000000000000000e+00
39	1	-1.856567205005433e-05	4.316901002588465e-05	-5.646798742760540e-08	0.000000000000000e+00
39	2	-1.859131507409440e-05	4.324219147698591e-05	5.441885505599074e-08	0.000000000000000e+00
39	3	-1.856282532870921e-05	4.320583668740311e-05	-8.018355304271496e-09	0.000000000000000e+00
40	0	-2.019510552289248e-05	4.107787864365886e-05	3.169802647261951e-06	0.000000000000000e+00
40	1	-1.798895194943011e-05	4.368520404892653e-05	-4.372167637325091e-06	0.000000000000000e+00
40	2	-1.571213671287118e-05	4.377381326565232e-05	-2.556264873997864e-06	0.000000000000000e+00
40	3	-1.906502460122806e-05	4.258936019925886e-05	6.982656821577552e-07	0.000000000000000e+00
41	0	-1.798895194943010e-05	4.368520404892654e-05	-4.372167637325106e-06	0.000000000000000e+00
41	1	-1.854812019550045e-05	4.268186594892709e-05	-9.313484597588151e-07	0.000000000000000e+00
41	2	-1.906502460122806e-05	4.258936019925888e-05	6.982656821577539e-07	0.000000000000000e+00
41	3	-1.868590083905802e-05	4.334405454634010e-05	-5.151905038701071e-07	0.000000000000000e+00
42	0	-1.854812019550046e-05	4.268186594892707e-05	-9.313484597588168e-07	0.000000000000000e+00
42	1	-1.885733662564418e-05	4.321654056969889e-05	-4.248218617169449e-07	0.000000000000000e+00
42	2	-1.868590083905803e-05	4.334405454634008e-05	-5.151905038701033e-07	0.000000000000000e+00
42	3	-1.877959156208156e-05	4.353637306177430e-05	-6.721813841704687e-07	0.000000000000000e+00
43	0	-1.885733662564417e-05	4.321654056969889e-05	-4.248218617169593e-07	0.000000000000000e+00
43	1	-1.890615738405375e-05	4.351234992511792e-05	-9.376590518753155e-08	0.000000000000000e+00
43	2	-1.877959156208157e-05	4.353637306177431e-05	-6.721813841704704e-07	0.000000000000000e+00
43	3	-1.873684168429252e-05	4.339773564597237e-05	-3.669180500242868e-07	0.000000000000000e+00
44	0	-1.890615738405375e-05	4.351234992511792e-05	-9.376590518753155e-08	0.000000000000000e+00
44	1	-1.881998674057605e-05	4.350411826056188e-05	-4.802234143828179e-08	0.000000000000000e+00
44	2	-1.873684168429252e-05	4.339773564597237e-05	-3.669180500242868e-07	0.000000000000000e+00
44	3	-1.873504945901066e-05	4.343427294904042e-05	-1.703128652113206e-07	0.000000000000000e+00
45	0	-1.881998674057603e-05	4.350411826056188e-05	-4.802234143829365e-08	0.000000000000000e+00
45	1	-1.871338007171551e-05	4.338416813280919e-05	9.148336263167852e-08	0.000000000000000e+00
45	2	-1.873504945901066e-05	4.343427294904040e-05	-1.703128652113325e-07	0.000000000000000e+00
45	3	-1.871314581864362e-05	4.337892299402046e-05	-3.092908377365505e-08	0.000000000000000e+00
46	0	-1.871338007171551e-05	4.338416813280919e-05	9.148336263168699e-08	0.000000000000000e+00
46	1	-1.866357233624731e-05	4.335403906958752e-05	9.121420256176297e-08	0.000000000000000e+00
46	2	-1.871314581864360e-05	4.337892299402046e-05	-3.092908377369909e-08	0.000000000000000e+00
46	3	-1.865773984177984e-05	4.332885478841275e-05	1.840964895104093e-08	0.000000000000000e+00
47	0	-1.866357233624730e-05	4.335403906958754e-05	9.121420256175789e-08	0.000000000000000e+00
47	1	-1.862269208313174e-05	4.327122783589639e-05	9.549079501819590e-08	0.000000000000000e+00
47	2	-1.865773984177983e-05	4.332885478841275e-05	1.840964895106295e-08	0.000000000000000e+00
47	3	-1.862731317499474e-05	4.328902147143707e-05	4.553351054323064e-08	0.000000000000000e+00
48	0	-1.862269208313174e-05	4.327122783589639e-05	9.549079501819590e-08	0.000000000000000e+00
48	1	-1.859131507409441e-05	4.324219147698589e-05	5.441885505597719e-08	0.000000000000000e+00
48	2	-1.862731317499474e-05	4.328902147143707e-05	4.553351054323064e-08	0.000000000000000e+00
48	3	-1.859747691023271e-05	4.324893503087826e-05	2.605938819899018e-08	0.000000000000000e+00
49	0	-1.859131507409440e-05	4.324219147698591e-05	5.441885505599074e-08	0.000000000000000e+00
49	1	-1.856282532870921e-05	4.320583668740311e-05	-8.018355304271496e-09	0.000000000000000e+00
49	2	-1.859747691023270e-05	4.324893503087828e-05	2.605938819894614e-08	0.000000000000000e+00
49	3	-1.859068178564195e-05	4.323422261093745e-05	-3.180692968813306e-08	0.000000000000000e+00
50	0	-1.571213671287118e-05	4.377381326565235e-05	-2.556264873997878e-06	0.000000000000000e+00
50	1	-1.906502460122806e-05	4.258936019925888e-05	6.982656821577560e-07	0.000000000000000e+00
50	2	-1.958757289656651e-05	4.222887471401051e-05	1.643619499142697e-06	0.000000000000000e+00
50	3	-1.820356103126056e-05	4.331656798826386e-05	-8.206066366808616e-07	0.000000000000000e+00
51	0	-1.906502460122806e-05	4.258936019925886e-05	6.982656821577577e-07	0.000000000000000e+00
51	1	-1.868590083905803e-05	4.334405454634010e-05	-5.151905038700912e-07	0.000000000000000e+00
51	2	-1.820356103126055e-05	4.331656798826388e-05	-8.206066366808583e-07	0.000000000000000e+00
51	3	-1.852913804806500e-05	4.309664786457696e-05	-5.708432724039286e-07	0.000000000000000e+00
52	0	-1.868590083905803e-05	4.334405454634010e-05	-5.151905038701063e-07	0.000000000000000e+00
52	1	-1.877959156208156e-05	4.353637306177430e-05	-6.721813841704958e-07	0.000000000000000e+00
52	2	-1.852913804806499e-05	4.309664786457699e-05	-5.708432724039256e-07	0.000000000000000e+00
52	3	-1.861800713455673e-05	4.321745834198761e-05	-3.662113839575638e-07	0.000000000000000e+00
53	0	-1.877959156208157e-05	4.353637306177430e-05	-6.721813841704670e-07	0.000000000000000e+00
53	1	-1.873684168429253e-05	4.339773564597235e-05	-3.669180500242716e-07	0.000000000000000e+00
53	2	-1.861800713455673e-05	4.321745834198762e-05	-3.662113839575736e-07	0.000000000000000e+00
53	3	-1.871323507861037e-05	4.334686982388846e-05	-3.027451055024956e-07	0.000000000000000e+00
54	0	-1.873684168429253e-05	4.339773564597235e-05	-3.669180500242716e-07	0.000000000000000e+00
54	1	-1.873504945901067e-05	4.343427294904040e-05	-1.703128652112850e-07	0.000000000000000e+00
54	2	-1.871323507861037e-05	4.334686982388846e-05	-3.027451055024956e-07	0.000000000000000e+00
54	3	-1.869493575130668e-05	4.335043048243400e-05	-2.028205014964034e-07	0.000000000000000e+00
55	0	-1.873504945901066e-05	4.343427294904040e-05	-1.703128652113214e-07	0.000000000000000e+00
55	1	-1.871314581864361e-05	4.337892299402047e-05	-3.092908377366691e-08	0.000000000000000e+00
55	2	-1.869493575130668e-05	4.335043048243398e-05	-2.028205014963983e-07	0.000000000000000e+00
55	3	-1.867231859924982e-05	4.334102242440731e-05	-1.052047174373836e-07	0.000000000000000e+00
56	0	-1.871314581864361e-05	4.337892299402047e-05	-3.092908377368215e-08	0.000000000000000e+00
56	1	-1.865773984177984e-05	4.332885478841270e-05	1.840964895104093e-08	0.000000000000000e+00
56	2	-1.867231859924982e-05	4.334102242440731e-05	-1.052047174373904e-07	0.000000000000000e+00
56	3	-1.864722099665615e-05	4.331274642523207e-05	-3.792282561972593e-08	0.000000000000000e+00
57	0	-1.865773984177983e-05	4.332885478841272e-05	1.840964895104262e-08	0.000000000000000e+00
57	1	-1.862731317499474e-05	4.328902147143707e-05	4.553351054323742e-08	0.000000000000000e+00
57	2	-1.864722099665615e-05	4.331274642523204e-05	-3.792282561970729e-08	0.000000000000000e+00
57	3	-1.861906528037544e-05	4.327911867511994e-05	-5.228027086481737e-09	0.000000000000000e+00
58	0	-1.862731317499474e-05	4.328902147143707e-05	4.553351054323742e-08	0.000000000000000e+00
58	1	-1.859747691023271e-05	4.324893503087829e-05	2.605938819898679e-08	0.000000000000000e+00
58	2	-1.861906528037544e-05	4.327911867511994e-05	-5.228027086481737e-09	0.000000000000000e+00
58	3	-1.860080563511616e-05	4.325902514739839e-05	-1.607151212463300e-09	0.000000000000000e+00
59	0	-1.859747691023270e-05	4.324893503087829e-05	2.605938819894952e-08	0.000000000000000e+00
59	1	-1.859068178564195e-05	4.323422261093745e-05	-3.180692968814661e-08	0.000000000000000e+00
59	2	-1.860080563511617e-05	4.325902514739836e-05	-1.607151212442971e-09	0.000000000000000e+00
59	3	-1.859000054860364e-05	4.325079089295789e-05	-1.441686725458646e-08	0.000000000000000e+00
60	0	-1.958757289656651e-05	4.222887471401052e-05	1.643619499142697e-06	0.000000000000000e+00
60	1	-1.820356103126056e-05	4.331656798826389e-05	-8.206066366808302e-07	0.000000000000000e+00
60	2	-1.804321439570068e-05	4.362727416869320e-05	-9.577892891559497e-07	0.000000000000000e+00
60	3	-1.854891065264578e-05	4.293398594814265e-05	3.978629717886263e-08	0.000000000000000e+00
61	0	-1.820356103126055e-05	4.331656798826385e-05	-8.206066366808557e-07	0.000000000000000e+00
61	1	-1.852913804806500e-05	4.309664786457696e-05	-5.708432724039495e-07	0.000000000000000e+00
61	2	-1.854891065264578e-05	4.293398594814262e-05	3.978629717883256e-08	0.000000000000000e+00
61	3	-1.853810907014605e-05	4.319935495839163e-05	-2.562026523378648e-07	0.000000000000000e+00
62	0	-1.852913804806499e-05	4.309664786457698e-05	-5.708432724039224e-07	0.000000000000000e+00
62	1	-1.861800713455673e-05	4.321745834198764e-05	-3.662113839575715e-07	0.000000000000000e+00
62	2	-1.853810907014606e-05	4.319935495839157e-05	-2.562026523378370e-07	0.000000000000000e+00
62	3	-1.860324330019097e-05	4.326484287866215e-05	-3.932739977486358e-07	0.000000000000000e+00
63	0	-1.861800713455672e-05	4.321745834198762e-05	-3.662113839575965e-07	0.000000000000000e+00
63	1	-1.871323507861037e-05	4.334686982388850e-05	-3.027451055024922e-07	0.000000000000000e+00
63	2	-1.860324330019097e-05	4.326484287866215e-05	-3.932739977486290e-07	0.000000000000000e+00
63	3	-1.860595503954464e-05	4.328721322566948e-05	-3.149384875698352e-07	0.000000000000000e+00
64	0	-1.871323507861037e-05	4.334686982388850e-05	-3.027451055024922e-07	0.000000000000000e+00
64	1	-1.869493575130668e-05	4.335043048243400e-05	-2.028205014964178e-07	0.000000000000000e+00
64	2	-1.860595503954464e-05	4.328721322566948e-05	-3.149384875698352e-07	0.000000000000000e+00
64	3	-1.863701821864957e-05	4.330860242402492e-05	-2.238901932306538e-07	0.000000000000000e+00
65	0	-1.869493575130668e-05	4.335043048243400e-05	-2.028205014964042e-07	0.000000000000000e+00
65	1	-1.867231859924983e-05	4.334102242440728e-05	-1.052047174373395e-07	0.000000000000000e+00
65	2	-1.863701821864958e-05	4.330860242402488e-05	-2.238901932306615e-07	0.000000000000000e+00
65	3	-1.863317101620847e-05	4.330012455410758e-05	-1.374243681520780e-07	0.000000000000000e+00
66	0	-1.867231859924982e-05	4.334102242440728e-05	-1.052047174373700e-07	0.000000000000000e+00
66	1	-1.864722099665615e-05	4.331274642523202e-05	-3.792282561969713e-08	0.000000000000000e+00
66	2	-1.863317101620847e-05	4.330012455410758e-05	-1.374243681521153e-07	0.000000000000000e+00
66	3	-1.862218961264441e-05	4.328664262555941e-05	-7.502951973414056e-08	0.000000000000000e+00
67	0	-1.864722099665615e-05	4.331274642523210e-05	-3.792282561970390e-08	0.000000000000000e+00
67	1	-1.861906528037544e-05	4.327911867511996e-05	-5.228027086500372e-09	0.000000000000000e+00
67	2	-1.862218961264439e-05	4.328664262555937e-05	-7.502951973417614e-08	0.000000000000000e+00
67	3	-1.860909361358143e-05	4.327024794857392e-05	-3.566783159383724e-08	0.000000000000000e+00
68	0	-1.861906528037544e-05	4.327911867511996e-05	-5.228027086500372e-09	0.000000000000000e+00
68	1	-1.860080563511616e-05	4.325902514739834e-05	-1.607151212439583e-09	0.000000000000000e+00
68	2	-1.860909361358143e-05	4.327024794857392e-05	-3.566783159383724e-08	0.000000000000000e+00
68	3	-1.859808801243510e-05	4.325663005827777e-05	-2.060669463233741e-08	0.000000000000000e+00
69	0	-1.860080563511616e-05	4.325902514739835e-05	-1.607151212426031e-09	0.000000000000000e+00
69	1	-1.859000054860364e-05	4.325079089295785e-05	-1.441686725458540e-08	0.000000000000000e+00
69	2	-1.859808801243508e-05	4.325663005827777e-05	-2.060669463234080e-08	0.000000000000000e+00
69	3	-1.859678573172518e-05	4.325329764041854e-05	-2.393627922174025e-08	0.000000000000000e+00
70	0	-1.804321439570069e-05	4.362727416869320e-05	-9.577892891559226e-07	0.000000000000000e+00
70	1	-1.854891065264579e-05	4.293398594814267e-05	3.978629717892192e-08	0.000000000000000e+00
70	2	-1.854802948286592e-05	4.281828706181718e-05	5.541881499656275e-07	0.000000000000000e+00
70	3	-1.844043779254903e-05	4.323951004797203e-05	-2.384632967250508e-07	0.000000000000000e+00
71	0	-1.854891065264579e-05	4.293398594814258e-05	3.978629717886623e-08	0.000000000000000e+00
71	1	-1.853810907014605e-05	4.319935495839157e-05	-2.562026523378813e-07	0.000000000000000e+00
71	2	-1.844043779254904e-05	4.323951004797203e-05	-2.384632967250501e-07	0.000000000000000e+00
71	3	-1.848030743736002e-05	4.316717007600977e-05	-2.694073489646228e-07	0.000000000000000e+00
72	0	-1.853810907014605e-05	4.319935495839162e-05	-2.562026523378563e-07	0.000000000000000e+00
72	1	-1.860324330019097e-05	4.326484287866214e-05	-3.932739977486375e-07	0.000000000000000e+00
72	2	-1.848030743736002e-05	4.316717007600978e-05	-2.694073489645718e-07	0.000000000000000e+00
72	3	-1.851719012788777e-05	4.320938472293974e-05	-2.462568301979088e-07	0.000000000000000e+00
73	0	-1.860324330019097e-05	4.326484287866213e-05	-3.932739977486244e-07	0.000000000000000e+00
73	1	-1.860595503954464e-05	4.328721322566951e-05	-3.149384875698479e-07	0.000000000000000e+00
73	2	-1.851719012788777e-05	4.320938472293974e-05	-2.462568301979461e-07	0.000000000000000e+00
73	3	-1.857421871261236e-05	4.324408217247539e-05	-2.395488604543245e-07	0.000000000000000e+00
74	0	-1.860595503954464e-05	4.328721322566951e-05	-3.149384875698479e-07	0.000000000000000e+00
74	1	-1.863701821864957e-05	4.330860242402489e-05	-2.238901932306403e-07	0.000000000000000e+00
74	2	-1.857421871261236e-05	4.324408217247539e-05	-2.395488604543245e-07	0.000000000000000e+00
74	3	-1.858631337110850e-05	4.326085209847311e-05	-1.896550082396598e-07	0.000000000000000e+00
75	0	-1.863701821864958e-05	4.330860242402493e-05	-2.238901932306386e-07	0.000000000000000e+00
75	1	-1.863317101620847e-05	4.330012455410758e-05	-1.374243681520967e-07	0.000000000000000e+00
75	2	-1.858631337110849e-05	4.326085209847311e-05	-1.896550082396158e-07	0.000000000000000e+00
75	3	-1.859984900557736e-05	4.326759155357682e-05	-1.335182975727529e-07	0.000000000000000e+00
76	0	-1.863317101620847e-05	4.330012455410756e-05	-1.374243681521221e-07	0.000000000000000e+00
76	1	-1.862218961264440e-05	4.328664262555939e-05	-7.502951973414056e-08	0.000000000000000e+00
76	2	-1.859984900557736e-05	4.326759155357684e-05	-1.335182975727716e-07	0.000000000000000e+00
76	3	-1.860038567196649e-05	4.326355407811802e-05	-8.262115409861087e-08	0.000000000000000e+00
77	0	-1.862218961264439e-05	4.328664262555938e-05	-7.502951973415581e-08	0.000000000000000e+00
77	1	-1.860909361358143e-05	4.327024794857395e-05	-3.566783159385249e-08	0.000000000000000e+00
77	2	-1.860038567196650e-05	4.326355407811799e-05	-8.262115409862104e-08	0.000000000000000e+00
77	3	-1.859775343634451e-05	4.325705421991498e-05	-4.823399272541879e-08	0.000000000000000e+00
78	0	-1.860909361358143e-05	4.327024794857395e-05	-3.566783159385249e-08	0.000000000000000e+00
78	1	-1.859808801243510e-05	4.325663005827773e-05	-2.060669463236621e-08	0.000000000000000e+00
78	2	-1.859775343634451e-05	4.325705421991498e-05	-4.823399272541879e-08	0.000000000000000e+00
78	3	-1.859480250548698e-05	4.325282472502705e-05	-2.845187651458029e-08	0.000000000000000e+00
79	0	-1.859808801243510e-05	4.325663005827775e-05	-2.060669463234249e-08	0.000000000000000e+00
79	1	-1.859678573172515e-05	4.325329764041851e-05	-2.393627922172669e-08	0.000000000000000e+00
79	2	-1.859480250548695e-05	4.325282472502700e-05	-2.845187651451253e-08	0.000000000000000e+00
79	3	-1.859319749797875e-05	4.325334646974316e-05	-1.819527238632526e-08	0.000000000000000e+00
80	0	-1.854802948286592e-05	4.281828706181718e-05	5.541881499656275e-07	0.000000000000000e+00
80	1	-1.844043779254903e-05	4.323951004797203e-05	-2.384632967250508e-07	0.000000000000000e+00
80	2	-1.837236469260084e-05	4.322502399816728e-05	-3.433213595850540e-07	0.000000000000000e+00
80	3	-1.841096465802169e-05	4.312491771619152e-05	-4.182245299246002e-08	0.000000000000000e+00
81	0	-1.844043779254904e-05	4.323951004797203e-05	-2.384632967250501e-07	0.000000000000000e+00
81	1	-1.848030743736002e-05	4.316717007600977e-05	-2.694073489646228e-07	0.000000000000000e+00
81	2	-1.841096465802170e-05	4.312491771619151e-05	-4.182245299242455e-08	0.000000000000000e+00
81	3	-1.844776957536333e-05	4.317678198388409e-05	-1.357644019882693e-07	0.000000000000000e+00
82	0	-1.848030743736002e-05	4.316717007600978e-05	-2.694073489645718e-07	0.000000000000000e+00
82	1	-1.851719012788777e-05	4.320938472293974e-05	-2.462568301979088e-07	0.000000000000000e+00
82	2	-1.844776957536333e-05	4.317678198388416e-05	-1.357644019882399e-07	0.000000000000000e+00
82	3	-1.848830610070749e-05	4.319966154977601e-05	-1.751259019591505e-07	0.000000000000000e+00
83	0	-1.851719012788777e-05	4.320938472293974e-05	-2.462568301979461e-07	0.000000000000000e+00
83	1	-1.857421871261236e-05	4.324408217247539e-05	-2.395488604543245e-07	0.000000000000000e+00
83	2	-1.848830610070750e-05	4.319966154977602e-05	-1.751259019591582e-07	0.000000000000000e+00
83	3	-1.851477191406412e-05	4.321864874061277e-05	-1.652216868752550e-07	0.000000000000000e+00
84	0	-1.857421871261236e-05	4.324408217247539e-05	-2.395488604543245e-07	0.000000000000000e+00
84	1	-1.858631337110850e-05	4.326085209847311e-05	-1.896550082396598e-07	0.000000000000000e+00
84	2	-1.851477191406412e-05	4.321864874061277e-05	-1.652216868752550e-07	0.000000000000000e+00
84	3	-1.855393751421385e-05	4.323510673938610e-05	-1.342684184970120e-07	0.000000000000000e+00
85	0	-1.858631337110849e-05	4.326085209847311e-05	-1.896550082396158e-07	0.000000000000000e+00
85	1	-1.859984900557736e-05	4.326759155357682e-05	-1.335182975727529e-07	0.000000000000000e+00
85	2	-1.855393751421385e-05	4.323510673938610e-05	-1.342684184970289e-07	0.000000000000000e+00
85	3	-1.857406328193694e-05	4.324346088780880e-05	-9.808118681223864e-08	0.000000000000000e+00
86	0	-1.859984900557736e-05	4.326759155357684e-05	-1.335182975727716e-07	0.000000000000000e+00
86	1	-1.860038567196649e-05	4.326355407811802e-05	-8.262115409861087e-08	0.000000000000000e+00
86	2	-1.857406328193694e-05	4.324346088780880e-05	-9.808118681221831e-08	0.000000000000000e+00
86	3	-1.858788015301166e-05	4.324799174842962e-05	-6.689761587740975e-08	0.000000000000000e+00
87	0	-1.860038567196650e-05	4.326355407811799e-05	-8.262115409862104e-08	0.000000000000000e+00
87	1	-1.859775343634451e-05	4.325705421991498e-05	-4.823399272541879e-08	0.000000000000000e+00
87	2	-1.858788015301168e-05	4.324799174842956e-05	-6.689761587733351e-08	0.000000000000000e+00
87	3	-1.859272353427502e-05	4.324868157752373e-05	-4.511161752164937e-08	0.000000000000000e+00
88	0	-1.859775343634451e-05	4.325705421991498e-05	-4.823399272541879e-08	0.000000000000000e+00
88	1	-1.859480250548698e-05	4.325282472502705e-05	-2.845187651458029e-08	0.000000000000000e+00
88	2	-1.859272353427502e-05	4.324868157752373e-05	-4.511161752164937e-08	0.000000000000000e+00
88	3	-1.859292221750692e-05	4.324774543116314e-05	-3.037610354219170e-08	0.000000000000000e+00
89	0	-1.859480250548695e-05	4.325282472502700e-05	-2.845187651451253e-08	0.000000000000000e+00
89	1	-1.859319749797875e-05	4.325334646974316e-05	-1.819527238632526e-08	0.000000000000000e+00
89	2	-1.859292221750697e-05	4.324774543116313e-05	-3.037610354209683e-08	0.000000000000000e+00
89	3	-1.859519251821837e-05	4.325272701915011e-05	-1.857086966801303e-08	0.000000000000000e+00
90	0	-1.837236469260084e-05	4.322502399816728e-05	-3.433213595850540e-07	0.000000000000000e+00
90	1	-1.841096465802169e-05	4.312491771619154e-05	-4.182245299250470e-08	0.000000000000000e+00
90	2	-1.845386501714597e-05	4.359745596616807e-05	-2.795662730308013e-08	0.000000000000000e+00
90	3	-1.830024997886488e-05	4.306610195035058e-05	9.942142472475279e-09	0.000000000000000e+00
91	0	-1.841096465802169e-05	4.312491771619154e-05	-4.182245299242254e-08	0.000000000000000e+00
91	1	-1.844776957536333e-05	4.317678198388400e-05	-1.357644019882314e-07	0.000000000000000e+00
91	2	-1.830024997886488e-05	4.306610195035096e-05	9.942142472457213e-09	0.000000000000000e+00
91	3	-1.837806073363900e-05	4.314755764725397e-05	1.147078096628498e-08	0.000000000000000e+00
92	0	-1.844776957536333e-05	4.317678198388401e-05	-1.357644019882570e-07	0.000000000000000e+00
92	1	-1.848830610070750e-05	4.319966154977609e-05	-1.751259019591370e-07	0.000000000000000e+00
92	2	-1.837806073363899e-05	4.314755764725397e-05	1.147078096630906e-08	0.000000000000000e+00
92	3	-1.842264138023496e-05	4.316917974427203e-05	-6.200337448239560e-08	0.000000000000000e+00
93	0	-1.848830610070750e-05	4.319966154977609e-05	-1.751259019591234e-07	0.000000000000000e+00
93	1	-1.851477191406413e-05	4.321864874061277e-05	-1.652216868752788e-07	0.000000000000000e+00
93	2	-1.842264138023495e-05	4.316917974427195e-05	-6.200337448242874e-08	0.000000000000000e+00
93	3	-1.848778137191395e-05	4.321035698349774e-05	-2.940101089525908e-08	0.000000000000000e+00
94	0	-1.851477191406413e-05	4.321864874061277e-05	-1.652216868752788e-07	0.000000000000000e+00
94	1	-1.855393751421386e-05	4.323510673938606e-05	-1.342684184969891e-07	0.000000000000000e+00
94	2	-1.848778137191395e-05	4.321035698349774e-05	-2.940101089525908e-08	0.000000000000000e+00
94	3	-1.853843652533728e-05	4.322038413887629e-05	-4.187510790489974e-08	0.000000000000000e+00
95	0	-1.855393751421384e-05	4.323510673938606e-05	-1.342684184969959e-07	0.000000000000000e+00
95	1	-1.857406328193695e-05	4.324346088780895e-05	-9.808118681221831e-08	0.000000000000000e+00
95	2	-1.853843652533729e-05	4.322038413887629e-05	-4.187510790487263e-08	0.000000000000000e+00
95	3	-1.857245583688246e-05	4.323939445601289e-05	-3.032440855494208e-08	0.000000000000000e+00
96	0	-1.857406328193694e-05	4.324346088780892e-05	-9.808118681220814e-08	0.000000000000000e+00
96	1	-1.858788015301167e-05	4.324799174842954e-05	-6.689761587736231e-08	0.000000000000000e+00
96	2	-1.857245583688245e-05	4.323939445601319e-05	-3.032440855498099e-08	0.000000000000000e+00
96	3	-1.859311091828299e-05	4.324489100831138e-05	-3.567609173577540e-08	0.000000000000000e+00
97	0	-1.858788015301168e-05	4.324799174842953e-05	-6.689761587736231e-08	0.000000000000000e+00
97	1	-1.859272353427501e-05	4.324868157752371e-05	-4.511161752161041e-08	0.000000000000000e+00
97	2	-1.859311091828301e-05	4.324489100831141e-05	-3.567609173566698e-08	0.000000000000000e+00
97	3	-1.859976617090179e-05	4.324997827551556e-05	-3.272311026321856e-08	0.000000000000000e+00
98	0	-1.859272353427501e-05	4.324868157752371e-05	-4.511161752161041e-08	0.000000000000000e+00
98	1	-1.859292221750694e-05	4.324774543116324e-05	-3.037610354222728e-08	0.000000000000000e+00
98	2	-1.859976617090179e-05	4.324997827551556e-05	-3.272311026321856e-08	0.000000000000000e+00
98	3	-1.860369038981966e-05	4.324967238278956e-05	-3.493829939527236e-08	0.000000000000000e+00
99	0	-1.859292221750694e-05	4.324774543116325e-05	-3.037610354219848e-08	0.000000000000000e+00
99	1	-1.859519251821836e-05	4.325272701915017e-05	-1.857086966788687e-08	0.000000000000000e+00
99	2	-1.860369038981970e-05	4.324967238278994e-05	-3.493829939529433e-08	0.000000000000000e+00
99	3	-1.860388677569309e-05	4.324949920739632e-05	-4.346280969781853e-08	0.000000000000000e+00
100	0	-5.018297037199673e-05	1.301642253972430e-04	-1.145073369205544e-07	0.000000000000000e+00
100	1	-1.032201075537987e-05	5.650815958896277e-05	-3.661817896829871e-08	0.000000000000000e+00
100	2	-4.822816534938827e-05	1.273115185685346e-04	-3.051607985938295e-05	0.000000000000000e+00
100	3	-1.094635189284796e-05	5.670339790489710e-05	2.762334934521170e-06	0.000000000000000e+00
101	0	-1.032201075537987e-05	5.650815958896277e-05	-3.661817896829871e-08	0.000000000000000e+00
101	1	-1.098227935028022e-05	4.649968184508254e-05	6.404018797957658e-08	0.000000000000000e+00
101	2	-1.094635189284796e-05	5.670339790489710e-05	2.762334934521170e-06	0.000000000000000e+00
101	3	-1.161441360110852e-05	4.688382041693283e-05	4.064806156775849e-06	0.000000000000000e+00
102	0	-1.098227935028022e-05	4.649968184508254e-05	6.404018797957658e-08	0.000000000000000e+00
102	1	-1.290556332477130e-05	4.447483239864586e-05	-5.393460344982857e-08	0.000000000000000e+00
102	2	-1.161441360110852e-05	4.688382041693283e-05	4.064806156775849e-06	0.000000000000000e+00
102	3	-1.312467323773641e-05	4.460057622720332e-05	3.236460540138246e-06	0.000000000000000e+00
103	0	-1.290556332477130e-05	4.447483239864586e-05	-5.393460344982857e-08	0.000000000000000e+00
103	1	-1.399288604911599e-05	4.370172050603346e-05	-9.722023971341174e-08	0.000000000000000e+00
103	2	-1.312467323773641e-05	4.460057622720332e-05	3.236460540138246e-06	0.000000000000000e+00
103	3	-1.450673036086502e-05	4.384984073832606e-05	2.488173707327094e-06	0.000000000000000e+00
104	0	-1.399288604911599e-05	4.370172050603346e-05	-9.722023971341174e-08	0.000000000000000e+00
104	1	-1.541692848604713e-05	4.366823173243355e-05	2.683300191405873e-08	0.000000000000000e+00
104	2	-1.450673036086502e-05	4.384984073832606e-05	2.488173707327094e-06	0.000000000000000e+00
104	3	-1.557264012493660e-05	4.358332637179052e-05	1.966458276658430e-06	0.000000000000000e+00
105	0	-1.541692848604713e-05	4.366823173243355e-05	2.683300191405873e-08	0.000000000000000e+00
105	1	-1.603892934324250e-05	4.352415334961640e-05	-5.560593472378169e-08	0.000000000000000e+00
105	2	-1.557264012493660e-05	4.358332637179052e-05	1.966458276658430e-06	0.000000000000000e+00
105	3	-1.626367749922826e-05	4.347894702915595e-05	1.534116771764597e-06	0.000000000000000e+00
106	0	-1.603892934324250e-05	4.352415334961640e-05	-5.560593472378169e-08	0.000000000000000e+00
106	1	-1.665790043543469e-05	4.357025095359909e-05	4.092397396063567e-08	0.000000000000000e+00
106	2	-1.626367749922826e-05	4.347894702915595e-05	1.534116771764597e-06	0.000000000000000e+00
106	3	-1.675987133007930e-05	4.344445273769522e-05	1.285500266489352e-06	0.000000000000000e+00
107	0	-1.665790043543469e-05	4.357025095359909e-05	4.092397396063567e-08	0.000000000000000e+00
107	1	-1.702782828564806e-05	4.347370673686026e-05	-9.507926012236904e-08	0.000000000000000e+00
107	2	-1.675987133007930e-05	4.344445273769522e-05	1.285500266489352e-06	0.000000000000000e+00
107	3	-1.713487003707546e-05	4.340618762737421e-05	9.922060786406498e-07	0.000000000000000e+00
108	0	-1.702782828564806e-05	4.347370673686026e-05	-9.507926012236904e-08	0.000000000000000e+00
108	1	-1.738830020901953e-05	4.326540854877458e-05	5.647515439864302e-09	0.000000000000000e+00
108	2	-1.713487003707546e-05	4.340618762737421e-05	9.922060786406498e-07	0.000000000000000e+00
108	3	-1.752513282006006e-05	4.343130779818329e-05	1.016331031552788e-06	0.000000000000000e+00
109	0	-1.738830020901953e-05	4.326540854877458e-05	5.647515439864302e-09	0.000000000000000e+00
109	1	-1.756273004863531e-05	4.295584813068277e-05	4.737039505241952e-07	0.000000000000000e+00
109	2	-1.752513282006006e-05	4.343130779818329e-05	1.016331031552788e-06	0.000000000000000e+00
109	3	-1.772679664177796e-05	4.338366401776837e-05	7.478579615766731e-07	0.000000000000000e+00
110	0	-1.756273004863531e-05	4.295584813068277e-05	4.737039505241952e-07	0.000000000000000e+00
110	1	-1.762555009695759e-05	4.254326406513697e-05	4.694040084466771e-07	0.000000000000000e+00
110	2	-1.772679664177796e-05	4.338366401776837e-05	7.478579615766731e-07	0.000000000000000e+00
110	3	-1.764824452371657e-05	4.305725742823334e-05	4.768427531777226e-07	0.000000000000000e+00
111	0	-1.762555009695759e-05	4.254326406513697e-05	4.694040084466771e-07	0.000000000000000e+00
111	1	-1.752645370358215e-05	4.188040800715025e-05	-4.709387793047550e-08	0.000000000000000e+00
111	2	-1.764824452371657e-05	4.305725742823334e-05	4.768427531777226e-07	0.000000000000000e+00
111	3	-1.757090565897870e-05	4.271189312699691e-05	6.195179749822304e-08	0.000000000000000e+00
112	0	-1.752645370358215e-05	4.188040800715025e-05	-4.709387793047550e-08	0.000000000000000e+00
112	1	-1.711048311077414e-05	4.130855245191076e-05	-3.444587141125069e-07	0.000000000000000e+00
112	2	-1.757090565897870e-05	4.271189312699691e-05	6.195179749822304e-08	0.000000000000000e+00
112	3	-1.744746898134361e-05	4.230884155130166e-05	-1.057834817463232e-06	0.000000000000000e+00
113	0	-1.711048311077414e-05	4.130855245191076e-05	-3.444587141125069e-07	0.000000000000000e+00
113	1	-1.630813379847903e-05	4.039858014640534e-05	-1.287305785624086e-07	0.000000000000000e+00
113	2	-1.744746898134361e-05	4.230884155130166e-05	-1.057834817463232e-06	0.000000000000000e+00
113	3	-1.707125966989389e-05	4.165303571663472e-05	-1.276343427208064e-06	0.000000000000000e+00
114	0	-1.630813379847903e-05	4.039858014640534e-05	-1.287305785624086e-07	0.000000000000000e+00
114	1	-1.506321638544652e-05	3.917696467123355e-05	7.699975495757077e-08	0.000000000000000e+00
114	2	-1.707125966989389e-05	4.165303571663472e-05	-1.276343427208064e-06	0.000000000000000e+00
114	3	-1.622680636579079e-05	4.036454314833692e-05	-3.285269938797897e-06	0.000000000000000e+00
115	0	-1.506321638544652e-05	3.917696467123355e-05	7.699975495757077e-08	0.000000000000000e+00
115	1	-1.209395665884958e-05	3.773190484209819e-05	-2.534464772980111e-06	0.000000000000000e+00
115	2	-1.622680636579079e-05	4.036454314833692e-05	-3.285269938797897e-06	0.000000000000000e+00
115	3	-1.523386932500238e-05	3.884619236661060e-05	-2.416607180252615e-06	0.000000000000000e+00
116	0	-4.822816534938827e-05	1.273115185685346e-04	-3.051607985938295e-05	0.000000000000000e+00
116	1	-1.094635189284796e-05	5.670339790489710e-05	2.762334934521170e-06	0.000000000000000e+00
116	2	-4.271733914558919e-05	1.190397687042601e-04	-5.888635953145598e-05	0.000000000000000e+00
116	3	-1.282522604153897e-05	5.749579738837376e-05	4.813022114634230e-06	0.000000000000000e+00
117	0	-1.094635189284796e-05	5.670339790489710e-05	2.762334934521170e-06	0.000000000000000e+00
117	1	-1.161441360110852e-05	4.688382041693283e-05	4.064806156775849e-06	0.000000000000000e+00
117	2	-1.282522604153897e-05	5.749579738837376e-05	4.813022114634230e-06	0.000000000000000e+00
117	3	-1.334192508452845e-05	4.808909150533244e-05	7.309644949187149e-06	0.000000000000000e+00
118	0	-1.161441360110852e-05	4.688382041693283e-05	4.064806156775849e-06	0.000000000000000e+00
118	1	-1.312467323773641e-05	4.460057622720332e-05	3.236460540138246e-06	0.000000000000000e+00
118	2	-1.334192508452845e-05	4.808909150533244e-05	7.309644949187149e-06	0.000000000000000e+00
118	3	-1.424472042831225e-05	4.550456272065686e-05	6.100592618296950e-06	0.000000000000000e+00
119	0	-1.312467323773641e-05	4.460057622720332e-05	3.236460540138246e-06	0.000000000000000e+00
119	1	-1.450673036086502e-05	4.384984073832606e-05	2.488173707327094e-06	0.000000000000000e+00
119	2	-1.424472042831225e-05	4.550456272065686e-05	6.100592618296950e-06	0.000000000000000e+00
119	3	-1.562332201088866e-05	4.463683116454753e-05	4.602488405515217e-06	0.000000000000000e+00
120	0	-1.450673036086502e-05	4.384984073832606e-05	2.488173707327094e-06	0.000000000000000e+00
120	1	-1.557264012493660e-05	4.358332637179052e-05	1.966458276658430e-06	0.000000000000000e+00
120	2	-1.562332201088866e-05	4.463683116454753e-05	4.602488405515217e-06	0.000000000000000e+00
120	3	-1.623025480668526e-05	4.414432359525425e-05	3.643441226630840e-06	0.000000000000000e+00
121	0	-1.557264012493660e-05	4.358332637179052e-05	1.966458276658430e-06	0.000000000000000e+00
121	1	-1.626367749922826e-05	4.347894702915595e-05	1.534116771764597e-06	0.000000000000000e+00
121	2	-1.623025480668526e-05	4.414432359525425e-05	3.643441226630840e-06	0.000000000000000e+00
121	3	-1.680325170759967e-05	4.395574248420263e-05	2.875961279406622e-06	0.000000000000000e+00
122	0	-1.626367749922826e-05	4.347894702915595e-05	1.534116771764597e-06	0.000000000000000e+00
122	1	-1.675987133007930e-05	4.344445273769522e-05	1.285500266489352e-06	0.000000000000000e+00
122	2	-1.680325170759967e-05	4.395574248420263e-05	2.875961279406622e-06	0.000000000000000e+00
122	3	-1.723544998681008e-05	4.380658323852632e-05	2.332547926988047e-06	0.000000000000000e+00
123	0	-1.675987133007930e-05	4.344445273769522e-05	1.285500266489352e-06	0.000000000000000e+00
123	1	-1.713487003707546e-05	4.340618762737421e-05	9.922060786406498e-07	0.000000000000000e+00
123	2	-1.723544998681008e-05	4.380658323852632e-05	2.332547926988047e-06	0.000000000000000e+00
123	3	-1.751799401181400e-05	4.373850029881790e-05	2.109010800769556e-06	0.000000000000000e+00
124	0	-1.713487003707546e-05	4.340618762737421e-05	9.922060786406498e-07	0.000000000000000e+00
124	1	-1.752513282006006e-05	4.343130779818329e-05	1.016331031552788e-06	0.000000000000000e+00
124	2	-1.751799401181400e-05	4.373850029881790e-05	2.109010800769556e-06	0.000000000000000e+00
124	3	-1.767396154172302e-05	4.340017851239607e-05	1.381660909097692e-06	0.000000000000000e+00
125	0	-1.752513282006006e-05	4.343130779818329e-05	1.016331031552788e-06	0.000000000000000e+00
125	1	-1.772679664177796e-05	4.338366401776837e-05	7.478579615766731e-07	0.000000000000000e+00
125	2	-1.767396154172302e-05	4.340017851239607e-05	1.381660909097692e-06	0.000000000000000e+00
125	3	-1.771318571337514e-05	4.348861057082137e-05	1.372220476721840e-06	0.000000000000000e+00
126	0	-1.772679664177796e-05	4.338366401776837e-05	7.478579615766731e-07	0.000000000000000e+00
126	1	-1.764824452371657e-05	4.305725742823334e-05	4.768427531777226e-07	0.000000000000000e+00
126	2	-1.771318571337514e-05	4.348861057082137e-05	1.372220476721840e-06	0.000000000000000e+00
126	3	-1.821632509503140e-05	4.367669491044817e-05	5.988925362860188e-07	0.000000000000000e+00
127	0	-1.764824452371657e-05	4.305725742823334e-05	4.768427531777226e-07	0.000000000000000e+00
127	1	-1.757090565897870e-05	4.271189312699691e-05	6.195179749822304e-08	0.000000000000000e+00
127	2	-1.821632509503140e-05	4.367669491044817e-05	5.988925362860188e-07	0.000000000000000e+00
127	3	-1.833514333734773e-05	4.373685964850759e-05	4.509466665319594e-07	0.000000000000000e+00
128	0	-1.757090565897870e-05	4.271189312699691e-05	6.195179749822304e-08	0.000000000000000e+00
128	1	-1.744746898134361e-05	4.230884155130166e-05	-1.057834817463232e-06	0.000000000000000e+00
128	2	-1.833514333734773e-05	4.373685964850759e-05	4.509466665319594e-07	0.000000000000000e+00
128	3	-1.816468153895202e-05	4.302203807184869e-05	-5.908932656658553e-07	0.000000000000000e+00
129	0	-1.744746898134361e-05	4.230884155130166e-05	-1.057834817463232e-06	0.000000000000000e+00
129	1	-1.707125966989389e-05	4.165303571663472e-05	-1.276343427208064e-06	0.000000000000000e+00
129	2	-1.816468153895202e-05	4.302203807184869e-05	-5.908932656658553e-07	0.000000000000000e+00
129	3	-1.788503701729779e-05	4.242151284475099e-05	-1.308368652581303e-06	0.000000000000000e+00
130	0	-1.707125966989389e-05	4.165303571663472e-05	-1.276343427208064e-06	0.000000000000000e+00
130	1	-1.622680636579079e-05	4.036454314833692e-05	-3.285269938797897e-06	0.000000000000000e+00
130	2	-1.788503701729779e-05	4.242151284475099e-05	-1.308368652581303e-06	0.000000000000000e+00
130	3	-1.735565891983931e-05	4.124118605767732e-05	-4.838258894343108e-06	0.000000000000000e+00
131	0	-1.622680636579079e-05	4.036454314833692e-05	-3.285269938797897e-06	0.000000000000000e+00
131	1	-1.523386932500238e-05	3.884619236661060e-05	-2.416607180252615e-06	0.000000000000000e+00
131	2	-1.735565891983931e-05	4.124118605767732e-05	-4.838258894343108e-06	0.000000000000000e+00
131	3	-1.555565580932171e-05	3.865263143022488e-05	-8.279212397218140e-06	0.000000000000000e+00
132	0	-4.271733914558919e-05	1.190397687042601e-04	-5.888635953145598e-05	0.000000000000000e+00
132	1	-1.282522604153897e-05	5.749579738837376e-05	4.813022114634230e-06	0.000000000000000e+00
132	2	-3.407899226671912e-05	1.056949063110495e-04	-8.196175318242398e-05	0.000000000000000e+00
132	3	-1.580559123253481e-05	5.863954604090135e-05	5.269351230795438e-06	0.000000000000000e+00
133	0	-1.282522604153897e-05	5.749579738837376e-05	4.813022114634230e-06	0.000000000000000e+00
133	1	-1.334192508452845e-05	4.808909150533244e-05	7.309644949187149e-06	0.000000000000000e+00
133	2	-1.580559123253481e-05	5.863954604090135e-05	5.269351230795438e-06	0.000000000000000e+00
133	3	-1.597210666929035e-05	4.983014071040337e-05	9.061589239008498e-06	0.000000000000000e+00
134	0	-1.334192508452845e-05	4.808909150533244e-05	7.309644949187149e-06	0.000000000000000e+00
134	1	-1.424472042831225e-05	4.550456272065686e-05	6.100592618296950e-06	0.000000000000000e+00
134	2	-1.597210666929035e-05	4.983014071040337e-05	9.061589239008498e-06	0.000000000000000e+00
134	3	-1.626165954785835e-05	4.690396169191223e-05	7.886549662974992e-06	0.000000000000000e+00
135	0	-1.424472042831225e-05	4.550456272065686e-05	6.100592618296950e-06	0.000000000000000e+00
135	1	-1.562332201088866e-05	4.463683116454753e-05	4.602488405515217e-06	0.000000000000000e+00
135	2	-1.626165954785835e-05	4.690396169191223e-05	7.886549662974992e-06	0.000000000000000e+00
135	3	-1.718839598614959e-05	4.572254231769019e-05	5.891063793188588e-06	0.000000000000000e+00
136	0	-1.562332201088866e-05	4.463683116454753e-05	4.602488405515217e-06	0.000000000000000e+00
136	1	-1.623025480668526e-05	4.414432359525425e-05	3.643441226630840e-06	0.000000000000000e+00
136	2	-1.718839598614959e-05	4.572254231769019e-05	5.891063793188588e-06	0.000000000000000e+00
136	3	-1.731294883867090e-05	4.495272560799005e-05	4.678567898819806e-06	0.000000000000000e+00
137	0	-1.623025480668526e-05	4.414432359525425e-05	3.643441226630840e-06	0.000000000000000e+00
137	1	-1.680325170759967e-05	4.395574248420263e-05	2.875961279406622e-06	0.000000000000000e+00
137	2	-1.731294883867090e-05	4.495272560799005e-05	4.678567898819806e-06	0.000000000000000e+00
137	3	-1.770825072427928e-05	4.460549802185779e-05	3.721549243687939e-06	0.000000000000000e+00
138	0	-1.680325170759967e-05	4.395574248420263e-05	2.875961279406622e-06	0.000000000000000e+00
138	1	-1.723544998681008e-05	4.380658323852632e-05	2.332547926988047e-06	0.000000000000000e+00
138	2	-1.770825072427928e-05	4.460549802185779e-05	3.721549243687939e-06	0.000000000000000e+00
138	3	-1.785492702438934e-05	4.430372605224540e-05	2.998636030672209e-06	0.000000000000000e+00
139	0	-1.723544998681008e-05	4.380658323852632e-05	2.332547926988047e-06	0.000000000000000e+00
139	1	-1.751799401181400e-05	4.373850029881790e-05	2.109010800769556e-06	0.000000000000000e+00
139	2	-1.785492702438934e-05	4.430372605224540e-05	2.998636030672209e-06	0.000000000000000e+00
139	3	-1.784760115791102e-05	4.405453383455093e-05	2.754683028516560e-06	0.000000000000000e+00
140	0	-1.751799401181400e-05	4.373850029881790e-05	2.109010800769556e-06	0.000000000000000e+00
140	1	-1.767396154172302e-05	4.340017851239607e-05	1.381660909097692e-06	0.000000000000000e+00
140	2	-1.784760115791102e-05	4.405453383455093e-05	2.754683028516560e-06	0.000000000000000e+00
140	3	-1.875320043765066e-05	4.422808831586273e-05	1.148593091063677e-06	0.000000000000000e+00
141	0	-1.767396154172302e-05	4.340017851239607e-05	1.381660909097692e-06	0.000000000000000e+00
141	1	-1.771318571337514e-05	4.348861057082137e-05	1.372220476721840e-06	0.000000000000000e+00
141	2	-1.875320043765066e-05	4.422808831586273e-05	1.148593091063677e-06	0.000000000000000e+00
141	3	-1.827874289280731e-05	4.404118971177532e-05	2.782028741679828e-06	0.000000000000000e+00
142	0	-1.771318571337514e-05	4.348861057082137e-05	1.372220476721840e-06	0.000000000000000e+00
142	1	-1.821632509503140e-05	4.367669491044817e-05	5.988925362860188e-07	0.000000000000000e+00
142	2	-1.827874289280731e-05	4.404118971177532e-05	2.782028741679828e-06	0.000000000000000e+00
142	3	-1.816924238100620e-05	4.276054534064838e-05	2.284864905923988e-06	0.000000000000000e+00
143	0	-1.821632509503140e-05	4.367669491044817e-05	5.988925362860188e-07	0.000000000000000e+00
143	1	-1.833514333734773e-05	4.373685964850759e-05	4.509466665319594e-07	0.000000000000000e+00
143	2	-1.816924238100620e-05	4.276054534064838e-05	2.284864905923988e-06	0.000000000000000e+00
143	3	-1.814800892773619e-05	4.269679842122648e-05	1.642899850254500e-06	0.000000000000000e+00
144	0	-1.833514333734773e-05	4.373685964850759e-05	4.509466665319594e-07	0.000000000000000e+00
144	1	-1.816468153895202e-05	4.302203807184869e-05	-5.908932656658553e-07	0.000000000000000e+00
144	2	-1.814800892773619e-05	4.269679842122648e-05	1.642899850254500e-06	0.000000000000000e+00
144	3	-1.864175161728002e-05	4.371725815365443e-05	-2.698574854408955e-07	0.000000000000000e+00
145	0	-1.816468153895202e-05	4.302203807184869e-05	-5.908932656658553e-07	0.000000000000000e+00
145	1	-1.788503701729779e-05	4.242151284475099e-05	-1.308368652581303e-06	0.000000000000000e+00
145	2	-1.864175161728002e-05	4.371725815365443e-05	-2.698574854408955e-07	0.000000000000000e+00
145	3	-1.891287365417297e-05	4.497501230323308e-05	-1.993425478606631e-06	0.000000000000000e+00
146	0	-1.788503701729779e-05	4.242151284475099e-05	-1.308368652581303e-06	0.000000000000000e+00
146	1	-1.735565891983931e-05	4.124118605767732e-05	-4.838258894343108e-06	0.000000000000000e+00
146	2	-1.891287365417297e-05	4.497501230323308e-05	-1.993425478606631e-06	0.000000000000000e+00
146	3	-1.882974366267337e-05	4.509400926375898e-05	-5.362516687523896e-06	0.000000000000000e+00
147	0	-1.735565891983931e-05	4.124118605767732e-05	-4.838258894343108e-06	0.000000000000000e+00
147	1	-1.555565580932171e-05	3.865263143022488e-05	-8.279212397218140e-06	0.000000000000000e+00
147	2	-1.882974366267337e-05	4.509400926375898e-05	-5.362516687523896e-06	0.000000000000000e+00
147	3	-1.841141775792660e-05	4.445537405511116e-05	-1.117237268047751e-05	0.000000000000000e+00
148	0	-3.407899226671912e-05	1.056949063110495e-04	-8.196175318242398e-05	0.000000000000000e+00
148	1	-1.580559123253481e-05	5.863954604090135e-05	5.269351230795438e-06	0.000000000000000e+00
148	2	-2.333135482960104e-05	8.842794532818140e-05	-9.697887894655690e-05	0.000000000000000e+00
148	3	-1.949175463422567e-05	5.979849113824869e-05	3.395128897078473e-06	0.000000000000000e+00
149	0	-1.580559123253481e-05	5.863954604090135e-05	5.269351230795438e-06	0.000000000000000e+00
149	1	-1.597210666929035e-05	4.983014071040337e-05	9.061589239008498e-06	0.000000000000000e+00
149	2	-1.949175463422567e-05	5.979849113824869e-05	3.395128897078473e-06	0.000000000000000e+00
149	3	-1.915145137053718e-05	5.175755367196710e-05	8.746442560533956e-06	0.000000000000000e+00
150	0	-1.597210666929035e-05	4.983014071040337e-05	9.061589239008498e-06	0.000000000000000e+00
150	1	-1.626165954785835e-05	4.690396169191223e-05	7.886549662974992e-06	0.000000000000000e+00
150	2	-1.915145137053718e-05	5.175755367196710e-05	8.746442560533956e-06	0.000000000000000e+00
150	3	-1.894966574949302e-05	4.863212031566329e-05	7.938626058463607e-06	0.000000000000000e+00
151	0	-1.626165954785835e-05	4.690396169191223e-05	7.886549662974992e-06	0.000000000000000e+00
151	1	-1.718839598614959e-05	4.572254231769019e-05	5.891063793188588e-06	0.000000000000000e+00
151	2	-1.894966574949302e-05	4.863212031566329e-05	7.938626058463607e-06	0.000000000000000e+00
151	3	-1.871079426939416e-05	4.690187846764981e-05	6.057038544671496e-06	0.000000000000000e+00
152	0	-1.718839598614959e-05	4.572254231769019e-05	5.891063793188588e-06	0.000000000000000e+00
152	1	-1.731294883867090e-05	4.495272560799005e-05	4.678567898819806e-06	0.000000000000000e+00
152	2	-1.871079426939416e-05	4.690187846764981e-05	6.057038544671496e-06	0.000000000000000e+00
152	3	-1.879277361743062e-05	4.599562997839161e-05	4.689133454716674e-06	0.000000000000000e+00
153	0	-1.731294883867090e-05	4.495272560799005e-05	4.678567898819806e-06	0.000000000000000e+00
153	1	-1.770825072427928e-05	4.460549802185779e-05	3.721549243687939e-06	0.000000000000000e+00
153	2	-1.879277361743062e-05	4.599562997839161e-05	4.689133454716674e-06	0.000000000000000e+00
153	3	-1.869424657766052e-05	4.534813524116079e-05	3.916154099508308e-06	0.000000000000000e+00
154	0	-1.770825072427928e-05	4.460549802185779e-05	3.721549243687939e-06	0.000000000000000e+00
154	1	-1.785492702438934e-05	4.430372605224540e-05	2.998636030672209e-06	0.000000000000000e+00
154	2	-1.869424657766052e-05	4.534813524116079e-05	3.916154099508308e-06	0.000000000000000e+00
154	3	-1.882424674339488e-05	4.493170419286681e-05	2.817364771499177e-06	0.000000000000000e+00
155	0	-1.785492702438934e-05	4.430372605224540e-05	2.998636030672209e-06	0.000000000000000e+00
155	1	-1.784760115791102e-05	4.405453383455093e-05	2.754683028516560e-06	0.000000000000000e+00
155	2	-1.882424674339488e-05	4.493170419286681e-05	2.817364771499177e-06	0.000000000000000e+00
155	3	-1.871214669855285e-05	4.481508364078730e-05	3.008457690838309e-06	0.000000000000000e+00
156	0	-1.784760115791102e-05	4.405453383455093e-05	2.754683028516560e-06	0.000000000000000e+00
156	1	-1.875320043765066e-05	4.422808831586273e-05	1.148593091063677e-06	0.000000000000000e+00
156	2	-1.871214669855285e-05	4.481508364078730e-05	3.008457690838309e-06	0.000000000000000e+00
156	3	-1.847426312801117e-05	4.344529981507769e-05	2.711306100031175e-06	0.000000000000000e+00
157	0	-1.875320043765066e-05	4.422808831586273e-05	1.148593091063677e-06	0.000000000000000e+00
157	1	-1.827874289280731e-05	4.404118971177532e-05	2.782028741679828e-06	0.000000000000000e+00
157	2	-1.847426312801117e-05	4.344529981507769e-05	2.711306100031175e-06	0.000000000000000e+00
157	3	-1.813975128201293e-05	4.447606216113518e-05	2.208805933807412e-06	0.000000000000000e+00
158	0	-1.827874289280731e-05	4.404118971177532e-05	2.782028741679828e-06	0.000000000000000e+00
158	1	-1.816924238100620e-05	4.276054534064838e-05	2.284864905923988e-06	0.000000000000000e+00
158	2	-1.813975128201293e-05	4.447606216113518e-05	2.208805933807412e-06	0.000000000000000e+00
158	3	-1.897624696380847e-05	4.699260634593065e-05	-4.809557687685949e-07	0.000000000000000e+00
159	0	-1.816924238100620e-05	4.276054534064838e-05	2.284864905923988e-06	0.000000000000000e+00
159	1	-1.814800892773619e-05	4.269679842122648e-05	1.642899850254500e-06	0.000000000000000e+00
159	2	-1.897624696380847e-05	4.699260634593065e-05	-4.809557687685949e-07	0.000000000000000e+00
159	3	-1.888219980187152e-05	4.751740015050267e-05	2.337895117443886e-08	0.000000000000000e+00
160	0	-1.814800892773619e-05	4.269679842122648e-05	1.642899850254500e-06	0.000000000000000e+00
160	1	-1.864175161728002e-05	4.371725815365443e-05	-2.698574854408955e-07	0.000000000000000e+00
160	2	-1.888219980187152e-05	4.751740015050267e-05	2.337895117443886e-08	0.000000000000000e+00
160	3	-1.879203324750902e-05	4.409578977751722e-05	9.867279125023759e-07	0.000000000000000e+00
161	0	-1.864175161728002e-05	4.371725815365443e-05	-2.698574854408955e-07	0.000000000000000e+00
161	1	-1.891287365417297e-05	4.497501230323308e-05	-1.993425478606631e-06	0.000000000000000e+00
161	2	-1.879203324750902e-05	4.409578977751722e-05	9.867279125023759e-07	0.000000000000000e+00
161	3	-1.912741417495867e-05	4.377443354364400e-05	6.095859484548435e-07	0.000000000000000e+00
162	0	-1.891287365417297e-05	4.497501230323308e-05	-1.993425478606631e-06	0.000000000000000e+00
162	1	-1.882974366267337e-05	4.509400926375898e-05	-5.362516687523896e-06	0.000000000000000e+00
162	2	-1.912741417495867e-05	4.377443354364400e-05	6.095859484548435e-07	0.000000000000000e+00
162	3	-1.994851963179637e-05	4.572550518621397e-05	-1.704176892271768e-06	0.000000000000000e+00
163	0	-1.882974366267337e-05	4.509400926375898e-05	-5.362516687523896e-06	0.000000000000000e+00
163	1	-1.841141775792660e-05	4.445537405511116e-05	-1.117237268047751e-05	0.000000000000000e+00
163	2	-1.994851963179637e-05	4.572550518621397e-05	-1.704176892271768e-06	0.000000000000000e+00
163	3	-2.135569087636810e-05	4.849447466414322e-05	-6.049303943673811e-06	0.000000000000000e+00
164	0	-2.333135482960104e-05	8.842794532818140e-05	-9.697887894655690e-05	0.000000000000000e+00
164	1	-1.949175463422567e-05	5.979849113824869e-05	3.395128897078473e-06	0.000000000000000e+00
164	2	-1.193136007826581e-05	6.883581514022859e-05	-1.021484891673298e-04	0.000000000000000e+00
164	3	-2.324952937576331e-05	6.039110306092703e-05	-1.172266126367384e-06	0.000000000000000e+00
165	0	-1.949175463422567e-05	5.979849113824869e-05	3.395128897078473e-06	0.000000000000000e+00
165	1	-1.915145137053718e-05	5.175755367196710e-05	8.746442560533956e-06	0.000000000000000e+00
165	2	-2.324952937576331e-05	6.039110306092703e-05	-1.172266126367384e-06	0.000000000000000e+00
165	3	-2.249819346475502e-05	5.347408480456120e-05	6.116149146954627e-06	0.000000000000000e+00
166	0	-1.915145137053718e-05	5.175755367196710e-05	8.746442560533956e-06	0.000000000000000e+00
166	1	-1.894966574949302e-05	4.863212031566329e-05	7.938626058463607e-06	0.000000000000000e+00
166	2	-2.249819346475502e-05	5.347408480456120e-05	6.116149146954627e-06	0.000000000000000e+00
166	3	-2.167225773436276e-05	5.020088046598251e-05	5.809465034246826e-06	0.000000000000000e+00
167	0	-1.894966574949302e-05	4.863212031566329e-05	7.938626058463607e-06	0.000000000000000e+00
167	1	-1.871079426939416e-05	4.690187846764981e-05	6.057038544671496e-06	0.000000000000000e+00
167	2	-2.167225773436276e-05	5.020088046598251e-05	5.809465034246826e-06	0.000000000000000e+00
167	3	-1.995794584770652e-05	4.802221592923690e-05	4.960457501581819e-06	0.000000000000000e+00
168	0	-1.871079426939416e-05	4.690187846764981e-05	6.057038544671496e-06	0.000000000000000e+00
168	1	-1.879277361743062e-05	4.599562997839161e-05	4.689133454716674e-06	0.000000000000000e+00
168	2	-1.995794584770652e-05	4.802221592923690e-05	4.960457501581819e-06	0.000000000000000e+00
168	3	-2.044556304903562e-05	4.694201580583799e-05	3.547363415094227e-06	0.000000000000000e+00
169	0	-1.879277361743062e-05	4.599562997839161e-05	4.689133454716674e-06	0.000000000000000e+00
169	1	-1.869424657766052e-05	4.534813524116079e-05	3.916154099508308e-06	0.000000000000000e+00
169	2	-2.044556304903562e-05	4.694201580583799e-05	3.547363415094227e-06	0.000000000000000e+00
169	3	-1.984287629067571e-05	4.610401178058746e-05	2.982396928074210e-06	0.000000000000000e+00
170	0	-1.869424657766052e-05	4.534813524116079e-05	3.916154099508308e-06	0.000000000000000e+00
170	1	-1.882424674339488e-05	4.493170419286681e-05	2.817364771499177e-06	0.000000000000000e+00
170	2	-1.984287629067571e-05	4.610401178058746e-05	2.982396928074210e-06	0.000000000000000e+00
170	3	-1.948199372902136e-05	4.536209790456820e-05	2.915515847108689e-06	0.000000000000000e+00
171	0	-1.882424674339488e-05	4.493170419286681e-05	2.817364771499177e-06	0.000000000000000e+00
171	1	-1.871214669855285e-05	4.481508364078730e-05	3.008457690838309e-06	0.000000000000000e+00
171	2	-1.948199372902136e-05	4.536209790456820e-05	2.915515847108689e-06	0.000000000000000e+00
171	3	-1.932984801809278e-05	4.504892402519680e-05	1.688905171113127e-06	0.000000000000000e+00
172	0	-1.871214669855285e-05	4.481508364078730e-05	3.008457690838309e-06	0.000000000000000e+00
172	1	-1.847426312801117e-05	4.344529981507769e-05	2.711306100031175e-06	0.000000000000000e+00
172	2	-1.932984801809278e-05	4.504892402519680e-05	1.688905171113127e-06	0.000000000000000e+00
172	3	-1.931294853344060e-05	4.704968362856545e-05	-5.490041815843299e-08	0.000000000000000e+00
173	0	-1.847426312801117e-05	4.344529981507769e-05	2.711306100031175e-06	0.000000000000000e+00
173	1	-1.813975128201293e-05	4.447606216113518e-05	2.208805933807412e-06	0.000000000000000e+00
173	2	-1.931294853344060e-05	4.704968362856545e-05	-5.490041815843299e-08	0.000000000000000e+00
173	3	-1.943379697925782e-05	4.313310725694209e-05	1.538053676564757e-06	0.000000000000000e+00
174	0	-1.813975128201293e-05	4.447606216113518e-05	2.208805933807412e-06	0.000000000000000e+00
174	1	-1.897624696380847e-05	4.699260634593065e-05	-4.809557687685949e-07	0.000000000000000e+00
174	2	-1.943379697925782e-05	4.313310725694209e-05	1.538053676564757e-06	0.000000000000000e+00
174	3	-1.859649051929894e-05	4.135910539136510e-05	3.961855232053418e-06	0.000000000000000e+00
175	0	-1.897624696380847e-05	4.699260634593065e-05	-4.809557687685949e-07	0.000000000000000e+00
175	1	-1.888219980187152e-05	4.751740015050267e-05	2.337895117443886e-08	0.000000000000000e+00
175	2	-1.859649051929894e-05	4.135910539136510e-05	3.961855232053418e-06	0.000000000000000e+00
175	3	-1.882572728197401e-05	4.325317939589740e-05	2.713351702271223e-06	0.000000000000000e+00
176	0	-1.888219980187152e-05	4.751740015050267e-05	2.337895117443886e-08	0.000000000000000e+00
176	1	-1.879203324750902e-05	4.409578977751722e-05	9.867279125023759e-07	0.000000000000000e+00
176	2	-1.882572728197401e-05	4.325317939589740e-05	2.713351702271223e-06	0.000000000000000e+00
176	3	-1.914582289424632e-05	4.481428230810876e-05	1.416579533575684e-06	0.000000000000000e+00
177	0	-1.879203324750902e-05	4.409578977751722e-05	9.867279125023759e-07	0.000000000000000e+00
177	1	-1.912741417495867e-05	4.377443354364400e-05	6.095859484548435e-07	0.000000000000000e+00
177	2	-1.914582289424632e-05	4.481428230810876e-05	1.416579533575684e-06	0.000000000000000e+00
177	3	-1.949414154413173e-05	4.564380490740358e-05	8.858516583741294e-07	0.000000000000000e+00
178	0	-1.912741417495867e-05	4.377443354364400e-05	6.095859484548435e-07	0.000000000000000e+00
178	1	-1.994851963179637e-05	4.572550518621397e-05	-1.704176892271768e-06	0.000000000000000e+00
178	2	-1.949414154413173e-05	4.564380490740358e-05	8.858516583741294e-07	0.000000000000000e+00
178	3	-2.037380469857980e-05	4.693465414868258e-05	7.830009544020101e-07	0.000000000000000e+00
179	0	-1.994851963179637e-05	4.572550518621397e-05	-1.704176892271768e-06	0.000000000000000e+00
179	1	-2.135569087636810e-05	4.849447466414322e-05	-6.049303943673811e-06	0.000000000000000e+00
179	2	-2.037380469857980e-05	4.693465414868258e-05	7.830009544020101e-07	0.000000000000000e+00
179	3	-2.227542995993835e-05	4.966000058769384e-05	2.535499558370916e-08	0.000000000000000e+00
180	0	-1.193136007826581e-05	6.883581514022859e-05	-1.021484891673298e-04	0.000000000000000e+00
180	1	-2.324952937576331e-05	6.039110306092703e-05	-1.172266126367384e-06	0.000000000000000e+00
180	2	-1.624193876023109e-06	4.894095058974222e-05	-9.663376536473751e-05	0.000000000000000e+00
180	3	-2.642972336312991e-05	5.984209511260572e-05	-8.060608200731979e-06	0.000000000000000e+00
181	0	-2.324952937576331e-05	6.039110306092703e-05	-1.172266126367384e-06	0.000000000000000e+00
181	1	-2.249819346475502e-05	5.347408480456120e-05	6.116149146954627e-06	0.000000000000000e+00
181	2	-2.642972336312991e-05	5.984209511260572e-05	-8.060608200731979e-06	0.000000000000000e+00
181	3	-2.551539233906528e-05	5.447820875929616e-05	1.006175673835732e-06	0.000000000000000e+00
182	0	-2.249819346475502e-05	5.347408480456120e-05	6.116149146954627e-06	0.000000000000000e+00
182	1	-2.167225773436276e-05	5.020088046598251e-05	5.809465034246826e-06	0.000000000000000e+00
182	2	-2.551539233906528e-05	5.447820875929616e-05	1.006175673835732e-06	0.000000000000000e+00
182	3	-2.370527046164194e-05	5.119440430648397e-05	1.939590854380921e-06	0.000000000000000e+00
183	0	-2.167225773436276e-05	5.020088046598251e-05	5.809465034246826e-06	0.000000000000000e+00
183	1	-1.995794584770652e-05	4.802221592923690e-05	4.960457501581819e-06	0.000000000000000e+00
183	2	-2.370527046164194e-05	5.119440430648397e-05	1.939590854380921e-06	0.000000000000000e+00
183	3	-2.198414172673439e-05	4.880510328315800e-05	2.505813263725763e-06	0.000000000000000e+00
184	0	-1.995794584770652e-05	4.802221592923690e-05	4.960457501581819e-06	0.000000000000000e+00
184	1	-2.044556304903562e-05	4.694201580583799e-05	3.547363415094227e-06	0.000000000000000e+00
184	2	-2.198414172673439e-05	4.880510328315800e-05	2.505813263725763e-06	0.000000000000000e+00
184	3	-2.202910639572318e-05	4.763585063969944e-05	1.425270309544870e-06	0.000000000000000e+00
185	0	-2.044556304903562e-05	4.694201580583799e-05	3.547363415094227e-06	0.000000000000000e+00
185	1	-1.984287629067571e-05	4.610401178058746e-05	2.982396928074210e-06	0.000000000000000e+00
185	2	-2.202910639572318e-05	4.763585063969944e-05	1.425270309544870e-06	0.000000000000000e+00
185	3	-2.062269514487524e-05	4.641325483667171e-05	1.794209493847349e-06	0.000000000000000e+00
186	0	-1.984287629067571e-05	4.610401178058746e-05	2.982396928074210e-06	0.000000000000000e+00
186	1	-1.948199372902136e-05	4.536209790456820e-05	2.915515847108689e-06	0.000000000000000e+00
186	2	-2.062269514487524e-05	4.641325483667171e-05	1.794209493847349e-06	0.000000000000000e+00
186	3	-2.047629059516034e-05	4.636342025610553e-05	3.457118501933856e-07	0.000000000000000e+00
187	0	-1.948199372902136e-05	4.536209790456820e-05	2.915515847108689e-06	0.000000000000000e+00
187	1	-1.932984801809278e-05	4.504892402519680e-05	1.688905171113127e-06	0.000000000000000e+00
187	2	-2.047629059516034e-05	4.636342025610553e-05	3.457118501933856e-07	0.000000000000000e+00
187	3	-2.003508922431265e-05	4.472292744799755e-05	1.215394652653623e-06	0.000000000000000e+00
188	0	-1.932984801809278e-05	4.504892402519680e-05	1.688905171113127e-06	0.000000000000000e+00
188	1	-1.931294853344060e-05	4.704968362856545e-05	-5.490041815843299e-08	0.000000000000000e+00
188	2	-2.003508922431265e-05	4.472292744799755e-05	1.215394652653623e-06	0.000000000000000e+00
188	3	-1.963857236255891e-05	4.344832556333383e-05	2.953986454394647e-06	0.000000000000000e+00
189	0	-1.931294853344060e-05	4.704968362856545e-05	-5.490041815843299e-08	0.000000000000000e+00
189	1	-1.943379697925782e-05	4.313310725694209e-05	1.538053676564757e-06	0.000000000000000e+00
189	2	-1.963857236255891e-05	4.344832556333383e-05	2.953986454394647e-06	0.000000000000000e+00
189	3	-1.950865023488905e-05	4.525275319562218e-05	8.409701357431408e-07	0.000000000000000e+00
190	0	-1.943379697925782e-05	4.313310725694209e-05	1.538053676564757e-06	0.000000000000000e+00
190	1	-1.859649051929894e-05	4.135910539136510e-05	3.961855232053418e-06	0.000000000000000e+00
190	2	-1.950865023488905e-05	4.525275319562218e-05	8.409701357431408e-07	0.000000000000000e+00
190	3	-1.937259735588414e-05	4.531632480437344e-05	-6.678477630680103e-07	0.000000000000000e+00
191	0	-1.859649051929894e-05	4.135910539136510e-05	3.961855232053418e-06	0.000000000000000e+00
191	1	-1.882572728197401e-05	4.325317939589740e-05	2.713351702271223e-06	0.000000000000000e+00
191	2	-1.937259735588414e-05	4.531632480437344e-05	-6.678477630680103e-07	0.000000000000000e+00
191	3	-1.922956174183493e-05	4.452876333888802e-05	-1.357930818679642e-07	0.000000000000000e+00
192	0	-1.882572728197401e-05	4.325317939589740e-05	2.713351702271223e-06	0.000000000000000e+00
192	1	-1.914582289424632e-05	4.481428230810876e-05	1.416579533575684e-06	0.000000000000000e+00
192	2	-1.922956174183493e-05	4.452876333888802e-05	-1.357930818679642e-07	0.000000000000000e+00
192	3	-1.892337173301529e-05	4.409165956680354e-05	8.253106675160550e-07	0.000000000000000e+00
193	0	-1.914582289424632e-05	4.481428230810876e-05	1.416579533575684e-06	0.000000000000000e+00
193	1	-1.949414154413173e-05	4.564380490740358e-05	8.858516583741294e-07	0.000000000000000e+00
193	2	-1.892337173301529e-05	4.409165956680354e-05	8.253106675160550e-07	0.000000000000000e+00
193	3	-1.922939946358259e-05	4.446662793498023e-05	1.205767666769575e-06	0.000000000000000e+00
194	0	-1.949414154413173e-05	4.564380490740358e-05	8.858516583741294e-07	0.000000000000000e+00
194	1	-2.037380469857980e-05	4.693465414868258e-05	7.830009544020101e-07	0.000000000000000e+00
194	2	-1.922939946358259e-05	4.446662793498023e-05	1.205767666769575e-06	0.000000000000000e+00
194	3	-1.992586402889491e-05	4.531019435650695e-05	2.671807963907857e-06	0.000000000000000e+00
195	0	-2.037380469857980e-05	4.693465414868258e-05	7.830009544020101e-07	0.000000000000000e+00
195	1	-2.227542995993835e-05	4.966000058769384e-05	2.535499558370916e-08	0.000000000000000e+00
195	2	-1.992586402889491e-05	4.531019435650695e-05	2.671807963907857e-06	0.000000000000000e+00
195	3	-2.151841628139316e-05	4.681682403238958e-05	6.248867601315771e-06	0.000000000000000e+00
196	0	-1.624193876023109e-06	4.894095058974222e-05	-9.663376536473751e-05	0.000000000000000e+00
196	1	-2.642972336312991e-05	5.984209511260572e-05	-8.060608200731979e-06	0.000000000000000e+00
196	2	5.476300560169699e-06	3.106037535060480e-05	-8.191728906540400e-05	0.000000000000000e+00
196	3	-2.856604547681738e-05	5.775204041525308e-05	-1.637944030709963e-05	0.000000000000000e+00
197	0	-2.642972336312991e-05	5.984209511260572e-05	-8.060608200731979e-06	0.000000000000000e+00
197	1	-2.551539233906528e-05	5.447820875929616e-05	1.006175673835732e-06	0.000000000000000e+00
197	2	-2.856604547681738e-05	5.775204041525308e-05	-1.637944030709963e-05	0.000000000000000e+00
197	3	-2.738330497246764e-05	5.424346495109222e-05	-6.112649938742702e-06	0.000000000000000e+00
198	0	-2.551539233906528e-05	5.447820875929616e-05	1.006175673835732e-06	0.000000000000000e+00
198	1	-2.370527046164194e-05	5.119440430648397e-05	1.939590854380921e-06	0.000000000000000e+00
198	2	-2.738330497246764e-05	5.424346495109222e-05	-6.112649938742702e-06	0.000000000000000e+00
198	3	-2.505691287555927e-05	5.126347780364853e-05	-2.850654341714047e-06	0.000000000000000e+00
199	0	-2.370527046164194e-05	5.119440430648397e-05	1.939590854380921e-06	0.000000000000000e+00
199	1	-2.198414172673439e-05	4.880510328315800e-05	2.505813263725763e-06	0.000000000000000e+00
199	2	-2.505691287555927e-05	5.126347780364853e-05	-2.850654341714047e-06	0.000000000000000e+00
199	3	-2.361613655648064e-05	4.907059107660722e-05	-1.677088740264463e-06	0.000000000000000e+00
200	0	-2.198414172673439e-05	4.880510328315800e-05	2.505813263725763e-06	0.000000000000000e+00
200	1	-2.202910639572318e-05	4.763585063969944e-05	1.425270309544870e-06	0.000000000000000e+00
200	2	-2.361613655648064e-05	4.907059107660722e-05	-1.677088740264463e-06	0.000000000000000e+00
200	3	-2.184545887162903e-05	4.752280459420803e-05	-7.920532929137851e-07	0.000000000000000e+00
201	0	-2.202910639572318e-05	4.763585063969944e-05	1.425270309544870e-06	0.000000000000000e+00
201	1	-2.062269514487524e-05	4.641325483667171e-05	1.794209493847349e-06	0.000000000000000e+00
201	2	-2.184545887162903e-05	4.752280459420803e-05	-7.920532929137851e-07	0.000000000000000e+00
201	3	-2.145733451575590e-05	4.712942748839644e-05	-1.293617443891022e-06	0.000000000000000e+00
202	0	-2.062269514487524e-05	4.641325483667171e-05	1.794209493847349e-06	0.000000000000000e+00
202	1	-2.047629059516034e-05	4.636342025610553e-05	3.457118501933856e-07	0.000000000000000e+00
202	2	-2.145733451575590e-05	4.712942748839644e-05	-1.293617443891022e-06	0.000000000000000e+00
202	3	-2.102065369608918e-05	4.461968233722619e-05	5.094683694996426e-07	0.000000000000000e+00
203	0	-2.047629059516034e-05	4.636342025610553e-05	3.457118501933856e-07	0.000000000000000e+00
203	1	-2.003508922431265e-05	4.472292744799755e-05	1.215394652653623e-06	0.000000000000000e+00
203	2	-2.102065369608918e-05	4.461968233722619e-05	5.094683694996426e-07	0.000000000000000e+00
203	3	-2.037952699925055e-05	4.595085118727762e-05	-2.991119508635287e-07	0.000000000000000e+00
204	0	-2.003508922431265e-05	4.472292744799755e-05	1.215394652653623e-06	0.000000000000000e+00
204	1	-1.963857236255891e-05	4.344832556333383e-05	2.953986454394647e-06	0.000000000000000e+00
204	2	-2.037952699925055e-05	4.595085118727762e-05	-2.991119508635287e-07	0.000000000000000e+00
204	3	-2.020497599679862e-05	4.533972373573492e-05	-1.818018916416436e-06	0.000000000000000e+00
205	0	-1.963857236255891e-05	4.344832556333383e-05	2.953986454394647e-06	0.000000000000000e+00
205	1	-1.950865023488905e-05	4.525275319562218e-05	8.409701357431408e-07	0.000000000000000e+00
205	2	-2.020497599679862e-05	4.533972373573492e-05	-1.818018916416436e-06	0.000000000000000e+00
205	3	-1.978764474785213e-05	4.439094227544556e-05	-5.242085457832191e-07	0.000000000000000e+00
206	0	-1.950865023488905e-05	4.525275319562218e-05	8.409701357431408e-07	0.000000000000000e+00
206	1	-1.937259735588414e-05	4.531632480437344e-05	-6.678477630680103e-07	0.000000000000000e+00
206	2	-1.978764474785213e-05	4.439094227544556e-05	-5.242085457832191e-07	0.000000000000000e+00
206	3	-1.950372663014632e-05	4.420076543705219e-05	1.129797605085110e-07	0.000000000000000e+00
207	0	-1.937259735588414e-05	4.531632480437344e-05	-6.678477630680103e-07	0.000000000000000e+00
207	1	-1.922956174183493e-05	4.452876333888802e-05	-1.357930818679642e-07	0.000000000000000e+00
207	2	-1.950372663014632e-05	4.420076543705219e-05	1.129797605085110e-07	0.000000000000000e+00
207	3	-1.935015824578709e-05	4.416207732886566e-05	-3.157935975441246e-07	0.000000000000000e+00
208	0	-1.922956174183493e-05	4.452876333888802e-05	-1.357930818679642e-07	0.000000000000000e+00
208	1	-1.892337173301529e-05	4.409165956680354e-05	8.253106675160550e-07	0.000000000000000e+00
208	2	-1.935015824578709e-05	4.416207732886566e-05	-3.157935975441246e-07	0.000000000000000e+00
208	3	-1.954973936256233e-05	4.421309435653259e-05	-6.182863440456628e-07	0.000000000000000e+00
209	0	-1.892337173301529e-05	4.409165956680354e-05	8.253106675160550e-07	0.000000000000000e+00
209	1	-1.922939946358259e-05	4.446662793498023e-05	1.205767666769575e-06	0.000000000000000e+00
209	2	-1.954973936256233e-05	4.421309435653259e-05	-6.182863440456628e-07	0.000000000000000e+00
209	3	-1.966007447960540e-05	4.369375807307494e-05	7.258352947541586e-07	0.000000000000000e+00
210	0	-1.922939946358259e-05	4.446662793498023e-05	1.205767666769575e-06	0.000000000000000e+00
210	1	-1.992586402889491e-05	4.531019435650695e-05	2.671807963907857e-06	0.000000000000000e+00
210	2	-1.966007447960540e-05	4.369375807307494e-05	7.258352947541586e-07	0.000000000000000e+00
210	3	-1.973951906779368e-05	4.348428472775007e-05	1.764941298966631e-06	0.000000000000000e+00
211	0	-1.992586402889491e-05	4.531019435650695e-05	2.671807963907857e-06	0.000000000000000e+00
211	1	-2.151841628139316e-05	4.681682403238958e-05	6.248867601315771e-06	0.000000000000000e+00
211	2	-1.973951906779368e-05	4.348428472775007e-05	1.764941298966631e-06	0.000000000000000e+00
211	3	-1.966440655142392e-05	4.325563614568580e-05	3.839916239155876e-06	0.000000000000000e+00
212	0	5.476300560169699e-06	3.106037535060480e-05	-8.191728906540400e-05	0.000000000000000e+00
212	1	-2.856604547681738e-05	5.775204041525308e-05	-1.637944030709963e-05	0.000000000000000e+00
212	2	8.258131358899562e-06	1.676757385502481e-05	-6.118340392833598e-05	0.000000000000000e+00
212	3	-2.904855599683293e-05	5.375211829543106e-05	-2.512020827342759e-05	0.000000000000000e+00
213	0	-2.856604547681738e-05	5.775204041525308e-05	-1.637944030709963e-05	0.000000000000000e+00
213	1	-2.738330497246764e-05	5.424346495109222e-05	-6.112649938742702e-06	0.000000000000000e+00
213	2	-2.904855599683293e-05	5.375211829543106e-05	-2.512020827342759e-05	0.000000000000000e+00
213	3	-2.777884857652135e-05	5.259125436320084e-05	-1.382398905849211e-05	0.000000000000000e+00
214	0	-2.738330497246764e-05	5.424346495109222e-05	-6.112649938742702e-06	0.000000000000000e+00
214	1	-2.505691287555927e-05	5.126347780364853e-05	-2.850654341714047e-06	0.000000000000000e+00
214	2	-2.777884857652135e-05	5.259125436320084e-05	-1.382398905849211e-05	0.000000000000000e+00
214	3	-2.561941439022782e-05	5.013024527611058e-05	-8.354008212716634e-06	0.000000000000000e+00
215	0	-2.505691287555927e-05	5.126347780364853e-05	-2.850654341714047e-06	0.000000000000000e+00
215	1	-2.361613655648064e-05	4.907059107660722e-05	-1.677088740264463e-06	0.000000000000000e+00
215	2	-2.561941439022782e-05	5.013024527611058e-05	-8.354008212716634e-06	0.000000000000000e+00
215	3	-2.365219095349272e-05	4.851408767026996e-05	-6.222384232826365e-06	0.000000000000000e+00
216	0	-2.361613655648064e-05	4.907059107660722e-05	-1.677088740264463e-06	0.000000000000000e+00
216	1	-2.184545887162903e-05	4.752280459420803e-05	-7.920532929137851e-07	0.000000000000000e+00
216	2	-2.365219095349272e-05	4.851408767026996e-05	-6.222384232826365e-06	0.000000000000000e+00
216	3	-2.250926159881440e-05	4.721364288683041e-05	-3.771823109600974e-06	0.000000000000000e+00
217	0	-2.184545887162903e-05	4.752280459420803e-05	-7.920532929137851e-07	0.000000000000000e+00
217	1	-2.145733451575590e-05	4.712942748839644e-05	-1.293617443891022e-06	0.000000000000000e+00
217	2	-2.250926159881440e-05	4.721364288683041e-05	-3.771823109600974e-06	0.000000000000000e+00
217	3	-2.246212580476713e-05	4.548603694901087e-05	-2.431977727219612e-06	0.000000000000000e+00
218	0	-2.145733451575590e-05	4.712942748839644e-05	-1.293617443891022e-06	0.000000000000000e+00
218	1	-2.102065369608918e-05	4.461968233722619e-05	5.094683694996426e-07	0.000000000000000e+00
218	2	-2.246212580476713e-05	4.548603694901087e-05	-2.431977727219612e-06	0.000000000000000e+00
218	3	-2.067692588499200e-05	4.622540034628199e-05	-3.335549704021351e-06	0.000000000000000e+00
219	0	-2.102065369608918e-05	4.461968233722619e-05	5.094683694996426e-07	0.000000000000000e+00
219	1	-2.037952699925055e-05	4.595085118727762e-05	-2.991119508635287e-07	0.000000000000000e+00
219	2	-2.067692588499200e-05	4.622540034628199e-05	-3.335549704021351e-06	0.000000000000000e+00
219	3	-2.086044802499812e-05	4.500937200030686e-05	-2.412183023649882e-06	0.000000000000000e+00
220	0	-2.037952699925055e-05	4.595085118727762e-05	-2.991119508635287e-07	0.000000000000000e+00
220	1	-2.020497599679862e-05	4.533972373573492e-05	-1.818018916416436e-06	0.000000000000000e+00
220	2	-2.086044802499812e-05	4.500937200030686e-05	-2.412183023649882e-06	0.000000000000000e+00
220	3	-2.026772161283987e-05	4.497280296354939e-05	-9.771029961199752e-07	0.000000000000000e+00
221	0	-2.020497599679862e-05	4.533972373573492e-05	-1.818018916416436e-06	0.000000000000000e+00
221	1	-1.978764474785213e-05	4.439094227544556e-05	-5.242085457832191e-07	0.000000000000000e+00
221	2	-2.026772161283987e-05	4.497280296354939e-05	-9.771029961199752e-07	0.000000000000000e+00
221	3	-1.999723710767893e-05	4.478220202348688e-05	-1.915529038750427e-06	0.000000000000000e+00
222	0	-1.978764474785213e-05	4.439094227544556e-05	-5.242085457832191e-07	0.000000000000000e+00
222	1	-1.950372663014632e-05	4.420076543705219e-05	1.129797605085110e-07	0.000000000000000e+00
222	2	-1.999723710767893e-05	4.478220202348688e-05	-1.915529038750427e-06	0.000000000000000e+00
222	3	-1.992299162657123e-05	4.442865390832857e-05	-2.201416275652730e-06	0.000000000000000e+00
223	0	-1.950372663014632e-05	4.420076543705219e-05	1.129797605085110e-07	0.000000000000000e+00
223	1	-1.935015824578709e-05	4.416207732886566e-05	-3.157935975441246e-07	0.000000000000000e+00
223	2	-1.992299162657123e-05	4.442865390832857e-05	-2.201416275652730e-06	0.000000000000000e+00
223	3	-1.972262599389776e-05	4.425856317860799e-05	-1.520533739770519e-06	0.000000000000000e+00
224	0	-1.935015824578709e-05	4.416207732886566e-05	-3.157935975441246e-07	0.000000000000000e+00
224	1	-1.954973936256233e-05	4.421309435653259e-05	-6.182863440456628e-07	0.000000000000000e+00
224	2	-1.972262599389776e-05	4.425856317860799e-05	-1.520533739770519e-06	0.000000000000000e+00
224	3	-1.994470701538146e-05	4.371511752427086e-05	-7.898837006839067e-07	0.000000000000000e+00
225	0	-1.954973936256233e-05	4.421309435653259e-05	-6.182863440456628e-07	0.000000000000000e+00
225	1	-1.966007447960540e-05	4.369375807307494e-05	7.258352947541586e-07	0.000000000000000e+00
225	2	-1.994470701538146e-05	4.371511752427086e-05	-7.898837006839067e-07	0.000000000000000e+00
225	3	-1.935788733073281e-05	4.421407161883477e-05	-1.244346381364975e-06	0.000000000000000e+00
226	0	-1.966007447960540e-05	4.369375807307494e-05	7.258352947541586e-07	0.000000000000000e+00
226	1	-1.973951906779368e-05	4.348428472775007e-05	1.764941298966631e-06	0.000000000000000e+00
226	2	-1.935788733073281e-05	4.421407161883477e-05	-1.244346381364975e-06	0.000000000000000e+00
226	3	-1.979581907759883e-05	4.348600562312303e-05	8.421467059747421e-08	0.000000000000000e+00
227	0	-1.973951906779368e-05	4.348428472775007e-05	1.764941298966631e-06	0.000000000000000e+00
227	1	-1.966440655142392e-05	4.325563614568580e-05	3.839916239155876e-06	0.000000000000000e+00
227	2	-1.979581907759883e-05	4.348600562312303e-05	8.421467059747421e-08	0.000000000000000e+00
227	3	-1.992512008336613e-05	4.309506726377381e-05	1.594370638419041e-06	0.000000000000000e+00
228	0	8.258131358899562e-06	1.676757385502481e-05	-6.118340392833598e-05	0.000000000000000e+00
228	1	-2.904855599683293e-05	5.375211829543106e-05	-2.512020827342759e-05	0.000000000000000e+00
228	2	6.659281347248770e-06	7.451471549017648e-06	-3.743951173581788e-05	0.000000000000000e+00
228	3	-2.770280743756817e-05	4.810581641421791e-05	-3.294605105021869e-05	0.000000000000000e+00
229	0	-2.904855599683293e-05	5.375211829543106e-05	-2.512020827342759e-05	0.000000000000000e+00
229	1	-2.777884857652135e-05	5.259125436320084e-05	-1.382398905849211e-05	0.000000000000000e+00
229	2	-2.770280743756817e-05	4.810581641421791e-05	-3.294605105021869e-05	0.000000000000000e+00
229	3	-2.679441967894133e-05	4.922642875511406e-05	-2.078830590868225e-05	0.000000000000000e+00
230	0	-2.777884857652135e-05	5.259125436320084e-05	-1.382398905849211e-05	0.000000000000000e+00
230	1	-2.561941439022782e-05	5.013024527611058e-05	-8.354008212716634e-06	0.000000000000000e+00
230	2	-2.679441967894133e-05	4.922642875511406e-05	-2.078830590868225e-05	0.000000000000000e+00
230	3	-2.478059592509738e-05	4.812065200982260e-05	-1.381896262816213e-05	0.000000000000000e+00
231	0	-2.561941439022782e-05	5.013024527611058e-05	-8.354008212716634e-06	0.000000000000000e+00
231	1	-2.365219095349272e-05	4.851408767026996e-05	-6.222384232826365e-06	0.000000000000000e+00
231	2	-2.478059592509738e-05	4.812065200982260e-05	-1.381896262816213e-05	0.000000000000000e+00
231	3	-2.318659075757328e-05	4.670732961079674e-05	-9.838437438885837e-06	0.000000000000000e+00
232	0	-2.365219095349272e-05	4.851408767026996e-05	-6.222384232826365e-06	0.000000000000000e+00
232	1	-2.250926159881440e-05	4.721364288683041e-05	-3.771823109600974e-06	0.000000000000000e+00
232	2	-2.318659075757328e-05	4.670732961079674e-05	-9.838437438885837e-06	0.000000000000000e+00
232	3	-2.225094939834997e-05	4.661031920785773e-05	-6.811857756311765e-06	0.000000000000000e+00
233	0	-2.250926159881440e-05	4.721364288683041e-05	-3.771823109600974e-06	0.000000000000000e+00
233	1	-2.246212580476713e-05	4.548603694901087e-05	-2.431977727219612e-06	0.000000000000000e+00
233	2	-2.225094939834997e-05	4.661031920785773e-05	-6.811857756311765e-06	0.000000000000000e+00
233	3	-2.099475141042231e-05	4.554183916665723e-05	-6.216804064820039e-06	0.000000000000000e+00
234	0	-2.246212580476713e-05	4.548603694901087e-05	-2.431977727219612e-06	0.000000000000000e+00
234	1	-2.067692588499200e-05	4.622540034628199e-05	-3.335549704021351e-06	0.000000000000000e+00
234	2	-2.099475141042231e-05	4.554183916665723e-05	-6.216804064820039e-06	0.000000000000000e+00
234	3	-2.200481089791205e-05	4.495628807941420e-05	-3.386588805598297e-06	0.000000000000000e+00
235	0	-2.067692588499200e-05	4.622540034628199e-05	-3.335549704021351e-06	0.000000000000000e+00
235	1	-2.086044802499812e-05	4.500937200030686e-05	-2.412183023649882e-06	0.000000000000000e+00
235	2	-2.200481089791205e-05	4.495628807941420e-05	-3.386588805598297e-06	0.000000000000000e+00
235	3	-2.009706563645449e-05	4.491895740776570e-05	-3.541102219713392e-06	0.000000000000000e+00
236	0	-2.086044802499812e-05	4.500937200030686e-05	-2.412183023649882e-06	0.000000000000000e+00
236	1	-2.026772161283987e-05	4.497280296354939e-05	-9.771029961199752e-07	0.000000000000000e+00
236	2	-2.009706563645449e-05	4.491895740776570e-05	-3.541102219713392e-06	0.000000000000000e+00
236	3	-1.999534394474943e-05	4.452812324342244e-05	-4.336223233391591e-06	0.000000000000000e+00
237	0	-2.026772161283987e-05	4.497280296354939e-05	-9.771029961199752e-07	0.000000000000000e+00
237	1	-1.999723710767893e-05	4.478220202348688e-05	-1.915529038750427e-06	0.000000000000000e+00
237	2	-1.999534394474943e-05	4.452812324342244e-05	-4.336223233391591e-06	0.000000000000000e+00
237	3	-2.026152208058127e-05	4.445523076140457e-05	-2.765731432943135e-06	0.000000000000000e+00
238	0	-1.999723710767893e-05	4.478220202348688e-05	-1.915529038750427e-06	0.000000000000000e+00
238	1	-1.992299162657123e-05	4.442865390832857e-05	-2.201416275652730e-06	0.000000000000000e+00
238	2	-2.026152208058127e-05	4.445523076140457e-05	-2.765731432943135e-06	0.000000000000000e+00
238	3	-2.006222091470710e-05	4.438324257158899e-05	-1.943073676757252e-06	0.000000000000000e+00
239	0	-1.992299162657123e-05	4.442865390832857e-05	-2.201416275652730e-06	0.000000000000000e+00
239	1	-1.972262599389776e-05	4.425856317860799e-05	-1.520533739770519e-06	0.000000000000000e+00
239	2	-2.006222091470710e-05	4.438324257158899e-05	-1.943073676757252e-06	0.000000000000000e+00
239	3	-1.983622702659447e-05	4.431787334514185e-05	-2.125540111750935e-06	0.000000000000000e+00
240	0	-1.972262599389776e-05	4.425856317860799e-05	-1.520533739770519e-06	0.000000000000000e+00
240	1	-1.994470701538146e-05	4.371511752427086e-05	-7.898837006839067e-07	0.000000000000000e+00
240	2	-1.983622702659447e-05	4.431787334514185e-05	-2.125540111750935e-06	0.000000000000000e+00
240	3	-1.959139322098738e-05	4.389498692497184e-05	-2.198603576721137e-06	0.000000000000000e+00
241	0	-1.994470701538146e-05	4.371511752427086e-05	-7.898837006839067e-07	0.000000000000000e+00
241	1	-1.935788733073281e-05	4.421407161883477e-05	-1.244346381364975e-06	0.000000000000000e+00
241	2	-1.959139322098738e-05	4.389498692497184e-05	-2.198603576721137e-06	0.000000000000000e+00
241	3	-1.983600039567331e-05	4.358125858850194e-05	-7.499189926018377e-07	0.000000000000000e+00
242	0	-1.935788733073281e-05	4.421407161883477e-05	-1.244346381364975e-06	0.000000000000000e+00
242	1	-1.979581907759883e-05	4.348600562312303e-05	8.421467059747421e-08	0.000000000000000e+00
242	2	-1.983600039567331e-05	4.358125858850194e-05	-7.499189926018377e-07	0.000000000000000e+00
242	3	-1.983789771529843e-05	4.336436319801356e-05	2.833573297949212e-07	0.000000000000000e+00
243	0	-1.979581907759883e-05	4.348600562312303e-05	8.421467059747421e-08	0.000000000000000e+00
243	1	-1.992512008336613e-05	4.309506726377381e-05	1.594370638419041e-06	0.000000000000000e+00
243	2	-1.983789771529843e-05	4.336436319801356e-05	2.833573297949212e-07	0.000000000000000e+00
243	3	-1.986406194234573e-05	4.321116959583782e-05	2.108759818156674e-06	0.000000000000000e+00
244	0	6.659281347248770e-06	7.451471549017648e-06	-3.743951173581788e-05	0.000000000000000e+00
244	1	-2.770280743756817e-05	4.810581641421791e-05	-3.294605105021869e-05	0.000000000000000e+00
244	2	7.442224786272720e-07	2.812874833388429e-06	-1.537675195101262e-05	0.000000000000000e+00
244	3	-2.489245983798983e-05	4.117154591451538e-05	-3.835375502439690e-05	0.000000000000000e+00
245	0	-2.770280743756817e-05	4.810581641421791e-05	-3.294605105021869e-05	0.000000000000000e+00
245	1	-2.679441967894133e-05	4.922642875511406e-05	-2.078830590868225e-05	0.000000000000000e+00
245	2	-2.489245983798983e-05	4.117154591451538e-05	-3.835375502439690e-05	0.000000000000000e+00
245	3	-2.434691148911806e-05	4.465632321911741e-05	-2.577980637851772e-05	0.000000000000000e+00
246	0	-2.679441967894133e-05	4.922642875511406e-05	-2.078830590868225e-05	0.000000000000000e+00
246	1	-2.478059592509738e-05	4.812065200982260e-05	-1.381896262816213e-05	0.000000000000000e+00
246	2	-2.434691148911806e-05	4.465632321911741e-05	-2.577980637851772e-05	0.000000000000000e+00
246	3	-2.297077020781645e-05	4.485892436089572e-05	-1.817082093479635e-05	0.000000000000000e+00
247	0	-2.478059592509738e-05	4.812065200982260e-05	-1.381896262816213e-05	0.000000000000000e+00
247	1	-2.318659075757328e-05	4.670732961079674e-05	-9.838437438885837e-06	0.000000000000000e+00
247	2	-2.297077020781645e-05	4.485892436089572e-05	-1.817082093479635e-05	0.000000000000000e+00
247	3	-2.196486694353974e-05	4.505658739238520e-05	-1.226506188644732e-05	0.000000000000000e+00
248	0	-2.318659075757328e-05	4.670732961079674e-05	-9.838437438885837e-06	0.000000000000000e+00
248	1	-2.225094939834997e-05	4.661031920785773e-05	-6.811857756311765e-06	0.000000000000000e+00
248	2	-2.196486694353974e-05	4.505658739238520e-05	-1.226506188644732e-05	0.000000000000000e+00
248	3	-2.103167731888928e-05	4.390347678193918e-05	-9.870330908032921e-06	0.000000000000000e+00
249	0	-2.225094939834997e-05	4.661031920785773e-05	-6.811857756311765e-06	0.000000000000000e+00
249	1	-2.099475141042231e-05	4.554183916665723e-05	-6.216804064820039e-06	0.000000000000000e+00
249	2	-2.103167731888928e-05	4.390347678193918e-05	-9.870330908032921e-06	0.000000000000000e+00
249	3	-2.073638006995596e-05	4.445221092323619e-05	-7.004831775428633e-06	0.000000000000000e+00
250	0	-2.099475141042231e-05	4.554183916665723e-05	-6.216804064820039e-06	0.000000000000000e+00
250	1	-2.200481089791205e-05	4.495628807941420e-05	-3.386588805598297e-06	0.000000000000000e+00
250	2	-2.073638006995596e-05	4.445221092323619e-05	-7.004831775428633e-06	0.000000000000000e+00
250	3	-1.983364928322571e-05	4.404753469349315e-05	-6.673019751177590e-06	0.000000000000000e+00
251	0	-2.200481089791205e-05	4.495628807941420e-05	-3.386588805598297e-06	0.000000000000000e+00
251	1	-2.009706563645449e-05	4.491895740776570e-05	-3.541102219713392e-06	0.000000000000000e+00
251	2	-1.983364928322571e-05	4.404753469349315e-05	-6.673019751177590e-06	0.000000000000000e+00
251	3	-2.049561978830847e-05	4.397935692078888e-05	-4.611137650403188e-06	0.000000000000000e+00
252	0	-2.009706563645449e-05	4.491895740776570e-05	-3.541102219713392e-06	0.000000000000000e+00
252	1	-1.999534394474943e-05	4.452812324342244e-05	-4.336223233391591e-06	0.000000000000000e+00
252	2	-2.049561978830847e-05	4.397935692078888e-05	-4.611137650403188e-06	0.000000000000000e+00
252	3	-2.102655208449181e-05	4.399529822013781e-05	-2.198770974404227e-06	0.000000000000000e+00
253	0	-1.999534394474943e-05	4.452812324342244e-05	-4.336223233391591e-06	0.000000000000000e+00
253	1	-2.026152208058127e-05	4.445523076140457e-05	-2.765731432943135e-06	0.000000000000000e+00
253	2	-2.102655208449181e-05	4.399529822013781e-05	-2.198770974404227e-06	0.000000000000000e+00
253	3	-1.925473408586093e-05	4.393505731982444e-05	-3.372053664021205e-06	0.000000000000000e+00
254	0	-2.026152208058127e-05	4.445523076140457e-05	-2.765731432943135e-06	0.000000000000000e+00
254	1	-2.006222091470710e-05	4.438324257158899e-05	-1.943073676757252e-06	0.000000000000000e+00
254	2	-1.925473408586093e-05	4.393505731982444e-05	-3.372053664021205e-06	0.000000000000000e+00
254	3	-1.891232888232861e-05	4.389443446184707e-05	-4.093227970785217e-06	0.000000000000000e+00
255	0	-2.006222091470710e-05	4.438324257158899e-05	-1.943073676757252e-06	0.000000000000000e+00
255	1	-1.983622702659447e-05	4.431787334514185e-05	-2.125540111750935e-06	0.000000000000000e+00
255	2	-1.891232888232861e-05	4.389443446184707e-05	-4.093227970785217e-06	0.000000000000000e+00
255	3	-1.930612452049576e-05	4.384263265618831e-05	-3.131439014122304e-06	0.000000000000000e+00
256	0	-1.983622702659447e-05	4.431787334514185e-05	-2.125540111750935e-06	0.000000000000000e+00
256	1	-1.959139322098738e-05	4.389498692497184e-05	-2.198603576721137e-06	0.000000000000000e+00
256	2	-1.930612452049576e-05	4.384263265618831e-05	-3.131439014122304e-06	0.000000000000000e+00
256	3	-1.947068652578884e-05	4.399035277992026e-05	-1.983470545943285e-06	0.000000000000000e+00
257	0	-1.959139322098738e-05	4.389498692497184e-05	-2.198603576721137e-06	0.000000000000000e+00
257	1	-1.983600039567331e-05	4.358125858850194e-05	-7.499189926018377e-07	0.000000000000000e+00
257	2	-1.947068652578884e-05	4.399035277992026e-05	-1.983470545943285e-06	0.000000000000000e+00
257	3	-1.901928486042568e-05	4.360962266163773e-05	-1.418662108225996e-06	0.000000000000000e+00
258	0	-1.983600039567331e-05	4.358125858850194e-05	-7.499189926018377e-07	0.000000000000000e+00
258	1	-1.983789771529843e-05	4.336436319801356e-05	2.833573297949212e-07	0.000000000000000e+00
258	2	-1.901928486042568e-05	4.360962266163773e-05	-1.418662108225996e-06	0.000000000000000e+00
258	3	-1.823424954237235e-05	4.291573785724532e-05	6.163411363863060e-08	0.000000000000000e+00
259	0	-1.983789771529843e-05	4.336436319801356e-05	2.833573297949212e-07	0.000000000000000e+00
259	1	-1.986406194234573e-05	4.321116959583782e-05	2.108759818156674e-06	0.000000000000000e+00
259	2	-1.823424954237235e-05	4.291573785724532e-05	6.163411363863060e-08	0.000000000000000e+00
259	3	-1.693258471031044e-05	4.152771819531822e-05	3.234884340587997e-06	0.000000000000000e+00
260	0	7.442224786272720e-07	2.812874833388429e-06	-1.537675195101262e-05	0.000000000000000e+00
260	1	-2.489245983798983e-05	4.117154591451538e-05	-3.835375502439690e-05	0.000000000000000e+00
260	2	-8.193461528199902e-06	2.026230884290267e-06	2.180009838682477e-06	0.000000000000000e+00
260	3	-2.097823806004245e-05	3.342948321962042e-05	-4.006102080687433e-05	0.000000000000000e+00
261	0	-2.489245983798983e-05	4.117154591451538e-05	-3.835375502439690e-05	0.000000000000000e+00
261	1	-2.434691148911806e-05	4.465632321911741e-05	-2.577980637851772e-05	0.000000000000000e+00
261	2	-2.097823806004245e-05	3.342948321962042e-05	-4.006102080687433e-05	0.000000000000000e+00
261	3	-2.094367658952575e-05	3.944524116458045e-05	-2.827153575526176e-05	0.000000000000000e+00
262	0	-2.434691148911806e-05	4.465632321911741e-05	-2.577980637851772e-05	0.000000000000000e+00
262	1	-2.297077020781645e-05	4.485892436089572e-05	-1.817082093479635e-05	0.000000000000000e+00
262	2	-2.094367658952575e-05	3.944524116458045e-05	-2.827153575526176e-05	0.000000000000000e+00
262	3	-2.045315469590177e-05	4.092294298844895e-05	-2.000772797293610e-05	0.000000000000000e+00
263	0	-2.297077020781645e-05	4.485892436089572e-05	-1.817082093479635e-05	0.000000000000000e+00
263	1	-2.196486694353974e-05	4.505658739238520e-05	-1.226506188644732e-05	0.000000000000000e+00
263	2	-2.045315469590177e-05	4.092294298844895e-05	-2.000772797293610e-05	0.000000000000000e+00
263	3	-2.009961416475502e-05	4.276502602239684e-05	-1.400445265394342e-05	0.000000000000000e+00
264	0	-2.196486694353974e-05	4.505658739238520e-05	-1.226506188644732e-05	0.000000000000000e+00
264	1	-2.103167731888928e-05	4.390347678193918e-05	-9.870330908032921e-06	0.000000000000000e+00
264	2	-2.009961416475502e-05	4.276502602239684e-05	-1.400445265394342e-05	0.000000000000000e+00
264	3	-1.967110841389995e-05	4.220589097535474e-05	-1.092463904848209e-05	0.000000000000000e+00
265	0	-2.103167731888928e-05	4.390347678193918e-05	-9.870330908032921e-06	0.000000000000000e+00
265	1	-2.073638006995596e-05	4.445221092323619e-05	-7.004831775428633e-06	0.000000000000000e+00
265	2	-1.967110841389995e-05	4.220589097535474e-05	-1.092463904848209e-05	0.000000000000000e+00
265	3	-1.947227816729048e-05	4.273510894593813e-05	-8.324303336350907e-06	0.000000000000000e+00
266	0	-2.073638006995596e-05	4.445221092323619e-05	-7.004831775428633e-06	0.000000000000000e+00
266	1	-1.983364928322571e-05	4.404753469349315e-05	-6.673019751177590e-06	0.000000000000000e+00
266	2	-1.947227816729048e-05	4.273510894593813e-05	-8.324303336350907e-06	0.000000000000000e+00
266	3	-1.945959032771268e-05	4.296681511733937e-05	-6.203595413640560e-06	0.000000000000000e+00
267	0	-1.983364928322571e-05	4.404753469349315e-05	-6.673019751177590e-06	0.000000000000000e+00
267	1	-2.049561978830847e-05	4.397935692078888e-05	-4.611137650403188e-06	0.000000000000000e+00
267	2	-1.945959032771268e-05	4.296681511733937e-05	-6.203595413640560e-06	0.000000000000000e+00
267	3	-1.928729181749158e-05	4.311891581550235e-05	-5.693523990264049e-06	0.000000000000000e+00
268	0	-2.049561978830847e-05	4.397935692078888e-05	-4.611137650403188e-06	0.000000000000000e+00
268	1	-2.102655208449181e-05	4.399529822013781e-05	-2.198770974404227e-06	0.000000000000000e+00
268	2	-1.928729181749158e-05	4.311891581550235e-05	-5.693523990264049e-06	0.000000000000000e+00
268	3	-1.733908690007931e-05	4.312154345539476e-05	-6.055417570242282e-06	0.000000000000000e+00
269	0	-2.102655208449181e-05	4.399529822013781e-05	-2.198770974404227e-06	0.000000000000000e+00
269	1	-1.925473408586093e-05	4.393505731982444e-05	-3.372053664021205e-06	0.000000000000000e+00
269	2	-1.733908690007931e-05	4.312154345539476e-05	-6.055417570242282e-06	0.000000000000000e+00
269	3	-2.022107307606165e-05	4.289788216363253e-05	-3.755396183957623e-06	0.000000000000000e+00
270	0	-1.925473408586093e-05	4.393505731982444e-05	-3.372053664021205e-06	0.000000000000000e+00
270	1	-1.891232888232861e-05	4.389443446184707e-05	-4.093227970785217e-06	0.000000000000000e+00
270	2	-2.022107307606165e-05	4.289788216363253e-05	-3.755396183957623e-06	0.000000000000000e+00
270	3	-2.142204432212546e-05	4.357921333905474e-05	-9.058273560647476e-07	0.000000000000000e+00
271	0	-1.891232888232861e-05	4.389443446184707e-05	-4.093227970785217e-06	0.000000000000000e+00
271	1	-1.930612452049576e-05	4.384263265618831e-05	-3.131439014122304e-06	0.000000000000000e+00
271	2	-2.142204432212546e-05	4.357921333905474e-05	-9.058273560647476e-07	0.000000000000000e+00
271	3	-1.981758026142598e-05	4.339334501182131e-05	-1.519020126482299e-06	0.000000000000000e+00
272	0	-1.930612452049576e-05	4.384263265618831e-05	-3.131439014122304e-06	0.000000000000000e+00
272	1	-1.947068652578884e-05	4.399035277992026e-05	-1.983470545943285e-06	0.000000000000000e+00
272	2	-1.981758026142598e-05	4.339334501182131e-05	-1.519020126482299e-06	0.000000000000000e+00
272	3	-1.848695686965079e-05	4.315716786083182e-05	-2.110523078661155e-06	0.000000000000000e+00
273	0	-1.947068652578884e-05	4.399035277992026e-05	-1.983470545943285e-06	0.000000000000000e+00
273	1	-1.901928486042568e-05	4.360962266163773e-05	-1.418662108225996e-06	0.000000000000000e+00
273	2	-1.848695686965079e-05	4.315716786083182e-05	-2.110523078661155e-06	0.000000000000000e+00
273	3	-1.773128954260291e-05	4.289552070106029e-05	-2.115154987189528e-06	0.000000000000000e+00
274	0	-1.901928486042568e-05	4.360962266163773e-05	-1.418662108225996e-06	0.000000000000000e+00
274	1	-1.823424954237235e-05	4.291573785724532e-05	6.163411363863060e-08	0.000000000000000e+00
274	2	-1.773128954260291e-05	4.289552070106029e-05	-2.115154987189528e-06	0.000000000000000e+00
274	3	-1.659599282157176e-05	4.217539723473909e-05	-1.815168386125015e-06	0.000000000000000e+00
275	0	-1.823424954237235e-05	4.291573785724532e-05	6.163411363863060e-08	0.000000000000000e+00
275	1	-1.693258471031044e-05	4.152771819531822e-05	3.234884340587997e-06	0.000000000000000e+00
275	2	-1.659599282157176e-05	4.217539723473909e-05	-1.815168386125015e-06	0.000000000000000e+00
275	3	-1.432034384677396e-05	4.060518452700511e-05	-1.998899911576426e-06	0.000000000000000e+00
276	0	-8.193461528199902e-06	2.026230884290267e-06	2.180009838682477e-06	0.000000000000000e+00
276	1	-2.097823806004245e-05	3.342948321962042e-05	-4.006102080687433e-05	0.000000000000000e+00
276	2	-1.866378757344496e-05	4.212151497023286e-06	1.335646173832994e-05	0.000000000000000e+00
276	3	-1.666016099407042e-05	2.583539084926671e-05	-3.775685492687998e-05	0.000000000000000e+00
277	0	-2.097823806004245e-05	3.342948321962042e-05	-4.006102080687433e-05	0.000000000000000e+00
277	1	-2.094367658952575e-05	3.944524116458045e-05	-2.827153575526176e-05	0.000000000000000e+00
277	2	-1.666016099407042e-05	2.583539084926671e-05	-3.775685492687998e-05	0.000000000000000e+00
277	3	-1.709511149974769e-05	3.397971778044806e-05	-2.760704836941550e-05	0.000000000000000e+00
278	0	-2.094367658952575e-05	3.944524116458045e-05	-2.827153575526176e-05	0.000000000000000e+00
278	1	-2.045315469590177e-05	4.092294298844895e-05	-2.000772797293610e-05	0.000000000000000e+00
278	2	-1.709511149974769e-05	3.397971778044806e-05	-2.760704836941550e-05	0.000000000000000e+00
278	3	-1.768028689982250e-05	3.717780787260352e-05	-1.940363531480817e-05	0.000000000000000e+00
279	0	-2.045315469590177e-05	4.092294298844895e-05	-2.000772797293610e-05	0.000000000000000e+00
279	1	-2.009961416475502e-05	4.276502602239684e-05	-1.400445265394342e-05	0.000000000000000e+00
279	2	-1.768028689982250e-05	3.717780787260352e-05	-1.940363531480817e-05	0.000000000000000e+00
279	3	-1.795974363682903e-05	3.945242395472086e-05	-1.400868294532268e-05	0.000000000000000e+00
280	0	-2.009961416475502e-05	4.276502602239684e-05	-1.400445265394342e-05	0.000000000000000e+00
280	1	-1.967110841389995e-05	4.220589097535474e-05	-1.092463904848209e-05	0.000000000000000e+00
280	2	-1.795974363682903e-05	3.945242395472086e-05	-1.400868294532268e-05	0.000000000000000e+00
280	3	-1.812245150925207e-05	4.028140722384236e-05	-1.061743964888914e-05	0.000000000000000e+00
281	0	-1.967110841389995e-05	4.220589097535474e-05	-1.092463904848209e-05	0.000000000000000e+00
281	1	-1.947227816729048e-05	4.273510894593813e-05	-8.324303336350907e-06	0.000000000000000e+00
281	2	-1.812245150925207e-05	4.028140722384236e-05	-1.061743964888914e-05	0.000000000000000e+00
281	3	-1.826061403896351e-05	4.114819066906075e-05	-8.067783401272620e-06	0.000000000000000e+00
282	0	-1.947227816729048e-05	4.273510894593813e-05	-8.324303336350907e-06	0.000000000000000e+00
282	1	-1.945959032771268e-05	4.296681511733937e-05	-6.203595413640560e-06	0.000000000000000e+00
282	2	-1.826061403896351e-05	4.114819066906075e-05	-8.067783401272620e-06	0.000000000000000e+00
282	3	-1.835440894603626e-05	4.149818176864727e-05	-6.735692369130679e-06	0.000000000000000e+00
283	0	-1.945959032771268e-05	4.296681511733937e-05	-6.203595413640560e-06	0.000000000000000e+00
283	1	-1.928729181749158e-05	4.311891581550235e-05	-5.693523990264049e-06	0.000000000000000e+00
283	2	-1.835440894603626e-05	4.149818176864727e-05	-6.735692369130679e-06	0.000000000000000e+00
283	3	-1.826862310262719e-05	4.191933192058525e-05	-4.911069448377070e-06	0.000000000000000e+00
284	0	-1.928729181749158e-05	4.311891581550235e-05	-5.693523990264049e-06	0.000000000000000e+00
284	1	-1.733908690007931e-05	4.312154345539476e-05	-6.055417570242282e-06	0.000000000000000e+00
284	2	-1.826862310262719e-05	4.191933192058525e-05	-4.911069448377070e-06	0.000000000000000e+00
284	3	-1.927450602056037e-05	4.240839010212894e-05	-3.896186346589728e-06	0.000000000000000e+00
285	0	-1.733908690007931e-05	4.312154345539476e-05	-6.055417570242282e-06	0.000000000000000e+00
285	1	-2.022107307606165e-05	4.289788216363253e-05	-3.755396183957623e-06	0.000000000000000e+00
285	2	-1.927450602056037e-05	4.240839010212894e-05	-3.896186346589728e-06	0.000000000000000e+00
285	3	-1.835725016565505e-05	4.286702967095292e-05	-3.367527973720618e-06	0.000000000000000e+00
286	0	-2.022107307606165e-05	4.289788216363253e-05	-3.755396183957623e-06	0.000000000000000e+00
286	1	-2.142204432212546e-05	4.357921333905474e-05	-9.058273560647476e-07	0.000000000000000e+00
286	2	-1.835725016565505e-05	4.286702967095292e-05	-3.367527973720618e-06	0.000000000000000e+00
286	3	-1.632233050490373e-05	4.244119480115362e-05	-4.919997204842747e-06	0.000000000000000e+00
287	0	-2.142204432212546e-05	4.357921333905474e-05	-9.058273560647476e-07	0.000000000000000e+00
287	1	-1.981758026142598e-05	4.339334501182131e-05	-1.519020126482299e-06	0.000000000000000e+00
287	2	-1.632233050490373e-05	4.244119480115362e-05	-4.919997204842747e-06	0.000000000000000e+00
287	3	-1.587402375149397e-05	4.260750452312710e-05	-3.899249172310356e-06	0.000000000000000e+00
288	0	-1.981758026142598e-05	4.339334501182131e-05	-1.519020126482299e-06	0.000000000000000e+00
288	1	-1.848695686965079e-05	4.315716786083182e-05	-2.110523078661155e-06	0.000000000000000e+00
288	2	-1.587402375149397e-05	4.260750452312710e-05	-3.899249172310356e-06	0.000000000000000e+00
288	3	-1.848649885996474e-05	4.277729610790827e-05	-2.446819121722487e-06	0.000000000000000e+00
289	0	-1.848695686965079e-05	4.315716786083182e-05	-2.110523078661155e-06	0.000000000000000e+00
289	1	-1.773128954260291e-05	4.289552070106029e-05	-2.115154987189528e-06	0.000000000000000e+00
289	2	-1.848649885996474e-05	4.277729610790827e-05	-2.446819121722487e-06	0.000000000000000e+00
289	3	-1.867992857932754e-05	4.255920803074750e-05	-2.279981929371648e-06	0.000000000000000e+00
290	0	-1.773128954260291e-05	4.289552070106029e-05	-2.115154987189528e-06	0.000000000000000e+00
290	1	-1.659599282157176e-05	4.217539723473909e-05	-1.815168386125015e-06	0.000000000000000e+00
290	2	-1.867992857932754e-05	4.255920803074750e-05	-2.279981929371648e-06	0.000000000000000e+00
290	3	-1.705642116873535e-05	4.194745179805056e-05	-3.753107330738967e-06	0.000000000000000e+00
291	0	-1.659599282157176e-05	4.217539723473909e-05	-1.815168386125015e-06	0.000000000000000e+00
291	1	-1.432034384677396e-05	4.060518452700511e-05	-1.998899911576426e-06	0.000000000000000e+00
291	2	-1.705642116873535e-05	4.194745179805056e-05	-3.753107330738967e-06	0.000000000000000e+00
291	3	-1.470101725618438e-05	4.081760994991786e-05	-6.839831663792133e-06	0.000000000000000e+00
292	0	-1.866378757344496e-05	4.212151497023286e-06	1.335646173832994e-05	0.000000000000000e+00
292	1	-1.666016099407042e-05	2.583539084926671e-05	-3.775685492687998e-05	0.000000000000000e+00
292	2	-2.876526727800494e-05	7.784487178939328e-06	1.726564221110076e-05	0.000000000000000e+00
292	3	-1.258168065029340e-05	1.918872571848705e-05	-3.177171401274617e-05	0.000000000000000e+00
293	0	-1.666016099407042e-05	2.583539084926671e-05	-3.775685492687998e-05	0.000000000000000e+00
293	1	-1.709511149974769e-05	3.397971778044806e-05	-2.760704836941550e-05	0.000000000000000e+00
293	2	-1.258168065029340e-05	1.918872571848705e-05	-3.177171401274617e-05	0.000000000000000e+00
293	3	-1.344803702174739e-05	2.902273556471933e-05	-2.361625343900525e-05	0.000000000000000e+00
294	0	-1.709511149974769e-05	3.397971778044806e-05	-2.760704836941550e-05	0.000000000000000e+00
294	1	-1.768028689982250e-05	3.717780787260352e-05	-1.940363531480817e-05	0.000000000000000e+00
294	2	-1.344803702174739e-05	2.902273556471933e-05	-2.361625343900525e-05	0.000000000000000e+00
294	3	-1.506496395735841e-05	3.379848869454902e-05	-1.674789848590465e-05	0.000000000000000e+00
295	0	-1.768028689982250e-05	3.717780787260352e-05	-1.940363531480817e-05	0.000000000000000e+00
295	1	-1.795974363682903e-05	3.945242395472086e-05	-1.400868294532268e-05	0.000000000000000e+00
295	2	-1.506496395735841e-05	3.379848869454902e-05	-1.674789848590465e-05	0.000000000000000e+00
295	3	-1.592118602883641e-05	3.676060453680761e-05	-1.215032274168336e-05	0.000000000000000e+00
296	0	-1.795974363682903e-05	3.945242395472086e-05	-1.400868294532268e-05	0.000000000000000e+00
296	1	-1.812245150925207e-05	4.028140722384236e-05	-1.061743964888914e-05	0.000000000000000e+00
296	2	-1.592118602883641e-05	3.676060453680761e-05	-1.215032274168336e-05	0.000000000000000e+00
296	3	-1.667576159585908e-05	3.842863378378886e-05	-9.108203219768726e-06	0.000000000000000e+00
297	0	-1.812245150925207e-05	4.028140722384236e-05	-1.061743964888914e-05	0.000000000000000e+00
297	1	-1.826061403896351e-05	4.114819066906075e-05	-8.067783401272620e-06	0.000000000000000e+00
297	2	-1.667576159585908e-05	3.842863378378886e-05	-9.108203219768726e-06	0.000000000000000e+00
297	3	-1.706983251044946e-05	3.959442097913168e-05	-7.050502599693426e-06	0.000000000000000e+00
298	0	-1.826061403896351e-05	4.114819066906075e-05	-8.067783401272620e-06	0.000000000000000e+00
298	1	-1.835440894603626e-05	4.149818176864727e-05	-6.735692369130679e-06	0.000000000000000e+00
298	2	-1.706983251044946e-05	3.959442097913168e-05	-7.050502599693426e-06	0.000000000000000e+00
298	3	-1.742929876054478e-05	4.041208492763810e-05	-5.608329632686318e-06	0.000000000000000e+00
299	0	-1.835440894603626e-05	4.149818176864727e-05	-6.735692369130679e-06	0.000000000000000e+00
299	1	-1.826862310262719e-05	4.191933192058525e-05	-4.911069448377070e-06	0.000000000000000e+00
299	2	-1.742929876054478e-05	4.041208492763810e-05	-5.608329632686318e-06	0.000000000000000e+00
299	3	-1.771085803334374e-05	4.110635691085721e-05	-4.359469220153058e-06	0.000000000000000e+00
300	0	-1.826862310262719e-05	4.191933192058525e-05	-4.911069448377070e-06	0.000000000000000e+00
300	1	-1.927450602056037e-05	4.240839010212894e-05	-3.896186346589728e-06	0.000000000000000e+00
300	2	-1.771085803334374e-05	4.110635691085721e-05	-4.359469220153058e-06	0.000000000000000e+00
300	3	-1.766247136951956e-05	4.098349381430650e-05	-4.537799244465648e-06	0.000000000000000e+00
301	0	-1.927450602056037e-05	4.240839010212894e-05	-3.896186346589728e-06	0.000000000000000e+00
301	1	-1.835725016565505e-05	4.286702967095292e-05	-3.367527973720618e-06	0.000000000000000e+00
301	2	-1.766247136951956e-05	4.098349381430650e-05	-4.537799244465648e-06	0.000000000000000e+00
301	3	-1.784928937636720e-05	4.161858616310730e-05	-2.322662160804435e-06	0.000000000000000e+00
302	0	-1.835725016565505e-05	4.286702967095292e-05	-3.367527973720618e-06	0.000000000000000e+00
302	1	-1.632233050490373e-05	4.244119480115362e-05	-4.919997204842747e-06	0.000000000000000e+00
302	2	-1.784928937636720e-05	4.161858616310730e-05	-2.322662160804435e-06	0.000000000000000e+00
302	3	-1.892480497800306e-05	4.208863539182023e-05	-1.977398934068178e-06	0.000000000000000e+00
303	0	-1.632233050490373e-05	4.244119480115362e-05	-4.919997204842747e-06	0.000000000000000e+00
303	1	-1.587402375149397e-05	4.260750452312710e-05	-3.899249172310356e-06	0.000000000000000e+00
303	2	-1.892480497800306e-05	4.208863539182023e-05	-1.977398934068178e-06	0.000000000000000e+00
303	3	-1.899902513160246e-05	4.235996137843706e-05	-1.922221194970136e-06	0.000000000000000e+00
304	0	-1.587402375149397e-05	4.260750452312710e-05	-3.899249172310356e-06	0.000000000000000e+00
304	1	-1.848649885996474e-05	4.277729610790827e-05	-2.446819121722487e-06	0.000000000000000e+00
304	2	-1.899902513160246e-05	4.235996137843706e-05	-1.922221194970136e-06	0.000000000000000e+00
304	3	-1.822858381512752e-05	4.219934422235145e-05	-2.992780462697753e-06	0.000000000000000e+00
305	0	-1.848649885996474e-05	4.277729610790827e-05	-2.446819121722487e-06	0.000000000000000e+00
305	1	-1.867992857932754e-05	4.255920803074750e-05	-2.279981929371648e-06	0.000000000000000e+00
305	2	-1.822858381512752e-05	4.219934422235145e-05	-2.992780462697753e-06	0.000000000000000e+00
305	3	-1.724151031528521e-05	4.214705910584527e-05	-4.015787884996538e-06	0.000000000000000e+00
306	0	-1.867992857932754e-05	4.255920803074750e-05	-2.279981929371648e-06	0.000000000000000e+00
306	1	-1.705642116873535e-05	4.194745179805056e-05	-3.753107330738967e-06	0.000000000000000e+00
306	2	-1.724151031528521e-05	4.214705910584527e-05	-4.015787884996538e-06	0.000000000000000e+00
306	3	-1.709515396310610e-05	4.235388688762308e-05	-6.403295548743322e-06	0.000000000000000e+00
307	0	-1.705642116873535e-05	4.194745179805056e-05	-3.753107330738967e-06	0.000000000000000e+00
307	1	-1.470101725618438e-05	4.081760994991786e-05	-6.839831663792133e-06	0.000000000000000e+00
307	2	-1.709515396310610e-05	4.235388688762308e-05	-6.403295548743322e-06	0.000000000000000e+00
307	3	-1.747494606462820e-05	4.273982526901508e-05	-1.079328545979233e-05	0.000000000000000e+00
308	0	-2.876526727800494e-05	7.784487178939328e-06	1.726564221110076e-05	0.000000000000000e+00
308	1	-1.258168065029340e-05	1.918872571848705e-05	-3.177171401274617e-05	0.000000000000000e+00
308	2	-3.684423256863164e-05	1.125924748234265e-05	1.493768105735572e-05	0.000000000000000e+00
308	3	-9.269986104957546e-06	1.408120961134212e-05	-2.276391246930876e-05	0.000000000000000e+00
309	0	-1.258168065029340e-05	1.918872571848705e-05	-3.177171401274617e-05	0.000000000000000e+00
309	1	-1.344803702174739e-05	2.902273556471933e-05	-2.361625343900525e-05	0.000000000000000e+00
309	2	-9.269986104957546e-06	1.408120961134212e-05	-2.276391246930876e-05	0.000000000000000e+00
309	3	-1.058583162910100e-05	2.523621332798393e-05	-1.699495076274259e-05	0.000000000000000e+00
310	0	-1.344803702174739e-05	2.902273556471933e-05	-2.361625343900525e-05	0.000000000000000e+00
310	1	-1.506496395735841e-05	3.379848869454902e-05	-1.674789848590465e-05	0.000000000000000e+00
310	2	-1.058583162910100e-05	2.523621332798393e-05	-1.699495076274259e-05	0.000000000000000e+00
310	3	-1.289022501741707e-05	3.097343767746842e-05	-1.225610835536530e-05	0.000000000000000e+00
311	0	-1.506496395735841e-05	3.379848869454902e-05	-1.674789848590465e-05	0.000000000000000e+00
311	1	-1.592118602883641e-05	3.676060453680761e-05	-1.215032274168336e-05	0.000000000000000e+00
311	2	-1.289022501741707e-05	3.097343767746842e-05	-1.225610835536530e-05	0.000000000000000e+00
311	3	-1.435891883524372e-05	3.494584925782794e-05	-8.819293165421868e-06	0.000000000000000e+00
312	0	-1.592118602883641e-05	3.676060453680761e-05	-1.215032274168336e-05	0.000000000000000e+00
312	1	-1.667576159585908e-05	3.842863378378886e-05	-9.108203219768726e-06	0.000000000000000e+00
312	2	-1.435891883524372e-05	3.494584925782794e-05	-8.819293165421868e-06	0.000000000000000e+00
312	3	-1.545066781883170e-05	3.687198719498405e-05	-6.628307990925655e-06	0.000000000000000e+00
313	0	-1.667576159585908e-05	3.842863378378886e-05	-9.108203219768726e-06	0.000000000000000e+00
313	1	-1.706983251044946e-05	3.959442097913168e-05	-7.050502599693426e-06	0.000000000000000e+00
313	2	-1.545066781883170e-05	3.687198719498405e-05	-6.628307990925655e-06	0.000000000000000e+00
313	3	-1.613039726179117e-05	3.847567091678482e-05	-5.134549855318553e-06	0.000000000000000e+00
314	0	-1.706983251044946e-05	3.959442097913168e-05	-7.050502599693426e-06	0.000000000000000e+00
314	1	-1.742929876054478e-05	4.041208492763810e-05	-5.608329632686318e-06	0.000000000000000e+00
314	2	-1.613039726179117e-05	3.847567091678482e-05	-5.134549855318553e-06	0.000000000000000e+00
314	3	-1.665564437381952e-05	3.941661075876227e-05	-4.087017833063209e-06	0.000000000000000e+00
315	0	-1.742929876054478e-05	4.041208492763810e-05	-5.608329632686318e-06	0.000000000000000e+00
315	1	-1.771085803334374e-05	4.110635691085721e-05	-4.359469220153058e-06	0.000000000000000e+00
315	2	-1.665564437381952e-05	3.941661075876227e-05	-4.087017833063209e-06	0.000000000000000e+00
315	3	-1.700489076370785e-05	4.015887336682029e-05	-3.145756277133852e-06	0.000000000000000e+00
316	0	-1.771085803334374e-05	4.110635691085721e-05	-4.359469220153058e-06	0.000000000000000e+00
316	1	-1.766247136951956e-05	4.098349381430650e-05	-4.537799244465648e-06	0.000000000000000e+00
316	2	-1.700489076370785e-05	4.015887336682029e-05	-3.145756277133852e-06	0.000000000000000e+00
316	3	-1.751279282533544e-05	4.081122605680339e-05	-2.903655699544773e-06	0.000000000000000e+00
317	0	-1.766247136951956e-05	4.098349381430650e-05	-4.537799244465648e-06	0.000000000000000e+00
317	1	-1.784928937636720e-05	4.161858616310730e-05	-2.322662160804435e-06	0.000000000000000e+00
317	2	-1.751279282533544e-05	4.081122605680339e-05	-2.903655699544773e-06	0.000000000000000e+00
317	3	-1.760360191901736e-05	4.128238426415211e-05	-2.275743225618515e-06	0.000000000000000e+00
318	0	-1.784928937636720e-05	4.161858616310730e-05	-2.322662160804435e-06	0.000000000000000e+00
318	1	-1.892480497800306e-05	4.208863539182023e-05	-1.977398934068178e-06	0.000000000000000e+00
318	2	-1.760360191901736e-05	4.128238426415211e-05	-2.275743225618515e-06	0.000000000000000e+00
318	3	-1.759856168021699e-05	4.132199494923944e-05	-2.347095442934355e-06	0.000000000000000e+00
319	0	-1.892480497800306e-05	4.208863539182023e-05	-1.977398934068178e-06	0.000000000000000e+00
319	1	-1.899902513160246e-05	4.235996137843706e-05	-1.922221194970136e-06	0.000000000000000e+00
319	2	-1.759856168021699e-05	4.132199494923944e-05	-2.347095442934355e-06	0.000000000000000e+00
319	3	-1.765446755002486e-05	4.154393487408496e-05	-2.025113189371296e-06	0.000000000000000e+00
320	0	-1.899902513160246e-05	4.235996137843706e-05	-1.922221194970136e-06	0.000000000000000e+00
320	1	-1.822858381512752e-05	4.219934422235145e-05	-2.992780462697753e-06	0.000000000000000e+00
320	2	-1.765446755002486e-05	4.154393487408496e-05	-2.025113189371296e-06	0.000000000000000e+00
320	3	-1.828872964477296e-05	4.196490927722069e-05	-2.443854127229722e-06	0.000000000000000e+00
321	0	-1.822858381512752e-05	4.219934422235145e-05	-2.992780462697753e-06	0.000000000000000e+00
321	1	-1.724151031528521e-05	4.214705910584527e-05	-4.015787884996538e-06	0.000000000000000e+00
321	2	-1.828872964477296e-05	4.196490927722069e-05	-2.443854127229722e-06	0.000000000000000e+00
321	3	-1.880467200703800e-05	4.234521296181091e-05	-2.715739723629224e-06	0.000000000000000e+00
322	0	-1.724151031528521e-05	4.214705910584527e-05	-4.015787884996538e-06	0.000000000000000e+00
322	1	-1.709515396310610e-05	4.235388688762308e-05	-6.403295548743322e-06	0.000000000000000e+00
322	2	-1.880467200703800e-05	4.234521296181091e-05	-2.715739723629224e-06	0.000000000000000e+00
322	3	-1.976197393904357e-05	4.303096047720602e-05	-5.303064422458538e-06	0.000000000000000e+00
323	0	-1.709515396310610e-05	4.235388688762308e-05	-6.403295548743322e-06	0.000000000000000e+00
323	1	-1.747494606462820e-05	4.273982526901508e-05	-1.079328545979233e-05	0.000000000000000e+00
323	2	-1.976197393904357e-05	4.303096047720602e-05	-5.303064422458538e-06	0.000000000000000e+00
323	3	-2.177077206718750e-05	4.459697203319684e-05	-8.027633326037341e-06	0.000000000000000e+00
324	0	-3.684423256863164e-05	1.125924748234265e-05	1.493768105735572e-05	0.000000000000000e+00
324	1	-9.269986104957546e-06	1.408120961134212e-05	-2.276391246930876e-05	0.000000000000000e+00
324	2	-4.190099749173877e-05	1.360492984147029e-05	8.375553809401360e-06	0.000000000000000e+00
324	3	-7.157710651086168e-06	1.092534345513825e-05	-1.177418477508153e-05	0.000000000000000e+00
325	0	-9.269986104957546e-06	1.408120961134212e-05	-2.276391246930876e-05	0.000000000000000e+00
325	1	-1.058583162910100e-05	2.523621332798393e-05	-1.699495076274259e-05	0.000000000000000e+00
325	2	-7.157710651086168e-06	1.092534345513825e-05	-1.177418477508153e-05	0.000000000000000e+00
325	3	-8.840275771370966e-06	2.295565122567020e-05	-8.734562764044202e-06	0.000000000000000e+00
326	0	-1.058583162910100e-05	2.523621332798393e-05	-1.699495076274259e-05	0.000000000000000e+00
326	1	-1.289022501741707e-05	3.097343767746842e-05	-1.225610835536530e-05	0.000000000000000e+00
326	2	-8.840275771370966e-06	2.295565122567020e-05	-8.734562764044202e-06	0.000000000000000e+00
326	3	-1.149662537074800e-05	2.903907762638553e-05	-6.449638962755595e-06	0.000000000000000e+00
327	0	-1.289022501741707e-05	3.097343767746842e-05	-1.225610835536530e-05	0.000000000000000e+00
327	1	-1.435891883524372e-05	3.494584925782794e-05	-8.819293165421868e-06	0.000000000000000e+00
327	2	-1.149662537074800e-05	2.903907762638553e-05	-6.449638962755595e-06	0.000000000000000e+00
327	3	-1.344638829098603e-05	3.393723897400267e-05	-4.582952030318937e-06	0.000000000000000e+00
328	0	-1.435891883524372e-05	3.494584925782794e-05	-8.819293165421868e-06	0.000000000000000e+00
328	1	-1.545066781883170e-05	3.687198719498405e-05	-6.628307990925655e-06	0.000000000000000e+00
328	2	-1.344638829098603e-05	3.393723897400267e-05	-4.582952030318937e-06	0.000000000000000e+00
328	3	-1.469575978896851e-05	3.586999842401559e-05	-3.452063002667787e-06	0.000000000000000e+00
329	0	-1.545066781883170e-05	3.687198719498405e-05	-6.628307990925655e-06	0.000000000000000e+00
329	1	-1.613039726179117e-05	3.847567091678482e-05	-5.134549855318553e-06	0.000000000000000e+00
329	2	-1.469575978896851e-05	3.586999842401559e-05	-3.452063002667787e-06	0.000000000000000e+00
329	3	-1.558520083749017e-05	3.775532892152425e-05	-2.682941794679867e-06	0.000000000000000e+00
330	0	-1.613039726179117e-05	3.847567091678482e-05	-5.134549855318553e-06	0.000000000000000e+00
330	1	-1.665564437381952e-05	3.941661075876227e-05	-4.087017833063209e-06	0.000000000000000e+00
330	2	-1.558520083749017e-05	3.775532892152425e-05	-2.682941794679867e-06	0.000000000000000e+00
330	3	-1.618772566670427e-05	3.884822239792826e-05	-2.109391240810856e-06	0.000000000000000e+00
331	0	-1.665564437381952e-05	3.941661075876227e-05	-4.087017833063209e-06	0.000000000000000e+00
331	1	-1.700489076370785e-05	4.015887336682029e-05	-3.145756277133852e-06	0.000000000000000e+00
331	2	-1.618772566670427e-05	3.884822239792826e-05	-2.109391240810856e-06	0.000000000000000e+00
331	3	-1.666326845803167e-05	3.975302830450257e-05	-1.744015025289798e-06	0.000000000000000e+00
332	0	-1.700489076370785e-05	4.015887336682029e-05	-3.145756277133852e-06	0.000000000000000e+00
332	1	-1.751279282533544e-05	4.081122605680339e-05	-2.903655699544773e-06	0.000000000000000e+00
332	2	-1.666326845803167e-05	3.975302830450257e-05	-1.744015025289798e-06	0.000000000000000e+00
332	3	-1.696174698517604e-05	4.016149332289084e-05	-1.303262086461309e-06	0.000000000000000e+00
333	0	-1.751279282533544e-05	4.081122605680339e-05	-2.903655699544773e-06	0.000000000000000e+00
333	1	-1.760360191901736e-05	4.128238426415211e-05	-2.275743225618515e-06	0.000000000000000e+00
333	2	-1.696174698517604e-05	4.016149332289084e-05	-1.303262086461309e-06	0.000000000000000e+00
333	3	-1.725620825309034e-05	4.075242313728833e-05	-1.160894062896602e-06	0.000000000000000e+00
334	0	-1.760360191901736e-05	4.128238426415211e-05	-2.275743225618515e-06	0.000000000000000e+00
334	1	-1.759856168021699e-05	4.132199494923944e-05	-2.347095442934355e-06	0.000000000000000e+00
334	2	-1.725620825309034e-05	4.075242313728833e-05	-1.160894062896602e-06	0.000000000000000e+00
334	3	-1.769273287069626e-05	4.127690956909434e-05	-1.075669283857731e-06	0.000000000000000e+00
335	0	-1.759856168021699e-05	4.132199494923944e-05	-2.347095442934355e-06	0.000000000000000e+00
335	1	-1.765446755002486e-05	4.154393487408496e-05	-2.025113189371296e-06	0.000000000000000e+00
335	2	-1.769273287069626e-05	4.127690956909434e-05	-1.075669283857731e-06	0.000000000000000e+00
335	3	-1.810209576442169e-05	4.172094655849807e-05	-1.170536693696121e-06	0.000000000000000e+00
336	0	-1.765446755002486e-05	4.154393487408496e-05	-2.025113189371296e-06	0.000000000000000e+00
336	1	-1.828872964477296e-05	4.196490927722069e-05	-2.443854127229722e-06	0.000000000000000e+00
336	2	-1.810209576442169e-05	4.172094655849807e-05	-1.170536693696121e-06	0.000000000000000e+00
336	3	-1.852560195024250e-05	4.213766255646687e-05	-1.841415965682239e-06	0.000000000000000e+00
337	0	-1.828872964477296e-05	4.196490927722069e-05	-2.443854127229722e-06	0.000000000000000e+00
337	1	-1.880467200703800e-05	4.234521296181091e-05	-2.715739723629224e-06	0.000000000000000e+00
337	2	-1.852560195024250e-05	4.213766255646687e-05	-1.841415965682239e-06	0.000000000000000e+00
337	3	-1.912968532979282e-05	4.259076948448190e-05	-1.861090201510203e-06	0.000000000000000e+00
338	0	-1.880467200703800e-05	4.234521296181091e-05	-2.715739723629224e-06	0.000000000000000e+00
338	1	-1.976197393904357e-05	4.303096047720602e-05	-5.303064422458538e-06	0.000000000000000e+00
338	2	-1.912968532979282e-05	4.259076948448190e-05	-1.861090201510203e-06	0.000000000000000e+00
338	3	-2.024714326558608e-05	4.355241415280009e-05	-3.355833001492455e-06	0.000000000000000e+00
339	0	-1.976197393904357e-05	4.303096047720602e-05	-5.303064422458538e-06	0.000000000000000e+00
339	1	-2.177077206718750e-05	4.459697203319684e-05	-8.027633326037341e-06	0.000000000000000e+00
339	2	-2.024714326558608e-05	4.355241415280009e-05	-3.355833001492455e-06	0.000000000000000e+00
339	3	-2.156430582045080e-05	4.454743139254943e-05	-2.803385920990748e-06	0.000000000000000e+00
340	0	-4.190099749173877e-05	1.360492984147029e-05	8.375553809401360e-06	0.000000000000000e+00
340	1	-7.157710651086168e-06	1.092534345513825e-05	-1.177418477508153e-05	0.000000000000000e+00
340	2	-4.345276693104637e-05	1.428646282266486e-05	-1.311145655824331e-07	0.000000000000000e+00
340	3	-6.375928732632309e-06	9.881626551737578e-06	-3.473038280964592e-08	0.000000000000000e+00
341	0	-7.157710651086168e-06	1.092534345513825e-05	-1.177418477508153e-05	0.000000000000000e+00
341	1	-8.840275771370966e-06	2.295565122567020e-05	-8.734562764044202e-06	0.000000000000000e+00
341	2	-6.375928732632309e-06	9.881626551737578e-06	-3.473038280964592e-08	0.000000000000000e+00
341	3	-8.255947474180366e-06	2.226249436998682e-05	7.711260220904376e-08	0.000000000000000e+00
342	0	-8.840275771370966e-06	2.295565122567020e-05	-8.734562764044202e-06	0.000000000000000e+00
342	1	-1.149662537074800e-05	2.903907762638553e-05	-6.449638962755595e-06	0.000000000000000e+00
342	2	-8.255947474180366e-06	2.226249436998682e-05	7.711260220904376e-08	0.000000000000000e+00
342	3	-1.087432622947450e-05	2.822587359125101e-05	-5.996980658031859e-08	0.000000000000000e+00
343	0	-1.149662537074800e-05	2.903907762638553e-05	-6.449638962755595e-06	0.000000000000000e+00
343	1	-1.344638829098603e-05	3.393723897400267e-05	-4.582952030318937e-06	0.000000000000000e+00
343	2	-1.087432622947450e-05	2.822587359125101e-05	-5.996980658031859e-08	0.000000000000000e+00
343	3	-1.306919926305196e-05	3.375692710095918e-05	-1.077449376574082e-07	0.000000000000000e+00
344	0	-1.344638829098603e-05	3.393723897400267e-05	-4.582952030318937e-06	0.000000000000000e+00
344	1	-1.469575978896851e-05	3.586999842401559e-05	-3.452063002667787e-06	0.000000000000000e+00
344	2	-1.306919926305196e-05	3.375692710095918e-05	-1.077449376574082e-07	0.000000000000000e+00
344	3	-1.421971284737021e-05	3.547106694744109e-05	2.338431979108900e-08	0.000000000000000e+00
345	0	-1.469575978896851e-05	3.586999842401559e-05	-3.452063002667787e-06	0.000000000000000e+00
345	1	-1.558520083749017e-05	3.775532892152425e-05	-2.682941794679867e-06	0.000000000000000e+00
345	2	-1.421971284737021e-05	3.547106694744109e-05	2.338431979108900e-08	0.000000000000000e+00
345	3	-1.525795240652731e-05	3.756103619017162e-05	-6.084337325640028e-08	0.000000000000000e+00
346	0	-1.558520083749017e-05	3.775532892152425e-05	-2.682941794679867e-06	0.000000000000000e+00
346	1	-1.618772566670427e-05	3.884822239792826e-05	-2.109391240810856e-06	0.000000000000000e+00
346	2	-1.525795240652731e-05	3.756103619017162e-05	-6.084337325640028e-08	0.000000000000000e+00
346	3	-1.583583872173850e-05	3.860487604766529e-05	3.133366730369378e-08	0.000000000000000e+00
347	0	-1.618772566670427e-05	3.884822239792826e-05	-2.109391240810856e-06	0.000000000000000e+00
347	1	-1.666326845803167e-05	3.975302830450257e-05	-1.744015025289798e-06	0.000000000000000e+00
347	2	-1.583583872173850e-05	3.860487604766529e-05	3.133366730369378e-08	0.000000000000000e+00
347	3	-1.641784576947509e-05	3.960931367801311e-05	-8.310782966393197e-08	0.000000000000000e+00
348	0	-1.666326845803167e-05	3.975302830450257e-05	-1.744015025289798e-06	0.000000000000000e+00
348	1	-1.696174698517604e-05	4.016149332289084e-05	-1.303262086461309e-06	0.000000000000000e+00
348	2	-1.641784576947509e-05	3.960931367801311e-05	-8.310782966393197e-08	0.000000000000000e+00
348	3	-1.691992541617067e-05	4.000547414081054e-05	1.524686221062430e-08	0.000000000000000e+00
349	0	-1.696174698517604e-05	4.016149332289084e-05	-1.303262086461309e-06	0.000000000000000e+00
349	1	-1.725620825309034e-05	4.075242313728833e-05	-1.160894062896602e-06	0.000000000000000e+00
349	2	-1.691992541617067e-05	4.000547414081054e-05	1.524686221062430e-08	0.000000000000000e+00
349	3	-1.745552538307818e-05	4.071851958247371e-05	4.097113013511958e-07	0.000000000000000e+00
350	0	-1.725620825309034e-05	4.075242313728833e-05	-1.160894062896602e-06	0.000000000000000e+00
350	1	-1.769273287069626e-05	4.127690956909434e-05	-1.075669283857731e-06	0.000000000000000e+00
350	2	-1.745552538307818e-05	4.071851958247371e-05	4.097113013511958e-07	0.000000000000000e+00
350	3	-1.795748736179749e-05	4.112582872990666e-05	4.224941945627175e-07	0.000000000000000e+00
351	0	-1.769273287069626e-05	4.127690956909434e-05	-1.075669283857731e-06	0.000000000000000e+00
351	1	-1.810209576442169e-05	4.172094655849807e-05	-1.170536693696121e-06	0.000000000000000e+00
351	2	-1.795748736179749e-05	4.112582872990666e-05	4.224941945627175e-07	0.000000000000000e+00
351	3	-1.862391000815634e-05	4.160947965551147e-05	1.521526029773818e-08	0.000000000000000e+00
352	0	-1.810209576442169e-05	4.172094655849807e-05	-1.170536693696121e-06	0.000000000000000e+00
352	1	-1.852560195024250e-05	4.213766255646687e-05	-1.841415965682239e-06	0.000000000000000e+00
352	2	-1.862391000815634e-05	4.160947965551147e-05	1.521526029773818e-08	0.000000000000000e+00
352	3	-1.917781621296988e-05	4.224126284212096e-05	-2.309120996541760e-07	0.000000000000000e+00
353	0	-1.852560195024250e-05	4.213766255646687e-05	-1.841415965682239e-06	0.000000000000000e+00
353	1	-1.912968532979282e-05	4.259076948448190e-05	-1.861090201510203e-06	0.000000000000000e+00
353	2	-1.917781621296988e-05	4.224126284212096e-05	-2.309120996541760e-07	0.000000000000000e+00
353	3	-2.000250615151770e-05	4.307152175935216e-05	-7.717352578583849e-08	0.000000000000000e+00
354	0	-1.912968532979282e-05	4.259076948448190e-05	-1.861090201510203e-06	0.000000000000000e+00
354	1	-2.024714326558608e-05	4.355241415280009e-05	-3.355833001492455e-06	0.000000000000000e+00
354	2	-2.000250615151770e-05	4.307152175935216e-05	-7.717352578583849e-08	0.000000000000000e+00
354	3	-2.107397989604735e-05	4.426977098005725e-05	9.682902544649247e-08	0.000000000000000e+00
355	0	-2.024714326558608e-05	4.355241415280009e-05	-3.355833001492455e-06	0.000000000000000e+00
355	1	-2.156430582045080e-05	4.454743139254943e-05	-2.803385920990748e-06	0.000000000000000e+00
355	2	-2.107397989604735e-05	4.426977098005725e-05	9.682902544649247e-08	0.000000000000000e+00
355	3	-2.253011671434290e-05	4.670818277932543e-05	-1.642340362794029e-06	0.000000000000000e+00
