要素番号	頂点番号	xx	yy	xy	zz
0	0	5.215852694794198e+00	6.526529789023384e+00	0.000000000000000e+00	3.522714745145274e+00
0	1	-7.561982482631865e+01	-1.551083097338459e+02	2.717495423707411e+01	-6.921844036804937e+01
0	2	-1.181331264038529e+02	-4.704754338915809e+01	3.112090027343674e+01	-4.955420093790331e+01
0	3	6.038311168325158e+01	7.626245009896799e+01	-1.388254190817974e+01	4.099366853466587e+01
1	0	-7.561982482631866e+01	-1.551083097338459e+02	2.717495423707412e+01	-6.921844036804937e+01
1	1	-1.132631282249599e+02	-2.649943518006937e+02	1.638568007337985e+01	-1.134772440076960e+02
1	2	6.038311168325154e+01	7.626245009896796e+01	-1.388254190817973e+01	4.099366853466584e+01
1	3	1.241239340955152e+01	7.443965204564228e+01	-2.950744565505189e+00	2.605561363655815e+01
2	0	-1.132631282249599e+02	-2.649943518006937e+02	1.638568007337986e+01	-1.134772440076960e+02
2	1	-1.696472154028016e+01	-3.043779869783487e+01	1.057176717291521e+00	-1.422075607143451e+01
2	2	1.241239340955150e+01	7.443965204564228e+01	-2.950744565505192e+00	2.605561363655814e+01
2	3	2.932529098056022e+00	1.980289846960675e+01	3.054298838575304e+00	6.820628270298831e+00
3	0	-1.696472154028016e+01	-3.043779869783488e+01	1.057176717291522e+00	-1.422075607143451e+01
3	1	-6.414883988375202e-01	9.087842248524934e+00	3.055747229730386e-01	2.533906154906224e+00
3	2	2.932529098056019e+00	1.980289846960675e+01	3.054298838575305e+00	6.820628270298830e+00
3	3	3.638467504547114e-01	1.033242760552776e+01	-3.187692614381837e-01	3.208882306794742e+00
4	0	-6.414883988375202e-01	9.087842248524934e+00	3.055747229730386e-01	2.533906154906224e+00
4	1	7.569742449912198e-01	1.113366483311486e+01	-2.382042838005008e-01	3.567191723431823e+00
4	2	3.638467504547114e-01	1.033242760552776e+01	-3.187692614381837e-01	3.208882306794742e+00
4	3	-2.032053702529586e-01	9.715390191334638e+00	1.363202230218224e-01	2.853655446324504e+00
5	0	7.569742449912162e-01	1.113366483311485e+01	-2.382042838005030e-01	3.567191723431820e+00
5	1	-4.405796078617099e-01	9.430408698540219e+00	1.567199126871751e-01	2.696948727203553e+00
5	2	-2.032053702529559e-01	9.715390191334642e+00	1.363202230218220e-01	2.853655446324506e+00
5	3	1.436740129905818e-01	1.014257093331204e+01	-3.465531250464481e-02	3.085873483890787e+00
6	0	-4.405796078617117e-01	9.430408698540219e+00	1.567199126871751e-01	2.696948727203552e+00
6	1	2.588373650479765e-01	1.022352253331401e+01	-9.357852898847631e-02	3.144707969508596e+00
6	2	1.436740129905809e-01	1.014257093331204e+01	-3.465531250464474e-02	3.085873483890786e+00
6	3	-8.198794842434065e-02	9.920202678785586e+00	3.151529597245126e-02	2.951464419108373e+00
7	0	2.588373650479765e-01	1.022352253331401e+01	-9.357852898847413e-02	3.144707969508596e+00
7	1	-1.395915757242330e-01	9.872684980347431e+00	5.485776362917516e-02	2.919928021386959e+00
7	2	-8.198794842434154e-02	9.920202678785586e+00	3.151529597245269e-02	2.951464419108373e+00
7	3	2.828116388859936e-02	9.992709809170471e+00	-2.614518182087842e-03	3.006297291917721e+00
8	0	-1.395915757242330e-01	9.872684980347431e+00	5.485776362917516e-02	2.919928021386959e+00
8	1	2.004536684061886e-02	9.980592651746155e+00	-3.432735775198129e-02	3.000191405576032e+00
8	2	2.828116388859936e-02	9.992709809170471e+00	-2.614518182087842e-03	3.006297291917721e+00
8	3	-2.661769436284889e-02	9.948605140550146e+00	7.575873911770200e-03	2.976596233856189e+00
9	0	2.004536684061708e-02	9.980592651746152e+00	-3.432735775198457e-02	3.000191405576031e+00
9	1	1.354081971663090e-01	9.963005695659664e+00	-3.678304533001595e-03	3.029524167847792e+00
9	2	-2.661769436284533e-02	9.948605140550143e+00	7.575873911769141e-03	2.976596233856190e+00
9	3	-3.928067947398262e-02	9.933104468980465e+00	1.254861697614822e-03	2.968147136851945e+00
10	0	-1.181331264038529e+02	-4.704754338915808e+01	3.112090027343674e+01	-4.955420093790330e+01
10	1	6.038311168325157e+01	7.626245009896795e+01	-1.388254190817973e+01	4.099366853466586e+01
10	2	-2.039615629326971e+02	-6.278948574270925e+01	1.999873522563099e+01	-8.002531460262189e+01
10	3	5.038119389498170e+01	2.126663981022384e+01	-4.644277085613440e+00	2.149435011156166e+01
11	0	6.038311168325153e+01	7.626245009896792e+01	-1.388254190817973e+01	4.099366853466583e+01
11	1	1.241239340955151e+01	7.443965204564226e+01	-2.950744565505189e+00	2.605561363655813e+01
11	2	5.038119389498167e+01	2.126663981022383e+01	-4.644277085613436e+00	2.149435011156165e+01
11	3	-9.585682559443605e+00	7.400174493998435e-01	-1.724390108615115e+00	-2.653699533013129e+00
12	0	1.241239340955149e+01	7.443965204564225e+01	-2.950744565505192e+00	2.605561363655812e+01
12	1	2.932529098056024e+00	1.980289846960675e+01	3.054298838575303e+00	6.820628270298833e+00
12	2	-9.585682559443610e+00	7.400174493998382e-01	-1.724390108615117e+00	-2.653699533013131e+00
12	3	2.946194518961232e-02	9.389062568707704e+00	-6.691417775252112e-02	2.825557354169195e+00
13	0	2.932529098056025e+00	1.980289846960675e+01	3.054298838575303e+00	6.820628270298834e+00
13	1	3.638467504547158e-01	1.033242760552777e+01	-3.187692614381844e-01	3.208882306794746e+00
13	2	2.946194518961320e-02	9.389062568707704e+00	-6.691417775252098e-02	2.825557354169195e+00
13	3	-1.640506267479465e-01	1.003313509353217e+01	4.607013767032486e-02	2.960725340035266e+00
14	0	3.638467504547158e-01	1.033242760552777e+01	-3.187692614381844e-01	3.208882306794746e+00
14	1	-2.032053702529586e-01	9.715390191334638e+00	1.363202230218215e-01	2.853655446324503e+00
14	2	-1.640506267479465e-01	1.003313509353217e+01	4.607013767032486e-02	2.960725340035266e+00
14	3	1.717377296493972e-02	1.002740905411149e+01	3.352530533710396e-02	3.013374848122930e+00
15	0	-2.032053702529559e-01	9.715390191334638e+00	1.363202230218216e-01	2.853655446324504e+00
15	1	1.436740129905765e-01	1.014257093331203e+01	-3.465531250464517e-02	3.085873483890783e+00
15	2	1.717377296494060e-02	1.002740905411150e+01	3.352530533710273e-02	3.013374848122932e+00
15	3	-2.798315142657604e-02	9.996906119880798e+00	1.028797225242911e-02	2.990676890536267e+00
16	0	1.436740129905818e-01	1.014257093331204e+01	-3.465531250464431e-02	3.085873483890786e+00
16	1	-8.198794842433799e-02	9.920202678785587e+00	3.151529597244924e-02	2.951464419108375e+00
16	2	-2.798315142657248e-02	9.996906119880801e+00	1.028797225242894e-02	2.990676890536268e+00
16	3	-5.070103665173242e-03	9.989162597002752e+00	2.006310079396614e-02	2.995227748001274e+00
17	0	-8.198794842434154e-02	9.920202678785586e+00	3.151529597245081e-02	2.951464419108373e+00
17	1	2.828116388860025e-02	9.992709809170471e+00	-2.614518182086611e-03	3.006297291917722e+00
17	2	-5.070103665168801e-03	9.989162597002757e+00	2.006310079396498e-02	2.995227748001277e+00
17	3	-1.744694830981786e-02	9.972121305759647e+00	7.046669490417923e-03	2.986402307234948e+00
18	0	2.828116388860025e-02	9.992709809170471e+00	-2.614518182086611e-03	3.006297291917722e+00
18	1	-2.661769436284889e-02	9.948605140550139e+00	7.575873911769704e-03	2.976596233856187e+00
18	2	-1.744694830981786e-02	9.972121305759647e+00	7.046669490417923e-03	2.986402307234948e+00
18	3	-1.512905744519344e-02	9.958805443447622e+00	6.849358455705147e-03	2.983102915800728e+00
19	0	-2.661769436284533e-02	9.948605140550143e+00	7.575873911768764e-03	2.976596233856190e+00
19	1	-3.928067947399061e-02	9.933104468980462e+00	1.254861697616973e-03	2.968147136851942e+00
19	2	-1.512905744519255e-02	9.958805443447616e+00	6.849358455708603e-03	2.983102915800727e+00
19	3	-1.650783345434181e-02	9.940681104281271e+00	3.255681057042424e-03	2.977251981248079e+00
20	0	-2.039615629326971e+02	-6.278948574270925e+01	1.999873522563099e+01	-8.002531460262189e+01
20	1	5.038119389498171e+01	2.126663981022384e+01	-4.644277085613440e+00	2.149435011156167e+01
20	2	-3.063902053128956e+01	-2.046277813699779e+00	1.596992867634182e+00	-9.805589503496803e+00
20	3	7.298659588573014e+00	1.163453484215124e+01	2.040604529282313e+00	5.679958329217277e+00
21	0	5.038119389498168e+01	2.126663981022384e+01	-4.644277085613442e+00	2.149435011156165e+01
21	1	-9.585682559443612e+00	7.400174493998355e-01	-1.724390108615117e+00	-2.653699533013133e+00
21	2	7.298659588573014e+00	1.163453484215124e+01	2.040604529282307e+00	5.679958329217278e+00
21	3	-6.133392132434583e-01	1.022283347818939e+01	-1.253891373960295e-01	2.882848279483781e+00
22	0	-9.585682559443619e+00	7.400174493998302e-01	-1.724390108615119e+00	-2.653699533013136e+00
22	1	2.946194518961498e-02	9.389062568707709e+00	-6.691417775252034e-02	2.825557354169197e+00
22	2	-6.133392132434512e-01	1.022283347818941e+01	-1.253891373960286e-01	2.882848279483787e+00
22	3	1.714475875059236e-01	1.035332644886575e+01	-8.235054007255495e-02	3.157432210911502e+00
23	0	2.946194518961409e-02	9.389062568707709e+00	-6.691417775252081e-02	2.825557354169197e+00
23	1	-1.640506267479429e-01	1.003313509353217e+01	4.607013767032418e-02	2.960725340035269e+00
23	2	1.714475875059192e-01	1.035332644886574e+01	-8.235054007255324e-02	3.157432210911499e+00
23	3	-1.163329264332855e-01	1.001177342655838e+01	1.263938679369612e-02	2.968632150037530e+00
24	0	-1.640506267479429e-01	1.003313509353217e+01	4.607013767032418e-02	2.960725340035269e+00
24	1	1.717377296494238e-02	1.002740905411150e+01	3.352530533710338e-02	3.013374848122932e+00
24	2	-1.163329264332855e-01	1.001177342655838e+01	1.263938679369612e-02	2.968632150037530e+00
24	3	6.350118275722849e-03	1.003668985976655e+01	1.151897942521632e-03	3.012911993412681e+00
25	0	1.717377296494504e-02	1.002740905411150e+01	3.352530533710314e-02	3.013374848122933e+00
25	1	-2.798315142656982e-02	9.996906119880807e+00	1.028797225242798e-02	2.990676890536272e+00
25	2	6.350118275725514e-03	1.003668985976655e+01	1.151897942521017e-03	3.012911993412684e+00
25	3	-3.931412462133732e-02	1.000500856522489e+01	2.105801246823507e-02	2.989708332181066e+00
26	0	-2.798315142656893e-02	9.996906119880808e+00	1.028797225242784e-02	2.990676890536272e+00
26	1	-5.070103665172354e-03	9.989162597002750e+00	2.006310079396731e-02	2.995227748001274e+00
26	2	-3.931412462133466e-02	1.000500856522489e+01	2.105801246823487e-02	2.989708332181066e+00
26	3	-1.644661990182783e-02	9.986030772735679e+00	9.362486896953464e-03	2.990875245850155e+00
27	0	-5.070103665174130e-03	9.989162597002752e+00	2.006310079396683e-02	2.995227748001273e+00
27	1	-1.744694830982052e-02	9.972121305759643e+00	7.046669490419120e-03	2.986402307234947e+00
27	2	-1.644661990182872e-02	9.986030772735681e+00	9.362486896954011e-03	2.990875245850156e+00
27	3	-1.798449970824745e-02	9.980359830109677e+00	1.220833089196712e-02	2.988712599120428e+00
28	0	-1.744694830982052e-02	9.972121305759643e+00	7.046669490419120e-03	2.986402307234947e+00
28	1	-1.512905744520143e-02	9.958805443447616e+00	6.849358455706653e-03	2.983102915800724e+00
28	2	-1.798449970824745e-02	9.980359830109677e+00	1.220833089196712e-02	2.988712599120428e+00
28	3	-1.699634925393045e-02	9.962571922004361e+00	5.738066543813377e-03	2.983672671825129e+00
29	0	-1.512905744519433e-02	9.958805443447623e+00	6.849358455704327e-03	2.983102915800729e+00
29	1	-1.650783345432583e-02	9.940681104281282e+00	3.255681057039080e-03	2.977251981248086e+00
29	2	-1.699634925392157e-02	9.962571922004365e+00	5.738066543809272e-03	2.983672671825133e+00
29	3	-1.828107639856302e-02	9.954244489714650e+00	-4.560875907619209e-03	2.980789023994826e+00
30	0	-3.063902053128956e+01	-2.046277813699779e+00	1.596992867634182e+00	-9.805589503496803e+00
30	1	7.298659588573015e+00	1.163453484215124e+01	2.040604529282310e+00	5.679958329217277e+00
30	2	-7.322579948359351e-01	9.165685601299280e+00	2.560225215096192e-01	2.530028281939004e+00
30	3	2.072921509925880e-01	1.017004042765020e+01	-3.531366168608728e-01	3.113199773592836e+00
31	0	7.298659588573012e+00	1.163453484215124e+01	2.040604529282307e+00	5.679958329217276e+00
31	1	-6.133392132434556e-01	1.022283347818940e+01	-1.253891373960305e-01	2.882848279483782e+00
31	2	2.072921509925907e-01	1.017004042765020e+01	-3.531366168608740e-01	3.113199773592838e+00
31	3	-7.233868068492200e-02	9.818659081107217e+00	-7.522429867282739e-02	2.923896120126689e+00
32	0	-6.133392132434521e-01	1.022283347818940e+01	-1.253891373960295e-01	2.882848279483786e+00
32	1	1.714475875059200e-01	1.035332644886574e+01	-8.235054007255450e-02	3.157432210911499e+00
32	2	-7.233868068492644e-02	9.818659081107214e+00	-7.522429867282752e-02	2.923896120126686e+00
32	3	-9.497390015127838e-02	9.932344723711834e+00	-3.431253498483017e-02	2.951211247068167e+00
33	0	1.714475875059227e-01	1.035332644886575e+01	-8.235054007255296e-02	3.157432210911502e+00
33	1	-1.163329264332873e-01	1.001177342655838e+01	1.263938679369537e-02	2.968632150037528e+00
33	2	-9.497390015127660e-02	9.932344723711836e+00	-3.431253498483133e-02	2.951211247068168e+00
33	3	-7.293671187206119e-02	1.001005293037875e+01	-7.573400034377550e-03	2.981134865552006e+00
34	0	-1.163329264332873e-01	1.001177342655838e+01	1.263938679369537e-02	2.968632150037528e+00
34	1	6.350118275728178e-03	1.003668985976656e+01	1.151897942521838e-03	3.012911993412685e+00
34	2	-7.293671187206119e-02	1.001005293037875e+01	-7.573400034377550e-03	2.981134865552006e+00
34	3	-4.957423163323149e-02	1.001816580701213e+01	-3.878727577707376e-03	2.990577472613668e+00
35	0	6.350118275726402e-03	1.003668985976655e+01	1.151897942521222e-03	3.012911993412684e+00
35	1	-3.931412462133554e-02	1.000500856522489e+01	2.105801246823548e-02	2.989708332181068e+00
35	2	-4.957423163322794e-02	1.001816580701213e+01	-3.878727577708334e-03	2.990577472613670e+00
35	3	-3.396976572154120e-02	9.997172636547834e+00	7.389040827943266e-03	2.988960861247888e+00
36	0	-3.931412462133732e-02	1.000500856522489e+01	2.105801246823575e-02	2.989708332181067e+00
36	1	-1.644661990182872e-02	9.986030772735678e+00	9.362486896955791e-03	2.990875245850154e+00
36	2	-3.396976572154031e-02	9.997172636547834e+00	7.389040827943950e-03	2.988960861247888e+00
36	3	-2.353975393142616e-02	9.994689780857277e+00	7.367300976142395e-03	2.991345008077755e+00
37	0	-1.644661990183138e-02	9.986030772735683e+00	9.362486896955858e-03	2.990875245850155e+00
37	1	-1.798449970825011e-02	9.980359830109670e+00	1.220833089196397e-02	2.988712599120426e+00
37	2	-2.353975393141994e-02	9.994689780857286e+00	7.367300976141984e-03	2.991345008077760e+00
37	3	-2.201612030556355e-02	9.976232481998981e+00	7.712718059161978e-03	2.986264908508025e+00
38	0	-1.798449970825011e-02	9.980359830109670e+00	1.220833089196397e-02	2.988712599120426e+00
38	1	-1.699634925393045e-02	9.962571922004361e+00	5.738066543811461e-03	2.983672671825129e+00
38	2	-2.201612030556355e-02	9.976232481998981e+00	7.712718059161978e-03	2.986264908508025e+00
38	3	-1.666394777262958e-02	9.971825572017266e+00	4.395369062213543e-03	2.986548487273391e+00
39	0	-1.699634925391891e-02	9.962571922004367e+00	5.738066543808793e-03	2.983672671825135e+00
39	1	-1.828107639856391e-02	9.954244489714656e+00	-4.560875907614283e-03	2.980789023994827e+00
39	2	-1.666394777262425e-02	9.971825572017273e+00	4.395369062214638e-03	2.986548487273395e+00
39	3	-1.301463848818951e-02	9.964999994883801e+00	-6.476363899603902e-04	2.985595606918683e+00
40	0	-7.322579948359351e-01	9.165685601299280e+00	2.560225215096192e-01	2.530028281939004e+00
40	1	2.072921509925880e-01	1.017004042765020e+01	-3.531366168608728e-01	3.113199773592836e+00
40	2	8.616656518154482e-01	1.047093449450001e+01	-2.064675475152122e-01	3.399780043894638e+00
40	3	-2.296710073600314e-01	9.729883460410932e+00	5.639838202043408e-02	2.850063735915270e+00
41	0	2.072921509925907e-01	1.017004042765020e+01	-3.531366168608740e-01	3.113199773592838e+00
41	1	-7.233868068492200e-02	9.818659081107217e+00	-7.522429867282739e-02	2.923896120126689e+00
41	2	-2.296710073600288e-01	9.729883460410939e+00	5.639838202043398e-02	2.850063735915273e+00
41	3	-3.106151331173557e-02	9.989162048944884e+00	-4.161154069720097e-02	2.987430160689945e+00
42	0	-7.233868068492644e-02	9.818659081107214e+00	-7.522429867282752e-02	2.923896120126686e+00
42	1	-9.497390015127838e-02	9.932344723711834e+00	-3.431253498483017e-02	2.951211247068167e+00
42	2	-3.106151331174090e-02	9.989162048944877e+00	-4.161154069720065e-02	2.987430160689941e+00
42	3	-3.424703218117209e-02	1.003217802244170e+01	-5.429157333684555e-02	2.999379297078158e+00
43	0	-9.497390015127660e-02	9.932344723711836e+00	-3.431253498483133e-02	2.951211247068168e+00
43	1	-7.293671187206119e-02	1.001005293037875e+01	-7.573400034377550e-03	2.981134865552006e+00
43	2	-3.424703218117120e-02	1.003217802244170e+01	-5.429157333684569e-02	2.999379297078160e+00
43	3	-3.895842672065619e-02	9.998165603552904e+00	-2.963568865580779e-02	2.987762153049674e+00
44	0	-7.293671187206119e-02	1.001005293037875e+01	-7.573400034377550e-03	2.981134865552006e+00
44	1	-4.957423163323149e-02	1.001816580701213e+01	-3.878727577707376e-03	2.990577472613668e+00
44	2	-3.895842672065619e-02	9.998165603552904e+00	-2.963568865580779e-02	2.987762153049674e+00
44	3	-3.402514362503961e-02	1.000871155306014e+01	-1.375603911322205e-02	2.992405922830529e+00
45	0	-4.957423163322794e-02	1.001816580701213e+01	-3.878727577708334e-03	2.990577472613670e+00
45	1	-3.396976572154120e-02	9.997172636547834e+00	7.389040827943266e-03	2.988960861247888e+00
45	2	-3.402514362504316e-02	1.000871155306013e+01	-1.375603911322301e-02	2.992405922830525e+00
45	3	-3.453901291792860e-02	9.995718256820117e+00	-2.498118304795216e-03	2.988353773170656e+00
46	0	-3.396976572154031e-02	9.997172636547834e+00	7.389040827943950e-03	2.988960861247888e+00
46	1	-2.353975393142616e-02	9.994689780857277e+00	7.367300976142395e-03	2.991345008077755e+00
46	2	-3.453901291792416e-02	9.995718256820117e+00	-2.498118304798773e-03	2.988353773170658e+00
46	3	-2.494212513775640e-02	9.988277007431815e+00	1.486933184507152e-03	2.989000464688218e+00
47	0	-2.353975393141994e-02	9.994689780857286e+00	7.367300976141984e-03	2.991345008077760e+00
47	1	-2.201612030556355e-02	9.976232481998981e+00	7.712718059161978e-03	2.986264908508025e+00
47	2	-2.494212513775462e-02	9.988277007431817e+00	1.486933184508931e-03	2.989000464688218e+00
47	3	-2.116670004556109e-02	9.980702742839577e+00	3.677706620799399e-03	2.987860812838205e+00
48	0	-2.201612030556355e-02	9.976232481998981e+00	7.712718059161978e-03	2.986264908508025e+00
48	1	-1.666394777262958e-02	9.971825572017266e+00	4.395369062213543e-03	2.986548487273391e+00
48	2	-2.116670004556109e-02	9.980702742839577e+00	3.677706620799399e-03	2.987860812838205e+00
48	3	-1.758884395938054e-02	9.972985392681622e+00	2.104796739149207e-03	2.986618964616673e+00
49	0	-1.666394777262425e-02	9.971825572017273e+00	4.395369062214638e-03	2.986548487273395e+00
49	1	-1.301463848818951e-02	9.964999994883801e+00	-6.476363899603902e-04	2.985595606918683e+00
49	2	-1.758884395937610e-02	9.972985392681629e+00	2.104796739145650e-03	2.986618964616675e+00
49	3	-1.745038076982208e-02	9.969649560216080e+00	-2.569021244041516e-03	2.985659753833878e+00
50	0	8.616656518154517e-01	1.047093449450002e+01	-2.064675475152133e-01	3.399780043894642e+00
50	1	-2.296710073600297e-01	9.729883460410937e+00	5.639838202043415e-02	2.850063735915272e+00
50	2	-4.210655938704138e-01	9.564668250915105e+00	1.327538826230640e-01	2.743080797113408e+00
50	3	1.019621378179245e-01	1.003982913327956e+01	-6.627976680883883e-02	3.042537381329246e+00
51	0	-2.296710073600314e-01	9.729883460410932e+00	5.639838202043429e-02	2.850063735915270e+00
51	1	-3.106151331173823e-02	9.989162048944884e+00	-4.161154069719968e-02	2.987430160689944e+00
51	2	1.019621378179290e-01	1.003982913327957e+01	-6.627976680883856e-02	3.042537381329249e+00
51	3	-1.672014922539766e-02	9.938214498201379e+00	-4.610657200185578e-02	2.976448304692795e+00
52	0	-3.106151331173912e-02	9.989162048944884e+00	-4.161154069720090e-02	2.987430160689944e+00
52	1	-3.424703218116942e-02	1.003217802244170e+01	-5.429157333684775e-02	2.999379297078159e+00
52	2	-1.672014922539145e-02	9.938214498201390e+00	-4.610657200185554e-02	2.976448304692800e+00
52	3	-2.720610237426957e-02	9.961599859221355e+00	-2.957861178118785e-02	2.980318127054125e+00
53	0	-3.424703218117298e-02	1.003217802244170e+01	-5.429157333684542e-02	2.999379297078158e+00
53	1	-3.895842672065974e-02	9.998165603552897e+00	-2.963568865580656e-02	2.987762153049671e+00
53	2	-2.720610237426868e-02	9.961599859221357e+00	-2.957861178118864e-02	2.980318127054126e+00
53	3	-3.844761086682968e-02	9.986646257998366e+00	-2.445248929058619e-02	2.984459594139461e+00
54	0	-3.895842672065974e-02	9.998165603552897e+00	-2.963568865580656e-02	2.987762153049671e+00
54	1	-3.402514362504494e-02	1.000871155306013e+01	-1.375603911321918e-02	2.992405922830524e+00
54	2	-3.844761086682968e-02	9.986646257998366e+00	-2.445248929058619e-02	2.984459594139461e+00
54	3	-3.284314432450053e-02	9.989869862664378e+00	-1.638165589009412e-02	2.987108015501963e+00
55	0	-3.402514362504228e-02	1.000871155306013e+01	-1.375603911322212e-02	2.992405922830526e+00
55	1	-3.453901291792505e-02	9.995718256820119e+00	-2.498118304796174e-03	2.988353773170659e+00
55	2	-3.284314432450230e-02	9.989869862664374e+00	-1.638165589009371e-02	2.987108015501962e+00
55	3	-2.758927183089188e-02	9.989950431990644e+00	-8.497304100711754e-03	2.988708348047926e+00
56	0	-3.453901291792505e-02	9.995718256820119e+00	-2.498118304797405e-03	2.988353773170659e+00
56	1	-2.494212513776262e-02	9.988277007431801e+00	1.486933184507152e-03	2.989000464688212e+00
56	2	-2.758927183089099e-02	9.989950431990646e+00	-8.497304100712300e-03	2.988708348047926e+00
56	3	-2.392011869006438e-02	9.984997695614956e+00	-3.062997453900941e-03	2.988323273077468e+00
57	0	-2.494212513775906e-02	9.988277007431806e+00	1.486933184507289e-03	2.989000464688214e+00
57	1	-2.116670004556109e-02	9.980702742839579e+00	3.677706620799946e-03	2.987860812838206e+00
57	2	-2.392011869006794e-02	9.984997695614949e+00	-3.062997453899435e-03	2.988323273077464e+00
57	3	-2.003484554352664e-02	9.978902562651882e+00	-4.222637262158327e-04	2.987660315132506e+00
58	0	-2.116670004556109e-02	9.980702742839579e+00	3.677706620799946e-03	2.987860812838206e+00
58	1	-1.758884395937788e-02	9.972985392681631e+00	2.104796739148933e-03	2.986618964616676e+00
58	2	-2.003484554352664e-02	9.978902562651882e+00	-4.222637262158327e-04	2.987660315132506e+00
58	3	-1.730739245380253e-02	9.975434503183166e+00	-1.298083671604973e-04	2.987438133218809e+00
59	0	-1.758884395937432e-02	9.972985392681633e+00	2.104796739145923e-03	2.986618964616677e+00
59	1	-1.745038076982208e-02	9.969649560216080e+00	-2.569021244042611e-03	2.985659753833878e+00
59	2	-1.730739245380875e-02	9.975434503183155e+00	-1.298083671588554e-04	2.987438133218804e+00
59	3	-1.525048920843908e-02	9.974415820582269e+00	-1.164439278255060e-03	2.987749599412150e+00
60	0	-4.210655938704120e-01	9.564668250915108e+00	1.327538826230640e-01	2.743080797113409e+00
60	1	1.019621378179290e-01	1.003982913327957e+01	-6.627976680883629e-02	3.042537381329249e+00
60	2	1.849341470378292e-01	1.014708999205530e+01	-7.735990412413442e-02	3.099607241727939e+00
60	3	-4.201682924219785e-02	9.889835698577473e+00	3.213508618292751e-03	2.954345660800582e+00
61	0	1.019621378179245e-01	1.003982913327956e+01	-6.627976680883836e-02	3.042537381329245e+00
61	1	-1.672014922539677e-02	9.938214498201379e+00	-4.610657200185747e-02	2.976448304692795e+00
61	2	-4.201682924220052e-02	9.889835698577464e+00	3.213508618290322e-03	2.954345660800579e+00
61	3	-6.812828716917352e-03	9.966162129739169e+00	-2.069329115036600e-02	2.987804790306676e+00
62	0	-1.672014922539233e-02	9.938214498201390e+00	-4.610657200185528e-02	2.976448304692799e+00
62	1	-2.720610237426602e-02	9.961599859221364e+00	-2.957861178118847e-02	2.980318127054130e+00
62	2	-6.812828716926234e-03	9.966162129739152e+00	-2.069329115036377e-02	2.987804790306668e+00
62	3	-1.729166110068814e-02	9.976783798560200e+00	-3.176443827969751e-02	2.987847641237854e+00
63	0	-2.720610237426602e-02	9.961599859221359e+00	-2.957861178119049e-02	2.980318127054128e+00
63	1	-3.844761086682524e-02	9.986646257998377e+00	-2.445248929058592e-02	2.984459594139466e+00
63	2	-1.729166110068636e-02	9.976783798560202e+00	-3.176443827969697e-02	2.987847641237854e+00
63	3	-1.534799537670306e-02	9.982779185927118e+00	-2.543733938064054e-02	2.990229357165125e+00
64	0	-3.844761086682524e-02	9.986646257998377e+00	-2.445248929058592e-02	2.984459594139466e+00
64	1	-3.284314432449875e-02	9.989869862664381e+00	-1.638165589009528e-02	2.987108015501965e+00
64	2	-1.534799537670306e-02	9.982779185927118e+00	-2.543733938064054e-02	2.990229357165125e+00
64	3	-2.153793351522548e-02	9.985062324147577e+00	-1.808343868401435e-02	2.989057317189706e+00
65	0	-3.284314432449964e-02	9.989869862664381e+00	-1.638165589009419e-02	2.987108015501964e+00
65	1	-2.758927183089810e-02	9.989950431990636e+00	-8.497304100708196e-03	2.988708348047922e+00
65	2	-2.153793351523259e-02	9.985062324147565e+00	-1.808343868401497e-02	2.989057317189700e+00
65	3	-2.147748552666950e-02	9.983131798909001e+00	-1.109966050459092e-02	2.988496294014700e+00
66	0	-2.758927183089543e-02	9.989950431990636e+00	-8.497304100710659e-03	2.988708348047922e+00
66	1	-2.392011869006971e-02	9.984997695614942e+00	-3.062997453898614e-03	2.988323273077462e+00
66	2	-2.147748552666862e-02	9.983131798909001e+00	-1.109966050459393e-02	2.988496294014700e+00
66	3	-2.000651470862547e-02	9.980651000693531e+00	-6.060076593911353e-03	2.988193345795471e+00
67	0	-2.392011869006172e-02	9.984997695614963e+00	-3.062997453899162e-03	2.988323273077471e+00
67	1	-2.003484554352397e-02	9.978902562651886e+00	-4.222637262173378e-04	2.987660315132509e+00
67	2	-2.000651470862547e-02	9.980651000693523e+00	-6.060076593914227e-03	2.988193345795469e+00
67	3	-1.829065468521840e-02	9.977602982278336e+00	-2.880863321040701e-03	2.987793698277935e+00
68	0	-2.003484554352397e-02	9.978902562651886e+00	-4.222637262173378e-04	2.987660315132509e+00
68	1	-1.730739245380875e-02	9.975434503183148e+00	-1.298083671585817e-04	2.987438133218802e+00
68	2	-1.829065468521840e-02	9.977602982278336e+00	-2.880863321040701e-03	2.987793698277935e+00
68	3	-1.682931568550039e-02	9.975086680352733e+00	-1.664386874150329e-03	2.987477209400170e+00
69	0	-1.730739245380697e-02	9.975434503183152e+00	-1.298083671574871e-04	2.987438133218804e+00
69	1	-1.525048920844352e-02	9.974415820582259e+00	-1.164439278254975e-03	2.987749599412144e+00
69	2	-1.682931568549417e-02	9.975086680352735e+00	-1.664386874150603e-03	2.987477209400172e+00
69	3	-1.686490618698677e-02	9.974302407774690e+00	-1.933314860217482e-03	2.987231250476311e+00
70	0	1.849341470378274e-01	1.014708999205530e+01	-7.735990412413223e-02	3.099607241727938e+00
70	1	-4.201682924219785e-02	9.889835698577476e+00	3.213508618297540e-03	2.954345660800584e+00
70	2	-5.578509439770762e-02	9.857235270512641e+00	4.476135057414685e-02	2.940435052834480e+00
70	3	2.566303368755829e-02	9.989346915617883e+00	-1.926049704317718e-02	3.004502984791633e+00
71	0	-4.201682924220851e-02	9.889835698577452e+00	3.213508618293042e-03	2.954345660800573e+00
71	1	-6.812828716924457e-03	9.966162129739152e+00	-2.069329115036734e-02	2.987804790306669e+00
71	2	2.566303368755651e-02	9.989346915617883e+00	-1.926049704317713e-02	3.004502984791632e+00
71	3	5.627925955177027e-03	9.964066601191835e+00	-2.175982433945031e-02	2.990908358144104e+00
72	0	-6.812828716920016e-03	9.966162129739166e+00	-2.069329115036532e-02	2.987804790306674e+00
72	1	-1.729166110068903e-02	9.976783798560199e+00	-3.176443827969765e-02	2.987847641237853e+00
72	2	5.627925955177915e-03	9.964066601191838e+00	-2.175982433944619e-02	2.990908358144106e+00
72	3	3.159398955805415e-04	9.971531877336949e+00	-1.988997474675417e-02	2.991554345169759e+00
73	0	-1.729166110068991e-02	9.976783798560195e+00	-3.176443827969658e-02	2.987847641237852e+00
73	1	-1.534799537669773e-02	9.982779185927127e+00	-2.543733938064156e-02	2.990229357165129e+00
73	2	3.159398955787651e-04	9.971531877336947e+00	-1.988997474675719e-02	2.991554345169758e+00
73	3	-1.160187286166803e-02	9.974431347037122e+00	-1.934817719054160e-02	2.988848842252636e+00
74	0	-1.534799537669773e-02	9.982779185927127e+00	-2.543733938064156e-02	2.990229357165129e+00
74	1	-2.153793351522904e-02	9.985062324147570e+00	-1.808343868401326e-02	2.989057317189702e+00
74	2	-1.160187286166803e-02	9.974431347037122e+00	-1.934817719054160e-02	2.988848842252636e+00
74	3	-1.298919874835214e-02	9.977706761722523e+00	-1.531828912704945e-02	2.989415268892251e+00
75	0	-2.153793351522726e-02	9.985062324147577e+00	-1.808343868401312e-02	2.989057317189706e+00
75	1	-2.147748552666950e-02	9.983131798909001e+00	-1.109966050459242e-02	2.988496294014700e+00
75	2	-1.298919874835125e-02	9.977706761722523e+00	-1.531828912704589e-02	2.989415268892251e+00
75	3	-1.599910758563983e-02	9.977972059662342e+00	-1.078417018856851e-02	2.988591885623011e+00
76	0	-2.147748552667128e-02	9.983131798908996e+00	-1.109966050459448e-02	2.988496294014698e+00
76	1	-2.000651470862547e-02	9.980651000693527e+00	-6.060076593911353e-03	2.988193345795470e+00
76	2	-1.599910758563627e-02	9.977972059662349e+00	-1.078417018857001e-02	2.988591885623014e+00
76	3	-1.663997472622913e-02	9.976765677210500e+00	-6.673247061810880e-03	2.988037710745282e+00
77	0	-2.000651470862458e-02	9.980651000693523e+00	-6.060076593912585e-03	2.988193345795469e+00
77	1	-1.829065468521485e-02	9.977602982278347e+00	-2.880863321041932e-03	2.987793698277940e+00
77	2	-1.663997472623446e-02	9.976765677210491e+00	-6.673247061811700e-03	2.988037710745277e+00
77	3	-1.668334478461464e-02	9.975247122764998e+00	-3.895822489360749e-03	2.987569133394115e+00
78	0	-1.829065468521485e-02	9.977602982278347e+00	-2.880863321041932e-03	2.987793698277940e+00
78	1	-1.682931568550661e-02	9.975086680352721e+00	-1.664386874152655e-03	2.987477209400164e+00
78	2	-1.668334478461464e-02	9.975247122764998e+00	-3.895822489360749e-03	2.987569133394115e+00
78	3	-1.636155890361923e-02	9.974408993717878e+00	-2.298036180023793e-03	2.987414230444277e+00
79	0	-1.682931568550217e-02	9.975086680352726e+00	-1.664386874150740e-03	2.987477209400168e+00
79	1	-1.686490618698322e-02	9.974302407774687e+00	-1.933314860216387e-03	2.987231250476311e+00
79	2	-1.636155890361746e-02	9.974408993717867e+00	-2.298036180018320e-03	2.987414230444275e+00
79	3	-1.584462424818689e-02	9.974750939768430e+00	-1.469618154280118e-03	2.987671894656073e+00
80	0	-5.578509439770762e-02	9.857235270512641e+00	4.476135057414685e-02	2.940435052834480e+00
80	1	2.566303368755829e-02	9.989346915617883e+00	-1.926049704317718e-02	3.004502984791633e+00
80	2	4.315173475425915e-02	9.993499138647573e+00	-2.772980212033128e-02	3.010995262020550e+00
80	3	2.011156036707185e-02	9.960523328509206e+00	-3.377967357083310e-03	2.994190466662884e+00
81	0	2.566303368755651e-02	9.989346915617883e+00	-1.926049704317713e-02	3.004502984791632e+00
81	1	5.627925955177027e-03	9.964066601191835e+00	-2.175982433945031e-02	2.990908358144104e+00
81	2	2.011156036706740e-02	9.960523328509201e+00	-3.377967357080445e-03	2.994190466662881e+00
81	3	1.599064885824575e-02	9.970725900736676e+00	-1.096558631443714e-02	2.996014964878476e+00
82	0	5.627925955177915e-03	9.964066601191838e+00	-2.175982433944619e-02	2.990908358144106e+00
82	1	3.159398955805415e-04	9.971531877336949e+00	-1.988997474675417e-02	2.991554345169759e+00
82	2	1.599064885825374e-02	9.970725900736694e+00	-1.096558631443476e-02	2.996014964878484e+00
82	3	7.303232369013202e-03	9.972282622062501e+00	-1.414478438900831e-02	2.993875756329455e+00
83	0	3.159398955787651e-04	9.971531877336947e+00	-1.988997474675719e-02	2.991554345169758e+00
83	1	-1.160187286166803e-02	9.974431347037122e+00	-1.934817719054160e-02	2.988848842252636e+00
83	2	7.303232369011425e-03	9.972282622062503e+00	-1.414478438900893e-02	2.993875756329455e+00
83	3	2.121921713804653e-03	9.974443719776996e+00	-1.334482855530906e-02	2.992969692447240e+00
84	0	-1.160187286166803e-02	9.974431347037122e+00	-1.934817719054160e-02	2.988848842252636e+00
84	1	-1.298919874835214e-02	9.977706761722523e+00	-1.531828912704945e-02	2.989415268892251e+00
84	2	2.121921713804653e-03	9.974443719776996e+00	-1.334482855530906e-02	2.992969692447240e+00
84	3	-6.955942323291886e-03	9.974351206335164e+00	-1.084475687860481e-02	2.990218579203561e+00
85	0	-1.298919874835125e-02	9.977706761722523e+00	-1.531828912704589e-02	2.989415268892251e+00
85	1	-1.599910758563983e-02	9.977972059662342e+00	-1.078417018856851e-02	2.988591885623011e+00
85	2	-6.955942323291886e-03	9.974351206335164e+00	-1.084475687860618e-02	2.990218579203561e+00
85	3	-1.163320483226027e-02	9.974274545665128e+00	-7.921942011757737e-03	2.988792402249860e+00
86	0	-1.599910758563627e-02	9.977972059662349e+00	-1.078417018857001e-02	2.988591885623014e+00
86	1	-1.663997472622913e-02	9.976765677210500e+00	-6.673247061810880e-03	2.988037710745282e+00
86	2	-1.163320483226293e-02	9.974274545665127e+00	-7.921942011756096e-03	2.988792402249859e+00
86	3	-1.499019681086367e-02	9.973881418037344e+00	-5.403268974713865e-03	2.987667366367944e+00
87	0	-1.663997472623446e-02	9.976765677210491e+00	-6.673247061811700e-03	2.988037710745277e+00
87	1	-1.668334478461464e-02	9.975247122764998e+00	-3.895822489360749e-03	2.987569133394115e+00
87	2	-1.499019681087344e-02	9.973881418037326e+00	-5.403268974707708e-03	2.987667366367936e+00
87	3	-1.627580798929529e-02	9.973489633147425e+00	-3.643630645979373e-03	2.987164147547440e+00
88	0	-1.668334478461464e-02	9.975247122764998e+00	-3.895822489360749e-03	2.987569133394115e+00
88	1	-1.636155890361923e-02	9.974408993717878e+00	-2.298036180023793e-03	2.987414230444277e+00
88	2	-1.627580798929529e-02	9.973489633147425e+00	-3.643630645979373e-03	2.987164147547440e+00
88	3	-1.644539194276984e-02	9.973200920534703e+00	-2.453454516869330e-03	2.987026658577580e+00
89	0	-1.636155890361746e-02	9.974408993717867e+00	-2.298036180018320e-03	2.987414230444275e+00
89	1	-1.584462424818689e-02	9.974750939768430e+00	-1.469618154280118e-03	2.987671894656073e+00
89	2	-1.644539194278494e-02	9.973200920534694e+00	-2.453454516861668e-03	2.987026658577573e+00
89	3	-1.648364994546991e-02	9.974334121475593e+00	-1.499954857801052e-03	2.987355141459037e+00
90	0	4.315173475425915e-02	9.993499138647573e+00	-2.772980212033128e-02	3.010995262020550e+00
90	1	2.011156036707362e-02	9.960523328509209e+00	-3.377967357086919e-03	2.994190466662885e+00
90	2	6.523378528486656e-02	1.008890871335867e+01	-2.258035282171857e-03	3.046242749593062e+00
90	3	4.428399226721158e-02	9.957310073140478e+00	8.030191996999265e-04	3.000478219622307e+00
91	0	2.011156036707273e-02	9.960523328509209e+00	-3.377967357080282e-03	2.994190466662885e+00
91	1	1.599064885823420e-02	9.970725900736650e+00	-1.096558631443408e-02	2.996014964878465e+00
91	2	4.428399226725688e-02	9.957310073140585e+00	8.030191996984673e-04	3.000478219622353e+00
91	3	3.215616140782185e-02	9.970909899859764e+00	9.264861549691712e-04	3.000919818380276e+00
92	0	1.599064885823687e-02	9.970725900736655e+00	-1.096558631443615e-02	2.996014964878468e+00
92	1	7.303232369020307e-03	9.972282622062524e+00	-1.414478438900722e-02	2.993875756329464e+00
92	2	3.215616140782362e-02	9.970909899859766e+00	9.264861549711168e-04	3.000919818380277e+00
92	3	2.217315575884360e-02	9.971621183563819e+00	-5.007964862039645e-03	2.998138301796799e+00
93	0	7.303232369020307e-03	9.972282622062524e+00	-1.414478438900612e-02	2.993875756329464e+00
93	1	2.121921713802877e-03	9.974443719776994e+00	-1.334482855531098e-02	2.992969692447239e+00
93	2	2.217315575883472e-02	9.971621183563798e+00	-5.007964862042321e-03	2.998138301796790e+00
93	3	8.747362094243982e-03	9.975369711814594e+00	-2.374697033847849e-03	2.995235122172651e+00
94	0	2.121921713802877e-03	9.974443719776994e+00	-1.334482855531098e-02	2.992969692447239e+00
94	1	-6.955942323299880e-03	9.974351206335148e+00	-1.084475687860297e-02	2.990218579203554e+00
94	2	8.747362094243982e-03	9.975369711814594e+00	-2.374697033847849e-03	2.995235122172651e+00
94	3	-4.357631683411967e-03	9.972067244843394e+00	-3.382220253857287e-03	2.990312883947995e+00
95	0	-6.955942323293662e-03	9.974351206335150e+00	-1.084475687860351e-02	2.990218579203557e+00
95	1	-1.163320483224606e-02	9.974274545665169e+00	-7.921942011756096e-03	2.988792402249877e+00
95	2	-4.357631683413743e-03	9.972067244843394e+00	-3.382220253855098e-03	2.990312883947994e+00
95	3	-1.167145633251820e-02	9.973319744827501e+00	-2.449279152514553e-03	2.988494486548495e+00
96	0	-1.163320483224695e-02	9.974274545665162e+00	-7.921942011755273e-03	2.988792402249875e+00
96	1	-1.499019681087521e-02	9.973881418037323e+00	-5.403268974710033e-03	2.987667366367934e+00
96	2	-1.167145633248001e-02	9.973319744827586e+00	-2.449279152517695e-03	2.988494486548532e+00
96	3	-1.684456050765970e-02	9.972371135326817e+00	-2.881530486351091e-03	2.986657972445747e+00
97	0	-1.499019681087788e-02	9.973881418037319e+00	-5.403268974710033e-03	2.987667366367932e+00
97	1	-1.627580798929440e-02	9.973489633147421e+00	-3.643630645976226e-03	2.987164147547438e+00
97	2	-1.684456050766059e-02	9.972371135326824e+00	-2.881530486342333e-03	2.986657972445749e+00
97	3	-1.810960724054578e-02	9.973002957180720e+00	-2.643020444336884e-03	2.986468004982052e+00
98	0	-1.627580798929440e-02	9.973489633147421e+00	-3.643630645976226e-03	2.987164147547438e+00
98	1	-1.644539194276184e-02	9.973200920534728e+00	-2.453454516872203e-03	2.987026658577590e+00
98	2	-1.810960724054578e-02	9.973002957180720e+00	-2.643020444336884e-03	2.986468004982052e+00
98	3	-1.925601382259234e-02	9.972441049445051e+00	-2.821939566541230e-03	2.985955510686738e+00
99	0	-1.644539194276096e-02	9.973200920534731e+00	-2.453454516869878e-03	2.987026658577591e+00
99	1	-1.648364994545926e-02	9.974334121475611e+00	-1.499954857790863e-03	2.987355141459046e+00
99	2	-1.925601382255593e-02	9.972441049445155e+00	-2.821939566543004e-03	2.985955510686780e+00
99	3	-1.933251146330051e-02	9.972368301189604e+00	-3.510457706362266e-03	2.985910736917891e+00
100	0	1.583556837197667e+00	3.071656538453639e+01	-9.248669520506320e-03	9.690036666520218e+00
100	1	3.928227832815025e+00	1.472387073459345e+01	-2.957622147439512e-03	5.595629570222543e+00
100	2	1.790548775880003e+00	3.014695925492909e+01	-2.464760296334777e+00	9.581252409242726e+00
100	3	3.775385268768974e+00	1.470342177455856e+01	2.231116677882484e-01	5.543642112998261e+00
101	0	3.928227832815025e+00	1.472387073459345e+01	-2.957622147439512e-03	5.595629570222543e+00
101	1	2.529009407209629e+00	1.181455698492208e+01	5.172476721427340e-03	4.303069917639512e+00
101	2	3.775385268768974e+00	1.470342177455856e+01	2.231116677882484e-01	5.543642112998261e+00
101	3	2.396849782507336e+00	1.184656450849863e+01	3.283112665088186e-01	4.273024287301791e+00
102	0	2.529009407209629e+00	1.181455698492208e+01	5.172476721427340e-03	4.303069917639512e+00
102	1	1.739993523794823e+00	1.100913437142375e+01	-4.356256432486155e-03	3.824738368565571e+00
102	2	2.396849782507336e+00	1.184656450849863e+01	3.283112665088186e-01	4.273024287301791e+00
102	3	1.693287185320302e+00	1.101813517581057e+01	2.614064282419353e-01	3.813426708339260e+00
103	0	1.739993523794823e+00	1.100913437142375e+01	-4.356256432486155e-03	3.824738368565571e+00
103	1	1.338950274346264e+00	1.065884825633195e+01	-7.852403976852487e-03	3.599339559203463e+00
103	2	1.693287185320302e+00	1.101813517581057e+01	2.614064282419353e-01	3.813426708339260e+00
103	3	1.211635775898814e+00	1.063846649192199e+01	2.009678763610346e-01	3.555030680346241e+00
104	0	1.338950274346264e+00	1.065884825633195e+01	-7.852403976852487e-03	3.599339559203463e+00
104	1	9.323271378738189e-01	1.047685301932070e+01	2.167280923827821e-03	3.422754047158355e+00
104	2	1.211635775898814e+00	1.063846649192199e+01	2.009678763610346e-01	3.555030680346241e+00
104	3	8.780220443406215e-01	1.043398586304269e+01	1.588293223454886e-01	3.393602372214994e+00
105	0	9.323271378738189e-01	1.047685301932070e+01	2.167280923827821e-03	3.422754047158355e+00
105	1	7.390366299407409e-01	1.036076537263333e+01	-4.491248573843906e-03	3.329940600772222e+00
105	2	8.780220443406215e-01	1.043398586304269e+01	1.588293223454886e-01	3.393602372214994e+00
105	3	6.700251354812874e-01	1.032075679006643e+01	1.239094315656021e-01	3.297234577664315e+00
106	0	7.390366299407409e-01	1.036076537263333e+01	-4.491248573843906e-03	3.329940600772222e+00
106	1	5.696431655150835e-01	1.029880608220516e+01	3.305397896820573e-03	3.260534774316072e+00
106	2	6.700251354812874e-01	1.032075679006643e+01	1.239094315656021e-01	3.297234577664315e+00
106	3	5.255758402945023e-01	1.025088972816577e+01	1.038288676779861e-01	3.232939670538082e+00
107	0	5.696431655150835e-01	1.029880608220516e+01	3.305397896820573e-03	3.260534774316072e+00
107	1	4.533707046767894e-01	1.022669559292813e+01	-7.679478702191347e-03	3.204019889281477e+00
107	2	5.255758402945023e-01	1.025088972816577e+01	1.038288676779861e-01	3.232939670538082e+00
107	3	4.149306251432350e-01	1.019463994016972e+01	8.013972173636019e-02	3.182871169593886e+00
108	0	4.533707046767894e-01	1.022669559292813e+01	-7.679478702191347e-03	3.204019889281477e+00
108	1	3.262319381671697e-01	1.012413873750314e+01	4.561454778351936e-04	3.135111202701093e+00
108	2	4.149306251432350e-01	1.019463994016972e+01	8.013972173636019e-02	3.182871169593886e+00
108	3	3.076497437244567e-01	1.015445938205608e+01	8.208827562541747e-02	3.138632737734160e+00
109	0	3.262319381671697e-01	1.012413873750314e+01	4.561454778351936e-04	3.135111202701093e+00
109	1	2.394175290069702e-01	1.001549554258912e+01	3.826070369618500e-02	3.076473921478828e+00
109	2	3.076497437244567e-01	1.015445938205608e+01	8.208827562541747e-02	3.138632737734160e+00
109	3	2.448687053423990e-01	1.011655850419219e+01	6.040391228119284e-02	3.108428162860377e+00
110	0	2.394175290069702e-01	1.001549554258912e+01	3.826070369618500e-02	3.076473921478828e+00
110	1	1.716726381747362e-01	9.891250310513090e+00	3.791340068223162e-02	3.018876884606348e+00
110	2	2.448687053423990e-01	1.011655850419219e+01	6.040391228119284e-02	3.108428162860377e+00
110	3	2.275293711391635e-01	1.003380276337723e+01	3.851422237204682e-02	3.078399640354917e+00
111	0	1.716726381747362e-01	9.891250310513090e+00	3.791340068223162e-02	3.018876884606348e+00
111	1	1.193788654305559e-01	9.715871911010407e+00	-3.803736294384560e-03	2.950575232932289e+00
111	2	2.275293711391635e-01	1.003380276337723e+01	3.851422237204682e-02	3.078399640354917e+00
111	3	2.075502598671850e-01	9.945540832986321e+00	5.003799028702630e-03	3.045927327856052e+00
112	0	1.193788654305559e-01	9.715871911010407e+00	-3.803736294384560e-03	2.950575232932289e+00
112	1	1.676880522818838e-01	9.604609181638676e+00	-2.782166537062556e-02	2.931689170176168e+00
112	2	2.075502598671850e-01	9.945540832986321e+00	5.003799028702630e-03	3.045927327856052e+00
112	3	1.936136105278736e-01	9.846556081185954e+00	-8.544050448741490e-02	3.012050907514148e+00
113	0	1.676880522818838e-01	9.604609181638676e+00	-2.782166537062556e-02	2.931689170176168e+00
113	1	2.842593862444600e-01	9.444574715802704e+00	-1.039746980696377e-02	2.918650230614149e+00
113	2	1.936136105278736e-01	9.846556081185954e+00	-8.544050448741490e-02	3.012050907514148e+00
113	3	2.205116897568944e-01	9.706744021426902e+00	-1.030892768129591e-01	2.978176713355138e+00
114	0	2.842593862444600e-01	9.444574715802704e+00	-1.039746980696377e-02	2.918650230614149e+00
114	1	4.881845492828365e-01	9.250059950746541e+00	6.219210977342255e-03	2.921473350008813e+00
114	2	2.205116897568944e-01	9.706744021426902e+00	-1.030892768129591e-01	2.978176713355138e+00
114	3	3.031263126422692e-01	9.444805849539822e+00	-2.653487258259840e-01	2.924379648654627e+00
115	0	4.881845492828365e-01	9.250059950746541e+00	6.219210977342255e-03	2.921473350008813e+00
115	1	1.152496877310188e+00	9.201289889001750e+00	-2.047067701253167e-01	3.106136029893582e+00
115	2	3.031263126422692e-01	9.444805849539822e+00	-2.653487258259840e-01	2.924379648654627e+00
115	3	3.998679390790718e-01	9.135877904647323e+00	-1.951875030204036e-01	2.860723753117918e+00
116	0	1.790548775880003e+00	3.014695925492909e+01	-2.464760296334777e+00	9.581252409242726e+00
116	1	3.775385268768974e+00	1.470342177455856e+01	2.231116677882484e-01	5.543642112998261e+00
116	2	2.346262642243802e+00	2.847625698721946e+01	-4.756205962156061e+00	9.246755888838980e+00
116	3	3.340244244925612e+00	1.469979418360382e+01	3.887440938743033e-01	5.412011528558830e+00
117	0	3.775385268768974e+00	1.470342177455856e+01	2.231116677882484e-01	5.543642112998261e+00
117	1	2.396849782507336e+00	1.184656450849863e+01	3.283112665088186e-01	4.273024287301791e+00
117	2	3.340244244925612e+00	1.469979418360382e+01	3.887440938743033e-01	5.412011528558830e+00
117	3	2.054518802712040e+00	1.197799071338188e+01	5.903943997420390e-01	4.209752854828175e+00
118	0	2.396849782507336e+00	1.184656450849863e+01	3.283112665088186e-01	4.273024287301791e+00
118	1	1.693287185320302e+00	1.101813517581057e+01	2.614064282419353e-01	3.813426708339260e+00
118	2	2.054518802712040e+00	1.197799071338188e+01	5.903943997420390e-01	4.209752854828175e+00
118	3	1.486179900845157e+00	1.113798717875555e+01	4.927401730162922e-01	3.787250123880213e+00
119	0	1.693287185320302e+00	1.101813517581057e+01	2.614064282419353e-01	3.813426708339260e+00
119	1	1.211635775898814e+00	1.063846649192199e+01	2.009678763610346e-01	3.555030680346241e+00
119	2	1.486179900845157e+00	1.113798717875555e+01	4.927401730162922e-01	3.787250123880213e+00
119	3	9.913308226266571e-01	1.072566325865866e+01	3.717394481377675e-01	3.515098224385595e+00
120	0	1.211635775898814e+00	1.063846649192199e+01	2.009678763610346e-01	3.555030680346241e+00
120	1	8.780220443406215e-01	1.043398586304269e+01	1.588293223454886e-01	3.393602372214994e+00
120	2	9.913308226266571e-01	1.072566325865866e+01	3.717394481377675e-01	3.515098224385595e+00
120	3	7.600864036890078e-01	1.051290291477154e+01	2.942779452278755e-01	3.381896795538166e+00
121	0	8.780220443406215e-01	1.043398586304269e+01	1.588293223454886e-01	3.393602372214994e+00
121	1	6.700251354812874e-01	1.032075679006643e+01	1.239094315656021e-01	3.297234577664315e+00
121	2	7.600864036890078e-01	1.051290291477154e+01	2.942779452278755e-01	3.381896795538166e+00
121	3	5.752572605531032e-01	1.039017170692117e+01	2.322891802597657e-01	3.289628690242281e+00
122	0	6.700251354812874e-01	1.032075679006643e+01	1.239094315656021e-01	3.297234577664315e+00
122	1	5.255758402945023e-01	1.025088972816577e+01	1.038288676779861e-01	3.232939670538082e+00
122	2	5.752572605531032e-01	1.039017170692117e+01	2.322891802597657e-01	3.289628690242281e+00
122	3	4.350069153193763e-01	1.029564305171987e+01	1.883981017951884e-01	3.219194990111775e+00
123	0	5.255758402945023e-01	1.025088972816577e+01	1.038288676779861e-01	3.232939670538082e+00
123	1	4.149306251432350e-01	1.019463994016972e+01	8.013972173636019e-02	3.182871169593886e+00
123	2	4.350069153193763e-01	1.029564305171987e+01	1.883981017951884e-01	3.219194990111775e+00
123	3	3.468853828632099e-01	1.024216523304221e+01	1.703431800621565e-01	3.176715184771626e+00
124	0	4.149306251432350e-01	1.019463994016972e+01	8.013972173636019e-02	3.182871169593886e+00
124	1	3.076497437244567e-01	1.015445938205608e+01	8.208827562541747e-02	3.138632737734160e+00
124	2	3.468853828632099e-01	1.024216523304221e+01	1.703431800621565e-01	3.176715184771626e+00
124	3	2.618055762455160e-01	1.012762820037245e+01	1.115956888117367e-01	3.116830132985388e+00
125	0	3.076497437244567e-01	1.015445938205608e+01	8.208827562541747e-02	3.138632737734160e+00
125	1	2.448687053423990e-01	1.011655850419219e+01	6.040391228119284e-02	3.108428162860377e+00
125	2	2.618055762455160e-01	1.012762820037245e+01	1.115956888117367e-01	3.116830132985388e+00
125	3	2.614310886453861e-01	1.014787510378482e+01	1.108331923506102e-01	3.122791857729062e+00
126	0	2.448687053423990e-01	1.011655850419219e+01	6.040391228119284e-02	3.108428162860377e+00
126	1	2.275293711391635e-01	1.003380276337723e+01	3.851422237204682e-02	3.078399640354917e+00
126	2	2.614310886453861e-01	1.014787510378482e+01	1.108331923506102e-01	3.122791857729062e+00
126	3	1.419845969011888e-01	1.014008782855558e+01	4.837208946925537e-02	3.084621727637031e+00
127	0	2.275293711391635e-01	1.003380276337723e+01	3.851422237204682e-02	3.078399640354917e+00
127	1	2.075502598671850e-01	9.945540832986321e+00	5.003799028702630e-03	3.045927327856052e+00
127	2	1.419845969011888e-01	1.014008782855558e+01	4.837208946925537e-02	3.084621727637031e+00
127	3	1.156847832035792e-01	1.014270065014944e+01	3.642261537373519e-02	3.077515630005906e+00
128	0	2.075502598671850e-01	9.945540832986321e+00	5.003799028702630e-03	3.045927327856052e+00
128	1	1.936136105278736e-01	9.846556081185954e+00	-8.544050448741490e-02	3.012050907514148e+00
128	2	1.156847832035792e-01	1.014270065014944e+01	3.642261537373519e-02	3.077515630005906e+00
128	3	7.726963903946249e-02	9.961278191553424e+00	-4.772599453454986e-02	3.011564349177866e+00
129	0	1.936136105278736e-01	9.846556081185954e+00	-8.544050448741490e-02	3.012050907514148e+00
129	1	2.205116897568944e-01	9.706744021426902e+00	-1.030892768129591e-01	2.978176713355138e+00
129	2	7.726963903946249e-02	9.961278191553424e+00	-4.772599453454986e-02	3.011564349177866e+00
129	3	8.356705322411084e-02	9.825394338631991e+00	-1.056759296315668e-01	2.972688417556831e+00
130	0	2.205116897568944e-01	9.706744021426902e+00	-1.030892768129591e-01	2.978176713355138e+00
130	1	3.031263126422692e-01	9.444805849539822e+00	-2.653487258259840e-01	2.924379648654627e+00
130	2	8.356705322411084e-02	9.825394338631991e+00	-1.056759296315668e-01	2.972688417556831e+00
130	3	9.021703926402314e-02	9.555861227939786e+00	-3.907824491584818e-01	2.893823480161143e+00
131	0	3.031263126422692e-01	9.444805849539822e+00	-2.653487258259840e-01	2.924379648654627e+00
131	1	3.998679390790718e-01	9.135877904647323e+00	-1.951875030204036e-01	2.860723753117918e+00
131	2	9.021703926402314e-02	9.555861227939786e+00	-3.907824491584818e-01	2.893823480161143e+00
131	3	2.854507233343755e-01	9.042174046645750e+00	-6.687056166983883e-01	2.798287430994038e+00
132	0	2.346262642243802e+00	2.847625698721946e+01	-4.756205962156061e+00	9.246755888838980e+00
132	1	3.340244244925612e+00	1.469979418360382e+01	3.887440938743033e-01	5.412011528558830e+00
132	2	3.171475450746934e+00	2.575033599023264e+01	-6.619987757041938e+00	8.676543432293872e+00
132	3	2.636287479604168e+00	1.466204042377463e+01	4.256014455642469e-01	5.189498371013639e+00
133	0	3.340244244925612e+00	1.469979418360382e+01	3.887440938743033e-01	5.412011528558830e+00
133	1	2.054518802712040e+00	1.197799071338188e+01	5.903943997420390e-01	4.209752854828175e+00
133	2	2.636287479604168e+00	1.466204042377463e+01	4.256014455642469e-01	5.189498371013639e+00
133	3	1.521921508403329e+00	1.215151531589231e+01	7.318975923814557e-01	4.102031047288693e+00
134	0	2.054518802712040e+00	1.197799071338188e+01	5.903943997420390e-01	4.209752854828175e+00
134	1	1.486179900845157e+00	1.113798717875555e+01	4.927401730162922e-01	3.787250123880213e+00
134	2	1.521921508403329e+00	1.215151531589231e+01	7.318975923814557e-01	4.102031047288693e+00
134	3	1.085549294337100e+00	1.128922657153081e+01	6.369905497018263e-01	3.712432759760373e+00
135	0	1.486179900845157e+00	1.113798717875555e+01	4.927401730162922e-01	3.787250123880213e+00
135	1	9.913308226266571e-01	1.072566325865866e+01	3.717394481377675e-01	3.515098224385595e+00
135	2	1.085549294337100e+00	1.128922657153081e+01	6.369905497018263e-01	3.712432759760373e+00
135	3	6.804345308663313e-01	1.084297071840968e+01	4.758166909883091e-01	3.457021574782804e+00
136	0	9.913308226266571e-01	1.072566325865866e+01	3.717394481377675e-01	3.515098224385595e+00
136	1	7.600864036890078e-01	1.051290291477154e+01	2.942779452278755e-01	3.381896795538166e+00
136	2	6.804345308663313e-01	1.084297071840968e+01	4.758166909883091e-01	3.457021574782804e+00
136	3	5.519581423437501e-01	1.061025939911206e+01	3.778843302892920e-01	3.348665262436743e+00
137	0	7.600864036890078e-01	1.051290291477154e+01	2.942779452278755e-01	3.381896795538166e+00
137	1	5.752572605531032e-01	1.039017170692117e+01	2.322891802597657e-01	3.289628690242281e+00
137	2	5.519581423437501e-01	1.061025939911206e+01	3.778843302892920e-01	3.348665262436743e+00
137	3	3.981413825153588e-01	1.046420848766058e+01	3.005866696824874e-01	3.258704961052781e+00
138	0	5.752572605531032e-01	1.039017170692117e+01	2.322891802597657e-01	3.289628690242281e+00
138	1	4.350069153193763e-01	1.029564305171987e+01	1.883981017951884e-01	3.219194990111775e+00
138	2	3.981413825153588e-01	1.046420848766058e+01	3.005866696824874e-01	3.258704961052781e+00
138	3	3.201162859735138e-01	1.036112947527605e+01	2.421975255542938e-01	3.204373728374869e+00
139	0	4.350069153193763e-01	1.029564305171987e+01	1.883981017951884e-01	3.219194990111775e+00
139	1	3.468853828632099e-01	1.024216523304221e+01	1.703431800621565e-01	3.176715184771626e+00
139	2	3.201162859735138e-01	1.036112947527605e+01	2.421975255542938e-01	3.204373728374869e+00
139	3	2.919966564688243e-01	1.029157230909729e+01	2.224936292263375e-01	3.175070689669836e+00
140	0	3.468853828632099e-01	1.024216523304221e+01	1.703431800621565e-01	3.176715184771626e+00
140	1	2.618055762455160e-01	1.012762820037245e+01	1.115956888117367e-01	3.116830132985388e+00
140	2	2.919966564688243e-01	1.029157230909729e+01	2.224936292263375e-01	3.175070689669836e+00
140	3	5.701749916289334e-02	1.023091799011506e+01	9.277098043206626e-02	3.086380646783385e+00
141	0	2.618055762455160e-01	1.012762820037245e+01	1.115956888117367e-01	3.116830132985388e+00
141	1	2.614310886453861e-01	1.014787510378482e+01	1.108331923506102e-01	3.122791857729062e+00
141	2	5.701749916289334e-02	1.023091799011506e+01	9.277098043206626e-02	3.086380646783385e+00
141	3	1.684995126907136e-01	1.023556554881560e+01	2.247023214433707e-01	3.121219518451894e+00
142	0	2.614310886453861e-01	1.014787510378482e+01	1.108331923506102e-01	3.122791857729062e+00
142	1	1.419845969011888e-01	1.014008782855558e+01	4.837208946925537e-02	3.084621727637031e+00
142	2	1.684995126907136e-01	1.023556554881560e+01	2.247023214433707e-01	3.121219518451894e+00
142	3	4.429947394795253e-02	9.886803644369078e+00	1.845467808630913e-01	2.979330935495109e+00
143	0	1.419845969011888e-01	1.014008782855558e+01	4.837208946925537e-02	3.084621727637031e+00
143	1	1.156847832035792e-01	1.014270065014944e+01	3.642261537373519e-02	3.077515630005906e+00
143	2	4.429947394795253e-02	9.886803644369078e+00	1.845467808630913e-01	2.979330935495109e+00
143	3	4.257882338470775e-02	9.871355395140217e+00	1.326957571359404e-01	2.974180265557478e+00
144	0	1.156847832035792e-01	1.014270065014944e+01	3.642261537373519e-02	3.077515630005906e+00
144	1	7.726963903946249e-02	9.961278191553424e+00	-4.772599453454986e-02	3.011564349177866e+00
144	2	4.257882338470775e-02	9.871355395140217e+00	1.326957571359404e-01	2.974180265557478e+00
144	3	2.663418450012767e-02	1.010001268595877e+01	-2.179618151638002e-02	3.037994061137669e+00
145	0	7.726963903946249e-02	9.961278191553424e+00	-4.772599453454986e-02	3.011564349177866e+00
145	1	8.356705322411084e-02	9.825394338631991e+00	-1.056759296315668e-01	2.972688417556831e+00
145	2	2.663418450012767e-02	1.010001268595877e+01	-2.179618151638002e-02	3.037994061137669e+00
145	3	1.023718229620316e-01	1.042272263146609e+01	-1.610074425028433e-01	3.157528336328436e+00
146	0	8.356705322411084e-02	9.825394338631991e+00	-1.056759296315668e-01	2.972688417556831e+00
146	1	9.021703926402314e-02	9.555861227939786e+00	-3.907824491584818e-01	2.893823480161143e+00
146	2	1.023718229620316e-01	1.042272263146609e+01	-1.610074425028433e-01	3.157528336328436e+00
146	3	1.402889715458260e-01	1.046643367504644e+01	-4.331263478384685e-01	3.182016793977679e+00
147	0	9.021703926402314e-02	9.555861227939786e+00	-3.907824491584818e-01	2.893823480161143e+00
147	1	2.854507233343755e-01	9.042174046645750e+00	-6.687056166983883e-01	2.798287430994038e+00
147	2	1.402889715458260e-01	1.046643367504644e+01	-4.331263478384685e-01	3.182016793977679e+00
147	3	1.811733751092177e-01	1.033657820644609e+01	-9.023839472693371e-01	3.155325474466591e+00
148	0	3.171475450746934e+00	2.575033599023264e+01	-6.619987757041938e+00	8.676543432293872e+00
148	1	2.636287479604168e+00	1.466204042377463e+01	4.256014455642469e-01	5.189498371013639e+00
148	2	4.117791145623221e+00	2.217121655572654e+01	-7.832909453375751e+00	7.886702310404927e+00
148	3	1.734648097074027e+00	1.454307241416604e+01	2.742219493794152e-01	4.883316153372020e+00
149	0	2.636287479604168e+00	1.466204042377463e+01	4.256014455642469e-01	5.189498371013639e+00
149	1	1.521921508403329e+00	1.215151531589231e+01	7.318975923814557e-01	4.102031047288693e+00
149	2	1.734648097074027e+00	1.454307241416604e+01	2.742219493794152e-01	4.883316153372020e+00
149	3	8.566587112787722e-01	1.231119029506793e+01	7.064434375815889e-01	3.950354701904010e+00
150	0	1.521921508403329e+00	1.215151531589231e+01	7.318975923814557e-01	4.102031047288693e+00
150	1	1.085549294337100e+00	1.128922657153081e+01	6.369905497018263e-01	3.712432759760373e+00
150	2	8.566587112787722e-01	1.231119029506793e+01	7.064434375815889e-01	3.950354701904010e+00
150	3	5.350436821371405e-01	1.145210143112393e+01	6.411967201066761e-01	3.596143533978321e+00
151	0	1.085549294337100e+00	1.128922657153081e+01	6.369905497018263e-01	3.712432759760373e+00
151	1	6.804345308663313e-01	1.084297071840968e+01	4.758166909883091e-01	3.457021574782804e+00
151	2	5.350436821371405e-01	1.145210143112393e+01	6.411967201066761e-01	3.596143533978321e+00
151	3	3.929453574249919e-01	1.099191556879363e+01	4.892223439926978e-01	3.415458277865588e+00
152	0	6.804345308663313e-01	1.084297071840968e+01	4.758166909883091e-01	3.457021574782804e+00
152	1	5.519581423437501e-01	1.061025939911206e+01	3.778843302892920e-01	3.348665262436743e+00
152	2	3.929453574249919e-01	1.099191556879363e+01	4.892223439926978e-01	3.415458277865588e+00
152	3	2.599749363007122e-01	1.072579397870276e+01	3.787377021117314e-01	3.295730674501043e+00
153	0	5.519581423437501e-01	1.061025939911206e+01	3.778843302892920e-01	3.348665262436743e+00
153	1	3.981413825153588e-01	1.046420848766058e+01	3.005866696824874e-01	3.258704961052781e+00
153	2	2.599749363007122e-01	1.072579397870276e+01	3.787377021117314e-01	3.295730674501043e+00
153	3	2.093812947635261e-01	1.055468912703466e+01	3.163047541910557e-01	3.229221126539456e+00
154	0	3.981413825153588e-01	1.046420848766058e+01	3.005866696824874e-01	3.258704961052781e+00
154	1	3.201162859735138e-01	1.036112947527605e+01	2.421975255542938e-01	3.204373728374869e+00
154	2	2.093812947635261e-01	1.055468912703466e+01	3.163047541910557e-01	3.229221126539456e+00
154	3	1.221790247530050e-01	1.042121725291836e+01	2.275563853903181e-01	3.163018883301408e+00
155	0	3.201162859735138e-01	1.036112947527605e+01	2.421975255542938e-01	3.204373728374869e+00
155	1	2.919966564688243e-01	1.029157230909729e+01	2.224936292263375e-01	3.175070689669836e+00
155	2	1.221790247530050e-01	1.042121725291836e+01	2.275563853903181e-01	3.163018883301408e+00
155	3	1.397398166967898e-01	1.040183087151328e+01	2.429908134907865e-01	3.162471206463020e+00
156	0	2.919966564688243e-01	1.029157230909729e+01	2.224936292263375e-01	3.175070689669836e+00
156	1	5.701749916289334e-02	1.023091799011506e+01	9.277098043206626e-02	3.086380646783385e+00
156	2	1.397398166967898e-01	1.040183087151328e+01	2.429908134907865e-01	3.162471206463020e+00
156	3	4.103309333125260e-02	1.004342403029176e+01	2.189901080794411e-01	3.025337137086904e+00
157	0	5.701749916289334e-02	1.023091799011506e+01	9.277098043206626e-02	3.086380646783385e+00
157	1	1.684995126907136e-01	1.023556554881560e+01	2.247023214433707e-01	3.121219518451894e+00
157	2	4.103309333125260e-02	1.004342403029176e+01	2.189901080794411e-01	3.025337137086904e+00
157	3	2.604778417223379e-01	1.037534001330780e+01	1.784035561921372e-01	3.190745356509042e+00
158	0	1.684995126907136e-01	1.023556554881560e+01	2.247023214433707e-01	3.121219518451894e+00
158	1	4.429947394795253e-02	9.886803644369078e+00	1.845467808630913e-01	2.979330935495109e+00
158	2	2.604778417223379e-01	1.037534001330780e+01	1.784035561921372e-01	3.190745356509042e+00
158	3	3.288959540649721e-01	1.098540302717668e+01	-3.884642747746344e-02	3.394289694372494e+00
159	0	4.429947394795253e-02	9.886803644369078e+00	1.845467808630913e-01	2.979330935495109e+00
159	1	4.257882338470775e-02	9.871355395140217e+00	1.326957571359404e-01	2.974180265557478e+00
159	2	3.288959540649721e-01	1.098540302717668e+01	-3.884642747746344e-02	3.394289694372494e+00
159	3	4.190631511664513e-01	1.114515237424228e+01	1.888299902550831e-03	3.469264657622620e+00
160	0	4.257882338470775e-02	9.871355395140217e+00	1.326957571359404e-01	2.974180265557478e+00
160	1	2.663418450012767e-02	1.010001268595877e+01	-2.179618151638002e-02	3.037994061137669e+00
160	2	4.190631511664513e-01	1.114515237424228e+01	1.888299902550831e-03	3.469264657622620e+00
160	3	3.001128576876511e-02	1.018881346673454e+01	7.969725447134576e-02	3.065647425750993e+00
161	0	2.663418450012767e-02	1.010001268595877e+01	-2.179618151638002e-02	3.037994061137669e+00
161	1	1.023718229620316e-01	1.042272263146609e+01	-1.610074425028433e-01	3.157528336328436e+00
161	2	3.001128576876511e-02	1.018881346673454e+01	7.969725447134576e-02	3.065647425750993e+00
161	3	-1.037318662872169e-01	1.005733584210245e+01	4.923578814442967e-02	2.986081192744569e+00
162	0	1.023718229620316e-01	1.042272263146609e+01	-1.610074425028433e-01	3.157528336328436e+00
162	1	1.402889715458260e-01	1.046643367504644e+01	-4.331263478384685e-01	3.182016793977679e+00
162	2	-1.037318662872169e-01	1.005733584210245e+01	4.923578814442967e-02	2.986081192744569e+00
162	3	-9.947222912035958e-02	1.050940870301977e+01	-1.376450566834890e-01	3.122980942169824e+00
163	0	1.402889715458260e-01	1.046643367504644e+01	-4.331263478384685e-01	3.182016793977679e+00
163	1	1.811733751092177e-01	1.033657820644609e+01	-9.023839472693371e-01	3.155325474466591e+00
163	2	-9.947222912035958e-02	1.050940870301977e+01	-1.376450566834890e-01	3.122980942169824e+00
163	3	-1.617974134328612e-01	1.112169086618820e+01	-4.885976262198078e-01	3.287968035826601e+00
164	0	4.117791145623221e+00	2.217121655572654e+01	-7.832909453375751e+00	7.886702310404927e+00
164	1	1.734648097074027e+00	1.454307241416604e+01	2.742219493794152e-01	4.883316153372020e+00
164	2	4.966820042941013e+00	1.801382527054396e+01	-8.250454894284328e+00	6.894193594045490e+00
164	3	7.441512973099922e-01	1.425533038323689e+01	-9.468303328351951e-02	4.499844504164066e+00
165	0	1.734648097074027e+00	1.454307241416604e+01	2.742219493794152e-01	4.883316153372020e+00
165	1	8.566587112787722e-01	1.231119029506793e+01	7.064434375815889e-01	3.950354701904010e+00
165	2	7.441512973099922e-01	1.425533038323689e+01	-9.468303328351951e-02	4.499844504164066e+00
165	3	1.185248141699367e-01	1.239096976536717e+01	4.939966618694123e-01	3.752848373861133e+00
166	0	8.566587112787722e-01	1.231119029506793e+01	7.064434375815889e-01	3.950354701904010e+00
166	1	5.350436821371405e-01	1.145210143112393e+01	6.411967201066761e-01	3.596143533978321e+00
166	2	1.185248141699367e-01	1.239096976536717e+01	4.939966618694123e-01	3.752848373861133e+00
166	3	-4.455080306620829e-02	1.156572536775880e+01	4.692260219968591e-01	3.456352369407777e+00
167	0	5.350436821371405e-01	1.145210143112393e+01	6.411967201066761e-01	3.596143533978321e+00
167	1	3.929453574249919e-01	1.099191556879363e+01	4.892223439926978e-01	3.415458277865588e+00
167	2	-4.455080306620829e-02	1.156572536775880e+01	4.692260219968591e-01	3.456352369407777e+00
167	3	1.761183921712819e-01	1.115752914075445e+01	4.006523366662239e-01	3.400094259877720e+00
168	0	3.929453574249919e-01	1.099191556879363e+01	4.892223439926978e-01	3.415458277865588e+00
168	1	2.599749363007122e-01	1.072579397870276e+01	3.787377021117314e-01	3.295730674501043e+00
168	2	1.761183921712819e-01	1.115752914075445e+01	4.006523366662239e-01	3.400094259877720e+00
168	3	-9.259763930854437e-02	1.079308817570950e+01	2.865178142960722e-01	3.210147160920287e+00
169	0	2.599749363007122e-01	1.072579397870276e+01	3.787377021117314e-01	3.295730674501043e+00
169	1	2.093812947635261e-01	1.055468912703466e+01	3.163047541910557e-01	3.229221126539456e+00
169	2	-9.259763930854437e-02	1.079308817570950e+01	2.865178142960722e-01	3.210147160920287e+00
169	3	-2.375013952369365e-02	1.062920870275728e+01	2.408859057290708e-01	3.181637568970076e+00
170	0	2.093812947635261e-01	1.055468912703466e+01	3.163047541910557e-01	3.229221126539456e+00
170	1	1.221790247530050e-01	1.042121725291836e+01	2.275563853903181e-01	3.163018883301408e+00
170	2	-2.375013952369365e-02	1.062920870275728e+01	2.408859057290708e-01	3.181637568970076e+00
170	3	-1.161713495835137e-02	1.046319766739073e+01	2.354839722664711e-01	3.135474159729714e+00
171	0	1.221790247530050e-01	1.042121725291836e+01	2.275563853903181e-01	3.163018883301408e+00
171	1	1.397398166967898e-01	1.040183087151328e+01	2.429908134907865e-01	3.162471206463020e+00
171	2	-1.161713495835137e-02	1.046319766739073e+01	2.354839722664711e-01	3.135474159729714e+00
171	3	-6.548932831230481e-03	1.039309885877709e+01	1.364115715129834e-01	3.115964977783757e+00
172	0	1.397398166967898e-01	1.040183087151328e+01	2.429908134907865e-01	3.162471206463020e+00
172	1	4.103309333125260e-02	1.004342403029176e+01	2.189901080794411e-01	3.025337137086904e+00
172	2	-6.548932831230481e-03	1.039309885877709e+01	1.364115715129834e-01	3.115964977783757e+00
172	3	2.406281426612589e-01	1.096074564575454e+01	-4.434264543565742e-03	3.360412136524741e+00
173	0	4.103309333125260e-02	1.004342403029176e+01	2.189901080794411e-01	3.025337137086904e+00
173	1	2.604778417223379e-01	1.037534001330780e+01	1.784035561921372e-01	3.190745356509042e+00
173	2	2.406281426612589e-01	1.096074564575454e+01	-4.434264543565742e-03	3.360412136524741e+00
173	3	-2.680430745452842e-01	9.838918378994702e+00	1.242274123379227e-01	2.871262591334825e+00
174	0	2.604778417223379e-01	1.037534001330780e+01	1.784035561921372e-01	3.190745356509042e+00
174	1	3.288959540649721e-01	1.098540302717668e+01	-3.884642747746344e-02	3.394289694372494e+00
174	2	-2.680430745452842e-01	9.838918378994702e+00	1.242274123379227e-01	2.871262591334825e+00
174	3	-2.462701282325810e-01	9.438864595797764e+00	3.199959995120069e-01	2.757778340269555e+00
175	0	3.288959540649721e-01	1.098540302717668e+01	-3.884642747746344e-02	3.394289694372494e+00
175	1	4.190631511664513e-01	1.114515237424228e+01	1.888299902550831e-03	3.469264657622620e+00
175	2	-2.462701282325810e-01	9.438864595797764e+00	3.199959995120069e-01	2.757778340269555e+00
175	3	-8.159924713200706e-02	9.946531831601069e+00	2.191553297988296e-01	2.959479775340718e+00
176	0	4.190631511664513e-01	1.114515237424228e+01	1.888299902550831e-03	3.469264657622620e+00
176	1	3.001128576876511e-02	1.018881346673454e+01	7.969725447134576e-02	3.065647425750993e+00
176	2	-8.159924713200706e-02	9.946531831601069e+00	2.191553297988296e-01	2.959479775340718e+00
176	3	1.704580760892949e-02	1.034906280183552e+01	1.144160392503437e-01	3.109832582833334e+00
177	0	3.001128576876511e-02	1.018881346673454e+01	7.969725447134576e-02	3.065647425750993e+00
177	1	-1.037318662872169e-01	1.005733584210245e+01	4.923578814442967e-02	2.986081192744569e+00
177	2	1.704580760892949e-02	1.034906280183552e+01	1.144160392503437e-01	3.109832582833334e+00
177	3	1.907865803665665e-02	1.054136231559236e+01	7.154955702252584e-02	3.168132292088705e+00
178	0	-1.037318662872169e-01	1.005733584210245e+01	4.923578814442967e-02	2.986081192744569e+00
178	1	-9.947222912035958e-02	1.050940870301977e+01	-1.376450566834890e-01	3.122980942169824e+00
178	2	1.907865803665665e-02	1.054136231559236e+01	7.154955702252584e-02	3.168132292088705e+00
178	3	-7.320399870043826e-02	1.079970089201118e+01	6.324238477862390e-02	3.217949067993222e+00
179	0	-9.947222912035958e-02	1.050940870301977e+01	-1.376450566834890e-01	3.122980942169824e+00
179	1	-1.617974134328612e-01	1.112169086618820e+01	-4.885976262198078e-01	3.287968035826601e+00
179	2	-7.320399870043826e-02	1.079970089201118e+01	6.324238477862390e-02	3.217949067993222e+00
179	3	-2.805926290119718e-01	1.133974615175938e+01	2.047903489453432e-03	3.317746056824223e+00
180	0	4.966820042941013e+00	1.801382527054396e+01	-8.250454894284328e+00	6.894193594045490e+00
180	1	7.441512973099922e-01	1.425533038323689e+01	-9.468303328351951e-02	4.499844504164066e+00
180	2	5.470237283419928e+00	1.363845292788971e+01	-7.805034894844185e+00	5.732607063392892e+00
180	3	-2.213795043960314e-01	1.371483732629973e+01	-6.510491239052754e-01	4.048037346571108e+00
181	0	7.441512973099922e-01	1.425533038323689e+01	-9.468303328351951e-02	4.499844504164066e+00
181	1	1.185248141699367e-01	1.239096976536717e+01	4.939966618694123e-01	3.752848373861133e+00
181	2	-2.213795043960314e-01	1.371483732629973e+01	-6.510491239052754e-01	4.048037346571108e+00
181	3	-6.127606192441108e-01	1.230928263510658e+01	8.126803519442451e-02	3.508956604758742e+00
182	0	1.185248141699367e-01	1.239096976536717e+01	4.939966618694123e-01	3.752848373861133e+00
182	1	-4.455080306620829e-02	1.156572536775880e+01	4.692260219968591e-01	3.456352369407777e+00
182	2	-6.127606192441108e-01	1.230928263510658e+01	8.126803519442451e-02	3.508956604758742e+00
182	3	-4.988986279862981e-01	1.160027960378789e+01	1.566592613153821e-01	3.330414292740477e+00
183	0	-4.455080306620829e-02	1.156572536775880e+01	4.692260219968591e-01	3.456352369407777e+00
183	1	1.761183921712819e-01	1.115752914075445e+01	4.006523366662239e-01	3.400094259877720e+00
183	2	-4.988986279862981e-01	1.160027960378789e+01	1.566592613153821e-01	3.330414292740477e+00
183	3	-3.018217826750034e-01	1.113336394969223e+01	2.023926097624655e-01	3.249462650105168e+00
184	0	1.761183921712819e-01	1.115752914075445e+01	4.006523366662239e-01	3.400094259877720e+00
184	1	-9.259763930854437e-02	1.079308817570950e+01	2.865178142960722e-01	3.210147160920287e+00
184	2	-3.018217826750034e-01	1.113336394969223e+01	2.023926097624655e-01	3.249462650105168e+00
184	3	-4.561924035966216e-01	1.079737757904857e+01	1.151179865401626e-01	3.102355552635585e+00
185	0	-9.259763930854437e-02	1.079308817570950e+01	2.865178142960722e-01	3.210147160920287e+00
185	1	-2.375013952369365e-02	1.062920870275728e+01	2.408859057290708e-01	3.181637568970076e+00
185	2	-4.561924035966216e-01	1.079737757904857e+01	1.151179865401626e-01	3.102355552635585e+00
185	3	-2.067329453583513e-01	1.062215128243000e+01	1.449169206569013e-01	3.124625501121495e+00
186	0	-2.375013952369365e-02	1.062920870275728e+01	2.408859057290708e-01	3.181637568970076e+00
186	1	-1.161713495835137e-02	1.046319766739073e+01	2.354839722664711e-01	3.135474159729714e+00
186	2	-2.067329453583513e-01	1.062215128243000e+01	1.449169206569013e-01	3.124625501121495e+00
186	3	-1.713831564498500e-01	1.062580090413925e+01	2.792288020792730e-02	3.136325324306821e+00
187	0	-1.161713495835137e-02	1.046319766739073e+01	2.354839722664711e-01	3.135474159729714e+00
187	1	-6.548932831230481e-03	1.039309885877709e+01	1.364115715129834e-01	3.115964977783757e+00
187	2	-1.713831564498500e-01	1.062580090413925e+01	2.792288020792730e-02	3.136325324306821e+00
187	3	-2.454109360579126e-01	1.021549944946912e+01	9.816649117586956e-02	2.991026554023362e+00
188	0	-6.548932831230481e-03	1.039309885877709e+01	1.364115715129834e-01	3.115964977783757e+00
188	1	2.406281426612589e-01	1.096074564575454e+01	-4.434264543565742e-03	3.360412136524741e+00
188	2	-2.454109360579126e-01	1.021549944946912e+01	9.816649117586956e-02	2.991026554023362e+00
188	3	-2.877415900117857e-01	9.903218844170887e+00	2.385912136241831e-01	2.884643176247730e+00
189	0	2.406281426612589e-01	1.096074564575454e+01	-4.434264543565742e-03	3.360412136524741e+00
189	1	-2.680430745452842e-01	9.838918378994702e+00	1.242274123379227e-01	2.871262591334825e+00
189	2	-2.877415900117857e-01	9.903218844170887e+00	2.385912136241831e-01	2.884643176247730e+00
189	3	-3.240025616248587e-02	1.042905722107394e+01	6.792451096386908e-02	3.118997089473437e+00
190	0	-2.680430745452842e-01	9.838918378994702e+00	1.242274123379227e-01	2.871262591334825e+00
190	1	-2.462701282325810e-01	9.438864595797764e+00	3.199959995120069e-01	2.757778340269555e+00
190	2	-3.240025616248587e-02	1.042905722107394e+01	6.792451096386908e-02	3.118997089473437e+00
190	3	1.376279107799583e-02	1.046351175542730e+01	-5.394155009395469e-02	3.143182363951588e+00
191	0	-2.462701282325810e-01	9.438864595797764e+00	3.199959995120069e-01	2.757778340269555e+00
191	1	-8.159924713200706e-02	9.946531831601069e+00	2.191553297988296e-01	2.959479775340718e+00
191	2	1.376279107799583e-02	1.046351175542730e+01	-5.394155009395469e-02	3.143182363951588e+00
191	3	-4.121824173036615e-02	1.025820350207873e+01	-1.096790276625865e-02	3.065095578104508e+00
192	0	-8.159924713200706e-02	9.946531831601069e+00	2.191553297988296e-01	2.959479775340718e+00
192	1	1.704580760892949e-02	1.034906280183552e+01	1.144160392503437e-01	3.109832582833334e+00
192	2	-4.121824173036615e-02	1.025820350207873e+01	-1.096790276625865e-02	3.065095578104508e+00
192	3	-7.617484701200716e-03	1.017173372526953e+01	6.665970776091215e-02	3.049234872170500e+00
193	0	1.704580760892949e-02	1.034906280183552e+01	1.144160392503437e-01	3.109832582833334e+00
193	1	1.907865803665665e-02	1.054136231559236e+01	7.154955702252584e-02	3.168132292088705e+00
193	2	-7.617484701200716e-03	1.017173372526953e+01	6.665970776091215e-02	3.049234872170500e+00
193	3	-4.870031008247278e-02	1.024065796199306e+01	9.738892693138876e-02	3.057587295573176e+00
194	0	1.907865803665665e-02	1.054136231559236e+01	7.154955702252584e-02	3.168132292088705e+00
194	1	-7.320399870043826e-02	1.079970089201118e+01	6.324238477862390e-02	3.217949067993222e+00
194	2	-4.870031008247278e-02	1.024065796199306e+01	9.738892693138876e-02	3.057587295573176e+00
194	3	-1.433841688223358e-01	1.039474833958873e+01	2.157998740079423e-01	3.075409251229920e+00
195	0	-7.320399870043826e-02	1.079970089201118e+01	6.324238477862390e-02	3.217949067993222e+00
195	1	-2.805926290119718e-01	1.133974615175938e+01	2.047903489453432e-03	3.317746056824223e+00
195	2	-1.433841688223358e-01	1.039474833958873e+01	2.157998740079423e-01	3.075409251229920e+00
195	3	-4.110524602389436e-01	1.062771712891058e+01	5.047162293370431e-01	3.064999400601490e+00
196	0	5.470237283419928e+00	1.363845292788971e+01	-7.805034894844185e+00	5.732607063392892e+00
196	1	-2.213795043960314e-01	1.371483732629973e+01	-6.510491239052754e-01	4.048037346571108e+00
196	2	5.311191979678938e+00	9.444004061210762e+00	-6.616396424513401e+00	4.426558812266910e+00
196	3	-1.078519497944638e+00	1.286517130000521e+01	-1.322954794034970e+00	3.535995540618170e+00
197	0	-2.213795043960314e-01	1.371483732629973e+01	-6.510491239052754e-01	4.048037346571108e+00
197	1	-6.127606192441108e-01	1.230928263510658e+01	8.126803519442451e-02	3.508956604758742e+00
197	2	-1.078519497944638e+00	1.286517130000521e+01	-1.322954794034970e+00	3.535995540618170e+00
197	3	-1.169245267372950e+00	1.201661756643287e+01	-4.937140335138337e-01	3.254211689717978e+00
198	0	-6.127606192441108e-01	1.230928263510658e+01	8.126803519442451e-02	3.508956604758742e+00
198	1	-4.988986279862981e-01	1.160027960378789e+01	1.566592613153821e-01	3.330414292740477e+00
198	2	-1.169245267372950e+00	1.201661756643287e+01	-4.937140335138337e-01	3.254211689717978e+00
198	3	-8.726290213026058e-01	1.145604947303096e+01	-2.302451583692115e-01	3.175026135518507e+00
199	0	-4.988986279862981e-01	1.160027960378789e+01	1.566592613153821e-01	3.330414292740477e+00
199	1	-3.018217826750034e-01	1.113336394969223e+01	2.023926097624655e-01	3.249462650105168e+00
199	2	-8.726290213026058e-01	1.145604947303096e+01	-2.302451583692115e-01	3.175026135518507e+00
199	3	-7.310092999546152e-01	1.101069285615958e+01	-1.354571674828990e-01	3.083905066861489e+00
200	0	-3.018217826750034e-01	1.113336394969223e+01	2.023926097624655e-01	3.249462650105168e+00
200	1	-4.561924035966216e-01	1.079737757904857e+01	1.151179865401626e-01	3.102355552635585e+00
200	2	-7.310092999546152e-01	1.101069285615958e+01	-1.354571674828990e-01	3.083905066861489e+00
200	3	-4.179726244122337e-01	1.078766993545375e+01	-6.397353519688265e-02	3.110909193312456e+00
201	0	-4.561924035966216e-01	1.079737757904857e+01	1.151179865401626e-01	3.102355552635585e+00
201	1	-2.067329453583513e-01	1.062215128243000e+01	1.449169206569013e-01	3.124625501121495e+00
201	2	-4.179726244122337e-01	1.078766993545375e+01	-6.397353519688265e-02	3.110909193312456e+00
201	3	-3.559120039368109e-01	1.072348801211857e+01	-1.044844858527364e-01	3.110272802454527e+00
202	0	-2.067329453583513e-01	1.062215128243000e+01	1.449169206569013e-01	3.124625501121495e+00
202	1	-1.713831564498500e-01	1.062580090413925e+01	2.792288020792730e-02	3.136325324306821e+00
202	2	-3.559120039368109e-01	1.072348801211857e+01	-1.044844858527364e-01	3.110272802454527e+00
202	3	-5.365309732304997e-01	1.006690792445891e+01	4.114936830574037e-02	2.859113085368522e+00
203	0	-1.713831564498500e-01	1.062580090413925e+01	2.792288020792730e-02	3.136325324306821e+00
203	1	-2.454109360579126e-01	1.021549944946912e+01	9.816649117586956e-02	2.991026554023362e+00
203	2	-5.365309732304997e-01	1.006690792445891e+01	4.114936830574037e-02	2.859113085368522e+00
203	3	-1.940131617141185e-01	1.052089408380197e+01	-2.415904218513117e-02	3.098064276626356e+00
204	0	-2.454109360579126e-01	1.021549944946912e+01	9.816649117586956e-02	2.991026554023362e+00
204	1	-2.877415900117857e-01	9.903218844170887e+00	2.385912136241831e-01	2.884643176247730e+00
204	2	-1.940131617141185e-01	1.052089408380197e+01	-2.415904218513117e-02	3.098064276626356e+00
204	3	-2.187093772655704e-01	1.036928057952831e+01	-1.468399894028660e-01	3.045171360678822e+00
205	0	-2.877415900117857e-01	9.903218844170887e+00	2.385912136241831e-01	2.884643176247730e+00
205	1	-3.240025616248587e-02	1.042905722107394e+01	6.792451096386908e-02	3.118997089473437e+00
205	2	-2.187093772655704e-01	1.036928057952831e+01	-1.468399894028660e-01	3.045171360678822e+00
205	3	-2.156815665022922e-01	1.015162864495349e+01	-4.233992100556771e-02	2.980784123535359e+00
206	0	-3.240025616248587e-02	1.042905722107394e+01	6.792451096386908e-02	3.118997089473437e+00
206	1	1.376279107799583e-02	1.046351175542730e+01	-5.394155009395469e-02	3.143182363951588e+00
206	2	-2.156815665022922e-01	1.015162864495349e+01	-4.233992100556771e-02	2.980784123535359e+00
206	3	-1.584607540331184e-01	1.013226488759126e+01	9.125288348764353e-03	2.992141240067441e+00
207	0	1.376279107799583e-02	1.046351175542730e+01	-5.394155009395469e-02	3.143182363951588e+00
207	1	-4.121824173036615e-02	1.025820350207873e+01	-1.096790276625865e-02	3.065095578104508e+00
207	2	-1.584607540331184e-01	1.013226488759126e+01	9.125288348764353e-03	2.992141240067441e+00
207	3	-1.197353661772418e-01	1.013993345742051e+01	-2.550640595548699e-02	3.006059427372981e+00
208	0	-4.121824173036615e-02	1.025820350207873e+01	-1.096790276625865e-02	3.065095578104508e+00
208	1	-7.617484701200716e-03	1.017173372526953e+01	6.665970776091215e-02	3.049234872170500e+00
208	2	-1.197353661772418e-01	1.013993345742051e+01	-2.550640595548699e-02	3.006059427372981e+00
208	3	-1.699745035290583e-01	1.013017555878628e+01	-4.993851240368816e-02	2.988060316577165e+00
209	0	-7.617484701200716e-03	1.017173372526953e+01	6.665970776091215e-02	3.049234872170500e+00
209	1	-4.870031008247278e-02	1.024065796199306e+01	9.738892693138876e-02	3.057587295573176e+00
209	2	-1.699745035290583e-01	1.013017555878628e+01	-4.993851240368816e-02	2.988060316577165e+00
209	3	-2.640849805736023e-01	9.969995662551685e+00	5.862515842245128e-02	2.911773204593424e+00
210	0	-4.870031008247278e-02	1.024065796199306e+01	9.738892693138876e-02	3.057587295573176e+00
210	1	-1.433841688223358e-01	1.039474833958873e+01	2.157998740079423e-01	3.075409251229920e+00
210	2	-2.640849805736023e-01	9.969995662551685e+00	5.862515842245128e-02	2.911773204593424e+00
210	3	-3.119218559950330e-01	9.901154141746650e+00	1.425529510703817e-01	2.876769685725485e+00
211	0	-1.433841688223358e-01	1.039474833958873e+01	2.157998740079423e-01	3.075409251229920e+00
211	1	-4.110524602389436e-01	1.062771712891058e+01	5.047162293370431e-01	3.064999400601490e+00
211	2	-3.119218559950330e-01	9.901154141746650e+00	1.425529510703817e-01	2.876769685725485e+00
211	3	-3.183897805406000e-01	9.845617116684817e+00	3.101470808548977e-01	2.858168200843265e+00
212	0	5.311191979678938e+00	9.444004061210762e+00	-6.616396424513401e+00	4.426558812266910e+00
212	1	-1.078519497944638e+00	1.286517130000521e+01	-1.322954794034970e+00	3.535995540618170e+00
212	2	4.365966274278460e+00	5.740568523652539e+00	-4.941736471134830e+00	3.031960439379299e+00
212	3	-1.699527459465932e+00	1.167596608005364e+01	-2.028939899007613e+00	2.992931586176311e+00
213	0	-1.078519497944638e+00	1.286517130000521e+01	-1.322954794034970e+00	3.535995540618170e+00
213	1	-1.169245267372950e+00	1.201661756643287e+01	-4.937140335138337e-01	3.254211689717978e+00
213	2	-1.699527459465932e+00	1.167596608005364e+01	-2.028939899007613e+00	2.992931586176311e+00
213	3	-1.481234068974973e+00	1.150162871359554e+01	-1.116552962416671e+00	3.006118393386169e+00
214	0	-1.169245267372950e+00	1.201661756643287e+01	-4.937140335138337e-01	3.254211689717978e+00
214	1	-8.726290213026058e-01	1.145604947303096e+01	-2.302451583692115e-01	3.175026135518507e+00
214	2	-1.481234068974973e+00	1.150162871359554e+01	-1.116552962416671e+00	3.006118393386169e+00
214	3	-1.168939351862545e+00	1.106754413269981e+01	-6.747468171809591e-01	2.969581434251180e+00
215	0	-8.726290213026058e-01	1.145604947303096e+01	-2.302451583692115e-01	3.175026135518507e+00
215	1	-7.310092999546152e-01	1.101069285615958e+01	-1.354571674828990e-01	3.083905066861489e+00
215	2	-1.168939351862545e+00	1.106754413269981e+01	-6.747468171809591e-01	2.969581434251180e+00
215	3	-8.086241287238902e-01	1.084900549511470e+01	-5.025771880359757e-01	3.012114409917242e+00
216	0	-7.310092999546152e-01	1.101069285615958e+01	-1.354571674828990e-01	3.083905066861489e+00
216	1	-4.179726244122337e-01	1.078766993545375e+01	-6.397353519688265e-02	3.110909193312456e+00
216	2	-8.086241287238902e-01	1.084900549511470e+01	-5.025771880359757e-01	3.012114409917242e+00
216	3	-6.430806791450019e-01	1.061985004545916e+01	-3.046472511600787e-01	2.993030809894247e+00
217	0	-4.179726244122337e-01	1.078766993545375e+01	-6.397353519688265e-02	3.110909193312456e+00
217	1	-3.559120039368109e-01	1.072348801211857e+01	-1.044844858527364e-01	3.110272802454527e+00
217	2	-6.430806791450019e-01	1.061985004545916e+01	-3.046472511600787e-01	2.993030809894247e+00
217	3	-8.390618567559303e-01	1.013717981885436e+01	-1.964289702754302e-01	2.789435388629530e+00
218	0	-3.559120039368109e-01	1.072348801211857e+01	-1.044844858527364e-01	3.110272802454527e+00
218	1	-5.365309732304997e-01	1.006690792445891e+01	4.114936830574037e-02	2.859113085368522e+00
218	2	-8.390618567559303e-01	1.013717981885436e+01	-1.964289702754302e-01	2.789435388629530e+00
218	3	-2.448228524578040e-01	1.056247600028646e+01	-2.694097837863399e-01	3.095295944348595e+00
219	0	-5.365309732304997e-01	1.006690792445891e+01	4.114936830574037e-02	2.859113085368522e+00
219	1	-1.940131617141185e-01	1.052089408380197e+01	-2.415904218513117e-02	3.098064276626356e+00
219	2	-2.448228524578040e-01	1.056247600028646e+01	-2.694097837863399e-01	3.095295944348595e+00
219	3	-4.440296608757519e-01	1.019647972782736e+01	-1.948301672947982e-01	2.925735020085483e+00
220	0	-1.940131617141185e-01	1.052089408380197e+01	-2.415904218513117e-02	3.098064276626356e+00
220	1	-2.187093772655704e-01	1.036928057952831e+01	-1.468399894028660e-01	3.045171360678822e+00
220	2	-4.440296608757519e-01	1.019647972782736e+01	-1.948301672947982e-01	2.925735020085483e+00
220	3	-2.809009430458653e-01	1.025795302698625e+01	-7.891985737892108e-02	2.993115625182114e+00
221	0	-2.187093772655704e-01	1.036928057952831e+01	-1.468399894028660e-01	3.045171360678822e+00
221	1	-2.156815665022922e-01	1.015162864495349e+01	-4.233992100556771e-02	2.980784123535359e+00
221	2	-2.809009430458653e-01	1.025795302698625e+01	-7.891985737892108e-02	2.993115625182114e+00
221	3	-2.275290910560184e-01	1.023684184551692e+01	-1.547158069759961e-01	3.002793826338271e+00
222	0	-2.156815665022922e-01	1.015162864495349e+01	-4.233992100556771e-02	2.980784123535359e+00
222	1	-1.584607540331184e-01	1.013226488759126e+01	9.125288348764353e-03	2.992141240067441e+00
222	2	-2.275290910560184e-01	1.023684184551692e+01	-1.547158069759961e-01	3.002793826338271e+00
222	3	-2.493741786178294e-01	1.014589163855829e+01	-1.778066991873359e-01	2.968955237982139e+00
223	0	-1.584607540331184e-01	1.013226488759126e+01	9.125288348764353e-03	2.992141240067441e+00
223	1	-1.197353661772418e-01	1.013993345742051e+01	-2.550640595548699e-02	3.006059427372981e+00
223	2	-2.493741786178294e-01	1.014589163855829e+01	-1.778066991873359e-01	2.968955237982139e+00
223	3	-2.133395016358985e-01	1.012208336469195e+01	-1.228123405199266e-01	2.972623158916816e+00
224	0	-1.197353661772418e-01	1.013993345742051e+01	-2.550640595548699e-02	3.006059427372981e+00
224	1	-1.699745035290583e-01	1.013017555878628e+01	-4.993851240368816e-02	2.988060316577165e+00
224	2	-2.133395016358985e-01	1.012208336469195e+01	-1.228123405199266e-01	2.972623158916816e+00
224	3	-3.419606292923270e-01	9.941549488651509e+00	-6.379829890139248e-02	2.879876657807755e+00
225	0	-1.699745035290583e-01	1.013017555878628e+01	-4.993851240368816e-02	2.988060316577165e+00
225	1	-2.640849805736023e-01	9.969995662551685e+00	5.862515842245128e-02	2.911773204593424e+00
225	2	-3.419606292923270e-01	9.941549488651509e+00	-6.379829890139248e-02	2.879876657807755e+00
225	3	-1.156210108291011e-01	1.015369543487028e+01	-1.005049000333249e-01	3.011422327212353e+00
226	0	-2.640849805736023e-01	9.969995662551685e+00	5.862515842245128e-02	2.911773204593424e+00
226	1	-3.119218559950330e-01	9.901154141746650e+00	1.425529510703817e-01	2.876769685725485e+00
226	2	-1.156210108291011e-01	1.015369543487028e+01	-1.005049000333249e-01	3.011422327212353e+00
226	3	-3.276289425966885e-01	9.894819662904537e+00	6.801954163642148e-03	2.870157216092355e+00
227	0	-3.119218559950330e-01	9.901154141746650e+00	1.425529510703817e-01	2.876769685725485e+00
227	1	-3.183897805406000e-01	9.845617116684817e+00	3.101470808548977e-01	2.858168200843265e+00
227	2	-3.276289425966885e-01	9.894819662904537e+00	6.801954163642148e-03	2.870157216092355e+00
227	3	-4.115450281482129e-01	9.768639081774392e+00	1.287760900261533e-01	2.807128216087854e+00
228	0	4.365966274278460e+00	5.740568523652539e+00	-4.941736471134830e+00	3.031960439379299e+00
228	1	-1.699527459465932e+00	1.167596608005364e+01	-2.028939899007613e+00	2.992931586176311e+00
228	2	2.785302049295540e+00	2.913271235735128e+00	-3.023960563277599e+00	1.709571985509201e+00
228	3	-2.003165883128448e+00	1.024284258523700e+01	-2.661027200209972e+00	2.471903010632564e+00
229	0	-1.699527459465932e+00	1.167596608005364e+01	-2.028939899007613e+00	2.992931586176311e+00
229	1	-1.481234068974973e+00	1.150162871359554e+01	-1.116552962416671e+00	3.006118393386169e+00
229	2	-2.003165883128448e+00	1.024284258523700e+01	-2.661027200209972e+00	2.471903010632564e+00
229	3	-1.610605156215749e+00	1.066968574467012e+01	-1.679055477239720e+00	2.717724176536312e+00
230	0	-1.481234068974973e+00	1.150162871359554e+01	-1.116552962416671e+00	3.006118393386169e+00
230	1	-1.168939351862545e+00	1.106754413269981e+01	-6.747468171809591e-01	2.969581434251180e+00
230	2	-1.610605156215749e+00	1.066968574467012e+01	-1.679055477239720e+00	2.717724176536312e+00
230	3	-1.175281777635560e+00	1.060107365800536e+01	-1.116146981505403e+00	2.827737564110940e+00
231	0	-1.168939351862545e+00	1.106754413269981e+01	-6.747468171809591e-01	2.969581434251180e+00
231	1	-8.086241287238902e-01	1.084900549511470e+01	-5.025771880359757e-01	3.012114409917242e+00
231	2	-1.175281777635560e+00	1.060107365800536e+01	-1.116146981505403e+00	2.827737564110940e+00
231	3	-8.958982228520718e-01	1.039465814434616e+01	-7.946430239100101e-01	2.849627976448228e+00
232	0	-8.086241287238902e-01	1.084900549511470e+01	-5.025771880359757e-01	3.012114409917242e+00
232	1	-6.430806791450019e-01	1.061985004545916e+01	-3.046472511600787e-01	2.993030809894247e+00
232	2	-8.958982228520718e-01	1.039465814434616e+01	-7.946430239100101e-01	2.849627976448228e+00
232	3	-6.431527912738639e-01	1.048059059895969e+01	-5.501885110867196e-01	2.951231342305747e+00
233	0	-6.430806791450019e-01	1.061985004545916e+01	-3.046472511600787e-01	2.993030809894247e+00
233	1	-8.390618567559303e-01	1.013717981885436e+01	-1.964289702754302e-01	2.789435388629530e+00
233	2	-6.431527912738639e-01	1.048059059895969e+01	-5.501885110867196e-01	2.951231342305747e+00
233	3	-4.174857496782201e-01	1.033073272815771e+01	-5.021264821585416e-01	2.973974093543846e+00
234	0	-8.390618567559303e-01	1.013717981885436e+01	-1.964289702754302e-01	2.789435388629530e+00
234	1	-2.448228524578040e-01	1.056247600028646e+01	-2.694097837863399e-01	3.095295944348595e+00
234	2	-4.174857496782201e-01	1.033073272815771e+01	-5.021264821585416e-01	2.973974093543846e+00
234	3	-7.739635634422646e-01	1.004282934827967e+01	-2.735321727598625e-01	2.780659735451222e+00
235	0	-2.448228524578040e-01	1.056247600028646e+01	-2.694097837863399e-01	3.095295944348595e+00
235	1	-4.440296608757519e-01	1.019647972782736e+01	-1.948301672947982e-01	2.925735020085483e+00
235	2	-7.739635634422646e-01	1.004282934827967e+01	-2.735321727598625e-01	2.780659735451222e+00
235	3	-2.391814074414826e-01	1.026340693047101e+01	-2.860121023614663e-01	3.007267656908858e+00
236	0	-4.440296608757519e-01	1.019647972782736e+01	-1.948301672947982e-01	2.925735020085483e+00
236	1	-2.809009430458653e-01	1.025795302698625e+01	-7.891985737892108e-02	2.993115625182114e+00
236	2	-2.391814074414826e-01	1.026340693047101e+01	-2.860121023614663e-01	3.007267656908858e+00
236	3	-2.577765298895223e-01	1.016524509281517e+01	-3.502334150047055e-01	2.972240568877693e+00
237	0	-2.809009430458653e-01	1.025795302698625e+01	-7.891985737892108e-02	2.993115625182114e+00
237	1	-2.275290910560184e-01	1.023684184551692e+01	-1.547158069759961e-01	3.002793826338271e+00
237	2	-2.577765298895223e-01	1.016524509281517e+01	-3.502334150047055e-01	2.972240568877693e+00
237	3	-3.418542459172276e-01	1.011239044394202e+01	-2.233860003530994e-01	2.931160859407438e+00
238	0	-2.275290910560184e-01	1.023684184551692e+01	-1.547158069759961e-01	3.002793826338271e+00
238	1	-2.493741786178294e-01	1.014589163855829e+01	-1.778066991873359e-01	2.968955237982139e+00
238	2	-3.418542459172276e-01	1.011239044394202e+01	-2.233860003530994e-01	2.931160859407438e+00
238	3	-2.942349854843034e-01	1.011618603922506e+01	-1.569405661996243e-01	2.946585316122229e+00
239	0	-2.493741786178294e-01	1.014589163855829e+01	-1.778066991873359e-01	2.968955237982139e+00
239	1	-2.133395016358985e-01	1.012208336469195e+01	-1.228123405199266e-01	2.972623158916816e+00
239	2	-2.942349854843034e-01	1.011618603922506e+01	-1.569405661996243e-01	2.946585316122229e+00
239	3	-2.382679849335583e-01	1.012508669050077e+01	-1.716782397952679e-01	2.966045611670164e+00
240	0	-2.133395016358985e-01	1.012208336469195e+01	-1.228123405199266e-01	2.972623158916816e+00
240	1	-3.419606292923270e-01	9.941549488651509e+00	-6.379829890139248e-02	2.879876657807755e+00
240	2	-2.382679849335583e-01	1.012508669050077e+01	-1.716782397952679e-01	2.966045611670164e+00
240	3	-2.202896677152300e-01	1.003520250970895e+01	-1.775795196582457e-01	2.944473852598116e+00
241	0	-3.419606292923270e-01	9.941549488651509e+00	-6.379829890139248e-02	2.879876657807755e+00
241	1	-1.156210108291011e-01	1.015369543487028e+01	-1.005049000333249e-01	3.011422327212353e+00
241	2	-2.202896677152300e-01	1.003520250970895e+01	-1.775795196582457e-01	2.944473852598116e+00
241	3	-3.274476290160671e-01	9.916878822273784e+00	-6.057038017168690e-02	2.876829357977315e+00
242	0	-1.156210108291011e-01	1.015369543487028e+01	-1.005049000333249e-01	3.011422327212353e+00
242	1	-3.276289425966885e-01	9.894819662904537e+00	6.801954163642148e-03	2.870157216092355e+00
242	2	-3.274476290160671e-01	9.916878822273784e+00	-6.057038017168690e-02	2.876829357977315e+00
242	3	-3.542616974500294e-01	9.855334296238832e+00	2.288655356035902e-02	2.850321779636640e+00
243	0	-3.276289425966885e-01	9.894819662904537e+00	6.801954163642148e-03	2.870157216092355e+00
243	1	-4.115450281482129e-01	9.768639081774392e+00	1.287760900261533e-01	2.807128216087854e+00
243	2	-3.542616974500294e-01	9.855334296238832e+00	2.288655356035902e-02	2.850321779636640e+00
243	3	-3.802181172827686e-01	9.808857746577653e+00	1.703229083895775e-01	2.828591888788465e+00
244	0	2.785302049295540e+00	2.913271235735128e+00	-3.023960563277599e+00	1.709571985509201e+00
244	1	-2.003165883128448e+00	1.024284258523700e+01	-2.661027200209972e+00	2.471903010632564e+00
244	2	5.511765747340001e-01	8.853434935800332e-01	-1.241968426812558e+00	4.309560204942099e-01
244	3	-2.048815776096225e+00	8.623062076231541e+00	-3.097803290432057e+00	1.972273890040595e+00
245	0	-2.003165883128448e+00	1.024284258523700e+01	-2.661027200209972e+00	2.471903010632564e+00
245	1	-1.610605156215749e+00	1.066968574467012e+01	-1.679055477239720e+00	2.717724176536312e+00
245	2	-2.048815776096225e+00	8.623062076231541e+00	-3.097803290432057e+00	1.972273890040595e+00
245	3	-1.472399280953765e+00	9.674277094991963e+00	-2.082215130572586e+00	2.460563344211459e+00
246	0	-1.610605156215749e+00	1.066968574467012e+01	-1.679055477239720e+00	2.717724176536312e+00
246	1	-1.175281777635560e+00	1.060107365800536e+01	-1.116146981505403e+00	2.827737564110940e+00
246	2	-1.472399280953765e+00	9.674277094991963e+00	-2.082215130572586e+00	2.460563344211459e+00
246	3	-1.058828818870361e+00	9.898275688383146e+00	-1.467643229348936e+00	2.651834060853835e+00
247	0	-1.175281777635560e+00	1.060107365800536e+01	-1.116146981505403e+00	2.827737564110940e+00
247	1	-8.958982228520718e-01	1.039465814434616e+01	-7.946430239100101e-01	2.849627976448228e+00
247	2	-1.058828818870361e+00	9.898275688383146e+00	-1.467643229348936e+00	2.651834060853835e+00
247	3	-7.505200672693730e-01	1.007602255622620e+01	-9.906396139053606e-01	2.797650746687046e+00
248	0	-8.958982228520718e-01	1.039465814434616e+01	-7.946430239100101e-01	2.849627976448228e+00
248	1	-6.431527912738639e-01	1.048059059895969e+01	-5.501885110867196e-01	2.951231342305747e+00
248	2	-7.505200672693730e-01	1.007602255622620e+01	-9.906396139053606e-01	2.797650746687046e+00
248	3	-6.264183242587631e-01	9.863106568951990e+00	-7.972190348795822e-01	2.771006473407968e+00
249	0	-6.431527912738639e-01	1.048059059895969e+01	-5.501885110867196e-01	2.951231342305747e+00
249	1	-4.174857496782201e-01	1.033073272815771e+01	-5.021264821585416e-01	2.973974093543846e+00
249	2	-6.264183242587631e-01	9.863106568951990e+00	-7.972190348795822e-01	2.771006473407968e+00
249	3	-4.764588117685511e-01	1.005400588713172e+01	-5.657748741692359e-01	2.873264122608951e+00
250	0	-4.174857496782201e-01	1.033073272815771e+01	-5.021264821585416e-01	2.973974093543846e+00
250	1	-7.739635634422646e-01	1.004282934827967e+01	-2.735321727598625e-01	2.780659735451222e+00
250	2	-4.764588117685511e-01	1.005400588713172e+01	-5.657748741692359e-01	2.873264122608951e+00
250	3	-2.702918441232898e-01	1.004897633673129e+01	-5.389746722104978e-01	2.933605347782402e+00
251	0	-7.739635634422646e-01	1.004282934827967e+01	-2.735321727598625e-01	2.780659735451222e+00
251	1	-2.391814074414826e-01	1.026340693047101e+01	-2.860121023614663e-01	3.007267656908858e+00
251	2	-2.702918441232898e-01	1.004897633673129e+01	-5.389746722104978e-01	2.933605347782402e+00
251	3	-4.656858132147033e-01	9.949502732101024e+00	-3.724380409941037e-01	2.845145075665896e+00
252	0	-2.391814074414826e-01	1.026340693047101e+01	-2.860121023614663e-01	3.007267656908858e+00
252	1	-2.577765298895223e-01	1.016524509281517e+01	-3.502334150047055e-01	2.972240568877693e+00
252	2	-4.656858132147033e-01	9.949502732101024e+00	-3.724380409941037e-01	2.845145075665896e+00
252	3	-6.138449395223349e-01	9.889684725071680e+00	-1.775930402403414e-01	2.782751935664804e+00
253	0	-2.577765298895223e-01	1.016524509281517e+01	-3.502334150047055e-01	2.972240568877693e+00
253	1	-3.418542459172276e-01	1.011239044394202e+01	-2.233860003530994e-01	2.931160859407438e+00
253	2	-6.138449395223349e-01	9.889684725071680e+00	-1.775930402403414e-01	2.782751935664804e+00
253	3	-1.202640374473427e-01	1.008731765116337e+01	-2.723581805555589e-01	2.990116084114808e+00
254	0	-3.418542459172276e-01	1.011239044394202e+01	-2.233860003530994e-01	2.931160859407438e+00
254	1	-2.942349854843034e-01	1.011618603922506e+01	-1.569405661996243e-01	2.946585316122229e+00
254	2	-1.202640374473427e-01	1.008731765116337e+01	-2.723581805555589e-01	2.990116084114808e+00
254	3	-2.839033578065475e-02	1.011731758904772e+01	-3.306068745634214e-01	3.026678175980121e+00
255	0	-2.942349854843034e-01	1.011618603922506e+01	-1.569405661996243e-01	2.946585316122229e+00
255	1	-2.382679849335583e-01	1.012508669050077e+01	-1.716782397952679e-01	2.966045611670164e+00
255	2	-2.839033578065475e-02	1.011731758904772e+01	-3.306068745634214e-01	3.026678175980121e+00
255	3	-1.459893214865655e-01	1.005496376090086e+01	-2.529239203714169e-01	2.972692331824289e+00
256	0	-2.382679849335583e-01	1.012508669050077e+01	-1.716782397952679e-01	2.966045611670164e+00
256	1	-2.202896677152300e-01	1.003520250970895e+01	-1.775795196582457e-01	2.944473852598116e+00
256	2	-1.459893214865655e-01	1.005496376090086e+01	-2.529239203714169e-01	2.972692331824289e+00
256	3	-1.746128733768897e-01	1.007678578369919e+01	-1.602033902492654e-01	2.970651873096691e+00
257	0	-2.202896677152300e-01	1.003520250970895e+01	-1.775795196582457e-01	2.944473852598116e+00
257	1	-3.274476290160671e-01	9.916878822273784e+00	-6.057038017168690e-02	2.876829357977315e+00
257	2	-1.746128733768897e-01	1.007678578369919e+01	-1.602033902492654e-01	2.970651873096691e+00
257	3	-9.313201307576691e-02	1.002384535587294e+01	-1.145842472028689e-01	2.979214002839151e+00
258	0	-3.274476290160671e-01	9.916878822273784e+00	-6.057038017168690e-02	2.876829357977315e+00
258	1	-3.542616974500294e-01	9.855334296238832e+00	2.288655356035902e-02	2.850321779636640e+00
258	2	-9.313201307576691e-02	1.002384535587294e+01	-1.145842472028689e-01	2.979214002839151e+00
258	3	4.472461976484432e-02	9.922799507395393e+00	4.978139947735549e-03	2.990257238148071e+00
259	0	-3.542616974500294e-01	9.855334296238832e+00	2.288655356035902e-02	2.850321779636640e+00
259	1	-3.802181172827686e-01	9.808857746577653e+00	1.703229083895775e-01	2.828591888788465e+00
259	2	4.472461976484432e-02	9.922799507395393e+00	4.978139947735549e-03	2.990257238148071e+00
259	3	2.445313344027165e-01	9.688118726850423e+00	2.612791198167229e-01	2.979795018375942e+00
260	0	5.511765747340001e-01	8.853434935800332e-01	-1.241968426812558e+00	4.309560204942099e-01
260	1	-2.048815776096225e+00	8.623062076231541e+00	-3.097803290432057e+00	1.972273890040595e+00
260	2	-2.070742882567497e+00	-4.198694928575472e-01	1.760777177397386e-01	-7.471837126275135e-01
260	3	-1.880276061519528e+00	6.908663529810628e+00	-3.235697834401388e+00	1.508516240487331e+00
261	0	-2.048815776096225e+00	8.623062076231541e+00	-3.097803290432057e+00	1.972273890040595e+00
261	1	-1.472399280953765e+00	9.674277094991963e+00	-2.082215130572586e+00	2.460563344211459e+00
261	2	-1.880276061519528e+00	6.908663529810628e+00	-3.235697834401388e+00	1.508516240487331e+00
261	3	-1.141673587099456e+00	8.613459280871545e+00	-2.283470195617296e+00	2.241535708131627e+00
262	0	-1.472399280953765e+00	9.674277094991963e+00	-2.082215130572586e+00	2.460563344211459e+00
262	1	-1.058828818870361e+00	9.898275688383146e+00	-1.467643229348936e+00	2.651834060853835e+00
262	2	-1.141673587099456e+00	8.613459280871545e+00	-2.283470195617296e+00	2.241535708131627e+00
262	3	-8.239775615870721e-01	9.090622833577276e+00	-1.616008797814070e+00	2.479993581597062e+00
263	0	-1.058828818870361e+00	9.898275688383146e+00	-1.467643229348936e+00	2.651834060853835e+00
263	1	-7.505200672693730e-01	1.007602255622620e+01	-9.906396139053606e-01	2.797650746687046e+00
263	2	-8.239775615870721e-01	9.090622833577276e+00	-1.616008797814070e+00	2.479993581597062e+00
263	3	-5.008589284768989e-01	9.654198332524558e+00	-1.131128868203122e+00	2.746001821214298e+00
264	0	-7.505200672693730e-01	1.007602255622620e+01	-9.906396139053606e-01	2.797650746687046e+00
264	1	-6.264183242587631e-01	9.863106568951990e+00	-7.972190348795822e-01	2.771006473407968e+00
264	2	-5.008589284768989e-01	9.654198332524558e+00	-1.131128868203122e+00	2.746001821214298e+00
264	3	-4.474650103768161e-01	9.548050275579712e+00	-8.823746923774000e-01	2.730175579560869e+00
265	0	-6.264183242587631e-01	9.863106568951990e+00	-7.972190348795822e-01	2.771006473407968e+00
265	1	-4.764588117685511e-01	1.005400588713172e+01	-5.657748741692359e-01	2.873264122608951e+00
265	2	-4.474650103768161e-01	9.548050275579712e+00	-8.823746923774000e-01	2.730175579560869e+00
265	3	-3.271404365338419e-01	9.721745174064626e+00	-6.723475771668042e-01	2.818381421259235e+00
266	0	-4.764588117685511e-01	1.005400588713172e+01	-5.657748741692359e-01	2.873264122608951e+00
266	1	-2.702918441232898e-01	1.004897633673129e+01	-5.389746722104978e-01	2.933605347782402e+00
266	2	-3.271404365338419e-01	9.721745174064626e+00	-6.723475771668042e-01	2.818381421259235e+00
266	3	-2.954815880411221e-01	9.788783906928824e+00	-5.010596295632761e-01	2.847990695666311e+00
267	0	-2.702918441232898e-01	1.004897633673129e+01	-5.389746722104978e-01	2.933605347782402e+00
267	1	-4.656858132147033e-01	9.949502732101024e+00	-3.724380409941037e-01	2.845145075665896e+00
267	2	-2.954815880411221e-01	9.788783906928824e+00	-5.010596295632761e-01	2.847990695666311e+00
267	3	-2.283465399896425e-01	9.852656231493992e+00	-4.598615530597886e-01	2.887292907451305e+00
268	0	-4.656858132147033e-01	9.949502732101024e+00	-3.724380409941037e-01	2.845145075665896e+00
268	1	-6.138449395223349e-01	9.889684725071680e+00	-1.775930402403414e-01	2.782751935664804e+00
268	2	-2.283465399896425e-01	9.852656231493992e+00	-4.598615530597886e-01	2.887292907451305e+00
268	3	3.227143526504044e-01	1.008943156391929e+01	-4.890914191349536e-01	3.123643774970910e+00
269	0	-6.138449395223349e-01	9.889684725071680e+00	-1.775930402403414e-01	2.782751935664804e+00
269	1	-1.202640374473427e-01	1.008731765116337e+01	-2.723581805555589e-01	2.990116084114808e+00
269	2	3.227143526504044e-01	1.008943156391929e+01	-4.890914191349536e-01	3.123643774970910e+00
269	3	-5.190983959081024e-01	9.677040527427110e+00	-3.033204610119619e-01	2.747382639455702e+00
270	0	-1.202640374473427e-01	1.008731765116337e+01	-2.723581805555589e-01	2.990116084114808e+00
270	1	-2.839033578065475e-02	1.011731758904772e+01	-3.306068745634214e-01	3.026678175980121e+00
270	2	-5.190983959081024e-01	9.677040527427110e+00	-3.033204610119619e-01	2.747382639455702e+00
270	3	-7.760578365230675e-01	9.724145324129120e+00	-7.316297875907578e-02	2.684426246281816e+00
271	0	-2.839033578065475e-02	1.011731758904772e+01	-3.306068745634214e-01	3.026678175980121e+00
271	1	-1.459893214865655e-01	1.005496376090086e+01	-2.529239203714169e-01	2.972692331824289e+00
271	2	-7.760578365230675e-01	9.724145324129120e+00	-7.316297875907578e-02	2.684426246281816e+00
271	3	-3.450068513170690e-01	9.865988769745956e+00	-1.226900871389549e-01	2.856294575528666e+00
272	0	-1.459893214865655e-01	1.005496376090086e+01	-2.529239203714169e-01	2.972692331824289e+00
272	1	-1.746128733768897e-01	1.007678578369919e+01	-1.602033902492654e-01	2.970651873096691e+00
272	2	-3.450068513170690e-01	9.865988769745956e+00	-1.226900871389549e-01	2.856294575528666e+00
272	3	2.536375757187237e-03	9.960433447604380e+00	-1.704653255841703e-01	2.988890947008470e+00
273	0	-1.746128733768897e-01	1.007678578369919e+01	-1.602033902492654e-01	2.970651873096691e+00
273	1	-9.313201307576691e-02	1.002384535587294e+01	-1.145842472028689e-01	2.979214002839151e+00
273	2	2.536375757187237e-03	9.960433447604380e+00	-1.704653255841703e-01	2.988890947008470e+00
273	3	1.844581565464809e-01	9.978019811292075e+00	-1.708394412730004e-01	3.048743390351567e+00
274	0	-9.313201307576691e-02	1.002384535587294e+01	-1.145842472028689e-01	2.979214002839151e+00
274	1	4.472461976484432e-02	9.922799507395393e+00	4.978139947735549e-03	2.990257238148071e+00
274	2	1.844581565464809e-01	9.978019811292075e+00	-1.708394412730004e-01	3.048743390351567e+00
274	3	4.181520788798334e-01	9.911992011053126e+00	-1.466097542639435e-01	3.099043226979888e+00
275	0	4.472461976484432e-02	9.922799507395393e+00	4.978139947735549e-03	2.990257238148071e+00
275	1	2.445313344027165e-01	9.688118726850423e+00	2.612791198167229e-01	2.979795018375942e+00
275	2	4.181520788798334e-01	9.911992011053126e+00	-1.466097542639435e-01	3.099043226979888e+00
275	3	8.712232302414407e-01	9.743808582928830e+00	-1.614496082427114e-01	3.184509543951081e+00
276	0	-2.070742882567497e+00	-4.198694928575472e-01	1.760777177397386e-01	-7.471837126275135e-01
276	1	-1.880276061519528e+00	6.908663529810628e+00	-3.235697834401388e+00	1.508516240487331e+00
276	2	-4.765790824969120e+00	-1.070446821278095e+00	1.078791140403572e+00	-1.750871293874164e+00
276	3	-1.579642389662594e+00	5.285023677338019e+00	-3.049592128709538e+00	1.111614386302628e+00
277	0	-1.880276061519528e+00	6.908663529810628e+00	-3.235697834401388e+00	1.508516240487331e+00
277	1	-1.141673587099456e+00	8.613459280871545e+00	-2.283470195617296e+00	2.241535708131627e+00
277	2	-1.579642389662594e+00	5.285023677338019e+00	-3.049592128709538e+00	1.111614386302628e+00
277	3	-7.158830197974666e-01	7.534666325464922e+00	-2.229800060606637e+00	2.045634991700237e+00
278	0	-1.141673587099456e+00	8.613459280871545e+00	-2.283470195617296e+00	2.241535708131627e+00
278	1	-8.239775615870721e-01	9.090622833577276e+00	-1.616008797814070e+00	2.479993581597062e+00
278	2	-7.158830197974666e-01	7.534666325464922e+00	-2.229800060606637e+00	2.045634991700237e+00
278	3	-4.938466890382429e-01	8.367845543430576e+00	-1.567216698503737e+00	2.362199656317700e+00
279	0	-8.239775615870721e-01	9.090622833577276e+00	-1.616008797814070e+00	2.479993581597062e+00
279	1	-5.008589284768989e-01	9.654198332524558e+00	-1.131128868203122e+00	2.746001821214298e+00
279	2	-4.938466890382429e-01	8.367845543430576e+00	-1.567216698503737e+00	2.362199656317700e+00
279	3	-2.972684720508720e-01	8.977004754276418e+00	-1.131470545583755e+00	2.603920884667664e+00
280	0	-5.008589284768989e-01	9.654198332524558e+00	-1.131128868203122e+00	2.746001821214298e+00
280	1	-4.474650103768161e-01	9.548050275579712e+00	-8.823746923774000e-01	2.730175579560869e+00
280	2	-2.972684720508720e-01	8.977004754276418e+00	-1.131470545583755e+00	2.603920884667664e+00
280	3	-2.428302245345870e-01	9.191639263119129e+00	-8.575624331795073e-01	2.684642711575362e+00
281	0	-4.474650103768161e-01	9.548050275579712e+00	-8.823746923774000e-01	2.730175579560869e+00
281	1	-3.271404365338419e-01	9.721745174064626e+00	-6.723475771668042e-01	2.818381421259235e+00
281	2	-2.428302245345870e-01	9.191639263119129e+00	-8.575624331795073e-01	2.684642711575362e+00
281	3	-1.768735607246308e-01	9.419933353648519e+00	-6.516286593335578e-01	2.772917937877166e+00
282	0	-3.271404365338419e-01	9.721745174064626e+00	-6.723475771668042e-01	2.818381421259235e+00
282	1	-2.954815880411221e-01	9.788783906928824e+00	-5.010596295632761e-01	2.847990695666311e+00
282	2	-1.768735607246308e-01	9.419933353648519e+00	-6.516286593335578e-01	2.772917937877166e+00
282	3	-1.609858916202942e-01	9.507509531520892e+00	-5.440366913528626e-01	2.803957091970180e+00
283	0	-2.954815880411221e-01	9.788783906928824e+00	-5.010596295632761e-01	2.847990695666311e+00
283	1	-2.283465399896425e-01	9.852656231493992e+00	-4.598615530597886e-01	2.887292907451305e+00
283	2	-1.609858916202942e-01	9.507509531520892e+00	-5.440366913528626e-01	2.803957091970180e+00
283	3	-8.571093286408882e-02	9.636958724731766e+00	-3.966633015996865e-01	2.865374337560303e+00
284	0	-2.283465399896425e-01	9.852656231493992e+00	-4.598615530597886e-01	2.887292907451305e+00
284	1	3.227143526504044e-01	1.008943156391929e+01	-4.890914191349536e-01	3.123643774970910e+00
284	2	-8.571093286408882e-02	9.636958724731766e+00	-3.966633015996865e-01	2.865374337560303e+00
284	3	-3.108150165158667e-01	9.653345126380099e+00	-3.146919741476319e-01	2.802759032959270e+00
285	0	3.227143526504044e-01	1.008943156391929e+01	-4.890914191349536e-01	3.123643774970910e+00
285	1	-5.190983959081024e-01	9.677040527427110e+00	-3.033204610119619e-01	2.747382639455702e+00
285	2	-3.108150165158667e-01	9.653345126380099e+00	-3.146919741476319e-01	2.802759032959270e+00
285	3	4.052105612964318e-03	9.894128079218868e+00	-2.719926440312807e-01	2.969454055449550e+00
286	0	-5.190983959081024e-01	9.677040527427110e+00	-3.033204610119619e-01	2.747382639455702e+00
286	1	-7.760578365230675e-01	9.724145324129120e+00	-7.316297875907578e-02	2.684426246281816e+00
286	2	4.052105612964318e-03	9.894128079218868e+00	-2.719926440312807e-01	2.969454055449550e+00
286	3	5.277167081765954e-01	1.002028618069355e+01	-3.973843896219142e-01	3.164400866661044e+00
287	0	-7.760578365230675e-01	9.724145324129120e+00	-7.316297875907578e-02	2.684426246281816e+00
287	1	-3.450068513170690e-01	9.865988769745956e+00	-1.226900871389549e-01	2.856294575528666e+00
287	2	5.277167081765954e-01	1.002028618069355e+01	-3.973843896219142e-01	3.164400866661044e+00
287	3	6.745986413219107e-01	1.012161474722224e+01	-3.149393562250673e-01	3.238864016563245e+00
288	0	-3.450068513170690e-01	9.865988769745956e+00	-1.226900871389549e-01	2.856294575528666e+00
288	1	2.536375757187237e-03	9.960433447604380e+00	-1.704653255841703e-01	2.988890947008470e+00
288	2	6.745986413219107e-01	1.012161474722224e+01	-3.149393562250673e-01	3.238864016563245e+00
288	3	-4.335707233960928e-02	9.853102114778340e+00	-1.976276982929701e-01	2.942923512731619e+00
289	0	2.536375757187237e-03	9.960433447604380e+00	-1.704653255841703e-01	2.988890947008470e+00
289	1	1.844581565464809e-01	9.978019811292075e+00	-1.708394412730004e-01	3.048743390351567e+00
289	2	-4.335707233960928e-02	9.853102114778340e+00	-1.976276982929701e-01	2.942923512731619e+00
289	3	-1.244603754308775e-01	9.768015538504322e+00	-1.841523866030947e-01	2.893066548922033e+00
290	0	1.844581565464809e-01	9.978019811292075e+00	-1.708394412730004e-01	3.048743390351567e+00
290	1	4.181520788798334e-01	9.911992011053126e+00	-1.466097542639435e-01	3.099043226979888e+00
290	2	-1.244603754308775e-01	9.768015538504322e+00	-1.841523866030947e-01	2.893066548922033e+00
290	3	2.603760605251715e-01	9.791770924390587e+00	-3.031355920981473e-01	3.015644095474728e+00
291	0	4.181520788798334e-01	9.911992011053126e+00	-1.466097542639435e-01	3.099043226979888e+00
291	1	8.712232302414407e-01	9.743808582928830e+00	-1.614496082427114e-01	3.184509543951081e+00
291	2	2.603760605251715e-01	9.791770924390587e+00	-3.031355920981473e-01	3.015644095474728e+00
291	3	7.893459426648484e-01	9.757739568265981e+00	-5.524479420755185e-01	3.164125653279249e+00
292	0	-4.765790824969120e+00	-1.070446821278095e+00	1.078791140403572e+00	-1.750871293874164e+00
292	1	-1.579642389662594e+00	5.285023677338019e+00	-3.049592128709538e+00	1.111614386302628e+00
292	2	-7.188599226141439e+00	-1.284408121558134e+00	1.394532640127370e+00	-2.541902204309872e+00
292	3	-1.231956414093164e+00	3.900186153171370e+00	-2.566176901029499e+00	8.004689217234622e-01
293	0	-1.579642389662594e+00	5.285023677338019e+00	-3.049592128709538e+00	1.111614386302628e+00
293	1	-7.158830197974666e-01	7.534666325464922e+00	-2.229800060606637e+00	2.045634991700237e+00
293	2	-1.231956414093164e+00	3.900186153171370e+00	-2.566176901029499e+00	8.004689217234622e-01
293	3	-2.854405800375921e-01	6.575222683930109e+00	-1.907466623919655e+00	1.886934631167755e+00
294	0	-7.158830197974666e-01	7.534666325464922e+00	-2.229800060606637e+00	2.045634991700237e+00
294	1	-4.938466890382429e-01	8.367845543430576e+00	-1.567216698503737e+00	2.362199656317700e+00
294	2	-2.854405800375921e-01	6.575222683930109e+00	-1.907466623919655e+00	1.886934631167755e+00
294	3	-1.639325268751888e-01	7.729394439971398e+00	-1.352714877707683e+00	2.269638573928863e+00
295	0	-4.938466890382429e-01	8.367845543430576e+00	-1.567216698503737e+00	2.362199656317700e+00
295	1	-2.972684720508720e-01	8.977004754276418e+00	-1.131470545583755e+00	2.603920884667664e+00
295	2	-1.639325268751888e-01	7.729394439971398e+00	-1.352714877707683e+00	2.269638573928863e+00
295	3	-4.710819311552505e-02	8.463027205950048e+00	-9.813722214436565e-01	2.524775703850357e+00
296	0	-2.972684720508720e-01	8.977004754276418e+00	-1.131470545583755e+00	2.603920884667664e+00
296	1	-2.428302245345870e-01	9.191639263119129e+00	-8.575624331795073e-01	2.684642711575362e+00
296	2	-4.710819311552505e-02	8.463027205950048e+00	-9.813722214436565e-01	2.524775703850357e+00
296	3	-5.833274271651501e-02	8.843146510918924e+00	-7.356625677505511e-01	2.635444130460722e+00
297	0	-2.428302245345870e-01	9.191639263119129e+00	-8.575624331795073e-01	2.684642711575362e+00
297	1	-1.768735607246308e-01	9.419933353648519e+00	-6.516286593335578e-01	2.772917937877166e+00
297	2	-5.833274271651501e-02	8.843146510918924e+00	-7.356625677505511e-01	2.635444130460722e+00
297	3	-2.849395644379715e-02	9.124962376488540e+00	-5.694636715136999e-01	2.728940526013423e+00
298	0	-1.768735607246308e-01	9.419933353648519e+00	-6.516286593335578e-01	2.772917937877166e+00
298	1	-1.609858916202942e-01	9.507509531520892e+00	-5.440366913528626e-01	2.803957091970180e+00
298	2	-2.849395644379715e-02	9.124962376488540e+00	-5.694636715136999e-01	2.728940526013423e+00
298	3	-3.104916799785062e-02	9.312558966247076e+00	-4.529804703323565e-01	2.784452939474768e+00
299	0	-1.609858916202942e-01	9.507509531520892e+00	-5.440366913528626e-01	2.803957091970180e+00
299	1	-8.571093286408882e-02	9.636958724731766e+00	-3.966633015996865e-01	2.865374337560303e+00
299	2	-3.104916799785062e-02	9.312558966247076e+00	-4.529804703323565e-01	2.784452939474768e+00
299	3	-2.653008753370134e-02	9.474712326529529e+00	-3.521109754739009e-01	2.834454671698749e+00
300	0	-8.571093286408882e-02	9.636958724731766e+00	-3.966633015996865e-01	2.865374337560303e+00
300	1	-3.108150165158667e-01	9.653345126380099e+00	-3.146919741476319e-01	2.802759032959270e+00
300	2	-2.653008753370134e-02	9.474712326529529e+00	-3.521109754739009e-01	2.834454671698749e+00
300	3	-2.773688657320239e-02	9.445842104660237e+00	-3.665145543606870e-01	2.825431565426110e+00
301	0	-3.108150165158667e-01	9.653345126380099e+00	-3.146919741476319e-01	2.802759032959270e+00
301	1	4.052105612964318e-03	9.894128079218868e+00	-2.719926440312807e-01	2.969454055449550e+00
301	2	-2.773688657320239e-02	9.445842104660237e+00	-3.665145543606870e-01	2.825431565426110e+00
301	3	-3.605019327343584e-03	9.602744106280076e+00	-1.875996360649736e-01	2.879741726085820e+00
302	0	4.052105612964318e-03	9.894128079218868e+00	-2.719926440312807e-01	2.969454055449550e+00
302	1	5.277167081765954e-01	1.002028618069355e+01	-3.973843896219142e-01	3.164400866661044e+00
302	2	-3.605019327343584e-03	9.602744106280076e+00	-1.875996360649736e-01	2.879741726085820e+00
302	3	-2.506967347726450e-01	9.605320555737272e+00	-1.597129908285836e-01	2.806387146289388e+00
303	0	5.277167081765954e-01	1.002028618069355e+01	-3.973843896219142e-01	3.164400866661044e+00
303	1	6.745986413219107e-01	1.012161474722224e+01	-3.149393562250673e-01	3.238864016563245e+00
303	2	-2.506967347726450e-01	9.605320555737272e+00	-1.597129908285836e-01	2.806387146289388e+00
303	3	-2.388060144308213e-01	9.673030267960179e+00	-1.552563272860495e-01	2.830267276058807e+00
304	0	6.745986413219107e-01	1.012161474722224e+01	-3.149393562250673e-01	3.238864016563245e+00
304	1	-4.335707233960928e-02	9.853102114778340e+00	-1.976276982929701e-01	2.942923512731619e+00
304	2	-2.388060144308213e-01	9.673030267960179e+00	-1.552563272860495e-01	2.830267276058807e+00
304	3	-4.046756695308584e-02	9.720966962178133e+00	-2.417245758332801e-01	2.904149818567514e+00
305	0	-4.335707233960928e-02	9.853102114778340e+00	-1.976276982929701e-01	2.942923512731619e+00
305	1	-1.244603754308775e-01	9.768015538504322e+00	-1.841523866030947e-01	2.893066548922033e+00
305	2	-4.046756695308584e-02	9.720966962178133e+00	-2.417245758332801e-01	2.904149818567514e+00
305	3	2.322359756179333e-01	9.825774112877474e+00	-3.243520984035665e-01	3.017403026548623e+00
306	0	-1.244603754308775e-01	9.768015538504322e+00	-1.841523866030947e-01	2.893066548922033e+00
306	1	2.603760605251715e-01	9.791770924390587e+00	-3.031355920981473e-01	3.015644095474728e+00
306	2	2.322359756179333e-01	9.825774112877474e+00	-3.243520984035665e-01	3.017403026548623e+00
306	3	2.986677718147241e-01	9.901974370778671e+00	-5.171892558600376e-01	3.060192642778018e+00
307	0	2.603760605251715e-01	9.791770924390587e+00	-3.031355920981473e-01	3.015644095474728e+00
307	1	7.893459426648484e-01	9.757739568265981e+00	-5.524479420755185e-01	3.164125653279249e+00
307	2	2.986677718147241e-01	9.901974370778671e+00	-5.171892558600376e-01	3.060192642778018e+00
307	3	2.380613854761622e-01	9.965062908603155e+00	-8.717653640601500e-01	3.060937288223795e+00
308	0	-7.188599226141439e+00	-1.284408121558134e+00	1.394532640127370e+00	-2.541902204309872e+00
308	1	-1.231956414093164e+00	3.900186153171370e+00	-2.566176901029499e+00	8.004689217234622e-01
308	2	-9.051479992694738e+00	-1.280917830614275e+00	1.206505008478732e+00	-3.099719346992704e+00
308	3	-9.145610613734725e-01	2.857555169721089e+00	-1.838623699444169e+00	5.828982325042850e-01
309	0	-1.231956414093164e+00	3.900186153171370e+00	-2.566176901029499e+00	8.004689217234622e-01
309	1	-2.854405800375921e-01	6.575222683930109e+00	-1.907466623919655e+00	1.886934631167755e+00
309	2	-9.145610613734725e-01	2.857555169721089e+00	-1.838623699444169e+00	5.828982325042850e-01
309	3	6.493113497142389e-02	5.851569166500528e+00	-1.372669100067671e+00	1.774950090441586e+00
310	0	-2.854405800375921e-01	6.575222683930109e+00	-1.907466623919655e+00	1.886934631167755e+00
310	1	-1.639325268751888e-01	7.729394439971398e+00	-1.352714877707683e+00	2.269638573928863e+00
310	2	6.493113497142389e-02	5.851569166500528e+00	-1.372669100067671e+00	1.774950090441586e+00
310	3	1.085836463850010e-01	7.194252235558813e+00	-9.899164440871976e-01	2.190850764583144e+00
311	0	-1.639325268751888e-01	7.729394439971398e+00	-1.352714877707683e+00	2.269638573928863e+00
311	1	-4.710819311552505e-02	8.463027205950048e+00	-9.813722214436565e-01	2.524775703850357e+00
311	2	1.085836463850010e-01	7.194252235558813e+00	-9.899164440871976e-01	2.190850764583144e+00
311	3	1.746681431967954e-01	8.139284527462218e+00	-7.123275248994587e-01	2.494185801197704e+00
312	0	-4.710819311552505e-02	8.463027205950048e+00	-9.813722214436565e-01	2.524775703850357e+00
312	1	-5.833274271651501e-02	8.843146510918924e+00	-7.356625677505511e-01	2.635444130460722e+00
312	2	1.746681431967954e-01	8.139284527462218e+00	-7.123275248994587e-01	2.494185801197704e+00
312	3	9.939812291487549e-02	8.551519317454343e+00	-5.353633377286107e-01	2.595275232110766e+00
313	0	-5.833274271651501e-02	8.843146510918924e+00	-7.356625677505511e-01	2.635444130460722e+00
313	1	-2.849395644379715e-02	9.124962376488540e+00	-5.694636715136999e-01	2.728940526013423e+00
313	2	9.939812291487549e-02	8.551519317454343e+00	-5.353633377286107e-01	2.595275232110766e+00
313	3	1.015362889887337e-01	8.922516533220239e+00	-4.147136421603447e-01	2.707215846662692e+00
314	0	-2.849395644379715e-02	9.124962376488540e+00	-5.694636715136999e-01	2.728940526013423e+00
314	1	-3.104916799785062e-02	9.312558966247076e+00	-4.529804703323565e-01	2.784452939474768e+00
314	2	1.015362889887337e-01	8.922516533220239e+00	-4.147136421603447e-01	2.707215846662692e+00
314	3	6.705145163568016e-02	9.124877280745046e+00	-3.301052865166438e-01	2.757578619714218e+00
315	0	-3.104916799785062e-02	9.312558966247076e+00	-4.529804703323565e-01	2.784452939474768e+00
315	1	-2.653008753370134e-02	9.474712326529529e+00	-3.521109754739009e-01	2.834454671698749e+00
315	2	6.705145163568016e-02	9.124877280745046e+00	-3.301052865166438e-01	2.757578619714218e+00
315	3	5.825015354735541e-02	9.292396666940363e+00	-2.540803146915804e-01	2.805194046146315e+00
316	0	-2.653008753370134e-02	9.474712326529529e+00	-3.521109754739009e-01	2.834454671698749e+00
316	1	-2.773688657320239e-02	9.445842104660237e+00	-3.665145543606870e-01	2.825431565426110e+00
316	2	5.825015354735541e-02	9.292396666940363e+00	-2.540803146915804e-01	2.805194046146315e+00
316	3	-6.294814895571044e-03	9.415277466065318e+00	-2.345260372709240e-01	2.822694795350924e+00
317	0	-2.773688657320239e-02	9.445842104660237e+00	-3.665145543606870e-01	2.825431565426110e+00
317	1	-3.605019327343584e-03	9.602744106280076e+00	-1.875996360649736e-01	2.879741726085820e+00
317	2	-6.294814895571044e-03	9.415277466065318e+00	-2.345260372709240e-01	2.822694795350924e+00
317	3	2.511678181928900e-02	9.537468396023590e+00	-1.838100297614955e-01	2.868775553352863e+00
318	0	-3.605019327343584e-03	9.602744106280076e+00	-1.875996360649736e-01	2.879741726085820e+00
318	1	-2.506967347726450e-01	9.605320555737272e+00	-1.597129908285836e-01	2.806387146289388e+00
318	2	2.511678181928900e-02	9.537468396023590e+00	-1.838100297614955e-01	2.868775553352863e+00
318	3	3.134060540420691e-02	9.549276676316399e+00	-1.895730934677748e-01	2.874185184516182e+00
319	0	-2.506967347726450e-01	9.605320555737272e+00	-1.597129908285836e-01	2.806387146289388e+00
319	1	-2.388060144308213e-01	9.673030267960179e+00	-1.552563272860495e-01	2.830267276058807e+00
319	2	3.134060540420691e-02	9.549276676316399e+00	-1.895730934677748e-01	2.874185184516182e+00
319	3	4.242532156480472e-02	9.605244174690238e+00	-1.635668345261432e-01	2.894300848876513e+00
320	0	-2.388060144308213e-01	9.673030267960179e+00	-1.552563272860495e-01	2.830267276058807e+00
320	1	-4.046756695308584e-02	9.720966962178133e+00	-2.417245758332801e-01	2.904149818567514e+00
320	2	4.242532156480472e-02	9.605244174690238e+00	-1.635668345261432e-01	2.894300848876513e+00
320	3	-8.587302560907961e-02	9.647407107943740e+00	-1.973882179685545e-01	2.868460224700399e+00
321	0	-4.046756695308584e-02	9.720966962178133e+00	-2.417245758332801e-01	2.904149818567514e+00
321	1	2.322359756179333e-01	9.825774112877474e+00	-3.243520984035665e-01	3.017403026548623e+00
321	2	-8.587302560907961e-02	9.647407107943740e+00	-1.973882179685545e-01	2.868460224700399e+00
321	3	-1.856507085394208e-01	9.692407632582329e+00	-2.193482084469758e-01	2.852027077212872e+00
322	0	2.322359756179333e-01	9.825774112877474e+00	-3.243520984035665e-01	3.017403026548623e+00
322	1	2.986677718147241e-01	9.901974370778671e+00	-5.171892558600376e-01	3.060192642778018e+00
322	2	-1.856507085394208e-01	9.692407632582329e+00	-2.193482084469758e-01	2.852027077212872e+00
322	3	-3.731916518758176e-01	9.770282369210651e+00	-4.283244341216512e-01	2.819127215200450e+00
323	0	2.986677718147241e-01	9.901974370778671e+00	-5.171892558600376e-01	3.060192642778018e+00
323	1	2.380613854761622e-01	9.965062908603155e+00	-8.717653640601500e-01	3.060937288223795e+00
323	2	-3.731916518758176e-01	9.770282369210651e+00	-4.283244341216512e-01	2.819127215200450e+00
323	3	-7.513351072791581e-01	9.969608170475237e+00	-6.483857686414777e-01	2.765481918958823e+00
324	0	-9.051479992694738e+00	-1.280917830614275e+00	1.206505008478732e+00	-3.099719346992704e+00
324	1	-9.145610613734725e-01	2.857555169721089e+00	-1.838623699444169e+00	5.828982325042850e-01
324	2	-1.019680009860187e+01	-1.230457990929636e+00	6.764870384516484e-01	-3.428177426859451e+00
324	3	-6.997823616076093e-01	2.221326378628643e+00	-9.509918472181239e-01	4.564632051063103e-01
325	0	-9.145610613734725e-01	2.857555169721089e+00	-1.838623699444169e+00	5.828982325042850e-01
325	1	6.493113497142389e-02	5.851569166500528e+00	-1.372669100067671e+00	1.774950090441586e+00
325	2	-6.997823616076093e-01	2.221326378628643e+00	-9.509918472181239e-01	4.564632051063103e-01
325	3	2.820874785109431e-01	5.418352608802208e+00	-7.054839155574164e-01	1.710132026193945e+00
326	0	6.493113497142389e-02	5.851569166500528e+00	-1.372669100067671e+00	1.774950090441586e+00
326	1	1.085836463850010e-01	7.194252235558813e+00	-9.899164440871976e-01	2.190850764583144e+00
326	2	2.820874785109431e-01	5.418352608802208e+00	-7.054839155574164e-01	1.710132026193945e+00
326	3	2.681883864660239e-01	6.816263486002979e+00	-5.209323777610290e-01	2.125335561740701e+00
327	0	1.085836463850010e-01	7.194252235558813e+00	-9.899164440871976e-01	2.190850764583144e+00
327	1	1.746681431967954e-01	8.139284527462218e+00	-7.123275248994587e-01	2.494185801197704e+00
327	2	2.681883864660239e-01	6.816263486002979e+00	-5.209323777610290e-01	2.125335561740701e+00
327	3	3.104364934369648e-01	7.964714743935138e+00	-3.701615101411449e-01	2.482545371211631e+00
328	0	1.746681431967954e-01	8.139284527462218e+00	-7.123275248994587e-01	2.494185801197704e+00
328	1	9.939812291487549e-02	8.551519317454343e+00	-5.353633377286107e-01	2.595275232110766e+00
328	2	3.104364934369648e-01	7.964714743935138e+00	-3.701615101411449e-01	2.482545371211631e+00
328	3	1.914100225665596e-01	8.359724810817836e+00	-2.788204732923982e-01	2.565340450015319e+00
329	0	9.939812291487549e-02	8.551519317454343e+00	-5.353633377286107e-01	2.595275232110766e+00
329	1	1.015362889887337e-01	8.922516533220239e+00	-4.147136421603447e-01	2.707215846662692e+00
329	2	1.914100225665596e-01	8.359724810817836e+00	-2.788204732923982e-01	2.565340450015319e+00
329	3	1.683869210480236e-01	8.784934035965740e+00	-2.166991449549124e-01	2.685996287104129e+00
330	0	1.015362889887337e-01	8.922516533220239e+00	-4.147136421603447e-01	2.707215846662692e+00
330	1	6.705145163568016e-02	9.124877280745046e+00	-3.301052865166438e-01	2.757578619714218e+00
330	2	1.683869210480236e-01	8.784934035965740e+00	-2.166991449549124e-01	2.685996287104129e+00
330	3	1.304660347383697e-01	9.020888414409779e+00	-1.703739079116461e-01	2.745406334744445e+00
331	0	6.705145163568016e-02	9.124877280745046e+00	-3.301052865166438e-01	2.757578619714218e+00
331	1	5.825015354735541e-02	9.292396666940363e+00	-2.540803146915804e-01	2.805194046146315e+00
331	2	1.304660347383697e-01	9.020888414409779e+00	-1.703739079116461e-01	2.745406334744445e+00
331	3	1.056544612557815e-01	9.219056245972851e+00	-1.408627520426376e-01	2.797413212168590e+00
332	0	5.825015354735541e-02	9.292396666940363e+00	-2.540803146915804e-01	2.805194046146315e+00
332	1	-6.294814895571044e-03	9.415277466065318e+00	-2.345260372709240e-01	2.822694795350924e+00
332	2	1.056544612557815e-01	9.219056245972851e+00	-1.408627520426376e-01	2.797413212168590e+00
332	3	7.076398561777797e-02	9.298364343074734e+00	-1.052634762141827e-01	2.810738498607754e+00
333	0	-6.294814895571044e-03	9.415277466065318e+00	-2.345260372709240e-01	2.822694795350924e+00
333	1	2.511678181928900e-02	9.537468396023590e+00	-1.838100297614955e-01	2.868775553352863e+00
333	2	7.076398561777797e-02	9.298364343074734e+00	-1.052634762141827e-01	2.810738498607754e+00
333	3	5.911547008631768e-02	9.429740540839795e+00	-9.376452046472558e-02	2.846656803277834e+00
334	0	2.511678181928900e-02	9.537468396023590e+00	-1.838100297614955e-01	2.868775553352863e+00
334	1	3.134060540420691e-02	9.549276676316399e+00	-1.895730934677748e-01	2.874185184516182e+00
334	2	5.911547008631768e-02	9.429740540839795e+00	-9.376452046472558e-02	2.846656803277834e+00
334	3	-7.431329603990733e-04	9.525122184236544e+00	-8.688098061927831e-02	2.857313715382844e+00
335	0	3.134060540420691e-02	9.549276676316399e+00	-1.895730934677748e-01	2.874185184516182e+00
335	1	4.242532156480472e-02	9.605244174690238e+00	-1.635668345261432e-01	2.894300848876513e+00
335	2	-7.431329603990733e-04	9.525122184236544e+00	-8.688098061927831e-02	2.857313715382844e+00
335	3	-6.267008497040294e-02	9.601052136424329e+00	-9.454334833699443e-02	2.861514615436178e+00
336	0	4.242532156480472e-02	9.605244174690238e+00	-1.635668345261432e-01	2.894300848876513e+00
336	1	-8.587302560907961e-02	9.647407107943740e+00	-1.973882179685545e-01	2.868460224700399e+00
336	2	-6.267008497040294e-02	9.601052136424329e+00	-9.454334833699443e-02	2.861514615436178e+00
336	3	-1.319052800542986e-01	9.667545140260295e+00	-1.487297510743347e-01	2.860691958061798e+00
337	0	-8.587302560907961e-02	9.647407107943740e+00	-1.973882179685545e-01	2.868460224700399e+00
337	1	-1.856507085394208e-01	9.692407632582329e+00	-2.193482084469758e-01	2.852027077212872e+00
337	2	-1.319052800542986e-01	9.667545140260295e+00	-1.487297510743347e-01	2.860691958061798e+00
337	3	-2.477793576099705e-01	9.722447958542100e+00	-1.503188239681318e-01	2.842400580279639e+00
338	0	-1.856507085394208e-01	9.692407632582329e+00	-2.193482084469758e-01	2.852027077212872e+00
338	1	-3.731916518758176e-01	9.770282369210651e+00	-4.283244341216512e-01	2.819127215200450e+00
338	2	-2.477793576099705e-01	9.722447958542100e+00	-1.503188239681318e-01	2.842400580279639e+00
338	3	-4.471691700283627e-01	9.858913182172479e+00	-2.710480501205444e-01	2.823523203643235e+00
339	0	-3.731916518758176e-01	9.770282369210651e+00	-4.283244341216512e-01	2.819127215200450e+00
339	1	-7.513351072791581e-01	9.969608170475237e+00	-6.483857686414777e-01	2.765481918958823e+00
339	2	-4.471691700283627e-01	9.858913182172479e+00	-2.710480501205444e-01	2.823523203643235e+00
339	3	-6.989707266839487e-01	9.980617592339165e+00	-2.264273243877143e-01	2.784494059696565e+00
340	0	-1.019680009860187e+01	-1.230457990929636e+00	6.764870384516484e-01	-3.428177426859451e+00
340	1	-6.997823616076093e-01	2.221326378628643e+00	-9.509918472181239e-01	4.564632051063103e-01
340	2	-1.055290304045371e+01	-1.225796695623437e+00	-1.059002260473498e-02	-3.533609920823145e+00
340	3	-6.052289441105425e-01	2.020991524903055e+00	-2.805146303856017e-03	4.247287742377538e-01
341	0	-6.997823616076093e-01	2.221326378628643e+00	-9.509918472181239e-01	4.564632051063103e-01
341	1	2.820874785109431e-01	5.418352608802208e+00	-7.054839155574164e-01	1.710132026193945e+00
341	2	-6.052289441105425e-01	2.020991524903055e+00	-2.805146303856017e-03	4.247287742377538e-01
341	3	3.632939742397223e-01	5.293196118297499e+00	6.228325563038151e-03	1.696947027761166e+00
342	0	2.820874785109431e-01	5.418352608802208e+00	-7.054839155574164e-01	1.710132026193945e+00
342	1	2.681883864660239e-01	6.816263486002979e+00	-5.209323777610290e-01	2.125335561740701e+00
342	2	3.632939742397223e-01	5.293196118297499e+00	6.228325563038151e-03	1.696947027761166e+00
342	3	3.455847702231973e-01	6.661770895109626e+00	-4.843715146871886e-03	2.102206699599847e+00
343	0	2.681883864660239e-01	6.816263486002979e+00	-5.209323777610290e-01	2.125335561740701e+00
343	1	3.104364934369648e-01	7.964714743935138e+00	-3.701615101411449e-01	2.482545371211631e+00
343	2	3.455847702231973e-01	6.661770895109626e+00	-4.843715146871886e-03	2.102206699599847e+00
343	3	3.952194532534423e-01	7.959439865901396e+00	-8.702475733867588e-03	2.506397795746452e+00
344	0	3.104364934369648e-01	7.964714743935138e+00	-3.701615101411449e-01	2.482545371211631e+00
344	1	1.914100225665596e-01	8.359724810817836e+00	-2.788204732923982e-01	2.565340450015319e+00
344	2	3.952194532534423e-01	7.959439865901396e+00	-8.702475733867588e-03	2.506397795746452e+00
344	3	2.776527483180145e-01	8.304624869018301e+00	1.888733521587958e-03	2.574683285200895e+00
345	0	1.914100225665596e-01	8.359724810817836e+00	-2.788204732923982e-01	2.565340450015319e+00
345	1	1.683869210480236e-01	8.784934035965740e+00	-2.166991449549124e-01	2.685996287104129e+00
345	2	2.776527483180145e-01	8.304624869018301e+00	1.888733521587958e-03	2.574683285200895e+00
345	3	2.373582235024951e-01	8.769656381430783e+00	-4.914272455324638e-03	2.702104381479983e+00
346	0	1.683869210480236e-01	8.784934035965740e+00	-2.166991449549124e-01	2.685996287104129e+00
346	1	1.304660347383697e-01	9.020888414409779e+00	-1.703739079116461e-01	2.745406334744445e+00
346	2	2.373582235024951e-01	8.769656381430783e+00	-4.914272455324638e-03	2.702104381479983e+00
346	3	2.004594209756787e-01	8.994728729879368e+00	2.530796205298344e-03	2.758556445256514e+00
347	0	1.304660347383697e-01	9.020888414409779e+00	-1.703739079116461e-01	2.745406334744445e+00
347	1	1.056544612557815e-01	9.219056245972851e+00	-1.408627520426376e-01	2.797413212168590e+00
347	2	2.004594209756787e-01	8.994728729879368e+00	2.530796205298344e-03	2.758556445256514e+00
347	3	1.576219876961300e-01	9.208163129213455e+00	-6.712555472856045e-03	2.809735535072876e+00
348	0	1.056544612557815e-01	9.219056245972851e+00	-1.408627520426376e-01	2.797413212168590e+00
348	1	7.076398561777797e-02	9.298364343074734e+00	-1.052634762141827e-01	2.810738498607754e+00
348	2	1.576219876961300e-01	9.208163129213455e+00	-6.712555472856045e-03	2.809735535072876e+00
348	3	6.368429748841198e-02	9.259325764385379e+00	1.231477332396578e-03	2.796903018562138e+00
349	0	7.076398561777797e-02	9.298364343074734e+00	-1.052634762141827e-01	2.810738498607754e+00
349	1	5.911547008631768e-02	9.429740540839795e+00	-9.376452046472558e-02	2.846656803277834e+00
349	2	6.368429748841198e-02	9.259325764385379e+00	1.231477332396578e-03	2.796903018562138e+00
349	3	-1.337495416631640e-03	9.396008229787904e+00	3.309206664759659e-02	2.818401220311382e+00
350	0	5.911547008631768e-02	9.429740540839795e+00	-9.376452046472558e-02	2.846656803277834e+00
350	1	-7.431329603990733e-04	9.525122184236544e+00	-8.688098061927831e-02	2.857313715382844e+00
350	2	-1.337495416631640e-03	9.396008229787904e+00	3.309206664759659e-02	2.818401220311382e+00
350	3	-9.389121576944515e-02	9.450336768275074e+00	3.412453109929642e-02	2.806933665751688e+00
351	0	-7.431329603990733e-04	9.525122184236544e+00	-8.688098061927831e-02	2.857313715382844e+00
351	1	-6.267008497040294e-02	9.601052136424329e+00	-9.454334833699443e-02	2.861514615436178e+00
351	2	-9.389121576944515e-02	9.450336768275074e+00	3.412453109929642e-02	2.806933665751688e+00
351	3	-2.236876017341531e-01	9.506321497781416e+00	1.228924870201930e-03	2.784790168814179e+00
352	0	-6.267008497040294e-02	9.601052136424329e+00	-9.454334833699443e-02	2.861514615436178e+00
352	1	-1.319052800542986e-01	9.667545140260295e+00	-1.487297510743347e-01	2.860691958061798e+00
352	2	-2.236876017341531e-01	9.506321497781416e+00	1.228924870201930e-03	2.784790168814179e+00
352	3	-3.037296620249066e-01	9.617813877643613e+00	-1.865059266437575e-02	2.794225264685612e+00
353	0	-1.319052800542986e-01	9.667545140260295e+00	-1.487297510743347e-01	2.860691958061798e+00
353	1	-2.477793576099705e-01	9.722447958542100e+00	-1.503188239681318e-01	2.842400580279639e+00
353	2	-3.037296620249066e-01	9.617813877643613e+00	-1.865059266437575e-02	2.794225264685612e+00
353	3	-4.362741027575314e-01	9.752607328998371e+00	-6.233246313471571e-03	2.794899967872252e+00
354	0	-2.477793576099705e-01	9.722447958542100e+00	-1.503188239681318e-01	2.842400580279639e+00
354	1	-4.471691700283627e-01	9.858913182172479e+00	-2.710480501205444e-01	2.823523203643235e+00
354	2	-4.362741027575314e-01	9.752607328998371e+00	-6.233246313471571e-03	2.794899967872252e+00
354	3	-5.939989864910658e-01	9.961530001187370e+00	7.820805901447469e-03	2.810259304408892e+00
355	0	-4.471691700283627e-01	9.858913182172479e+00	-2.710480501205444e-01	2.823523203643235e+00
355	1	-6.989707266839487e-01	9.980617592339165e+00	-2.264273243877143e-01	2.784494059696565e+00
355	2	-5.939989864910658e-01	9.961530001187370e+00	7.820805901447469e-03	2.810259304408892e+00
355	3	-7.102146959825095e-01	1.047443368376391e+01	-1.326505677641331e-01	2.929265696334421e+00
