3

206000  3.000000e-01

3

2511

3     3     3
3     3     3
3     3     3

13    13    13
13    13    19
13    13    13

9     9     9
9     9     15
9     9     9

0     1     2     3     4     5     6     7     8     9     10    11    12    13    14    15    16    17    18    19    20    21    22    23    24    25    26    27    28    29    30    31    32    33    34    35    36    37    38    39    40    41    42    43    44    45    46    47    48    49    50    51    52    53    54    55    56    57    58    59    60    61    62    63    64    65    66    67    68    69    70    71    72    73    74    75    76    77    78    79    80    81    82    83    84    85    86    87    88    89    90    91    92    93    94    95    96    97    98    99    100   101   102   103   104   105   106   107   108   109   110   111   112   113   114   115   116   117   118   119   120   121   122   123   124   125   126   127   128   129   130   131   132   133   134   135   136   137   138   139   140   141   142   143   144   145   146   147   148   149   150   151   152   153   154   155   156   157   158   159   160   161   162   163   164   165   166   167   168   169   170   171   172   173   174   175   176   177   178   179   180   181   182   183   184   185   186   187   188   189   190   191   192   193   194   195   196   197   198   199   200   201   202   203   204   205   206   207   208   209   210   211   212   213   214   215   216   217   218   219   220   221   222   223   224   225   226   227   228   229   230   231   232   233   234   235   236   237   238   239   240   241   242   243   244   245   246   247   248   249   250   251   252   253   254   255   256   257   258   259   260   261   262   263   264   265   266   267   268   269   270   271   272   273   274   275   276   277   278   279   280   281   282   283   284   285   286   287   288   289   290   291   292   293   294   295   296   297   298   299   300   301   302   303   304   305   306   307   308   309   310   311   312   313   314   315   316   317   318   319   320   321   322   323   324   325   326   327   328   329   330   331   332   333   334   335   336   337   338   339   340   341   342   343   344   345   346   347   348   349   350   351   352   353   354   355   356   357   358   359   360   361   362   363   364   365   366   367   368   369   370   371   372   373   374   375   376   377   378   379   380   381   382   383   384   385   386   387   388   389   390   391   392   393   394   395   396   397   398   399   400   401   402   403   404   405   406   407   408   409   410   411   412   413   414   415   416   417   418   419   420   421   422   423   424   425   426   427   428   429   430   431   432   433   434   435   436   437   438   439   440   441   442   443   444   445   446   447   448   449   450   451   452   453   454   455   456   457   458   459   460   461   462   463   464   465   466   467   468   469   470   471   472   473   474   475   476   477   478   479   480   481   482   483   484   485   486   487   488   489   490   491   492   493   494   495   496   497   498   499   500   501   502   503   504   505   506   507   508   509   510   511   512   513   514   515   516   517   518   519   520   521   522   523   524   525   526   527   528   529   530   531   532   533   534   535   536   537   538   539   540   541   542   543   544   545   546   547   548   549   550   551   552   553   554   555   556   557   558   559   560   561   562   563   564   565   566   567   568   569   570   571   572   573   574   575   576   577   578   579   580   581   582   583   584   585   586   587   588   589   590   591   592   593   594   595   596   597   598   599   600   601   602   603   604   605   606   607   608   609   610   611   612   613   614   615   616   617   618   619   620   621   622   623   624   625   626   627   628   629   630   631   632   633   634   635   636   637   638   639   640   641   642   643   644   645   646   647   648   649   650   651   652   653   654   655   656   657   658   659   660   661   662   663   664   665   666   667   668   669   670   671   672   673   674   675   676   677   678   679   680   681   682   683   684   685   686   687   688   689   690   691   692   693   694   695   696   697   698   699   700   701   702   703   704   705   706   707   708   709   710   711   712   713   714   715   716   717   718   719   720   721   722   723   724   725   726   727   728
648   649   650   651   652   653   654   655   656   657   658   659   660   661   662   663   664   665   666   667   668   669   670   671   672   673   674   675   676   677   678   679   680   681   682   683   684   685   686   687   688   689   690   691   692   693   694   695   696   697   698   699   700   701   702   703   704   705   706   707   708   709   710   711   712   713   714   715   716   717   718   719   720   721   722   723   724   725   726   727   728   729   730   731   732   733   734   735   736   737   738   739   740   741   742   743   744   745   746   747   748   749   750   751   752   753   754   755   756   757   758   759   760   761   762   763   764   765   766   767   768   769   770   771   772   773   774   775   776   777   778   779   780   781   782   783   784   785   786   787   788   789   790   791   792   793   794   795   796   797   798   799   800   801   802   803   804   805   806   807   808   809   810   811   812   813   814   815   816   817   818   819   820   821   822   823   824   825   826   827   828   829   830   831   832   833   834   835   836   837   838   839   840   841   842   843   844   845   846   847   848   849   850   851   852   853   854   855   856   857   858   859   860   861   862   863   864   865   866   867   868   869   870   871   872   873   874   875   876   877   878   879   880   881   882   883   884   885   886   887   888   889   890   891   892   893   894   895   896   897   898   899   900   901   902   903   904   905   906   907   908   909   910   911   912   913   914   915   916   917   918   919   920   921   922   923   924   925   926   927   928   929   930   931   932   933   934   935   936   937   938   939   940   941   942   943   944   945   946   947   948   949   950   951   952   953   954   955   956   957   958   959   960   961   962   963   964   965   966   967   968   969   970   971   972   973   974   975   976   977   978   979   980   981   982   983   984   985   986   987   988   989   990   991   992   993   994   995   996   997   998   999   1000  1001  1002  1003  1004  1005  1006  1007  1008  1009  1010  1011  1012  1013  1014  1015  1016  1017  1018  1019  1020  1021  1022  1023  1024  1025  1026  1027  1028  1029  1030  1031  1032  1033  1034  1035  1036  1037  1038  1039  1040  1041  1042  1043  1044  1045  1046  1047  1048  1049  1050  1051  1052  1053  1054  1055  1056  1057  1058  1059  1060  1061  1062  1063  1064  1065  1066  1067  1068  1069  1070  1071  1072  1073  1074  1075  1076  1077  1078  1079  1080  1081  1082  1083  1084  1085  1086  1087  1088  1089  1090  1091  1092  1093  1094  1095  1096  1097  1098  1099  1100  1101  1102  1103  1104  1105  1106  1107  1108  1109  1110  1111  1112  1113  1114  1115  1116  1117  1118  1119  1120  1121  1122  1123  1124  1125  1126  1127  1128  1129  1130  1131  1132  1133  1134  1135  1136  1137  1138  1139  1140  1141  1142  1143  1144  1145  1146  1147  1148  1149  1150  1151  1152  1153  1154  1155  1156  1157  1158  1159  1160  1161  1162  1163  1164  1165  1166  1167  1168  1169  1170  1171  1172  1173  1174  1175  1176  1177  1178  1179  1180  1181  1182  1183  1184  1185  1186  1187  1188  1189  1190  1191  1192  1193  1194  1195  1196  1197  1198  1199  1200  1201  1202  1203  1204  1205  1206  1207  1208  1209  1210  1211  1212  1213  1214  1215  1216  1217  1218  1219  1220  1221  1222  1223  1224  1225  1226  1227  1228  1229  1230  1231  1232  1233  1234  1235  1236  1237  1238  1239  1240  1241  1242  1243  1244  1245  1246  1247  1248  1249  1250  1251  1252  1253  1254  1255  1256  1257  1258  1259  1260  1261  1262  1263  1264  1265  1266  1267  1268  1269  1270  1271  1272  1273  1274  1275  1276  1277  1278  1279  1280  1281  1282  1283  1284  1285  1286  1287  1288  1289  1290  1291  1292  1293  1294  1295  1296  1297  1298  1299  1300  1301  1302  1303  1304  1305  1306  1307  1308  1309  1310  1311  1312  1313  1314  1315  1316  1317  1318  1319  1320  1321  1322  1323  1324  1325  1326  1327  1328  1329  1330  1331  1332  1333  1334  1335  1336  1337  1338  1339  1340  1341  1342  1343  1344  1345  1346  1347  1348  1349  1350  1351  1352  1353  1354  1355  1356  1357  1358  1359  1360  1361  1362  1363  1364  1365  1366  1367  1368  1369  1370  1371  1372  1373  1374  1375  1376  1377  1378  1379  1380  1381  1382  1383  1384  1385  1386  1387  1388  1389  1390  1391  1392  1393  1394  1395  1396  1397  1398  1399  1400  1401  1402  1403  1404  1405  1406  1407  1408  1409  1410  1411  1412  1413  1414  1415  1416  1417  1418  1419  1420  1421  1422  1423  1424  1425  1426  1427  1428  1429  1430  1431  1432  1433  1434  1435  1436  1437  1438  1439  1440  1441  1442  1443  1444  1445  1446  1447  1448  1449  1450  1451  1452  1453  1454  1455  1456  1457  1458  1459  1460  1461  1462  1463  1464  1465  1466  1467  1468  1469  1470  1471  1472  1473  1474  1475  1476  1477  1478  1479  1480  1481  1482  1483  1484  1485  1486  1487  1488  1489  1490  1491  1492  1493  1494  1495  1496  1497  1498  1499  1500  1501  1502  1503  1504  1505  1506  1507  1508  1509  1510  1511  1512  1513  1514  1515  1516  1517  1518  1519  1520  1521  1522  1523  1524  1525  1526  1527  1528  1529  1530  1531  1532  1533  1534  1535  1536  1537  1538  1539  1540  1541  1542  1543  1544  1545  1546  1547  1548  1549  1550  1551  1552  1553  1554  1555  1556  1557  1558  1559  1560  1561  1562  1563  1564  1565  1566  1567  1568  1569  1570  1571  1572  1573  1574  1575  1576  1577  1578  1579  1580  1581  1582  1583  1584  1585  1586  1587  1588  1589  1590  1591  1592  1593  1594  1595  1596  1597  1598  1599  1600  1601  1602  1603  1604  1605  1606  1607  1608  1609  1610  1611  1612  1613  1614  1615  1616  1617  1618  1619  1620  1621  1622  1623  1624  1625  1626  1627  1628  1629  1630  1631  1632  1633  1634  1635  1636  1637  1638  1639  1640  1641  1642  1643  1644  1645  1646  1647  1648  1649  1650  1651  1652  1653  1654  1655  1656  1657  1658  1659  1660  1661  1662  1663  1664  1665  1666  1667  1668  1669  1670  1671  1672  1673  1674  1675  1676  1677  1678  1679  1680  1681  1682  1683  1684  1685  1686  1687  1688  1689  1690  1691  1692  1693  1694  1695  1696  1697  1698  1699  1700  1701  1702  1703  1704  1705  1706  1707  1708  1709  1710  1711  1712  1713  1714  1715  1716  1717  1718  1719  1720  1721  1722  1723  1724  1725  1726  1727  1728  1729  1730  1731  1732  1733  1734  1735  1736  1737  1738  1739  1740  1741  1742  1743  1744  1745  1746  1747  1748  1749  1750  1751  1752  1753  1754  1755  1756  1757  1758  1759  1760  1761  1762  1763  1764  1765  1766  1767  1768  1769  1770  1771  1772  1773  1774  1775  1776  1777  1778  1779  1780  1781  1782  1783  1784  1785  1786  1787  1788  1789  1790  1791  1792  1793  1794  1795  1796  1797  1798  1799  1800  1801  1802  1803  1804  1805  1806  1807  1808  1809  1810  1811  1812  1813  1814  1815  1816  1817  1818  1819  1820  1821  1822  1823  1824  1825  1826  1827  1828  1829  1830  1831  1832  1833  1834  1835  1836  1837  1838  1839  1840  1841  1842  1843  1844  1845  1846  1847  1848  1849  1850  1851  1852  1853  1854  1855  1856  1857  1858  1859  1860  1861  1862
1782  1783  1784  1785  1786  1787  1788  1789  1790  1791  1792  1793  1794  1795  1796  1797  1798  1799  1800  1801  1802  1803  1804  1805  1806  1807  1808  1809  1810  1811  1812  1813  1814  1815  1816  1817  1818  1819  1820  1821  1822  1823  1824  1825  1826  1827  1828  1829  1830  1831  1832  1833  1834  1835  1836  1837  1838  1839  1840  1841  1842  1843  1844  1845  1846  1847  1848  1849  1850  1851  1852  1853  1854  1855  1856  1857  1858  1859  1860  1861  1862  1863  1864  1865  1866  1867  1868  1869  1870  1871  1872  1873  1874  1875  1876  1877  1878  1879  1880  1881  1882  1883  1884  1885  1886  1887  1888  1889  1890  1891  1892  1893  1894  1895  1896  1897  1898  1899  1900  1901  1902  1903  1904  1905  1906  1907  1908  1909  1910  1911  1912  1913  1914  1915  1916  1917  1918  1919  1920  1921  1922  1923  1924  1925  1926  1927  1928  1929  1930  1931  1932  1933  1934  1935  1936  1937  1938  1939  1940  1941  1942  1943  1944  1945  1946  1947  1948  1949  1950  1951  1952  1953  1954  1955  1956  1957  1958  1959  1960  1961  1962  1963  1964  1965  1966  1967  1968  1969  1970  1971  1972  1973  1974  1975  1976  1977  1978  1979  1980  1981  1982  1983  1984  1985  1986  1987  1988  1989  1990  1991  1992  1993  1994  1995  1996  1997  1998  1999  2000  2001  2002  2003  2004  2005  2006  2007  2008  2009  2010  2011  2012  2013  2014  2015  2016  2017  2018  2019  2020  2021  2022  2023  2024  2025  2026  2027  2028  2029  2030  2031  2032  2033  2034  2035  2036  2037  2038  2039  2040  2041  2042  2043  2044  2045  2046  2047  2048  2049  2050  2051  2052  2053  2054  2055  2056  2057  2058  2059  2060  2061  2062  2063  2064  2065  2066  2067  2068  2069  2070  2071  2072  2073  2074  2075  2076  2077  2078  2079  2080  2081  2082  2083  2084  2085  2086  2087  2088  2089  2090  2091  2092  2093  2094  2095  2096  2097  2098  2099  2100  2101  2102  2103  2104  2105  2106  2107  2108  2109  2110  2111  2112  2113  2114  2115  2116  2117  2118  2119  2120  2121  2122  2123  2124  2125  2126  2127  2128  2129  2130  2131  2132  2133  2134  2135  2136  2137  2138  2139  2140  2141  2142  2143  2144  2145  2146  2147  2148  2149  2150  2151  2152  2153  2154  2155  2156  2157  2158  2159  2160  2161  2162  2163  2164  2165  2166  2167  2168  2169  2170  2171  2172  2173  2174  2175  2176  2177  2178  2179  2180  2181  2182  2183  2184  2185  2186  2187  2188  2189  2190  2191  2192  2193  2194  2195  2196  2197  2198  2199  2200  2201  2202  2203  2204  2205  2206  2207  2208  2209  2210  2211  2212  2213  2214  2215  2216  2217  2218  2219  2220  2221  2222  2223  2224  2225  2226  2227  2228  2229  2230  2231  2232  2233  2234  2235  2236  2237  2238  2239  2240  2241  2242  2243  2244  2245  2246  2247  2248  2249  2250  2251  2252  2253  2254  2255  2256  2257  2258  2259  2260  2261  2262  2263  2264  2265  2266  2267  2268  2269  2270  2271  2272  2273  2274  2275  2276  2277  2278  2279  2280  2281  2282  2283  2284  2285  2286  2287  2288  2289  2290  2291  2292  2293  2294  2295  2296  2297  2298  2299  2300  2301  2302  2303  2304  2305  2306  2307  2308  2309  2310  2311  2312  2313  2314  2315  2316  2317  2318  2319  2320  2321  2322  2323  2324  2325  2326  2327  2328  2329  2330  2331  2332  2333  2334  2335  2336  2337  2338  2339  2340  2341  2342  2343  2344  2345  2346  2347  2348  2349  2350  2351  2352  2353  2354  2355  2356  2357  2358  2359  2360  2361  2362  2363  2364  2365  2366  2367  2368  2369  2370  2371  2372  2373  2374  2375  2376  2377  2378  2379  2380  2381  2382  2383  2384  2385  2386  2387  2388  2389  2390  2391  2392  2393  2394  2395  2396  2397  2398  2399  2400  2401  2402  2403  2404  2405  2406  2407  2408  2409  2410  2411  2412  2413  2414  2415  2416  2417  2418  2419  2420  2421  2422  2423  2424  2425  2426  2427  2428  2429  2430  2431  2432  2433  2434  2435  2436  2437  2438  2439  2440  2441  2442  2443  2444  2445  2446  2447  2448  2449  2450  2451  2452  2453  2454  2455  2456  2457  2458  2459  2460  2461  2462  2463  2464  2465  2466  2467  2468  2469  2470  2471  2472  2473  2474  2475  2476  2477  2478  2479  2480  2481  2482  2483  2484  2485  2486  2487  2488  2489  2490  2491  2492  2493  2494  2495  2496  2497  2498  2499  2500  2501  2502  2503  2504  2505  2506  2507  2508  2509  2510

162   0     2

0.0000000000000000e+00  0.0000000000000000e+00  0.0000000000000000e+00  0.0000000000000000e+00  1.6666666666666666e-01  3.3333333333333331e-01  5.0000000000000000e-01  6.6666666666666663e-01  8.3333333333333326e-01  1.0000000000000000e+00  1.0000000000000000e+00  1.0000000000000000e+00  1.0000000000000000e+00
0.0000000000000000e+00  0.0000000000000000e+00  0.0000000000000000e+00  0.0000000000000000e+00  1.6666666666666666e-01  3.3333333333333331e-01  5.0000000000000000e-01  6.6666666666666663e-01  8.3333333333333326e-01  1.0000000000000000e+00  1.0000000000000000e+00  1.0000000000000000e+00  1.0000000000000000e+00
0.0000000000000000e+00  0.0000000000000000e+00  0.0000000000000000e+00  0.0000000000000000e+00  1.6666666666666666e-01  3.3333333333333331e-01  5.0000000000000000e-01  6.6666666666666663e-01  8.3333333333333326e-01  1.0000000000000000e+00  1.0000000000000000e+00  1.0000000000000000e+00  1.0000000000000000e+00
0.0000000000000000e+00  0.0000000000000000e+00  0.0000000000000000e+00  0.0000000000000000e+00  1.6666666666666666e-01  3.3333333333333331e-01  5.0000000000000000e-01  6.6666666666666663e-01  8.3333333333333326e-01  1.0000000000000000e+00  1.0000000000000000e+00  1.0000000000000000e+00  1.0000000000000000e+00
0.0000000000000000e+00  0.0000000000000000e+00  0.0000000000000000e+00  0.0000000000000000e+00  1.6666666666666666e-01  3.3333333333333331e-01  5.0000000000000000e-01  6.6666666666666663e-01  8.3333333333333326e-01  1.0000000000000000e+00  1.0000000000000000e+00  1.0000000000000000e+00  1.0000000000000000e+00
0.0000000000000000e+00  0.0000000000000000e+00  0.0000000000000000e+00  0.0000000000000000e+00  8.3333333333333329e-02  1.6666666666666666e-01  2.5000000000000000e-01  3.3333333333333331e-01  4.1666666666666663e-01  5.0000000000000000e-01  5.8333333333333326e-01  6.6666666666666663e-01  7.5000000000000000e-01  8.3333333333333326e-01  9.1666666666666663e-01  1.0000000000000000e+00  1.0000000000000000e+00  1.0000000000000000e+00  1.0000000000000000e+00
0.0000000000000000e+00  0.0000000000000000e+00  0.0000000000000000e+00  0.0000000000000000e+00  1.6666666666666666e-01  3.3333333333333331e-01  5.0000000000000000e-01  6.6666666666666663e-01  8.3333333333333326e-01  1.0000000000000000e+00  1.0000000000000000e+00  1.0000000000000000e+00  1.0000000000000000e+00
0.0000000000000000e+00  0.0000000000000000e+00  0.0000000000000000e+00  0.0000000000000000e+00  1.6666666666666666e-01  3.3333333333333331e-01  5.0000000000000000e-01  6.6666666666666663e-01  8.3333333333333326e-01  1.0000000000000000e+00  1.0000000000000000e+00  1.0000000000000000e+00  1.0000000000000000e+00
0.0000000000000000e+00  0.0000000000000000e+00  0.0000000000000000e+00  0.0000000000000000e+00  1.6666666666666666e-01  3.3333333333333331e-01  5.0000000000000000e-01  6.6666666666666663e-01  8.3333333333333326e-01  1.0000000000000000e+00  1.0000000000000000e+00  1.0000000000000000e+00  1.0000000000000000e+00

0      0.0000000000000000e+00 -1.2000000000000000e+00 -1.2000000000000000e+00  1.0000000000000000e+00
1      0.0000000000000000e+00 -1.2000000000000000e+00 -2.6333333333333333e+00  9.9999999999999989e-01
2      0.0000000000000000e+00 -1.2000000000000000e+00 -5.5000000000000009e+00  9.9999999999999978e-01
3      0.0000000000000000e+00 -1.2000000000000002e+00 -9.8000000000000043e+00  9.9999999999999967e-01
4      0.0000000000000000e+00 -1.2000000000000000e+00 -1.4100000000000003e+01  9.9999999999999978e-01
5      0.0000000000000000e+00 -1.2000000000000000e+00 -1.8400000000000002e+01  9.9999999999999978e-01
6      0.0000000000000000e+00 -1.1999999999999997e+00 -2.2699999999999999e+01  1.0000000000000000e+00
7      0.0000000000000000e+00 -1.2000000000000000e+00 -2.5566666666666663e+01  1.0000000000000000e+00
8      0.0000000000000000e+00 -1.2000000000000000e+00 -2.7000000000000000e+01  1.0000000000000000e+00
9      0.0000000000000000e+00 -1.0666666666666667e+00 -1.2000000000000000e+00  1.0000000000000000e+00
10     0.0000000000000000e+00 -1.0666666666666667e+00 -2.6333333333333333e+00  9.9999999999999989e-01
11     0.0000000000000000e+00 -1.0666666666666667e+00 -5.5000000000000018e+00  9.9999999999999978e-01
12     0.0000000000000000e+00 -1.0666666666666669e+00 -9.8000000000000043e+00  9.9999999999999967e-01
13     0.0000000000000000e+00 -1.0666666666666667e+00 -1.4100000000000003e+01  9.9999999999999978e-01
14     0.0000000000000000e+00 -1.0666666666666667e+00 -1.8400000000000002e+01  9.9999999999999978e-01
15     0.0000000000000000e+00 -1.0666666666666664e+00 -2.2700000000000003e+01  1.0000000000000000e+00
16     0.0000000000000000e+00 -1.0666666666666667e+00 -2.5566666666666663e+01  1.0000000000000000e+00
17     0.0000000000000000e+00 -1.0666666666666667e+00 -2.7000000000000000e+01  1.0000000000000000e+00
18     0.0000000000000000e+00 -8.0000000000000004e-01 -1.2000000000000000e+00  1.0000000000000002e+00
19     0.0000000000000000e+00 -8.0000000000000004e-01 -2.6333333333333333e+00  1.0000000000000000e+00
20     0.0000000000000000e+00 -8.0000000000000016e-01 -5.5000000000000000e+00  1.0000000000000000e+00
21     0.0000000000000000e+00 -8.0000000000000049e-01 -9.8000000000000043e+00  9.9999999999999978e-01
22     0.0000000000000000e+00 -8.0000000000000016e-01 -1.4100000000000001e+01  1.0000000000000000e+00
23     0.0000000000000000e+00 -8.0000000000000004e-01 -1.8400000000000002e+01  1.0000000000000000e+00
24     0.0000000000000000e+00 -7.9999999999999982e-01 -2.2699999999999999e+01  1.0000000000000002e+00
25     0.0000000000000000e+00 -8.0000000000000004e-01 -2.5566666666666663e+01  1.0000000000000002e+00
26     0.0000000000000000e+00 -8.0000000000000004e-01 -2.6999999999999996e+01  1.0000000000000002e+00
27     0.0000000000000000e+00 -4.0000000000000024e-01 -1.2000000000000000e+00  1.0000000000000002e+00
28     0.0000000000000000e+00 -4.0000000000000036e-01 -2.6333333333333333e+00  1.0000000000000000e+00
29     0.0000000000000000e+00 -4.0000000000000041e-01 -5.5000000000000018e+00  9.9999999999999989e-01
30     0.0000000000000000e+00 -4.0000000000000058e-01 -9.8000000000000043e+00  9.9999999999999978e-01
31     0.0000000000000000e+00 -4.0000000000000036e-01 -1.4100000000000003e+01  9.9999999999999989e-01
32     0.0000000000000000e+00 -4.0000000000000036e-01 -1.8400000000000002e+01  9.9999999999999989e-01
33     0.0000000000000000e+00 -4.0000000000000008e-01 -2.2700000000000003e+01  1.0000000000000002e+00
34     0.0000000000000000e+00 -4.0000000000000024e-01 -2.5566666666666663e+01  1.0000000000000002e+00
35     0.0000000000000000e+00 -4.0000000000000024e-01 -2.7000000000000000e+01  1.0000000000000002e+00
36     0.0000000000000000e+00 -4.7184478546569143e-16 -1.2000000000000000e+00  1.0000000000000002e+00
37     0.0000000000000000e+00 -4.9960036108132054e-16 -2.6333333333333333e+00  9.9999999999999989e-01
38     0.0000000000000000e+00 -5.5511151231257837e-16 -5.5000000000000009e+00  9.9999999999999978e-01
39     0.0000000000000000e+00 -5.5511151231257837e-16 -9.8000000000000025e+00  9.9999999999999978e-01
40     0.0000000000000000e+00 -4.4408920985006271e-16 -1.4100000000000005e+01  9.9999999999999978e-01
41     0.0000000000000000e+00 -3.3306690738754706e-16 -1.8400000000000002e+01  9.9999999999999978e-01
42     0.0000000000000000e+00 -3.3306690738754691e-16 -2.2699999999999996e+01  1.0000000000000002e+00
43     0.0000000000000000e+00 -3.8857805861880469e-16 -2.5566666666666663e+01  1.0000000000000002e+00
44     0.0000000000000000e+00 -4.7184478546569143e-16 -2.6999999999999993e+01  1.0000000000000002e+00
45     0.0000000000000000e+00  3.9999999999999941e-01 -1.2000000000000000e+00  1.0000000000000000e+00
46     0.0000000000000000e+00  3.9999999999999941e-01 -2.6333333333333333e+00  9.9999999999999978e-01
47     0.0000000000000000e+00  3.9999999999999936e-01 -5.5000000000000009e+00  9.9999999999999978e-01
48     0.0000000000000000e+00  3.9999999999999952e-01 -9.8000000000000043e+00  9.9999999999999956e-01
49     0.0000000000000000e+00  3.9999999999999958e-01 -1.4100000000000003e+01  9.9999999999999978e-01
50     0.0000000000000000e+00  3.9999999999999963e-01 -1.8400000000000002e+01  9.9999999999999978e-01
51     0.0000000000000000e+00  3.9999999999999958e-01 -2.2699999999999999e+01  1.0000000000000000e+00
52     0.0000000000000000e+00  3.9999999999999947e-01 -2.5566666666666663e+01  1.0000000000000000e+00
53     0.0000000000000000e+00  3.9999999999999941e-01 -2.7000000000000000e+01  1.0000000000000000e+00
54     0.0000000000000000e+00  7.9999999999999949e-01 -1.2000000000000000e+00  1.0000000000000000e+00
55     0.0000000000000000e+00  7.9999999999999960e-01 -2.6333333333333333e+00  9.9999999999999978e-01
56     0.0000000000000000e+00  7.9999999999999960e-01 -5.5000000000000009e+00  9.9999999999999978e-01
57     0.0000000000000000e+00  7.9999999999999960e-01 -9.8000000000000043e+00  9.9999999999999967e-01
58     0.0000000000000000e+00  7.9999999999999971e-01 -1.4100000000000005e+01  9.9999999999999978e-01
59     0.0000000000000000e+00  7.9999999999999971e-01 -1.8400000000000002e+01  9.9999999999999978e-01
60     0.0000000000000000e+00  7.9999999999999960e-01 -2.2699999999999999e+01  1.0000000000000000e+00
61     0.0000000000000000e+00  7.9999999999999960e-01 -2.5566666666666663e+01  1.0000000000000000e+00
62     0.0000000000000000e+00  7.9999999999999949e-01 -2.7000000000000000e+01  1.0000000000000000e+00
63     0.0000000000000000e+00  1.0666666666666664e+00 -1.2000000000000000e+00  1.0000000000000000e+00
64     0.0000000000000000e+00  1.0666666666666664e+00 -2.6333333333333333e+00  9.9999999999999989e-01
65     0.0000000000000000e+00  1.0666666666666664e+00 -5.5000000000000009e+00  9.9999999999999978e-01
66     0.0000000000000000e+00  1.0666666666666664e+00 -9.8000000000000025e+00  9.9999999999999978e-01
67     0.0000000000000000e+00  1.0666666666666664e+00 -1.4100000000000003e+01  9.9999999999999978e-01
68     0.0000000000000000e+00  1.0666666666666664e+00 -1.8400000000000002e+01  9.9999999999999978e-01
69     0.0000000000000000e+00  1.0666666666666662e+00 -2.2699999999999999e+01  1.0000000000000000e+00
70     0.0000000000000000e+00  1.0666666666666664e+00 -2.5566666666666663e+01  1.0000000000000000e+00
71     0.0000000000000000e+00  1.0666666666666664e+00 -2.7000000000000000e+01  1.0000000000000000e+00
72     0.0000000000000000e+00  1.2000000000000000e+00 -1.2000000000000000e+00  1.0000000000000000e+00
73     0.0000000000000000e+00  1.2000000000000000e+00 -2.6333333333333333e+00  9.9999999999999989e-01
74     0.0000000000000000e+00  1.2000000000000000e+00 -5.5000000000000009e+00  9.9999999999999978e-01
75     0.0000000000000000e+00  1.2000000000000002e+00 -9.8000000000000043e+00  9.9999999999999967e-01
76     0.0000000000000000e+00  1.2000000000000000e+00 -1.4100000000000003e+01  9.9999999999999978e-01
77     0.0000000000000000e+00  1.2000000000000000e+00 -1.8400000000000002e+01  9.9999999999999978e-01
78     0.0000000000000000e+00  1.1999999999999997e+00 -2.2699999999999999e+01  1.0000000000000000e+00
79     0.0000000000000000e+00  1.2000000000000000e+00 -2.5566666666666663e+01  1.0000000000000000e+00
80     0.0000000000000000e+00  1.2000000000000000e+00 -2.7000000000000000e+01  1.0000000000000000e+00
81     3.0725047859525279e-02 -1.2000000000000000e+00 -1.2000000000000000e+00  9.9702766549641453e-01
82     7.0797258324808085e-02 -1.2000000000000000e+00 -2.6373683205951286e+00  9.9719279519105797e-01
83     1.5090187799856603e-01 -1.2000000000000000e+00 -5.5106773124246207e+00  9.9752305458034518e-01
84     2.7095940314846517e-01 -1.2000000000000002e+00 -9.8170752199975961e+00  9.9801844366427606e-01
85     3.9089780088029069e-01 -1.2000000000000000e+00 -1.4119200092096234e+01  9.9851383274820704e-01
86     5.1071724841289445e-01 -1.2000000000000000e+00 -1.8417058285464044e+01  9.9900922183213803e-01
87     6.3041792261378549e-01 -1.1999999999999997e+00 -2.2710656144242048e+01  9.9950461091606924e-01
88     7.1015247408006454e-01 -1.2000000000000000e+00 -2.5570690991428332e+01  9.9983487030535645e-01
89     7.5000000000000000e-01 -1.2000000000000000e+00 -2.7000000000000000e+01  1.0000000000000000e+00
90     3.0725047859525279e-02 -1.0666666666666667e+00 -1.2000000000000000e+00  9.9702766549641453e-01
91     7.0797258324808085e-02 -1.0666666666666667e+00 -2.6373683205951286e+00  9.9719279519105797e-01
92     1.5090187799856603e-01 -1.0666666666666667e+00 -5.5106773124246207e+00  9.9752305458034518e-01
93     2.7095940314846517e-01 -1.0666666666666669e+00 -9.8170752199975961e+00  9.9801844366427606e-01
94     3.9089780088029069e-01 -1.0666666666666669e+00 -1.4119200092096234e+01  9.9851383274820704e-01
95     5.1071724841289445e-01 -1.0666666666666667e+00 -1.8417058285464044e+01  9.9900922183213803e-01
96     6.3041792261378549e-01 -1.0666666666666664e+00 -2.2710656144242051e+01  9.9950461091606924e-01
97     7.1015247408006454e-01 -1.0666666666666667e+00 -2.5570690991428332e+01  9.9983487030535645e-01
98     7.5000000000000000e-01 -1.0666666666666667e+00 -2.7000000000000000e+01  1.0000000000000000e+00
99     3.0725047859525276e-02 -8.0000000000000016e-01 -1.1999999999999997e+00  9.9702766549641475e-01
100    7.0797258324808071e-02 -8.0000000000000004e-01 -2.6373683205951286e+00  9.9719279519105819e-01
101    1.5090187799856603e-01 -8.0000000000000027e-01 -5.5106773124246189e+00  9.9752305458034540e-01
102    2.7095940314846523e-01 -8.0000000000000049e-01 -9.8170752199975979e+00  9.9801844366427617e-01
103    3.9089780088029064e-01 -8.0000000000000016e-01 -1.4119200092096232e+01  9.9851383274820726e-01
104    5.1071724841289445e-01 -8.0000000000000004e-01 -1.8417058285464044e+01  9.9900922183213825e-01
105    6.3041792261378549e-01 -7.9999999999999982e-01 -2.2710656144242044e+01  9.9950461091606946e-01
106    7.1015247408006466e-01 -8.0000000000000016e-01 -2.5570690991428336e+01  9.9983487030535667e-01
107    7.4999999999999989e-01 -8.0000000000000004e-01 -2.6999999999999996e+01  1.0000000000000002e+00
108    3.0725047859525276e-02 -4.0000000000000024e-01 -1.1999999999999997e+00  9.9702766549641475e-01
109    7.0797258324808085e-02 -4.0000000000000036e-01 -2.6373683205951286e+00  9.9719279519105819e-01
110    1.5090187799856605e-01 -4.0000000000000036e-01 -5.5106773124246198e+00  9.9752305458034529e-01
111    2.7095940314846523e-01 -4.0000000000000052e-01 -9.8170752199975979e+00  9.9801844366427617e-01
112    3.9089780088029064e-01 -4.0000000000000024e-01 -1.4119200092096232e+01  9.9851383274820726e-01
113    5.1071724841289468e-01 -4.0000000000000030e-01 -1.8417058285464041e+01  9.9900922183213814e-01
114    6.3041792261378549e-01 -4.0000000000000008e-01 -2.2710656144242044e+01  9.9950461091606946e-01
115    7.1015247408006443e-01 -4.0000000000000024e-01 -2.5570690991428336e+01  9.9983487030535667e-01
116    7.5000000000000000e-01 -4.0000000000000024e-01 -2.7000000000000000e+01  1.0000000000000002e+00
117    3.0725047859525272e-02 -4.6861172700137100e-16 -1.1999999999999997e+00  9.9702766549641475e-01
118    7.0797258324808099e-02 -4.9172888623691744e-16 -2.6373683205951286e+00  9.9719279519105797e-01
119    1.5090187799856605e-01 -5.4257765975389824e-16 -5.5106773124246207e+00  9.9752305458034518e-01
120    2.7095940314846523e-01 -5.0986254096826740e-16 -9.8170752199975961e+00  9.9801844366427617e-01
121    3.9089780088029075e-01 -4.0768766775667059e-16 -1.4119200092096236e+01  9.9851383274820704e-01
122    5.1071724841289456e-01 -3.1024464466181655e-16 -1.8417058285464044e+01  9.9900922183213803e-01
123    6.3041792261378549e-01 -2.9620621055667728e-16 -2.2710656144242041e+01  9.9950461091606946e-01
124    7.1015247408006443e-01 -3.3774860898148578e-16 -2.5570690991428336e+01  9.9983487030535667e-01
125    7.4999999999999989e-01 -4.0708177569589067e-16 -2.6999999999999993e+01  1.0000000000000002e+00
126    3.0725047859525279e-02  3.9999999999999941e-01 -1.2000000000000000e+00  9.9702766549641453e-01
127    7.0797258324808085e-02  3.9999999999999936e-01 -2.6373683205951286e+00  9.9719279519105797e-01
128    1.5090187799856603e-01  3.9999999999999936e-01 -5.5106773124246207e+00  9.9752305458034518e-01
129    2.7095940314846517e-01  3.9999999999999952e-01 -9.8170752199975961e+00  9.9801844366427606e-01
130    3.9089780088029069e-01  3.9999999999999963e-01 -1.4119200092096234e+01  9.9851383274820704e-01
131    5.1071724841289445e-01  3.9999999999999963e-01 -1.8417058285464044e+01  9.9900922183213803e-01
132    6.3041792261378549e-01  3.9999999999999958e-01 -2.2710656144242048e+01  9.9950461091606924e-01
133    7.1015247408006454e-01  3.9999999999999952e-01 -2.5570690991428332e+01  9.9983487030535645e-01
134    7.5000000000000000e-01  3.9999999999999952e-01 -2.7000000000000000e+01  1.0000000000000000e+00
135    3.0725047859525279e-02  7.9999999999999949e-01 -1.2000000000000000e+00  9.9702766549641453e-01
136    7.0797258324808085e-02  7.9999999999999949e-01 -2.6373683205951286e+00  9.9719279519105797e-01
137    1.5090187799856603e-01  7.9999999999999960e-01 -5.5106773124246207e+00  9.9752305458034518e-01
138    2.7095940314846517e-01  7.9999999999999971e-01 -9.8170752199975961e+00  9.9801844366427606e-01
139    3.9089780088029069e-01  7.9999999999999971e-01 -1.4119200092096236e+01  9.9851383274820704e-01
140    5.1071724841289445e-01  7.9999999999999971e-01 -1.8417058285464044e+01  9.9900922183213803e-01
141    6.3041792261378549e-01  7.9999999999999960e-01 -2.2710656144242048e+01  9.9950461091606924e-01
142    7.1015247408006454e-01  7.9999999999999971e-01 -2.5570690991428332e+01  9.9983487030535645e-01
143    7.5000000000000000e-01  7.9999999999999960e-01 -2.7000000000000000e+01  1.0000000000000000e+00
144    3.0725047859525279e-02  1.0666666666666664e+00 -1.2000000000000000e+00  9.9702766549641453e-01
145    7.0797258324808085e-02  1.0666666666666664e+00 -2.6373683205951286e+00  9.9719279519105797e-01
146    1.5090187799856603e-01  1.0666666666666664e+00 -5.5106773124246207e+00  9.9752305458034518e-01
147    2.7095940314846517e-01  1.0666666666666667e+00 -9.8170752199975961e+00  9.9801844366427606e-01
148    3.9089780088029069e-01  1.0666666666666664e+00 -1.4119200092096234e+01  9.9851383274820704e-01
149    5.1071724841289445e-01  1.0666666666666664e+00 -1.8417058285464044e+01  9.9900922183213803e-01
150    6.3041792261378549e-01  1.0666666666666662e+00 -2.2710656144242048e+01  9.9950461091606924e-01
151    7.1015247408006454e-01  1.0666666666666664e+00 -2.5570690991428332e+01  9.9983487030535645e-01
152    7.5000000000000000e-01  1.0666666666666664e+00 -2.7000000000000000e+01  1.0000000000000000e+00
153    3.0725047859525279e-02  1.2000000000000000e+00 -1.2000000000000000e+00  9.9702766549641453e-01
154    7.0797258324808085e-02  1.2000000000000000e+00 -2.6373683205951286e+00  9.9719279519105797e-01
155    1.5090187799856603e-01  1.2000000000000000e+00 -5.5106773124246207e+00  9.9752305458034518e-01
156    2.7095940314846517e-01  1.2000000000000002e+00 -9.8170752199975961e+00  9.9801844366427606e-01
157    3.9089780088029069e-01  1.2000000000000000e+00 -1.4119200092096234e+01  9.9851383274820704e-01
158    5.1071724841289445e-01  1.2000000000000000e+00 -1.8417058285464044e+01  9.9900922183213803e-01
159    6.3041792261378549e-01  1.1999999999999997e+00 -2.2710656144242048e+01  9.9950461091606924e-01
160    7.1015247408006454e-01  1.2000000000000000e+00 -2.5570690991428332e+01  9.9983487030535645e-01
161    7.5000000000000000e-01  1.2000000000000000e+00 -2.7000000000000000e+01  1.0000000000000000e+00
162    9.2360073964657660e-02 -1.2000000000000000e+00 -1.1976351935892722e+00  9.9207377465710544e-01
163    2.1313305069390445e-01 -1.2000000000000000e+00 -2.6419115840666390e+00  9.9251412050948828e-01
164    4.5435779120426034e-01 -1.2000000000000000e+00 -5.5266231060752533e+00  9.9339481221425441e-01
165    8.1539400254208139e-01 -1.2000000000000004e+00 -9.8441127487424680e+00  9.9471584977140337e-01
166    1.1754725336960943e+00 -1.2000000000000000e+00 -1.4150149871843134e+01  9.9603688732855267e-01
167    1.5345971901150519e+00 -1.2000000000000000e+00 -1.8444779983237851e+01  9.9735792488570185e-01
168    1.8927717571125451e+00 -1.2000000000000000e+00 -2.2728048349998765e+01  9.9867896244285115e-01
169    2.1310288345533666e+00 -1.2000000000000002e+00 -2.5577270759936983e+01  9.9955965414761716e-01
170    2.2499999999999996e+00 -1.2000000000000000e+00 -2.6999999999999996e+01  1.0000000000000002e+00
171    9.2360073964657660e-02 -1.0666666666666667e+00 -1.1976351935892722e+00  9.9207377465710544e-01
172    2.1313305069390445e-01 -1.0666666666666667e+00 -2.6419115840666390e+00  9.9251412050948828e-01
173    4.5435779120426040e-01 -1.0666666666666667e+00 -5.5266231060752533e+00  9.9339481221425441e-01
174    8.1539400254208150e-01 -1.0666666666666669e+00 -9.8441127487424680e+00  9.9471584977140337e-01
175    1.1754725336960943e+00 -1.0666666666666667e+00 -1.4150149871843134e+01  9.9603688732855267e-01
176    1.5345971901150519e+00 -1.0666666666666667e+00 -1.8444779983237851e+01  9.9735792488570185e-01
177    1.8927717571125451e+00 -1.0666666666666664e+00 -2.2728048349998769e+01  9.9867896244285115e-01
178    2.1310288345533666e+00 -1.0666666666666669e+00 -2.5577270759936983e+01  9.9955965414761716e-01
179    2.2499999999999996e+00 -1.0666666666666667e+00 -2.6999999999999996e+01  1.0000000000000002e+00
180    9.2360073964657660e-02 -8.0000000000000004e-01 -1.1976351935892722e+00  9.9207377465710567e-01
181    2.1313305069390442e-01 -8.0000000000000016e-01 -2.6419115840666390e+00  9.9251412050948851e-01
182    4.5435779120426045e-01 -8.0000000000000016e-01 -5.5266231060752524e+00  9.9339481221425452e-01
183    8.1539400254208150e-01 -8.0000000000000038e-01 -9.8441127487424680e+00  9.9471584977140348e-01
184    1.1754725336960943e+00 -8.0000000000000016e-01 -1.4150149871843132e+01  9.9603688732855278e-01
185    1.5345971901150515e+00 -8.0000000000000004e-01 -1.8444779983237851e+01  9.9735792488570207e-01
186    1.8927717571125449e+00 -7.9999999999999993e-01 -2.2728048349998765e+01  9.9867896244285137e-01
187    2.1310288345533661e+00 -8.0000000000000004e-01 -2.5577270759936987e+01  9.9955965414761738e-01
188    2.2499999999999991e+00 -7.9999999999999993e-01 -2.6999999999999996e+01  1.0000000000000004e+00
189    9.2360073964657660e-02 -4.0000000000000030e-01 -1.1976351935892722e+00  9.9207377465710567e-01
190    2.1313305069390445e-01 -4.0000000000000041e-01 -2.6419115840666390e+00  9.9251412050948851e-01
191    4.5435779120426045e-01 -4.0000000000000041e-01 -5.5266231060752524e+00  9.9339481221425452e-01
192    8.1539400254208150e-01 -4.0000000000000052e-01 -9.8441127487424680e+00  9.9471584977140348e-01
193    1.1754725336960943e+00 -4.0000000000000030e-01 -1.4150149871843134e+01  9.9603688732855278e-01
194    1.5345971901150521e+00 -4.0000000000000024e-01 -1.8444779983237854e+01  9.9735792488570196e-01
195    1.8927717571125449e+00 -4.0000000000000008e-01 -2.2728048349998765e+01  9.9867896244285137e-01
196    2.1310288345533661e+00 -4.0000000000000019e-01 -2.5577270759936987e+01  9.9955965414761738e-01
197    2.2499999999999996e+00 -4.0000000000000019e-01 -2.7000000000000000e+01  1.0000000000000004e+00
198    9.2360073964657646e-02 -4.6318024507783150e-16 -1.1976351935892720e+00  9.9207377465710567e-01
199    2.1313305069390448e-01 -4.8472523872735709e-16 -2.6419115840666390e+00  9.9251412050948828e-01
200    4.5435779120426045e-01 -5.2931015323286380e-16 -5.5266231060752533e+00  9.9339481221425441e-01
201    8.1539400254208150e-01 -4.5729948398453007e-16 -9.8441127487424662e+00  9.9471584977140348e-01
202    1.1754725336960943e+00 -3.7464304699471423e-16 -1.4150149871843132e+01  9.9603688732855278e-01
203    1.5345971901150517e+00 -2.9529769550288232e-16 -1.8444779983237851e+01  9.9735792488570196e-01
204    1.8927717571125453e+00 -2.5013061247393088e-16 -2.2728048349998762e+01  9.9867896244285126e-01
205    2.1310288345533661e+00 -2.5762350609849950e-16 -2.5577270759936983e+01  9.9955965414761738e-01
206    2.2499999999999991e+00 -2.9914342607955594e-16 -2.6999999999999993e+01  1.0000000000000004e+00
207    9.2360073964657660e-02  3.9999999999999941e-01 -1.1976351935892722e+00  9.9207377465710544e-01
208    2.1313305069390445e-01  3.9999999999999941e-01 -2.6419115840666390e+00  9.9251412050948828e-01
209    4.5435779120426040e-01  3.9999999999999936e-01 -5.5266231060752533e+00  9.9339481221425441e-01
210    8.1539400254208150e-01  3.9999999999999952e-01 -9.8441127487424680e+00  9.9471584977140337e-01
211    1.1754725336960943e+00  3.9999999999999963e-01 -1.4150149871843134e+01  9.9603688732855267e-01
212    1.5345971901150519e+00  3.9999999999999969e-01 -1.8444779983237851e+01  9.9735792488570185e-01
213    1.8927717571125451e+00  3.9999999999999969e-01 -2.2728048349998765e+01  9.9867896244285115e-01
214    2.1310288345533666e+00  3.9999999999999969e-01 -2.5577270759936983e+01  9.9955965414761716e-01
215    2.2499999999999996e+00  3.9999999999999958e-01 -2.6999999999999996e+01  1.0000000000000002e+00
216    9.2360073964657660e-02  7.9999999999999949e-01 -1.1976351935892722e+00  9.9207377465710544e-01
217    2.1313305069390445e-01  7.9999999999999949e-01 -2.6419115840666390e+00  9.9251412050948828e-01
218    4.5435779120426040e-01  7.9999999999999960e-01 -5.5266231060752533e+00  9.9339481221425430e-01
219    8.1539400254208139e-01  7.9999999999999982e-01 -9.8441127487424680e+00  9.9471584977140337e-01
220    1.1754725336960943e+00  7.9999999999999971e-01 -1.4150149871843134e+01  9.9603688732855267e-01
221    1.5345971901150519e+00  7.9999999999999971e-01 -1.8444779983237851e+01  9.9735792488570185e-01
222    1.8927717571125451e+00  7.9999999999999960e-01 -2.2728048349998765e+01  9.9867896244285115e-01
223    2.1310288345533666e+00  7.9999999999999971e-01 -2.5577270759936983e+01  9.9955965414761716e-01
224    2.2499999999999996e+00  7.9999999999999949e-01 -2.6999999999999996e+01  1.0000000000000002e+00
225    9.2360073964657660e-02  1.0666666666666664e+00 -1.1976351935892722e+00  9.9207377465710544e-01
226    2.1313305069390445e-01  1.0666666666666664e+00 -2.6419115840666390e+00  9.9251412050948828e-01
227    4.5435779120426034e-01  1.0666666666666664e+00 -5.5266231060752533e+00  9.9339481221425441e-01
228    8.1539400254208128e-01  1.0666666666666664e+00 -9.8441127487424662e+00  9.9471584977140348e-01
229    1.1754725336960943e+00  1.0666666666666664e+00 -1.4150149871843134e+01  9.9603688732855267e-01
230    1.5345971901150519e+00  1.0666666666666667e+00 -1.8444779983237851e+01  9.9735792488570185e-01
231    1.8927717571125451e+00  1.0666666666666662e+00 -2.2728048349998765e+01  9.9867896244285115e-01
232    2.1310288345533666e+00  1.0666666666666667e+00 -2.5577270759936983e+01  9.9955965414761716e-01
233    2.2499999999999996e+00  1.0666666666666664e+00 -2.6999999999999996e+01  1.0000000000000002e+00
234    9.2360073964657660e-02  1.2000000000000000e+00 -1.1976351935892722e+00  9.9207377465710544e-01
235    2.1313305069390445e-01  1.2000000000000000e+00 -2.6419115840666390e+00  9.9251412050948828e-01
236    4.5435779120426034e-01  1.2000000000000000e+00 -5.5266231060752533e+00  9.9339481221425441e-01
237    8.1539400254208139e-01  1.2000000000000004e+00 -9.8441127487424680e+00  9.9471584977140337e-01
238    1.1754725336960943e+00  1.2000000000000000e+00 -1.4150149871843134e+01  9.9603688732855267e-01
239    1.5345971901150519e+00  1.2000000000000000e+00 -1.8444779983237851e+01  9.9735792488570185e-01
240    1.8927717571125451e+00  1.2000000000000000e+00 -2.2728048349998765e+01  9.9867896244285115e-01
241    2.1310288345533666e+00  1.2000000000000002e+00 -2.5577270759936983e+01  9.9955965414761716e-01
242    2.2499999999999996e+00  1.2000000000000000e+00 -2.6999999999999996e+01  1.0000000000000002e+00
243    1.8458599807754819e-01 -1.2000000000000000e+00 -1.1869348483399609e+00  9.8761527290172724e-01
244    4.2716863349283829e-01 -1.2000000000000000e+00 -2.6379662835271138e+00  9.8830331329607557e-01
245    9.1132202116329131e-01 -1.2000000000000004e+00 -5.5339764771648241e+00  9.8967939408477246e-01
246    1.6350329249583315e+00 -1.2000000000000004e+00 -9.8629230631252742e+00  9.9174351526781790e-01
247    2.3557375588231877e+00 -1.2000000000000000e+00 -1.4173887355489622e+01  9.9380763645086367e-01
248    3.0734546158437839e+00 -1.2000000000000002e+00 -1.8466981168754604e+01  9.9587175763390923e-01
249    3.7882026344476314e+00 -1.1999999999999997e+00 -2.2742315392312744e+01  9.9793587881695489e-01
250    4.2630609331736586e+00 -1.2000000000000002e+00 -2.5582726114751161e+01  9.9931195960565178e-01
251    4.4999999999999991e+00 -1.2000000000000000e+00 -2.7000000000000000e+01  1.0000000000000002e+00
252    1.8458599807754819e-01 -1.0666666666666667e+00 -1.1869348483399609e+00  9.8761527290172724e-01
253    4.2716863349283829e-01 -1.0666666666666667e+00 -2.6379662835271143e+00  9.8830331329607557e-01
254    9.1132202116329153e-01 -1.0666666666666669e+00 -5.5339764771648241e+00  9.8967939408477246e-01
255    1.6350329249583317e+00 -1.0666666666666671e+00 -9.8629230631252742e+00  9.9174351526781790e-01
256    2.3557375588231877e+00 -1.0666666666666667e+00 -1.4173887355489622e+01  9.9380763645086367e-01
257    3.0734546158437839e+00 -1.0666666666666667e+00 -1.8466981168754604e+01  9.9587175763390923e-01
258    3.7882026344476314e+00 -1.0666666666666664e+00 -2.2742315392312744e+01  9.9793587881695489e-01
259    4.2630609331736586e+00 -1.0666666666666667e+00 -2.5582726114751161e+01  9.9931195960565178e-01
260    4.4999999999999991e+00 -1.0666666666666667e+00 -2.7000000000000000e+01  1.0000000000000002e+00
261    1.8458599807754822e-01 -8.0000000000000016e-01 -1.1869348483399611e+00  9.8761527290172735e-01
262    4.2716863349283829e-01 -8.0000000000000038e-01 -2.6379662835271143e+00  9.8830331329607557e-01
263    9.1132202116329131e-01 -8.0000000000000016e-01 -5.5339764771648232e+00  9.8967939408477268e-01
264    1.6350329249583315e+00 -8.0000000000000027e-01 -9.8629230631252760e+00  9.9174351526781812e-01
265    2.3557375588231877e+00 -8.0000000000000027e-01 -1.4173887355489624e+01  9.9380763645086367e-01
266    3.0734546158437839e+00 -8.0000000000000004e-01 -1.8466981168754604e+01  9.9587175763390945e-01
267    3.7882026344476318e+00 -7.9999999999999993e-01 -2.2742315392312751e+01  9.9793587881695500e-01
268    4.2630609331736578e+00 -8.0000000000000016e-01 -2.5582726114751157e+01  9.9931195960565189e-01
269    4.4999999999999991e+00 -8.0000000000000016e-01 -2.7000000000000000e+01  1.0000000000000002e+00
270    1.8458599807754822e-01 -4.0000000000000024e-01 -1.1869348483399607e+00  9.8761527290172746e-01
271    4.2716863349283835e-01 -4.0000000000000041e-01 -2.6379662835271138e+00  9.8830331329607557e-01
272    9.1132202116329153e-01 -4.0000000000000047e-01 -5.5339764771648241e+00  9.8967939408477246e-01
273    1.6350329249583315e+00 -4.0000000000000047e-01 -9.8629230631252724e+00  9.9174351526781812e-01
274    2.3557375588231877e+00 -4.0000000000000036e-01 -1.4173887355489626e+01  9.9380763645086367e-01
275    3.0734546158437848e+00 -4.0000000000000030e-01 -1.8466981168754611e+01  9.9587175763390923e-01
276    3.7882026344476318e+00 -4.0000000000000019e-01 -2.2742315392312751e+01  9.9793587881695500e-01
277    4.2630609331736578e+00 -4.0000000000000024e-01 -2.5582726114751157e+01  9.9931195960565189e-01
278    4.5000000000000009e+00 -4.0000000000000019e-01 -2.7000000000000000e+01  1.0000000000000002e+00
279    1.8458599807754816e-01 -4.5824532345207401e-16 -1.1869348483399609e+00  9.8761527290172735e-01
280    4.2716863349283835e-01 -4.9069104447763712e-16 -2.6379662835271143e+00  9.8830331329607557e-01
281    9.1132202116329142e-01 -5.3051824176642435e-16 -5.5339764771648241e+00  9.8967939408477246e-01
282    1.6350329249583313e+00 -4.5633782647406049e-16 -9.8629230631252724e+00  9.9174351526781812e-01
283    2.3557375588231877e+00 -4.0263615121835255e-16 -1.4173887355489622e+01  9.9380763645086367e-01
284    3.0734546158437848e+00 -3.3444758808993669e-16 -1.8466981168754604e+01  9.9587175763390923e-01
285    3.7882026344476318e+00 -2.4490878446978138e-16 -2.2742315392312744e+01  9.9793587881695489e-01
286    4.2630609331736586e+00 -1.9750887624067935e-16 -2.5582726114751161e+01  9.9931195960565178e-01
287    4.4999999999999991e+00 -2.0199891142485487e-16 -2.7000000000000000e+01  1.0000000000000002e+00
288    1.8458599807754819e-01  3.9999999999999936e-01 -1.1869348483399609e+00  9.8761527290172724e-01
289    4.2716863349283829e-01  3.9999999999999936e-01 -2.6379662835271138e+00  9.8830331329607557e-01
290    9.1132202116329142e-01  3.9999999999999941e-01 -5.5339764771648241e+00  9.8967939408477246e-01
291    1.6350329249583317e+00  3.9999999999999958e-01 -9.8629230631252742e+00  9.9174351526781790e-01
292    2.3557375588231877e+00  3.9999999999999952e-01 -1.4173887355489622e+01  9.9380763645086367e-01
293    3.0734546158437839e+00  3.9999999999999958e-01 -1.8466981168754604e+01  9.9587175763390923e-01
294    3.7882026344476314e+00  3.9999999999999963e-01 -2.2742315392312744e+01  9.9793587881695489e-01
295    4.2630609331736586e+00  3.9999999999999969e-01 -2.5582726114751161e+01  9.9931195960565178e-01
296    4.4999999999999991e+00  3.9999999999999969e-01 -2.7000000000000000e+01  1.0000000000000002e+00
297    1.8458599807754819e-01  7.9999999999999949e-01 -1.1869348483399609e+00  9.8761527290172724e-01
298    4.2716863349283829e-01  7.9999999999999971e-01 -2.6379662835271138e+00  9.8830331329607557e-01
299    9.1132202116329131e-01  7.9999999999999949e-01 -5.5339764771648241e+00  9.8967939408477246e-01
300    1.6350329249583315e+00  7.9999999999999982e-01 -9.8629230631252742e+00  9.9174351526781790e-01
301    2.3557375588231872e+00  7.9999999999999960e-01 -1.4173887355489622e+01  9.9380763645086367e-01
302    3.0734546158437839e+00  7.9999999999999971e-01 -1.8466981168754604e+01  9.9587175763390923e-01
303    3.7882026344476314e+00  7.9999999999999971e-01 -2.2742315392312744e+01  9.9793587881695489e-01
304    4.2630609331736586e+00  7.9999999999999971e-01 -2.5582726114751161e+01  9.9931195960565178e-01
305    4.4999999999999991e+00  7.9999999999999960e-01 -2.7000000000000000e+01  1.0000000000000002e+00
306    1.8458599807754819e-01  1.0666666666666664e+00 -1.1869348483399609e+00  9.8761527290172724e-01
307    4.2716863349283829e-01  1.0666666666666664e+00 -2.6379662835271138e+00  9.8830331329607557e-01
308    9.1132202116329131e-01  1.0666666666666667e+00 -5.5339764771648241e+00  9.8967939408477246e-01
309    1.6350329249583311e+00  1.0666666666666664e+00 -9.8629230631252724e+00  9.9174351526781812e-01
310    2.3557375588231877e+00  1.0666666666666664e+00 -1.4173887355489622e+01  9.9380763645086367e-01
311    3.0734546158437839e+00  1.0666666666666667e+00 -1.8466981168754604e+01  9.9587175763390923e-01
312    3.7882026344476314e+00  1.0666666666666664e+00 -2.2742315392312744e+01  9.9793587881695489e-01
313    4.2630609331736586e+00  1.0666666666666664e+00 -2.5582726114751161e+01  9.9931195960565178e-01
314    4.4999999999999991e+00  1.0666666666666664e+00 -2.7000000000000000e+01  1.0000000000000002e+00
315    1.8458599807754819e-01  1.2000000000000000e+00 -1.1869348483399609e+00  9.8761527290172724e-01
316    4.2716863349283829e-01  1.2000000000000000e+00 -2.6379662835271138e+00  9.8830331329607557e-01
317    9.1132202116329131e-01  1.2000000000000004e+00 -5.5339764771648241e+00  9.8967939408477246e-01
318    1.6350329249583315e+00  1.2000000000000004e+00 -9.8629230631252742e+00  9.9174351526781790e-01
319    2.3557375588231877e+00  1.2000000000000000e+00 -1.4173887355489622e+01  9.9380763645086367e-01
320    3.0734546158437839e+00  1.2000000000000002e+00 -1.8466981168754604e+01  9.9587175763390923e-01
321    3.7882026344476314e+00  1.1999999999999997e+00 -2.2742315392312744e+01  9.9793587881695489e-01
322    4.2630609331736586e+00  1.2000000000000002e+00 -2.5582726114751161e+01  9.9931195960565178e-01
323    4.4999999999999991e+00  1.2000000000000000e+00 -2.7000000000000000e+01  1.0000000000000002e+00
324    2.7598050795351320e-01 -1.2000000000000000e+00 -1.1690721921560046e+00  9.8612910564993439e-01
325    6.4042255367384282e-01 -1.2000000000000000e+00 -2.6231728763924385e+00  9.8689971089160444e-01
326    1.3676018940587089e+00 -1.2000000000000000e+00 -5.5245723961055635e+00  9.8844092137494521e-01
327    2.4541289162693514e+00 -1.2000000000000000e+00 -9.8597464107149850e+00  9.9075273709995615e-01
328    3.5355971530295411e+00 -1.2000000000000000e+00 -1.4174736191723234e+01  9.9306455282496708e-01
329    4.6120418522518944e+00 -1.1999999999999995e+00 -1.8469682376069585e+01  9.9537636854997835e-01
330    5.6834979351470434e+00 -1.2000000000000000e+00 -2.2744724297173082e+01  9.9768818427498918e-01
331    6.3950476356445938e+00 -1.2000000000000002e+00 -2.5583762543478262e+01  9.9922939475832973e-01
332    6.7499999999999982e+00 -1.2000000000000000e+00 -2.6999999999999993e+01  1.0000000000000002e+00
333    2.7598050795351325e-01 -1.0666666666666667e+00 -1.1690721921560046e+00  9.8612910564993439e-01
334    6.4042255367384260e-01 -1.0666666666666667e+00 -2.6231728763924380e+00  9.8689971089160466e-01
335    1.3676018940587089e+00 -1.0666666666666667e+00 -5.5245723961055635e+00  9.8844092137494521e-01
336    2.4541289162693523e+00 -1.0666666666666667e+00 -9.8597464107149850e+00  9.9075273709995615e-01
337    3.5355971530295411e+00 -1.0666666666666669e+00 -1.4174736191723234e+01  9.9306455282496708e-01
338    4.6120418522518944e+00 -1.0666666666666664e+00 -1.8469682376069585e+01  9.9537636854997835e-01
339    5.6834979351470425e+00 -1.0666666666666664e+00 -2.2744724297173075e+01  9.9768818427498940e-01
340    6.3950476356445920e+00 -1.0666666666666667e+00 -2.5583762543478265e+01  9.9922939475832995e-01
341    6.7499999999999982e+00 -1.0666666666666664e+00 -2.6999999999999993e+01  1.0000000000000002e+00
342    2.7598050795351320e-01 -7.9999999999999993e-01 -1.1690721921560048e+00  9.8612910564993461e-01
343    6.4042255367384260e-01 -8.0000000000000027e-01 -2.6231728763924389e+00  9.8689971089160466e-01
344    1.3676018940587087e+00 -8.0000000000000016e-01 -5.5245723961055653e+00  9.8844092137494532e-01
345    2.4541289162693518e+00 -8.0000000000000027e-01 -9.8597464107149850e+00  9.9075273709995626e-01
346    3.5355971530295411e+00 -8.0000000000000016e-01 -1.4174736191723232e+01  9.9306455282496731e-01
347    4.6120418522518944e+00 -8.0000000000000016e-01 -1.8469682376069589e+01  9.9537636854997835e-01
348    5.6834979351470434e+00 -8.0000000000000004e-01 -2.2744724297173082e+01  9.9768818427498940e-01
349    6.3950476356445920e+00 -8.0000000000000016e-01 -2.5583762543478265e+01  9.9922939475832995e-01
350    6.7499999999999973e+00 -7.9999999999999982e-01 -2.6999999999999996e+01  1.0000000000000004e+00
351    2.7598050795351325e-01 -4.0000000000000024e-01 -1.1690721921560048e+00  9.8612910564993461e-01
352    6.4042255367384260e-01 -4.0000000000000047e-01 -2.6231728763924380e+00  9.8689971089160466e-01
353    1.3676018940587089e+00 -4.0000000000000047e-01 -5.5245723961055644e+00  9.8844092137494521e-01
354    2.4541289162693518e+00 -4.0000000000000047e-01 -9.8597464107149850e+00  9.9075273709995626e-01
355    3.5355971530295403e+00 -4.0000000000000036e-01 -1.4174736191723234e+01  9.9306455282496731e-01
356    4.6120418522518953e+00 -4.0000000000000036e-01 -1.8469682376069589e+01  9.9537636854997835e-01
357    5.6834979351470434e+00 -4.0000000000000019e-01 -2.2744724297173079e+01  9.9768818427498940e-01
358    6.3950476356445911e+00 -4.0000000000000019e-01 -2.5583762543478262e+01  9.9922939475833006e-01
359    6.7499999999999991e+00 -4.0000000000000008e-01 -2.6999999999999996e+01  1.0000000000000004e+00
360    2.7598050795351314e-01 -4.5659043320262885e-16 -1.1690721921560046e+00  9.8612910564993461e-01
361    6.4042255367384271e-01 -5.0310725877765914e-16 -2.6231728763924380e+00  9.8689971089160455e-01
362    1.3676018940587089e+00 -5.3820299672156567e-16 -5.5245723961055635e+00  9.8844092137494521e-01
363    2.4541289162693514e+00 -4.9648157461132670e-16 -9.8597464107149833e+00  9.9075273709995626e-01
364    3.5355971530295407e+00 -4.6582362205076411e-16 -1.4174736191723232e+01  9.9306455282496719e-01
365    4.6120418522518944e+00 -4.0432529758858919e-16 -1.8469682376069585e+01  9.9537636854997835e-01
366    5.6834979351470434e+00 -2.8438109854416134e-16 -2.2744724297173075e+01  9.9768818427498940e-01
367    6.3950476356445920e+00 -1.9289569932330607e-16 -2.5583762543478262e+01  9.9922939475832995e-01
368    6.7499999999999973e+00 -1.6961740653995444e-16 -2.6999999999999989e+01  1.0000000000000004e+00
369    2.7598050795351320e-01  3.9999999999999941e-01 -1.1690721921560046e+00  9.8612910564993439e-01
370    6.4042255367384282e-01  3.9999999999999947e-01 -2.6231728763924385e+00  9.8689971089160444e-01
371    1.3676018940587089e+00  3.9999999999999941e-01 -5.5245723961055635e+00  9.8844092137494521e-01
372    2.4541289162693523e+00  3.9999999999999958e-01 -9.8597464107149868e+00  9.9075273709995604e-01
373    3.5355971530295411e+00  3.9999999999999958e-01 -1.4174736191723234e+01  9.9306455282496708e-01
374    4.6120418522518944e+00  3.9999999999999958e-01 -1.8469682376069585e+01  9.9537636854997835e-01
375    5.6834979351470425e+00  3.9999999999999963e-01 -2.2744724297173075e+01  9.9768818427498940e-01
376    6.3950476356445920e+00  3.9999999999999969e-01 -2.5583762543478265e+01  9.9922939475832995e-01
377    6.7499999999999982e+00  3.9999999999999980e-01 -2.6999999999999993e+01  1.0000000000000002e+00
378    2.7598050795351320e-01  7.9999999999999949e-01 -1.1690721921560046e+00  9.8612910564993439e-01
379    6.4042255367384282e-01  7.9999999999999971e-01 -2.6231728763924385e+00  9.8689971089160444e-01
380    1.3676018940587091e+00  7.9999999999999960e-01 -5.5245723961055644e+00  9.8844092137494510e-01
381    2.4541289162693514e+00  7.9999999999999960e-01 -9.8597464107149850e+00  9.9075273709995615e-01
382    3.5355971530295411e+00  7.9999999999999960e-01 -1.4174736191723234e+01  9.9306455282496708e-01
383    4.6120418522518944e+00  7.9999999999999960e-01 -1.8469682376069585e+01  9.9537636854997835e-01
384    5.6834979351470434e+00  7.9999999999999971e-01 -2.2744724297173082e+01  9.9768818427498918e-01
385    6.3950476356445938e+00  7.9999999999999982e-01 -2.5583762543478262e+01  9.9922939475832973e-01
386    6.7499999999999982e+00  7.9999999999999960e-01 -2.6999999999999993e+01  1.0000000000000002e+00
387    2.7598050795351320e-01  1.0666666666666664e+00 -1.1690721921560046e+00  9.8612910564993439e-01
388    6.4042255367384282e-01  1.0666666666666669e+00 -2.6231728763924385e+00  9.8689971089160444e-01
389    1.3676018940587089e+00  1.0666666666666664e+00 -5.5245723961055635e+00  9.8844092137494521e-01
390    2.4541289162693514e+00  1.0666666666666664e+00 -9.8597464107149850e+00  9.9075273709995615e-01
391    3.5355971530295411e+00  1.0666666666666667e+00 -1.4174736191723234e+01  9.9306455282496708e-01
392    4.6120418522518944e+00  1.0666666666666662e+00 -1.8469682376069585e+01  9.9537636854997835e-01
393    5.6834979351470434e+00  1.0666666666666664e+00 -2.2744724297173082e+01  9.9768818427498918e-01
394    6.3950476356445920e+00  1.0666666666666667e+00 -2.5583762543478258e+01  9.9922939475832995e-01
395    6.7499999999999982e+00  1.0666666666666664e+00 -2.6999999999999993e+01  1.0000000000000002e+00
396    2.7598050795351320e-01  1.2000000000000000e+00 -1.1690721921560046e+00  9.8612910564993439e-01
397    6.4042255367384282e-01  1.2000000000000000e+00 -2.6231728763924385e+00  9.8689971089160444e-01
398    1.3676018940587089e+00  1.2000000000000000e+00 -5.5245723961055635e+00  9.8844092137494521e-01
399    2.4541289162693514e+00  1.2000000000000000e+00 -9.8597464107149850e+00  9.9075273709995615e-01
400    3.5355971530295411e+00  1.2000000000000000e+00 -1.4174736191723234e+01  9.9306455282496708e-01
401    4.6120418522518944e+00  1.1999999999999995e+00 -1.8469682376069585e+01  9.9537636854997835e-01
402    5.6834979351470434e+00  1.2000000000000000e+00 -2.2744724297173082e+01  9.9768818427498918e-01
403    6.3950476356445938e+00  1.2000000000000002e+00 -2.5583762543478262e+01  9.9922939475832973e-01
404    6.7499999999999982e+00  1.2000000000000000e+00 -2.6999999999999993e+01  1.0000000000000002e+00
405    3.6571466539189351e-01 -1.1999999999999997e+00 -1.1441761701798323e+00  9.8761527290172713e-01
406    8.5107428337147595e-01 -1.2000000000000000e+00 -2.5976112015990815e+00  9.8830331329607546e-01
407    1.8197689423315562e+00 -1.2000000000000000e+00 -5.4984185615977266e+00  9.8967939408477246e-01
408    3.2677705570896713e+00 -1.2000000000000002e+00 -9.8345359361783586e+00  9.9174351526781790e-01
409    4.7097572234886034e+00 -1.2000000000000000e+00 -1.4152641229956302e+01  9.9380763645086345e-01
410    6.1457663426763265e+00 -1.1999999999999997e+00 -1.8452846442646116e+01  9.9587175763390912e-01
411    7.5758350063600828e+00 -1.1999999999999997e+00 -2.2735262647325758e+01  9.9793587881695456e-01
412    8.5259320405914618e+00 -1.2000000000000002e+00 -2.5580378437031836e+01  9.9931195960565145e-01
413    9.0000000000000000e+00 -1.2000000000000000e+00 -2.7000000000000000e+01  1.0000000000000000e+00
414    3.6571466539189351e-01 -1.0666666666666664e+00 -1.1441761701798323e+00  9.8761527290172713e-01
415    8.5107428337147595e-01 -1.0666666666666669e+00 -2.5976112015990820e+00  9.8830331329607546e-01
416    1.8197689423315562e+00 -1.0666666666666667e+00 -5.4984185615977266e+00  9.8967939408477246e-01
417    3.2677705570896713e+00 -1.0666666666666669e+00 -9.8345359361783586e+00  9.9174351526781790e-01
418    4.7097572234886034e+00 -1.0666666666666667e+00 -1.4152641229956302e+01  9.9380763645086345e-01
419    6.1457663426763265e+00 -1.0666666666666664e+00 -1.8452846442646116e+01  9.9587175763390912e-01
420    7.5758350063600828e+00 -1.0666666666666667e+00 -2.2735262647325758e+01  9.9793587881695456e-01
421    8.5259320405914600e+00 -1.0666666666666667e+00 -2.5580378437031833e+01  9.9931195960565167e-01
422    9.0000000000000000e+00 -1.0666666666666667e+00 -2.7000000000000000e+01  1.0000000000000000e+00
423    3.6571466539189351e-01 -8.0000000000000004e-01 -1.1441761701798321e+00  9.8761527290172724e-01
424    8.5107428337147595e-01 -8.0000000000000027e-01 -2.5976112015990815e+00  9.8830331329607557e-01
425    1.8197689423315559e+00 -8.0000000000000027e-01 -5.4984185615977275e+00  9.8967939408477257e-01
426    3.2677705570896709e+00 -8.0000000000000038e-01 -9.8345359361783586e+00  9.9174351526781801e-01
427    4.7097572234886034e+00 -8.0000000000000016e-01 -1.4152641229956298e+01  9.9380763645086367e-01
428    6.1457663426763265e+00 -8.0000000000000004e-01 -1.8452846442646116e+01  9.9587175763390923e-01
429    7.5758350063600828e+00 -8.0000000000000016e-01 -2.2735262647325758e+01  9.9793587881695467e-01
430    8.5259320405914618e+00 -8.0000000000000016e-01 -2.5580378437031833e+01  9.9931195960565167e-01
431    8.9999999999999982e+00 -8.0000000000000004e-01 -2.6999999999999996e+01  1.0000000000000002e+00
432    3.6571466539189351e-01 -4.0000000000000013e-01 -1.1441761701798321e+00  9.8761527290172724e-01
433    8.5107428337147595e-01 -4.0000000000000047e-01 -2.5976112015990815e+00  9.8830331329607557e-01
434    1.8197689423315564e+00 -4.0000000000000041e-01 -5.4984185615977275e+00  9.8967939408477246e-01
435    3.2677705570896709e+00 -4.0000000000000052e-01 -9.8345359361783586e+00  9.9174351526781801e-01
436    4.7097572234886034e+00 -4.0000000000000047e-01 -1.4152641229956302e+01  9.9380763645086356e-01
437    6.1457663426763265e+00 -4.0000000000000036e-01 -1.8452846442646116e+01  9.9587175763390923e-01
438    7.5758350063600819e+00 -4.0000000000000024e-01 -2.2735262647325754e+01  9.9793587881695478e-01
439    8.5259320405914618e+00 -4.0000000000000013e-01 -2.5580378437031833e+01  9.9931195960565178e-01
440    9.0000000000000000e+00 -4.0000000000000002e-01 -2.7000000000000000e+01  1.0000000000000002e+00
441    3.6571466539189346e-01 -4.5824532345207391e-16 -1.1441761701798321e+00  9.8761527290172724e-01
442    8.5107428337147606e-01 -5.1175409408160570e-16 -2.5976112015990820e+00  9.8830331329607546e-01
443    1.8197689423315559e+00 -5.3752949606289686e-16 -5.4984185615977266e+00  9.8967939408477257e-01
444    3.2677705570896709e+00 -5.4029776729041241e-16 -9.8345359361783586e+00  9.9174351526781801e-01
445    4.7097572234886025e+00 -5.2133235764688423e-16 -1.4152641229956298e+01  9.9380763645086367e-01
446    6.1457663426763256e+00 -4.7380074979407702e-16 -1.8452846442646113e+01  9.9587175763390923e-01
447    7.5758350063600828e+00 -3.4920747817142335e-16 -2.2735262647325754e+01  9.9793587881695467e-01
448    8.5259320405914618e+00 -2.3917090482269758e-16 -2.5580378437031833e+01  9.9931195960565167e-01
449    8.9999999999999982e+00 -2.0199891142485479e-16 -2.6999999999999993e+01  1.0000000000000002e+00
450    3.6571466539189351e-01  3.9999999999999941e-01 -1.1441761701798323e+00  9.8761527290172713e-01
451    8.5107428337147595e-01  3.9999999999999941e-01 -2.5976112015990815e+00  9.8830331329607546e-01
452    1.8197689423315562e+00  3.9999999999999936e-01 -5.4984185615977266e+00  9.8967939408477246e-01
453    3.2677705570896718e+00  3.9999999999999947e-01 -9.8345359361783604e+00  9.9174351526781779e-01
454    4.7097572234886034e+00  3.9999999999999941e-01 -1.4152641229956302e+01  9.9380763645086345e-01
455    6.1457663426763265e+00  3.9999999999999947e-01 -1.8452846442646116e+01  9.9587175763390912e-01
456    7.5758350063600819e+00  3.9999999999999963e-01 -2.2735262647325758e+01  9.9793587881695456e-01
457    8.5259320405914600e+00  3.9999999999999963e-01 -2.5580378437031836e+01  9.9931195960565167e-01
458    9.0000000000000000e+00  3.9999999999999974e-01 -2.7000000000000000e+01  1.0000000000000000e+00
459    3.6571466539189351e-01  7.9999999999999949e-01 -1.1441761701798323e+00  9.8761527290172713e-01
460    8.5107428337147595e-01  7.9999999999999960e-01 -2.5976112015990815e+00  9.8830331329607546e-01
461    1.8197689423315562e+00  7.9999999999999949e-01 -5.4984185615977266e+00  9.8967939408477246e-01
462    3.2677705570896713e+00  7.9999999999999971e-01 -9.8345359361783586e+00  9.9174351526781790e-01
463    4.7097572234886034e+00  7.9999999999999949e-01 -1.4152641229956302e+01  9.9380763645086345e-01
464    6.1457663426763265e+00  7.9999999999999949e-01 -1.8452846442646116e+01  9.9587175763390912e-01
465    7.5758350063600828e+00  7.9999999999999960e-01 -2.2735262647325758e+01  9.9793587881695456e-01
466    8.5259320405914618e+00  7.9999999999999982e-01 -2.5580378437031836e+01  9.9931195960565145e-01
467    9.0000000000000000e+00  7.9999999999999982e-01 -2.7000000000000000e+01  1.0000000000000000e+00
468    3.6571466539189351e-01  1.0666666666666662e+00 -1.1441761701798323e+00  9.8761527290172713e-01
469    8.5107428337147595e-01  1.0666666666666664e+00 -2.5976112015990815e+00  9.8830331329607546e-01
470    1.8197689423315562e+00  1.0666666666666664e+00 -5.4984185615977266e+00  9.8967939408477246e-01
471    3.2677705570896713e+00  1.0666666666666667e+00 -9.8345359361783586e+00  9.9174351526781790e-01
472    4.7097572234886034e+00  1.0666666666666664e+00 -1.4152641229956302e+01  9.9380763645086345e-01
473    6.1457663426763265e+00  1.0666666666666662e+00 -1.8452846442646116e+01  9.9587175763390912e-01
474    7.5758350063600828e+00  1.0666666666666664e+00 -2.2735262647325758e+01  9.9793587881695456e-01
475    8.5259320405914600e+00  1.0666666666666664e+00 -2.5580378437031833e+01  9.9931195960565167e-01
476    9.0000000000000000e+00  1.0666666666666664e+00 -2.7000000000000000e+01  1.0000000000000000e+00
477    3.6571466539189351e-01  1.1999999999999997e+00 -1.1441761701798323e+00  9.8761527290172713e-01
478    8.5107428337147595e-01  1.2000000000000000e+00 -2.5976112015990815e+00  9.8830331329607546e-01
479    1.8197689423315562e+00  1.2000000000000000e+00 -5.4984185615977266e+00  9.8967939408477246e-01
480    3.2677705570896713e+00  1.2000000000000002e+00 -9.8345359361783586e+00  9.9174351526781790e-01
481    4.7097572234886034e+00  1.2000000000000000e+00 -1.4152641229956302e+01  9.9380763645086345e-01
482    6.1457663426763265e+00  1.1999999999999997e+00 -1.8452846442646116e+01  9.9587175763390912e-01
483    7.5758350063600828e+00  1.1999999999999997e+00 -2.2735262647325758e+01  9.9793587881695456e-01
484    8.5259320405914618e+00  1.2000000000000002e+00 -2.5580378437031836e+01  9.9931195960565145e-01
485    9.0000000000000000e+00  1.2000000000000000e+00 -2.7000000000000000e+01  1.0000000000000000e+00
486    4.5298937950559304e-01 -1.1999999999999997e+00 -1.1125021628030716e+00  9.9207377465710533e-01
487    1.0573474545855590e+00 -1.2000000000000000e+00 -2.5615438384524283e+00  9.9251412050948828e-01
488    2.2644562282918792e+00 -1.2000000000000000e+00 -5.4557732568498043e+00  9.9339481221425441e-01
489    4.0711116211406200e+00 -1.2000000000000000e+00 -9.7875081433706761e+00  9.9471584977140348e-01
490    5.8729747022644823e+00 -1.2000000000000000e+00 -1.4107752723567543e+01  9.9603688732855267e-01
491    7.6700645144472492e+00 -1.1999999999999997e+00 -1.8416552655450886e+01  9.9735792488570174e-01
492    9.4623999997146750e+00 -1.2000000000000000e+00 -2.2713953355448265e+01  9.9867896244285093e-01
493    1.0654658339253009e+01 -1.2000000000000002e+00 -2.5572576568024605e+01  9.9955965414761694e-01
494    1.1250000000000000e+01 -1.2000000000000000e+00 -2.7000000000000000e+01  1.0000000000000000e+00
495    4.5298937950559309e-01 -1.0666666666666667e+00 -1.1125021628030716e+00  9.9207377465710533e-01
496    1.0573474545855590e+00 -1.0666666666666667e+00 -2.5615438384524283e+00  9.9251412050948828e-01
497    2.2644562282918796e+00 -1.0666666666666667e+00 -5.4557732568498043e+00  9.9339481221425441e-01
498    4.0711116211406209e+00 -1.0666666666666669e+00 -9.7875081433706761e+00  9.9471584977140348e-01
499    5.8729747022644823e+00 -1.0666666666666667e+00 -1.4107752723567543e+01  9.9603688732855267e-01
500    7.6700645144472492e+00 -1.0666666666666667e+00 -1.8416552655450886e+01  9.9735792488570174e-01
501    9.4623999997146750e+00 -1.0666666666666664e+00 -2.2713953355448265e+01  9.9867896244285093e-01
502    1.0654658339253007e+01 -1.0666666666666664e+00 -2.5572576568024601e+01  9.9955965414761705e-01
503    1.1250000000000000e+01 -1.0666666666666667e+00 -2.7000000000000000e+01  1.0000000000000000e+00
504    4.5298937950559304e-01 -8.0000000000000004e-01 -1.1125021628030716e+00  9.9207377465710556e-01
505    1.0573474545855590e+00 -8.0000000000000016e-01 -2.5615438384524278e+00  9.9251412050948851e-01
506    2.2644562282918792e+00 -8.0000000000000016e-01 -5.4557732568498025e+00  9.9339481221425463e-01
507    4.0711116211406200e+00 -8.0000000000000027e-01 -9.7875081433706743e+00  9.9471584977140370e-01
508    5.8729747022644814e+00 -8.0000000000000016e-01 -1.4107752723567545e+01  9.9603688732855278e-01
509    7.6700645144472501e+00 -8.0000000000000016e-01 -1.8416552655450893e+01  9.9735792488570185e-01
510    9.4623999997146750e+00 -8.0000000000000016e-01 -2.2713953355448265e+01  9.9867896244285104e-01
511    1.0654658339253009e+01 -8.0000000000000027e-01 -2.5572576568024605e+01  9.9955965414761705e-01
512    1.1249999999999998e+01 -8.0000000000000004e-01 -2.7000000000000000e+01  1.0000000000000002e+00
513    4.5298937950559304e-01 -4.0000000000000019e-01 -1.1125021628030713e+00  9.9207377465710556e-01
514    1.0573474545855588e+00 -4.0000000000000036e-01 -2.5615438384524278e+00  9.9251412050948851e-01
515    2.2644562282918801e+00 -4.0000000000000047e-01 -5.4557732568498043e+00  9.9339481221425441e-01
516    4.0711116211406209e+00 -4.0000000000000047e-01 -9.7875081433706761e+00  9.9471584977140359e-01
517    5.8729747022644814e+00 -4.0000000000000047e-01 -1.4107752723567545e+01  9.9603688732855278e-01
518    7.6700645144472501e+00 -4.0000000000000041e-01 -1.8416552655450893e+01  9.9735792488570185e-01
519    9.4623999997146733e+00 -4.0000000000000030e-01 -2.2713953355448261e+01  9.9867896244285115e-01
520    1.0654658339253007e+01 -4.0000000000000024e-01 -2.5572576568024605e+01  9.9955965414761716e-01
521    1.1250000000000000e+01 -4.0000000000000013e-01 -2.7000000000000000e+01  1.0000000000000002e+00
522    4.5298937950559293e-01 -4.6318024507783150e-16 -1.1125021628030713e+00  9.9207377465710556e-01
523    1.0573474545855590e+00 -5.0647573020871275e-16 -2.5615438384524278e+00  9.9251412050948840e-01
524    2.2644562282918788e+00 -5.1378786134920192e-16 -5.4557732568498034e+00  9.9339481221425452e-01
525    4.0711116211406200e+00 -5.5030954852375631e-16 -9.7875081433706743e+00  9.9471584977140370e-01
526    5.8729747022644814e+00 -5.2635799990992905e-16 -1.4107752723567543e+01  9.9603688732855278e-01
527    7.6700645144472483e+00 -5.1174626812279608e-16 -1.8416552655450889e+01  9.9735792488570185e-01
528    9.4623999997146750e+00 -4.1997238637598282e-16 -2.2713953355448261e+01  9.9867896244285104e-01
529    1.0654658339253009e+01 -3.3167098090525383e-16 -2.5572576568024601e+01  9.9955965414761705e-01
530    1.1249999999999998e+01 -2.9914342607955599e-16 -2.6999999999999993e+01  1.0000000000000002e+00
531    4.5298937950559304e-01  3.9999999999999941e-01 -1.1125021628030716e+00  9.9207377465710533e-01
532    1.0573474545855590e+00  3.9999999999999941e-01 -2.5615438384524283e+00  9.9251412050948828e-01
533    2.2644562282918792e+00  3.9999999999999947e-01 -5.4557732568498043e+00  9.9339481221425441e-01
534    4.0711116211406209e+00  3.9999999999999941e-01 -9.7875081433706761e+00  9.9471584977140348e-01
535    5.8729747022644823e+00  3.9999999999999936e-01 -1.4107752723567545e+01  9.9603688732855267e-01
536    7.6700645144472492e+00  3.9999999999999947e-01 -1.8416552655450886e+01  9.9735792488570174e-01
537    9.4623999997146750e+00  3.9999999999999947e-01 -2.2713953355448265e+01  9.9867896244285093e-01
538    1.0654658339253007e+01  3.9999999999999958e-01 -2.5572576568024605e+01  9.9955965414761705e-01
539    1.1250000000000000e+01  3.9999999999999963e-01 -2.7000000000000000e+01  1.0000000000000000e+00
540    4.5298937950559304e-01  7.9999999999999949e-01 -1.1125021628030716e+00  9.9207377465710533e-01
541    1.0573474545855590e+00  7.9999999999999949e-01 -2.5615438384524283e+00  9.9251412050948828e-01
542    2.2644562282918792e+00  7.9999999999999949e-01 -5.4557732568498043e+00  9.9339481221425441e-01
543    4.0711116211406200e+00  7.9999999999999949e-01 -9.7875081433706761e+00  9.9471584977140348e-01
544    5.8729747022644814e+00  7.9999999999999949e-01 -1.4107752723567543e+01  9.9603688732855267e-01
545    7.6700645144472492e+00  7.9999999999999960e-01 -1.8416552655450886e+01  9.9735792488570174e-01
546    9.4623999997146750e+00  7.9999999999999949e-01 -2.2713953355448265e+01  9.9867896244285093e-01
547    1.0654658339253009e+01  7.9999999999999960e-01 -2.5572576568024605e+01  9.9955965414761694e-01
548    1.1250000000000000e+01  7.9999999999999960e-01 -2.7000000000000000e+01  1.0000000000000000e+00
549    4.5298937950559304e-01  1.0666666666666664e+00 -1.1125021628030716e+00  9.9207377465710533e-01
550    1.0573474545855590e+00  1.0666666666666664e+00 -2.5615438384524283e+00  9.9251412050948828e-01
551    2.2644562282918792e+00  1.0666666666666662e+00 -5.4557732568498043e+00  9.9339481221425441e-01
552    4.0711116211406200e+00  1.0666666666666664e+00 -9.7875081433706761e+00  9.9471584977140348e-01
553    5.8729747022644823e+00  1.0666666666666662e+00 -1.4107752723567543e+01  9.9603688732855267e-01
554    7.6700645144472492e+00  1.0666666666666664e+00 -1.8416552655450886e+01  9.9735792488570174e-01
555    9.4623999997146750e+00  1.0666666666666664e+00 -2.2713953355448265e+01  9.9867896244285093e-01
556    1.0654658339253009e+01  1.0666666666666667e+00 -2.5572576568024605e+01  9.9955965414761694e-01
557    1.1250000000000000e+01  1.0666666666666664e+00 -2.7000000000000000e+01  1.0000000000000000e+00
558    4.5298937950559304e-01  1.1999999999999997e+00 -1.1125021628030716e+00  9.9207377465710533e-01
559    1.0573474545855590e+00  1.2000000000000000e+00 -2.5615438384524283e+00  9.9251412050948828e-01
560    2.2644562282918792e+00  1.2000000000000000e+00 -5.4557732568498043e+00  9.9339481221425441e-01
561    4.0711116211406200e+00  1.2000000000000000e+00 -9.7875081433706761e+00  9.9471584977140348e-01
562    5.8729747022644823e+00  1.2000000000000000e+00 -1.4107752723567543e+01  9.9603688732855267e-01
563    7.6700645144472492e+00  1.1999999999999997e+00 -1.8416552655450886e+01  9.9735792488570174e-01
564    9.4623999997146750e+00  1.2000000000000000e+00 -2.2713953355448265e+01  9.9867896244285093e-01
565    1.0654658339253009e+01  1.2000000000000002e+00 -2.5572576568024605e+01  9.9955965414761694e-01
566    1.1250000000000000e+01  1.2000000000000000e+00 -2.7000000000000000e+01  1.0000000000000000e+00
567    5.0917499634961594e-01 -1.2000000000000000e+00 -1.0870532883250670e+00  9.9702766549641453e-01
568    1.1911352319386002e+00 -1.2000000000000000e+00 -2.5307140905200751e+00  9.9719279519105808e-01
569    2.5543783540471225e+00 -1.1999999999999997e+00 -5.4166017956151897e+00  9.9752305458034563e-01
570    4.5975513456241366e+00 -1.2000000000000000e+00 -9.7418521637627471e+00  9.9801844366427650e-01
571    6.6386969930354258e+00 -1.1999999999999997e+00 -1.4062810790028777e+01  9.9851383274820738e-01
572    8.6778183122416426e+00 -1.2000000000000000e+00 -1.8379484058985202e+01  9.9900922183213814e-01
573    1.0714918313224187e+01 -1.2000000000000000e+00 -2.2691878342546289e+01  9.9950461091606901e-01
574    1.2071863509687335e+01 -1.2000000000000000e+00 -2.5564433791719594e+01  9.9983487030535634e-01
575    1.2749999999999998e+01 -1.2000000000000000e+00 -2.7000000000000000e+01  1.0000000000000000e+00
576    5.0917499634961594e-01 -1.0666666666666667e+00 -1.0870532883250670e+00  9.9702766549641453e-01
577    1.1911352319386002e+00 -1.0666666666666669e+00 -2.5307140905200756e+00  9.9719279519105808e-01
578    2.5543783540471230e+00 -1.0666666666666664e+00 -5.4166017956151897e+00  9.9752305458034563e-01
579    4.5975513456241375e+00 -1.0666666666666667e+00 -9.7418521637627471e+00  9.9801844366427650e-01
580    6.6386969930354258e+00 -1.0666666666666664e+00 -1.4062810790028777e+01  9.9851383274820738e-01
581    8.6778183122416426e+00 -1.0666666666666667e+00 -1.8379484058985202e+01  9.9900922183213814e-01
582    1.0714918313224187e+01 -1.0666666666666667e+00 -2.2691878342546289e+01  9.9950461091606901e-01
583    1.2071863509687335e+01 -1.0666666666666669e+00 -2.5564433791719594e+01  9.9983487030535634e-01
584    1.2749999999999998e+01 -1.0666666666666667e+00 -2.7000000000000000e+01  1.0000000000000000e+00
585    5.0917499634961583e-01 -8.0000000000000004e-01 -1.0870532883250670e+00  9.9702766549641475e-01
586    1.1911352319385999e+00 -8.0000000000000016e-01 -2.5307140905200751e+00  9.9719279519105830e-01
587    2.5543783540471225e+00 -8.0000000000000016e-01 -5.4166017956151897e+00  9.9752305458034574e-01
588    4.5975513456241375e+00 -8.0000000000000016e-01 -9.7418521637627506e+00  9.9801844366427661e-01
589    6.6386969930354249e+00 -8.0000000000000027e-01 -1.4062810790028779e+01  9.9851383274820749e-01
590    8.6778183122416426e+00 -8.0000000000000016e-01 -1.8379484058985199e+01  9.9900922183213836e-01
591    1.0714918313224185e+01 -8.0000000000000004e-01 -2.2691878342546286e+01  9.9950461091606935e-01
592    1.2071863509687331e+01 -8.0000000000000004e-01 -2.5564433791719594e+01  9.9983487030535656e-01
593    1.2749999999999996e+01 -8.0000000000000004e-01 -2.6999999999999996e+01  1.0000000000000002e+00
594    5.0917499634961583e-01 -4.0000000000000019e-01 -1.0870532883250668e+00  9.9702766549641475e-01
595    1.1911352319385999e+00 -4.0000000000000030e-01 -2.5307140905200747e+00  9.9719279519105830e-01
596    2.5543783540471234e+00 -4.0000000000000041e-01 -5.4166017956151897e+00  9.9752305458034563e-01
597    4.5975513456241375e+00 -4.0000000000000047e-01 -9.7418521637627489e+00  9.9801844366427650e-01
598    6.6386969930354249e+00 -4.0000000000000041e-01 -1.4062810790028779e+01  9.9851383274820749e-01
599    8.6778183122416426e+00 -4.0000000000000036e-01 -1.8379484058985199e+01  9.9900922183213836e-01
600    1.0714918313224185e+01 -4.0000000000000024e-01 -2.2691878342546282e+01  9.9950461091606935e-01
601    1.2071863509687331e+01 -4.0000000000000024e-01 -2.5564433791719594e+01  9.9983487030535656e-01
602    1.2750000000000000e+01 -4.0000000000000019e-01 -2.7000000000000000e+01  1.0000000000000002e+00
603    5.0917499634961583e-01 -4.6861172700137090e-16 -1.0870532883250668e+00  9.9702766549641475e-01
604    1.1911352319385999e+00 -4.8708993447996524e-16 -2.5307140905200751e+00  9.9719279519105830e-01
605    2.5543783540471221e+00 -4.7301642132391104e-16 -5.4166017956151897e+00  9.9752305458034574e-01
606    4.5975513456241366e+00 -5.0986254096826720e-16 -9.7418521637627489e+00  9.9801844366427661e-01
607    6.6386969930354249e+00 -4.6791425503890580e-16 -1.4062810790028779e+01  9.9851383274820749e-01
608    8.6778183122416408e+00 -4.9546532804200542e-16 -1.8379484058985199e+01  9.9900922183213836e-01
609    1.0714918313224185e+01 -4.5819398195486026e-16 -2.2691878342546282e+01  9.9950461091606935e-01
610    1.2071863509687331e+01 -4.2102908790842748e-16 -2.5564433791719591e+01  9.9983487030535656e-01
611    1.2749999999999995e+01 -4.0708177569589062e-16 -2.6999999999999993e+01  1.0000000000000002e+00
612    5.0917499634961594e-01  3.9999999999999941e-01 -1.0870532883250670e+00  9.9702766549641453e-01
613    1.1911352319386002e+00  3.9999999999999947e-01 -2.5307140905200751e+00  9.9719279519105808e-01
614    2.5543783540471225e+00  3.9999999999999936e-01 -5.4166017956151897e+00  9.9752305458034563e-01
615    4.5975513456241366e+00  3.9999999999999941e-01 -9.7418521637627471e+00  9.9801844366427650e-01
616    6.6386969930354258e+00  3.9999999999999941e-01 -1.4062810790028779e+01  9.9851383274820738e-01
617    8.6778183122416426e+00  3.9999999999999941e-01 -1.8379484058985202e+01  9.9900922183213814e-01
618    1.0714918313224183e+01  3.9999999999999941e-01 -2.2691878342546289e+01  9.9950461091606913e-01
619    1.2071863509687335e+01  3.9999999999999947e-01 -2.5564433791719594e+01  9.9983487030535634e-01
620    1.2749999999999998e+01  3.9999999999999947e-01 -2.7000000000000000e+01  1.0000000000000000e+00
621    5.0917499634961594e-01  7.9999999999999949e-01 -1.0870532883250670e+00  9.9702766549641453e-01
622    1.1911352319386002e+00  7.9999999999999960e-01 -2.5307140905200751e+00  9.9719279519105808e-01
623    2.5543783540471225e+00  7.9999999999999938e-01 -5.4166017956151897e+00  9.9752305458034563e-01
624    4.5975513456241366e+00  7.9999999999999949e-01 -9.7418521637627471e+00  9.9801844366427650e-01
625    6.6386969930354258e+00  7.9999999999999949e-01 -1.4062810790028777e+01  9.9851383274820738e-01
626    8.6778183122416426e+00  7.9999999999999949e-01 -1.8379484058985202e+01  9.9900922183213814e-01
627    1.0714918313224187e+01  7.9999999999999960e-01 -2.2691878342546289e+01  9.9950461091606901e-01
628    1.2071863509687335e+01  7.9999999999999960e-01 -2.5564433791719594e+01  9.9983487030535634e-01
629    1.2749999999999998e+01  7.9999999999999960e-01 -2.7000000000000000e+01  1.0000000000000000e+00
630    5.0917499634961594e-01  1.0666666666666664e+00 -1.0870532883250670e+00  9.9702766549641453e-01
631    1.1911352319386002e+00  1.0666666666666664e+00 -2.5307140905200751e+00  9.9719279519105808e-01
632    2.5543783540471225e+00  1.0666666666666662e+00 -5.4166017956151897e+00  9.9752305458034563e-01
633    4.5975513456241366e+00  1.0666666666666662e+00 -9.7418521637627471e+00  9.9801844366427650e-01
634    6.6386969930354258e+00  1.0666666666666662e+00 -1.4062810790028777e+01  9.9851383274820738e-01
635    8.6778183122416426e+00  1.0666666666666662e+00 -1.8379484058985202e+01  9.9900922183213814e-01
636    1.0714918313224185e+01  1.0666666666666662e+00 -2.2691878342546289e+01  9.9950461091606913e-01
637    1.2071863509687335e+01  1.0666666666666667e+00 -2.5564433791719594e+01  9.9983487030535634e-01
638    1.2749999999999998e+01  1.0666666666666664e+00 -2.7000000000000000e+01  1.0000000000000000e+00
639    5.0917499634961594e-01  1.2000000000000000e+00 -1.0870532883250670e+00  9.9702766549641453e-01
640    1.1911352319386002e+00  1.2000000000000000e+00 -2.5307140905200751e+00  9.9719279519105808e-01
641    2.5543783540471225e+00  1.1999999999999997e+00 -5.4166017956151897e+00  9.9752305458034563e-01
642    4.5975513456241366e+00  1.2000000000000000e+00 -9.7418521637627471e+00  9.9801844366427650e-01
643    6.6386969930354258e+00  1.1999999999999997e+00 -1.4062810790028777e+01  9.9851383274820738e-01
644    8.6778183122416426e+00  1.2000000000000000e+00 -1.8379484058985202e+01  9.9900922183213814e-01
645    1.0714918313224187e+01  1.2000000000000000e+00 -2.2691878342546289e+01  9.9950461091606901e-01
646    1.2071863509687335e+01  1.2000000000000000e+00 -2.5564433791719594e+01  9.9983487030535634e-01
647    1.2749999999999998e+01  1.2000000000000000e+00 -2.7000000000000000e+01  1.0000000000000000e+00
648    5.3665631459994900e-01 -1.2000000000000000e+00 -1.0733126291999000e+00  1.0000000000000000e+00
649    1.2568420748999509e+00 -1.2000000000000000e+00 -2.5136841497999032e+00  1.0000000000000000e+00
650    2.6972135954999552e+00 -1.2000000000000000e+00 -5.3944271909999122e+00  1.0000000000000002e+00
651    4.8577708763999636e+00 -1.2000000000000000e+00 -9.7155417527999326e+00  1.0000000000000002e+00
652    7.0183281572999734e+00 -1.2000000000000000e+00 -1.4036656314599956e+01  1.0000000000000002e+00
653    9.1788854381999840e+00 -1.2000000000000000e+00 -1.8357770876399979e+01  1.0000000000000000e+00
654    1.1339442719099994e+01 -1.2000000000000000e+00 -2.2678885438199995e+01  1.0000000000000000e+00
655    1.2779814239699997e+01 -1.2000000000000000e+00 -2.5559628479399997e+01  1.0000000000000000e+00
656    1.3500000000000000e+01 -1.2000000000000000e+00 -2.7000000000000000e+01  1.0000000000000000e+00
657    5.3665631459994900e-01 -1.0666666666666667e+00 -1.0733126291999000e+00  1.0000000000000000e+00
658    1.2568420748999509e+00 -1.0666666666666667e+00 -2.5136841497999036e+00  1.0000000000000000e+00
659    2.6972135954999557e+00 -1.0666666666666667e+00 -5.3944271909999122e+00  1.0000000000000002e+00
660    4.8577708763999645e+00 -1.0666666666666667e+00 -9.7155417527999326e+00  1.0000000000000002e+00
661    7.0183281572999734e+00 -1.0666666666666667e+00 -1.4036656314599956e+01  1.0000000000000002e+00
662    9.1788854381999840e+00 -1.0666666666666667e+00 -1.8357770876399979e+01  1.0000000000000000e+00
663    1.1339442719099994e+01 -1.0666666666666667e+00 -2.2678885438199995e+01  1.0000000000000000e+00
664    1.2779814239699997e+01 -1.0666666666666667e+00 -2.5559628479399997e+01  1.0000000000000000e+00
665    1.3500000000000000e+01 -1.0666666666666667e+00 -2.7000000000000000e+01  1.0000000000000000e+00
666    5.3665631459994900e-01 -8.0000000000000004e-01 -1.0733126291999000e+00  1.0000000000000002e+00
667    1.2568420748999509e+00 -8.0000000000000004e-01 -2.5136841497999032e+00  1.0000000000000002e+00
668    2.6972135954999548e+00 -8.0000000000000004e-01 -5.3944271909999113e+00  1.0000000000000004e+00
669    4.8577708763999636e+00 -8.0000000000000016e-01 -9.7155417527999326e+00  1.0000000000000004e+00
670    7.0183281572999725e+00 -8.0000000000000004e-01 -1.4036656314599956e+01  1.0000000000000004e+00
671    9.1788854381999840e+00 -8.0000000000000004e-01 -1.8357770876399979e+01  1.0000000000000002e+00
672    1.1339442719099994e+01 -8.0000000000000004e-01 -2.2678885438199995e+01  1.0000000000000002e+00
673    1.2779814239699995e+01 -8.0000000000000004e-01 -2.5559628479399993e+01  1.0000000000000002e+00
674    1.3499999999999998e+01 -8.0000000000000004e-01 -2.6999999999999996e+01  1.0000000000000002e+00
675    5.3665631459994900e-01 -4.0000000000000024e-01 -1.0733126291999000e+00  1.0000000000000002e+00
676    1.2568420748999507e+00 -4.0000000000000024e-01 -2.5136841497999027e+00  1.0000000000000002e+00
677    2.6972135954999561e+00 -4.0000000000000036e-01 -5.3944271909999131e+00  1.0000000000000002e+00
678    4.8577708763999645e+00 -4.0000000000000036e-01 -9.7155417527999344e+00  1.0000000000000002e+00
679    7.0183281572999743e+00 -4.0000000000000036e-01 -1.4036656314599957e+01  1.0000000000000002e+00
680    9.1788854381999840e+00 -4.0000000000000024e-01 -1.8357770876399979e+01  1.0000000000000002e+00
681    1.1339442719099994e+01 -4.0000000000000024e-01 -2.2678885438199995e+01  1.0000000000000002e+00
682    1.2779814239699995e+01 -4.0000000000000024e-01 -2.5559628479399993e+01  1.0000000000000002e+00
683    1.3500000000000000e+01 -4.0000000000000024e-01 -2.7000000000000000e+01  1.0000000000000002e+00
684    5.3665631459994889e-01 -4.7184478546569143e-16 -1.0733126291999000e+00  1.0000000000000002e+00
685    1.2568420748999507e+00 -4.7184478546569143e-16 -2.5136841497999032e+00  1.0000000000000002e+00
686    2.6972135954999543e+00 -4.4408920985006242e-16 -5.3944271909999113e+00  1.0000000000000004e+00
687    4.8577708763999636e+00 -4.7184478546569133e-16 -9.7155417527999326e+00  1.0000000000000004e+00
688    7.0183281572999725e+00 -4.1633363423443351e-16 -1.4036656314599954e+01  1.0000000000000004e+00
689    9.1788854381999823e+00 -4.7184478546569143e-16 -1.8357770876399979e+01  1.0000000000000002e+00
690    1.1339442719099994e+01 -4.7184478546569143e-16 -2.2678885438199995e+01  1.0000000000000002e+00
691    1.2779814239699993e+01 -4.7184478546569143e-16 -2.5559628479399990e+01  1.0000000000000002e+00
692    1.3499999999999996e+01 -4.7184478546569143e-16 -2.6999999999999993e+01  1.0000000000000002e+00
693    5.3665631459994900e-01  3.9999999999999941e-01 -1.0733126291999000e+00  1.0000000000000000e+00
694    1.2568420748999509e+00  3.9999999999999941e-01 -2.5136841497999032e+00  1.0000000000000000e+00
695    2.6972135954999552e+00  3.9999999999999936e-01 -5.3944271909999122e+00  1.0000000000000002e+00
696    4.8577708763999636e+00  3.9999999999999936e-01 -9.7155417527999326e+00  1.0000000000000002e+00
697    7.0183281572999734e+00  3.9999999999999936e-01 -1.4036656314599956e+01  1.0000000000000002e+00
698    9.1788854381999840e+00  3.9999999999999941e-01 -1.8357770876399979e+01  1.0000000000000000e+00
699    1.1339442719099992e+01  3.9999999999999941e-01 -2.2678885438199995e+01  1.0000000000000000e+00
700    1.2779814239699997e+01  3.9999999999999941e-01 -2.5559628479399997e+01  1.0000000000000000e+00
701    1.3500000000000000e+01  3.9999999999999941e-01 -2.7000000000000000e+01  1.0000000000000000e+00
702    5.3665631459994900e-01  7.9999999999999949e-01 -1.0733126291999000e+00  1.0000000000000000e+00
703    1.2568420748999509e+00  7.9999999999999949e-01 -2.5136841497999032e+00  1.0000000000000000e+00
704    2.6972135954999552e+00  7.9999999999999938e-01 -5.3944271909999122e+00  1.0000000000000002e+00
705    4.8577708763999636e+00  7.9999999999999938e-01 -9.7155417527999326e+00  1.0000000000000002e+00
706    7.0183281572999734e+00  7.9999999999999938e-01 -1.4036656314599956e+01  1.0000000000000002e+00
707    9.1788854381999840e+00  7.9999999999999949e-01 -1.8357770876399979e+01  1.0000000000000000e+00
708    1.1339442719099994e+01  7.9999999999999949e-01 -2.2678885438199995e+01  1.0000000000000000e+00
709    1.2779814239699997e+01  7.9999999999999949e-01 -2.5559628479399997e+01  1.0000000000000000e+00
710    1.3500000000000000e+01  7.9999999999999949e-01 -2.7000000000000000e+01  1.0000000000000000e+00
711    5.3665631459994900e-01  1.0666666666666664e+00 -1.0733126291999000e+00  1.0000000000000000e+00
712    1.2568420748999509e+00  1.0666666666666664e+00 -2.5136841497999032e+00  1.0000000000000000e+00
713    2.6972135954999552e+00  1.0666666666666662e+00 -5.3944271909999122e+00  1.0000000000000002e+00
714    4.8577708763999636e+00  1.0666666666666662e+00 -9.7155417527999326e+00  1.0000000000000002e+00
715    7.0183281572999743e+00  1.0666666666666662e+00 -1.4036656314599956e+01  1.0000000000000002e+00
716    9.1788854381999840e+00  1.0666666666666664e+00 -1.8357770876399979e+01  1.0000000000000000e+00
717    1.1339442719099994e+01  1.0666666666666664e+00 -2.2678885438199995e+01  1.0000000000000000e+00
718    1.2779814239699997e+01  1.0666666666666664e+00 -2.5559628479399997e+01  1.0000000000000000e+00
719    1.3500000000000000e+01  1.0666666666666664e+00 -2.7000000000000000e+01  1.0000000000000000e+00
720    5.3665631459994900e-01  1.2000000000000000e+00 -1.0733126291999000e+00  1.0000000000000000e+00
721    1.2568420748999509e+00  1.2000000000000000e+00 -2.5136841497999032e+00  1.0000000000000000e+00
722    2.6972135954999552e+00  1.2000000000000000e+00 -5.3944271909999122e+00  1.0000000000000002e+00
723    4.8577708763999636e+00  1.2000000000000000e+00 -9.7155417527999326e+00  1.0000000000000002e+00
724    7.0183281572999734e+00  1.2000000000000000e+00 -1.4036656314599956e+01  1.0000000000000002e+00
725    9.1788854381999840e+00  1.2000000000000000e+00 -1.8357770876399979e+01  1.0000000000000000e+00
726    1.1339442719099994e+01  1.2000000000000000e+00 -2.2678885438199995e+01  1.0000000000000000e+00
727    1.2779814239699997e+01  1.2000000000000000e+00 -2.5559628479399997e+01  1.0000000000000000e+00
728    1.3500000000000000e+01  1.2000000000000000e+00 -2.7000000000000000e+01  1.0000000000000000e+00
729    6.0542789838032618e-01 -1.2000000000000000e+00 -1.0348331465662055e+00  9.9170282268622445e-01
730    1.3217930151369752e+00 -1.2000000000000000e+00 -2.3860168538532998e+00  9.9170282268622445e-01
731    2.7545232486502722e+00 -1.2000000000000000e+00 -5.0883842684274869e+00  9.9170282268622467e-01
732    4.9036185989202181e+00 -1.2000000000000000e+00 -9.1419353902887703e+00  9.9170282268622456e-01
733    7.0527139491901636e+00 -1.1999999999999997e+00 -1.3195486512150055e+01  9.9170282268622456e-01
734    9.2018092994601126e+00 -1.2000000000000000e+00 -1.7249037634011341e+01  9.9170282268622423e-01
735    1.1350904649730055e+01 -1.2000000000000000e+00 -2.1302588755872613e+01  9.9170282268622423e-01
736    1.2783634883243350e+01 -1.2000000000000000e+00 -2.4004956170446789e+01  9.9170282268622423e-01
737    1.3500000000000000e+01 -1.2000000000000000e+00 -2.5356139877733881e+01  9.9170282268622423e-01
738    6.0542789838032618e-01 -1.0666666666666667e+00 -1.0348331465662055e+00  9.9170282268622445e-01
739    1.3217930151369752e+00 -1.0666666666666667e+00 -2.3860168538532998e+00  9.9170282268622445e-01
740    2.7545232486502722e+00 -1.0666666666666667e+00 -5.0883842684274878e+00  9.9170282268622467e-01
741    4.9036185989202199e+00 -1.0666666666666667e+00 -9.1419353902887703e+00  9.9170282268622456e-01
742    7.0527139491901636e+00 -1.0666666666666667e+00 -1.3195486512150055e+01  9.9170282268622456e-01
743    9.2018092994601126e+00 -1.0666666666666667e+00 -1.7249037634011341e+01  9.9170282268622423e-01
744    1.1350904649730055e+01 -1.0666666666666667e+00 -2.1302588755872613e+01  9.9170282268622423e-01
745    1.2783634883243350e+01 -1.0666666666666667e+00 -2.4004956170446789e+01  9.9170282268622423e-01
746    1.3500000000000000e+01 -1.0666666666666667e+00 -2.5356139877733881e+01  9.9170282268622423e-01
747    6.0542789838032618e-01 -8.0000000000000004e-01 -1.0348331465662055e+00  9.9170282268622467e-01
748    1.3217930151369750e+00 -8.0000000000000004e-01 -2.3860168538532989e+00  9.9170282268622467e-01
749    2.7545232486502722e+00 -7.9999999999999993e-01 -5.0883842684274860e+00  9.9170282268622489e-01
750    4.9036185989202190e+00 -8.0000000000000004e-01 -9.1419353902887686e+00  9.9170282268622478e-01
751    7.0527139491901654e+00 -7.9999999999999993e-01 -1.3195486512150055e+01  9.9170282268622478e-01
752    9.2018092994601126e+00 -8.0000000000000004e-01 -1.7249037634011341e+01  9.9170282268622445e-01
753    1.1350904649730056e+01 -7.9999999999999993e-01 -2.1302588755872616e+01  9.9170282268622445e-01
754    1.2783634883243350e+01 -7.9999999999999993e-01 -2.4004956170446786e+01  9.9170282268622445e-01
755    1.3499999999999998e+01 -7.9999999999999993e-01 -2.5356139877733877e+01  9.9170282268622445e-01
756    6.0542789838032618e-01 -4.0000000000000030e-01 -1.0348331465662055e+00  9.9170282268622467e-01
757    1.3217930151369752e+00 -4.0000000000000024e-01 -2.3860168538532993e+00  9.9170282268622467e-01
758    2.7545232486502726e+00 -4.0000000000000036e-01 -5.0883842684274878e+00  9.9170282268622467e-01
759    4.9036185989202199e+00 -4.0000000000000041e-01 -9.1419353902887721e+00  9.9170282268622456e-01
760    7.0527139491901645e+00 -4.0000000000000036e-01 -1.3195486512150058e+01  9.9170282268622456e-01
761    9.2018092994601126e+00 -4.0000000000000024e-01 -1.7249037634011341e+01  9.9170282268622445e-01
762    1.1350904649730053e+01 -4.0000000000000024e-01 -2.1302588755872616e+01  9.9170282268622445e-01
763    1.2783634883243350e+01 -4.0000000000000024e-01 -2.4004956170446786e+01  9.9170282268622445e-01
764    1.3500000000000000e+01 -4.0000000000000024e-01 -2.5356139877733881e+01  9.9170282268622445e-01
765    6.0542789838032618e-01 -4.6646325526645512e-16 -1.0348331465662055e+00  9.9170282268622467e-01
766    1.3217930151369752e+00 -4.7112788781911969e-16 -2.3860168538532993e+00  9.9170282268622467e-01
767    2.7545232486502718e+00 -4.4314009250313229e-16 -5.0883842684274860e+00  9.9170282268622489e-01
768    4.9036185989202172e+00 -4.6996172968095352e-16 -9.1419353902887703e+00  9.9170282268622478e-01
769    7.0527139491901636e+00 -4.1748461346347733e-16 -1.3195486512150055e+01  9.9170282268622478e-01
770    9.2018092994601126e+00 -4.7112788781911979e-16 -1.7249037634011341e+01  9.9170282268622445e-01
771    1.1350904649730053e+01 -4.6762941340462139e-16 -2.1302588755872609e+01  9.9170282268622445e-01
772    1.2783634883243348e+01 -4.6996172968095362e-16 -2.4004956170446782e+01  9.9170282268622445e-01
773    1.3499999999999996e+01 -4.6996172968095362e-16 -2.5356139877733874e+01  9.9170282268622445e-01
774    6.0542789838032618e-01  3.9999999999999936e-01 -1.0348331465662055e+00  9.9170282268622445e-01
775    1.3217930151369752e+00  3.9999999999999936e-01 -2.3860168538532998e+00  9.9170282268622445e-01
776    2.7545232486502722e+00  3.9999999999999936e-01 -5.0883842684274869e+00  9.9170282268622467e-01
777    4.9036185989202181e+00  3.9999999999999941e-01 -9.1419353902887703e+00  9.9170282268622456e-01
778    7.0527139491901636e+00  3.9999999999999930e-01 -1.3195486512150055e+01  9.9170282268622456e-01
779    9.2018092994601126e+00  3.9999999999999941e-01 -1.7249037634011341e+01  9.9170282268622423e-01
780    1.1350904649730053e+01  3.9999999999999936e-01 -2.1302588755872613e+01  9.9170282268622423e-01
781    1.2783634883243350e+01  3.9999999999999936e-01 -2.4004956170446789e+01  9.9170282268622423e-01
782    1.3500000000000000e+01  3.9999999999999936e-01 -2.5356139877733881e+01  9.9170282268622423e-01
783    6.0542789838032618e-01  7.9999999999999949e-01 -1.0348331465662055e+00  9.9170282268622445e-01
784    1.3217930151369752e+00  7.9999999999999949e-01 -2.3860168538532998e+00  9.9170282268622445e-01
785    2.7545232486502722e+00  7.9999999999999938e-01 -5.0883842684274869e+00  9.9170282268622467e-01
786    4.9036185989202181e+00  7.9999999999999949e-01 -9.1419353902887703e+00  9.9170282268622456e-01
787    7.0527139491901636e+00  7.9999999999999949e-01 -1.3195486512150055e+01  9.9170282268622456e-01
788    9.2018092994601126e+00  7.9999999999999949e-01 -1.7249037634011341e+01  9.9170282268622423e-01
789    1.1350904649730055e+01  7.9999999999999949e-01 -2.1302588755872613e+01  9.9170282268622423e-01
790    1.2783634883243350e+01  7.9999999999999949e-01 -2.4004956170446789e+01  9.9170282268622423e-01
791    1.3500000000000000e+01  7.9999999999999949e-01 -2.5356139877733881e+01  9.9170282268622423e-01
792    6.0542789838032618e-01  1.0666666666666664e+00 -1.0348331465662055e+00  9.9170282268622445e-01
793    1.3217930151369752e+00  1.0666666666666664e+00 -2.3860168538532998e+00  9.9170282268622445e-01
794    2.7545232486502722e+00  1.0666666666666662e+00 -5.0883842684274869e+00  9.9170282268622467e-01
795    4.9036185989202181e+00  1.0666666666666662e+00 -9.1419353902887703e+00  9.9170282268622456e-01
796    7.0527139491901636e+00  1.0666666666666662e+00 -1.3195486512150055e+01  9.9170282268622456e-01
797    9.2018092994601126e+00  1.0666666666666664e+00 -1.7249037634011341e+01  9.9170282268622423e-01
798    1.1350904649730055e+01  1.0666666666666664e+00 -2.1302588755872613e+01  9.9170282268622423e-01
799    1.2783634883243350e+01  1.0666666666666664e+00 -2.4004956170446789e+01  9.9170282268622423e-01
800    1.3500000000000000e+01  1.0666666666666664e+00 -2.5356139877733881e+01  9.9170282268622423e-01
801    6.0542789838032618e-01  1.2000000000000000e+00 -1.0348331465662055e+00  9.9170282268622445e-01
802    1.3217930151369752e+00  1.2000000000000000e+00 -2.3860168538532998e+00  9.9170282268622445e-01
803    2.7545232486502722e+00  1.2000000000000000e+00 -5.0883842684274869e+00  9.9170282268622467e-01
804    4.9036185989202181e+00  1.2000000000000000e+00 -9.1419353902887703e+00  9.9170282268622456e-01
805    7.0527139491901636e+00  1.1999999999999997e+00 -1.3195486512150055e+01  9.9170282268622456e-01
806    9.2018092994601126e+00  1.2000000000000000e+00 -1.7249037634011341e+01  9.9170282268622423e-01
807    1.1350904649730055e+01  1.2000000000000000e+00 -2.1302588755872613e+01  9.9170282268622423e-01
808    1.2783634883243350e+01  1.2000000000000000e+00 -2.4004956170446789e+01  9.9170282268622423e-01
809    1.3500000000000000e+01  1.2000000000000000e+00 -2.5356139877733881e+01  9.9170282268622423e-01
810    7.3454449464213267e-01 -1.1999999999999997e+00 -9.4812331488111756e-01  9.7649133094430274e-01
811    1.4437364671620143e+00 -1.2000000000000000e+00 -2.1251579734299724e+00  9.7649133094430263e-01
812    2.8621204122017767e+00 -1.1999999999999997e+00 -4.4792272905276826e+00  9.7649133094430274e-01
813    4.9896963297614203e+00 -1.2000000000000000e+00 -8.0103312661742478e+00  9.7649133094430263e-01
814    7.1172722473210657e+00 -1.2000000000000000e+00 -1.1541435241820817e+01  9.7649133094430240e-01
815    9.2448481648807110e+00 -1.2000000000000000e+00 -1.5072539217467387e+01  9.7649133094430207e-01
816    1.1372424082440356e+01 -1.2000000000000000e+00 -1.8603643193113950e+01  9.7649133094430196e-01
817    1.2790808027480118e+01 -1.1999999999999997e+00 -2.0957712510211653e+01  9.7649133094430196e-01
818    1.3499999999999998e+01 -1.1999999999999997e+00 -2.2134747168760505e+01  9.7649133094430196e-01
819    7.3454449464213267e-01 -1.0666666666666664e+00 -9.4812331488111756e-01  9.7649133094430274e-01
820    1.4437364671620143e+00 -1.0666666666666667e+00 -2.1251579734299724e+00  9.7649133094430263e-01
821    2.8621204122017767e+00 -1.0666666666666664e+00 -4.4792272905276835e+00  9.7649133094430274e-01
822    4.9896963297614221e+00 -1.0666666666666664e+00 -8.0103312661742478e+00  9.7649133094430263e-01
823    7.1172722473210657e+00 -1.0666666666666667e+00 -1.1541435241820817e+01  9.7649133094430240e-01
824    9.2448481648807110e+00 -1.0666666666666669e+00 -1.5072539217467387e+01  9.7649133094430207e-01
825    1.1372424082440356e+01 -1.0666666666666667e+00 -1.8603643193113950e+01  9.7649133094430196e-01
826    1.2790808027480118e+01 -1.0666666666666667e+00 -2.0957712510211653e+01  9.7649133094430196e-01
827    1.3500000000000000e+01 -1.0666666666666667e+00 -2.2134747168760505e+01  9.7649133094430196e-01
828    7.3454449464213267e-01 -8.0000000000000004e-01 -9.4812331488111756e-01  9.7649133094430296e-01
829    1.4437364671620136e+00 -7.9999999999999993e-01 -2.1251579734299715e+00  9.7649133094430296e-01
830    2.8621204122017767e+00 -8.0000000000000004e-01 -4.4792272905276826e+00  9.7649133094430285e-01
831    4.9896963297614212e+00 -8.0000000000000016e-01 -8.0103312661742478e+00  9.7649133094430274e-01
832    7.1172722473210666e+00 -8.0000000000000004e-01 -1.1541435241820821e+01  9.7649133094430252e-01
833    9.2448481648807110e+00 -8.0000000000000004e-01 -1.5072539217467387e+01  9.7649133094430229e-01
834    1.1372424082440354e+01 -7.9999999999999993e-01 -1.8603643193113946e+01  9.7649133094430229e-01
835    1.2790808027480118e+01 -8.0000000000000004e-01 -2.0957712510211646e+01  9.7649133094430218e-01
836    1.3499999999999998e+01 -8.0000000000000004e-01 -2.2134747168760498e+01  9.7649133094430218e-01
837    7.3454449464213267e-01 -4.0000000000000019e-01 -9.4812331488111756e-01  9.7649133094430296e-01
838    1.4437364671620141e+00 -4.0000000000000019e-01 -2.1251579734299719e+00  9.7649133094430296e-01
839    2.8621204122017772e+00 -4.0000000000000036e-01 -4.4792272905276835e+00  9.7649133094430274e-01
840    4.9896963297614221e+00 -4.0000000000000036e-01 -8.0103312661742514e+00  9.7649133094430263e-01
841    7.1172722473210657e+00 -4.0000000000000036e-01 -1.1541435241820821e+01  9.7649133094430252e-01
842    9.2448481648807110e+00 -4.0000000000000030e-01 -1.5072539217467387e+01  9.7649133094430229e-01
843    1.1372424082440352e+01 -4.0000000000000019e-01 -1.8603643193113946e+01  9.7649133094430229e-01
844    1.2790808027480118e+01 -4.0000000000000024e-01 -2.0957712510211646e+01  9.7649133094430218e-01
845    1.3500000000000000e+01 -4.0000000000000024e-01 -2.2134747168760502e+01  9.7649133094430218e-01
846    7.3454449464213267e-01 -4.6168905182712609e-16 -9.4812331488111756e-01  9.7649133094430296e-01
847    1.4437364671620143e+00 -4.7432184332645737e-16 -2.1251579734299724e+00  9.7649133094430285e-01
848    2.8621204122017763e+00 -4.4727977402320115e-16 -4.4792272905276826e+00  9.7649133094430285e-01
849    4.9896963297614203e+00 -4.7116364545162463e-16 -8.0103312661742496e+00  9.7649133094430274e-01
850    7.1172722473210657e+00 -4.2497500153219435e-16 -1.1541435241820821e+01  9.7649133094430252e-01
851    9.2448481648807110e+00 -4.7372968122492642e-16 -1.5072539217467387e+01  9.7649133094430229e-01
852    1.1372424082440352e+01 -4.6524202443631320e-16 -1.8603643193113943e+01  9.7649133094430229e-01
853    1.2790808027480116e+01 -4.7136103281880191e-16 -2.0957712510211646e+01  9.7649133094430218e-01
854    1.3499999999999996e+01 -4.7136103281880191e-16 -2.2134747168760498e+01  9.7649133094430218e-01
855    7.3454449464213267e-01  3.9999999999999936e-01 -9.4812331488111756e-01  9.7649133094430274e-01
856    1.4437364671620143e+00  3.9999999999999941e-01 -2.1251579734299724e+00  9.7649133094430263e-01
857    2.8621204122017767e+00  3.9999999999999936e-01 -4.4792272905276826e+00  9.7649133094430274e-01
858    4.9896963297614203e+00  3.9999999999999941e-01 -8.0103312661742478e+00  9.7649133094430263e-01
859    7.1172722473210657e+00  3.9999999999999936e-01 -1.1541435241820817e+01  9.7649133094430240e-01
860    9.2448481648807110e+00  3.9999999999999941e-01 -1.5072539217467387e+01  9.7649133094430207e-01
861    1.1372424082440354e+01  3.9999999999999947e-01 -1.8603643193113950e+01  9.7649133094430196e-01
862    1.2790808027480118e+01  3.9999999999999936e-01 -2.0957712510211653e+01  9.7649133094430196e-01
863    1.3500000000000000e+01  3.9999999999999936e-01 -2.2134747168760505e+01  9.7649133094430196e-01
864    7.3454449464213267e-01  7.9999999999999938e-01 -9.4812331488111756e-01  9.7649133094430274e-01
865    1.4437364671620143e+00  7.9999999999999949e-01 -2.1251579734299724e+00  9.7649133094430263e-01
866    2.8621204122017767e+00  7.9999999999999938e-01 -4.4792272905276826e+00  9.7649133094430274e-01
867    4.9896963297614203e+00  7.9999999999999927e-01 -8.0103312661742478e+00  9.7649133094430263e-01
868    7.1172722473210657e+00  7.9999999999999938e-01 -1.1541435241820817e+01  9.7649133094430240e-01
869    9.2448481648807110e+00  7.9999999999999949e-01 -1.5072539217467387e+01  9.7649133094430207e-01
870    1.1372424082440356e+01  7.9999999999999960e-01 -1.8603643193113950e+01  9.7649133094430196e-01
871    1.2790808027480118e+01  7.9999999999999960e-01 -2.0957712510211653e+01  9.7649133094430196e-01
872    1.3499999999999998e+01  7.9999999999999960e-01 -2.2134747168760505e+01  9.7649133094430196e-01
873    7.3454449464213267e-01  1.0666666666666662e+00 -9.4812331488111756e-01  9.7649133094430274e-01
874    1.4437364671620143e+00  1.0666666666666664e+00 -2.1251579734299724e+00  9.7649133094430263e-01
875    2.8621204122017767e+00  1.0666666666666660e+00 -4.4792272905276826e+00  9.7649133094430274e-01
876    4.9896963297614203e+00  1.0666666666666662e+00 -8.0103312661742478e+00  9.7649133094430263e-01
877    7.1172722473210657e+00  1.0666666666666662e+00 -1.1541435241820817e+01  9.7649133094430240e-01
878    9.2448481648807110e+00  1.0666666666666664e+00 -1.5072539217467387e+01  9.7649133094430207e-01
879    1.1372424082440356e+01  1.0666666666666664e+00 -1.8603643193113950e+01  9.7649133094430196e-01
880    1.2790808027480118e+01  1.0666666666666664e+00 -2.0957712510211653e+01  9.7649133094430196e-01
881    1.3499999999999998e+01  1.0666666666666664e+00 -2.2134747168760505e+01  9.7649133094430196e-01
882    7.3454449464213267e-01  1.1999999999999997e+00 -9.4812331488111756e-01  9.7649133094430274e-01
883    1.4437364671620143e+00  1.2000000000000000e+00 -2.1251579734299724e+00  9.7649133094430263e-01
884    2.8621204122017767e+00  1.1999999999999997e+00 -4.4792272905276826e+00  9.7649133094430274e-01
885    4.9896963297614203e+00  1.2000000000000000e+00 -8.0103312661742478e+00  9.7649133094430263e-01
886    7.1172722473210657e+00  1.2000000000000000e+00 -1.1541435241820817e+01  9.7649133094430240e-01
887    9.2448481648807110e+00  1.2000000000000000e+00 -1.5072539217467387e+01  9.7649133094430207e-01
888    1.1372424082440356e+01  1.2000000000000000e+00 -1.8603643193113950e+01  9.7649133094430196e-01
889    1.2790808027480118e+01  1.1999999999999997e+00 -2.0957712510211653e+01  9.7649133094430196e-01
890    1.3499999999999998e+01  1.1999999999999997e+00 -2.2134747168760505e+01  9.7649133094430196e-01
891    8.9861087025733144e-01 -1.2000000000000000e+00 -7.9295633355646800e-01  9.5782268198830778e-01
892    1.5986880441319238e+00 -1.1999999999999997e+00 -1.7210237648541240e+00  9.5782268198830767e-01
893    2.9988423918811073e+00 -1.2000000000000002e+00 -3.5771586274494362e+00  9.5782268198830756e-01
894    5.0990739135048830e+00 -1.1999999999999997e+00 -6.3613609213424063e+00  9.5782268198830733e-01
895    7.1993054351286627e+00 -1.2000000000000002e+00 -9.1455632152353790e+00  9.5782268198830689e-01
896    9.2995369567524424e+00 -1.1999999999999997e+00 -1.1929765509128353e+01  9.5782268198830656e-01
897    1.1399768478376219e+01 -1.2000000000000000e+00 -1.4713967803021323e+01  9.5782268198830633e-01
898    1.2799922826125403e+01 -1.2000000000000000e+00 -1.6570102665616627e+01  9.5782268198830633e-01
899    1.3500000000000002e+01 -1.2000000000000000e+00 -1.7498170096914286e+01  9.5782268198830622e-01
900    8.9861087025733155e-01 -1.0666666666666664e+00 -7.9295633355646800e-01  9.5782268198830778e-01
901    1.5986880441319240e+00 -1.0666666666666667e+00 -1.7210237648541240e+00  9.5782268198830767e-01
902    2.9988423918811069e+00 -1.0666666666666664e+00 -3.5771586274494367e+00  9.5782268198830767e-01
903    5.0990739135048848e+00 -1.0666666666666667e+00 -6.3613609213424063e+00  9.5782268198830733e-01
904    7.1993054351286627e+00 -1.0666666666666667e+00 -9.1455632152353790e+00  9.5782268198830689e-01
905    9.2995369567524424e+00 -1.0666666666666669e+00 -1.1929765509128353e+01  9.5782268198830656e-01
906    1.1399768478376219e+01 -1.0666666666666667e+00 -1.4713967803021323e+01  9.5782268198830633e-01
907    1.2799922826125403e+01 -1.0666666666666667e+00 -1.6570102665616627e+01  9.5782268198830633e-01
908    1.3500000000000002e+01 -1.0666666666666667e+00 -1.7498170096914286e+01  9.5782268198830622e-01
909    8.9861087025733155e-01 -8.0000000000000004e-01 -7.9295633355646811e-01  9.5782268198830778e-01
910    1.5986880441319238e+00 -8.0000000000000004e-01 -1.7210237648541238e+00  9.5782268198830778e-01
911    2.9988423918811078e+00 -8.0000000000000016e-01 -3.5771586274494371e+00  9.5782268198830767e-01
912    5.0990739135048839e+00 -8.0000000000000016e-01 -6.3613609213424063e+00  9.5782268198830744e-01
913    7.1993054351286618e+00 -8.0000000000000004e-01 -9.1455632152353790e+00  9.5782268198830711e-01
914    9.2995369567524406e+00 -8.0000000000000004e-01 -1.1929765509128355e+01  9.5782268198830667e-01
915    1.1399768478376219e+01 -8.0000000000000004e-01 -1.4713967803021323e+01  9.5782268198830656e-01
916    1.2799922826125403e+01 -8.0000000000000004e-01 -1.6570102665616627e+01  9.5782268198830645e-01
917    1.3500000000000000e+01 -8.0000000000000016e-01 -1.7498170096914286e+01  9.5782268198830633e-01
918    8.9861087025733155e-01 -4.0000000000000036e-01 -7.9295633355646811e-01  9.5782268198830778e-01
919    1.5986880441319240e+00 -4.0000000000000036e-01 -1.7210237648541242e+00  9.5782268198830778e-01
920    2.9988423918811078e+00 -4.0000000000000030e-01 -3.5771586274494371e+00  9.5782268198830767e-01
921    5.0990739135048839e+00 -4.0000000000000030e-01 -6.3613609213424072e+00  9.5782268198830744e-01
922    7.1993054351286618e+00 -4.0000000000000030e-01 -9.1455632152353825e+00  9.5782268198830700e-01
923    9.2995369567524406e+00 -4.0000000000000036e-01 -1.1929765509128355e+01  9.5782268198830667e-01
924    1.1399768478376219e+01 -4.0000000000000019e-01 -1.4713967803021323e+01  9.5782268198830656e-01
925    1.2799922826125401e+01 -4.0000000000000019e-01 -1.6570102665616627e+01  9.5782268198830656e-01
926    1.3500000000000000e+01 -4.0000000000000024e-01 -1.7498170096914290e+01  9.5782268198830645e-01
927    8.9861087025733155e-01 -4.6932936810488729e-16 -7.9295633355646811e-01  9.5782268198830778e-01
928    1.5986880441319240e+00 -4.9005653067956980e-16 -1.7210237648541242e+00  9.5782268198830778e-01
929    2.9988423918811073e+00 -4.6776980004708360e-16 -3.5771586274494367e+00  9.5782268198830767e-01
930    5.0990739135048830e+00 -4.8487474003589945e-16 -6.3613609213424072e+00  9.5782268198830744e-01
931    7.1993054351286609e+00 -4.4819973635399762e-16 -9.1455632152353790e+00  9.5782268198830711e-01
932    9.2995369567524424e+00 -4.8718893779909260e-16 -1.1929765509128355e+01  9.5782268198830656e-01
933    1.1399768478376217e+01 -4.7642288733554383e-16 -1.4713967803021319e+01  9.5782268198830656e-01
934    1.2799922826125405e+01 -4.8583060432939264e-16 -1.6570102665616627e+01  9.5782268198830633e-01
935    1.3500000000000002e+01 -4.8583060432939264e-16 -1.7498170096914286e+01  9.5782268198830622e-01
936    8.9861087025733144e-01  3.9999999999999941e-01 -7.9295633355646800e-01  9.5782268198830778e-01
937    1.5986880441319240e+00  3.9999999999999941e-01 -1.7210237648541240e+00  9.5782268198830767e-01
938    2.9988423918811078e+00  3.9999999999999941e-01 -3.5771586274494367e+00  9.5782268198830744e-01
939    5.0990739135048830e+00  3.9999999999999930e-01 -6.3613609213424063e+00  9.5782268198830744e-01
940    7.1993054351286627e+00  3.9999999999999936e-01 -9.1455632152353790e+00  9.5782268198830689e-01
941    9.2995369567524424e+00  3.9999999999999941e-01 -1.1929765509128353e+01  9.5782268198830656e-01
942    1.1399768478376217e+01  3.9999999999999936e-01 -1.4713967803021323e+01  9.5782268198830633e-01
943    1.2799922826125405e+01  3.9999999999999936e-01 -1.6570102665616627e+01  9.5782268198830633e-01
944    1.3500000000000002e+01  3.9999999999999941e-01 -1.7498170096914286e+01  9.5782268198830622e-01
945    8.9861087025733144e-01  7.9999999999999938e-01 -7.9295633355646800e-01  9.5782268198830778e-01
946    1.5986880441319238e+00  7.9999999999999938e-01 -1.7210237648541240e+00  9.5782268198830767e-01
947    2.9988423918811073e+00  7.9999999999999949e-01 -3.5771586274494362e+00  9.5782268198830756e-01
948    5.0990739135048830e+00  7.9999999999999938e-01 -6.3613609213424063e+00  9.5782268198830733e-01
949    7.1993054351286627e+00  7.9999999999999949e-01 -9.1455632152353790e+00  9.5782268198830689e-01
950    9.2995369567524424e+00  7.9999999999999949e-01 -1.1929765509128353e+01  9.5782268198830656e-01
951    1.1399768478376219e+01  7.9999999999999938e-01 -1.4713967803021323e+01  9.5782268198830633e-01
952    1.2799922826125403e+01  7.9999999999999938e-01 -1.6570102665616627e+01  9.5782268198830633e-01
953    1.3500000000000002e+01  7.9999999999999938e-01 -1.7498170096914286e+01  9.5782268198830622e-01
954    8.9861087025733144e-01  1.0666666666666664e+00 -7.9295633355646800e-01  9.5782268198830778e-01
955    1.5986880441319238e+00  1.0666666666666662e+00 -1.7210237648541240e+00  9.5782268198830767e-01
956    2.9988423918811073e+00  1.0666666666666664e+00 -3.5771586274494362e+00  9.5782268198830756e-01
957    5.0990739135048830e+00  1.0666666666666664e+00 -6.3613609213424063e+00  9.5782268198830733e-01
958    7.1993054351286627e+00  1.0666666666666664e+00 -9.1455632152353790e+00  9.5782268198830689e-01
959    9.2995369567524424e+00  1.0666666666666667e+00 -1.1929765509128353e+01  9.5782268198830656e-01
960    1.1399768478376219e+01  1.0666666666666667e+00 -1.4713967803021323e+01  9.5782268198830633e-01
961    1.2799922826125403e+01  1.0666666666666664e+00 -1.6570102665616627e+01  9.5782268198830633e-01
962    1.3500000000000002e+01  1.0666666666666664e+00 -1.7498170096914286e+01  9.5782268198830622e-01
963    8.9861087025733144e-01  1.2000000000000000e+00 -7.9295633355646800e-01  9.5782268198830778e-01
964    1.5986880441319238e+00  1.1999999999999997e+00 -1.7210237648541240e+00  9.5782268198830767e-01
965    2.9988423918811073e+00  1.2000000000000002e+00 -3.5771586274494362e+00  9.5782268198830756e-01
966    5.0990739135048830e+00  1.1999999999999997e+00 -6.3613609213424063e+00  9.5782268198830733e-01
967    7.1993054351286627e+00  1.2000000000000002e+00 -9.1455632152353790e+00  9.5782268198830689e-01
968    9.2995369567524424e+00  1.1999999999999997e+00 -1.1929765509128353e+01  9.5782268198830656e-01
969    1.1399768478376219e+01  1.2000000000000000e+00 -1.4713967803021323e+01  9.5782268198830633e-01
970    1.2799922826125403e+01  1.2000000000000000e+00 -1.6570102665616627e+01  9.5782268198830633e-01
971    1.3500000000000002e+01  1.2000000000000000e+00 -1.7498170096914286e+01  9.5782268198830622e-01
972    1.0307077214489944e+00 -1.2000000000000000e+00 -6.1552476432954639e-01  9.4330262168920065e-01
973    1.7234461813684940e+00 -1.2000000000000000e+00 -1.3033868576730219e+00  9.4330262168920054e-01
974    3.1089231012074916e+00 -1.1999999999999997e+00 -2.6791110443599733e+00  9.4330262168920043e-01
975    5.1871384809659906e+00 -1.1999999999999997e+00 -4.7426973243904023e+00  9.4330262168920009e-01
976    7.2653538607244901e+00 -1.1999999999999997e+00 -6.8062836044208348e+00  9.4330262168919954e-01
977    9.3435692404829904e+00 -1.2000000000000000e+00 -8.8698698844512691e+00  9.4330262168919898e-01
978    1.1421784620241494e+01 -1.1999999999999997e+00 -1.0933456164481695e+01  9.4330262168919876e-01
979    1.2807261540080498e+01 -1.2000000000000002e+00 -1.2309180351168649e+01  9.4330262168919843e-01
980    1.3500000000000000e+01 -1.2000000000000002e+00 -1.2997042444512124e+01  9.4330262168919843e-01
981    1.0307077214489944e+00 -1.0666666666666667e+00 -6.1552476432954639e-01  9.4330262168920065e-01
982    1.7234461813684940e+00 -1.0666666666666669e+00 -1.3033868576730219e+00  9.4330262168920054e-01
983    3.1089231012074916e+00 -1.0666666666666667e+00 -2.6791110443599737e+00  9.4330262168920043e-01
984    5.1871384809659906e+00 -1.0666666666666667e+00 -4.7426973243904023e+00  9.4330262168920009e-01
985    7.2653538607244901e+00 -1.0666666666666664e+00 -6.8062836044208348e+00  9.4330262168919954e-01
986    9.3435692404829904e+00 -1.0666666666666667e+00 -8.8698698844512673e+00  9.4330262168919909e-01
987    1.1421784620241494e+01 -1.0666666666666667e+00 -1.0933456164481695e+01  9.4330262168919876e-01
988    1.2807261540080498e+01 -1.0666666666666669e+00 -1.2309180351168649e+01  9.4330262168919843e-01
989    1.3500000000000002e+01 -1.0666666666666669e+00 -1.2997042444512124e+01  9.4330262168919843e-01
990    1.0307077214489944e+00 -7.9999999999999993e-01 -6.1552476432954617e-01  9.4330262168920087e-01
991    1.7234461813684934e+00 -7.9999999999999993e-01 -1.3033868576730216e+00  9.4330262168920087e-01
992    3.1089231012074912e+00 -7.9999999999999993e-01 -2.6791110443599733e+00  9.4330262168920065e-01
993    5.1871384809659915e+00 -8.0000000000000004e-01 -4.7426973243904014e+00  9.4330262168920020e-01
994    7.2653538607244892e+00 -7.9999999999999993e-01 -6.8062836044208348e+00  9.4330262168919976e-01
995    9.3435692404829922e+00 -8.0000000000000004e-01 -8.8698698844512691e+00  9.4330262168919909e-01
996    1.1421784620241496e+01 -8.0000000000000016e-01 -1.0933456164481694e+01  9.4330262168919887e-01
997    1.2807261540080498e+01 -8.0000000000000027e-01 -1.2309180351168648e+01  9.4330262168919865e-01
998    1.3500000000000002e+01 -8.0000000000000027e-01 -1.2997042444512122e+01  9.4330262168919865e-01
999    1.0307077214489944e+00 -4.0000000000000030e-01 -6.1552476432954617e-01  9.4330262168920087e-01
1000   1.7234461813684934e+00 -4.0000000000000024e-01 -1.3033868576730216e+00  9.4330262168920087e-01
1001   3.1089231012074916e+00 -4.0000000000000030e-01 -2.6791110443599733e+00  9.4330262168920054e-01
1002   5.1871384809659915e+00 -4.0000000000000036e-01 -4.7426973243904031e+00  9.4330262168920009e-01
1003   7.2653538607244901e+00 -4.0000000000000030e-01 -6.8062836044208366e+00  9.4330262168919954e-01
1004   9.3435692404829922e+00 -4.0000000000000041e-01 -8.8698698844512691e+00  9.4330262168919909e-01
1005   1.1421784620241493e+01 -4.0000000000000030e-01 -1.0933456164481695e+01  9.4330262168919887e-01
1006   1.2807261540080498e+01 -4.0000000000000041e-01 -1.2309180351168648e+01  9.4330262168919865e-01
1007   1.3500000000000002e+01 -4.0000000000000036e-01 -1.2997042444512124e+01  9.4330262168919865e-01
1008   1.0307077214489941e+00 -4.8835383874303006e-16 -6.1552476432954617e-01  9.4330262168920087e-01
1009   1.7234461813684938e+00 -5.1369102535563929e-16 -1.3033868576730219e+00  9.4330262168920065e-01
1010   3.1089231012074912e+00 -4.9857044624811448e-16 -2.6791110443599733e+00  9.4330262168920065e-01
1011   5.1871384809659897e+00 -5.0735672870248723e-16 -4.7426973243904023e+00  9.4330262168920020e-01
1012   7.2653538607244883e+00 -4.7977188843875972e-16 -6.8062836044208348e+00  9.4330262168919976e-01
1013   9.3435692404829922e+00 -5.0756106085258944e-16 -8.8698698844512691e+00  9.4330262168919909e-01
1014   1.1421784620241493e+01 -4.9877477839821709e-16 -1.0933456164481694e+01  9.4330262168919887e-01
1015   1.2807261540080498e+01 -5.0940005020350496e-16 -1.2309180351168646e+01  9.4330262168919865e-01
1016   1.3499999999999998e+01 -5.0940005020350496e-16 -1.2997042444512120e+01  9.4330262168919865e-01
1017   1.0307077214489944e+00  3.9999999999999936e-01 -6.1552476432954639e-01  9.4330262168920065e-01
1018   1.7234461813684940e+00  3.9999999999999936e-01 -1.3033868576730219e+00  9.4330262168920054e-01
1019   3.1089231012074916e+00  3.9999999999999941e-01 -2.6791110443599733e+00  9.4330262168920043e-01
1020   5.1871384809659906e+00  3.9999999999999930e-01 -4.7426973243904023e+00  9.4330262168920009e-01
1021   7.2653538607244901e+00  3.9999999999999930e-01 -6.8062836044208348e+00  9.4330262168919954e-01
1022   9.3435692404829904e+00  3.9999999999999941e-01 -8.8698698844512691e+00  9.4330262168919898e-01
1023   1.1421784620241494e+01  3.9999999999999936e-01 -1.0933456164481695e+01  9.4330262168919876e-01
1024   1.2807261540080500e+01  3.9999999999999941e-01 -1.2309180351168649e+01  9.4330262168919843e-01
1025   1.3500000000000002e+01  3.9999999999999941e-01 -1.2997042444512124e+01  9.4330262168919843e-01
1026   1.0307077214489944e+00  7.9999999999999960e-01 -6.1552476432954639e-01  9.4330262168920065e-01
1027   1.7234461813684940e+00  7.9999999999999949e-01 -1.3033868576730219e+00  9.4330262168920054e-01
1028   3.1089231012074916e+00  7.9999999999999938e-01 -2.6791110443599733e+00  9.4330262168920043e-01
1029   5.1871384809659906e+00  7.9999999999999938e-01 -4.7426973243904023e+00  9.4330262168920009e-01
1030   7.2653538607244901e+00  7.9999999999999949e-01 -6.8062836044208348e+00  9.4330262168919954e-01
1031   9.3435692404829904e+00  7.9999999999999949e-01 -8.8698698844512691e+00  9.4330262168919898e-01
1032   1.1421784620241494e+01  7.9999999999999927e-01 -1.0933456164481695e+01  9.4330262168919876e-01
1033   1.2807261540080498e+01  7.9999999999999960e-01 -1.2309180351168649e+01  9.4330262168919843e-01
1034   1.3500000000000000e+01  7.9999999999999960e-01 -1.2997042444512124e+01  9.4330262168919843e-01
1035   1.0307077214489944e+00  1.0666666666666662e+00 -6.1552476432954639e-01  9.4330262168920065e-01
1036   1.7234461813684940e+00  1.0666666666666662e+00 -1.3033868576730219e+00  9.4330262168920054e-01
1037   3.1089231012074916e+00  1.0666666666666662e+00 -2.6791110443599733e+00  9.4330262168920043e-01
1038   5.1871384809659906e+00  1.0666666666666662e+00 -4.7426973243904023e+00  9.4330262168920009e-01
1039   7.2653538607244901e+00  1.0666666666666662e+00 -6.8062836044208348e+00  9.4330262168919954e-01
1040   9.3435692404829904e+00  1.0666666666666664e+00 -8.8698698844512691e+00  9.4330262168919898e-01
1041   1.1421784620241494e+01  1.0666666666666664e+00 -1.0933456164481695e+01  9.4330262168919876e-01
1042   1.2807261540080498e+01  1.0666666666666667e+00 -1.2309180351168649e+01  9.4330262168919843e-01
1043   1.3500000000000000e+01  1.0666666666666667e+00 -1.2997042444512124e+01  9.4330262168919843e-01
1044   1.0307077214489944e+00  1.2000000000000000e+00 -6.1552476432954639e-01  9.4330262168920065e-01
1045   1.7234461813684940e+00  1.2000000000000000e+00 -1.3033868576730219e+00  9.4330262168920054e-01
1046   3.1089231012074916e+00  1.1999999999999997e+00 -2.6791110443599733e+00  9.4330262168920043e-01
1047   5.1871384809659906e+00  1.1999999999999997e+00 -4.7426973243904023e+00  9.4330262168920009e-01
1048   7.2653538607244901e+00  1.1999999999999997e+00 -6.8062836044208348e+00  9.4330262168919954e-01
1049   9.3435692404829904e+00  1.2000000000000000e+00 -8.8698698844512691e+00  9.4330262168919898e-01
1050   1.1421784620241494e+01  1.1999999999999997e+00 -1.0933456164481695e+01  9.4330262168919876e-01
1051   1.2807261540080498e+01  1.2000000000000002e+00 -1.2309180351168649e+01  9.4330262168919843e-01
1052   1.3500000000000000e+01  1.2000000000000002e+00 -1.2997042444512124e+01  9.4330262168919843e-01
1053   1.1275800976644135e+00 -1.2000000000000000e+00 -4.2052254734194194e-01  9.3293115004698113e-01
1054   1.8149367589052785e+00 -1.2000000000000000e+00 -8.7509396341266332e-01  9.3293115004698091e-01
1055   3.1896500813870068e+00 -1.2000000000000000e+00 -1.7842367955541059e+00  9.3293115004698079e-01
1056   5.2517200651096001e+00 -1.2000000000000000e+00 -3.1479510437662719e+00  9.3293115004698024e-01
1057   7.3137900488321970e+00 -1.2000000000000002e+00 -4.5116652919784404e+00  9.3293115004697957e-01
1058   9.3758600325547956e+00 -1.2000000000000002e+00 -5.8753795401906084e+00  9.3293115004697902e-01
1059   1.1437930016277397e+01 -1.1999999999999997e+00 -7.2390937884027746e+00  9.3293115004697869e-01
1060   1.2812643338759129e+01 -1.2000000000000002e+00 -8.1482366205442176e+00  9.3293115004697846e-01
1061   1.3500000000000000e+01 -1.2000000000000002e+00 -8.6028080366149382e+00  9.3293115004697846e-01
1062   1.1275800976644137e+00 -1.0666666666666667e+00 -4.2052254734194194e-01  9.3293115004698113e-01
1063   1.8149367589052785e+00 -1.0666666666666667e+00 -8.7509396341266332e-01  9.3293115004698091e-01
1064   3.1896500813870068e+00 -1.0666666666666667e+00 -1.7842367955541061e+00  9.3293115004698079e-01
1065   5.2517200651096010e+00 -1.0666666666666664e+00 -3.1479510437662714e+00  9.3293115004698035e-01
1066   7.3137900488321970e+00 -1.0666666666666669e+00 -4.5116652919784404e+00  9.3293115004697957e-01
1067   9.3758600325547938e+00 -1.0666666666666667e+00 -5.8753795401906075e+00  9.3293115004697913e-01
1068   1.1437930016277399e+01 -1.0666666666666664e+00 -7.2390937884027746e+00  9.3293115004697869e-01
1069   1.2812643338759129e+01 -1.0666666666666667e+00 -8.1482366205442176e+00  9.3293115004697846e-01
1070   1.3500000000000002e+01 -1.0666666666666667e+00 -8.6028080366149382e+00  9.3293115004697846e-01
1071   1.1275800976644137e+00 -8.0000000000000027e-01 -4.2052254734194211e-01  9.3293115004698124e-01
1072   1.8149367589052781e+00 -8.0000000000000016e-01 -8.7509396341266310e-01  9.3293115004698113e-01
1073   3.1896500813870068e+00 -8.0000000000000004e-01 -1.7842367955541059e+00  9.3293115004698091e-01
1074   5.2517200651096019e+00 -8.0000000000000027e-01 -3.1479510437662719e+00  9.3293115004698035e-01
1075   7.3137900488321987e+00 -8.0000000000000004e-01 -4.5116652919784404e+00  9.3293115004697980e-01
1076   9.3758600325547974e+00 -8.0000000000000016e-01 -5.8753795401906093e+00  9.3293115004697913e-01
1077   1.1437930016277399e+01 -8.0000000000000004e-01 -7.2390937884027728e+00  9.3293115004697891e-01
1078   1.2812643338759131e+01 -8.0000000000000016e-01 -8.1482366205442176e+00  9.3293115004697869e-01
1079   1.3500000000000000e+01 -8.0000000000000016e-01 -8.6028080366149400e+00  9.3293115004697857e-01
1080   1.1275800976644137e+00 -4.0000000000000041e-01 -4.2052254734194211e-01  9.3293115004698124e-01
1081   1.8149367589052783e+00 -4.0000000000000030e-01 -8.7509396341266332e-01  9.3293115004698113e-01
1082   3.1896500813870068e+00 -4.0000000000000036e-01 -1.7842367955541061e+00  9.3293115004698091e-01
1083   5.2517200651096010e+00 -4.0000000000000047e-01 -3.1479510437662723e+00  9.3293115004698035e-01
1084   7.3137900488321970e+00 -4.0000000000000047e-01 -4.5116652919784404e+00  9.3293115004697968e-01
1085   9.3758600325547974e+00 -4.0000000000000047e-01 -5.8753795401906075e+00  9.3293115004697913e-01
1086   1.1437930016277397e+01 -4.0000000000000030e-01 -7.2390937884027755e+00  9.3293115004697891e-01
1087   1.2812643338759131e+01 -4.0000000000000041e-01 -8.1482366205442158e+00  9.3293115004697869e-01
1088   1.3500000000000000e+01 -4.0000000000000036e-01 -8.6028080366149418e+00  9.3293115004697857e-01
1089   1.1275800976644137e+00 -5.1485648835768930e-16 -4.2052254734194200e-01  9.3293115004698124e-01
1090   1.8149367589052783e+00 -5.4171497290283367e-16 -8.7509396341266332e-01  9.3293115004698113e-01
1091   3.1896500813870068e+00 -5.3510365363018287e-16 -1.7842367955541059e+00  9.3293115004698091e-01
1092   5.2517200651096001e+00 -5.3500035176654805e-16 -3.1479510437662732e+00  9.3293115004698024e-01
1093   7.3137900488321961e+00 -5.1547629953950109e-16 -4.5116652919784404e+00  9.3293115004697980e-01
1094   9.3758600325547938e+00 -5.3179799399385845e-16 -5.8753795401906093e+00  9.3293115004697913e-01
1095   1.1437930016277397e+01 -5.2818242876662760e-16 -7.2390937884027737e+00  9.3293115004697880e-01
1096   1.2812643338759129e+01 -5.3830601140287443e-16 -8.1482366205442158e+00  9.3293115004697869e-01
1097   1.3499999999999998e+01 -5.3830601140287453e-16 -8.6028080366149382e+00  9.3293115004697857e-01
1098   1.1275800976644135e+00  3.9999999999999930e-01 -4.2052254734194189e-01  9.3293115004698124e-01
1099   1.8149367589052785e+00  3.9999999999999936e-01 -8.7509396341266332e-01  9.3293115004698091e-01
1100   3.1896500813870068e+00  3.9999999999999936e-01 -1.7842367955541059e+00  9.3293115004698079e-01
1101   5.2517200651096001e+00  3.9999999999999930e-01 -3.1479510437662714e+00  9.3293115004698035e-01
1102   7.3137900488321970e+00  3.9999999999999941e-01 -4.5116652919784404e+00  9.3293115004697957e-01
1103   9.3758600325547956e+00  3.9999999999999936e-01 -5.8753795401906084e+00  9.3293115004697902e-01
1104   1.1437930016277397e+01  3.9999999999999925e-01 -7.2390937884027746e+00  9.3293115004697869e-01
1105   1.2812643338759131e+01  3.9999999999999936e-01 -8.1482366205442176e+00  9.3293115004697846e-01
1106   1.3500000000000002e+01  3.9999999999999936e-01 -8.6028080366149382e+00  9.3293115004697846e-01
1107   1.1275800976644135e+00  7.9999999999999938e-01 -4.2052254734194189e-01  9.3293115004698124e-01
1108   1.8149367589052785e+00  7.9999999999999949e-01 -8.7509396341266332e-01  9.3293115004698091e-01
1109   3.1896500813870068e+00  7.9999999999999938e-01 -1.7842367955541059e+00  9.3293115004698079e-01
1110   5.2517200651096001e+00  7.9999999999999949e-01 -3.1479510437662719e+00  9.3293115004698024e-01
1111   7.3137900488321970e+00  7.9999999999999960e-01 -4.5116652919784404e+00  9.3293115004697957e-01
1112   9.3758600325547956e+00  7.9999999999999960e-01 -5.8753795401906084e+00  9.3293115004697902e-01
1113   1.1437930016277397e+01  7.9999999999999938e-01 -7.2390937884027746e+00  9.3293115004697869e-01
1114   1.2812643338759129e+01  7.9999999999999960e-01 -8.1482366205442176e+00  9.3293115004697846e-01
1115   1.3500000000000000e+01  7.9999999999999938e-01 -8.6028080366149382e+00  9.3293115004697846e-01
1116   1.1275800976644135e+00  1.0666666666666662e+00 -4.2052254734194194e-01  9.3293115004698113e-01
1117   1.8149367589052785e+00  1.0666666666666664e+00 -8.7509396341266332e-01  9.3293115004698091e-01
1118   3.1896500813870068e+00  1.0666666666666662e+00 -1.7842367955541059e+00  9.3293115004698079e-01
1119   5.2517200651096001e+00  1.0666666666666662e+00 -3.1479510437662719e+00  9.3293115004698024e-01
1120   7.3137900488321970e+00  1.0666666666666664e+00 -4.5116652919784404e+00  9.3293115004697957e-01
1121   9.3758600325547956e+00  1.0666666666666664e+00 -5.8753795401906084e+00  9.3293115004697902e-01
1122   1.1437930016277397e+01  1.0666666666666662e+00 -7.2390937884027746e+00  9.3293115004697869e-01
1123   1.2812643338759129e+01  1.0666666666666662e+00 -8.1482366205442176e+00  9.3293115004697846e-01
1124   1.3500000000000000e+01  1.0666666666666662e+00 -8.6028080366149382e+00  9.3293115004697846e-01
1125   1.1275800976644135e+00  1.2000000000000000e+00 -4.2052254734194194e-01  9.3293115004698113e-01
1126   1.8149367589052785e+00  1.2000000000000000e+00 -8.7509396341266332e-01  9.3293115004698091e-01
1127   3.1896500813870068e+00  1.2000000000000000e+00 -1.7842367955541059e+00  9.3293115004698079e-01
1128   5.2517200651096001e+00  1.2000000000000000e+00 -3.1479510437662719e+00  9.3293115004698024e-01
1129   7.3137900488321970e+00  1.2000000000000002e+00 -4.5116652919784404e+00  9.3293115004697957e-01
1130   9.3758600325547956e+00  1.2000000000000002e+00 -5.8753795401906084e+00  9.3293115004697902e-01
1131   1.1437930016277397e+01  1.1999999999999997e+00 -7.2390937884027746e+00  9.3293115004697869e-01
1132   1.2812643338759129e+01  1.2000000000000002e+00 -8.1482366205442176e+00  9.3293115004697846e-01
1133   1.3500000000000000e+01  1.2000000000000002e+00 -8.6028080366149382e+00  9.3293115004697846e-01
1134   1.1867443263874464e+00 -1.1999999999999997e+00 -2.1336773310066087e-01  9.2670826706164944e-01
1135   1.8708140860325868e+00 -1.1999999999999997e+00 -4.3943094136428040e-01  9.2670826706164933e-01
1136   3.2389536053228660e+00 -1.1999999999999997e+00 -8.9155735789151980e-01  9.2670826706164910e-01
1137   5.2911628842582878e+00 -1.2000000000000000e+00 -1.5697469826823802e+00  9.2670826706164844e-01
1138   7.3433721631937114e+00 -1.2000000000000000e+00 -2.2479366074732408e+00  9.2670826706164766e-01
1139   9.3955814421291368e+00 -1.1999999999999997e+00 -2.9261262322641026e+00  9.2670826706164711e-01
1140   1.1447790721064566e+01 -1.1999999999999997e+00 -3.6043158570549627e+00  9.2670826706164666e-01
1141   1.2815930240354856e+01 -1.2000000000000000e+00 -4.0564422735822037e+00  9.2670826706164633e-01
1142   1.3500000000000000e+01 -1.2000000000000000e+00 -4.2825054818458232e+00  9.2670826706164622e-01
1143   1.1867443263874464e+00 -1.0666666666666667e+00 -2.1336773310066087e-01  9.2670826706164944e-01
1144   1.8708140860325868e+00 -1.0666666666666667e+00 -4.3943094136428040e-01  9.2670826706164933e-01
1145   3.2389536053228660e+00 -1.0666666666666667e+00 -8.9155735789151958e-01  9.2670826706164910e-01
1146   5.2911628842582878e+00 -1.0666666666666667e+00 -1.5697469826823798e+00  9.2670826706164844e-01
1147   7.3433721631937114e+00 -1.0666666666666667e+00 -2.2479366074732408e+00  9.2670826706164766e-01
1148   9.3955814421291368e+00 -1.0666666666666667e+00 -2.9261262322641026e+00  9.2670826706164711e-01
1149   1.1447790721064566e+01 -1.0666666666666667e+00 -3.6043158570549627e+00  9.2670826706164666e-01
1150   1.2815930240354856e+01 -1.0666666666666669e+00 -4.0564422735822037e+00  9.2670826706164633e-01
1151   1.3500000000000002e+01 -1.0666666666666669e+00 -4.2825054818458232e+00  9.2670826706164622e-01
1152   1.1867443263874462e+00 -8.0000000000000027e-01 -2.1336773310066093e-01  9.2670826706164955e-01
1153   1.8708140860325864e+00 -8.0000000000000016e-01 -4.3943094136428040e-01  9.2670826706164955e-01
1154   3.2389536053228660e+00 -8.0000000000000016e-01 -8.9155735789151980e-01  9.2670826706164910e-01
1155   5.2911628842582887e+00 -8.0000000000000027e-01 -1.5697469826823798e+00  9.2670826706164844e-01
1156   7.3433721631937132e+00 -8.0000000000000027e-01 -2.2479366074732408e+00  9.2670826706164777e-01
1157   9.3955814421291386e+00 -8.0000000000000027e-01 -2.9261262322641026e+00  9.2670826706164711e-01
1158   1.1447790721064568e+01 -8.0000000000000016e-01 -3.6043158570549627e+00  9.2670826706164677e-01
1159   1.2815930240354856e+01 -8.0000000000000027e-01 -4.0564422735822054e+00  9.2670826706164644e-01
1160   1.3500000000000000e+01 -8.0000000000000016e-01 -4.2825054818458241e+00  9.2670826706164644e-01
1161   1.1867443263874462e+00 -4.0000000000000041e-01 -2.1336773310066087e-01  9.2670826706164955e-01
1162   1.8708140860325864e+00 -4.0000000000000030e-01 -4.3943094136428035e-01  9.2670826706164955e-01
1163   3.2389536053228665e+00 -4.0000000000000041e-01 -8.9155735789151980e-01  9.2670826706164910e-01
1164   5.2911628842582870e+00 -4.0000000000000047e-01 -1.5697469826823798e+00  9.2670826706164855e-01
1165   7.3433721631937132e+00 -4.0000000000000041e-01 -2.2479366074732412e+00  9.2670826706164777e-01
1166   9.3955814421291386e+00 -4.0000000000000047e-01 -2.9261262322641026e+00  9.2670826706164711e-01
1167   1.1447790721064568e+01 -4.0000000000000036e-01 -3.6043158570549627e+00  9.2670826706164677e-01
1168   1.2815930240354856e+01 -4.0000000000000047e-01 -4.0564422735822045e+00  9.2670826706164644e-01
1169   1.3500000000000000e+01 -4.0000000000000041e-01 -4.2825054818458241e+00  9.2670826706164644e-01
1170   1.1867443263874462e+00 -5.4452064624000504e-16 -2.1336773310066073e-01  9.2670826706164955e-01
1171   1.8708140860325868e+00 -5.7031154010316823e-16 -4.3943094136428046e-01  9.2670826706164933e-01
1172   3.2389536053228665e+00 -5.7239145089858461e-16 -8.9155735789151958e-01  9.2670826706164910e-01
1173   5.2911628842582878e+00 -5.6386381663737800e-16 -1.5697469826823800e+00  9.2670826706164844e-01
1174   7.3433721631937132e+00 -5.5076037862625517e-16 -2.2479366074732412e+00  9.2670826706164777e-01
1175   9.3955814421291386e+00 -5.5658412885342145e-16 -2.9261262322641026e+00  9.2670826706164711e-01
1176   1.1447790721064566e+01 -5.6011997720562957e-16 -3.6043158570549627e+00  9.2670826706164666e-01
1177   1.2815930240354856e+01 -5.6843962038729530e-16 -4.0564422735822045e+00  9.2670826706164644e-01
1178   1.3499999999999996e+01 -5.6843962038729530e-16 -4.2825054818458232e+00  9.2670826706164644e-01
1179   1.1867443263874462e+00  3.9999999999999936e-01 -2.1336773310066084e-01  9.2670826706164955e-01
1180   1.8708140860325868e+00  3.9999999999999925e-01 -4.3943094136428040e-01  9.2670826706164933e-01
1181   3.2389536053228669e+00  3.9999999999999941e-01 -8.9155735789152002e-01  9.2670826706164888e-01
1182   5.2911628842582878e+00  3.9999999999999930e-01 -1.5697469826823793e+00  9.2670826706164844e-01
1183   7.3433721631937114e+00  3.9999999999999936e-01 -2.2479366074732408e+00  9.2670826706164766e-01
1184   9.3955814421291368e+00  3.9999999999999941e-01 -2.9261262322641026e+00  9.2670826706164711e-01
1185   1.1447790721064566e+01  3.9999999999999936e-01 -3.6043158570549627e+00  9.2670826706164666e-01
1186   1.2815930240354858e+01  3.9999999999999936e-01 -4.0564422735822037e+00  9.2670826706164633e-01
1187   1.3500000000000002e+01  3.9999999999999936e-01 -4.2825054818458232e+00  9.2670826706164622e-01
1188   1.1867443263874464e+00  7.9999999999999938e-01 -2.1336773310066087e-01  9.2670826706164944e-01
1189   1.8708140860325868e+00  7.9999999999999938e-01 -4.3943094136428040e-01  9.2670826706164933e-01
1190   3.2389536053228660e+00  7.9999999999999916e-01 -8.9155735789151980e-01  9.2670826706164910e-01
1191   5.2911628842582878e+00  7.9999999999999927e-01 -1.5697469826823802e+00  9.2670826706164844e-01
1192   7.3433721631937114e+00  7.9999999999999938e-01 -2.2479366074732408e+00  9.2670826706164766e-01
1193   9.3955814421291368e+00  7.9999999999999938e-01 -2.9261262322641026e+00  9.2670826706164711e-01
1194   1.1447790721064566e+01  7.9999999999999927e-01 -3.6043158570549627e+00  9.2670826706164666e-01
1195   1.2815930240354856e+01  7.9999999999999949e-01 -4.0564422735822037e+00  9.2670826706164633e-01
1196   1.3500000000000000e+01  7.9999999999999949e-01 -4.2825054818458232e+00  9.2670826706164622e-01
1197   1.1867443263874464e+00  1.0666666666666662e+00 -2.1336773310066087e-01  9.2670826706164944e-01
1198   1.8708140860325868e+00  1.0666666666666662e+00 -4.3943094136428040e-01  9.2670826706164933e-01
1199   3.2389536053228660e+00  1.0666666666666662e+00 -8.9155735789151980e-01  9.2670826706164910e-01
1200   5.2911628842582878e+00  1.0666666666666662e+00 -1.5697469826823802e+00  9.2670826706164844e-01
1201   7.3433721631937114e+00  1.0666666666666664e+00 -2.2479366074732408e+00  9.2670826706164766e-01
1202   9.3955814421291368e+00  1.0666666666666664e+00 -2.9261262322641026e+00  9.2670826706164711e-01
1203   1.1447790721064566e+01  1.0666666666666664e+00 -3.6043158570549627e+00  9.2670826706164666e-01
1204   1.2815930240354856e+01  1.0666666666666664e+00 -4.0564422735822037e+00  9.2670826706164633e-01
1205   1.3500000000000000e+01  1.0666666666666667e+00 -4.2825054818458232e+00  9.2670826706164622e-01
1206   1.1867443263874464e+00  1.1999999999999997e+00 -2.1336773310066087e-01  9.2670826706164944e-01
1207   1.8708140860325868e+00  1.1999999999999997e+00 -4.3943094136428040e-01  9.2670826706164933e-01
1208   3.2389536053228660e+00  1.1999999999999997e+00 -8.9155735789151980e-01  9.2670826706164910e-01
1209   5.2911628842582878e+00  1.2000000000000000e+00 -1.5697469826823802e+00  9.2670826706164844e-01
1210   7.3433721631937114e+00  1.2000000000000000e+00 -2.2479366074732408e+00  9.2670826706164766e-01
1211   9.3955814421291368e+00  1.1999999999999997e+00 -2.9261262322641026e+00  9.2670826706164711e-01
1212   1.1447790721064566e+01  1.1999999999999997e+00 -3.6043158570549627e+00  9.2670826706164666e-01
1213   1.2815930240354856e+01  1.2000000000000000e+00 -4.0564422735822037e+00  9.2670826706164633e-01
1214   1.3500000000000000e+01  1.2000000000000000e+00 -4.2825054818458232e+00  9.2670826706164622e-01
1215   1.2066427054837214e+00 -1.2000000000000000e+00 -6.9041183645072830e-16  9.2463397273320547e-01
1216   1.8896069996235128e+00 -1.1999999999999997e+00 -1.6329740827356359e-14  9.2463397273320536e-01
1217   3.2555355879030947e+00 -1.1999999999999997e+00 -4.7428291373571795e-14  9.2463397273320502e-01
1218   5.3044284703224704e+00 -1.2000000000000000e+00 -9.3896009757299163e-14  9.2463397273320436e-01
1219   7.3533213527418484e+00 -1.2000000000000000e+00 -1.4096408625967943e-13  9.2463397273320358e-01
1220   9.4022142351612299e+00 -1.2000000000000000e+00 -1.8683144652475414e-13  9.2463397273320280e-01
1221   1.1451107117580614e+01 -1.1999999999999997e+00 -2.3437980952205670e-13  9.2463397273320236e-01
1222   1.2817035705860203e+01 -1.2000000000000000e+00 -2.6703929117676959e-13  9.2463397273320214e-01
1223   1.3500000000000000e+01 -1.2000000000000000e+00 -2.8336903200412601e-13  9.2463397273320214e-01
1224   1.2066427054837214e+00 -1.0666666666666664e+00 -6.9041183645072830e-16  9.2463397273320547e-01
1225   1.8896069996235130e+00 -1.0666666666666667e+00 -1.6269705015491079e-14  9.2463397273320536e-01
1226   3.2555355879030947e+00 -1.0666666666666667e+00 -4.7188148126110672e-14  9.2463397273320502e-01
1227   5.3044284703224704e+00 -1.0666666666666667e+00 -9.3896009757299163e-14  9.2463397273320436e-01
1228   7.3533213527418484e+00 -1.0666666666666667e+00 -1.4096408625967943e-13  9.2463397273320358e-01
1229   9.4022142351612299e+00 -1.0666666666666667e+00 -1.8683144652475414e-13  9.2463397273320280e-01
1230   1.1451107117580614e+01 -1.0666666666666664e+00 -2.3437980952205670e-13  9.2463397273320236e-01
1231   1.2817035705860203e+01 -1.0666666666666669e+00 -2.6703929117676959e-13  9.2463397273320214e-01
1232   1.3500000000000000e+01 -1.0666666666666664e+00 -2.8336903200412601e-13  9.2463397273320214e-01
1233   1.2066427054837217e+00 -8.0000000000000016e-01 -7.8046555424864928e-16  9.2463397273320558e-01
1234   1.8896069996235130e+00 -8.0000000000000004e-01 -1.6389776639221637e-14  9.2463397273320547e-01
1235   3.2555355879030947e+00 -8.0000000000000004e-01 -4.7188148126110666e-14  9.2463397273320513e-01
1236   5.3044284703224713e+00 -8.0000000000000027e-01 -9.3896009757299163e-14  9.2463397273320436e-01
1237   7.3533213527418484e+00 -8.0000000000000016e-01 -1.4048379976475716e-13  9.2463397273320369e-01
1238   9.4022142351612299e+00 -8.0000000000000027e-01 -1.8731173301967633e-13  9.2463397273320302e-01
1239   1.1451107117580612e+01 -8.0000000000000016e-01 -2.3486009601697892e-13  9.2463397273320258e-01
1240   1.2817035705860199e+01 -8.0000000000000004e-01 -2.6751957767169181e-13  9.2463397273320236e-01
1241   1.3500000000000000e+01 -8.0000000000000027e-01 -2.8384931849904828e-13  9.2463397273320214e-01
1242   1.2066427054837217e+00 -4.0000000000000052e-01 -7.5044764831600889e-16  9.2463397273320558e-01
1243   1.8896069996235130e+00 -4.0000000000000041e-01 -1.6389776639221637e-14  9.2463397273320547e-01
1244   3.2555355879030952e+00 -4.0000000000000047e-01 -4.7308219749841227e-14  9.2463397273320513e-01
1245   5.3044284703224704e+00 -4.0000000000000052e-01 -9.4136153004760272e-14  9.2463397273320447e-01
1246   7.3533213527418484e+00 -4.0000000000000047e-01 -1.4144437275460164e-13  9.2463397273320369e-01
1247   9.4022142351612299e+00 -4.0000000000000047e-01 -1.8731173301967633e-13  9.2463397273320302e-01
1248   1.1451107117580611e+01 -4.0000000000000041e-01 -2.3486009601697892e-13  9.2463397273320258e-01
1249   1.2817035705860199e+01 -4.0000000000000047e-01 -2.6703929117676954e-13  9.2463397273320236e-01
1250   1.3500000000000000e+01 -4.0000000000000041e-01 -2.8336903200412601e-13  9.2463397273320214e-01
1251   1.2066427054837217e+00 -5.7278959046119822e-16 -6.3037602458544760e-16  9.2463397273320547e-01
1252   1.8896069996235128e+00 -5.9551147759076635e-16 -1.6329740827356356e-14  9.2463397273320547e-01
1253   3.2555355879030956e+00 -6.0525687413487032e-16 -4.7188148126110672e-14  9.2463397273320502e-01
1254   5.3044284703224704e+00 -5.8983100580837503e-16 -9.4136153004760285e-14  9.2463397273320436e-01
1255   7.3533213527418484e+00 -5.8091943998462282e-16 -1.4096408625967940e-13  9.2463397273320369e-01
1256   9.4022142351612281e+00 -5.7847006224359181e-16 -1.8731173301967636e-13  9.2463397273320291e-01
1257   1.1451107117580611e+01 -5.8983100580837622e-16 -2.3437980952205665e-13  9.2463397273320258e-01
1258   1.2817035705860201e+01 -5.9551147759076833e-16 -2.6655900468184732e-13  9.2463397273320225e-01
1259   1.3500000000000000e+01 -5.9551147759076842e-16 -2.8336903200412601e-13  9.2463397273320214e-01
1260   1.2066427054837214e+00  3.9999999999999936e-01 -6.9041183645072830e-16  9.2463397273320547e-01
1261   1.8896069996235130e+00  3.9999999999999930e-01 -1.6329740827356359e-14  9.2463397273320536e-01
1262   3.2555355879030947e+00  3.9999999999999930e-01 -4.7428291373571795e-14  9.2463397273320502e-01
1263   5.3044284703224704e+00  3.9999999999999936e-01 -9.3896009757299163e-14  9.2463397273320436e-01
1264   7.3533213527418484e+00  3.9999999999999930e-01 -1.4096408625967943e-13  9.2463397273320358e-01
1265   9.4022142351612299e+00  3.9999999999999941e-01 -1.8683144652475414e-13  9.2463397273320280e-01
1266   1.1451107117580614e+01  3.9999999999999936e-01 -2.3437980952205670e-13  9.2463397273320236e-01
1267   1.2817035705860203e+01  3.9999999999999936e-01 -2.6703929117676959e-13  9.2463397273320214e-01
1268   1.3500000000000000e+01  3.9999999999999936e-01 -2.8336903200412601e-13  9.2463397273320214e-01
1269   1.2066427054837214e+00  7.9999999999999938e-01 -6.9041183645072830e-16  9.2463397273320547e-01
1270   1.8896069996235128e+00  7.9999999999999927e-01 -1.6329740827356359e-14  9.2463397273320536e-01
1271   3.2555355879030947e+00  7.9999999999999938e-01 -4.7428291373571795e-14  9.2463397273320502e-01
1272   5.3044284703224704e+00  7.9999999999999938e-01 -9.3896009757299163e-14  9.2463397273320436e-01
1273   7.3533213527418484e+00  7.9999999999999938e-01 -1.4096408625967943e-13  9.2463397273320358e-01
1274   9.4022142351612299e+00  7.9999999999999949e-01 -1.8683144652475414e-13  9.2463397273320280e-01
1275   1.1451107117580614e+01  7.9999999999999927e-01 -2.3437980952205670e-13  9.2463397273320236e-01
1276   1.2817035705860203e+01  7.9999999999999938e-01 -2.6703929117676959e-13  9.2463397273320214e-01
1277   1.3500000000000000e+01  7.9999999999999927e-01 -2.8336903200412601e-13  9.2463397273320214e-01
1278   1.2066427054837214e+00  1.0666666666666662e+00 -6.9041183645072830e-16  9.2463397273320547e-01
1279   1.8896069996235128e+00  1.0666666666666662e+00 -1.6329740827356359e-14  9.2463397273320536e-01
1280   3.2555355879030947e+00  1.0666666666666662e+00 -4.7428291373571795e-14  9.2463397273320502e-01
1281   5.3044284703224704e+00  1.0666666666666662e+00 -9.3896009757299163e-14  9.2463397273320436e-01
1282   7.3533213527418484e+00  1.0666666666666662e+00 -1.4096408625967943e-13  9.2463397273320358e-01
1283   9.4022142351612299e+00  1.0666666666666664e+00 -1.8683144652475414e-13  9.2463397273320280e-01
1284   1.1451107117580614e+01  1.0666666666666662e+00 -2.3437980952205670e-13  9.2463397273320236e-01
1285   1.2817035705860203e+01  1.0666666666666662e+00 -2.6703929117676959e-13  9.2463397273320214e-01
1286   1.3500000000000000e+01  1.0666666666666662e+00 -2.8336903200412601e-13  9.2463397273320214e-01
1287   1.2066427054837214e+00  1.2000000000000000e+00 -6.9041183645072830e-16  9.2463397273320547e-01
1288   1.8896069996235128e+00  1.1999999999999997e+00 -1.6329740827356359e-14  9.2463397273320536e-01
1289   3.2555355879030947e+00  1.1999999999999997e+00 -4.7428291373571795e-14  9.2463397273320502e-01
1290   5.3044284703224704e+00  1.2000000000000000e+00 -9.3896009757299163e-14  9.2463397273320436e-01
1291   7.3533213527418484e+00  1.2000000000000000e+00 -1.4096408625967943e-13  9.2463397273320358e-01
1292   9.4022142351612299e+00  1.2000000000000000e+00 -1.8683144652475414e-13  9.2463397273320280e-01
1293   1.1451107117580614e+01  1.1999999999999997e+00 -2.3437980952205670e-13  9.2463397273320236e-01
1294   1.2817035705860203e+01  1.2000000000000000e+00 -2.6703929117676959e-13  9.2463397273320214e-01
1295   1.3500000000000000e+01  1.2000000000000000e+00 -2.8336903200412601e-13  9.2463397273320214e-01
1296   1.1867443263874460e+00 -1.2000000000000000e+00  2.1336773310065946e-01  9.2670826706164933e-01
1297   1.8708140860325859e+00 -1.1999999999999997e+00  4.3943094136424882e-01  9.2670826706164910e-01
1298   3.2389536053228651e+00 -1.1999999999999997e+00  8.9155735789142798e-01  9.2670826706164888e-01
1299   5.2911628842582861e+00 -1.2000000000000000e+00  1.5697469826821975e+00  9.2670826706164822e-01
1300   7.3433721631937106e+00 -1.2000000000000000e+00  2.2479366074729685e+00  9.2670826706164733e-01
1301   9.3955814421291368e+00 -1.2000000000000000e+00  2.9261262322637394e+00  9.2670826706164666e-01
1302   1.1447790721064564e+01 -1.1999999999999995e+00  3.6043158570545097e+00  9.2670826706164622e-01
1303   1.2815930240354854e+01 -1.2000000000000000e+00  4.0564422735816894e+00  9.2670826706164589e-01
1304   1.3500000000000000e+01 -1.2000000000000002e+00  4.2825054818452770e+00  9.2670826706164577e-01
1305   1.1867443263874462e+00 -1.0666666666666667e+00  2.1336773310065946e-01  9.2670826706164933e-01
1306   1.8708140860325859e+00 -1.0666666666666667e+00  4.3943094136424887e-01  9.2670826706164910e-01
1307   3.2389536053228651e+00 -1.0666666666666667e+00  8.9155735789142809e-01  9.2670826706164888e-01
1308   5.2911628842582861e+00 -1.0666666666666667e+00  1.5697469826821975e+00  9.2670826706164822e-01
1309   7.3433721631937106e+00 -1.0666666666666667e+00  2.2479366074729685e+00  9.2670826706164733e-01
1310   9.3955814421291368e+00 -1.0666666666666667e+00  2.9261262322637394e+00  9.2670826706164666e-01
1311   1.1447790721064566e+01 -1.0666666666666667e+00  3.6043158570545097e+00  9.2670826706164622e-01
1312   1.2815930240354854e+01 -1.0666666666666669e+00  4.0564422735816894e+00  9.2670826706164589e-01
1313   1.3500000000000000e+01 -1.0666666666666669e+00  4.2825054818452770e+00  9.2670826706164577e-01
1314   1.1867443263874462e+00 -8.0000000000000027e-01  2.1336773310065940e-01  9.2670826706164933e-01
1315   1.8708140860325855e+00 -8.0000000000000027e-01  4.3943094136424871e-01  9.2670826706164933e-01
1316   3.2389536053228647e+00 -8.0000000000000016e-01  8.9155735789142798e-01  9.2670826706164899e-01
1317   5.2911628842582870e+00 -8.0000000000000038e-01  1.5697469826821975e+00  9.2670826706164822e-01
1318   7.3433721631937114e+00 -8.0000000000000016e-01  2.2479366074729690e+00  9.2670826706164755e-01
1319   9.3955814421291386e+00 -8.0000000000000038e-01  2.9261262322637398e+00  9.2670826706164666e-01
1320   1.1447790721064568e+01 -8.0000000000000027e-01  3.6043158570545106e+00  9.2670826706164622e-01
1321   1.2815930240354856e+01 -8.0000000000000027e-01  4.0564422735816876e+00  9.2670826706164600e-01
1322   1.3500000000000000e+01 -8.0000000000000038e-01  4.2825054818452788e+00  9.2670826706164577e-01
1323   1.1867443263874462e+00 -4.0000000000000052e-01  2.1336773310065946e-01  9.2670826706164933e-01
1324   1.8708140860325861e+00 -4.0000000000000041e-01  4.3943094136424871e-01  9.2670826706164933e-01
1325   3.2389536053228651e+00 -4.0000000000000047e-01  8.9155735789142809e-01  9.2670826706164888e-01
1326   5.2911628842582870e+00 -4.0000000000000052e-01  1.5697469826821979e+00  9.2670826706164822e-01
1327   7.3433721631937114e+00 -4.0000000000000058e-01  2.2479366074729690e+00  9.2670826706164733e-01
1328   9.3955814421291368e+00 -4.0000000000000047e-01  2.9261262322637394e+00  9.2670826706164688e-01
1329   1.1447790721064566e+01 -4.0000000000000058e-01  3.6043158570545097e+00  9.2670826706164622e-01
1330   1.2815930240354856e+01 -4.0000000000000052e-01  4.0564422735816885e+00  9.2670826706164600e-01
1331   1.3499999999999996e+01 -4.0000000000000041e-01  4.2825054818452779e+00  9.2670826706164600e-01
1332   1.1867443263874462e+00 -5.9506247856862293e-16  2.1336773310065951e-01  9.2670826706164933e-01
1333   1.8708140860325855e+00 -6.1336569356828681e-16  4.3943094136424876e-01  9.2670826706164933e-01
1334   3.2389536053228647e+00 -6.2854904237482661e-16  8.9155735789142798e-01  9.2670826706164899e-01
1335   5.2911628842582861e+00 -6.0878988981837178e-16  1.5697469826821979e+00  9.2670826706164822e-01
1336   7.3433721631937106e+00 -6.0130221095487306e-16  2.2479366074729685e+00  9.2670826706164744e-01
1337   9.3955814421291368e+00 -5.9402252317091651e-16  2.9261262322637398e+00  9.2670826706164666e-01
1338   1.1447790721064564e+01 -6.1253372925012237e-16  3.6043158570545097e+00  9.2670826706164622e-01
1339   1.2815930240354856e+01 -6.1523761328416398e-16  4.0564422735816885e+00  9.2670826706164600e-01
1340   1.3500000000000000e+01 -6.1523761328416418e-16  4.2825054818452770e+00  9.2670826706164577e-01
1341   1.1867443263874460e+00  3.9999999999999941e-01  2.1336773310065946e-01  9.2670826706164933e-01
1342   1.8708140860325859e+00  3.9999999999999930e-01  4.3943094136424882e-01  9.2670826706164910e-01
1343   3.2389536053228660e+00  3.9999999999999936e-01  8.9155735789142820e-01  9.2670826706164866e-01
1344   5.2911628842582861e+00  3.9999999999999925e-01  1.5697469826821975e+00  9.2670826706164822e-01
1345   7.3433721631937106e+00  3.9999999999999930e-01  2.2479366074729685e+00  9.2670826706164733e-01
1346   9.3955814421291368e+00  3.9999999999999936e-01  2.9261262322637394e+00  9.2670826706164666e-01
1347   1.1447790721064566e+01  3.9999999999999930e-01  3.6043158570545097e+00  9.2670826706164622e-01
1348   1.2815930240354858e+01  3.9999999999999930e-01  4.0564422735816894e+00  9.2670826706164589e-01
1349   1.3500000000000000e+01  3.9999999999999936e-01  4.2825054818452770e+00  9.2670826706164577e-01
1350   1.1867443263874460e+00  7.9999999999999949e-01  2.1336773310065946e-01  9.2670826706164933e-01
1351   1.8708140860325859e+00  7.9999999999999938e-01  4.3943094136424882e-01  9.2670826706164910e-01
1352   3.2389536053228651e+00  7.9999999999999927e-01  8.9155735789142798e-01  9.2670826706164888e-01
1353   5.2911628842582861e+00  7.9999999999999938e-01  1.5697469826821975e+00  9.2670826706164822e-01
1354   7.3433721631937106e+00  7.9999999999999938e-01  2.2479366074729685e+00  9.2670826706164733e-01
1355   9.3955814421291368e+00  7.9999999999999938e-01  2.9261262322637394e+00  9.2670826706164666e-01
1356   1.1447790721064564e+01  7.9999999999999916e-01  3.6043158570545097e+00  9.2670826706164622e-01
1357   1.2815930240354854e+01  7.9999999999999949e-01  4.0564422735816894e+00  9.2670826706164589e-01
1358   1.3500000000000000e+01  7.9999999999999949e-01  4.2825054818452770e+00  9.2670826706164577e-01
1359   1.1867443263874460e+00  1.0666666666666662e+00  2.1336773310065946e-01  9.2670826706164933e-01
1360   1.8708140860325859e+00  1.0666666666666664e+00  4.3943094136424882e-01  9.2670826706164910e-01
1361   3.2389536053228651e+00  1.0666666666666662e+00  8.9155735789142798e-01  9.2670826706164888e-01
1362   5.2911628842582861e+00  1.0666666666666662e+00  1.5697469826821975e+00  9.2670826706164822e-01
1363   7.3433721631937106e+00  1.0666666666666664e+00  2.2479366074729685e+00  9.2670826706164733e-01
1364   9.3955814421291368e+00  1.0666666666666664e+00  2.9261262322637394e+00  9.2670826706164666e-01
1365   1.1447790721064564e+01  1.0666666666666662e+00  3.6043158570545097e+00  9.2670826706164622e-01
1366   1.2815930240354854e+01  1.0666666666666664e+00  4.0564422735816894e+00  9.2670826706164589e-01
1367   1.3500000000000000e+01  1.0666666666666667e+00  4.2825054818452770e+00  9.2670826706164577e-01
1368   1.1867443263874460e+00  1.2000000000000000e+00  2.1336773310065946e-01  9.2670826706164933e-01
1369   1.8708140860325859e+00  1.1999999999999997e+00  4.3943094136424882e-01  9.2670826706164910e-01
1370   3.2389536053228651e+00  1.1999999999999997e+00  8.9155735789142798e-01  9.2670826706164888e-01
1371   5.2911628842582861e+00  1.2000000000000000e+00  1.5697469826821975e+00  9.2670826706164822e-01
1372   7.3433721631937106e+00  1.2000000000000000e+00  2.2479366074729685e+00  9.2670826706164733e-01
1373   9.3955814421291368e+00  1.2000000000000000e+00  2.9261262322637394e+00  9.2670826706164666e-01
1374   1.1447790721064564e+01  1.1999999999999995e+00  3.6043158570545097e+00  9.2670826706164622e-01
1375   1.2815930240354854e+01  1.2000000000000000e+00  4.0564422735816894e+00  9.2670826706164589e-01
1376   1.3500000000000000e+01  1.2000000000000002e+00  4.2825054818452770e+00  9.2670826706164577e-01
1377   1.1275800976644137e+00 -1.2000000000000000e+00  4.2052254734194094e-01  9.3293115004698079e-01
1378   1.8149367589052778e+00 -1.2000000000000000e+00  8.7509396341263479e-01  9.3293115004698068e-01
1379   3.1896500813870055e+00 -1.2000000000000000e+00  1.7842367955540233e+00  9.3293115004698035e-01
1380   5.2517200651095992e+00 -1.2000000000000000e+00  3.1479510437661076e+00  9.3293115004697968e-01
1381   7.3137900488321952e+00 -1.2000000000000000e+00  4.5116652919781934e+00  9.3293115004697902e-01
1382   9.3758600325547938e+00 -1.2000000000000000e+00  5.8753795401902815e+00  9.3293115004697824e-01
1383   1.1437930016277397e+01 -1.1999999999999997e+00  7.2390937884023669e+00  9.3293115004697780e-01
1384   1.2812643338759131e+01 -1.1999999999999997e+00  8.1482366205437540e+00  9.3293115004697758e-01
1385   1.3500000000000002e+01 -1.2000000000000000e+00  8.6028080366144515e+00  9.3293115004697746e-01
1386   1.1275800976644137e+00 -1.0666666666666667e+00  4.2052254734194094e-01  9.3293115004698079e-01
1387   1.8149367589052778e+00 -1.0666666666666667e+00  8.7509396341263479e-01  9.3293115004698068e-01
1388   3.1896500813870055e+00 -1.0666666666666667e+00  1.7842367955540239e+00  9.3293115004698035e-01
1389   5.2517200651096001e+00 -1.0666666666666669e+00  3.1479510437661080e+00  9.3293115004697968e-01
1390   7.3137900488321952e+00 -1.0666666666666667e+00  4.5116652919781934e+00  9.3293115004697902e-01
1391   9.3758600325547938e+00 -1.0666666666666669e+00  5.8753795401902815e+00  9.3293115004697824e-01
1392   1.1437930016277399e+01 -1.0666666666666669e+00  7.2390937884023669e+00  9.3293115004697780e-01
1393   1.2812643338759131e+01 -1.0666666666666669e+00  8.1482366205437540e+00  9.3293115004697758e-01
1394   1.3500000000000002e+01 -1.0666666666666667e+00  8.6028080366144515e+00  9.3293115004697746e-01
1395   1.1275800976644135e+00 -8.0000000000000038e-01  4.2052254734194094e-01  9.3293115004698102e-01
1396   1.8149367589052776e+00 -8.0000000000000027e-01  8.7509396341263479e-01  9.3293115004698079e-01
1397   3.1896500813870050e+00 -8.0000000000000027e-01  1.7842367955540235e+00  9.3293115004698057e-01
1398   5.2517200651095992e+00 -8.0000000000000038e-01  3.1479510437661071e+00  9.3293115004697980e-01
1399   7.3137900488321952e+00 -8.0000000000000004e-01  4.5116652919781943e+00  9.3293115004697924e-01
1400   9.3758600325547956e+00 -8.0000000000000038e-01  5.8753795401902824e+00  9.3293115004697835e-01
1401   1.1437930016277393e+01 -8.0000000000000004e-01  7.2390937884023661e+00  9.3293115004697813e-01
1402   1.2812643338759129e+01 -8.0000000000000038e-01  8.1482366205437540e+00  9.3293115004697769e-01
1403   1.3499999999999998e+01 -8.0000000000000027e-01  8.6028080366144479e+00  9.3293115004697769e-01
1404   1.1275800976644137e+00 -4.0000000000000047e-01  4.2052254734194100e-01  9.3293115004698102e-01
1405   1.8149367589052778e+00 -4.0000000000000052e-01  8.7509396341263490e-01  9.3293115004698079e-01
1406   3.1896500813870050e+00 -4.0000000000000047e-01  1.7842367955540233e+00  9.3293115004698057e-01
1407   5.2517200651095983e+00 -4.0000000000000052e-01  3.1479510437661071e+00  9.3293115004697991e-01
1408   7.3137900488321961e+00 -4.0000000000000063e-01  4.5116652919781952e+00  9.3293115004697902e-01
1409   9.3758600325547921e+00 -4.0000000000000047e-01  5.8753795401902824e+00  9.3293115004697857e-01
1410   1.1437930016277392e+01 -4.0000000000000041e-01  7.2390937884023661e+00  9.3293115004697813e-01
1411   1.2812643338759129e+01 -4.0000000000000047e-01  8.1482366205437557e+00  9.3293115004697769e-01
1412   1.3499999999999998e+01 -4.0000000000000047e-01  8.6028080366144479e+00  9.3293115004697769e-01
1413   1.1275800976644137e+00 -6.0689844885662633e-16  4.2052254734194111e-01  9.3293115004698079e-01
1414   1.8149367589052776e+00 -6.2012108740192813e-16  8.7509396341263501e-01  9.3293115004698079e-01
1415   3.1896500813870050e+00 -6.3737249862900174e-16  1.7842367955540235e+00  9.3293115004698057e-01
1416   5.2517200651095983e+00 -6.1681542776560332e-16  3.1479510437661076e+00  9.3293115004697980e-01
1417   7.3137900488321952e+00 -6.0751826003843841e-16  4.5116652919781943e+00  9.3293115004697913e-01
1418   9.3758600325547956e+00 -5.9997722399307146e-16  5.8753795401902824e+00  9.3293115004697835e-01
1419   1.1437930016277395e+01 -6.2363335076552583e-16  7.2390937884023661e+00  9.3293115004697791e-01
1420   1.2812643338759131e+01 -6.2353004890189082e-16  8.1482366205437540e+00  9.3293115004697769e-01
1421   1.3500000000000002e+01 -6.2353004890189101e-16  8.6028080366144479e+00  9.3293115004697746e-01
1422   1.1275800976644137e+00  3.9999999999999930e-01  4.2052254734194094e-01  9.3293115004698091e-01
1423   1.8149367589052778e+00  3.9999999999999930e-01  8.7509396341263479e-01  9.3293115004698068e-01
1424   3.1896500813870055e+00  3.9999999999999936e-01  1.7842367955540233e+00  9.3293115004698035e-01
1425   5.2517200651095974e+00  3.9999999999999919e-01  3.1479510437661071e+00  9.3293115004697991e-01
1426   7.3137900488321952e+00  3.9999999999999925e-01  4.5116652919781934e+00  9.3293115004697902e-01
1427   9.3758600325547938e+00  3.9999999999999936e-01  5.8753795401902815e+00  9.3293115004697824e-01
1428   1.1437930016277397e+01  3.9999999999999930e-01  7.2390937884023669e+00  9.3293115004697780e-01
1429   1.2812643338759131e+01  3.9999999999999925e-01  8.1482366205437540e+00  9.3293115004697758e-01
1430   1.3500000000000002e+01  3.9999999999999930e-01  8.6028080366144515e+00  9.3293115004697746e-01
1431   1.1275800976644137e+00  7.9999999999999949e-01  4.2052254734194094e-01  9.3293115004698091e-01
1432   1.8149367589052778e+00  7.9999999999999938e-01  8.7509396341263479e-01  9.3293115004698068e-01
1433   3.1896500813870055e+00  7.9999999999999949e-01  1.7842367955540233e+00  9.3293115004698035e-01
1434   5.2517200651095992e+00  7.9999999999999949e-01  3.1479510437661076e+00  9.3293115004697968e-01
1435   7.3137900488321952e+00  7.9999999999999938e-01  4.5116652919781934e+00  9.3293115004697902e-01
1436   9.3758600325547938e+00  7.9999999999999949e-01  5.8753795401902815e+00  9.3293115004697824e-01
1437   1.1437930016277397e+01  7.9999999999999938e-01  7.2390937884023669e+00  9.3293115004697780e-01
1438   1.2812643338759131e+01  7.9999999999999949e-01  8.1482366205437540e+00  9.3293115004697758e-01
1439   1.3500000000000002e+01  7.9999999999999949e-01  8.6028080366144515e+00  9.3293115004697746e-01
1440   1.1275800976644137e+00  1.0666666666666664e+00  4.2052254734194094e-01  9.3293115004698079e-01
1441   1.8149367589052778e+00  1.0666666666666662e+00  8.7509396341263479e-01  9.3293115004698068e-01
1442   3.1896500813870055e+00  1.0666666666666664e+00  1.7842367955540233e+00  9.3293115004698035e-01
1443   5.2517200651095992e+00  1.0666666666666664e+00  3.1479510437661076e+00  9.3293115004697968e-01
1444   7.3137900488321952e+00  1.0666666666666662e+00  4.5116652919781934e+00  9.3293115004697902e-01
1445   9.3758600325547938e+00  1.0666666666666664e+00  5.8753795401902815e+00  9.3293115004697824e-01
1446   1.1437930016277397e+01  1.0666666666666664e+00  7.2390937884023669e+00  9.3293115004697780e-01
1447   1.2812643338759131e+01  1.0666666666666664e+00  8.1482366205437540e+00  9.3293115004697758e-01
1448   1.3500000000000002e+01  1.0666666666666664e+00  8.6028080366144515e+00  9.3293115004697746e-01
1449   1.1275800976644137e+00  1.2000000000000000e+00  4.2052254734194094e-01  9.3293115004698079e-01
1450   1.8149367589052778e+00  1.2000000000000000e+00  8.7509396341263479e-01  9.3293115004698068e-01
1451   3.1896500813870055e+00  1.2000000000000000e+00  1.7842367955540233e+00  9.3293115004698035e-01
1452   5.2517200651095992e+00  1.2000000000000000e+00  3.1479510437661076e+00  9.3293115004697968e-01
1453   7.3137900488321952e+00  1.2000000000000000e+00  4.5116652919781934e+00  9.3293115004697902e-01
1454   9.3758600325547938e+00  1.2000000000000000e+00  5.8753795401902815e+00  9.3293115004697824e-01
1455   1.1437930016277397e+01  1.1999999999999997e+00  7.2390937884023669e+00  9.3293115004697780e-01
1456   1.2812643338759131e+01  1.1999999999999997e+00  8.1482366205437540e+00  9.3293115004697758e-01
1457   1.3500000000000002e+01  1.2000000000000000e+00  8.6028080366144515e+00  9.3293115004697746e-01
1458   1.0307077214489941e+00 -1.2000000000000000e+00  6.1552476432954539e-01  9.4330262168920032e-01
1459   1.7234461813684934e+00 -1.2000000000000000e+00  1.3033868576729983e+00  9.4330262168920009e-01
1460   3.1089231012074898e+00 -1.1999999999999997e+00  2.6791110443599044e+00  9.4330262168919998e-01
1461   5.1871384809659871e+00 -1.2000000000000000e+00  4.7426973243902673e+00  9.4330262168919932e-01
1462   7.2653538607244874e+00 -1.2000000000000000e+00  6.8062836044206323e+00  9.4330262168919865e-01
1463   9.3435692404829886e+00 -1.2000000000000000e+00  8.8698698844509991e+00  9.4330262168919798e-01
1464   1.1421784620241493e+01 -1.1999999999999997e+00  1.0933456164481360e+01  9.4330262168919765e-01
1465   1.2807261540080498e+01 -1.2000000000000000e+00  1.2309180351168266e+01  9.4330262168919732e-01
1466   1.3500000000000002e+01 -1.2000000000000002e+00  1.2997042444511722e+01  9.4330262168919721e-01
1467   1.0307077214489944e+00 -1.0666666666666669e+00  6.1552476432954539e-01  9.4330262168920032e-01
1468   1.7234461813684934e+00 -1.0666666666666669e+00  1.3033868576729983e+00  9.4330262168920009e-01
1469   3.1089231012074898e+00 -1.0666666666666667e+00  2.6791110443599049e+00  9.4330262168919998e-01
1470   5.1871384809659880e+00 -1.0666666666666667e+00  4.7426973243902673e+00  9.4330262168919932e-01
1471   7.2653538607244874e+00 -1.0666666666666669e+00  6.8062836044206323e+00  9.4330262168919865e-01
1472   9.3435692404829886e+00 -1.0666666666666669e+00  8.8698698844509991e+00  9.4330262168919798e-01
1473   1.1421784620241493e+01 -1.0666666666666664e+00  1.0933456164481360e+01  9.4330262168919765e-01
1474   1.2807261540080498e+01 -1.0666666666666669e+00  1.2309180351168266e+01  9.4330262168919732e-01
1475   1.3500000000000002e+01 -1.0666666666666669e+00  1.2997042444511722e+01  9.4330262168919721e-01
1476   1.0307077214489941e+00 -8.0000000000000027e-01  6.1552476432954528e-01  9.4330262168920043e-01
1477   1.7234461813684929e+00 -8.0000000000000038e-01  1.3033868576729981e+00  9.4330262168920032e-01
1478   3.1089231012074894e+00 -8.0000000000000004e-01  2.6791110443599044e+00  9.4330262168920020e-01
1479   5.1871384809659888e+00 -8.0000000000000038e-01  4.7426973243902664e+00  9.4330262168919932e-01
1480   7.2653538607244874e+00 -8.0000000000000027e-01  6.8062836044206323e+00  9.4330262168919887e-01
1481   9.3435692404829886e+00 -8.0000000000000027e-01  8.8698698844509991e+00  9.4330262168919821e-01
1482   1.1421784620241493e+01 -8.0000000000000027e-01  1.0933456164481363e+01  9.4330262168919776e-01
1483   1.2807261540080496e+01 -8.0000000000000038e-01  1.2309180351168266e+01  9.4330262168919754e-01
1484   1.3499999999999998e+01 -8.0000000000000027e-01  1.2997042444511719e+01  9.4330262168919743e-01
1485   1.0307077214489944e+00 -4.0000000000000047e-01  6.1552476432954539e-01  9.4330262168920043e-01
1486   1.7234461813684929e+00 -4.0000000000000047e-01  1.3033868576729983e+00  9.4330262168920032e-01
1487   3.1089231012074898e+00 -4.0000000000000052e-01  2.6791110443599044e+00  9.4330262168920009e-01
1488   5.1871384809659880e+00 -4.0000000000000052e-01  4.7426973243902664e+00  9.4330262168919943e-01
1489   7.2653538607244883e+00 -4.0000000000000052e-01  6.8062836044206332e+00  9.4330262168919876e-01
1490   9.3435692404829886e+00 -4.0000000000000047e-01  8.8698698844509991e+00  9.4330262168919821e-01
1491   1.1421784620241491e+01 -4.0000000000000047e-01  1.0933456164481360e+01  9.4330262168919776e-01
1492   1.2807261540080496e+01 -4.0000000000000047e-01  1.2309180351168267e+01  9.4330262168919754e-01
1493   1.3499999999999998e+01 -4.0000000000000047e-01  1.2997042444511720e+01  9.4330262168919743e-01
1494   1.0307077214489941e+00 -6.0421016785068632e-16  6.1552476432954539e-01  9.4330262168920043e-01
1495   1.7234461813684929e+00 -6.1238345385475390e-16  1.3033868576729983e+00  9.4330262168920032e-01
1496   3.1089231012074903e+00 -6.2729970081217718e-16  2.6791110443599049e+00  9.4330262168919998e-01
1497   5.1871384809659871e+00 -6.1034013235373764e-16  4.7426973243902664e+00  9.4330262168919932e-01
1498   7.2653538607244865e+00 -5.9562821754641648e-16  6.8062836044206314e+00  9.4330262168919887e-01
1499   9.3435692404829904e+00 -5.9338056389529840e-16  8.8698698844509991e+00  9.4330262168919810e-01
1500   1.1421784620241491e+01 -6.1892208265800946e-16  1.0933456164481358e+01  9.4330262168919776e-01
1501   1.2807261540080496e+01 -6.1667442900689109e-16  1.2309180351168266e+01  9.4330262168919754e-01
1502   1.3500000000000000e+01 -6.1667442900689118e-16  1.2997042444511720e+01  9.4330262168919732e-01
1503   1.0307077214489941e+00  3.9999999999999936e-01  6.1552476432954539e-01  9.4330262168920032e-01
1504   1.7234461813684934e+00  3.9999999999999930e-01  1.3033868576729983e+00  9.4330262168920009e-01
1505   3.1089231012074898e+00  3.9999999999999925e-01  2.6791110443599044e+00  9.4330262168919998e-01
1506   5.1871384809659871e+00  3.9999999999999930e-01  4.7426973243902673e+00  9.4330262168919932e-01
1507   7.2653538607244874e+00  3.9999999999999936e-01  6.8062836044206323e+00  9.4330262168919865e-01
1508   9.3435692404829886e+00  3.9999999999999936e-01  8.8698698844509991e+00  9.4330262168919798e-01
1509   1.1421784620241493e+01  3.9999999999999930e-01  1.0933456164481360e+01  9.4330262168919765e-01
1510   1.2807261540080498e+01  3.9999999999999930e-01  1.2309180351168266e+01  9.4330262168919732e-01
1511   1.3500000000000002e+01  3.9999999999999936e-01  1.2997042444511722e+01  9.4330262168919721e-01
1512   1.0307077214489941e+00  7.9999999999999949e-01  6.1552476432954539e-01  9.4330262168920032e-01
1513   1.7234461813684934e+00  7.9999999999999938e-01  1.3033868576729983e+00  9.4330262168920009e-01
1514   3.1089231012074898e+00  7.9999999999999949e-01  2.6791110443599044e+00  9.4330262168919998e-01
1515   5.1871384809659871e+00  7.9999999999999938e-01  4.7426973243902673e+00  9.4330262168919932e-01
1516   7.2653538607244874e+00  7.9999999999999949e-01  6.8062836044206323e+00  9.4330262168919865e-01
1517   9.3435692404829886e+00  7.9999999999999949e-01  8.8698698844509991e+00  9.4330262168919798e-01
1518   1.1421784620241493e+01  7.9999999999999927e-01  1.0933456164481360e+01  9.4330262168919765e-01
1519   1.2807261540080498e+01  7.9999999999999960e-01  1.2309180351168266e+01  9.4330262168919732e-01
1520   1.3500000000000002e+01  7.9999999999999960e-01  1.2997042444511722e+01  9.4330262168919721e-01
1521   1.0307077214489941e+00  1.0666666666666664e+00  6.1552476432954539e-01  9.4330262168920032e-01
1522   1.7234461813684934e+00  1.0666666666666667e+00  1.3033868576729983e+00  9.4330262168920009e-01
1523   3.1089231012074898e+00  1.0666666666666662e+00  2.6791110443599044e+00  9.4330262168919998e-01
1524   5.1871384809659871e+00  1.0666666666666662e+00  4.7426973243902673e+00  9.4330262168919932e-01
1525   7.2653538607244874e+00  1.0666666666666664e+00  6.8062836044206323e+00  9.4330262168919865e-01
1526   9.3435692404829886e+00  1.0666666666666667e+00  8.8698698844509991e+00  9.4330262168919798e-01
1527   1.1421784620241493e+01  1.0666666666666664e+00  1.0933456164481360e+01  9.4330262168919765e-01
1528   1.2807261540080498e+01  1.0666666666666664e+00  1.2309180351168266e+01  9.4330262168919732e-01
1529   1.3500000000000002e+01  1.0666666666666667e+00  1.2997042444511722e+01  9.4330262168919721e-01
1530   1.0307077214489941e+00  1.2000000000000000e+00  6.1552476432954539e-01  9.4330262168920032e-01
1531   1.7234461813684934e+00  1.2000000000000000e+00  1.3033868576729983e+00  9.4330262168920009e-01
1532   3.1089231012074898e+00  1.1999999999999997e+00  2.6791110443599044e+00  9.4330262168919998e-01
1533   5.1871384809659871e+00  1.2000000000000000e+00  4.7426973243902673e+00  9.4330262168919932e-01
1534   7.2653538607244874e+00  1.2000000000000000e+00  6.8062836044206323e+00  9.4330262168919865e-01
1535   9.3435692404829886e+00  1.2000000000000000e+00  8.8698698844509991e+00  9.4330262168919798e-01
1536   1.1421784620241493e+01  1.1999999999999997e+00  1.0933456164481360e+01  9.4330262168919765e-01
1537   1.2807261540080498e+01  1.2000000000000000e+00  1.2309180351168266e+01  9.4330262168919732e-01
1538   1.3500000000000002e+01  1.2000000000000002e+00  1.2997042444511722e+01  9.4330262168919721e-01
1539   8.9861087025733133e-01 -1.2000000000000000e+00  7.9295633355646766e-01  9.5782268198830756e-01
1540   1.5986880441319229e+00 -1.2000000000000000e+00  1.7210237648541069e+00  9.5782268198830744e-01
1541   2.9988423918811056e+00 -1.2000000000000000e+00  3.5771586274493865e+00  9.5782268198830733e-01
1542   5.0990739135048813e+00 -1.2000000000000000e+00  6.3613609213423086e+00  9.5782268198830689e-01
1543   7.1993054351286592e+00 -1.2000000000000000e+00  9.1455632152352351e+00  9.5782268198830633e-01
1544   9.2995369567524389e+00 -1.2000000000000002e+00  1.1929765509128162e+01  9.5782268198830578e-01
1545   1.1399768478376217e+01 -1.2000000000000000e+00  1.4713967803021085e+01  9.5782268198830545e-01
1546   1.2799922826125405e+01 -1.1999999999999997e+00  1.6570102665616361e+01  9.5782268198830534e-01
1547   1.3500000000000000e+01 -1.2000000000000000e+00  1.7498170096914002e+01  9.5782268198830511e-01
1548   8.9861087025733144e-01 -1.0666666666666667e+00  7.9295633355646766e-01  9.5782268198830756e-01
1549   1.5986880441319229e+00 -1.0666666666666667e+00  1.7210237648541069e+00  9.5782268198830744e-01
1550   2.9988423918811056e+00 -1.0666666666666667e+00  3.5771586274493874e+00  9.5782268198830733e-01
1551   5.0990739135048821e+00 -1.0666666666666667e+00  6.3613609213423095e+00  9.5782268198830689e-01
1552   7.1993054351286592e+00 -1.0666666666666669e+00  9.1455632152352351e+00  9.5782268198830633e-01
1553   9.2995369567524389e+00 -1.0666666666666669e+00  1.1929765509128162e+01  9.5782268198830578e-01
1554   1.1399768478376220e+01 -1.0666666666666667e+00  1.4713967803021085e+01  9.5782268198830545e-01
1555   1.2799922826125405e+01 -1.0666666666666667e+00  1.6570102665616361e+01  9.5782268198830534e-01
1556   1.3500000000000000e+01 -1.0666666666666669e+00  1.7498170096914002e+01  9.5782268198830511e-01
1557   8.9861087025733155e-01 -8.0000000000000027e-01  7.9295633355646766e-01  9.5782268198830767e-01
1558   1.5986880441319227e+00 -8.0000000000000027e-01  1.7210237648541067e+00  9.5782268198830756e-01
1559   2.9988423918811051e+00 -8.0000000000000016e-01  3.5771586274493865e+00  9.5782268198830756e-01
1560   5.0990739135048813e+00 -8.0000000000000027e-01  6.3613609213423086e+00  9.5782268198830700e-01
1561   7.1993054351286592e+00 -8.0000000000000016e-01  9.1455632152352351e+00  9.5782268198830656e-01
1562   9.2995369567524371e+00 -8.0000000000000016e-01  1.1929765509128160e+01  9.5782268198830600e-01
1563   1.1399768478376219e+01 -8.0000000000000027e-01  1.4713967803021085e+01  9.5782268198830567e-01
1564   1.2799922826125403e+01 -8.0000000000000027e-01  1.6570102665616357e+01  9.5782268198830545e-01
1565   1.3500000000000000e+01 -8.0000000000000027e-01  1.7498170096914002e+01  9.5782268198830534e-01
1566   8.9861087025733144e-01 -4.0000000000000041e-01  7.9295633355646755e-01  9.5782268198830778e-01
1567   1.5986880441319233e+00 -4.0000000000000047e-01  1.7210237648541071e+00  9.5782268198830756e-01
1568   2.9988423918811056e+00 -4.0000000000000047e-01  3.5771586274493874e+00  9.5782268198830733e-01
1569   5.0990739135048821e+00 -4.0000000000000052e-01  6.3613609213423095e+00  9.5782268198830689e-01
1570   7.1993054351286592e+00 -4.0000000000000047e-01  9.1455632152352351e+00  9.5782268198830645e-01
1571   9.2995369567524371e+00 -4.0000000000000047e-01  1.1929765509128160e+01  9.5782268198830600e-01
1572   1.1399768478376217e+01 -4.0000000000000041e-01  1.4713967803021085e+01  9.5782268198830567e-01
1573   1.2799922826125403e+01 -4.0000000000000047e-01  1.6570102665616361e+01  9.5782268198830545e-01
1574   1.3500000000000002e+01 -4.0000000000000041e-01  1.7498170096914002e+01  9.5782268198830534e-01
1575   8.9861087025733133e-01 -5.8342937955969335e-16  7.9295633355646777e-01  9.5782268198830767e-01
1576   1.5986880441319231e+00 -5.8725283673366394e-16  1.7210237648541071e+00  9.5782268198830756e-01
1577   2.9988423918811051e+00 -5.9454759055242372e-16  3.5771586274493865e+00  9.5782268198830756e-01
1578   5.0990739135048804e+00 -5.8629697244017164e-16  6.3613609213423086e+00  9.5782268198830700e-01
1579   7.1993054351286592e+00 -5.6229974780880417e-16  9.1455632152352351e+00  9.5782268198830645e-01
1580   9.2995369567524371e+00 -5.7170746480265297e-16  1.1929765509128160e+01  9.5782268198830600e-01
1581   1.1399768478376217e+01 -5.9474882514052863e-16  1.4713967803021083e+01  9.5782268198830556e-01
1582   1.2799922826125403e+01 -5.9147876308384328e-16  1.6570102665616357e+01  9.5782268198830545e-01
1583   1.3500000000000000e+01 -5.9147876308384338e-16  1.7498170096913999e+01  9.5782268198830534e-01
1584   8.9861087025733133e-01  3.9999999999999941e-01  7.9295633355646766e-01  9.5782268198830756e-01
1585   1.5986880441319229e+00  3.9999999999999936e-01  1.7210237648541069e+00  9.5782268198830744e-01
1586   2.9988423918811056e+00  3.9999999999999930e-01  3.5771586274493865e+00  9.5782268198830733e-01
1587   5.0990739135048813e+00  3.9999999999999930e-01  6.3613609213423095e+00  9.5782268198830689e-01
1588   7.1993054351286592e+00  3.9999999999999936e-01  9.1455632152352351e+00  9.5782268198830633e-01
1589   9.2995369567524389e+00  3.9999999999999936e-01  1.1929765509128162e+01  9.5782268198830578e-01
1590   1.1399768478376217e+01  3.9999999999999936e-01  1.4713967803021085e+01  9.5782268198830545e-01
1591   1.2799922826125405e+01  3.9999999999999930e-01  1.6570102665616361e+01  9.5782268198830534e-01
1592   1.3500000000000000e+01  3.9999999999999941e-01  1.7498170096914002e+01  9.5782268198830511e-01
1593   8.9861087025733133e-01  7.9999999999999960e-01  7.9295633355646766e-01  9.5782268198830756e-01
1594   1.5986880441319229e+00  7.9999999999999949e-01  1.7210237648541069e+00  9.5782268198830744e-01
1595   2.9988423918811056e+00  7.9999999999999938e-01  3.5771586274493865e+00  9.5782268198830733e-01
1596   5.0990739135048813e+00  7.9999999999999949e-01  6.3613609213423086e+00  9.5782268198830689e-01
1597   7.1993054351286592e+00  7.9999999999999949e-01  9.1455632152352351e+00  9.5782268198830633e-01
1598   9.2995369567524389e+00  7.9999999999999960e-01  1.1929765509128162e+01  9.5782268198830578e-01
1599   1.1399768478376217e+01  7.9999999999999949e-01  1.4713967803021085e+01  9.5782268198830545e-01
1600   1.2799922826125405e+01  7.9999999999999949e-01  1.6570102665616361e+01  9.5782268198830534e-01
1601   1.3500000000000000e+01  7.9999999999999949e-01  1.7498170096914002e+01  9.5782268198830511e-01
1602   8.9861087025733133e-01  1.0666666666666664e+00  7.9295633355646766e-01  9.5782268198830756e-01
1603   1.5986880441319229e+00  1.0666666666666662e+00  1.7210237648541069e+00  9.5782268198830744e-01
1604   2.9988423918811056e+00  1.0666666666666662e+00  3.5771586274493865e+00  9.5782268198830733e-01
1605   5.0990739135048813e+00  1.0666666666666662e+00  6.3613609213423086e+00  9.5782268198830689e-01
1606   7.1993054351286592e+00  1.0666666666666664e+00  9.1455632152352351e+00  9.5782268198830633e-01
1607   9.2995369567524389e+00  1.0666666666666667e+00  1.1929765509128162e+01  9.5782268198830578e-01
1608   1.1399768478376217e+01  1.0666666666666664e+00  1.4713967803021085e+01  9.5782268198830545e-01
1609   1.2799922826125405e+01  1.0666666666666664e+00  1.6570102665616361e+01  9.5782268198830534e-01
1610   1.3500000000000000e+01  1.0666666666666667e+00  1.7498170096914002e+01  9.5782268198830511e-01
1611   8.9861087025733133e-01  1.2000000000000000e+00  7.9295633355646766e-01  9.5782268198830756e-01
1612   1.5986880441319229e+00  1.2000000000000000e+00  1.7210237648541069e+00  9.5782268198830744e-01
1613   2.9988423918811056e+00  1.2000000000000000e+00  3.5771586274493865e+00  9.5782268198830733e-01
1614   5.0990739135048813e+00  1.2000000000000000e+00  6.3613609213423086e+00  9.5782268198830689e-01
1615   7.1993054351286592e+00  1.2000000000000000e+00  9.1455632152352351e+00  9.5782268198830633e-01
1616   9.2995369567524389e+00  1.2000000000000002e+00  1.1929765509128162e+01  9.5782268198830578e-01
1617   1.1399768478376217e+01  1.2000000000000000e+00  1.4713967803021085e+01  9.5782268198830545e-01
1618   1.2799922826125405e+01  1.1999999999999997e+00  1.6570102665616361e+01  9.5782268198830534e-01
1619   1.3500000000000000e+01  1.2000000000000000e+00  1.7498170096914002e+01  9.5782268198830511e-01
1620   7.3454449464213245e-01 -1.1999999999999997e+00  9.4812331488111723e-01  9.7649133094430263e-01
1621   1.4437364671620136e+00 -1.2000000000000000e+00  2.1251579734299635e+00  9.7649133094430252e-01
1622   2.8621204122017749e+00 -1.1999999999999997e+00  4.4792272905276560e+00  9.7649133094430263e-01
1623   4.9896963297614185e+00 -1.2000000000000000e+00  8.0103312661741963e+00  9.7649133094430229e-01
1624   7.1172722473210639e+00 -1.2000000000000000e+00  1.1541435241820741e+01  9.7649133094430196e-01
1625   9.2448481648807093e+00 -1.2000000000000000e+00  1.5072539217467288e+01  9.7649133094430152e-01
1626   1.1372424082440356e+01 -1.2000000000000000e+00  1.8603643193113825e+01  9.7649133094430129e-01
1627   1.2790808027480116e+01 -1.1999999999999997e+00  2.0957712510211511e+01  9.7649133094430129e-01
1628   1.3500000000000000e+01 -1.2000000000000000e+00  2.2134747168760359e+01  9.7649133094430118e-01
1629   7.3454449464213256e-01 -1.0666666666666667e+00  9.4812331488111723e-01  9.7649133094430263e-01
1630   1.4437364671620136e+00 -1.0666666666666667e+00  2.1251579734299635e+00  9.7649133094430252e-01
1631   2.8621204122017749e+00 -1.0666666666666667e+00  4.4792272905276569e+00  9.7649133094430263e-01
1632   4.9896963297614194e+00 -1.0666666666666664e+00  8.0103312661741963e+00  9.7649133094430240e-01
1633   7.1172722473210639e+00 -1.0666666666666667e+00  1.1541435241820741e+01  9.7649133094430196e-01
1634   9.2448481648807093e+00 -1.0666666666666667e+00  1.5072539217467288e+01  9.7649133094430152e-01
1635   1.1372424082440356e+01 -1.0666666666666667e+00  1.8603643193113825e+01  9.7649133094430129e-01
1636   1.2790808027480116e+01 -1.0666666666666667e+00  2.0957712510211511e+01  9.7649133094430129e-01
1637   1.3500000000000000e+01 -1.0666666666666667e+00  2.2134747168760359e+01  9.7649133094430118e-01
1638   7.3454449464213245e-01 -8.0000000000000004e-01  9.4812331488111734e-01  9.7649133094430285e-01
1639   1.4437364671620134e+00 -8.0000000000000016e-01  2.1251579734299630e+00  9.7649133094430274e-01
1640   2.8621204122017754e+00 -8.0000000000000016e-01  4.4792272905276560e+00  9.7649133094430274e-01
1641   4.9896963297614194e+00 -8.0000000000000038e-01  8.0103312661741963e+00  9.7649133094430240e-01
1642   7.1172722473210639e+00 -8.0000000000000016e-01  1.1541435241820743e+01  9.7649133094430218e-01
1643   9.2448481648807093e+00 -8.0000000000000016e-01  1.5072539217467288e+01  9.7649133094430174e-01
1644   1.1372424082440352e+01 -8.0000000000000004e-01  1.8603643193113825e+01  9.7649133094430163e-01
1645   1.2790808027480116e+01 -8.0000000000000016e-01  2.0957712510211504e+01  9.7649133094430152e-01
1646   1.3499999999999996e+01 -8.0000000000000004e-01  2.2134747168760349e+01  9.7649133094430152e-01
1647   7.3454449464213245e-01 -4.0000000000000036e-01  9.4812331488111734e-01  9.7649133094430285e-01
1648   1.4437364671620136e+00 -4.0000000000000030e-01  2.1251579734299630e+00  9.7649133094430274e-01
1649   2.8621204122017754e+00 -4.0000000000000047e-01  4.4792272905276569e+00  9.7649133094430263e-01
1650   4.9896963297614194e+00 -4.0000000000000047e-01  8.0103312661741981e+00  9.7649133094430240e-01
1651   7.1172722473210639e+00 -4.0000000000000047e-01  1.1541435241820743e+01  9.7649133094430207e-01
1652   9.2448481648807093e+00 -4.0000000000000036e-01  1.5072539217467286e+01  9.7649133094430185e-01
1653   1.1372424082440352e+01 -4.0000000000000030e-01  1.8603643193113825e+01  9.7649133094430163e-01
1654   1.2790808027480116e+01 -4.0000000000000036e-01  2.0957712510211504e+01  9.7649133094430152e-01
1655   1.3500000000000000e+01 -4.0000000000000030e-01  2.2134747168760352e+01  9.7649133094430152e-01
1656   7.3454449464213245e-01 -5.4163093553383245e-16  9.4812331488111734e-01  9.7649133094430285e-01
1657   1.4437364671620136e+00 -5.4242048500254068e-16  2.1251579734299630e+00  9.7649133094430274e-01
1658   2.8621204122017749e+00 -5.3610408925287499e-16  4.4792272905276560e+00  9.7649133094430274e-01
1659   4.9896963297614185e+00 -5.4222309763536389e-16  8.0103312661741981e+00  9.7649133094430240e-01
1660   7.1172722473210630e+00 -5.0491688523890100e-16  1.1541435241820743e+01  9.7649133094430218e-01
1661   9.2448481648807093e+00 -5.3294589137804274e-16  1.5072539217467288e+01  9.7649133094430174e-01
1662   1.1372424082440352e+01 -5.4814471865067581e-16  1.8603643193113822e+01  9.7649133094430163e-01
1663   1.2790808027480114e+01 -5.4538129551019723e-16  2.0957712510211504e+01  9.7649133094430152e-01
1664   1.3499999999999998e+01 -5.4538129551019723e-16  2.2134747168760352e+01  9.7649133094430141e-01
1665   7.3454449464213245e-01  3.9999999999999936e-01  9.4812331488111723e-01  9.7649133094430263e-01
1666   1.4437364671620136e+00  3.9999999999999936e-01  2.1251579734299635e+00  9.7649133094430252e-01
1667   2.8621204122017749e+00  3.9999999999999936e-01  4.4792272905276560e+00  9.7649133094430263e-01
1668   4.9896963297614185e+00  3.9999999999999930e-01  8.0103312661741963e+00  9.7649133094430240e-01
1669   7.1172722473210639e+00  3.9999999999999941e-01  1.1541435241820741e+01  9.7649133094430196e-01
1670   9.2448481648807093e+00  3.9999999999999941e-01  1.5072539217467288e+01  9.7649133094430152e-01
1671   1.1372424082440356e+01  3.9999999999999936e-01  1.8603643193113825e+01  9.7649133094430129e-01
1672   1.2790808027480116e+01  3.9999999999999930e-01  2.0957712510211511e+01  9.7649133094430129e-01
1673   1.3500000000000000e+01  3.9999999999999936e-01  2.2134747168760359e+01  9.7649133094430118e-01
1674   7.3454449464213245e-01  7.9999999999999949e-01  9.4812331488111723e-01  9.7649133094430263e-01
1675   1.4437364671620136e+00  7.9999999999999949e-01  2.1251579734299635e+00  9.7649133094430252e-01
1676   2.8621204122017749e+00  7.9999999999999927e-01  4.4792272905276560e+00  9.7649133094430263e-01
1677   4.9896963297614185e+00  7.9999999999999938e-01  8.0103312661741963e+00  9.7649133094430229e-01
1678   7.1172722473210639e+00  7.9999999999999949e-01  1.1541435241820741e+01  9.7649133094430196e-01
1679   9.2448481648807093e+00  7.9999999999999960e-01  1.5072539217467288e+01  9.7649133094430152e-01
1680   1.1372424082440356e+01  7.9999999999999960e-01  1.8603643193113825e+01  9.7649133094430129e-01
1681   1.2790808027480116e+01  7.9999999999999960e-01  2.0957712510211511e+01  9.7649133094430129e-01
1682   1.3500000000000000e+01  7.9999999999999949e-01  2.2134747168760359e+01  9.7649133094430118e-01
1683   7.3454449464213245e-01  1.0666666666666664e+00  9.4812331488111723e-01  9.7649133094430263e-01
1684   1.4437364671620136e+00  1.0666666666666662e+00  2.1251579734299635e+00  9.7649133094430252e-01
1685   2.8621204122017749e+00  1.0666666666666662e+00  4.4792272905276560e+00  9.7649133094430263e-01
1686   4.9896963297614185e+00  1.0666666666666662e+00  8.0103312661741963e+00  9.7649133094430229e-01
1687   7.1172722473210639e+00  1.0666666666666662e+00  1.1541435241820741e+01  9.7649133094430196e-01
1688   9.2448481648807093e+00  1.0666666666666664e+00  1.5072539217467288e+01  9.7649133094430152e-01
1689   1.1372424082440356e+01  1.0666666666666664e+00  1.8603643193113825e+01  9.7649133094430129e-01
1690   1.2790808027480116e+01  1.0666666666666662e+00  2.0957712510211511e+01  9.7649133094430129e-01
1691   1.3500000000000000e+01  1.0666666666666664e+00  2.2134747168760359e+01  9.7649133094430118e-01
1692   7.3454449464213245e-01  1.1999999999999997e+00  9.4812331488111723e-01  9.7649133094430263e-01
1693   1.4437364671620136e+00  1.2000000000000000e+00  2.1251579734299635e+00  9.7649133094430252e-01
1694   2.8621204122017749e+00  1.1999999999999997e+00  4.4792272905276560e+00  9.7649133094430263e-01
1695   4.9896963297614185e+00  1.2000000000000000e+00  8.0103312661741963e+00  9.7649133094430229e-01
1696   7.1172722473210639e+00  1.2000000000000000e+00  1.1541435241820741e+01  9.7649133094430196e-01
1697   9.2448481648807093e+00  1.2000000000000000e+00  1.5072539217467288e+01  9.7649133094430152e-01
1698   1.1372424082440356e+01  1.2000000000000000e+00  1.8603643193113825e+01  9.7649133094430129e-01
1699   1.2790808027480116e+01  1.1999999999999997e+00  2.0957712510211511e+01  9.7649133094430129e-01
1700   1.3500000000000000e+01  1.2000000000000000e+00  2.2134747168760359e+01  9.7649133094430118e-01
1701   6.0542789838032607e-01 -1.2000000000000000e+00  1.0348331465662055e+00  9.9170282268622445e-01
1702   1.3217930151369750e+00 -1.2000000000000000e+00  2.3860168538532962e+00  9.9170282268622434e-01
1703   2.7545232486502718e+00 -1.1999999999999997e+00  5.0883842684274772e+00  9.9170282268622456e-01
1704   4.9036185989202181e+00 -1.2000000000000000e+00  9.1419353902887526e+00  9.9170282268622445e-01
1705   7.0527139491901636e+00 -1.1999999999999997e+00  1.3195486512150028e+01  9.9170282268622434e-01
1706   9.2018092994601108e+00 -1.2000000000000000e+00  1.7249037634011305e+01  9.9170282268622401e-01
1707   1.1350904649730053e+01 -1.1999999999999997e+00  2.1302588755872570e+01  9.9170282268622401e-01
1708   1.2783634883243352e+01 -1.2000000000000000e+00  2.4004956170446743e+01  9.9170282268622389e-01
1709   1.3500000000000000e+01 -1.2000000000000000e+00  2.5356139877733831e+01  9.9170282268622389e-01
1710   6.0542789838032618e-01 -1.0666666666666667e+00  1.0348331465662055e+00  9.9170282268622445e-01
1711   1.3217930151369750e+00 -1.0666666666666669e+00  2.3860168538532962e+00  9.9170282268622434e-01
1712   2.7545232486502718e+00 -1.0666666666666667e+00  5.0883842684274780e+00  9.9170282268622456e-01
1713   4.9036185989202190e+00 -1.0666666666666667e+00  9.1419353902887526e+00  9.9170282268622445e-01
1714   7.0527139491901636e+00 -1.0666666666666667e+00  1.3195486512150028e+01  9.9170282268622434e-01
1715   9.2018092994601108e+00 -1.0666666666666667e+00  1.7249037634011305e+01  9.9170282268622401e-01
1716   1.1350904649730055e+01 -1.0666666666666667e+00  2.1302588755872570e+01  9.9170282268622401e-01
1717   1.2783634883243352e+01 -1.0666666666666667e+00  2.4004956170446743e+01  9.9170282268622389e-01
1718   1.3500000000000000e+01 -1.0666666666666667e+00  2.5356139877733831e+01  9.9170282268622389e-01
1719   6.0542789838032618e-01 -8.0000000000000004e-01  1.0348331465662055e+00  9.9170282268622467e-01
1720   1.3217930151369746e+00 -8.0000000000000016e-01  2.3860168538532958e+00  9.9170282268622456e-01
1721   2.7545232486502713e+00 -8.0000000000000004e-01  5.0883842684274772e+00  9.9170282268622478e-01
1722   4.9036185989202172e+00 -8.0000000000000016e-01  9.1419353902887508e+00  9.9170282268622467e-01
1723   7.0527139491901636e+00 -8.0000000000000004e-01  1.3195486512150030e+01  9.9170282268622456e-01
1724   9.2018092994601108e+00 -8.0000000000000004e-01  1.7249037634011305e+01  9.9170282268622423e-01
1725   1.1350904649730055e+01 -8.0000000000000004e-01  2.1302588755872570e+01  9.9170282268622423e-01
1726   1.2783634883243350e+01 -8.0000000000000016e-01  2.4004956170446739e+01  9.9170282268622412e-01
1727   1.3500000000000000e+01 -8.0000000000000016e-01  2.5356139877733828e+01  9.9170282268622412e-01
1728   6.0542789838032618e-01 -4.0000000000000030e-01  1.0348331465662055e+00  9.9170282268622467e-01
1729   1.3217930151369748e+00 -4.0000000000000036e-01  2.3860168538532962e+00  9.9170282268622456e-01
1730   2.7545232486502722e+00 -4.0000000000000041e-01  5.0883842684274780e+00  9.9170282268622456e-01
1731   4.9036185989202190e+00 -4.0000000000000041e-01  9.1419353902887543e+00  9.9170282268622445e-01
1732   7.0527139491901645e+00 -4.0000000000000041e-01  1.3195486512150032e+01  9.9170282268622434e-01
1733   9.2018092994601091e+00 -4.0000000000000024e-01  1.7249037634011302e+01  9.9170282268622434e-01
1734   1.1350904649730053e+01 -4.0000000000000030e-01  2.1302588755872570e+01  9.9170282268622423e-01
1735   1.2783634883243350e+01 -4.0000000000000030e-01  2.4004956170446739e+01  9.9170282268622412e-01
1736   1.3500000000000002e+01 -4.0000000000000030e-01  2.5356139877733831e+01  9.9170282268622412e-01
1737   6.0542789838032607e-01 -4.9794952499694092e-16  1.0348331465662055e+00  9.9170282268622467e-01
1738   1.3217930151369748e+00 -4.9794952499694102e-16  2.3860168538532962e+00  9.9170282268622456e-01
1739   2.7545232486502709e+00 -4.7812483664811659e-16  5.0883842684274772e+00  9.9170282268622478e-01
1740   4.9036185989202163e+00 -4.9794952499694092e-16  9.1419353902887526e+00  9.9170282268622467e-01
1741   7.0527139491901627e+00 -4.4897088319396322e-16  1.3195486512150030e+01  9.9170282268622456e-01
1742   9.2018092994601108e+00 -4.9445105058244272e-16  1.7249037634011305e+01  9.9170282268622423e-01
1743   1.1350904649730053e+01 -5.0028184127327345e-16  2.1302588755872566e+01  9.9170282268622423e-01
1744   1.2783634883243348e+01 -4.9911568313510728e-16  2.4004956170446736e+01  9.9170282268622412e-01
1745   1.3499999999999998e+01 -4.9911568313510728e-16  2.5356139877733824e+01  9.9170282268622412e-01
1746   6.0542789838032607e-01  3.9999999999999936e-01  1.0348331465662055e+00  9.9170282268622445e-01
1747   1.3217930151369750e+00  3.9999999999999936e-01  2.3860168538532962e+00  9.9170282268622434e-01
1748   2.7545232486502718e+00  3.9999999999999930e-01  5.0883842684274772e+00  9.9170282268622456e-01
1749   4.9036185989202181e+00  3.9999999999999930e-01  9.1419353902887526e+00  9.9170282268622445e-01
1750   7.0527139491901636e+00  3.9999999999999936e-01  1.3195486512150028e+01  9.9170282268622434e-01
1751   9.2018092994601108e+00  3.9999999999999941e-01  1.7249037634011305e+01  9.9170282268622401e-01
1752   1.1350904649730053e+01  3.9999999999999930e-01  2.1302588755872570e+01  9.9170282268622401e-01
1753   1.2783634883243352e+01  3.9999999999999936e-01  2.4004956170446743e+01  9.9170282268622389e-01
1754   1.3500000000000000e+01  3.9999999999999936e-01  2.5356139877733831e+01  9.9170282268622389e-01
1755   6.0542789838032607e-01  7.9999999999999938e-01  1.0348331465662055e+00  9.9170282268622445e-01
1756   1.3217930151369750e+00  7.9999999999999949e-01  2.3860168538532962e+00  9.9170282268622434e-01
1757   2.7545232486502718e+00  7.9999999999999949e-01  5.0883842684274772e+00  9.9170282268622456e-01
1758   4.9036185989202181e+00  7.9999999999999938e-01  9.1419353902887526e+00  9.9170282268622445e-01
1759   7.0527139491901636e+00  7.9999999999999938e-01  1.3195486512150028e+01  9.9170282268622434e-01
1760   9.2018092994601108e+00  7.9999999999999960e-01  1.7249037634011305e+01  9.9170282268622401e-01
1761   1.1350904649730053e+01  7.9999999999999949e-01  2.1302588755872570e+01  9.9170282268622401e-01
1762   1.2783634883243352e+01  7.9999999999999949e-01  2.4004956170446743e+01  9.9170282268622389e-01
1763   1.3500000000000000e+01  7.9999999999999949e-01  2.5356139877733831e+01  9.9170282268622389e-01
1764   6.0542789838032607e-01  1.0666666666666664e+00  1.0348331465662055e+00  9.9170282268622445e-01
1765   1.3217930151369750e+00  1.0666666666666664e+00  2.3860168538532962e+00  9.9170282268622434e-01
1766   2.7545232486502718e+00  1.0666666666666662e+00  5.0883842684274772e+00  9.9170282268622456e-01
1767   4.9036185989202181e+00  1.0666666666666662e+00  9.1419353902887526e+00  9.9170282268622445e-01
1768   7.0527139491901636e+00  1.0666666666666662e+00  1.3195486512150028e+01  9.9170282268622434e-01
1769   9.2018092994601108e+00  1.0666666666666664e+00  1.7249037634011305e+01  9.9170282268622401e-01
1770   1.1350904649730053e+01  1.0666666666666662e+00  2.1302588755872570e+01  9.9170282268622401e-01
1771   1.2783634883243352e+01  1.0666666666666664e+00  2.4004956170446743e+01  9.9170282268622389e-01
1772   1.3500000000000000e+01  1.0666666666666664e+00  2.5356139877733831e+01  9.9170282268622389e-01
1773   6.0542789838032607e-01  1.2000000000000000e+00  1.0348331465662055e+00  9.9170282268622445e-01
1774   1.3217930151369750e+00  1.2000000000000000e+00  2.3860168538532962e+00  9.9170282268622434e-01
1775   2.7545232486502718e+00  1.1999999999999997e+00  5.0883842684274772e+00  9.9170282268622456e-01
1776   4.9036185989202181e+00  1.2000000000000000e+00  9.1419353902887526e+00  9.9170282268622445e-01
1777   7.0527139491901636e+00  1.1999999999999997e+00  1.3195486512150028e+01  9.9170282268622434e-01
1778   9.2018092994601108e+00  1.2000000000000000e+00  1.7249037634011305e+01  9.9170282268622401e-01
1779   1.1350904649730053e+01  1.1999999999999997e+00  2.1302588755872570e+01  9.9170282268622401e-01
1780   1.2783634883243352e+01  1.2000000000000000e+00  2.4004956170446743e+01  9.9170282268622389e-01
1781   1.3500000000000000e+01  1.2000000000000000e+00  2.5356139877733831e+01  9.9170282268622389e-01
1782   5.3665631459995000e-01 -1.2000000000000000e+00  1.0733126291999000e+00  1.0000000000000000e+00
1783   1.2568420748999534e+00 -1.2000000000000000e+00  2.5136841497999067e+00  1.0000000000000000e+00
1784   2.6972135954999596e+00 -1.2000000000000000e+00  5.3944271909999202e+00  1.0000000000000002e+00
1785   4.8577708763999690e+00 -1.2000000000000000e+00  9.7155417527999415e+00  1.0000000000000002e+00
1786   7.0183281572999778e+00 -1.2000000000000000e+00  1.4036656314599963e+01  1.0000000000000002e+00
1787   9.1788854381999876e+00 -1.2000000000000000e+00  1.8357770876399986e+01  1.0000000000000000e+00
1788   1.1339442719099994e+01 -1.2000000000000000e+00  2.2678885438199998e+01  1.0000000000000000e+00
1789   1.2779814239699997e+01 -1.2000000000000000e+00  2.5559628479399997e+01  1.0000000000000000e+00
1790   1.3500000000000000e+01 -1.2000000000000000e+00  2.7000000000000000e+01  1.0000000000000000e+00
1791   5.3665631459995000e-01 -1.0666666666666667e+00  1.0733126291999000e+00  1.0000000000000000e+00
1792   1.2568420748999534e+00 -1.0666666666666667e+00  2.5136841497999067e+00  1.0000000000000000e+00
1793   2.6972135954999596e+00 -1.0666666666666667e+00  5.3944271909999211e+00  1.0000000000000002e+00
1794   4.8577708763999699e+00 -1.0666666666666667e+00  9.7155417527999415e+00  1.0000000000000002e+00
1795   7.0183281572999778e+00 -1.0666666666666667e+00  1.4036656314599963e+01  1.0000000000000002e+00
1796   9.1788854381999876e+00 -1.0666666666666667e+00  1.8357770876399986e+01  1.0000000000000000e+00
1797   1.1339442719099994e+01 -1.0666666666666667e+00  2.2678885438199998e+01  1.0000000000000000e+00
1798   1.2779814239699997e+01 -1.0666666666666667e+00  2.5559628479399997e+01  1.0000000000000000e+00
1799   1.3500000000000000e+01 -1.0666666666666667e+00  2.7000000000000000e+01  1.0000000000000000e+00
1800   5.3665631459995000e-01 -8.0000000000000004e-01  1.0733126291999000e+00  1.0000000000000002e+00
1801   1.2568420748999531e+00 -8.0000000000000004e-01  2.5136841497999063e+00  1.0000000000000002e+00
1802   2.6972135954999592e+00 -8.0000000000000004e-01  5.3944271909999193e+00  1.0000000000000004e+00
1803   4.8577708763999690e+00 -8.0000000000000016e-01  9.7155417527999397e+00  1.0000000000000004e+00
1804   7.0183281572999778e+00 -8.0000000000000004e-01  1.4036656314599963e+01  1.0000000000000004e+00
1805   9.1788854381999876e+00 -8.0000000000000004e-01  1.8357770876399986e+01  1.0000000000000002e+00
1806   1.1339442719099994e+01 -8.0000000000000004e-01  2.2678885438199998e+01  1.0000000000000002e+00
1807   1.2779814239699995e+01 -8.0000000000000004e-01  2.5559628479399993e+01  1.0000000000000002e+00
1808   1.3499999999999998e+01 -8.0000000000000004e-01  2.6999999999999996e+01  1.0000000000000002e+00
1809   5.3665631459995000e-01 -4.0000000000000024e-01  1.0733126291999000e+00  1.0000000000000002e+00
1810   1.2568420748999534e+00 -4.0000000000000024e-01  2.5136841497999067e+00  1.0000000000000002e+00
1811   2.6972135954999601e+00 -4.0000000000000036e-01  5.3944271909999211e+00  1.0000000000000002e+00
1812   4.8577708763999699e+00 -4.0000000000000036e-01  9.7155417527999433e+00  1.0000000000000002e+00
1813   7.0183281572999787e+00 -4.0000000000000036e-01  1.4036656314599966e+01  1.0000000000000002e+00
1814   9.1788854381999876e+00 -4.0000000000000024e-01  1.8357770876399986e+01  1.0000000000000002e+00
1815   1.1339442719099994e+01 -4.0000000000000024e-01  2.2678885438199998e+01  1.0000000000000002e+00
1816   1.2779814239699995e+01 -4.0000000000000024e-01  2.5559628479399993e+01  1.0000000000000002e+00
1817   1.3500000000000000e+01 -4.0000000000000024e-01  2.7000000000000000e+01  1.0000000000000002e+00
1818   5.3665631459995000e-01 -4.7184478546569143e-16  1.0733126291999000e+00  1.0000000000000002e+00
1819   1.2568420748999534e+00 -4.7184478546569143e-16  2.5136841497999067e+00  1.0000000000000002e+00
1820   2.6972135954999588e+00 -4.4408920985006242e-16  5.3944271909999193e+00  1.0000000000000004e+00
1821   4.8577708763999681e+00 -4.7184478546569133e-16  9.7155417527999415e+00  1.0000000000000004e+00
1822   7.0183281572999769e+00 -4.1633363423443351e-16  1.4036656314599963e+01  1.0000000000000004e+00
1823   9.1788854381999876e+00 -4.7184478546569143e-16  1.8357770876399986e+01  1.0000000000000002e+00
1824   1.1339442719099994e+01 -4.7184478546569143e-16  2.2678885438199995e+01  1.0000000000000002e+00
1825   1.2779814239699993e+01 -4.7184478546569143e-16  2.5559628479399990e+01  1.0000000000000002e+00
1826   1.3499999999999996e+01 -4.7184478546569143e-16  2.6999999999999993e+01  1.0000000000000002e+00
1827   5.3665631459995000e-01  3.9999999999999941e-01  1.0733126291999000e+00  1.0000000000000000e+00
1828   1.2568420748999534e+00  3.9999999999999941e-01  2.5136841497999067e+00  1.0000000000000000e+00
1829   2.6972135954999596e+00  3.9999999999999936e-01  5.3944271909999202e+00  1.0000000000000002e+00
1830   4.8577708763999690e+00  3.9999999999999936e-01  9.7155417527999415e+00  1.0000000000000002e+00
1831   7.0183281572999778e+00  3.9999999999999936e-01  1.4036656314599963e+01  1.0000000000000002e+00
1832   9.1788854381999876e+00  3.9999999999999941e-01  1.8357770876399986e+01  1.0000000000000000e+00
1833   1.1339442719099992e+01  3.9999999999999941e-01  2.2678885438199998e+01  1.0000000000000000e+00
1834   1.2779814239699997e+01  3.9999999999999941e-01  2.5559628479399997e+01  1.0000000000000000e+00
1835   1.3500000000000000e+01  3.9999999999999941e-01  2.7000000000000000e+01  1.0000000000000000e+00
1836   5.3665631459995000e-01  7.9999999999999949e-01  1.0733126291999000e+00  1.0000000000000000e+00
1837   1.2568420748999534e+00  7.9999999999999949e-01  2.5136841497999067e+00  1.0000000000000000e+00
1838   2.6972135954999596e+00  7.9999999999999938e-01  5.3944271909999202e+00  1.0000000000000002e+00
1839   4.8577708763999690e+00  7.9999999999999938e-01  9.7155417527999415e+00  1.0000000000000002e+00
1840   7.0183281572999778e+00  7.9999999999999938e-01  1.4036656314599963e+01  1.0000000000000002e+00
1841   9.1788854381999876e+00  7.9999999999999949e-01  1.8357770876399986e+01  1.0000000000000000e+00
1842   1.1339442719099994e+01  7.9999999999999949e-01  2.2678885438199998e+01  1.0000000000000000e+00
1843   1.2779814239699997e+01  7.9999999999999949e-01  2.5559628479399997e+01  1.0000000000000000e+00
1844   1.3500000000000000e+01  7.9999999999999949e-01  2.7000000000000000e+01  1.0000000000000000e+00
1845   5.3665631459995000e-01  1.0666666666666664e+00  1.0733126291999000e+00  1.0000000000000000e+00
1846   1.2568420748999534e+00  1.0666666666666664e+00  2.5136841497999067e+00  1.0000000000000000e+00
1847   2.6972135954999596e+00  1.0666666666666662e+00  5.3944271909999202e+00  1.0000000000000002e+00
1848   4.8577708763999690e+00  1.0666666666666662e+00  9.7155417527999415e+00  1.0000000000000002e+00
1849   7.0183281572999778e+00  1.0666666666666662e+00  1.4036656314599963e+01  1.0000000000000002e+00
1850   9.1788854381999876e+00  1.0666666666666664e+00  1.8357770876399986e+01  1.0000000000000000e+00
1851   1.1339442719099994e+01  1.0666666666666664e+00  2.2678885438199998e+01  1.0000000000000000e+00
1852   1.2779814239699997e+01  1.0666666666666664e+00  2.5559628479399997e+01  1.0000000000000000e+00
1853   1.3500000000000000e+01  1.0666666666666664e+00  2.7000000000000000e+01  1.0000000000000000e+00
1854   5.3665631459995000e-01  1.2000000000000000e+00  1.0733126291999000e+00  1.0000000000000000e+00
1855   1.2568420748999534e+00  1.2000000000000000e+00  2.5136841497999067e+00  1.0000000000000000e+00
1856   2.6972135954999596e+00  1.2000000000000000e+00  5.3944271909999202e+00  1.0000000000000002e+00
1857   4.8577708763999690e+00  1.2000000000000000e+00  9.7155417527999415e+00  1.0000000000000002e+00
1858   7.0183281572999778e+00  1.2000000000000000e+00  1.4036656314599963e+01  1.0000000000000002e+00
1859   9.1788854381999876e+00  1.2000000000000000e+00  1.8357770876399986e+01  1.0000000000000000e+00
1860   1.1339442719099994e+01  1.2000000000000000e+00  2.2678885438199998e+01  1.0000000000000000e+00
1861   1.2779814239699997e+01  1.2000000000000000e+00  2.5559628479399997e+01  1.0000000000000000e+00
1862   1.3500000000000000e+01  1.2000000000000000e+00  2.7000000000000000e+01  1.0000000000000000e+00
1863   5.0917499634961672e-01 -1.2000000000000000e+00  1.0870532883250670e+00  9.9702766549641453e-01
1864   1.1911352319386008e+00 -1.2000000000000000e+00  2.5307140905200747e+00  9.9719279519105819e-01
1865   2.5543783540471225e+00 -1.2000000000000000e+00  5.4166017956151880e+00  9.9752305458034563e-01
1866   4.5975513456241366e+00 -1.2000000000000000e+00  9.7418521637627471e+00  9.9801844366427650e-01
1867   6.6386969930354249e+00 -1.2000000000000000e+00  1.4062810790028777e+01  9.9851383274820738e-01
1868   8.6778183122416426e+00 -1.2000000000000000e+00  1.8379484058985202e+01  9.9900922183213803e-01
1869   1.0714918313224185e+01 -1.2000000000000000e+00  2.2691878342546289e+01  9.9950461091606901e-01
1870   1.2071863509687335e+01 -1.2000000000000000e+00  2.5564433791719598e+01  9.9983487030535634e-01
1871   1.2750000000000000e+01 -1.2000000000000000e+00  2.7000000000000000e+01  1.0000000000000000e+00
1872   5.0917499634961672e-01 -1.0666666666666667e+00  1.0870532883250670e+00  9.9702766549641453e-01
1873   1.1911352319386010e+00 -1.0666666666666667e+00  2.5307140905200751e+00  9.9719279519105819e-01
1874   2.5543783540471225e+00 -1.0666666666666664e+00  5.4166017956151880e+00  9.9752305458034563e-01
1875   4.5975513456241366e+00 -1.0666666666666667e+00  9.7418521637627471e+00  9.9801844366427650e-01
1876   6.6386969930354249e+00 -1.0666666666666664e+00  1.4062810790028777e+01  9.9851383274820738e-01
1877   8.6778183122416426e+00 -1.0666666666666669e+00  1.8379484058985202e+01  9.9900922183213803e-01
1878   1.0714918313224185e+01 -1.0666666666666667e+00  2.2691878342546289e+01  9.9950461091606901e-01
1879   1.2071863509687335e+01 -1.0666666666666669e+00  2.5564433791719598e+01  9.9983487030535634e-01
1880   1.2750000000000000e+01 -1.0666666666666669e+00  2.7000000000000000e+01  1.0000000000000000e+00
1881   5.0917499634961672e-01 -8.0000000000000016e-01  1.0870532883250670e+00  9.9702766549641475e-01
1882   1.1911352319386008e+00 -8.0000000000000004e-01  2.5307140905200747e+00  9.9719279519105841e-01
1883   2.5543783540471221e+00 -8.0000000000000004e-01  5.4166017956151888e+00  9.9752305458034574e-01
1884   4.5975513456241366e+00 -8.0000000000000016e-01  9.7418521637627489e+00  9.9801844366427661e-01
1885   6.6386969930354249e+00 -8.0000000000000016e-01  1.4062810790028777e+01  9.9851383274820749e-01
1886   8.6778183122416426e+00 -8.0000000000000016e-01  1.8379484058985202e+01  9.9900922183213825e-01
1887   1.0714918313224185e+01 -8.0000000000000016e-01  2.2691878342546289e+01  9.9950461091606924e-01
1888   1.2071863509687333e+01 -8.0000000000000016e-01  2.5564433791719594e+01  9.9983487030535656e-01
1889   1.2749999999999998e+01 -8.0000000000000016e-01  2.6999999999999996e+01  1.0000000000000002e+00
1890   5.0917499634961672e-01 -4.0000000000000019e-01  1.0870532883250670e+00  9.9702766549641475e-01
1891   1.1911352319386006e+00 -4.0000000000000024e-01  2.5307140905200742e+00  9.9719279519105841e-01
1892   2.5543783540471230e+00 -4.0000000000000041e-01  5.4166017956151888e+00  9.9752305458034563e-01
1893   4.5975513456241366e+00 -4.0000000000000041e-01  9.7418521637627506e+00  9.9801844366427650e-01
1894   6.6386969930354258e+00 -4.0000000000000041e-01  1.4062810790028776e+01  9.9851383274820749e-01
1895   8.6778183122416426e+00 -4.0000000000000036e-01  1.8379484058985202e+01  9.9900922183213825e-01
1896   1.0714918313224185e+01 -4.0000000000000030e-01  2.2691878342546289e+01  9.9950461091606924e-01
1897   1.2071863509687333e+01 -4.0000000000000036e-01  2.5564433791719594e+01  9.9983487030535656e-01
1898   1.2750000000000000e+01 -4.0000000000000036e-01  2.7000000000000000e+01  1.0000000000000002e+00
1899   5.0917499634961672e-01 -4.0365564603088391e-16  1.0870532883250670e+00  9.9702766549641475e-01
1900   1.1911352319386008e+00 -4.3142251339654062e-16  2.5307140905200742e+00  9.9719279519105841e-01
1901   2.5543783540471225e+00 -4.4055451005658382e-16  5.4166017956151888e+00  9.9752305458034574e-01
1902   4.5975513456241366e+00 -4.8668697092425496e-16  9.7418521637627506e+00  9.9801844366427661e-01
1903   6.6386969930354258e+00 -4.6328144063257991e-16  1.4062810790028776e+01  9.9851383274820749e-01
1904   8.6778183122416426e+00 -5.2324843054903384e-16  1.8379484058985202e+01  9.9900922183213825e-01
1905   1.0714918313224185e+01 -5.3224553459402963e-16  2.2691878342546289e+01  9.9950461091606924e-01
1906   1.2071863509687331e+01 -5.2744303320396418e-16  2.5564433791719594e+01  9.9983487030535656e-01
1907   1.2749999999999996e+01 -5.2735593669694926e-16  2.6999999999999993e+01  1.0000000000000002e+00
1908   5.0917499634961672e-01  3.9999999999999952e-01  1.0870532883250670e+00  9.9702766549641453e-01
1909   1.1911352319386008e+00  3.9999999999999947e-01  2.5307140905200747e+00  9.9719279519105819e-01
1910   2.5543783540471225e+00  3.9999999999999941e-01  5.4166017956151880e+00  9.9752305458034563e-01
1911   4.5975513456241366e+00  3.9999999999999941e-01  9.7418521637627471e+00  9.9801844366427650e-01
1912   6.6386969930354249e+00  3.9999999999999941e-01  1.4062810790028777e+01  9.9851383274820738e-01
1913   8.6778183122416426e+00  3.9999999999999941e-01  1.8379484058985202e+01  9.9900922183213803e-01
1914   1.0714918313224185e+01  3.9999999999999936e-01  2.2691878342546289e+01  9.9950461091606901e-01
1915   1.2071863509687335e+01  3.9999999999999941e-01  2.5564433791719598e+01  9.9983487030535634e-01
1916   1.2750000000000000e+01  3.9999999999999941e-01  2.7000000000000000e+01  1.0000000000000000e+00
1917   5.0917499634961672e-01  7.9999999999999960e-01  1.0870532883250670e+00  9.9702766549641453e-01
1918   1.1911352319386008e+00  7.9999999999999949e-01  2.5307140905200747e+00  9.9719279519105819e-01
1919   2.5543783540471230e+00  7.9999999999999949e-01  5.4166017956151880e+00  9.9752305458034563e-01
1920   4.5975513456241366e+00  7.9999999999999949e-01  9.7418521637627471e+00  9.9801844366427650e-01
1921   6.6386969930354249e+00  7.9999999999999949e-01  1.4062810790028777e+01  9.9851383274820738e-01
1922   8.6778183122416426e+00  7.9999999999999960e-01  1.8379484058985202e+01  9.9900922183213803e-01
1923   1.0714918313224185e+01  7.9999999999999949e-01  2.2691878342546289e+01  9.9950461091606901e-01
1924   1.2071863509687335e+01  7.9999999999999949e-01  2.5564433791719598e+01  9.9983487030535634e-01
1925   1.2750000000000000e+01  7.9999999999999949e-01  2.7000000000000000e+01  1.0000000000000000e+00
1926   5.0917499634961672e-01  1.0666666666666664e+00  1.0870532883250670e+00  9.9702766549641453e-01
1927   1.1911352319386008e+00  1.0666666666666664e+00  2.5307140905200747e+00  9.9719279519105819e-01
1928   2.5543783540471225e+00  1.0666666666666662e+00  5.4166017956151880e+00  9.9752305458034563e-01
1929   4.5975513456241366e+00  1.0666666666666662e+00  9.7418521637627471e+00  9.9801844366427650e-01
1930   6.6386969930354258e+00  1.0666666666666662e+00  1.4062810790028777e+01  9.9851383274820738e-01
1931   8.6778183122416426e+00  1.0666666666666664e+00  1.8379484058985202e+01  9.9900922183213803e-01
1932   1.0714918313224185e+01  1.0666666666666664e+00  2.2691878342546289e+01  9.9950461091606901e-01
1933   1.2071863509687335e+01  1.0666666666666667e+00  2.5564433791719598e+01  9.9983487030535634e-01
1934   1.2750000000000000e+01  1.0666666666666664e+00  2.7000000000000000e+01  1.0000000000000000e+00
1935   5.0917499634961672e-01  1.2000000000000000e+00  1.0870532883250670e+00  9.9702766549641453e-01
1936   1.1911352319386008e+00  1.2000000000000000e+00  2.5307140905200747e+00  9.9719279519105819e-01
1937   2.5543783540471225e+00  1.2000000000000000e+00  5.4166017956151880e+00  9.9752305458034563e-01
1938   4.5975513456241366e+00  1.2000000000000000e+00  9.7418521637627471e+00  9.9801844366427650e-01
1939   6.6386969930354249e+00  1.2000000000000000e+00  1.4062810790028777e+01  9.9851383274820738e-01
1940   8.6778183122416426e+00  1.2000000000000000e+00  1.8379484058985202e+01  9.9900922183213803e-01
1941   1.0714918313224185e+01  1.2000000000000000e+00  2.2691878342546289e+01  9.9950461091606901e-01
1942   1.2071863509687335e+01  1.2000000000000000e+00  2.5564433791719598e+01  9.9983487030535634e-01
1943   1.2750000000000000e+01  1.2000000000000000e+00  2.7000000000000000e+01  1.0000000000000000e+00
1944   4.5298937950559370e-01 -1.2000000000000000e+00  1.1125021628030716e+00  9.9207377465710544e-01
1945   1.0573474545855592e+00 -1.2000000000000002e+00  2.5615438384524274e+00  9.9251412050948851e-01
1946   2.2644562282918796e+00 -1.2000000000000002e+00  5.4557732568498016e+00  9.9339481221425452e-01
1947   4.0711116211406209e+00 -1.2000000000000002e+00  9.7875081433706743e+00  9.9471584977140359e-01
1948   5.8729747022644814e+00 -1.1999999999999997e+00  1.4107752723567540e+01  9.9603688732855278e-01
1949   7.6700645144472510e+00 -1.2000000000000000e+00  1.8416552655450889e+01  9.9735792488570163e-01
1950   9.4623999997146750e+00 -1.1999999999999997e+00  2.2713953355448268e+01  9.9867896244285093e-01
1951   1.0654658339253009e+01 -1.2000000000000000e+00  2.5572576568024601e+01  9.9955965414761705e-01
1952   1.1250000000000000e+01 -1.2000000000000000e+00  2.6999999999999996e+01  1.0000000000000002e+00
1953   4.5298937950559370e-01 -1.0666666666666667e+00  1.1125021628030716e+00  9.9207377465710544e-01
1954   1.0573474545855595e+00 -1.0666666666666667e+00  2.5615438384524274e+00  9.9251412050948851e-01
1955   2.2644562282918796e+00 -1.0666666666666669e+00  5.4557732568498016e+00  9.9339481221425452e-01
1956   4.0711116211406209e+00 -1.0666666666666671e+00  9.7875081433706743e+00  9.9471584977140359e-01
1957   5.8729747022644814e+00 -1.0666666666666667e+00  1.4107752723567540e+01  9.9603688732855278e-01
1958   7.6700645144472510e+00 -1.0666666666666671e+00  1.8416552655450889e+01  9.9735792488570163e-01
1959   9.4623999997146750e+00 -1.0666666666666667e+00  2.2713953355448268e+01  9.9867896244285093e-01
1960   1.0654658339253009e+01 -1.0666666666666667e+00  2.5572576568024605e+01  9.9955965414761705e-01
1961   1.1250000000000000e+01 -1.0666666666666669e+00  2.6999999999999996e+01  1.0000000000000002e+00
1962   4.5298937950559370e-01 -8.0000000000000016e-01  1.1125021628030716e+00  9.9207377465710567e-01
1963   1.0573474545855595e+00 -8.0000000000000016e-01  2.5615438384524269e+00  9.9251412050948862e-01
1964   2.2644562282918792e+00 -8.0000000000000016e-01  5.4557732568498007e+00  9.9339481221425474e-01
1965   4.0711116211406200e+00 -8.0000000000000016e-01  9.7875081433706725e+00  9.9471584977140382e-01
1966   5.8729747022644814e+00 -8.0000000000000004e-01  1.4107752723567540e+01  9.9603688732855289e-01
1967   7.6700645144472501e+00 -8.0000000000000027e-01  1.8416552655450889e+01  9.9735792488570185e-01
1968   9.4623999997146733e+00 -8.0000000000000016e-01  2.2713953355448265e+01  9.9867896244285115e-01
1969   1.0654658339253007e+01 -8.0000000000000038e-01  2.5572576568024605e+01  9.9955965414761716e-01
1970   1.1249999999999998e+01 -8.0000000000000027e-01  2.6999999999999996e+01  1.0000000000000004e+00
1971   4.5298937950559376e-01 -4.0000000000000019e-01  1.1125021628030713e+00  9.9207377465710567e-01
1972   1.0573474545855595e+00 -4.0000000000000024e-01  2.5615438384524269e+00  9.9251412050948862e-01
1973   2.2644562282918801e+00 -4.0000000000000047e-01  5.4557732568498025e+00  9.9339481221425452e-01
1974   4.0711116211406209e+00 -4.0000000000000041e-01  9.7875081433706743e+00  9.9471584977140359e-01
1975   5.8729747022644823e+00 -4.0000000000000047e-01  1.4107752723567542e+01  9.9603688732855278e-01
1976   7.6700645144472501e+00 -4.0000000000000052e-01  1.8416552655450889e+01  9.9735792488570185e-01
1977   9.4623999997146768e+00 -4.0000000000000047e-01  2.2713953355448265e+01  9.9867896244285104e-01
1978   1.0654658339253007e+01 -4.0000000000000058e-01  2.5572576568024605e+01  9.9955965414761716e-01
1979   1.1249999999999998e+01 -4.0000000000000041e-01  2.7000000000000000e+01  1.0000000000000004e+00
1980   4.5298937950559365e-01 -3.2951077837751779e-16  1.1125021628030713e+00  9.9207377465710567e-01
1981   1.0573474545855595e+00 -3.8684802706125605e-16  2.5615438384524274e+00  9.9251412050948851e-01
1982   2.2644562282918796e+00 -4.2841525598906264e-16  5.4557732568498007e+00  9.9339481221425474e-01
1983   4.0711116211406200e+00 -4.8675267108861827e-16  9.7875081433706725e+00  9.9471584977140382e-01
1984   5.8729747022644814e+00 -5.0313632344331445e-16  1.4107752723567540e+01  9.9603688732855289e-01
1985   7.6700645144472492e+00 -5.7513477867577092e-16  1.8416552655450889e+01  9.9735792488570185e-01
1986   9.4623999997146733e+00 -6.0371030541547534e-16  2.2713953355448265e+01  9.9867896244285115e-01
1987   1.0654658339253007e+01 -5.9700776562945699e-16  2.5572576568024598e+01  9.9955965414761716e-01
1988   1.1249999999999996e+01 -6.0137080500529286e-16  2.6999999999999993e+01  1.0000000000000004e+00
1989   4.5298937950559370e-01  3.9999999999999963e-01  1.1125021628030716e+00  9.9207377465710544e-01
1990   1.0573474545855592e+00  3.9999999999999958e-01  2.5615438384524274e+00  9.9251412050948851e-01
1991   2.2644562282918796e+00  3.9999999999999952e-01  5.4557732568498016e+00  9.9339481221425452e-01
1992   4.0711116211406209e+00  3.9999999999999947e-01  9.7875081433706743e+00  9.9471584977140359e-01
1993   5.8729747022644814e+00  3.9999999999999936e-01  1.4107752723567540e+01  9.9603688732855278e-01
1994   7.6700645144472510e+00  3.9999999999999936e-01  1.8416552655450889e+01  9.9735792488570163e-01
1995   9.4623999997146750e+00  3.9999999999999930e-01  2.2713953355448268e+01  9.9867896244285093e-01
1996   1.0654658339253009e+01  3.9999999999999936e-01  2.5572576568024605e+01  9.9955965414761705e-01
1997   1.1250000000000000e+01  3.9999999999999930e-01  2.6999999999999996e+01  1.0000000000000002e+00
1998   4.5298937950559370e-01  7.9999999999999960e-01  1.1125021628030716e+00  9.9207377465710544e-01
1999   1.0573474545855592e+00  7.9999999999999971e-01  2.5615438384524274e+00  9.9251412050948851e-01
2000   2.2644562282918801e+00  7.9999999999999960e-01  5.4557732568498016e+00  9.9339481221425452e-01
2001   4.0711116211406209e+00  7.9999999999999949e-01  9.7875081433706743e+00  9.9471584977140359e-01
2002   5.8729747022644814e+00  7.9999999999999938e-01  1.4107752723567540e+01  9.9603688732855278e-01
2003   7.6700645144472510e+00  7.9999999999999949e-01  1.8416552655450889e+01  9.9735792488570163e-01
2004   9.4623999997146750e+00  7.9999999999999938e-01  2.2713953355448268e+01  9.9867896244285093e-01
2005   1.0654658339253009e+01  7.9999999999999949e-01  2.5572576568024601e+01  9.9955965414761705e-01
2006   1.1250000000000000e+01  7.9999999999999927e-01  2.6999999999999996e+01  1.0000000000000002e+00
2007   4.5298937950559370e-01  1.0666666666666664e+00  1.1125021628030716e+00  9.9207377465710544e-01
2008   1.0573474545855592e+00  1.0666666666666664e+00  2.5615438384524274e+00  9.9251412050948851e-01
2009   2.2644562282918796e+00  1.0666666666666664e+00  5.4557732568498016e+00  9.9339481221425452e-01
2010   4.0711116211406209e+00  1.0666666666666664e+00  9.7875081433706743e+00  9.9471584977140359e-01
2011   5.8729747022644823e+00  1.0666666666666662e+00  1.4107752723567540e+01  9.9603688732855278e-01
2012   7.6700645144472510e+00  1.0666666666666667e+00  1.8416552655450889e+01  9.9735792488570163e-01
2013   9.4623999997146750e+00  1.0666666666666662e+00  2.2713953355448268e+01  9.9867896244285093e-01
2014   1.0654658339253009e+01  1.0666666666666664e+00  2.5572576568024601e+01  9.9955965414761705e-01
2015   1.1250000000000000e+01  1.0666666666666664e+00  2.6999999999999996e+01  1.0000000000000002e+00
2016   4.5298937950559370e-01  1.2000000000000000e+00  1.1125021628030716e+00  9.9207377465710544e-01
2017   1.0573474545855592e+00  1.2000000000000002e+00  2.5615438384524274e+00  9.9251412050948851e-01
2018   2.2644562282918796e+00  1.2000000000000002e+00  5.4557732568498016e+00  9.9339481221425452e-01
2019   4.0711116211406209e+00  1.2000000000000002e+00  9.7875081433706743e+00  9.9471584977140359e-01
2020   5.8729747022644814e+00  1.1999999999999997e+00  1.4107752723567540e+01  9.9603688732855278e-01
2021   7.6700645144472510e+00  1.2000000000000000e+00  1.8416552655450889e+01  9.9735792488570163e-01
2022   9.4623999997146750e+00  1.1999999999999997e+00  2.2713953355448268e+01  9.9867896244285093e-01
2023   1.0654658339253009e+01  1.2000000000000000e+00  2.5572576568024601e+01  9.9955965414761705e-01
2024   1.1250000000000000e+01  1.2000000000000000e+00  2.6999999999999996e+01  1.0000000000000002e+00
2025   3.6571466539189396e-01 -1.2000000000000000e+00  1.1441761701798323e+00  9.8761527290172724e-01
2026   8.5107428337147661e-01 -1.2000000000000002e+00  2.5976112015990811e+00  9.8830331329607557e-01
2027   1.8197689423315562e+00 -1.2000000000000000e+00  5.4984185615977239e+00  9.8967939408477268e-01
2028   3.2677705570896709e+00 -1.2000000000000002e+00  9.8345359361783569e+00  9.9174351526781801e-01
2029   4.7097572234886034e+00 -1.1999999999999997e+00  1.4152641229956295e+01  9.9380763645086356e-01
2030   6.1457663426763274e+00 -1.2000000000000000e+00  1.8452846442646113e+01  9.9587175763390900e-01
2031   7.5758350063600837e+00 -1.2000000000000000e+00  2.2735262647325758e+01  9.9793587881695456e-01
2032   8.5259320405914618e+00 -1.2000000000000000e+00  2.5580378437031836e+01  9.9931195960565167e-01
2033   9.0000000000000000e+00 -1.2000000000000000e+00  2.7000000000000000e+01  1.0000000000000002e+00
2034   3.6571466539189401e-01 -1.0666666666666667e+00  1.1441761701798323e+00  9.8761527290172724e-01
2035   8.5107428337147661e-01 -1.0666666666666669e+00  2.5976112015990815e+00  9.8830331329607557e-01
2036   1.8197689423315562e+00 -1.0666666666666669e+00  5.4984185615977239e+00  9.8967939408477268e-01
2037   3.2677705570896709e+00 -1.0666666666666671e+00  9.8345359361783569e+00  9.9174351526781801e-01
2038   4.7097572234886034e+00 -1.0666666666666667e+00  1.4152641229956295e+01  9.9380763645086356e-01
2039   6.1457663426763274e+00 -1.0666666666666669e+00  1.8452846442646113e+01  9.9587175763390900e-01
2040   7.5758350063600837e+00 -1.0666666666666669e+00  2.2735262647325762e+01  9.9793587881695456e-01
2041   8.5259320405914618e+00 -1.0666666666666669e+00  2.5580378437031836e+01  9.9931195960565167e-01
2042   9.0000000000000000e+00 -1.0666666666666667e+00  2.7000000000000000e+01  1.0000000000000002e+00
2043   3.6571466539189407e-01 -8.0000000000000016e-01  1.1441761701798325e+00  9.8761527290172735e-01
2044   8.5107428337147650e-01 -8.0000000000000027e-01  2.5976112015990811e+00  9.8830331329607579e-01
2045   1.8197689423315559e+00 -8.0000000000000016e-01  5.4984185615977239e+00  9.8967939408477290e-01
2046   3.2677705570896709e+00 -8.0000000000000027e-01  9.8345359361783569e+00  9.9174351526781812e-01
2047   4.7097572234886034e+00 -8.0000000000000016e-01  1.4152641229956293e+01  9.9380763645086378e-01
2048   6.1457663426763274e+00 -8.0000000000000027e-01  1.8452846442646116e+01  9.9587175763390912e-01
2049   7.5758350063600837e+00 -8.0000000000000016e-01  2.2735262647325758e+01  9.9793587881695478e-01
2050   8.5259320405914636e+00 -8.0000000000000027e-01  2.5580378437031836e+01  9.9931195960565178e-01
2051   9.0000000000000000e+00 -8.0000000000000038e-01  2.7000000000000000e+01  1.0000000000000002e+00
2052   3.6571466539189407e-01 -4.0000000000000019e-01  1.1441761701798321e+00  9.8761527290172746e-01
2053   8.5107428337147650e-01 -4.0000000000000036e-01  2.5976112015990811e+00  9.8830331329607579e-01
2054   1.8197689423315564e+00 -4.0000000000000047e-01  5.4984185615977239e+00  9.8967939408477268e-01
2055   3.2677705570896713e+00 -4.0000000000000052e-01  9.8345359361783569e+00  9.9174351526781801e-01
2056   4.7097572234886043e+00 -4.0000000000000052e-01  1.4152641229956297e+01  9.9380763645086356e-01
2057   6.1457663426763274e+00 -4.0000000000000047e-01  1.8452846442646113e+01  9.9587175763390912e-01
2058   7.5758350063600837e+00 -4.0000000000000041e-01  2.2735262647325754e+01  9.9793587881695478e-01
2059   8.5259320405914636e+00 -4.0000000000000052e-01  2.5580378437031836e+01  9.9931195960565178e-01
2060   9.0000000000000018e+00 -4.0000000000000052e-01  2.7000000000000000e+01  1.0000000000000002e+00
2061   3.6571466539189396e-01 -3.4739211062380391e-16  1.1441761701798323e+00  9.8761527290172735e-01
2062   8.5107428337147661e-01 -3.9629737773392633e-16  2.5976112015990811e+00  9.8830331329607557e-01
2063   1.8197689423315564e+00 -4.0743177745057246e-16  5.4984185615977239e+00  9.8967939408477279e-01
2064   3.2677705570896705e+00 -4.3690265498879396e-16  9.8345359361783569e+00  9.9174351526781812e-01
2065   4.7097572234886034e+00 -4.5849318953766154e-16  1.4152641229956293e+01  9.9380763645086378e-01
2066   6.1457663426763265e+00 -5.4657406757290601e-16  1.8452846442646116e+01  9.9587175763390912e-01
2067   7.5758350063600837e+00 -6.0261467472059788e-16  2.2735262647325754e+01  9.9793587881695478e-01
2068   8.5259320405914618e+00 -6.0872852872615629e-16  2.5580378437031833e+01  9.9931195960565178e-01
2069   9.0000000000000000e+00 -6.2912638062092207e-16  2.7000000000000000e+01  1.0000000000000002e+00
2070   3.6571466539189396e-01  3.9999999999999958e-01  1.1441761701798323e+00  9.8761527290172724e-01
2071   8.5107428337147661e-01  3.9999999999999963e-01  2.5976112015990811e+00  9.8830331329607557e-01
2072   1.8197689423315562e+00  3.9999999999999952e-01  5.4984185615977239e+00  9.8967939408477268e-01
2073   3.2677705570896709e+00  3.9999999999999952e-01  9.8345359361783569e+00  9.9174351526781801e-01
2074   4.7097572234886034e+00  3.9999999999999947e-01  1.4152641229956295e+01  9.9380763645086356e-01
2075   6.1457663426763274e+00  3.9999999999999941e-01  1.8452846442646113e+01  9.9587175763390900e-01
2076   7.5758350063600837e+00  3.9999999999999936e-01  2.2735262647325758e+01  9.9793587881695456e-01
2077   8.5259320405914618e+00  3.9999999999999930e-01  2.5580378437031836e+01  9.9931195960565167e-01
2078   9.0000000000000000e+00  3.9999999999999925e-01  2.7000000000000000e+01  1.0000000000000002e+00
2079   3.6571466539189396e-01  7.9999999999999960e-01  1.1441761701798323e+00  9.8761527290172724e-01
2080   8.5107428337147661e-01  7.9999999999999982e-01  2.5976112015990811e+00  9.8830331329607557e-01
2081   1.8197689423315562e+00  7.9999999999999971e-01  5.4984185615977239e+00  9.8967939408477268e-01
2082   3.2677705570896709e+00  7.9999999999999982e-01  9.8345359361783569e+00  9.9174351526781801e-01
2083   4.7097572234886034e+00  7.9999999999999971e-01  1.4152641229956295e+01  9.9380763645086356e-01
2084   6.1457663426763274e+00  7.9999999999999949e-01  1.8452846442646113e+01  9.9587175763390900e-01
2085   7.5758350063600837e+00  7.9999999999999949e-01  2.2735262647325758e+01  9.9793587881695456e-01
2086   8.5259320405914618e+00  7.9999999999999949e-01  2.5580378437031836e+01  9.9931195960565167e-01
2087   9.0000000000000000e+00  7.9999999999999927e-01  2.7000000000000000e+01  1.0000000000000002e+00
2088   3.6571466539189396e-01  1.0666666666666664e+00  1.1441761701798323e+00  9.8761527290172724e-01
2089   8.5107428337147661e-01  1.0666666666666667e+00  2.5976112015990811e+00  9.8830331329607557e-01
2090   1.8197689423315562e+00  1.0666666666666664e+00  5.4984185615977239e+00  9.8967939408477268e-01
2091   3.2677705570896709e+00  1.0666666666666667e+00  9.8345359361783569e+00  9.9174351526781801e-01
2092   4.7097572234886043e+00  1.0666666666666664e+00  1.4152641229956297e+01  9.9380763645086356e-01
2093   6.1457663426763274e+00  1.0666666666666664e+00  1.8452846442646113e+01  9.9587175763390900e-01
2094   7.5758350063600837e+00  1.0666666666666664e+00  2.2735262647325758e+01  9.9793587881695456e-01
2095   8.5259320405914618e+00  1.0666666666666664e+00  2.5580378437031836e+01  9.9931195960565167e-01
2096   9.0000000000000000e+00  1.0666666666666664e+00  2.7000000000000000e+01  1.0000000000000002e+00
2097   3.6571466539189396e-01  1.2000000000000000e+00  1.1441761701798323e+00  9.8761527290172724e-01
2098   8.5107428337147661e-01  1.2000000000000002e+00  2.5976112015990811e+00  9.8830331329607557e-01
2099   1.8197689423315562e+00  1.2000000000000000e+00  5.4984185615977239e+00  9.8967939408477268e-01
2100   3.2677705570896709e+00  1.2000000000000002e+00  9.8345359361783569e+00  9.9174351526781801e-01
2101   4.7097572234886034e+00  1.1999999999999997e+00  1.4152641229956295e+01  9.9380763645086356e-01
2102   6.1457663426763274e+00  1.2000000000000000e+00  1.8452846442646113e+01  9.9587175763390900e-01
2103   7.5758350063600837e+00  1.2000000000000000e+00  2.2735262647325758e+01  9.9793587881695456e-01
2104   8.5259320405914618e+00  1.2000000000000000e+00  2.5580378437031836e+01  9.9931195960565167e-01
2105   9.0000000000000000e+00  1.2000000000000000e+00  2.7000000000000000e+01  1.0000000000000002e+00
2106   2.7598050795351386e-01 -1.2000000000000000e+00  1.1690721921560046e+00  9.8612910564993439e-01
2107   6.4042255367384326e-01 -1.2000000000000004e+00  2.6231728763924376e+00  9.8689971089160455e-01
2108   1.3676018940587094e+00 -1.2000000000000000e+00  5.5245723961055608e+00  9.8844092137494532e-01
2109   2.4541289162693518e+00 -1.2000000000000002e+00  9.8597464107149833e+00  9.9075273709995615e-01
2110   3.5355971530295403e+00 -1.2000000000000000e+00  1.4174736191723227e+01  9.9306455282496719e-01
2111   4.6120418522518944e+00 -1.2000000000000000e+00  1.8469682376069585e+01  9.9537636854997802e-01
2112   5.6834979351470425e+00 -1.1999999999999997e+00  2.2744724297173086e+01  9.9768818427498918e-01
2113   6.3950476356445938e+00 -1.2000000000000000e+00  2.5583762543478265e+01  9.9922939475832973e-01
2114   6.7499999999999991e+00 -1.2000000000000000e+00  2.6999999999999993e+01  1.0000000000000002e+00
2115   2.7598050795351386e-01 -1.0666666666666667e+00  1.1690721921560046e+00  9.8612910564993439e-01
2116   6.4042255367384326e-01 -1.0666666666666669e+00  2.6231728763924376e+00  9.8689971089160455e-01
2117   1.3676018940587094e+00 -1.0666666666666669e+00  5.5245723961055608e+00  9.8844092137494532e-01
2118   2.4541289162693518e+00 -1.0666666666666669e+00  9.8597464107149833e+00  9.9075273709995615e-01
2119   3.5355971530295403e+00 -1.0666666666666667e+00  1.4174736191723227e+01  9.9306455282496719e-01
2120   4.6120418522518944e+00 -1.0666666666666669e+00  1.8469682376069585e+01  9.9537636854997802e-01
2121   5.6834979351470425e+00 -1.0666666666666667e+00  2.2744724297173086e+01  9.9768818427498918e-01
2122   6.3950476356445938e+00 -1.0666666666666669e+00  2.5583762543478265e+01  9.9922939475832973e-01
2123   6.7499999999999991e+00 -1.0666666666666667e+00  2.6999999999999993e+01  1.0000000000000002e+00
2124   2.7598050795351386e-01 -8.0000000000000016e-01  1.1690721921560046e+00  9.8612910564993461e-01
2125   6.4042255367384326e-01 -8.0000000000000038e-01  2.6231728763924376e+00  9.8689971089160466e-01
2126   1.3676018940587089e+00 -8.0000000000000016e-01  5.5245723961055608e+00  9.8844092137494566e-01
2127   2.4541289162693518e+00 -8.0000000000000038e-01  9.8597464107149815e+00  9.9075273709995626e-01
2128   3.5355971530295403e+00 -8.0000000000000016e-01  1.4174736191723229e+01  9.9306455282496731e-01
2129   4.6120418522518944e+00 -8.0000000000000016e-01  1.8469682376069585e+01  9.9537636854997835e-01
2130   5.6834979351470425e+00 -8.0000000000000004e-01  2.2744724297173079e+01  9.9768818427498940e-01
2131   6.3950476356445938e+00 -8.0000000000000016e-01  2.5583762543478265e+01  9.9922939475832995e-01
2132   6.7499999999999982e+00 -8.0000000000000016e-01  2.6999999999999996e+01  1.0000000000000004e+00
2133   2.7598050795351386e-01 -4.0000000000000024e-01  1.1690721921560046e+00  9.8612910564993461e-01
2134   6.4042255367384326e-01 -4.0000000000000047e-01  2.6231728763924376e+00  9.8689971089160466e-01
2135   1.3676018940587094e+00 -4.0000000000000047e-01  5.5245723961055626e+00  9.8844092137494532e-01
2136   2.4541289162693518e+00 -4.0000000000000036e-01  9.8597464107149815e+00  9.9075273709995626e-01
2137   3.5355971530295411e+00 -4.0000000000000036e-01  1.4174736191723230e+01  9.9306455282496719e-01
2138   4.6120418522518944e+00 -4.0000000000000041e-01  1.8469682376069581e+01  9.9537636854997824e-01
2139   5.6834979351470434e+00 -4.0000000000000030e-01  2.2744724297173079e+01  9.9768818427498940e-01
2140   6.3950476356445938e+00 -4.0000000000000047e-01  2.5583762543478265e+01  9.9922939475832995e-01
2141   6.7499999999999991e+00 -4.0000000000000041e-01  2.6999999999999996e+01  1.0000000000000004e+00
2142   2.7598050795351381e-01 -4.3469911106277684e-16  1.1690721921560043e+00  9.8612910564993461e-01
2143   6.4042255367384349e-01 -4.4842168717139189e-16  2.6231728763924376e+00  9.8689971089160455e-01
2144   1.3676018940587094e+00 -3.9624220628196410e-16  5.5245723961055626e+00  9.8844092137494532e-01
2145   2.4541289162693518e+00 -3.7664119453273054e-16  9.8597464107149815e+00  9.9075273709995637e-01
2146   3.5355971530295407e+00 -3.6800066142010365e-16  1.4174736191723230e+01  9.9306455282496719e-01
2147   4.6120418522518944e+00 -4.5854516508131204e-16  1.8469682376069581e+01  9.9537636854997824e-01
2148   5.6834979351470425e+00 -5.3321455977030245e-16  2.2744724297173079e+01  9.9768818427498940e-01
2149   6.3950476356445920e+00 -5.6016911083488093e-16  2.5583762543478262e+01  9.9922939475832995e-01
2150   6.7499999999999982e+00 -6.0137080500529296e-16  2.6999999999999989e+01  1.0000000000000004e+00
2151   2.7598050795351386e-01  3.9999999999999952e-01  1.1690721921560048e+00  9.8612910564993439e-01
2152   6.4042255367384326e-01  3.9999999999999958e-01  2.6231728763924376e+00  9.8689971089160455e-01
2153   1.3676018940587094e+00  3.9999999999999952e-01  5.5245723961055608e+00  9.8844092137494532e-01
2154   2.4541289162693518e+00  3.9999999999999963e-01  9.8597464107149833e+00  9.9075273709995615e-01
2155   3.5355971530295403e+00  3.9999999999999958e-01  1.4174736191723227e+01  9.9306455282496719e-01
2156   4.6120418522518944e+00  3.9999999999999958e-01  1.8469682376069585e+01  9.9537636854997802e-01
2157   5.6834979351470425e+00  3.9999999999999941e-01  2.2744724297173086e+01  9.9768818427498918e-01
2158   6.3950476356445938e+00  3.9999999999999941e-01  2.5583762543478265e+01  9.9922939475832973e-01
2159   6.7499999999999991e+00  3.9999999999999925e-01  2.6999999999999993e+01  1.0000000000000002e+00
2160   2.7598050795351386e-01  7.9999999999999960e-01  1.1690721921560046e+00  9.8612910564993439e-01
2161   6.4042255367384326e-01  7.9999999999999971e-01  2.6231728763924376e+00  9.8689971089160455e-01
2162   1.3676018940587094e+00  7.9999999999999960e-01  5.5245723961055608e+00  9.8844092137494532e-01
2163   2.4541289162693518e+00  7.9999999999999971e-01  9.8597464107149833e+00  9.9075273709995615e-01
2164   3.5355971530295403e+00  7.9999999999999960e-01  1.4174736191723227e+01  9.9306455282496719e-01
2165   4.6120418522518944e+00  7.9999999999999960e-01  1.8469682376069585e+01  9.9537636854997802e-01
2166   5.6834979351470425e+00  7.9999999999999949e-01  2.2744724297173086e+01  9.9768818427498918e-01
2167   6.3950476356445938e+00  7.9999999999999960e-01  2.5583762543478265e+01  9.9922939475832973e-01
2168   6.7499999999999991e+00  7.9999999999999916e-01  2.6999999999999993e+01  1.0000000000000002e+00
2169   2.7598050795351386e-01  1.0666666666666664e+00  1.1690721921560046e+00  9.8612910564993439e-01
2170   6.4042255367384326e-01  1.0666666666666667e+00  2.6231728763924376e+00  9.8689971089160455e-01
2171   1.3676018940587094e+00  1.0666666666666667e+00  5.5245723961055608e+00  9.8844092137494532e-01
2172   2.4541289162693518e+00  1.0666666666666667e+00  9.8597464107149833e+00  9.9075273709995615e-01
2173   3.5355971530295407e+00  1.0666666666666664e+00  1.4174736191723227e+01  9.9306455282496719e-01
2174   4.6120418522518944e+00  1.0666666666666667e+00  1.8469682376069585e+01  9.9537636854997802e-01
2175   5.6834979351470425e+00  1.0666666666666662e+00  2.2744724297173086e+01  9.9768818427498918e-01
2176   6.3950476356445920e+00  1.0666666666666664e+00  2.5583762543478262e+01  9.9922939475832995e-01
2177   6.7499999999999991e+00  1.0666666666666664e+00  2.6999999999999993e+01  1.0000000000000002e+00
2178   2.7598050795351386e-01  1.2000000000000000e+00  1.1690721921560046e+00  9.8612910564993439e-01
2179   6.4042255367384326e-01  1.2000000000000004e+00  2.6231728763924376e+00  9.8689971089160455e-01
2180   1.3676018940587094e+00  1.2000000000000000e+00  5.5245723961055608e+00  9.8844092137494532e-01
2181   2.4541289162693518e+00  1.2000000000000002e+00  9.8597464107149833e+00  9.9075273709995615e-01
2182   3.5355971530295403e+00  1.2000000000000000e+00  1.4174736191723227e+01  9.9306455282496719e-01
2183   4.6120418522518944e+00  1.2000000000000000e+00  1.8469682376069585e+01  9.9537636854997802e-01
2184   5.6834979351470425e+00  1.1999999999999997e+00  2.2744724297173086e+01  9.9768818427498918e-01
2185   6.3950476356445938e+00  1.2000000000000000e+00  2.5583762543478265e+01  9.9922939475832973e-01
2186   6.7499999999999991e+00  1.2000000000000000e+00  2.6999999999999993e+01  1.0000000000000002e+00
2187   1.8458599807754897e-01 -1.1999999999999997e+00  1.1869348483399609e+00  9.8761527290172713e-01
2188   4.2716863349283912e-01 -1.2000000000000000e+00  2.6379662835271138e+00  9.8830331329607546e-01
2189   9.1132202116329197e-01 -1.2000000000000000e+00  5.5339764771648197e+00  9.8967939408477257e-01
2190   1.6350329249583315e+00 -1.2000000000000002e+00  9.8629230631252707e+00  9.9174351526781801e-01
2191   2.3557375588231877e+00 -1.2000000000000000e+00  1.4173887355489617e+01  9.9380763645086356e-01
2192   3.0734546158437839e+00 -1.2000000000000000e+00  1.8466981168754604e+01  9.9587175763390900e-01
2193   3.7882026344476323e+00 -1.2000000000000000e+00  2.2742315392312747e+01  9.9793587881695456e-01
2194   4.2630609331736578e+00 -1.2000000000000000e+00  2.5582726114751154e+01  9.9931195960565167e-01
2195   4.5000000000000000e+00 -1.2000000000000000e+00  2.7000000000000000e+01  1.0000000000000000e+00
2196   1.8458599807754900e-01 -1.0666666666666667e+00  1.1869348483399609e+00  9.8761527290172713e-01
2197   4.2716863349283912e-01 -1.0666666666666669e+00  2.6379662835271138e+00  9.8830331329607546e-01
2198   9.1132202116329197e-01 -1.0666666666666669e+00  5.5339764771648197e+00  9.8967939408477257e-01
2199   1.6350329249583317e+00 -1.0666666666666669e+00  9.8629230631252707e+00  9.9174351526781801e-01
2200   2.3557375588231877e+00 -1.0666666666666669e+00  1.4173887355489617e+01  9.9380763645086356e-01
2201   3.0734546158437839e+00 -1.0666666666666667e+00  1.8466981168754604e+01  9.9587175763390900e-01
2202   3.7882026344476323e+00 -1.0666666666666669e+00  2.2742315392312751e+01  9.9793587881695456e-01
2203   4.2630609331736578e+00 -1.0666666666666667e+00  2.5582726114751154e+01  9.9931195960565167e-01
2204   4.5000000000000000e+00 -1.0666666666666667e+00  2.7000000000000000e+01  1.0000000000000000e+00
2205   1.8458599807754900e-01 -8.0000000000000027e-01  1.1869348483399609e+00  9.8761527290172724e-01
2206   4.2716863349283918e-01 -8.0000000000000038e-01  2.6379662835271143e+00  9.8830331329607546e-01
2207   9.1132202116329197e-01 -8.0000000000000016e-01  5.5339764771648197e+00  9.8967939408477279e-01
2208   1.6350329249583315e+00 -8.0000000000000038e-01  9.8629230631252707e+00  9.9174351526781812e-01
2209   2.3557375588231872e+00 -8.0000000000000027e-01  1.4173887355489621e+01  9.9380763645086367e-01
2210   3.0734546158437839e+00 -8.0000000000000016e-01  1.8466981168754604e+01  9.9587175763390912e-01
2211   3.7882026344476314e+00 -8.0000000000000004e-01  2.2742315392312751e+01  9.9793587881695478e-01
2212   4.2630609331736578e+00 -8.0000000000000016e-01  2.5582726114751157e+01  9.9931195960565167e-01
2213   4.4999999999999991e+00 -8.0000000000000027e-01  2.6999999999999996e+01  1.0000000000000002e+00
2214   1.8458599807754900e-01 -4.0000000000000036e-01  1.1869348483399609e+00  9.8761527290172724e-01
2215   4.2716863349283918e-01 -4.0000000000000052e-01  2.6379662835271143e+00  9.8830331329607546e-01
2216   9.1132202116329220e-01 -4.0000000000000047e-01  5.5339764771648197e+00  9.8967939408477257e-01
2217   1.6350329249583315e+00 -4.0000000000000030e-01  9.8629230631252689e+00  9.9174351526781812e-01
2218   2.3557375588231881e+00 -4.0000000000000024e-01  1.4173887355489621e+01  9.9380763645086367e-01
2219   3.0734546158437843e+00 -4.0000000000000030e-01  1.8466981168754600e+01  9.9587175763390912e-01
2220   3.7882026344476314e+00 -4.0000000000000030e-01  2.2742315392312747e+01  9.9793587881695478e-01
2221   4.2630609331736578e+00 -4.0000000000000041e-01  2.5582726114751157e+01  9.9931195960565167e-01
2222   4.5000000000000000e+00 -4.0000000000000036e-01  2.7000000000000000e+01  1.0000000000000002e+00
2223   1.8458599807754894e-01 -5.3006571486193912e-16  1.1869348483399607e+00  9.8761527290172724e-01
2224   4.2716863349283918e-01 -5.0863364228842512e-16  2.6379662835271138e+00  9.8830331329607546e-01
2225   9.1132202116329208e-01 -4.0743177745057246e-16  5.5339764771648197e+00  9.8967939408477268e-01
2226   1.6350329249583315e+00 -3.4594605243774596e-16  9.8629230631252671e+00  9.9174351526781823e-01
2227   2.3557375588231877e+00 -2.9092207457973457e-16  1.4173887355489621e+01  9.9380763645086367e-01
2228   3.0734546158437839e+00 -3.5844729927231647e-16  1.8466981168754604e+01  9.9587175763390912e-01
2229   3.7882026344476314e+00 -4.3573676479797075e-16  2.2742315392312740e+01  9.9793587881695478e-01
2230   4.2630609331736578e+00 -4.8374244298010134e-16  2.5582726114751157e+01  9.9931195960565167e-01
2231   4.4999999999999991e+00 -5.4585965377403513e-16  2.6999999999999993e+01  1.0000000000000002e+00
2232   1.8458599807754897e-01  3.9999999999999941e-01  1.1869348483399609e+00  9.8761527290172713e-01
2233   4.2716863349283912e-01  3.9999999999999947e-01  2.6379662835271138e+00  9.8830331329607546e-01
2234   9.1132202116329197e-01  3.9999999999999958e-01  5.5339764771648197e+00  9.8967939408477257e-01
2235   1.6350329249583315e+00  3.9999999999999969e-01  9.8629230631252707e+00  9.9174351526781801e-01
2236   2.3557375588231877e+00  3.9999999999999963e-01  1.4173887355489617e+01  9.9380763645086356e-01
2237   3.0734546158437839e+00  3.9999999999999958e-01  1.8466981168754604e+01  9.9587175763390900e-01
2238   3.7882026344476323e+00  3.9999999999999952e-01  2.2742315392312747e+01  9.9793587881695456e-01
2239   4.2630609331736578e+00  3.9999999999999936e-01  2.5582726114751154e+01  9.9931195960565167e-01
2240   4.5000000000000000e+00  3.9999999999999936e-01  2.7000000000000000e+01  1.0000000000000000e+00
2241   1.8458599807754897e-01  7.9999999999999949e-01  1.1869348483399609e+00  9.8761527290172713e-01
2242   4.2716863349283912e-01  7.9999999999999960e-01  2.6379662835271138e+00  9.8830331329607546e-01
2243   9.1132202116329208e-01  7.9999999999999971e-01  5.5339764771648197e+00  9.8967939408477257e-01
2244   1.6350329249583315e+00  7.9999999999999982e-01  9.8629230631252707e+00  9.9174351526781801e-01
2245   2.3557375588231877e+00  7.9999999999999982e-01  1.4173887355489617e+01  9.9380763645086356e-01
2246   3.0734546158437839e+00  7.9999999999999982e-01  1.8466981168754604e+01  9.9587175763390900e-01
2247   3.7882026344476323e+00  7.9999999999999960e-01  2.2742315392312747e+01  9.9793587881695456e-01
2248   4.2630609331736578e+00  7.9999999999999949e-01  2.5582726114751154e+01  9.9931195960565167e-01
2249   4.5000000000000000e+00  7.9999999999999960e-01  2.7000000000000000e+01  1.0000000000000000e+00
2250   1.8458599807754897e-01  1.0666666666666662e+00  1.1869348483399609e+00  9.8761527290172713e-01
2251   4.2716863349283912e-01  1.0666666666666667e+00  2.6379662835271138e+00  9.8830331329607546e-01
2252   9.1132202116329197e-01  1.0666666666666667e+00  5.5339764771648197e+00  9.8967939408477257e-01
2253   1.6350329249583315e+00  1.0666666666666667e+00  9.8629230631252707e+00  9.9174351526781801e-01
2254   2.3557375588231877e+00  1.0666666666666667e+00  1.4173887355489619e+01  9.9380763645086356e-01
2255   3.0734546158437839e+00  1.0666666666666664e+00  1.8466981168754604e+01  9.9587175763390900e-01
2256   3.7882026344476323e+00  1.0666666666666664e+00  2.2742315392312747e+01  9.9793587881695456e-01
2257   4.2630609331736578e+00  1.0666666666666664e+00  2.5582726114751154e+01  9.9931195960565167e-01
2258   4.5000000000000000e+00  1.0666666666666664e+00  2.7000000000000000e+01  1.0000000000000000e+00
2259   1.8458599807754897e-01  1.1999999999999997e+00  1.1869348483399609e+00  9.8761527290172713e-01
2260   4.2716863349283912e-01  1.2000000000000000e+00  2.6379662835271138e+00  9.8830331329607546e-01
2261   9.1132202116329197e-01  1.2000000000000000e+00  5.5339764771648197e+00  9.8967939408477257e-01
2262   1.6350329249583315e+00  1.2000000000000002e+00  9.8629230631252707e+00  9.9174351526781801e-01
2263   2.3557375588231877e+00  1.2000000000000000e+00  1.4173887355489617e+01  9.9380763645086356e-01
2264   3.0734546158437839e+00  1.2000000000000000e+00  1.8466981168754604e+01  9.9587175763390900e-01
2265   3.7882026344476323e+00  1.2000000000000000e+00  2.2742315392312747e+01  9.9793587881695456e-01
2266   4.2630609331736578e+00  1.2000000000000000e+00  2.5582726114751154e+01  9.9931195960565167e-01
2267   4.5000000000000000e+00  1.2000000000000000e+00  2.7000000000000000e+01  1.0000000000000000e+00
2268   9.2360073964658590e-02 -1.1999999999999997e+00  1.1976351935892722e+00  9.9207377465710533e-01
2269   2.1313305069390540e-01 -1.2000000000000000e+00  2.6419115840666376e+00  9.9251412050948828e-01
2270   4.5435779120426129e-01 -1.2000000000000000e+00  5.5266231060752480e+00  9.9339481221425441e-01
2271   8.1539400254208183e-01 -1.2000000000000002e+00  9.8441127487424609e+00  9.9471584977140348e-01
2272   1.1754725336960943e+00 -1.1999999999999997e+00  1.4150149871843128e+01  9.9603688732855278e-01
2273   1.5345971901150519e+00 -1.2000000000000002e+00  1.8444779983237847e+01  9.9735792488570185e-01
2274   1.8927717571125453e+00 -1.1999999999999997e+00  2.2728048349998762e+01  9.9867896244285104e-01
2275   2.1310288345533666e+00 -1.2000000000000000e+00  2.5577270759936983e+01  9.9955965414761705e-01
2276   2.2499999999999996e+00 -1.2000000000000000e+00  2.7000000000000000e+01  1.0000000000000000e+00
2277   9.2360073964658590e-02 -1.0666666666666667e+00  1.1976351935892722e+00  9.9207377465710533e-01
2278   2.1313305069390540e-01 -1.0666666666666667e+00  2.6419115840666376e+00  9.9251412050948828e-01
2279   4.5435779120426129e-01 -1.0666666666666667e+00  5.5266231060752480e+00  9.9339481221425441e-01
2280   8.1539400254208183e-01 -1.0666666666666669e+00  9.8441127487424609e+00  9.9471584977140348e-01
2281   1.1754725336960943e+00 -1.0666666666666667e+00  1.4150149871843128e+01  9.9603688732855278e-01
2282   1.5345971901150519e+00 -1.0666666666666667e+00  1.8444779983237847e+01  9.9735792488570185e-01
2283   1.8927717571125453e+00 -1.0666666666666664e+00  2.2728048349998762e+01  9.9867896244285104e-01
2284   2.1310288345533666e+00 -1.0666666666666667e+00  2.5577270759936987e+01  9.9955965414761705e-01
2285   2.2499999999999996e+00 -1.0666666666666667e+00  2.7000000000000000e+01  1.0000000000000000e+00
2286   9.2360073964658590e-02 -8.0000000000000016e-01  1.1976351935892722e+00  9.9207377465710556e-01
2287   2.1313305069390540e-01 -8.0000000000000027e-01  2.6419115840666385e+00  9.9251412050948840e-01
2288   4.5435779120426123e-01 -8.0000000000000016e-01  5.5266231060752489e+00  9.9339481221425463e-01
2289   8.1539400254208183e-01 -8.0000000000000027e-01  9.8441127487424627e+00  9.9471584977140359e-01
2290   1.1754725336960943e+00 -8.0000000000000004e-01  1.4150149871843128e+01  9.9603688732855289e-01
2291   1.5345971901150519e+00 -8.0000000000000004e-01  1.8444779983237851e+01  9.9735792488570196e-01
2292   1.8927717571125451e+00 -8.0000000000000004e-01  2.2728048349998769e+01  9.9867896244285115e-01
2293   2.1310288345533666e+00 -8.0000000000000004e-01  2.5577270759936983e+01  9.9955965414761727e-01
2294   2.2499999999999991e+00 -8.0000000000000004e-01  2.7000000000000000e+01  1.0000000000000002e+00
2295   9.2360073964658590e-02 -4.0000000000000036e-01  1.1976351935892722e+00  9.9207377465710556e-01
2296   2.1313305069390537e-01 -4.0000000000000041e-01  2.6419115840666381e+00  9.9251412050948840e-01
2297   4.5435779120426134e-01 -4.0000000000000047e-01  5.5266231060752498e+00  9.9339481221425441e-01
2298   8.1539400254208183e-01 -4.0000000000000036e-01  9.8441127487424609e+00  9.9471584977140359e-01
2299   1.1754725336960945e+00 -4.0000000000000019e-01  1.4150149871843130e+01  9.9603688732855278e-01
2300   1.5345971901150524e+00 -4.0000000000000030e-01  1.8444779983237851e+01  9.9735792488570185e-01
2301   1.8927717571125451e+00 -4.0000000000000019e-01  2.2728048349998769e+01  9.9867896244285115e-01
2302   2.1310288345533661e+00 -4.0000000000000030e-01  2.5577270759936983e+01  9.9955965414761727e-01
2303   2.2499999999999996e+00 -4.0000000000000024e-01  2.7000000000000000e+01  1.0000000000000002e+00
2304   9.2360073964658576e-02 -5.7198097378738925e-16  1.1976351935892722e+00  9.9207377465710556e-01
2305   2.1313305069390540e-01 -5.4220868049951159e-16  2.6419115840666376e+00  9.9251412050948828e-01
2306   4.5435779120426134e-01 -4.5325092300292136e-16  5.5266231060752480e+00  9.9339481221425441e-01
2307   8.1539400254208183e-01 -3.8444160009546918e-16  9.8441127487424591e+00  9.9471584977140370e-01
2308   1.1754725336960943e+00 -2.8640067642157898e-16  1.4150149871843130e+01  9.9603688732855278e-01
2309   1.5345971901150521e+00 -2.9375163426988299e-16  1.8444779983237851e+01  9.9735792488570185e-01
2310   1.8927717571125451e+00 -3.5049166068877980e-16  2.2728048349998762e+01  9.9867896244285115e-01
2311   2.1310288345533661e+00 -4.1188907861257101e-16  2.5577270759936980e+01  9.9955965414761727e-01
2312   2.2499999999999991e+00 -4.9034850254277741e-16  2.6999999999999993e+01  1.0000000000000002e+00
2313   9.2360073964658590e-02  3.9999999999999936e-01  1.1976351935892722e+00  9.9207377465710533e-01
2314   2.1313305069390542e-01  3.9999999999999941e-01  2.6419115840666381e+00  9.9251412050948817e-01
2315   4.5435779120426129e-01  3.9999999999999947e-01  5.5266231060752480e+00  9.9339481221425441e-01
2316   8.1539400254208183e-01  3.9999999999999963e-01  9.8441127487424609e+00  9.9471584977140348e-01
2317   1.1754725336960943e+00  3.9999999999999963e-01  1.4150149871843126e+01  9.9603688732855278e-01
2318   1.5345971901150519e+00  3.9999999999999963e-01  1.8444779983237847e+01  9.9735792488570185e-01
2319   1.8927717571125453e+00  3.9999999999999958e-01  2.2728048349998762e+01  9.9867896244285104e-01
2320   2.1310288345533666e+00  3.9999999999999947e-01  2.5577270759936987e+01  9.9955965414761705e-01
2321   2.2499999999999996e+00  3.9999999999999941e-01  2.7000000000000000e+01  1.0000000000000000e+00
2322   9.2360073964658590e-02  7.9999999999999938e-01  1.1976351935892722e+00  9.9207377465710533e-01
2323   2.1313305069390540e-01  7.9999999999999960e-01  2.6419115840666376e+00  9.9251412050948828e-01
2324   4.5435779120426129e-01  7.9999999999999960e-01  5.5266231060752480e+00  9.9339481221425441e-01
2325   8.1539400254208183e-01  7.9999999999999971e-01  9.8441127487424609e+00  9.9471584977140348e-01
2326   1.1754725336960943e+00  7.9999999999999960e-01  1.4150149871843128e+01  9.9603688732855278e-01
2327   1.5345971901150519e+00  7.9999999999999971e-01  1.8444779983237847e+01  9.9735792488570185e-01
2328   1.8927717571125453e+00  7.9999999999999960e-01  2.2728048349998762e+01  9.9867896244285104e-01
2329   2.1310288345533666e+00  7.9999999999999960e-01  2.5577270759936983e+01  9.9955965414761705e-01
2330   2.2499999999999996e+00  7.9999999999999949e-01  2.7000000000000000e+01  1.0000000000000000e+00
2331   9.2360073964658590e-02  1.0666666666666664e+00  1.1976351935892722e+00  9.9207377465710533e-01
2332   2.1313305069390540e-01  1.0666666666666664e+00  2.6419115840666376e+00  9.9251412050948828e-01
2333   4.5435779120426129e-01  1.0666666666666664e+00  5.5266231060752480e+00  9.9339481221425441e-01
2334   8.1539400254208183e-01  1.0666666666666667e+00  9.8441127487424609e+00  9.9471584977140348e-01
2335   1.1754725336960943e+00  1.0666666666666664e+00  1.4150149871843130e+01  9.9603688732855278e-01
2336   1.5345971901150519e+00  1.0666666666666667e+00  1.8444779983237847e+01  9.9735792488570185e-01
2337   1.8927717571125453e+00  1.0666666666666664e+00  2.2728048349998762e+01  9.9867896244285104e-01
2338   2.1310288345533666e+00  1.0666666666666664e+00  2.5577270759936983e+01  9.9955965414761705e-01
2339   2.2499999999999996e+00  1.0666666666666664e+00  2.7000000000000000e+01  1.0000000000000000e+00
2340   9.2360073964658590e-02  1.1999999999999997e+00  1.1976351935892722e+00  9.9207377465710533e-01
2341   2.1313305069390540e-01  1.2000000000000000e+00  2.6419115840666376e+00  9.9251412050948828e-01
2342   4.5435779120426129e-01  1.2000000000000000e+00  5.5266231060752480e+00  9.9339481221425441e-01
2343   8.1539400254208183e-01  1.2000000000000002e+00  9.8441127487424609e+00  9.9471584977140348e-01
2344   1.1754725336960943e+00  1.1999999999999997e+00  1.4150149871843128e+01  9.9603688732855278e-01
2345   1.5345971901150519e+00  1.2000000000000002e+00  1.8444779983237847e+01  9.9735792488570185e-01
2346   1.8927717571125453e+00  1.1999999999999997e+00  2.2728048349998762e+01  9.9867896244285104e-01
2347   2.1310288345533666e+00  1.2000000000000000e+00  2.5577270759936983e+01  9.9955965414761705e-01
2348   2.2499999999999996e+00  1.2000000000000000e+00  2.7000000000000000e+01  1.0000000000000000e+00
2349   3.0725047859526202e-02 -1.2000000000000000e+00  1.2000000000000000e+00  9.9702766549641453e-01
2350   7.0797258324808918e-02 -1.2000000000000000e+00  2.6373683205951273e+00  9.9719279519105797e-01
2351   1.5090187799856666e-01 -1.2000000000000000e+00  5.5106773124246162e+00  9.9752305458034529e-01
2352   2.7095940314846545e-01 -1.2000000000000000e+00  9.8170752199975908e+00  9.9801844366427617e-01
2353   3.9089780088029058e-01 -1.2000000000000000e+00  1.4119200092096230e+01  9.9851383274820715e-01
2354   5.1071724841289401e-01 -1.2000000000000000e+00  1.8417058285464041e+01  9.9900922183213803e-01
2355   6.3041792261378493e-01 -1.1999999999999997e+00  2.2710656144242044e+01  9.9950461091606913e-01
2356   7.1015247408006377e-01 -1.2000000000000000e+00  2.5570690991428332e+01  9.9983487030535634e-01
2357   7.4999999999999889e-01 -1.2000000000000000e+00  2.7000000000000000e+01  1.0000000000000000e+00
2358   3.0725047859526202e-02 -1.0666666666666667e+00  1.2000000000000000e+00  9.9702766549641453e-01
2359   7.0797258324808918e-02 -1.0666666666666667e+00  2.6373683205951273e+00  9.9719279519105797e-01
2360   1.5090187799856666e-01 -1.0666666666666667e+00  5.5106773124246162e+00  9.9752305458034529e-01
2361   2.7095940314846545e-01 -1.0666666666666667e+00  9.8170752199975908e+00  9.9801844366427617e-01
2362   3.9089780088029058e-01 -1.0666666666666667e+00  1.4119200092096230e+01  9.9851383274820715e-01
2363   5.1071724841289401e-01 -1.0666666666666667e+00  1.8417058285464041e+01  9.9900922183213803e-01
2364   6.3041792261378493e-01 -1.0666666666666664e+00  2.2710656144242048e+01  9.9950461091606913e-01
2365   7.1015247408006377e-01 -1.0666666666666669e+00  2.5570690991428332e+01  9.9983487030535634e-01
2366   7.4999999999999889e-01 -1.0666666666666667e+00  2.7000000000000000e+01  1.0000000000000000e+00
2367   3.0725047859526202e-02 -8.0000000000000016e-01  1.1999999999999997e+00  9.9702766549641475e-01
2368   7.0797258324808918e-02 -8.0000000000000004e-01  2.6373683205951277e+00  9.9719279519105819e-01
2369   1.5090187799856664e-01 -8.0000000000000016e-01  5.5106773124246162e+00  9.9752305458034551e-01
2370   2.7095940314846551e-01 -8.0000000000000049e-01  9.8170752199975944e+00  9.9801844366427617e-01
2371   3.9089780088029052e-01 -8.0000000000000016e-01  1.4119200092096227e+01  9.9851383274820738e-01
2372   5.1071724841289401e-01 -7.9999999999999993e-01  1.8417058285464041e+01  9.9900922183213825e-01
2373   6.3041792261378482e-01 -7.9999999999999993e-01  2.2710656144242048e+01  9.9950461091606935e-01
2374   7.1015247408006366e-01 -8.0000000000000004e-01  2.5570690991428332e+01  9.9983487030535667e-01
2375   7.4999999999999878e-01 -8.0000000000000004e-01  2.6999999999999996e+01  1.0000000000000002e+00
2376   3.0725047859526202e-02 -4.0000000000000030e-01  1.1999999999999997e+00  9.9702766549641475e-01
2377   7.0797258324808918e-02 -4.0000000000000036e-01  2.6373683205951273e+00  9.9719279519105819e-01
2378   1.5090187799856666e-01 -4.0000000000000041e-01  5.5106773124246153e+00  9.9752305458034540e-01
2379   2.7095940314846551e-01 -4.0000000000000052e-01  9.8170752199975926e+00  9.9801844366427617e-01
2380   3.9089780088029058e-01 -4.0000000000000024e-01  1.4119200092096229e+01  9.9851383274820726e-01
2381   5.1071724841289423e-01 -4.0000000000000030e-01  1.8417058285464037e+01  9.9900922183213814e-01
2382   6.3041792261378471e-01 -4.0000000000000008e-01  2.2710656144242044e+01  9.9950461091606946e-01
2383   7.1015247408006354e-01 -4.0000000000000024e-01  2.5570690991428332e+01  9.9983487030535667e-01
2384   7.4999999999999889e-01 -4.0000000000000024e-01  2.7000000000000000e+01  1.0000000000000002e+00
2385   3.0725047859526195e-02 -5.2428836783321700e-16  1.1999999999999997e+00  9.9702766549641475e-01
2386   7.0797258324808932e-02 -5.2420154853558172e-16  2.6373683205951268e+00  9.9719279519105808e-01
2387   1.5090187799856669e-01 -5.1475316438190338e-16  5.5106773124246162e+00  9.9752305458034529e-01
2388   2.7095940314846556e-01 -4.8205185691545276e-16  9.8170752199975926e+00  9.9801844366427617e-01
2389   3.9089780088029058e-01 -3.7062515250606408e-16  1.4119200092096230e+01  9.9851383274820715e-01
2390   5.1071724841289412e-01 -3.0561412757731182e-16  1.8417058285464041e+01  9.9900922183213803e-01
2391   6.3041792261378482e-01 -3.2860376483631389e-16  2.2710656144242041e+01  9.9950461091606935e-01
2392   7.1015247408006354e-01 -3.8864223499239457e-16  2.5570690991428332e+01  9.9983487030535667e-01
2393   7.4999999999999878e-01 -4.7184478546569143e-16  2.6999999999999993e+01  1.0000000000000002e+00
2394   3.0725047859526202e-02  3.9999999999999941e-01  1.2000000000000000e+00  9.9702766549641453e-01
2395   7.0797258324808932e-02  3.9999999999999941e-01  2.6373683205951277e+00  9.9719279519105786e-01
2396   1.5090187799856666e-01  3.9999999999999936e-01  5.5106773124246162e+00  9.9752305458034529e-01
2397   2.7095940314846545e-01  3.9999999999999958e-01  9.8170752199975908e+00  9.9801844366427606e-01
2398   3.9089780088029058e-01  3.9999999999999958e-01  1.4119200092096229e+01  9.9851383274820715e-01
2399   5.1071724841289401e-01  3.9999999999999969e-01  1.8417058285464041e+01  9.9900922183213803e-01
2400   6.3041792261378493e-01  3.9999999999999958e-01  2.2710656144242044e+01  9.9950461091606913e-01
2401   7.1015247408006377e-01  3.9999999999999947e-01  2.5570690991428332e+01  9.9983487030535634e-01
2402   7.4999999999999889e-01  3.9999999999999941e-01  2.7000000000000000e+01  1.0000000000000000e+00
2403   3.0725047859526202e-02  7.9999999999999949e-01  1.2000000000000000e+00  9.9702766549641453e-01
2404   7.0797258324808918e-02  7.9999999999999949e-01  2.6373683205951273e+00  9.9719279519105797e-01
2405   1.5090187799856669e-01  7.9999999999999949e-01  5.5106773124246162e+00  9.9752305458034529e-01
2406   2.7095940314846545e-01  7.9999999999999960e-01  9.8170752199975908e+00  9.9801844366427617e-01
2407   3.9089780088029058e-01  7.9999999999999971e-01  1.4119200092096230e+01  9.9851383274820715e-01
2408   5.1071724841289401e-01  7.9999999999999971e-01  1.8417058285464041e+01  9.9900922183213803e-01
2409   6.3041792261378493e-01  7.9999999999999960e-01  2.2710656144242044e+01  9.9950461091606913e-01
2410   7.1015247408006377e-01  7.9999999999999960e-01  2.5570690991428332e+01  9.9983487030535634e-01
2411   7.4999999999999889e-01  7.9999999999999949e-01  2.7000000000000000e+01  1.0000000000000000e+00
2412   3.0725047859526202e-02  1.0666666666666664e+00  1.2000000000000000e+00  9.9702766549641453e-01
2413   7.0797258324808918e-02  1.0666666666666664e+00  2.6373683205951268e+00  9.9719279519105808e-01
2414   1.5090187799856666e-01  1.0666666666666664e+00  5.5106773124246162e+00  9.9752305458034529e-01
2415   2.7095940314846545e-01  1.0666666666666664e+00  9.8170752199975908e+00  9.9801844366427617e-01
2416   3.9089780088029058e-01  1.0666666666666662e+00  1.4119200092096230e+01  9.9851383274820715e-01
2417   5.1071724841289401e-01  1.0666666666666664e+00  1.8417058285464041e+01  9.9900922183213803e-01
2418   6.3041792261378493e-01  1.0666666666666662e+00  2.2710656144242044e+01  9.9950461091606913e-01
2419   7.1015247408006366e-01  1.0666666666666664e+00  2.5570690991428329e+01  9.9983487030535645e-01
2420   7.4999999999999889e-01  1.0666666666666664e+00  2.7000000000000000e+01  1.0000000000000000e+00
2421   3.0725047859526202e-02  1.2000000000000000e+00  1.2000000000000000e+00  9.9702766549641453e-01
2422   7.0797258324808918e-02  1.2000000000000000e+00  2.6373683205951273e+00  9.9719279519105797e-01
2423   1.5090187799856666e-01  1.2000000000000000e+00  5.5106773124246162e+00  9.9752305458034529e-01
2424   2.7095940314846545e-01  1.2000000000000000e+00  9.8170752199975908e+00  9.9801844366427617e-01
2425   3.9089780088029058e-01  1.2000000000000000e+00  1.4119200092096230e+01  9.9851383274820715e-01
2426   5.1071724841289401e-01  1.2000000000000000e+00  1.8417058285464041e+01  9.9900922183213803e-01
2427   6.3041792261378493e-01  1.1999999999999997e+00  2.2710656144242044e+01  9.9950461091606913e-01
2428   7.1015247408006377e-01  1.2000000000000000e+00  2.5570690991428332e+01  9.9983487030535634e-01
2429   7.4999999999999889e-01  1.2000000000000000e+00  2.7000000000000000e+01  1.0000000000000000e+00
2430   8.8817841970012504e-16 -1.2000000000000000e+00  1.2000000000000000e+00  1.0000000000000000e+00
2431   7.4014868308343763e-16 -1.2000000000000000e+00  2.6333333333333320e+00  9.9999999999999989e-01
2432   4.4408920985006271e-16 -1.2000000000000000e+00  5.4999999999999973e+00  9.9999999999999978e-01
2433   8.6281661508548199e-32 -1.2000000000000002e+00  9.7999999999999989e+00  9.9999999999999967e-01
2434  -4.4408920985006257e-16 -1.2000000000000000e+00  1.4100000000000000e+01  9.9999999999999978e-01
2435  -8.8817841970012513e-16 -1.2000000000000000e+00  1.8399999999999999e+01  9.9999999999999978e-01
2436  -1.3322676295501875e-15 -1.1999999999999997e+00  2.2699999999999999e+01  1.0000000000000000e+00
2437  -1.6283271027835625e-15 -1.2000000000000000e+00  2.5566666666666663e+01  1.0000000000000000e+00
2438  -1.7763568394002501e-15 -1.2000000000000000e+00  2.7000000000000000e+01  1.0000000000000000e+00
2439   8.8817841970012504e-16 -1.0666666666666667e+00  1.2000000000000000e+00  1.0000000000000000e+00
2440   7.4014868308343763e-16 -1.0666666666666667e+00  2.6333333333333320e+00  9.9999999999999989e-01
2441   4.4408920985006271e-16 -1.0666666666666667e+00  5.4999999999999973e+00  9.9999999999999978e-01
2442   8.6281661508548199e-32 -1.0666666666666669e+00  9.7999999999999989e+00  9.9999999999999967e-01
2443  -4.4408920985006257e-16 -1.0666666666666667e+00  1.4100000000000000e+01  9.9999999999999978e-01
2444  -8.8817841970012513e-16 -1.0666666666666667e+00  1.8399999999999999e+01  9.9999999999999978e-01
2445  -1.3322676295501877e-15 -1.0666666666666664e+00  2.2700000000000003e+01  1.0000000000000000e+00
2446  -1.6283271027835627e-15 -1.0666666666666667e+00  2.5566666666666663e+01  1.0000000000000000e+00
2447  -1.7763568394002501e-15 -1.0666666666666667e+00  2.7000000000000000e+01  1.0000000000000000e+00
2448   8.8817841970012504e-16 -8.0000000000000004e-01  1.2000000000000000e+00  1.0000000000000002e+00
2449   7.4014868308343763e-16 -8.0000000000000004e-01  2.6333333333333320e+00  1.0000000000000000e+00
2450   4.4408920985006271e-16 -8.0000000000000016e-01  5.4999999999999973e+00  1.0000000000000000e+00
2451   8.6281661508548210e-32 -8.0000000000000049e-01  9.7999999999999989e+00  9.9999999999999978e-01
2452  -4.4408920985006252e-16 -8.0000000000000016e-01  1.4099999999999998e+01  1.0000000000000000e+00
2453  -8.8817841970012504e-16 -8.0000000000000004e-01  1.8399999999999999e+01  1.0000000000000000e+00
2454  -1.3322676295501875e-15 -7.9999999999999982e-01  2.2699999999999999e+01  1.0000000000000002e+00
2455  -1.6283271027835623e-15 -8.0000000000000004e-01  2.5566666666666663e+01  1.0000000000000002e+00
2456  -1.7763568394002501e-15 -8.0000000000000004e-01  2.6999999999999996e+01  1.0000000000000002e+00
2457   8.8817841970012494e-16 -4.0000000000000024e-01  1.2000000000000000e+00  1.0000000000000002e+00
2458   7.4014868308343763e-16 -4.0000000000000036e-01  2.6333333333333320e+00  1.0000000000000000e+00
2459   4.4408920985006281e-16 -4.0000000000000041e-01  5.4999999999999982e+00  9.9999999999999989e-01
2460   8.6281661508548199e-32 -4.0000000000000058e-01  9.7999999999999989e+00  9.9999999999999978e-01
2461  -4.4408920985006257e-16 -4.0000000000000036e-01  1.4100000000000000e+01  9.9999999999999989e-01
2462  -8.8817841970012513e-16 -4.0000000000000036e-01  1.8399999999999999e+01  9.9999999999999989e-01
2463  -1.3322676295501877e-15 -4.0000000000000008e-01  2.2700000000000003e+01  1.0000000000000002e+00
2464  -1.6283271027835623e-15 -4.0000000000000024e-01  2.5566666666666663e+01  1.0000000000000002e+00
2465  -1.7763568394002499e-15 -4.0000000000000024e-01  2.7000000000000000e+01  1.0000000000000002e+00
2466   8.8817841970012484e-16 -4.7184478546569143e-16  1.2000000000000000e+00  1.0000000000000002e+00
2467   7.4014868308343773e-16 -4.9960036108132054e-16  2.6333333333333320e+00  9.9999999999999989e-01
2468   4.4408920985006281e-16 -5.5511151231257837e-16  5.4999999999999973e+00  9.9999999999999978e-01
2469   8.6281661508548199e-32 -5.5511151231257837e-16  9.7999999999999989e+00  9.9999999999999978e-01
2470  -4.4408920985006262e-16 -4.4408920985006271e-16  1.4100000000000001e+01  9.9999999999999978e-01
2471  -8.8817841970012523e-16 -3.3306690738754706e-16  1.8400000000000002e+01  9.9999999999999978e-01
2472  -1.3322676295501873e-15 -3.3306690738754691e-16  2.2699999999999996e+01  1.0000000000000002e+00
2473  -1.6283271027835623e-15 -3.8857805861880469e-16  2.5566666666666663e+01  1.0000000000000002e+00
2474  -1.7763568394002497e-15 -4.7184478546569143e-16  2.6999999999999993e+01  1.0000000000000002e+00
2475   8.8817841970012504e-16  3.9999999999999941e-01  1.2000000000000000e+00  1.0000000000000000e+00
2476   7.4014868308343773e-16  3.9999999999999941e-01  2.6333333333333320e+00  9.9999999999999978e-01
2477   4.4408920985006271e-16  3.9999999999999936e-01  5.4999999999999973e+00  9.9999999999999978e-01
2478   8.6281661508548210e-32  3.9999999999999952e-01  9.7999999999999989e+00  9.9999999999999956e-01
2479  -4.4408920985006252e-16  3.9999999999999958e-01  1.4099999999999998e+01  9.9999999999999978e-01
2480  -8.8817841970012504e-16  3.9999999999999963e-01  1.8399999999999999e+01  9.9999999999999978e-01
2481  -1.3322676295501875e-15  3.9999999999999958e-01  2.2699999999999999e+01  1.0000000000000000e+00
2482  -1.6283271027835625e-15  3.9999999999999947e-01  2.5566666666666663e+01  1.0000000000000000e+00
2483  -1.7763568394002501e-15  3.9999999999999941e-01  2.7000000000000000e+01  1.0000000000000000e+00
2484   8.8817841970012504e-16  7.9999999999999949e-01  1.2000000000000000e+00  1.0000000000000000e+00
2485   7.4014868308343783e-16  7.9999999999999960e-01  2.6333333333333320e+00  9.9999999999999978e-01
2486   4.4408920985006271e-16  7.9999999999999960e-01  5.4999999999999973e+00  9.9999999999999978e-01
2487   8.6281661508548199e-32  7.9999999999999960e-01  9.7999999999999989e+00  9.9999999999999967e-01
2488  -4.4408920985006257e-16  7.9999999999999971e-01  1.4100000000000000e+01  9.9999999999999978e-01
2489  -8.8817841970012513e-16  7.9999999999999971e-01  1.8399999999999999e+01  9.9999999999999978e-01
2490  -1.3322676295501875e-15  7.9999999999999960e-01  2.2699999999999999e+01  1.0000000000000000e+00
2491  -1.6283271027835627e-15  7.9999999999999960e-01  2.5566666666666663e+01  1.0000000000000000e+00
2492  -1.7763568394002501e-15  7.9999999999999949e-01  2.7000000000000000e+01  1.0000000000000000e+00
2493   8.8817841970012504e-16  1.0666666666666664e+00  1.2000000000000000e+00  1.0000000000000000e+00
2494   7.4014868308343763e-16  1.0666666666666664e+00  2.6333333333333320e+00  9.9999999999999989e-01
2495   4.4408920985006271e-16  1.0666666666666664e+00  5.4999999999999973e+00  9.9999999999999978e-01
2496   8.6281661508548188e-32  1.0666666666666664e+00  9.7999999999999972e+00  9.9999999999999978e-01
2497  -4.4408920985006262e-16  1.0666666666666664e+00  1.4100000000000001e+01  9.9999999999999978e-01
2498  -8.8817841970012523e-16  1.0666666666666664e+00  1.8399999999999999e+01  9.9999999999999978e-01
2499  -1.3322676295501875e-15  1.0666666666666662e+00  2.2699999999999999e+01  1.0000000000000000e+00
2500  -1.6283271027835625e-15  1.0666666666666664e+00  2.5566666666666663e+01  1.0000000000000000e+00
2501  -1.7763568394002501e-15  1.0666666666666664e+00  2.7000000000000000e+01  1.0000000000000000e+00
2502   8.8817841970012504e-16  1.2000000000000000e+00  1.2000000000000000e+00  1.0000000000000000e+00
2503   7.4014868308343763e-16  1.2000000000000000e+00  2.6333333333333320e+00  9.9999999999999989e-01
2504   4.4408920985006271e-16  1.2000000000000000e+00  5.4999999999999973e+00  9.9999999999999978e-01
2505   8.6281661508548199e-32  1.2000000000000002e+00  9.7999999999999989e+00  9.9999999999999967e-01
2506  -4.4408920985006257e-16  1.2000000000000000e+00  1.4100000000000000e+01  9.9999999999999978e-01
2507  -8.8817841970012513e-16  1.2000000000000000e+00  1.8399999999999999e+01  9.9999999999999978e-01
2508  -1.3322676295501875e-15  1.1999999999999997e+00  2.2699999999999999e+01  1.0000000000000000e+00
2509  -1.6283271027835625e-15  1.2000000000000000e+00  2.5566666666666663e+01  1.0000000000000000e+00
2510  -1.7763568394002501e-15  1.2000000000000000e+00  2.7000000000000000e+01  1.0000000000000000e+00

0     0     0.000000e+00
1     0     0.000000e+00
2     0     0.000000e+00
3     0     0.000000e+00
4     0     0.000000e+00
5     0     0.000000e+00
6     0     0.000000e+00
7     0     0.000000e+00
8     0     0.000000e+00
9     0     0.000000e+00
10    0     0.000000e+00
11    0     0.000000e+00
12    0     0.000000e+00
13    0     0.000000e+00
14    0     0.000000e+00
15    0     0.000000e+00
16    0     0.000000e+00
17    0     0.000000e+00
18    0     0.000000e+00
19    0     0.000000e+00
20    0     0.000000e+00
21    0     0.000000e+00
22    0     0.000000e+00
23    0     0.000000e+00
24    0     0.000000e+00
25    0     0.000000e+00
26    0     0.000000e+00
27    0     0.000000e+00
28    0     0.000000e+00
29    0     0.000000e+00
30    0     0.000000e+00
31    0     0.000000e+00
32    0     0.000000e+00
33    0     0.000000e+00
34    0     0.000000e+00
35    0     0.000000e+00
36    0     0.000000e+00
37    0     0.000000e+00
38    0     0.000000e+00
39    0     0.000000e+00
40    0     0.000000e+00
41    0     0.000000e+00
42    0     0.000000e+00
43    0     0.000000e+00
44    0     0.000000e+00
45    0     0.000000e+00
46    0     0.000000e+00
47    0     0.000000e+00
48    0     0.000000e+00
49    0     0.000000e+00
50    0     0.000000e+00
51    0     0.000000e+00
52    0     0.000000e+00
53    0     0.000000e+00
54    0     0.000000e+00
55    0     0.000000e+00
56    0     0.000000e+00
57    0     0.000000e+00
58    0     0.000000e+00
59    0     0.000000e+00
60    0     0.000000e+00
61    0     0.000000e+00
62    0     0.000000e+00
63    0     0.000000e+00
64    0     0.000000e+00
65    0     0.000000e+00
66    0     0.000000e+00
67    0     0.000000e+00
68    0     0.000000e+00
69    0     0.000000e+00
70    0     0.000000e+00
71    0     0.000000e+00
72    0     0.000000e+00
73    0     0.000000e+00
74    0     0.000000e+00
75    0     0.000000e+00
76    0     0.000000e+00
77    0     0.000000e+00
78    0     0.000000e+00
79    0     0.000000e+00
80    0     0.000000e+00
2430  0     0.000000e+00
2431  0     0.000000e+00
2432  0     0.000000e+00
2433  0     0.000000e+00
2434  0     0.000000e+00
2435  0     0.000000e+00
2436  0     0.000000e+00
2437  0     0.000000e+00
2438  0     0.000000e+00
2439  0     0.000000e+00
2440  0     0.000000e+00
2441  0     0.000000e+00
2442  0     0.000000e+00
2443  0     0.000000e+00
2444  0     0.000000e+00
2445  0     0.000000e+00
2446  0     0.000000e+00
2447  0     0.000000e+00
2448  0     0.000000e+00
2449  0     0.000000e+00
2450  0     0.000000e+00
2451  0     0.000000e+00
2452  0     0.000000e+00
2453  0     0.000000e+00
2454  0     0.000000e+00
2455  0     0.000000e+00
2456  0     0.000000e+00
2457  0     0.000000e+00
2458  0     0.000000e+00
2459  0     0.000000e+00
2460  0     0.000000e+00
2461  0     0.000000e+00
2462  0     0.000000e+00
2463  0     0.000000e+00
2464  0     0.000000e+00
2465  0     0.000000e+00
2466  0     0.000000e+00
2467  0     0.000000e+00
2468  0     0.000000e+00
2469  0     0.000000e+00
2470  0     0.000000e+00
2471  0     0.000000e+00
2472  0     0.000000e+00
2473  0     0.000000e+00
2474  0     0.000000e+00
2475  0     0.000000e+00
2476  0     0.000000e+00
2477  0     0.000000e+00
2478  0     0.000000e+00
2479  0     0.000000e+00
2480  0     0.000000e+00
2481  0     0.000000e+00
2482  0     0.000000e+00
2483  0     0.000000e+00
2484  0     0.000000e+00
2485  0     0.000000e+00
2486  0     0.000000e+00
2487  0     0.000000e+00
2488  0     0.000000e+00
2489  0     0.000000e+00
2490  0     0.000000e+00
2491  0     0.000000e+00
2492  0     0.000000e+00
2493  0     0.000000e+00
2494  0     0.000000e+00
2495  0     0.000000e+00
2496  0     0.000000e+00
2497  0     0.000000e+00
2498  0     0.000000e+00
2499  0     0.000000e+00
2500  0     0.000000e+00
2501  0     0.000000e+00
2502  0     0.000000e+00
2503  0     0.000000e+00
2504  0     0.000000e+00
2505  0     0.000000e+00
2506  0     0.000000e+00
2507  0     0.000000e+00
2508  0     0.000000e+00
2509  0     0.000000e+00
2510  0     0.000000e+00

2     0     1 2     1.000000e+00   0.000000e+00 1.000000e+00   0.000000e+00 1.000000e+00   -1.000000e+00 0.000000e+00 0.000000e+00   1.000000e+00 0.000000e+00 0.000000e+00
2     2     1 2     1.000000e+00   0.000000e+00 1.000000e+00   0.000000e+00 1.000000e+00   1.000000e+00 0.000000e+00 0.000000e+00   1.000000e+00 0.000000e+00 0.000000e+00