3

1000  3.000000e-01

1

2000

2     2     2

23    23    8

20    20    5

0     1     2     3     4     5     6     7     8     9     10    11    12    13    14    15    16    17    18    19    20    21    22    23    24    25    26    27    28    29    30    31    32    33    34    35    36    37    38    39    40    41    42    43    44    45    46    47    48    49    50    51    52    53    54    55    56    57    58    59    60    61    62    63    64    65    66    67    68    69    70    71    72    73    74    75    76    77    78    79    80    81    82    83    84    85    86    87    88    89    90    91    92    93    94    95    96    97    98    99    100   101   102   103   104   105   106   107   108   109   110   111   112   113   114   115   116   117   118   119   120   121   122   123   124   125   126   127   128   129   130   131   132   133   134   135   136   137   138   139   140   141   142   143   144   145   146   147   148   149   150   151   152   153   154   155   156   157   158   159   160   161   162   163   164   165   166   167   168   169   170   171   172   173   174   175   176   177   178   179   180   181   182   183   184   185   186   187   188   189   190   191   192   193   194   195   196   197   198   199   200   201   202   203   204   205   206   207   208   209   210   211   212   213   214   215   216   217   218   219   220   221   222   223   224   225   226   227   228   229   230   231   232   233   234   235   236   237   238   239   240   241   242   243   244   245   246   247   248   249   250   251   252   253   254   255   256   257   258   259   260   261   262   263   264   265   266   267   268   269   270   271   272   273   274   275   276   277   278   279   280   281   282   283   284   285   286   287   288   289   290   291   292   293   294   295   296   297   298   299   300   301   302   303   304   305   306   307   308   309   310   311   312   313   314   315   316   317   318   319   320   321   322   323   324   325   326   327   328   329   330   331   332   333   334   335   336   337   338   339   340   341   342   343   344   345   346   347   348   349   350   351   352   353   354   355   356   357   358   359   360   361   362   363   364   365   366   367   368   369   370   371   372   373   374   375   376   377   378   379   380   381   382   383   384   385   386   387   388   389   390   391   392   393   394   395   396   397   398   399   400   401   402   403   404   405   406   407   408   409   410   411   412   413   414   415   416   417   418   419   420   421   422   423   424   425   426   427   428   429   430   431   432   433   434   435   436   437   438   439   440   441   442   443   444   445   446   447   448   449   450   451   452   453   454   455   456   457   458   459   460   461   462   463   464   465   466   467   468   469   470   471   472   473   474   475   476   477   478   479   480   481   482   483   484   485   486   487   488   489   490   491   492   493   494   495   496   497   498   499   500   501   502   503   504   505   506   507   508   509   510   511   512   513   514   515   516   517   518   519   520   521   522   523   524   525   526   527   528   529   530   531   532   533   534   535   536   537   538   539   540   541   542   543   544   545   546   547   548   549   550   551   552   553   554   555   556   557   558   559   560   561   562   563   564   565   566   567   568   569   570   571   572   573   574   575   576   577   578   579   580   581   582   583   584   585   586   587   588   589   590   591   592   593   594   595   596   597   598   599   600   601   602   603   604   605   606   607   608   609   610   611   612   613   614   615   616   617   618   619   620   621   622   623   624   625   626   627   628   629   630   631   632   633   634   635   636   637   638   639   640   641   642   643   644   645   646   647   648   649   650   651   652   653   654   655   656   657   658   659   660   661   662   663   664   665   666   667   668   669   670   671   672   673   674   675   676   677   678   679   680   681   682   683   684   685   686   687   688   689   690   691   692   693   694   695   696   697   698   699   700   701   702   703   704   705   706   707   708   709   710   711   712   713   714   715   716   717   718   719   720   721   722   723   724   725   726   727   728   729   730   731   732   733   734   735   736   737   738   739   740   741   742   743   744   745   746   747   748   749   750   751   752   753   754   755   756   757   758   759   760   761   762   763   764   765   766   767   768   769   770   771   772   773   774   775   776   777   778   779   780   781   782   783   784   785   786   787   788   789   790   791   792   793   794   795   796   797   798   799   800   801   802   803   804   805   806   807   808   809   810   811   812   813   814   815   816   817   818   819   820   821   822   823   824   825   826   827   828   829   830   831   832   833   834   835   836   837   838   839   840   841   842   843   844   845   846   847   848   849   850   851   852   853   854   855   856   857   858   859   860   861   862   863   864   865   866   867   868   869   870   871   872   873   874   875   876   877   878   879   880   881   882   883   884   885   886   887   888   889   890   891   892   893   894   895   896   897   898   899   900   901   902   903   904   905   906   907   908   909   910   911   912   913   914   915   916   917   918   919   920   921   922   923   924   925   926   927   928   929   930   931   932   933   934   935   936   937   938   939   940   941   942   943   944   945   946   947   948   949   950   951   952   953   954   955   956   957   958   959   960   961   962   963   964   965   966   967   968   969   970   971   972   973   974   975   976   977   978   979   980   981   982   983   984   985   986   987   988   989   990   991   992   993   994   995   996   997   998   999   1000  1001  1002  1003  1004  1005  1006  1007  1008  1009  1010  1011  1012  1013  1014  1015  1016  1017  1018  1019  1020  1021  1022  1023  1024  1025  1026  1027  1028  1029  1030  1031  1032  1033  1034  1035  1036  1037  1038  1039  1040  1041  1042  1043  1044  1045  1046  1047  1048  1049  1050  1051  1052  1053  1054  1055  1056  1057  1058  1059  1060  1061  1062  1063  1064  1065  1066  1067  1068  1069  1070  1071  1072  1073  1074  1075  1076  1077  1078  1079  1080  1081  1082  1083  1084  1085  1086  1087  1088  1089  1090  1091  1092  1093  1094  1095  1096  1097  1098  1099  1100  1101  1102  1103  1104  1105  1106  1107  1108  1109  1110  1111  1112  1113  1114  1115  1116  1117  1118  1119  1120  1121  1122  1123  1124  1125  1126  1127  1128  1129  1130  1131  1132  1133  1134  1135  1136  1137  1138  1139  1140  1141  1142  1143  1144  1145  1146  1147  1148  1149  1150  1151  1152  1153  1154  1155  1156  1157  1158  1159  1160  1161  1162  1163  1164  1165  1166  1167  1168  1169  1170  1171  1172  1173  1174  1175  1176  1177  1178  1179  1180  1181  1182  1183  1184  1185  1186  1187  1188  1189  1190  1191  1192  1193  1194  1195  1196  1197  1198  1199  1200  1201  1202  1203  1204  1205  1206  1207  1208  1209  1210  1211  1212  1213  1214  1215  1216  1217  1218  1219  1220  1221  1222  1223  1224  1225  1226  1227  1228  1229  1230  1231  1232  1233  1234  1235  1236  1237  1238  1239  1240  1241  1242  1243  1244  1245  1246  1247  1248  1249  1250  1251  1252  1253  1254  1255  1256  1257  1258  1259  1260  1261  1262  1263  1264  1265  1266  1267  1268  1269  1270  1271  1272  1273  1274  1275  1276  1277  1278  1279  1280  1281  1282  1283  1284  1285  1286  1287  1288  1289  1290  1291  1292  1293  1294  1295  1296  1297  1298  1299  1300  1301  1302  1303  1304  1305  1306  1307  1308  1309  1310  1311  1312  1313  1314  1315  1316  1317  1318  1319  1320  1321  1322  1323  1324  1325  1326  1327  1328  1329  1330  1331  1332  1333  1334  1335  1336  1337  1338  1339  1340  1341  1342  1343  1344  1345  1346  1347  1348  1349  1350  1351  1352  1353  1354  1355  1356  1357  1358  1359  1360  1361  1362  1363  1364  1365  1366  1367  1368  1369  1370  1371  1372  1373  1374  1375  1376  1377  1378  1379  1380  1381  1382  1383  1384  1385  1386  1387  1388  1389  1390  1391  1392  1393  1394  1395  1396  1397  1398  1399  1400  1401  1402  1403  1404  1405  1406  1407  1408  1409  1410  1411  1412  1413  1414  1415  1416  1417  1418  1419  1420  1421  1422  1423  1424  1425  1426  1427  1428  1429  1430  1431  1432  1433  1434  1435  1436  1437  1438  1439  1440  1441  1442  1443  1444  1445  1446  1447  1448  1449  1450  1451  1452  1453  1454  1455  1456  1457  1458  1459  1460  1461  1462  1463  1464  1465  1466  1467  1468  1469  1470  1471  1472  1473  1474  1475  1476  1477  1478  1479  1480  1481  1482  1483  1484  1485  1486  1487  1488  1489  1490  1491  1492  1493  1494  1495  1496  1497  1498  1499  1500  1501  1502  1503  1504  1505  1506  1507  1508  1509  1510  1511  1512  1513  1514  1515  1516  1517  1518  1519  1520  1521  1522  1523  1524  1525  1526  1527  1528  1529  1530  1531  1532  1533  1534  1535  1536  1537  1538  1539  1540  1541  1542  1543  1544  1545  1546  1547  1548  1549  1550  1551  1552  1553  1554  1555  1556  1557  1558  1559  1560  1561  1562  1563  1564  1565  1566  1567  1568  1569  1570  1571  1572  1573  1574  1575  1576  1577  1578  1579  1580  1581  1582  1583  1584  1585  1586  1587  1588  1589  1590  1591  1592  1593  1594  1595  1596  1597  1598  1599  1600  1601  1602  1603  1604  1605  1606  1607  1608  1609  1610  1611  1612  1613  1614  1615  1616  1617  1618  1619  1620  1621  1622  1623  1624  1625  1626  1627  1628  1629  1630  1631  1632  1633  1634  1635  1636  1637  1638  1639  1640  1641  1642  1643  1644  1645  1646  1647  1648  1649  1650  1651  1652  1653  1654  1655  1656  1657  1658  1659  1660  1661  1662  1663  1664  1665  1666  1667  1668  1669  1670  1671  1672  1673  1674  1675  1676  1677  1678  1679  1680  1681  1682  1683  1684  1685  1686  1687  1688  1689  1690  1691  1692  1693  1694  1695  1696  1697  1698  1699  1700  1701  1702  1703  1704  1705  1706  1707  1708  1709  1710  1711  1712  1713  1714  1715  1716  1717  1718  1719  1720  1721  1722  1723  1724  1725  1726  1727  1728  1729  1730  1731  1732  1733  1734  1735  1736  1737  1738  1739  1740  1741  1742  1743  1744  1745  1746  1747  1748  1749  1750  1751  1752  1753  1754  1755  1756  1757  1758  1759  1760  1761  1762  1763  1764  1765  1766  1767  1768  1769  1770  1771  1772  1773  1774  1775  1776  1777  1778  1779  1780  1781  1782  1783  1784  1785  1786  1787  1788  1789  1790  1791  1792  1793  1794  1795  1796  1797  1798  1799  1800  1801  1802  1803  1804  1805  1806  1807  1808  1809  1810  1811  1812  1813  1814  1815  1816  1817  1818  1819  1820  1821  1822  1823  1824  1825  1826  1827  1828  1829  1830  1831  1832  1833  1834  1835  1836  1837  1838  1839  1840  1841  1842  1843  1844  1845  1846  1847  1848  1849  1850  1851  1852  1853  1854  1855  1856  1857  1858  1859  1860  1861  1862  1863  1864  1865  1866  1867  1868  1869  1870  1871  1872  1873  1874  1875  1876  1877  1878  1879  1880  1881  1882  1883  1884  1885  1886  1887  1888  1889  1890  1891  1892  1893  1894  1895  1896  1897  1898  1899  1900  1901  1902  1903  1904  1905  1906  1907  1908  1909  1910  1911  1912  1913  1914  1915  1916  1917  1918  1919  1920  1921  1922  1923  1924  1925  1926  1927  1928  1929  1930  1931  1932  1933  1934  1935  1936  1937  1938  1939  1940  1941  1942  1943  1944  1945  1946  1947  1948  1949  1950  1951  1952  1953  1954  1955  1956  1957  1958  1959  1960  1961  1962  1963  1964  1965  1966  1967  1968  1969  1970  1971  1972  1973  1974  1975  1976  1977  1978  1979  1980  1981  1982  1983  1984  1985  1986  1987  1988  1989  1990  1991  1992  1993  1994  1995  1996  1997  1998  1999

3084  0     0

0.0000000000000000e+00  0.0000000000000000e+00  0.0000000000000000e+00  5.5555555555555552e-02  1.1111111111111110e-01  1.6666666666666666e-01  2.2222222222222221e-01  2.7777777777777779e-01  3.3333333333333331e-01  3.8888888888888890e-01  4.4444444444444442e-01  5.0000000000000000e-01  5.5555555555555558e-01  6.1111111111111116e-01  6.6666666666666663e-01  7.2222222222222221e-01  7.7777777777777779e-01  8.3333333333333337e-01  8.8888888888888884e-01  9.4444444444444442e-01  1.0000000000000000e+00  1.0000000000000000e+00  1.0000000000000000e+00
0.0000000000000000e+00  0.0000000000000000e+00  0.0000000000000000e+00  5.5555555555555552e-02  1.1111111111111110e-01  1.6666666666666666e-01  2.2222222222222221e-01  2.7777777777777779e-01  3.3333333333333331e-01  3.8888888888888890e-01  4.4444444444444442e-01  5.0000000000000000e-01  5.5555555555555558e-01  6.1111111111111116e-01  6.6666666666666663e-01  7.2222222222222221e-01  7.7777777777777779e-01  8.3333333333333337e-01  8.8888888888888884e-01  9.4444444444444442e-01  1.0000000000000000e+00  1.0000000000000000e+00  1.0000000000000000e+00
0.0000000000000000e+00  0.0000000000000000e+00  0.0000000000000000e+00  3.3333333333333331e-01  6.6666666666666663e-01  1.0000000000000000e+00  1.0000000000000000e+00  1.0000000000000000e+00

0      4.2167255949477017e-01  4.0420171158157525e-01  0.0000000000000000e+00  1.0000000000000000e+00
1      4.2639291297878368e-01  4.0584785110532168e-01  0.0000000000000000e+00  1.0000000000000000e+00
2      4.3585950268446000e-01  4.0888216610996475e-01  0.0000000000000000e+00  1.0000000000000000e+00
3      4.4535197512778552e-01  4.1165851707175793e-01  0.0000000000000000e+00  9.9999999999999989e-01
4      4.5487033030876006e-01  4.1417690399070117e-01  0.0000000000000000e+00  1.0000000000000000e+00
5      4.6441456822738392e-01  4.1643732686679469e-01  0.0000000000000000e+00  1.0000000000000000e+00
6      4.7398468888365691e-01  4.1843978570003831e-01  0.0000000000000000e+00  1.0000000000000000e+00
7      4.8358069227757911e-01  4.2018428049043205e-01  0.0000000000000000e+00  1.0000000000000000e+00
8      4.9320257840915044e-01  4.2167081123797590e-01  0.0000000000000000e+00  1.0000000000000000e+00
9      5.0285034727837097e-01  4.2289937794266996e-01  0.0000000000000000e+00  1.0000000000000000e+00
10     5.1252399888524058e-01  4.2386998060451403e-01  0.0000000000000000e+00  1.0000000000000000e+00
11     5.2222353322975945e-01  4.2458261922350837e-01  0.0000000000000000e+00  1.0000000000000000e+00
12     5.3194895031192746e-01  4.2503729379965277e-01  0.0000000000000000e+00  1.0000000000000000e+00
13     5.4170025013174472e-01  4.2523400433294739e-01  0.0000000000000000e+00  1.0000000000000000e+00
14     5.5147743268921123e-01  4.2517275082339212e-01  0.0000000000000000e+00  1.0000000000000000e+00
15     5.6128049798432678e-01  4.2485353327098696e-01  0.0000000000000000e+00  1.0000000000000000e+00
16     5.7110944601709157e-01  4.2427635167573202e-01  0.0000000000000000e+00  1.0000000000000000e+00
17     5.8096427678750551e-01  4.2344120603762714e-01  0.0000000000000000e+00  1.0000000000000000e+00
18     5.9084499029556858e-01  4.2234809635667242e-01  0.0000000000000000e+00  1.0000000000000000e+00
19     5.9579828841842475e-01  4.2167255949477017e-01  0.0000000000000000e+00  1.0000000000000000e+00
20     4.2234809635667242e-01  4.0915500970443136e-01  0.0000000000000000e+00  1.0000000000000000e+00
21     4.2706844984068593e-01  4.1080114922817784e-01  0.0000000000000000e+00  1.0000000000000000e+00
22     4.3653503954636230e-01  4.1383546423282086e-01  0.0000000000000000e+00  1.0000000000000000e+00
23     4.4602751198968782e-01  4.1661181519461410e-01  0.0000000000000000e+00  9.9999999999999989e-01
24     4.5554586717066231e-01  4.1913020211355728e-01  0.0000000000000000e+00  1.0000000000000000e+00
25     4.6509010508928617e-01  4.2139062498965085e-01  0.0000000000000000e+00  1.0000000000000000e+00
26     4.7466022574555922e-01  4.2339308382289442e-01  0.0000000000000000e+00  1.0000000000000000e+00
27     4.8425622913948141e-01  4.2513757861328821e-01  0.0000000000000000e+00  1.0000000000000000e+00
28     4.9387811527105269e-01  4.2662410936083200e-01  0.0000000000000000e+00  1.0000000000000000e+00
29     5.0352588414027322e-01  4.2785267606552613e-01  0.0000000000000000e+00  1.0000000000000000e+00
30     5.1319953574714283e-01  4.2882327872737019e-01  0.0000000000000000e+00  1.0000000000000000e+00
31     5.2289907009166170e-01  4.2953591734636448e-01  0.0000000000000000e+00  1.0000000000000000e+00
32     5.3262448717382971e-01  4.2999059192250888e-01  0.0000000000000000e+00  1.0000000000000000e+00
33     5.4237578699364697e-01  4.3018730245580356e-01  0.0000000000000000e+00  1.0000000000000000e+00
34     5.5215296955111348e-01  4.3012604894624823e-01  0.0000000000000000e+00  1.0000000000000000e+00
35     5.6195603484622902e-01  4.2980683139384307e-01  0.0000000000000000e+00  1.0000000000000000e+00
36     5.7178498287899393e-01  4.2922964979858819e-01  0.0000000000000000e+00  1.0000000000000000e+00
37     5.8163981364940787e-01  4.2839450416048330e-01  0.0000000000000000e+00  1.0000000000000000e+00
38     5.9152052715747083e-01  4.2730139447952858e-01  0.0000000000000000e+00  1.0000000000000000e+00
39     5.9647382528032700e-01  4.2662585761762628e-01  0.0000000000000000e+00  1.0000000000000000e+00
40     4.2344120603762714e-01  4.1903572321249455e-01  0.0000000000000000e+00  1.0000000000000000e+00
41     4.2816155952164064e-01  4.2068186273624097e-01  0.0000000000000000e+00  1.0000000000000000e+00
42     4.3762814922731691e-01  4.2371617774088394e-01  0.0000000000000000e+00  1.0000000000000000e+00
43     4.4712062167064248e-01  4.2649252870267723e-01  0.0000000000000000e+00  9.9999999999999978e-01
44     4.5663897685161703e-01  4.2901091562162047e-01  0.0000000000000000e+00  1.0000000000000000e+00
45     4.6618321477024083e-01  4.3127133849771393e-01  0.0000000000000000e+00  1.0000000000000000e+00
46     4.7575333542651382e-01  4.3327379733095756e-01  0.0000000000000000e+00  1.0000000000000000e+00
47     4.8534933882043602e-01  4.3501829212135129e-01  0.0000000000000000e+00  1.0000000000000000e+00
48     4.9497122495200740e-01  4.3650482286889514e-01  0.0000000000000000e+00  1.0000000000000000e+00
49     5.0461899382122788e-01  4.3773338957358920e-01  0.0000000000000000e+00  1.0000000000000000e+00
50     5.1429264542809749e-01  4.3870399223543327e-01  0.0000000000000000e+00  1.0000000000000000e+00
51     5.2399217977261647e-01  4.3941663085442767e-01  0.0000000000000000e+00  1.0000000000000000e+00
52     5.3371759685478437e-01  4.3987130543057201e-01  0.0000000000000000e+00  1.0000000000000000e+00
53     5.4346889667460163e-01  4.4006801596386663e-01  0.0000000000000000e+00  1.0000000000000000e+00
54     5.5324607923206826e-01  4.4000676245431136e-01  0.0000000000000000e+00  1.0000000000000000e+00
55     5.6304914452718369e-01  4.3968754490190620e-01  0.0000000000000000e+00  1.0000000000000000e+00
56     5.7287809255994848e-01  4.3911036330665132e-01  0.0000000000000000e+00  1.0000000000000000e+00
57     5.8273292333036253e-01  4.3827521766854638e-01  0.0000000000000000e+00  1.0000000000000000e+00
58     5.9261363683842549e-01  4.3718210798759172e-01  0.0000000000000000e+00  1.0000000000000000e+00
59     5.9756693496128177e-01  4.3650657112568941e-01  0.0000000000000000e+00  1.0000000000000000e+00
60     4.2427635167573208e-01  4.2889055398290843e-01  0.0000000000000000e+00  9.9999999999999989e-01
61     4.2899670515974558e-01  4.3053669350665497e-01  0.0000000000000000e+00  9.9999999999999989e-01
62     4.3846329486542185e-01  4.3357100851129798e-01  0.0000000000000000e+00  9.9999999999999989e-01
63     4.4795576730874737e-01  4.3634735947309117e-01  0.0000000000000000e+00  9.9999999999999978e-01
64     4.5747412248972197e-01  4.3886574639203441e-01  0.0000000000000000e+00  9.9999999999999989e-01
65     4.6701836040834582e-01  4.4112616926812798e-01  0.0000000000000000e+00  9.9999999999999989e-01
66     4.7658848106461876e-01  4.4312862810137160e-01  0.0000000000000000e+00  9.9999999999999989e-01
67     4.8618448445854096e-01  4.4487312289176528e-01  0.0000000000000000e+00  9.9999999999999989e-01
68     4.9580637059011229e-01  4.4635965363930907e-01  0.0000000000000000e+00  9.9999999999999989e-01
69     5.0545413945933293e-01  4.4758822034400320e-01  0.0000000000000000e+00  9.9999999999999989e-01
70     5.1512779106620254e-01  4.4855882300584732e-01  0.0000000000000000e+00  9.9999999999999989e-01
71     5.2482732541072130e-01  4.4927146162484161e-01  0.0000000000000000e+00  9.9999999999999989e-01
72     5.3455274249288942e-01  4.4972613620098595e-01  0.0000000000000000e+00  9.9999999999999989e-01
73     5.4430404231270668e-01  4.4992284673428062e-01  0.0000000000000000e+00  9.9999999999999989e-01
74     5.5408122487017319e-01  4.4986159322472541e-01  0.0000000000000000e+00  9.9999999999999989e-01
75     5.6388429016528863e-01  4.4954237567232025e-01  0.0000000000000000e+00  9.9999999999999989e-01
76     5.7371323819805342e-01  4.4896519407706531e-01  0.0000000000000000e+00  9.9999999999999989e-01
77     5.8356806896846747e-01  4.4813004843896037e-01  0.0000000000000000e+00  9.9999999999999989e-01
78     5.9344878247653043e-01  4.4703693875800571e-01  0.0000000000000000e+00  9.9999999999999989e-01
79     5.9840208059938671e-01  4.4636140189610346e-01  0.0000000000000000e+00  9.9999999999999989e-01
80     4.2485353327098696e-01  4.3871950201567322e-01  0.0000000000000000e+00  1.0000000000000000e+00
81     4.2957388675500047e-01  4.4036564153941959e-01  0.0000000000000000e+00  1.0000000000000000e+00
82     4.3904047646067684e-01  4.4339995654406272e-01  0.0000000000000000e+00  1.0000000000000000e+00
83     4.4853294890400230e-01  4.4617630750585591e-01  0.0000000000000000e+00  9.9999999999999978e-01
84     4.5805130408497685e-01  4.4869469442479909e-01  0.0000000000000000e+00  1.0000000000000000e+00
85     4.6759554200360076e-01  4.5095511730089266e-01  0.0000000000000000e+00  1.0000000000000000e+00
86     4.7716566265987376e-01  4.5295757613413623e-01  0.0000000000000000e+00  1.0000000000000000e+00
87     4.8676166605379589e-01  4.5470207092452997e-01  0.0000000000000000e+00  1.0000000000000000e+00
88     4.9638355218536728e-01  4.5618860167207381e-01  0.0000000000000000e+00  1.0000000000000000e+00
89     5.0603132105458781e-01  4.5741716837676788e-01  0.0000000000000000e+00  1.0000000000000000e+00
90     5.1570497266145732e-01  4.5838777103861200e-01  0.0000000000000000e+00  1.0000000000000000e+00
91     5.2540450700597630e-01  4.5910040965760629e-01  0.0000000000000000e+00  1.0000000000000000e+00
92     5.3512992408814430e-01  4.5955508423375074e-01  0.0000000000000000e+00  1.0000000000000000e+00
93     5.4488122390796156e-01  4.5975179476704542e-01  0.0000000000000000e+00  1.0000000000000000e+00
94     5.5465840646542808e-01  4.5969054125749009e-01  0.0000000000000000e+00  1.0000000000000000e+00
95     5.6446147176054362e-01  4.5937132370508493e-01  0.0000000000000000e+00  1.0000000000000000e+00
96     5.7429041979330842e-01  4.5879414210982994e-01  0.0000000000000000e+00  1.0000000000000000e+00
97     5.8414525056372235e-01  4.5795899647172511e-01  0.0000000000000000e+00  1.0000000000000000e+00
98     5.9402596407178532e-01  4.5686588679077039e-01  0.0000000000000000e+00  1.0000000000000000e+00
99     5.9897926219464148e-01  4.5619034992886809e-01  0.0000000000000000e+00  1.0000000000000000e+00
100    4.2517275082339218e-01  4.4852256731078888e-01  0.0000000000000000e+00  1.0000000000000000e+00
101    4.2989310430740568e-01  4.5016870683453525e-01  0.0000000000000000e+00  1.0000000000000000e+00
102    4.3935969401308200e-01  4.5320302183917832e-01  0.0000000000000000e+00  1.0000000000000000e+00
103    4.4885216645640752e-01  4.5597937280097156e-01  0.0000000000000000e+00  9.9999999999999989e-01
104    4.5837052163738207e-01  4.5849775971991474e-01  0.0000000000000000e+00  1.0000000000000000e+00
105    4.6791475955600592e-01  4.6075818259600831e-01  0.0000000000000000e+00  1.0000000000000000e+00
106    4.7748488021227892e-01  4.6276064142925188e-01  0.0000000000000000e+00  1.0000000000000000e+00
107    4.8708088360620105e-01  4.6450513621964562e-01  0.0000000000000000e+00  1.0000000000000000e+00
108    4.9670276973777244e-01  4.6599166696718947e-01  0.0000000000000000e+00  1.0000000000000000e+00
109    5.0635053860699297e-01  4.6722023367188359e-01  0.0000000000000000e+00  1.0000000000000000e+00
110    5.1602419021386259e-01  4.6819083633372771e-01  0.0000000000000000e+00  1.0000000000000000e+00
111    5.2572372455838146e-01  4.6890347495272194e-01  0.0000000000000000e+00  1.0000000000000000e+00
112    5.3544914164054946e-01  4.6935814952886640e-01  0.0000000000000000e+00  1.0000000000000000e+00
113    5.4520044146036672e-01  4.6955486006216096e-01  0.0000000000000000e+00  1.0000000000000000e+00
114    5.5497762401783324e-01  4.6949360655260575e-01  0.0000000000000000e+00  1.0000000000000000e+00
115    5.6478068931294878e-01  4.6917438900020059e-01  0.0000000000000000e+00  1.0000000000000000e+00
116    5.7460963734571358e-01  4.6859720740494559e-01  0.0000000000000000e+00  1.0000000000000000e+00
117    5.8446446811612751e-01  4.6776206176684076e-01  0.0000000000000000e+00  1.0000000000000000e+00
118    5.9434518162419059e-01  4.6666895208588599e-01  0.0000000000000000e+00  1.0000000000000000e+00
119    5.9929847974704675e-01  4.6599341522398374e-01  0.0000000000000000e+00  1.0000000000000000e+00
120    4.2523400433294739e-01  4.5829974986825522e-01  0.0000000000000000e+00  1.0000000000000000e+00
121    4.2995435781696095e-01  4.5994588939200171e-01  0.0000000000000000e+00  1.0000000000000000e+00
122    4.3942094752263722e-01  4.6298020439664467e-01  0.0000000000000000e+00  1.0000000000000000e+00
123    4.4891341996596273e-01  4.6575655535843796e-01  0.0000000000000000e+00  9.9999999999999989e-01
124    4.5843177514693728e-01  4.6827494227738120e-01  0.0000000000000000e+00  1.0000000000000000e+00
125    4.6797601306556114e-01  4.7053536515347472e-01  0.0000000000000000e+00  1.0000000000000000e+00
126    4.7754613372183419e-01  4.7253782398671829e-01  0.0000000000000000e+00  1.0000000000000000e+00
127    4.8714213711575632e-01  4.7428231877711208e-01  0.0000000000000000e+00  1.0000000000000000e+00
128    4.9676402324732760e-01  4.7576884952465587e-01  0.0000000000000000e+00  1.0000000000000000e+00
129    5.0641179211654819e-01  4.7699741622934988e-01  0.0000000000000000e+00  1.0000000000000000e+00
130    5.1608544372341780e-01  4.7796801889119406e-01  0.0000000000000000e+00  1.0000000000000000e+00
131    5.2578497806793667e-01  4.7868065751018840e-01  0.0000000000000000e+00  1.0000000000000000e+00
132    5.3551039515010468e-01  4.7913533208633274e-01  0.0000000000000000e+00  1.0000000000000000e+00
133    5.4526169496992205e-01  4.7933204261962736e-01  0.0000000000000000e+00  1.0000000000000000e+00
134    5.5503887752738845e-01  4.7927078911007209e-01  0.0000000000000000e+00  1.0000000000000000e+00
135    5.6484194282250400e-01  4.7895157155766699e-01  0.0000000000000000e+00  1.0000000000000000e+00
136    5.7467089085526879e-01  4.7837438996241205e-01  0.0000000000000000e+00  1.0000000000000000e+00
137    5.8452572162568273e-01  4.7753924432430711e-01  0.0000000000000000e+00  1.0000000000000000e+00
138    5.9440643513374580e-01  4.7644613464335245e-01  0.0000000000000000e+00  1.0000000000000000e+00
139    5.9935973325660197e-01  4.7577059778145014e-01  0.0000000000000000e+00  1.0000000000000000e+00
140    4.2503729379965283e-01  4.6805104968807254e-01  0.0000000000000000e+00  1.0000000000000000e+00
141    4.2975764728366639e-01  4.6969718921181897e-01  0.0000000000000000e+00  1.0000000000000000e+00
142    4.3922423698934265e-01  4.7273150421646198e-01  0.0000000000000000e+00  1.0000000000000000e+00
143    4.4871670943266811e-01  4.7550785517825511e-01  0.0000000000000000e+00  1.0000000000000000e+00
144    4.5823506461364272e-01  4.7802624209719841e-01  0.0000000000000000e+00  1.0000000000000000e+00
145    4.6777930253226663e-01  4.8028666497329198e-01  0.0000000000000000e+00  1.0000000000000000e+00
146    4.7734942318853962e-01  4.8228912380653560e-01  0.0000000000000000e+00  1.0000000000000000e+00
147    4.8694542658246182e-01  4.8403361859692928e-01  0.0000000000000000e+00  1.0000000000000000e+00
148    4.9656731271403315e-01  4.8552014934447313e-01  0.0000000000000000e+00  1.0000000000000000e+00
149    5.0621508158325368e-01  4.8674871604916720e-01  0.0000000000000000e+00  1.0000000000000000e+00
150    5.1588873319012329e-01  4.8771931871101137e-01  0.0000000000000000e+00  1.0000000000000000e+00
151    5.2558826753464216e-01  4.8843195733000561e-01  0.0000000000000000e+00  1.0000000000000000e+00
152    5.3531368461681028e-01  4.8888663190615006e-01  0.0000000000000000e+00  1.0000000000000000e+00
153    5.4506498443662754e-01  4.8908334243944468e-01  0.0000000000000000e+00  1.0000000000000000e+00
154    5.5484216699409405e-01  4.8902208892988946e-01  0.0000000000000000e+00  1.0000000000000000e+00
155    5.6464523228920949e-01  4.8870287137748425e-01  0.0000000000000000e+00  1.0000000000000000e+00
156    5.7447418032197428e-01  4.8812568978222931e-01  0.0000000000000000e+00  1.0000000000000000e+00
157    5.8432901109238822e-01  4.8729054414412443e-01  0.0000000000000000e+00  1.0000000000000000e+00
158    5.9420972460045129e-01  4.8619743446316965e-01  0.0000000000000000e+00  1.0000000000000000e+00
159    5.9916302272330757e-01  4.8552189760126746e-01  0.0000000000000000e+00  1.0000000000000000e+00
160    4.2458261922350843e-01  4.7777646677024055e-01  0.0000000000000000e+00  1.0000000000000000e+00
161    4.2930297270752193e-01  4.7942260629398692e-01  0.0000000000000000e+00  1.0000000000000000e+00
162    4.3876956241319820e-01  4.8245692129862999e-01  0.0000000000000000e+00  1.0000000000000000e+00
163    4.4826203485652372e-01  4.8523327226042323e-01  0.0000000000000000e+00  9.9999999999999989e-01
164    4.5778039003749832e-01  4.8775165917936647e-01  0.0000000000000000e+00  1.0000000000000000e+00
165    4.6732462795612217e-01  4.9001208205545999e-01  0.0000000000000000e+00  1.0000000000000000e+00
166    4.7689474861239517e-01  4.9201454088870356e-01  0.0000000000000000e+00  1.0000000000000000e+00
167    4.8649075200631736e-01  4.9375903567909735e-01  0.0000000000000000e+00  1.0000000000000000e+00
168    4.9611263813788870e-01  4.9524556642664114e-01  0.0000000000000000e+00  1.0000000000000000e+00
169    5.0576040700710923e-01  4.9647413313133520e-01  0.0000000000000000e+00  1.0000000000000000e+00
170    5.1543405861397884e-01  4.9744473579317938e-01  0.0000000000000000e+00  1.0000000000000000e+00
171    5.2513359295849771e-01  4.9815737441217367e-01  0.0000000000000000e+00  1.0000000000000000e+00
172    5.3485901004066572e-01  4.9861204898831801e-01  0.0000000000000000e+00  1.0000000000000000e+00
173    5.4461030986048298e-01  4.9880875952161269e-01  0.0000000000000000e+00  1.0000000000000000e+00
174    5.5438749241794949e-01  4.9874750601205742e-01  0.0000000000000000e+00  1.0000000000000000e+00
175    5.6419055771306503e-01  4.9842828845965226e-01  0.0000000000000000e+00  1.0000000000000000e+00
176    5.7401950574582983e-01  4.9785110686439732e-01  0.0000000000000000e+00  1.0000000000000000e+00
177    5.8387433651624376e-01  4.9701596122629244e-01  0.0000000000000000e+00  1.0000000000000000e+00
178    5.9375505002430684e-01  4.9592285154533772e-01  0.0000000000000000e+00  1.0000000000000000e+00
179    5.9870834814716301e-01  4.9524731468343547e-01  0.0000000000000000e+00  1.0000000000000000e+00
180    4.2386998060451408e-01  4.8747600111475942e-01  0.0000000000000000e+00  1.0000000000000000e+00
181    4.2859033408852754e-01  4.8912214063850579e-01  0.0000000000000000e+00  1.0000000000000000e+00
182    4.3805692379420386e-01  4.9215645564314880e-01  0.0000000000000000e+00  1.0000000000000000e+00
183    4.4754939623752937e-01  4.9493280660494204e-01  0.0000000000000000e+00  9.9999999999999989e-01
184    4.5706775141850398e-01  4.9745119352388534e-01  0.0000000000000000e+00  1.0000000000000000e+00
185    4.6661198933712783e-01  4.9971161639997885e-01  0.0000000000000000e+00  1.0000000000000000e+00
186    4.7618210999340083e-01  5.0171407523322242e-01  0.0000000000000000e+00  1.0000000000000000e+00
187    4.8577811338732302e-01  5.0345857002361616e-01  0.0000000000000000e+00  1.0000000000000000e+00
188    4.9539999951889435e-01  5.0494510077116006e-01  0.0000000000000000e+00  1.0000000000000000e+00
189    5.0504776838811483e-01  5.0617366747585413e-01  0.0000000000000000e+00  1.0000000000000000e+00
190    5.1472141999498455e-01  5.0714427013769825e-01  0.0000000000000000e+00  1.0000000000000000e+00
191    5.2442095433950331e-01  5.0785690875669254e-01  0.0000000000000000e+00  1.0000000000000000e+00
192    5.3414637142167143e-01  5.0831158333283688e-01  0.0000000000000000e+00  1.0000000000000000e+00
193    5.4389767124148869e-01  5.0850829386613150e-01  0.0000000000000000e+00  1.0000000000000000e+00
194    5.5367485379895509e-01  5.0844704035657629e-01  0.0000000000000000e+00  1.0000000000000000e+00
195    5.6347791909407063e-01  5.0812782280417113e-01  0.0000000000000000e+00  1.0000000000000000e+00
196    5.7330686712683554e-01  5.0755064120891613e-01  0.0000000000000000e+00  1.0000000000000000e+00
197    5.8316169789724936e-01  5.0671549557081130e-01  0.0000000000000000e+00  1.0000000000000000e+00
198    5.9304241140531255e-01  5.0562238588985653e-01  0.0000000000000000e+00  1.0000000000000000e+00
199    5.9799570952816861e-01  5.0494684902795428e-01  0.0000000000000000e+00  1.0000000000000000e+00
200    4.2289937794266996e-01  4.9714965272162903e-01  0.0000000000000000e+00  1.0000000000000000e+00
201    4.2761973142668341e-01  4.9879579224537551e-01  0.0000000000000000e+00  1.0000000000000000e+00
202    4.3708632113235973e-01  5.0183010725001853e-01  0.0000000000000000e+00  1.0000000000000000e+00
203    4.4657879357568525e-01  5.0460645821181183e-01  0.0000000000000000e+00  9.9999999999999978e-01
204    4.5609714875665985e-01  5.0712484513075495e-01  0.0000000000000000e+00  1.0000000000000000e+00
205    4.6564138667528365e-01  5.0938526800684847e-01  0.0000000000000000e+00  1.0000000000000000e+00
206    4.7521150733155665e-01  5.1138772684009215e-01  0.0000000000000000e+00  1.0000000000000000e+00
207    4.8480751072547884e-01  5.1313222163048589e-01  0.0000000000000000e+00  1.0000000000000000e+00
208    4.9442939685705012e-01  5.1461875237802968e-01  0.0000000000000000e+00  1.0000000000000000e+00
209    5.0407716572627059e-01  5.1584731908272374e-01  0.0000000000000000e+00  1.0000000000000000e+00
210    5.1375081733314032e-01  5.1681792174456787e-01  0.0000000000000000e+00  1.0000000000000000e+00
211    5.2345035167765919e-01  5.1753056036356215e-01  0.0000000000000000e+00  1.0000000000000000e+00
212    5.3317576875982731e-01  5.1798523493970661e-01  0.0000000000000000e+00  1.0000000000000000e+00
213    5.4292706857964446e-01  5.1818194547300123e-01  0.0000000000000000e+00  1.0000000000000000e+00
214    5.5270425113711097e-01  5.1812069196344601e-01  0.0000000000000000e+00  1.0000000000000000e+00
215    5.6250731643222651e-01  5.1780147441104085e-01  0.0000000000000000e+00  1.0000000000000000e+00
216    5.7233626446499120e-01  5.1722429281578586e-01  0.0000000000000000e+00  1.0000000000000000e+00
217    5.8219109523540524e-01  5.1638914717768103e-01  0.0000000000000000e+00  1.0000000000000000e+00
218    5.9207180874346832e-01  5.1529603749672626e-01  0.0000000000000000e+00  1.0000000000000000e+00
219    5.9702510686632448e-01  5.1462050063482401e-01  0.0000000000000000e+00  1.0000000000000000e+00
220    4.2167081123797590e-01  5.0679742159084951e-01  0.0000000000000000e+00  1.0000000000000000e+00
221    4.2639116472198940e-01  5.0844356111459610e-01  0.0000000000000000e+00  1.0000000000000000e+00
222    4.3585775442766561e-01  5.1147787611923901e-01  0.0000000000000000e+00  1.0000000000000000e+00
223    4.4535022687099124e-01  5.1425422708103230e-01  0.0000000000000000e+00  9.9999999999999978e-01
224    4.5486858205196579e-01  5.1677261399997554e-01  0.0000000000000000e+00  1.0000000000000000e+00
225    4.6441281997058959e-01  5.1903303687606905e-01  0.0000000000000000e+00  1.0000000000000000e+00
226    4.7398294062686264e-01  5.2103549570931262e-01  0.0000000000000000e+00  1.0000000000000000e+00
227    4.8357894402078483e-01  5.2277999049970647e-01  0.0000000000000000e+00  1.0000000000000000e+00
228    4.9320083015235616e-01  5.2426652124725026e-01  0.0000000000000000e+00  1.0000000000000000e+00
229    5.0284859902157664e-01  5.2549508795194422e-01  0.0000000000000000e+00  1.0000000000000000e+00
230    5.1252225062844625e-01  5.2646569061378834e-01  0.0000000000000000e+00  1.0000000000000000e+00
231    5.2222178497296512e-01  5.2717832923278274e-01  0.0000000000000000e+00  1.0000000000000000e+00
232    5.3194720205513324e-01  5.2763300380892719e-01  0.0000000000000000e+00  1.0000000000000000e+00
233    5.4169850187495050e-01  5.2782971434222170e-01  0.0000000000000000e+00  1.0000000000000000e+00
234    5.5147568443241690e-01  5.2776846083266649e-01  0.0000000000000000e+00  1.0000000000000000e+00
235    5.6127874972753244e-01  5.2744924328026133e-01  0.0000000000000000e+00  1.0000000000000000e+00
236    5.7110769776029713e-01  5.2687206168500633e-01  0.0000000000000000e+00  1.0000000000000000e+00
237    5.8096252853071129e-01  5.2603691604690150e-01  0.0000000000000000e+00  1.0000000000000000e+00
238    5.9084324203877425e-01  5.2494380636594684e-01  0.0000000000000000e+00  1.0000000000000000e+00
239    5.9579654016163053e-01  5.2426826950404448e-01  0.0000000000000000e+00  1.0000000000000000e+00
240    4.2018428049043199e-01  5.1641930772242095e-01  0.0000000000000000e+00  1.0000000000000000e+00
241    4.2490463397444550e-01  5.1806544724616732e-01  0.0000000000000000e+00  1.0000000000000000e+00
242    4.3437122368012182e-01  5.2109976225081034e-01  0.0000000000000000e+00  1.0000000000000000e+00
243    4.4386369612344734e-01  5.2387611321260363e-01  0.0000000000000000e+00  9.9999999999999978e-01
244    4.5338205130442188e-01  5.2639450013154687e-01  0.0000000000000000e+00  1.0000000000000000e+00
245    4.6292628922304574e-01  5.2865492300764039e-01  0.0000000000000000e+00  1.0000000000000000e+00
246    4.7249640987931868e-01  5.3065738184088396e-01  0.0000000000000000e+00  1.0000000000000000e+00
247    4.8209241327324093e-01  5.3240187663127769e-01  0.0000000000000000e+00  1.0000000000000000e+00
248    4.9171429940481226e-01  5.3388840737882159e-01  0.0000000000000000e+00  1.0000000000000000e+00
249    5.0136206827403274e-01  5.3511697408351555e-01  0.0000000000000000e+00  1.0000000000000000e+00
250    5.1103571988090246e-01  5.3608757674535978e-01  0.0000000000000000e+00  1.0000000000000000e+00
251    5.2073525422542133e-01  5.3680021536435407e-01  0.0000000000000000e+00  1.0000000000000000e+00
252    5.3046067130758934e-01  5.3725488994049841e-01  0.0000000000000000e+00  1.0000000000000000e+00
253    5.4021197112740660e-01  5.3745160047379303e-01  0.0000000000000000e+00  1.0000000000000000e+00
254    5.4998915368487300e-01  5.3739034696423782e-01  0.0000000000000000e+00  1.0000000000000000e+00
255    5.5979221897998854e-01  5.3707112941183266e-01  0.0000000000000000e+00  1.0000000000000000e+00
256    5.6962116701275334e-01  5.3649394781657767e-01  0.0000000000000000e+00  1.0000000000000000e+00
257    5.7947599778316738e-01  5.3565880217847284e-01  0.0000000000000000e+00  1.0000000000000000e+00
258    5.8935671129123046e-01  5.3456569249751806e-01  0.0000000000000000e+00  1.0000000000000000e+00
259    5.9431000941408652e-01  5.3389015563561593e-01  0.0000000000000000e+00  1.0000000000000000e+00
260    4.1843978570003826e-01  5.2601531111634303e-01  0.0000000000000000e+00  1.0000000000000000e+00
261    4.2316013918405182e-01  5.2766145064008962e-01  0.0000000000000000e+00  1.0000000000000000e+00
262    4.3262672888972808e-01  5.3069576564473242e-01  0.0000000000000000e+00  1.0000000000000000e+00
263    4.4211920133305355e-01  5.3347211660652583e-01  0.0000000000000000e+00  9.9999999999999989e-01
264    4.5163755651402815e-01  5.3599050352546906e-01  0.0000000000000000e+00  1.0000000000000000e+00
265    4.6118179443265200e-01  5.3825092640156247e-01  0.0000000000000000e+00  1.0000000000000000e+00
266    4.7075191508892500e-01  5.4025338523480615e-01  0.0000000000000000e+00  1.0000000000000000e+00
267    4.8034791848284719e-01  5.4199788002519989e-01  0.0000000000000000e+00  1.0000000000000000e+00
268    4.8996980461441852e-01  5.4348441077274368e-01  0.0000000000000000e+00  1.0000000000000000e+00
269    4.9961757348363900e-01  5.4471297747743774e-01  0.0000000000000000e+00  1.0000000000000000e+00
270    5.0929122509050861e-01  5.4568358013928187e-01  0.0000000000000000e+00  1.0000000000000000e+00
271    5.1899075943502759e-01  5.4639621875827626e-01  0.0000000000000000e+00  1.0000000000000000e+00
272    5.2871617651719560e-01  5.4685089333442061e-01  0.0000000000000000e+00  1.0000000000000000e+00
273    5.3846747633701286e-01  5.4704760386771523e-01  0.0000000000000000e+00  1.0000000000000000e+00
274    5.4824465889447938e-01  5.4698635035816001e-01  0.0000000000000000e+00  1.0000000000000000e+00
275    5.5804772418959481e-01  5.4666713280575485e-01  0.0000000000000000e+00  1.0000000000000000e+00
276    5.6787667222235960e-01  5.4608995121049997e-01  0.0000000000000000e+00  1.0000000000000000e+00
277    5.7773150299277365e-01  5.4525480557239503e-01  0.0000000000000000e+00  1.0000000000000000e+00
278    5.8761221650083661e-01  5.4416169589144037e-01  0.0000000000000000e+00  1.0000000000000000e+00
279    5.9256551462369278e-01  5.4348615902953801e-01  0.0000000000000000e+00  1.0000000000000000e+00
280    4.1643732686679469e-01  5.3558543177261608e-01  0.0000000000000000e+00  1.0000000000000000e+00
281    4.2115768035080819e-01  5.3723157129636256e-01  0.0000000000000000e+00  1.0000000000000000e+00
282    4.3062427005648451e-01  5.4026588630100558e-01  0.0000000000000000e+00  1.0000000000000000e+00
283    4.4011674249980998e-01  5.4304223726279888e-01  0.0000000000000000e+00  9.9999999999999989e-01
284    4.4963509768078458e-01  5.4556062418174212e-01  0.0000000000000000e+00  1.0000000000000000e+00
285    4.5917933559940849e-01  5.4782104705783552e-01  0.0000000000000000e+00  1.0000000000000000e+00
286    4.6874945625568143e-01  5.4982350589107920e-01  0.0000000000000000e+00  1.0000000000000000e+00
287    4.7834545964960362e-01  5.5156800068147294e-01  0.0000000000000000e+00  1.0000000000000000e+00
288    4.8796734578117495e-01  5.5305453142901684e-01  0.0000000000000000e+00  1.0000000000000000e+00
289    4.9761511465039543e-01  5.5428309813371079e-01  0.0000000000000000e+00  1.0000000000000000e+00
290    5.0728876625726516e-01  5.5525370079555492e-01  0.0000000000000000e+00  1.0000000000000000e+00
291    5.1698830060178391e-01  5.5596633941454932e-01  0.0000000000000000e+00  1.0000000000000000e+00
292    5.2671371768395203e-01  5.5642101399069366e-01  0.0000000000000000e+00  1.0000000000000000e+00
293    5.3646501750376929e-01  5.5661772452398828e-01  0.0000000000000000e+00  1.0000000000000000e+00
294    5.4624220006123581e-01  5.5655647101443306e-01  0.0000000000000000e+00  1.0000000000000000e+00
295    5.5604526535635124e-01  5.5623725346202779e-01  0.0000000000000000e+00  1.0000000000000000e+00
296    5.6587421338911603e-01  5.5566007186677291e-01  0.0000000000000000e+00  1.0000000000000000e+00
297    5.7572904415952997e-01  5.5482492622866808e-01  0.0000000000000000e+00  1.0000000000000000e+00
298    5.8560975766759316e-01  5.5373181654771331e-01  0.0000000000000000e+00  1.0000000000000000e+00
299    5.9056305579044921e-01  5.5305627968581106e-01  0.0000000000000000e+00  1.0000000000000000e+00
300    4.1417690399070117e-01  5.4512966969123988e-01  0.0000000000000000e+00  1.0000000000000000e+00
301    4.1889725747471473e-01  5.4677580921498625e-01  0.0000000000000000e+00  1.0000000000000000e+00
302    4.2836384718039100e-01  5.4981012421962927e-01  0.0000000000000000e+00  1.0000000000000000e+00
303    4.3785631962371652e-01  5.5258647518142257e-01  0.0000000000000000e+00  9.9999999999999978e-01
304    4.4737467480469106e-01  5.5510486210036580e-01  0.0000000000000000e+00  1.0000000000000000e+00
305    4.5691891272331492e-01  5.5736528497645932e-01  0.0000000000000000e+00  1.0000000000000000e+00
306    4.6648903337958791e-01  5.5936774380970300e-01  0.0000000000000000e+00  1.0000000000000000e+00
307    4.7608503677351011e-01  5.6111223860009662e-01  0.0000000000000000e+00  1.0000000000000000e+00
308    4.8570692290508144e-01  5.6259876934764053e-01  0.0000000000000000e+00  1.0000000000000000e+00
309    4.9535469177430191e-01  5.6382733605233448e-01  0.0000000000000000e+00  1.0000000000000000e+00
310    5.0502834338117153e-01  5.6479793871417860e-01  0.0000000000000000e+00  1.0000000000000000e+00
311    5.1472787772569040e-01  5.6551057733317300e-01  0.0000000000000000e+00  1.0000000000000000e+00
312    5.2445329480785852e-01  5.6596525190931735e-01  0.0000000000000000e+00  1.0000000000000000e+00
313    5.3420459462767578e-01  5.6616196244261197e-01  0.0000000000000000e+00  1.0000000000000000e+00
314    5.4398177718514229e-01  5.6610070893305675e-01  0.0000000000000000e+00  1.0000000000000000e+00
315    5.5378484248025772e-01  5.6578149138065159e-01  0.0000000000000000e+00  1.0000000000000000e+00
316    5.6361379051302252e-01  5.6520430978539671e-01  0.0000000000000000e+00  1.0000000000000000e+00
317    5.7346862128343656e-01  5.6436916414729188e-01  0.0000000000000000e+00  1.0000000000000000e+00
318    5.8334933479149953e-01  5.6327605446633711e-01  0.0000000000000000e+00  1.0000000000000000e+00
319    5.8830263291435569e-01  5.6260051760443486e-01  0.0000000000000000e+00  1.0000000000000000e+00
320    4.1165851707175788e-01  5.5464802487221443e-01  0.0000000000000000e+00  1.0000000000000000e+00
321    4.1637887055577144e-01  5.5629416439596091e-01  0.0000000000000000e+00  1.0000000000000000e+00
322    4.2584546026144771e-01  5.5932847940060393e-01  0.0000000000000000e+00  1.0000000000000000e+00
323    4.3533793270477328e-01  5.6210483036239733e-01  0.0000000000000000e+00  9.9999999999999978e-01
324    4.4485628788574777e-01  5.6462321728134046e-01  0.0000000000000000e+00  1.0000000000000000e+00
325    4.5440052580437162e-01  5.6688364015743398e-01  0.0000000000000000e+00  1.0000000000000000e+00
326    4.6397064646064462e-01  5.6888609899067766e-01  0.0000000000000000e+00  1.0000000000000000e+00
327    4.7356664985456681e-01  5.7063059378107139e-01  0.0000000000000000e+00  1.0000000000000000e+00
328    4.8318853598613809e-01  5.7211712452861518e-01  0.0000000000000000e+00  1.0000000000000000e+00
329    4.9283630485535862e-01  5.7334569123330925e-01  0.0000000000000000e+00  1.0000000000000000e+00
330    5.0250995646222829e-01  5.7431629389515337e-01  0.0000000000000000e+00  1.0000000000000000e+00
331    5.1220949080674716e-01  5.7502893251414766e-01  0.0000000000000000e+00  1.0000000000000000e+00
332    5.2193490788891528e-01  5.7548360709029200e-01  0.0000000000000000e+00  1.0000000000000000e+00
333    5.3168620770873254e-01  5.7568031762358662e-01  0.0000000000000000e+00  1.0000000000000000e+00
334    5.4146339026619894e-01  5.7561906411403152e-01  0.0000000000000000e+00  1.0000000000000000e+00
335    5.5126645556131448e-01  5.7529984656162625e-01  0.0000000000000000e+00  1.0000000000000000e+00
336    5.6109540359407917e-01  5.7472266496637125e-01  0.0000000000000000e+00  1.0000000000000000e+00
337    5.7095023436449321e-01  5.7388751932826643e-01  0.0000000000000000e+00  1.0000000000000000e+00
338    5.8083094787255629e-01  5.7279440964731165e-01  0.0000000000000000e+00  1.0000000000000000e+00
339    5.8578424599541234e-01  5.7211887278540940e-01  0.0000000000000000e+00  1.0000000000000000e+00
340    4.0888216610996475e-01  5.6414049731553995e-01  0.0000000000000000e+00  1.0000000000000000e+00
341    4.1360251959397826e-01  5.6578663683928643e-01  0.0000000000000000e+00  1.0000000000000000e+00
342    4.2306910929965458e-01  5.6882095184392933e-01  0.0000000000000000e+00  1.0000000000000000e+00
343    4.3256158174298004e-01  5.7159730280572274e-01  0.0000000000000000e+00  9.9999999999999989e-01
344    4.4207993692395464e-01  5.7411568972466598e-01  0.0000000000000000e+00  1.0000000000000000e+00
345    4.5162417484257850e-01  5.7637611260075938e-01  0.0000000000000000e+00  1.0000000000000000e+00
346    4.6119429549885149e-01  5.7837857143400306e-01  0.0000000000000000e+00  1.0000000000000000e+00
347    4.7079029889277368e-01  5.8012306622439680e-01  0.0000000000000000e+00  1.0000000000000000e+00
348    4.8041218502434502e-01  5.8160959697194070e-01  0.0000000000000000e+00  1.0000000000000000e+00
349    4.9005995389356549e-01  5.8283816367663466e-01  0.0000000000000000e+00  1.0000000000000000e+00
350    4.9973360550043511e-01  5.8380876633847878e-01  0.0000000000000000e+00  1.0000000000000000e+00
351    5.0943313984495397e-01  5.8452140495747318e-01  0.0000000000000000e+00  1.0000000000000000e+00
352    5.1915855692712209e-01  5.8497607953361752e-01  0.0000000000000000e+00  1.0000000000000000e+00
353    5.2890985674693936e-01  5.8517279006691214e-01  0.0000000000000000e+00  1.0000000000000000e+00
354    5.3868703930440576e-01  5.8511153655735693e-01  0.0000000000000000e+00  1.0000000000000000e+00
355    5.4849010459952130e-01  5.8479231900495166e-01  0.0000000000000000e+00  1.0000000000000000e+00
356    5.5831905263228598e-01  5.8421513740969677e-01  0.0000000000000000e+00  1.0000000000000000e+00
357    5.6817388340270003e-01  5.8337999177159194e-01  0.0000000000000000e+00  1.0000000000000000e+00
358    5.7805459691076311e-01  5.8228688209063717e-01  0.0000000000000000e+00  1.0000000000000000e+00
359    5.8300789503361927e-01  5.8161134522873492e-01  0.0000000000000000e+00  1.0000000000000000e+00
360    4.0584785110532168e-01  5.7360708702121621e-01  0.0000000000000000e+00  1.0000000000000000e+00
361    4.1056820458933524e-01  5.7525322654496269e-01  0.0000000000000000e+00  1.0000000000000000e+00
362    4.2003479429501150e-01  5.7828754154960560e-01  0.0000000000000000e+00  1.0000000000000000e+00
363    4.2952726673833697e-01  5.8106389251139900e-01  0.0000000000000000e+00  9.9999999999999989e-01
364    4.3904562191931157e-01  5.8358227943034224e-01  0.0000000000000000e+00  1.0000000000000000e+00
365    4.4858985983793542e-01  5.8584270230643576e-01  0.0000000000000000e+00  1.0000000000000000e+00
366    4.5815998049420847e-01  5.8784516113967933e-01  0.0000000000000000e+00  1.0000000000000000e+00
367    4.6775598388813061e-01  5.8958965593007306e-01  0.0000000000000000e+00  1.0000000000000000e+00
368    4.7737787001970194e-01  5.9107618667761697e-01  0.0000000000000000e+00  1.0000000000000000e+00
369    4.8702563888892247e-01  5.9230475338231092e-01  0.0000000000000000e+00  1.0000000000000000e+00
370    4.9669929049579203e-01  5.9327535604415504e-01  0.0000000000000000e+00  1.0000000000000000e+00
371    5.0639882484031096e-01  5.9398799466314944e-01  0.0000000000000000e+00  1.0000000000000000e+00
372    5.1612424192247908e-01  5.9444266923929379e-01  0.0000000000000000e+00  1.0000000000000000e+00
373    5.2587554174229634e-01  5.9463937977258841e-01  0.0000000000000000e+00  1.0000000000000000e+00
374    5.3565272429976274e-01  5.9457812626303319e-01  0.0000000000000000e+00  1.0000000000000000e+00
375    5.4545578959487828e-01  5.9425890871062792e-01  0.0000000000000000e+00  1.0000000000000000e+00
376    5.5528473762764297e-01  5.9368172711537304e-01  0.0000000000000000e+00  1.0000000000000000e+00
377    5.6513956839805701e-01  5.9284658147726832e-01  0.0000000000000000e+00  1.0000000000000000e+00
378    5.7502028190611998e-01  5.9175347179631343e-01  0.0000000000000000e+00  1.0000000000000000e+00
379    5.7997358002897625e-01  5.9107793493441119e-01  0.0000000000000000e+00  1.0000000000000000e+00
380    4.0420171158157525e-01  5.7832744050522977e-01  0.0000000000000000e+00  1.0000000000000000e+00
381    4.0892206506558876e-01  5.7997358002897625e-01  0.0000000000000000e+00  1.0000000000000000e+00
382    4.1838865477126508e-01  5.8300789503361916e-01  0.0000000000000000e+00  1.0000000000000000e+00
383    4.2788112721459054e-01  5.8578424599541257e-01  0.0000000000000000e+00  9.9999999999999989e-01
384    4.3739948239556514e-01  5.8830263291435581e-01  0.0000000000000000e+00  1.0000000000000000e+00
385    4.4694372031418900e-01  5.9056305579044921e-01  0.0000000000000000e+00  1.0000000000000000e+00
386    4.5651384097046199e-01  5.9256551462369289e-01  0.0000000000000000e+00  1.0000000000000000e+00
387    4.6610984436438418e-01  5.9431000941408663e-01  0.0000000000000000e+00  1.0000000000000000e+00
388    4.7573173049595552e-01  5.9579654016163053e-01  0.0000000000000000e+00  1.0000000000000000e+00
389    4.8537949936517599e-01  5.9702510686632448e-01  0.0000000000000000e+00  1.0000000000000000e+00
390    4.9505315097204561e-01  5.9799570952816861e-01  0.0000000000000000e+00  1.0000000000000000e+00
391    5.0475268531656448e-01  5.9870834814716301e-01  0.0000000000000000e+00  1.0000000000000000e+00
392    5.1447810239873260e-01  5.9916302272330735e-01  0.0000000000000000e+00  1.0000000000000000e+00
393    5.2422940221854986e-01  5.9935973325660197e-01  0.0000000000000000e+00  1.0000000000000000e+00
394    5.3400658477601626e-01  5.9929847974704675e-01  0.0000000000000000e+00  1.0000000000000000e+00
395    5.4380965007113180e-01  5.9897926219464148e-01  0.0000000000000000e+00  1.0000000000000000e+00
396    5.5363859810389648e-01  5.9840208059938660e-01  0.0000000000000000e+00  1.0000000000000000e+00
397    5.6349342887431053e-01  5.9756693496128177e-01  0.0000000000000000e+00  1.0000000000000000e+00
398    5.7337414238237361e-01  5.9647382528032700e-01  0.0000000000000000e+00  1.0000000000000000e+00
399    5.7832744050522977e-01  5.9579828841842475e-01  0.0000000000000000e+00  1.0000000000000000e+00
400    4.2167255949477017e-01  4.0420171158157531e-01  1.6666666666666666e-01  1.0000000000000000e+00
401    4.2639291297878368e-01  4.0584785110532173e-01  1.6666666666666666e-01  1.0000000000000000e+00
402    4.3585950268446000e-01  4.0888216610996475e-01  1.6666666666666666e-01  1.0000000000000000e+00
403    4.4535197512778552e-01  4.1165851707175793e-01  1.6666666666666666e-01  9.9999999999999989e-01
404    4.5487033030876006e-01  4.1417690399070117e-01  1.6666666666666666e-01  1.0000000000000000e+00
405    4.6441456822738397e-01  4.1643732686679469e-01  1.6666666666666666e-01  1.0000000000000000e+00
406    4.7398468888365697e-01  4.1843978570003837e-01  1.6666666666666666e-01  1.0000000000000000e+00
407    4.8358069227757916e-01  4.2018428049043205e-01  1.6666666666666666e-01  1.0000000000000000e+00
408    4.9320257840915049e-01  4.2167081123797590e-01  1.6666666666666666e-01  1.0000000000000000e+00
409    5.0285034727837097e-01  4.2289937794266996e-01  1.6666666666666666e-01  1.0000000000000000e+00
410    5.1252399888524058e-01  4.2386998060451408e-01  1.6666666666666666e-01  1.0000000000000000e+00
411    5.2222353322975945e-01  4.2458261922350837e-01  1.6666666666666666e-01  1.0000000000000000e+00
412    5.3194895031192746e-01  4.2503729379965283e-01  1.6666666666666666e-01  1.0000000000000000e+00
413    5.4170025013174472e-01  4.2523400433294745e-01  1.6666666666666666e-01  1.0000000000000000e+00
414    5.5147743268921123e-01  4.2517275082339212e-01  1.6666666666666666e-01  1.0000000000000000e+00
415    5.6128049798432689e-01  4.2485353327098702e-01  1.6666666666666666e-01  1.0000000000000000e+00
416    5.7110944601709157e-01  4.2427635167573208e-01  1.6666666666666666e-01  1.0000000000000000e+00
417    5.8096427678750562e-01  4.2344120603762714e-01  1.6666666666666666e-01  1.0000000000000000e+00
418    5.9084499029556858e-01  4.2234809635667248e-01  1.6666666666666666e-01  1.0000000000000000e+00
419    5.9579828841842475e-01  4.2167255949477017e-01  1.6666666666666666e-01  1.0000000000000000e+00
420    4.2234809635667248e-01  4.0915500970443142e-01  1.6666666666666666e-01  1.0000000000000000e+00
421    4.2706844984068593e-01  4.1080114922817790e-01  1.6666666666666666e-01  1.0000000000000000e+00
422    4.3653503954636236e-01  4.1383546423282086e-01  1.6666666666666666e-01  1.0000000000000000e+00
423    4.4602751198968787e-01  4.1661181519461415e-01  1.6666666666666666e-01  9.9999999999999989e-01
424    4.5554586717066237e-01  4.1913020211355728e-01  1.6666666666666666e-01  1.0000000000000000e+00
425    4.6509010508928617e-01  4.2139062498965091e-01  1.6666666666666666e-01  1.0000000000000000e+00
426    4.7466022574555922e-01  4.2339308382289442e-01  1.6666666666666666e-01  1.0000000000000000e+00
427    4.8425622913948141e-01  4.2513757861328827e-01  1.6666666666666666e-01  1.0000000000000000e+00
428    4.9387811527105274e-01  4.2662410936083206e-01  1.6666666666666666e-01  1.0000000000000000e+00
429    5.0352588414027322e-01  4.2785267606552613e-01  1.6666666666666666e-01  1.0000000000000000e+00
430    5.1319953574714283e-01  4.2882327872737019e-01  1.6666666666666666e-01  1.0000000000000000e+00
431    5.2289907009166181e-01  4.2953591734636448e-01  1.6666666666666666e-01  1.0000000000000000e+00
432    5.3262448717382971e-01  4.2999059192250894e-01  1.6666666666666666e-01  1.0000000000000000e+00
433    5.4237578699364697e-01  4.3018730245580356e-01  1.6666666666666666e-01  1.0000000000000000e+00
434    5.5215296955111359e-01  4.3012604894624828e-01  1.6666666666666666e-01  1.0000000000000000e+00
435    5.6195603484622902e-01  4.2980683139384313e-01  1.6666666666666666e-01  1.0000000000000000e+00
436    5.7178498287899404e-01  4.2922964979858824e-01  1.6666666666666666e-01  1.0000000000000000e+00
437    5.8163981364940787e-01  4.2839450416048336e-01  1.6666666666666666e-01  1.0000000000000000e+00
438    5.9152052715747083e-01  4.2730139447952864e-01  1.6666666666666666e-01  1.0000000000000000e+00
439    5.9647382528032700e-01  4.2662585761762628e-01  1.6666666666666666e-01  1.0000000000000000e+00
440    4.2344120603762714e-01  4.1903572321249460e-01  1.6666666666666666e-01  1.0000000000000000e+00
441    4.2816155952164070e-01  4.2068186273624097e-01  1.6666666666666666e-01  1.0000000000000000e+00
442    4.3762814922731691e-01  4.2371617774088394e-01  1.6666666666666666e-01  1.0000000000000000e+00
443    4.4712062167064243e-01  4.2649252870267723e-01  1.6666666666666666e-01  9.9999999999999989e-01
444    4.5663897685161703e-01  4.2901091562162053e-01  1.6666666666666666e-01  1.0000000000000000e+00
445    4.6618321477024088e-01  4.3127133849771399e-01  1.6666666666666666e-01  1.0000000000000000e+00
446    4.7575333542651388e-01  4.3327379733095761e-01  1.6666666666666666e-01  1.0000000000000000e+00
447    4.8534933882043607e-01  4.3501829212135135e-01  1.6666666666666666e-01  1.0000000000000000e+00
448    4.9497122495200746e-01  4.3650482286889519e-01  1.6666666666666666e-01  1.0000000000000000e+00
449    5.0461899382122799e-01  4.3773338957358920e-01  1.6666666666666666e-01  1.0000000000000000e+00
450    5.1429264542809761e-01  4.3870399223543327e-01  1.6666666666666666e-01  1.0000000000000000e+00
451    5.2399217977261647e-01  4.3941663085442773e-01  1.6666666666666666e-01  1.0000000000000000e+00
452    5.3371759685478437e-01  4.3987130543057201e-01  1.6666666666666666e-01  1.0000000000000000e+00
453    5.4346889667460163e-01  4.4006801596386663e-01  1.6666666666666666e-01  1.0000000000000000e+00
454    5.5324607923206826e-01  4.4000676245431142e-01  1.6666666666666666e-01  1.0000000000000000e+00
455    5.6304914452718369e-01  4.3968754490190620e-01  1.6666666666666666e-01  1.0000000000000000e+00
456    5.7287809255994859e-01  4.3911036330665132e-01  1.6666666666666666e-01  1.0000000000000000e+00
457    5.8273292333036253e-01  4.3827521766854644e-01  1.6666666666666666e-01  1.0000000000000000e+00
458    5.9261363683842561e-01  4.3718210798759172e-01  1.6666666666666666e-01  1.0000000000000000e+00
459    5.9756693496128177e-01  4.3650657112568947e-01  1.6666666666666666e-01  1.0000000000000000e+00
460    4.2427635167573213e-01  4.2889055398290848e-01  1.6666666666666666e-01  9.9999999999999989e-01
461    4.2899670515974558e-01  4.3053669350665497e-01  1.6666666666666666e-01  9.9999999999999989e-01
462    4.3846329486542185e-01  4.3357100851129798e-01  1.6666666666666666e-01  9.9999999999999989e-01
463    4.4795576730874731e-01  4.3634735947309117e-01  1.6666666666666666e-01  9.9999999999999989e-01
464    4.5747412248972202e-01  4.3886574639203441e-01  1.6666666666666666e-01  9.9999999999999989e-01
465    4.6701836040834582e-01  4.4112616926812798e-01  1.6666666666666666e-01  9.9999999999999989e-01
466    4.7658848106461876e-01  4.4312862810137160e-01  1.6666666666666666e-01  9.9999999999999989e-01
467    4.8618448445854096e-01  4.4487312289176534e-01  1.6666666666666666e-01  9.9999999999999989e-01
468    4.9580637059011229e-01  4.4635965363930913e-01  1.6666666666666666e-01  9.9999999999999989e-01
469    5.0545413945933293e-01  4.4758822034400320e-01  1.6666666666666666e-01  9.9999999999999989e-01
470    5.1512779106620254e-01  4.4855882300584732e-01  1.6666666666666666e-01  9.9999999999999989e-01
471    5.2482732541072130e-01  4.4927146162484161e-01  1.6666666666666666e-01  9.9999999999999989e-01
472    5.3455274249288942e-01  4.4972613620098600e-01  1.6666666666666666e-01  9.9999999999999989e-01
473    5.4430404231270668e-01  4.4992284673428062e-01  1.6666666666666666e-01  9.9999999999999989e-01
474    5.5408122487017331e-01  4.4986159322472541e-01  1.6666666666666666e-01  9.9999999999999989e-01
475    5.6388429016528863e-01  4.4954237567232030e-01  1.6666666666666666e-01  9.9999999999999989e-01
476    5.7371323819805342e-01  4.4896519407706531e-01  1.6666666666666666e-01  9.9999999999999989e-01
477    5.8356806896846747e-01  4.4813004843896043e-01  1.6666666666666666e-01  9.9999999999999989e-01
478    5.9344878247653043e-01  4.4703693875800571e-01  1.6666666666666666e-01  9.9999999999999989e-01
479    5.9840208059938671e-01  4.4636140189610352e-01  1.6666666666666666e-01  9.9999999999999989e-01
480    4.2485353327098702e-01  4.3871950201567322e-01  1.6666666666666666e-01  1.0000000000000000e+00
481    4.2957388675500052e-01  4.4036564153941959e-01  1.6666666666666666e-01  1.0000000000000000e+00
482    4.3904047646067684e-01  4.4339995654406272e-01  1.6666666666666666e-01  1.0000000000000000e+00
483    4.4853294890400225e-01  4.4617630750585585e-01  1.6666666666666666e-01  9.9999999999999989e-01
484    4.5805130408497691e-01  4.4869469442479909e-01  1.6666666666666666e-01  1.0000000000000000e+00
485    4.6759554200360082e-01  4.5095511730089272e-01  1.6666666666666666e-01  1.0000000000000000e+00
486    4.7716566265987381e-01  4.5295757613413623e-01  1.6666666666666666e-01  1.0000000000000000e+00
487    4.8676166605379589e-01  4.5470207092452997e-01  1.6666666666666666e-01  1.0000000000000000e+00
488    4.9638355218536734e-01  4.5618860167207387e-01  1.6666666666666666e-01  1.0000000000000000e+00
489    5.0603132105458792e-01  4.5741716837676788e-01  1.6666666666666666e-01  1.0000000000000000e+00
490    5.1570497266145732e-01  4.5838777103861200e-01  1.6666666666666666e-01  1.0000000000000000e+00
491    5.2540450700597630e-01  4.5910040965760629e-01  1.6666666666666666e-01  1.0000000000000000e+00
492    5.3512992408814430e-01  4.5955508423375074e-01  1.6666666666666666e-01  1.0000000000000000e+00
493    5.4488122390796156e-01  4.5975179476704542e-01  1.6666666666666666e-01  1.0000000000000000e+00
494    5.5465840646542808e-01  4.5969054125749015e-01  1.6666666666666666e-01  1.0000000000000000e+00
495    5.6446147176054362e-01  4.5937132370508493e-01  1.6666666666666666e-01  1.0000000000000000e+00
496    5.7429041979330853e-01  4.5879414210982994e-01  1.6666666666666666e-01  1.0000000000000000e+00
497    5.8414525056372235e-01  4.5795899647172517e-01  1.6666666666666666e-01  1.0000000000000000e+00
498    5.9402596407178532e-01  4.5686588679077045e-01  1.6666666666666666e-01  1.0000000000000000e+00
499    5.9897926219464148e-01  4.5619034992886809e-01  1.6666666666666666e-01  1.0000000000000000e+00
500    4.2517275082339223e-01  4.4852256731078888e-01  1.6666666666666666e-01  1.0000000000000000e+00
501    4.2989310430740574e-01  4.5016870683453525e-01  1.6666666666666666e-01  1.0000000000000000e+00
502    4.3935969401308206e-01  4.5320302183917832e-01  1.6666666666666666e-01  1.0000000000000000e+00
503    4.4885216645640758e-01  4.5597937280097162e-01  1.6666666666666666e-01  9.9999999999999989e-01
504    4.5837052163738212e-01  4.5849775971991474e-01  1.6666666666666666e-01  1.0000000000000000e+00
505    4.6791475955600592e-01  4.6075818259600837e-01  1.6666666666666666e-01  1.0000000000000000e+00
506    4.7748488021227892e-01  4.6276064142925188e-01  1.6666666666666666e-01  1.0000000000000000e+00
507    4.8708088360620111e-01  4.6450513621964562e-01  1.6666666666666666e-01  1.0000000000000000e+00
508    4.9670276973777244e-01  4.6599166696718952e-01  1.6666666666666666e-01  1.0000000000000000e+00
509    5.0635053860699297e-01  4.6722023367188359e-01  1.6666666666666666e-01  1.0000000000000000e+00
510    5.1602419021386259e-01  4.6819083633372771e-01  1.6666666666666666e-01  1.0000000000000000e+00
511    5.2572372455838146e-01  4.6890347495272194e-01  1.6666666666666666e-01  1.0000000000000000e+00
512    5.3544914164054958e-01  4.6935814952886640e-01  1.6666666666666666e-01  1.0000000000000000e+00
513    5.4520044146036672e-01  4.6955486006216102e-01  1.6666666666666666e-01  1.0000000000000000e+00
514    5.5497762401783324e-01  4.6949360655260580e-01  1.6666666666666666e-01  1.0000000000000000e+00
515    5.6478068931294878e-01  4.6917438900020059e-01  1.6666666666666666e-01  1.0000000000000000e+00
516    5.7460963734571358e-01  4.6859720740494559e-01  1.6666666666666666e-01  1.0000000000000000e+00
517    5.8446446811612751e-01  4.6776206176684082e-01  1.6666666666666666e-01  1.0000000000000000e+00
518    5.9434518162419059e-01  4.6666895208588599e-01  1.6666666666666666e-01  1.0000000000000000e+00
519    5.9929847974704686e-01  4.6599341522398374e-01  1.6666666666666666e-01  1.0000000000000000e+00
520    4.2523400433294745e-01  4.5829974986825522e-01  1.6666666666666666e-01  1.0000000000000000e+00
521    4.2995435781696095e-01  4.5994588939200171e-01  1.6666666666666666e-01  1.0000000000000000e+00
522    4.3942094752263727e-01  4.6298020439664467e-01  1.6666666666666666e-01  1.0000000000000000e+00
523    4.4891341996596279e-01  4.6575655535843802e-01  1.6666666666666666e-01  9.9999999999999989e-01
524    4.5843177514693734e-01  4.6827494227738126e-01  1.6666666666666666e-01  1.0000000000000000e+00
525    4.6797601306556114e-01  4.7053536515347472e-01  1.6666666666666666e-01  1.0000000000000000e+00
526    4.7754613372183419e-01  4.7253782398671834e-01  1.6666666666666666e-01  1.0000000000000000e+00
527    4.8714213711575632e-01  4.7428231877711213e-01  1.6666666666666666e-01  1.0000000000000000e+00
528    4.9676402324732766e-01  4.7576884952465592e-01  1.6666666666666666e-01  1.0000000000000000e+00
529    5.0641179211654819e-01  4.7699741622934988e-01  1.6666666666666666e-01  1.0000000000000000e+00
530    5.1608544372341780e-01  4.7796801889119411e-01  1.6666666666666666e-01  1.0000000000000000e+00
531    5.2578497806793667e-01  4.7868065751018846e-01  1.6666666666666666e-01  1.0000000000000000e+00
532    5.3551039515010479e-01  4.7913533208633274e-01  1.6666666666666666e-01  1.0000000000000000e+00
533    5.4526169496992205e-01  4.7933204261962736e-01  1.6666666666666666e-01  1.0000000000000000e+00
534    5.5503887752738845e-01  4.7927078911007215e-01  1.6666666666666666e-01  1.0000000000000000e+00
535    5.6484194282250400e-01  4.7895157155766699e-01  1.6666666666666666e-01  1.0000000000000000e+00
536    5.7467089085526879e-01  4.7837438996241205e-01  1.6666666666666666e-01  1.0000000000000000e+00
537    5.8452572162568273e-01  4.7753924432430717e-01  1.6666666666666666e-01  1.0000000000000000e+00
538    5.9440643513374580e-01  4.7644613464335245e-01  1.6666666666666666e-01  1.0000000000000000e+00
539    5.9935973325660208e-01  4.7577059778145014e-01  1.6666666666666666e-01  1.0000000000000000e+00
540    4.2503729379965283e-01  4.6805104968807260e-01  1.6666666666666666e-01  1.0000000000000000e+00
541    4.2975764728366639e-01  4.6969718921181902e-01  1.6666666666666666e-01  1.0000000000000000e+00
542    4.3922423698934265e-01  4.7273150421646204e-01  1.6666666666666666e-01  1.0000000000000000e+00
543    4.4871670943266811e-01  4.7550785517825517e-01  1.6666666666666666e-01  1.0000000000000000e+00
544    4.5823506461364272e-01  4.7802624209719846e-01  1.6666666666666666e-01  1.0000000000000000e+00
545    4.6777930253226663e-01  4.8028666497329198e-01  1.6666666666666666e-01  1.0000000000000000e+00
546    4.7734942318853968e-01  4.8228912380653566e-01  1.6666666666666666e-01  1.0000000000000000e+00
547    4.8694542658246187e-01  4.8403361859692934e-01  1.6666666666666666e-01  1.0000000000000000e+00
548    4.9656731271403320e-01  4.8552014934447313e-01  1.6666666666666666e-01  1.0000000000000000e+00
549    5.0621508158325368e-01  4.8674871604916725e-01  1.6666666666666666e-01  1.0000000000000000e+00
550    5.1588873319012329e-01  4.8771931871101137e-01  1.6666666666666666e-01  1.0000000000000000e+00
551    5.2558826753464216e-01  4.8843195733000566e-01  1.6666666666666666e-01  1.0000000000000000e+00
552    5.3531368461681028e-01  4.8888663190615012e-01  1.6666666666666666e-01  1.0000000000000000e+00
553    5.4506498443662754e-01  4.8908334243944473e-01  1.6666666666666666e-01  1.0000000000000000e+00
554    5.5484216699409405e-01  4.8902208892988952e-01  1.6666666666666666e-01  1.0000000000000000e+00
555    5.6464523228920949e-01  4.8870287137748430e-01  1.6666666666666666e-01  1.0000000000000000e+00
556    5.7447418032197428e-01  4.8812568978222937e-01  1.6666666666666666e-01  1.0000000000000000e+00
557    5.8432901109238822e-01  4.8729054414412443e-01  1.6666666666666666e-01  1.0000000000000000e+00
558    5.9420972460045129e-01  4.8619743446316965e-01  1.6666666666666666e-01  1.0000000000000000e+00
559    5.9916302272330757e-01  4.8552189760126746e-01  1.6666666666666666e-01  1.0000000000000000e+00
560    4.2458261922350848e-01  4.7777646677024055e-01  1.6666666666666666e-01  1.0000000000000000e+00
561    4.2930297270752193e-01  4.7942260629398697e-01  1.6666666666666666e-01  1.0000000000000000e+00
562    4.3876956241319820e-01  4.8245692129863005e-01  1.6666666666666666e-01  1.0000000000000000e+00
563    4.4826203485652372e-01  4.8523327226042329e-01  1.6666666666666666e-01  9.9999999999999989e-01
564    4.5778039003749837e-01  4.8775165917936653e-01  1.6666666666666666e-01  1.0000000000000000e+00
565    4.6732462795612217e-01  4.9001208205545999e-01  1.6666666666666666e-01  1.0000000000000000e+00
566    4.7689474861239523e-01  4.9201454088870361e-01  1.6666666666666666e-01  1.0000000000000000e+00
567    4.8649075200631742e-01  4.9375903567909740e-01  1.6666666666666666e-01  1.0000000000000000e+00
568    4.9611263813788875e-01  4.9524556642664119e-01  1.6666666666666666e-01  1.0000000000000000e+00
569    5.0576040700710923e-01  4.9647413313133526e-01  1.6666666666666666e-01  1.0000000000000000e+00
570    5.1543405861397884e-01  4.9744473579317944e-01  1.6666666666666666e-01  1.0000000000000000e+00
571    5.2513359295849771e-01  4.9815737441217373e-01  1.6666666666666666e-01  1.0000000000000000e+00
572    5.3485901004066572e-01  4.9861204898831801e-01  1.6666666666666666e-01  1.0000000000000000e+00
573    5.4461030986048309e-01  4.9880875952161274e-01  1.6666666666666666e-01  1.0000000000000000e+00
574    5.5438749241794949e-01  4.9874750601205742e-01  1.6666666666666666e-01  1.0000000000000000e+00
575    5.6419055771306503e-01  4.9842828845965226e-01  1.6666666666666666e-01  1.0000000000000000e+00
576    5.7401950574582983e-01  4.9785110686439732e-01  1.6666666666666666e-01  1.0000000000000000e+00
577    5.8387433651624376e-01  4.9701596122629244e-01  1.6666666666666666e-01  1.0000000000000000e+00
578    5.9375505002430684e-01  4.9592285154533772e-01  1.6666666666666666e-01  1.0000000000000000e+00
579    5.9870834814716301e-01  4.9524731468343552e-01  1.6666666666666666e-01  1.0000000000000000e+00
580    4.2386998060451408e-01  4.8747600111475942e-01  1.6666666666666666e-01  1.0000000000000000e+00
581    4.2859033408852759e-01  4.8912214063850579e-01  1.6666666666666666e-01  1.0000000000000000e+00
582    4.3805692379420391e-01  4.9215645564314886e-01  1.6666666666666666e-01  1.0000000000000000e+00
583    4.4754939623752943e-01  4.9493280660494204e-01  1.6666666666666666e-01  9.9999999999999989e-01
584    4.5706775141850398e-01  4.9745119352388534e-01  1.6666666666666666e-01  1.0000000000000000e+00
585    4.6661198933712789e-01  4.9971161639997891e-01  1.6666666666666666e-01  1.0000000000000000e+00
586    4.7618210999340083e-01  5.0171407523322242e-01  1.6666666666666666e-01  1.0000000000000000e+00
587    4.8577811338732302e-01  5.0345857002361616e-01  1.6666666666666666e-01  1.0000000000000000e+00
588    4.9539999951889435e-01  5.0494510077116006e-01  1.6666666666666666e-01  1.0000000000000000e+00
589    5.0504776838811483e-01  5.0617366747585413e-01  1.6666666666666666e-01  1.0000000000000000e+00
590    5.1472141999498455e-01  5.0714427013769825e-01  1.6666666666666666e-01  1.0000000000000000e+00
591    5.2442095433950331e-01  5.0785690875669254e-01  1.6666666666666666e-01  1.0000000000000000e+00
592    5.3414637142167143e-01  5.0831158333283688e-01  1.6666666666666666e-01  1.0000000000000000e+00
593    5.4389767124148869e-01  5.0850829386613161e-01  1.6666666666666666e-01  1.0000000000000000e+00
594    5.5367485379895509e-01  5.0844704035657640e-01  1.6666666666666666e-01  1.0000000000000000e+00
595    5.6347791909407063e-01  5.0812782280417113e-01  1.6666666666666666e-01  1.0000000000000000e+00
596    5.7330686712683554e-01  5.0755064120891613e-01  1.6666666666666666e-01  1.0000000000000000e+00
597    5.8316169789724936e-01  5.0671549557081130e-01  1.6666666666666666e-01  1.0000000000000000e+00
598    5.9304241140531255e-01  5.0562238588985653e-01  1.6666666666666666e-01  1.0000000000000000e+00
599    5.9799570952816872e-01  5.0494684902795428e-01  1.6666666666666666e-01  1.0000000000000000e+00
600    4.2289937794266996e-01  4.9714965272162903e-01  1.6666666666666666e-01  1.0000000000000000e+00
601    4.2761973142668347e-01  4.9879579224537551e-01  1.6666666666666666e-01  1.0000000000000000e+00
602    4.3708632113235979e-01  5.0183010725001853e-01  1.6666666666666666e-01  1.0000000000000000e+00
603    4.4657879357568525e-01  5.0460645821181183e-01  1.6666666666666666e-01  9.9999999999999989e-01
604    4.5609714875665985e-01  5.0712484513075495e-01  1.6666666666666666e-01  1.0000000000000000e+00
605    4.6564138667528365e-01  5.0938526800684847e-01  1.6666666666666666e-01  1.0000000000000000e+00
606    4.7521150733155665e-01  5.1138772684009215e-01  1.6666666666666666e-01  1.0000000000000000e+00
607    4.8480751072547884e-01  5.1313222163048589e-01  1.6666666666666666e-01  1.0000000000000000e+00
608    4.9442939685705017e-01  5.1461875237802968e-01  1.6666666666666666e-01  1.0000000000000000e+00
609    5.0407716572627059e-01  5.1584731908272374e-01  1.6666666666666666e-01  1.0000000000000000e+00
610    5.1375081733314032e-01  5.1681792174456787e-01  1.6666666666666666e-01  1.0000000000000000e+00
611    5.2345035167765919e-01  5.1753056036356215e-01  1.6666666666666666e-01  1.0000000000000000e+00
612    5.3317576875982731e-01  5.1798523493970661e-01  1.6666666666666666e-01  1.0000000000000000e+00
613    5.4292706857964446e-01  5.1818194547300123e-01  1.6666666666666666e-01  1.0000000000000000e+00
614    5.5270425113711097e-01  5.1812069196344601e-01  1.6666666666666666e-01  1.0000000000000000e+00
615    5.6250731643222651e-01  5.1780147441104085e-01  1.6666666666666666e-01  1.0000000000000000e+00
616    5.7233626446499120e-01  5.1722429281578586e-01  1.6666666666666666e-01  1.0000000000000000e+00
617    5.8219109523540524e-01  5.1638914717768103e-01  1.6666666666666666e-01  1.0000000000000000e+00
618    5.9207180874346832e-01  5.1529603749672626e-01  1.6666666666666666e-01  1.0000000000000000e+00
619    5.9702510686632460e-01  5.1462050063482412e-01  1.6666666666666666e-01  1.0000000000000000e+00
620    4.2167081123797590e-01  5.0679742159084951e-01  1.6666666666666666e-01  1.0000000000000000e+00
621    4.2639116472198946e-01  5.0844356111459610e-01  1.6666666666666666e-01  1.0000000000000000e+00
622    4.3585775442766567e-01  5.1147787611923901e-01  1.6666666666666666e-01  1.0000000000000000e+00
623    4.4535022687099118e-01  5.1425422708103230e-01  1.6666666666666666e-01  9.9999999999999989e-01
624    4.5486858205196579e-01  5.1677261399997554e-01  1.6666666666666666e-01  1.0000000000000000e+00
625    4.6441281997058964e-01  5.1903303687606905e-01  1.6666666666666666e-01  1.0000000000000000e+00
626    4.7398294062686269e-01  5.2103549570931262e-01  1.6666666666666666e-01  1.0000000000000000e+00
627    4.8357894402078488e-01  5.2277999049970647e-01  1.6666666666666666e-01  1.0000000000000000e+00
628    4.9320083015235622e-01  5.2426652124725026e-01  1.6666666666666666e-01  1.0000000000000000e+00
629    5.0284859902157675e-01  5.2549508795194422e-01  1.6666666666666666e-01  1.0000000000000000e+00
630    5.1252225062844636e-01  5.2646569061378834e-01  1.6666666666666666e-01  1.0000000000000000e+00
631    5.2222178497296512e-01  5.2717832923278274e-01  1.6666666666666666e-01  1.0000000000000000e+00
632    5.3194720205513324e-01  5.2763300380892719e-01  1.6666666666666666e-01  1.0000000000000000e+00
633    5.4169850187495050e-01  5.2782971434222170e-01  1.6666666666666666e-01  1.0000000000000000e+00
634    5.5147568443241690e-01  5.2776846083266649e-01  1.6666666666666666e-01  1.0000000000000000e+00
635    5.6127874972753244e-01  5.2744924328026133e-01  1.6666666666666666e-01  1.0000000000000000e+00
636    5.7110769776029713e-01  5.2687206168500633e-01  1.6666666666666666e-01  1.0000000000000000e+00
637    5.8096252853071129e-01  5.2603691604690150e-01  1.6666666666666666e-01  1.0000000000000000e+00
638    5.9084324203877436e-01  5.2494380636594684e-01  1.6666666666666666e-01  1.0000000000000000e+00
639    5.9579654016163053e-01  5.2426826950404459e-01  1.6666666666666666e-01  1.0000000000000000e+00
640    4.2018428049043205e-01  5.1641930772242106e-01  1.6666666666666666e-01  1.0000000000000000e+00
641    4.2490463397444556e-01  5.1806544724616732e-01  1.6666666666666666e-01  1.0000000000000000e+00
642    4.3437122368012188e-01  5.2109976225081034e-01  1.6666666666666666e-01  1.0000000000000000e+00
643    4.4386369612344728e-01  5.2387611321260363e-01  1.6666666666666666e-01  9.9999999999999989e-01
644    4.5338205130442194e-01  5.2639450013154687e-01  1.6666666666666666e-01  1.0000000000000000e+00
645    4.6292628922304579e-01  5.2865492300764039e-01  1.6666666666666666e-01  1.0000000000000000e+00
646    4.7249640987931874e-01  5.3065738184088396e-01  1.6666666666666666e-01  1.0000000000000000e+00
647    4.8209241327324093e-01  5.3240187663127769e-01  1.6666666666666666e-01  1.0000000000000000e+00
648    4.9171429940481226e-01  5.3388840737882159e-01  1.6666666666666666e-01  1.0000000000000000e+00
649    5.0136206827403274e-01  5.3511697408351555e-01  1.6666666666666666e-01  1.0000000000000000e+00
650    5.1103571988090257e-01  5.3608757674535978e-01  1.6666666666666666e-01  1.0000000000000000e+00
651    5.2073525422542133e-01  5.3680021536435407e-01  1.6666666666666666e-01  1.0000000000000000e+00
652    5.3046067130758934e-01  5.3725488994049841e-01  1.6666666666666666e-01  1.0000000000000000e+00
653    5.4021197112740660e-01  5.3745160047379303e-01  1.6666666666666666e-01  1.0000000000000000e+00
654    5.4998915368487311e-01  5.3739034696423782e-01  1.6666666666666666e-01  1.0000000000000000e+00
655    5.5979221897998854e-01  5.3707112941183266e-01  1.6666666666666666e-01  1.0000000000000000e+00
656    5.6962116701275334e-01  5.3649394781657767e-01  1.6666666666666666e-01  1.0000000000000000e+00
657    5.7947599778316738e-01  5.3565880217847284e-01  1.6666666666666666e-01  1.0000000000000000e+00
658    5.8935671129123057e-01  5.3456569249751806e-01  1.6666666666666666e-01  1.0000000000000000e+00
659    5.9431000941408652e-01  5.3389015563561593e-01  1.6666666666666666e-01  1.0000000000000000e+00
660    4.1843978570003826e-01  5.2601531111634303e-01  1.6666666666666666e-01  1.0000000000000000e+00
661    4.2316013918405182e-01  5.2766145064008962e-01  1.6666666666666666e-01  1.0000000000000000e+00
662    4.3262672888972808e-01  5.3069576564473242e-01  1.6666666666666666e-01  1.0000000000000000e+00
663    4.4211920133305360e-01  5.3347211660652583e-01  1.6666666666666666e-01  9.9999999999999989e-01
664    4.5163755651402815e-01  5.3599050352546906e-01  1.6666666666666666e-01  1.0000000000000000e+00
665    4.6118179443265206e-01  5.3825092640156247e-01  1.6666666666666666e-01  1.0000000000000000e+00
666    4.7075191508892500e-01  5.4025338523480615e-01  1.6666666666666666e-01  1.0000000000000000e+00
667    4.8034791848284719e-01  5.4199788002519989e-01  1.6666666666666666e-01  1.0000000000000000e+00
668    4.8996980461441852e-01  5.4348441077274368e-01  1.6666666666666666e-01  1.0000000000000000e+00
669    4.9961757348363900e-01  5.4471297747743774e-01  1.6666666666666666e-01  1.0000000000000000e+00
670    5.0929122509050861e-01  5.4568358013928187e-01  1.6666666666666666e-01  1.0000000000000000e+00
671    5.1899075943502759e-01  5.4639621875827626e-01  1.6666666666666666e-01  1.0000000000000000e+00
672    5.2871617651719560e-01  5.4685089333442061e-01  1.6666666666666666e-01  1.0000000000000000e+00
673    5.3846747633701297e-01  5.4704760386771523e-01  1.6666666666666666e-01  1.0000000000000000e+00
674    5.4824465889447938e-01  5.4698635035816001e-01  1.6666666666666666e-01  1.0000000000000000e+00
675    5.5804772418959481e-01  5.4666713280575485e-01  1.6666666666666666e-01  1.0000000000000000e+00
676    5.6787667222235960e-01  5.4608995121049997e-01  1.6666666666666666e-01  1.0000000000000000e+00
677    5.7773150299277365e-01  5.4525480557239503e-01  1.6666666666666666e-01  1.0000000000000000e+00
678    5.8761221650083661e-01  5.4416169589144037e-01  1.6666666666666666e-01  1.0000000000000000e+00
679    5.9256551462369278e-01  5.4348615902953812e-01  1.6666666666666666e-01  1.0000000000000000e+00
680    4.1643732686679469e-01  5.3558543177261608e-01  1.6666666666666666e-01  1.0000000000000000e+00
681    4.2115768035080825e-01  5.3723157129636256e-01  1.6666666666666666e-01  1.0000000000000000e+00
682    4.3062427005648451e-01  5.4026588630100558e-01  1.6666666666666666e-01  1.0000000000000000e+00
683    4.4011674249980998e-01  5.4304223726279888e-01  1.6666666666666666e-01  9.9999999999999989e-01
684    4.4963509768078458e-01  5.4556062418174212e-01  1.6666666666666666e-01  1.0000000000000000e+00
685    4.5917933559940849e-01  5.4782104705783552e-01  1.6666666666666666e-01  1.0000000000000000e+00
686    4.6874945625568148e-01  5.4982350589107920e-01  1.6666666666666666e-01  1.0000000000000000e+00
687    4.7834545964960368e-01  5.5156800068147294e-01  1.6666666666666666e-01  1.0000000000000000e+00
688    4.8796734578117501e-01  5.5305453142901684e-01  1.6666666666666666e-01  1.0000000000000000e+00
689    4.9761511465039548e-01  5.5428309813371079e-01  1.6666666666666666e-01  1.0000000000000000e+00
690    5.0728876625726516e-01  5.5525370079555492e-01  1.6666666666666666e-01  1.0000000000000000e+00
691    5.1698830060178391e-01  5.5596633941454932e-01  1.6666666666666666e-01  1.0000000000000000e+00
692    5.2671371768395203e-01  5.5642101399069366e-01  1.6666666666666666e-01  1.0000000000000000e+00
693    5.3646501750376929e-01  5.5661772452398828e-01  1.6666666666666666e-01  1.0000000000000000e+00
694    5.4624220006123581e-01  5.5655647101443306e-01  1.6666666666666666e-01  1.0000000000000000e+00
695    5.5604526535635124e-01  5.5623725346202779e-01  1.6666666666666666e-01  1.0000000000000000e+00
696    5.6587421338911614e-01  5.5566007186677291e-01  1.6666666666666666e-01  1.0000000000000000e+00
697    5.7572904415952997e-01  5.5482492622866808e-01  1.6666666666666666e-01  1.0000000000000000e+00
698    5.8560975766759316e-01  5.5373181654771331e-01  1.6666666666666666e-01  1.0000000000000000e+00
699    5.9056305579044921e-01  5.5305627968581117e-01  1.6666666666666666e-01  1.0000000000000000e+00
700    4.1417690399070117e-01  5.4512966969123988e-01  1.6666666666666666e-01  1.0000000000000000e+00
701    4.1889725747471473e-01  5.4677580921498636e-01  1.6666666666666666e-01  1.0000000000000000e+00
702    4.2836384718039100e-01  5.4981012421962927e-01  1.6666666666666666e-01  1.0000000000000000e+00
703    4.3785631962371652e-01  5.5258647518142257e-01  1.6666666666666666e-01  9.9999999999999989e-01
704    4.4737467480469106e-01  5.5510486210036580e-01  1.6666666666666666e-01  1.0000000000000000e+00
705    4.5691891272331497e-01  5.5736528497645932e-01  1.6666666666666666e-01  1.0000000000000000e+00
706    4.6648903337958791e-01  5.5936774380970300e-01  1.6666666666666666e-01  1.0000000000000000e+00
707    4.7608503677351011e-01  5.6111223860009662e-01  1.6666666666666666e-01  1.0000000000000000e+00
708    4.8570692290508144e-01  5.6259876934764053e-01  1.6666666666666666e-01  1.0000000000000000e+00
709    4.9535469177430191e-01  5.6382733605233448e-01  1.6666666666666666e-01  1.0000000000000000e+00
710    5.0502834338117153e-01  5.6479793871417860e-01  1.6666666666666666e-01  1.0000000000000000e+00
711    5.1472787772569040e-01  5.6551057733317300e-01  1.6666666666666666e-01  1.0000000000000000e+00
712    5.2445329480785852e-01  5.6596525190931735e-01  1.6666666666666666e-01  1.0000000000000000e+00
713    5.3420459462767589e-01  5.6616196244261197e-01  1.6666666666666666e-01  1.0000000000000000e+00
714    5.4398177718514229e-01  5.6610070893305675e-01  1.6666666666666666e-01  1.0000000000000000e+00
715    5.5378484248025772e-01  5.6578149138065159e-01  1.6666666666666666e-01  1.0000000000000000e+00
716    5.6361379051302252e-01  5.6520430978539671e-01  1.6666666666666666e-01  1.0000000000000000e+00
717    5.7346862128343656e-01  5.6436916414729188e-01  1.6666666666666666e-01  1.0000000000000000e+00
718    5.8334933479149953e-01  5.6327605446633711e-01  1.6666666666666666e-01  1.0000000000000000e+00
719    5.8830263291435569e-01  5.6260051760443486e-01  1.6666666666666666e-01  1.0000000000000000e+00
720    4.1165851707175788e-01  5.5464802487221443e-01  1.6666666666666666e-01  1.0000000000000000e+00
721    4.1637887055577150e-01  5.5629416439596091e-01  1.6666666666666666e-01  1.0000000000000000e+00
722    4.2584546026144771e-01  5.5932847940060393e-01  1.6666666666666666e-01  1.0000000000000000e+00
723    4.3533793270477322e-01  5.6210483036239733e-01  1.6666666666666666e-01  9.9999999999999989e-01
724    4.4485628788574777e-01  5.6462321728134046e-01  1.6666666666666666e-01  1.0000000000000000e+00
725    4.5440052580437168e-01  5.6688364015743398e-01  1.6666666666666666e-01  1.0000000000000000e+00
726    4.6397064646064468e-01  5.6888609899067766e-01  1.6666666666666666e-01  1.0000000000000000e+00
727    4.7356664985456687e-01  5.7063059378107139e-01  1.6666666666666666e-01  1.0000000000000000e+00
728    4.8318853598613809e-01  5.7211712452861518e-01  1.6666666666666666e-01  1.0000000000000000e+00
729    4.9283630485535868e-01  5.7334569123330925e-01  1.6666666666666666e-01  1.0000000000000000e+00
730    5.0250995646222840e-01  5.7431629389515337e-01  1.6666666666666666e-01  1.0000000000000000e+00
731    5.1220949080674716e-01  5.7502893251414766e-01  1.6666666666666666e-01  1.0000000000000000e+00
732    5.2193490788891528e-01  5.7548360709029200e-01  1.6666666666666666e-01  1.0000000000000000e+00
733    5.3168620770873254e-01  5.7568031762358662e-01  1.6666666666666666e-01  1.0000000000000000e+00
734    5.4146339026619894e-01  5.7561906411403152e-01  1.6666666666666666e-01  1.0000000000000000e+00
735    5.5126645556131448e-01  5.7529984656162636e-01  1.6666666666666666e-01  1.0000000000000000e+00
736    5.6109540359407917e-01  5.7472266496637125e-01  1.6666666666666666e-01  1.0000000000000000e+00
737    5.7095023436449321e-01  5.7388751932826643e-01  1.6666666666666666e-01  1.0000000000000000e+00
738    5.8083094787255640e-01  5.7279440964731165e-01  1.6666666666666666e-01  1.0000000000000000e+00
739    5.8578424599541234e-01  5.7211887278540940e-01  1.6666666666666666e-01  1.0000000000000000e+00
740    4.0888216610996475e-01  5.6414049731553995e-01  1.6666666666666666e-01  1.0000000000000000e+00
741    4.1360251959397826e-01  5.6578663683928643e-01  1.6666666666666666e-01  1.0000000000000000e+00
742    4.2306910929965458e-01  5.6882095184392933e-01  1.6666666666666666e-01  1.0000000000000000e+00
743    4.3256158174298009e-01  5.7159730280572274e-01  1.6666666666666666e-01  9.9999999999999989e-01
744    4.4207993692395464e-01  5.7411568972466598e-01  1.6666666666666666e-01  1.0000000000000000e+00
745    4.5162417484257855e-01  5.7637611260075938e-01  1.6666666666666666e-01  1.0000000000000000e+00
746    4.6119429549885149e-01  5.7837857143400306e-01  1.6666666666666666e-01  1.0000000000000000e+00
747    4.7079029889277368e-01  5.8012306622439680e-01  1.6666666666666666e-01  1.0000000000000000e+00
748    4.8041218502434502e-01  5.8160959697194081e-01  1.6666666666666666e-01  1.0000000000000000e+00
749    4.9005995389356549e-01  5.8283816367663466e-01  1.6666666666666666e-01  1.0000000000000000e+00
750    4.9973360550043511e-01  5.8380876633847878e-01  1.6666666666666666e-01  1.0000000000000000e+00
751    5.0943313984495397e-01  5.8452140495747318e-01  1.6666666666666666e-01  1.0000000000000000e+00
752    5.1915855692712209e-01  5.8497607953361763e-01  1.6666666666666666e-01  1.0000000000000000e+00
753    5.2890985674693947e-01  5.8517279006691214e-01  1.6666666666666666e-01  1.0000000000000000e+00
754    5.3868703930440576e-01  5.8511153655735693e-01  1.6666666666666666e-01  1.0000000000000000e+00
755    5.4849010459952130e-01  5.8479231900495166e-01  1.6666666666666666e-01  1.0000000000000000e+00
756    5.5831905263228609e-01  5.8421513740969677e-01  1.6666666666666666e-01  1.0000000000000000e+00
757    5.6817388340270003e-01  5.8337999177159205e-01  1.6666666666666666e-01  1.0000000000000000e+00
758    5.7805459691076311e-01  5.8228688209063717e-01  1.6666666666666666e-01  1.0000000000000000e+00
759    5.8300789503361927e-01  5.8161134522873492e-01  1.6666666666666666e-01  1.0000000000000000e+00
760    4.0584785110532173e-01  5.7360708702121621e-01  1.6666666666666666e-01  1.0000000000000000e+00
761    4.1056820458933529e-01  5.7525322654496269e-01  1.6666666666666666e-01  1.0000000000000000e+00
762    4.2003479429501156e-01  5.7828754154960560e-01  1.6666666666666666e-01  1.0000000000000000e+00
763    4.2952726673833697e-01  5.8106389251139900e-01  1.6666666666666666e-01  9.9999999999999989e-01
764    4.3904562191931162e-01  5.8358227943034224e-01  1.6666666666666666e-01  1.0000000000000000e+00
765    4.4858985983793542e-01  5.8584270230643576e-01  1.6666666666666666e-01  1.0000000000000000e+00
766    4.5815998049420847e-01  5.8784516113967933e-01  1.6666666666666666e-01  1.0000000000000000e+00
767    4.6775598388813067e-01  5.8958965593007306e-01  1.6666666666666666e-01  1.0000000000000000e+00
768    4.7737787001970200e-01  5.9107618667761697e-01  1.6666666666666666e-01  1.0000000000000000e+00
769    4.8702563888892247e-01  5.9230475338231092e-01  1.6666666666666666e-01  1.0000000000000000e+00
770    4.9669929049579209e-01  5.9327535604415504e-01  1.6666666666666666e-01  1.0000000000000000e+00
771    5.0639882484031107e-01  5.9398799466314944e-01  1.6666666666666666e-01  1.0000000000000000e+00
772    5.1612424192247908e-01  5.9444266923929379e-01  1.6666666666666666e-01  1.0000000000000000e+00
773    5.2587554174229634e-01  5.9463937977258841e-01  1.6666666666666666e-01  1.0000000000000000e+00
774    5.3565272429976285e-01  5.9457812626303319e-01  1.6666666666666666e-01  1.0000000000000000e+00
775    5.4545578959487828e-01  5.9425890871062792e-01  1.6666666666666666e-01  1.0000000000000000e+00
776    5.5528473762764297e-01  5.9368172711537304e-01  1.6666666666666666e-01  1.0000000000000000e+00
777    5.6513956839805701e-01  5.9284658147726832e-01  1.6666666666666666e-01  1.0000000000000000e+00
778    5.7502028190611998e-01  5.9175347179631343e-01  1.6666666666666666e-01  1.0000000000000000e+00
779    5.7997358002897625e-01  5.9107793493441130e-01  1.6666666666666666e-01  1.0000000000000000e+00
780    4.0420171158157531e-01  5.7832744050522977e-01  1.6666666666666666e-01  1.0000000000000000e+00
781    4.0892206506558881e-01  5.7997358002897625e-01  1.6666666666666666e-01  1.0000000000000000e+00
782    4.1838865477126513e-01  5.8300789503361916e-01  1.6666666666666666e-01  1.0000000000000000e+00
783    4.2788112721459054e-01  5.8578424599541257e-01  1.6666666666666666e-01  9.9999999999999989e-01
784    4.3739948239556520e-01  5.8830263291435581e-01  1.6666666666666666e-01  1.0000000000000000e+00
785    4.4694372031418905e-01  5.9056305579044921e-01  1.6666666666666666e-01  1.0000000000000000e+00
786    4.5651384097046199e-01  5.9256551462369289e-01  1.6666666666666666e-01  1.0000000000000000e+00
787    4.6610984436438418e-01  5.9431000941408663e-01  1.6666666666666666e-01  1.0000000000000000e+00
788    4.7573173049595552e-01  5.9579654016163053e-01  1.6666666666666666e-01  1.0000000000000000e+00
789    4.8537949936517599e-01  5.9702510686632460e-01  1.6666666666666666e-01  1.0000000000000000e+00
790    4.9505315097204561e-01  5.9799570952816872e-01  1.6666666666666666e-01  1.0000000000000000e+00
791    5.0475268531656448e-01  5.9870834814716301e-01  1.6666666666666666e-01  1.0000000000000000e+00
792    5.1447810239873260e-01  5.9916302272330735e-01  1.6666666666666666e-01  1.0000000000000000e+00
793    5.2422940221854986e-01  5.9935973325660208e-01  1.6666666666666666e-01  1.0000000000000000e+00
794    5.3400658477601626e-01  5.9929847974704686e-01  1.6666666666666666e-01  1.0000000000000000e+00
795    5.4380965007113180e-01  5.9897926219464148e-01  1.6666666666666666e-01  1.0000000000000000e+00
796    5.5363859810389648e-01  5.9840208059938660e-01  1.6666666666666666e-01  1.0000000000000000e+00
797    5.6349342887431053e-01  5.9756693496128177e-01  1.6666666666666666e-01  1.0000000000000000e+00
798    5.7337414238237361e-01  5.9647382528032700e-01  1.6666666666666666e-01  1.0000000000000000e+00
799    5.7832744050522977e-01  5.9579828841842475e-01  1.6666666666666666e-01  1.0000000000000000e+00
800    4.2167255949477023e-01  4.0420171158157525e-01  5.0000000000000000e-01  1.0000000000000000e+00
801    4.2639291297878368e-01  4.0584785110532173e-01  5.0000000000000000e-01  1.0000000000000000e+00
802    4.3585950268446000e-01  4.0888216610996475e-01  5.0000000000000000e-01  1.0000000000000000e+00
803    4.4535197512778557e-01  4.1165851707175793e-01  4.9999999999999994e-01  9.9999999999999989e-01
804    4.5487033030876012e-01  4.1417690399070117e-01  5.0000000000000000e-01  1.0000000000000000e+00
805    4.6441456822738392e-01  4.1643732686679469e-01  5.0000000000000000e-01  1.0000000000000000e+00
806    4.7398468888365697e-01  4.1843978570003831e-01  5.0000000000000000e-01  1.0000000000000000e+00
807    4.8358069227757911e-01  4.2018428049043205e-01  5.0000000000000000e-01  1.0000000000000000e+00
808    4.9320257840915044e-01  4.2167081123797590e-01  5.0000000000000000e-01  1.0000000000000000e+00
809    5.0285034727837097e-01  4.2289937794266996e-01  5.0000000000000000e-01  1.0000000000000000e+00
810    5.1252399888524069e-01  4.2386998060451408e-01  5.0000000000000000e-01  1.0000000000000000e+00
811    5.2222353322975956e-01  4.2458261922350837e-01  5.0000000000000000e-01  1.0000000000000000e+00
812    5.3194895031192746e-01  4.2503729379965277e-01  5.0000000000000000e-01  1.0000000000000000e+00
813    5.4170025013174472e-01  4.2523400433294745e-01  5.0000000000000000e-01  1.0000000000000000e+00
814    5.5147743268921123e-01  4.2517275082339212e-01  5.0000000000000000e-01  1.0000000000000000e+00
815    5.6128049798432678e-01  4.2485353327098696e-01  5.0000000000000000e-01  1.0000000000000000e+00
816    5.7110944601709157e-01  4.2427635167573208e-01  5.0000000000000000e-01  1.0000000000000000e+00
817    5.8096427678750562e-01  4.2344120603762714e-01  5.0000000000000000e-01  1.0000000000000000e+00
818    5.9084499029556858e-01  4.2234809635667242e-01  5.0000000000000000e-01  1.0000000000000000e+00
819    5.9579828841842475e-01  4.2167255949477023e-01  5.0000000000000000e-01  1.0000000000000000e+00
820    4.2234809635667242e-01  4.0915500970443136e-01  5.0000000000000000e-01  1.0000000000000000e+00
821    4.2706844984068598e-01  4.1080114922817784e-01  5.0000000000000000e-01  1.0000000000000000e+00
822    4.3653503954636230e-01  4.1383546423282092e-01  5.0000000000000000e-01  1.0000000000000000e+00
823    4.4602751198968787e-01  4.1661181519461415e-01  4.9999999999999994e-01  9.9999999999999989e-01
824    4.5554586717066231e-01  4.1913020211355734e-01  5.0000000000000000e-01  1.0000000000000000e+00
825    4.6509010508928617e-01  4.2139062498965085e-01  5.0000000000000000e-01  1.0000000000000000e+00
826    4.7466022574555922e-01  4.2339308382289442e-01  5.0000000000000000e-01  1.0000000000000000e+00
827    4.8425622913948141e-01  4.2513757861328827e-01  5.0000000000000000e-01  1.0000000000000000e+00
828    4.9387811527105274e-01  4.2662410936083200e-01  5.0000000000000000e-01  1.0000000000000000e+00
829    5.0352588414027322e-01  4.2785267606552618e-01  5.0000000000000000e-01  1.0000000000000000e+00
830    5.1319953574714283e-01  4.2882327872737019e-01  5.0000000000000000e-01  1.0000000000000000e+00
831    5.2289907009166170e-01  4.2953591734636454e-01  5.0000000000000000e-01  1.0000000000000000e+00
832    5.3262448717382971e-01  4.2999059192250888e-01  5.0000000000000000e-01  1.0000000000000000e+00
833    5.4237578699364697e-01  4.3018730245580356e-01  5.0000000000000000e-01  1.0000000000000000e+00
834    5.5215296955111359e-01  4.3012604894624823e-01  5.0000000000000000e-01  1.0000000000000000e+00
835    5.6195603484622902e-01  4.2980683139384307e-01  5.0000000000000000e-01  1.0000000000000000e+00
836    5.7178498287899393e-01  4.2922964979858819e-01  5.0000000000000000e-01  1.0000000000000000e+00
837    5.8163981364940787e-01  4.2839450416048330e-01  5.0000000000000000e-01  1.0000000000000000e+00
838    5.9152052715747083e-01  4.2730139447952864e-01  5.0000000000000000e-01  1.0000000000000000e+00
839    5.9647382528032700e-01  4.2662585761762634e-01  5.0000000000000000e-01  1.0000000000000000e+00
840    4.2344120603762714e-01  4.1903572321249455e-01  5.0000000000000000e-01  1.0000000000000000e+00
841    4.2816155952164064e-01  4.2068186273624097e-01  5.0000000000000000e-01  1.0000000000000000e+00
842    4.3762814922731696e-01  4.2371617774088394e-01  5.0000000000000000e-01  1.0000000000000000e+00
843    4.4712062167064248e-01  4.2649252870267723e-01  5.0000000000000000e-01  9.9999999999999978e-01
844    4.5663897685161703e-01  4.2901091562162053e-01  5.0000000000000000e-01  1.0000000000000000e+00
845    4.6618321477024088e-01  4.3127133849771393e-01  5.0000000000000000e-01  1.0000000000000000e+00
846    4.7575333542651382e-01  4.3327379733095761e-01  5.0000000000000000e-01  1.0000000000000000e+00
847    4.8534933882043607e-01  4.3501829212135129e-01  5.0000000000000000e-01  1.0000000000000000e+00
848    4.9497122495200746e-01  4.3650482286889514e-01  5.0000000000000000e-01  1.0000000000000000e+00
849    5.0461899382122788e-01  4.3773338957358920e-01  5.0000000000000000e-01  1.0000000000000000e+00
850    5.1429264542809749e-01  4.3870399223543333e-01  5.0000000000000000e-01  1.0000000000000000e+00
851    5.2399217977261658e-01  4.3941663085442773e-01  5.0000000000000000e-01  1.0000000000000000e+00
852    5.3371759685478437e-01  4.3987130543057207e-01  5.0000000000000000e-01  1.0000000000000000e+00
853    5.4346889667460163e-01  4.4006801596386669e-01  5.0000000000000000e-01  1.0000000000000000e+00
854    5.5324607923206826e-01  4.4000676245431136e-01  5.0000000000000000e-01  1.0000000000000000e+00
855    5.6304914452718369e-01  4.3968754490190626e-01  5.0000000000000000e-01  1.0000000000000000e+00
856    5.7287809255994859e-01  4.3911036330665132e-01  5.0000000000000000e-01  1.0000000000000000e+00
857    5.8273292333036253e-01  4.3827521766854638e-01  5.0000000000000000e-01  1.0000000000000000e+00
858    5.9261363683842549e-01  4.3718210798759172e-01  5.0000000000000000e-01  1.0000000000000000e+00
859    5.9756693496128177e-01  4.3650657112568947e-01  5.0000000000000000e-01  1.0000000000000000e+00
860    4.2427635167573213e-01  4.2889055398290843e-01  4.9999999999999994e-01  9.9999999999999989e-01
861    4.2899670515974558e-01  4.3053669350665502e-01  4.9999999999999994e-01  9.9999999999999989e-01
862    4.3846329486542185e-01  4.3357100851129804e-01  4.9999999999999994e-01  9.9999999999999989e-01
863    4.4795576730874742e-01  4.3634735947309117e-01  5.0000000000000000e-01  9.9999999999999978e-01
864    4.5747412248972202e-01  4.3886574639203446e-01  4.9999999999999994e-01  9.9999999999999989e-01
865    4.6701836040834582e-01  4.4112616926812803e-01  4.9999999999999994e-01  9.9999999999999989e-01
866    4.7658848106461882e-01  4.4312862810137160e-01  4.9999999999999994e-01  9.9999999999999989e-01
867    4.8618448445854101e-01  4.4487312289176528e-01  4.9999999999999994e-01  9.9999999999999989e-01
868    4.9580637059011229e-01  4.4635965363930907e-01  4.9999999999999994e-01  9.9999999999999989e-01
869    5.0545413945933293e-01  4.4758822034400320e-01  4.9999999999999994e-01  9.9999999999999989e-01
870    5.1512779106620254e-01  4.4855882300584737e-01  4.9999999999999994e-01  9.9999999999999989e-01
871    5.2482732541072130e-01  4.4927146162484166e-01  4.9999999999999994e-01  9.9999999999999989e-01
872    5.3455274249288942e-01  4.4972613620098595e-01  4.9999999999999994e-01  9.9999999999999989e-01
873    5.4430404231270679e-01  4.4992284673428068e-01  4.9999999999999994e-01  9.9999999999999989e-01
874    5.5408122487017319e-01  4.4986159322472546e-01  4.9999999999999994e-01  9.9999999999999989e-01
875    5.6388429016528863e-01  4.4954237567232030e-01  4.9999999999999994e-01  9.9999999999999989e-01
876    5.7371323819805342e-01  4.4896519407706537e-01  4.9999999999999994e-01  9.9999999999999989e-01
877    5.8356806896846747e-01  4.4813004843896037e-01  4.9999999999999994e-01  9.9999999999999989e-01
878    5.9344878247653043e-01  4.4703693875800571e-01  4.9999999999999994e-01  9.9999999999999989e-01
879    5.9840208059938671e-01  4.4636140189610346e-01  4.9999999999999994e-01  9.9999999999999989e-01
880    4.2485353327098696e-01  4.3871950201567322e-01  5.0000000000000000e-01  1.0000000000000000e+00
881    4.2957388675500052e-01  4.4036564153941965e-01  5.0000000000000000e-01  1.0000000000000000e+00
882    4.3904047646067690e-01  4.4339995654406272e-01  5.0000000000000000e-01  1.0000000000000000e+00
883    4.4853294890400236e-01  4.4617630750585591e-01  5.0000000000000000e-01  9.9999999999999978e-01
884    4.5805130408497685e-01  4.4869469442479915e-01  5.0000000000000000e-01  1.0000000000000000e+00
885    4.6759554200360076e-01  4.5095511730089266e-01  5.0000000000000000e-01  1.0000000000000000e+00
886    4.7716566265987376e-01  4.5295757613413629e-01  5.0000000000000000e-01  1.0000000000000000e+00
887    4.8676166605379589e-01  4.5470207092452997e-01  5.0000000000000000e-01  1.0000000000000000e+00
888    4.9638355218536734e-01  4.5618860167207381e-01  5.0000000000000000e-01  1.0000000000000000e+00
889    5.0603132105458792e-01  4.5741716837676788e-01  5.0000000000000000e-01  1.0000000000000000e+00
890    5.1570497266145732e-01  4.5838777103861206e-01  5.0000000000000000e-01  1.0000000000000000e+00
891    5.2540450700597630e-01  4.5910040965760635e-01  5.0000000000000000e-01  1.0000000000000000e+00
892    5.3512992408814442e-01  4.5955508423375074e-01  5.0000000000000000e-01  1.0000000000000000e+00
893    5.4488122390796156e-01  4.5975179476704542e-01  5.0000000000000000e-01  1.0000000000000000e+00
894    5.5465840646542808e-01  4.5969054125749015e-01  5.0000000000000000e-01  1.0000000000000000e+00
895    5.6446147176054362e-01  4.5937132370508493e-01  5.0000000000000000e-01  1.0000000000000000e+00
896    5.7429041979330842e-01  4.5879414210982999e-01  5.0000000000000000e-01  1.0000000000000000e+00
897    5.8414525056372235e-01  4.5795899647172511e-01  5.0000000000000000e-01  1.0000000000000000e+00
898    5.9402596407178532e-01  4.5686588679077045e-01  5.0000000000000000e-01  1.0000000000000000e+00
899    5.9897926219464148e-01  4.5619034992886809e-01  5.0000000000000000e-01  1.0000000000000000e+00
900    4.2517275082339218e-01  4.4852256731078893e-01  5.0000000000000000e-01  1.0000000000000000e+00
901    4.2989310430740568e-01  4.5016870683453530e-01  5.0000000000000000e-01  1.0000000000000000e+00
902    4.3935969401308206e-01  4.5320302183917838e-01  5.0000000000000000e-01  1.0000000000000000e+00
903    4.4885216645640752e-01  4.5597937280097156e-01  4.9999999999999994e-01  9.9999999999999989e-01
904    4.5837052163738207e-01  4.5849775971991480e-01  5.0000000000000000e-01  1.0000000000000000e+00
905    4.6791475955600598e-01  4.6075818259600831e-01  5.0000000000000000e-01  1.0000000000000000e+00
906    4.7748488021227897e-01  4.6276064142925188e-01  5.0000000000000000e-01  1.0000000000000000e+00
907    4.8708088360620111e-01  4.6450513621964562e-01  5.0000000000000000e-01  1.0000000000000000e+00
908    4.9670276973777244e-01  4.6599166696718952e-01  5.0000000000000000e-01  1.0000000000000000e+00
909    5.0635053860699297e-01  4.6722023367188364e-01  5.0000000000000000e-01  1.0000000000000000e+00
910    5.1602419021386259e-01  4.6819083633372777e-01  5.0000000000000000e-01  1.0000000000000000e+00
911    5.2572372455838146e-01  4.6890347495272200e-01  5.0000000000000000e-01  1.0000000000000000e+00
912    5.3544914164054958e-01  4.6935814952886645e-01  5.0000000000000000e-01  1.0000000000000000e+00
913    5.4520044146036672e-01  4.6955486006216096e-01  5.0000000000000000e-01  1.0000000000000000e+00
914    5.5497762401783324e-01  4.6949360655260575e-01  5.0000000000000000e-01  1.0000000000000000e+00
915    5.6478068931294878e-01  4.6917438900020059e-01  5.0000000000000000e-01  1.0000000000000000e+00
916    5.7460963734571369e-01  4.6859720740494565e-01  5.0000000000000000e-01  1.0000000000000000e+00
917    5.8446446811612751e-01  4.6776206176684076e-01  5.0000000000000000e-01  1.0000000000000000e+00
918    5.9434518162419059e-01  4.6666895208588605e-01  5.0000000000000000e-01  1.0000000000000000e+00
919    5.9929847974704675e-01  4.6599341522398374e-01  5.0000000000000000e-01  1.0000000000000000e+00
920    4.2523400433294745e-01  4.5829974986825522e-01  5.0000000000000000e-01  1.0000000000000000e+00
921    4.2995435781696101e-01  4.5994588939200176e-01  5.0000000000000000e-01  1.0000000000000000e+00
922    4.3942094752263722e-01  4.6298020439664467e-01  5.0000000000000000e-01  1.0000000000000000e+00
923    4.4891341996596273e-01  4.6575655535843802e-01  4.9999999999999994e-01  9.9999999999999989e-01
924    4.5843177514693734e-01  4.6827494227738120e-01  5.0000000000000000e-01  1.0000000000000000e+00
925    4.6797601306556119e-01  4.7053536515347472e-01  5.0000000000000000e-01  1.0000000000000000e+00
926    4.7754613372183424e-01  4.7253782398671829e-01  5.0000000000000000e-01  1.0000000000000000e+00
927    4.8714213711575638e-01  4.7428231877711213e-01  5.0000000000000000e-01  1.0000000000000000e+00
928    4.9676402324732766e-01  4.7576884952465587e-01  5.0000000000000000e-01  1.0000000000000000e+00
929    5.0641179211654830e-01  4.7699741622934988e-01  5.0000000000000000e-01  1.0000000000000000e+00
930    5.1608544372341780e-01  4.7796801889119406e-01  5.0000000000000000e-01  1.0000000000000000e+00
931    5.2578497806793667e-01  4.7868065751018840e-01  5.0000000000000000e-01  1.0000000000000000e+00
932    5.3551039515010468e-01  4.7913533208633274e-01  5.0000000000000000e-01  1.0000000000000000e+00
933    5.4526169496992205e-01  4.7933204261962736e-01  5.0000000000000000e-01  1.0000000000000000e+00
934    5.5503887752738845e-01  4.7927078911007209e-01  5.0000000000000000e-01  1.0000000000000000e+00
935    5.6484194282250400e-01  4.7895157155766704e-01  5.0000000000000000e-01  1.0000000000000000e+00
936    5.7467089085526879e-01  4.7837438996241211e-01  5.0000000000000000e-01  1.0000000000000000e+00
937    5.8452572162568273e-01  4.7753924432430717e-01  5.0000000000000000e-01  1.0000000000000000e+00
938    5.9440643513374591e-01  4.7644613464335250e-01  5.0000000000000000e-01  1.0000000000000000e+00
939    5.9935973325660197e-01  4.7577059778145020e-01  5.0000000000000000e-01  1.0000000000000000e+00
940    4.2503729379965283e-01  4.6805104968807260e-01  5.0000000000000000e-01  1.0000000000000000e+00
941    4.2975764728366639e-01  4.6969718921181897e-01  5.0000000000000000e-01  1.0000000000000000e+00
942    4.3922423698934265e-01  4.7273150421646204e-01  5.0000000000000000e-01  1.0000000000000000e+00
943    4.4871670943266817e-01  4.7550785517825511e-01  5.0000000000000000e-01  1.0000000000000000e+00
944    4.5823506461364272e-01  4.7802624209719846e-01  5.0000000000000000e-01  1.0000000000000000e+00
945    4.6777930253226663e-01  4.8028666497329203e-01  5.0000000000000000e-01  1.0000000000000000e+00
946    4.7734942318853962e-01  4.8228912380653560e-01  5.0000000000000000e-01  1.0000000000000000e+00
947    4.8694542658246187e-01  4.8403361859692928e-01  5.0000000000000000e-01  1.0000000000000000e+00
948    4.9656731271403320e-01  4.8552014934447318e-01  5.0000000000000000e-01  1.0000000000000000e+00
949    5.0621508158325368e-01  4.8674871604916725e-01  5.0000000000000000e-01  1.0000000000000000e+00
950    5.1588873319012329e-01  4.8771931871101137e-01  5.0000000000000000e-01  1.0000000000000000e+00
951    5.2558826753464227e-01  4.8843195733000566e-01  5.0000000000000000e-01  1.0000000000000000e+00
952    5.3531368461681028e-01  4.8888663190615012e-01  5.0000000000000000e-01  1.0000000000000000e+00
953    5.4506498443662754e-01  4.8908334243944473e-01  5.0000000000000000e-01  1.0000000000000000e+00
954    5.5484216699409405e-01  4.8902208892988952e-01  5.0000000000000000e-01  1.0000000000000000e+00
955    5.6464523228920949e-01  4.8870287137748430e-01  5.0000000000000000e-01  1.0000000000000000e+00
956    5.7447418032197439e-01  4.8812568978222931e-01  5.0000000000000000e-01  1.0000000000000000e+00
957    5.8432901109238822e-01  4.8729054414412448e-01  5.0000000000000000e-01  1.0000000000000000e+00
958    5.9420972460045129e-01  4.8619743446316965e-01  5.0000000000000000e-01  1.0000000000000000e+00
959    5.9916302272330757e-01  4.8552189760126752e-01  5.0000000000000000e-01  1.0000000000000000e+00
960    4.2458261922350843e-01  4.7777646677024060e-01  5.0000000000000000e-01  1.0000000000000000e+00
961    4.2930297270752193e-01  4.7942260629398692e-01  5.0000000000000000e-01  1.0000000000000000e+00
962    4.3876956241319826e-01  4.8245692129862999e-01  5.0000000000000000e-01  1.0000000000000000e+00
963    4.4826203485652377e-01  4.8523327226042329e-01  4.9999999999999994e-01  9.9999999999999989e-01
964    4.5778039003749832e-01  4.8775165917936647e-01  5.0000000000000000e-01  1.0000000000000000e+00
965    4.6732462795612217e-01  4.9001208205545999e-01  5.0000000000000000e-01  1.0000000000000000e+00
966    4.7689474861239523e-01  4.9201454088870356e-01  5.0000000000000000e-01  1.0000000000000000e+00
967    4.8649075200631742e-01  4.9375903567909740e-01  5.0000000000000000e-01  1.0000000000000000e+00
968    4.9611263813788875e-01  4.9524556642664119e-01  5.0000000000000000e-01  1.0000000000000000e+00
969    5.0576040700710923e-01  4.9647413313133526e-01  5.0000000000000000e-01  1.0000000000000000e+00
970    5.1543405861397884e-01  4.9744473579317944e-01  5.0000000000000000e-01  1.0000000000000000e+00
971    5.2513359295849771e-01  4.9815737441217367e-01  5.0000000000000000e-01  1.0000000000000000e+00
972    5.3485901004066572e-01  4.9861204898831801e-01  5.0000000000000000e-01  1.0000000000000000e+00
973    5.4461030986048298e-01  4.9880875952161269e-01  5.0000000000000000e-01  1.0000000000000000e+00
974    5.5438749241794949e-01  4.9874750601205742e-01  5.0000000000000000e-01  1.0000000000000000e+00
975    5.6419055771306503e-01  4.9842828845965231e-01  5.0000000000000000e-01  1.0000000000000000e+00
976    5.7401950574582983e-01  4.9785110686439737e-01  5.0000000000000000e-01  1.0000000000000000e+00
977    5.8387433651624376e-01  4.9701596122629244e-01  5.0000000000000000e-01  1.0000000000000000e+00
978    5.9375505002430695e-01  4.9592285154533777e-01  5.0000000000000000e-01  1.0000000000000000e+00
979    5.9870834814716301e-01  4.9524731468343552e-01  5.0000000000000000e-01  1.0000000000000000e+00
980    4.2386998060451414e-01  4.8747600111475942e-01  5.0000000000000000e-01  1.0000000000000000e+00
981    4.2859033408852754e-01  4.8912214063850584e-01  5.0000000000000000e-01  1.0000000000000000e+00
982    4.3805692379420386e-01  4.9215645564314880e-01  5.0000000000000000e-01  1.0000000000000000e+00
983    4.4754939623752937e-01  4.9493280660494204e-01  4.9999999999999994e-01  9.9999999999999989e-01
984    4.5706775141850398e-01  4.9745119352388534e-01  5.0000000000000000e-01  1.0000000000000000e+00
985    4.6661198933712783e-01  4.9971161639997885e-01  5.0000000000000000e-01  1.0000000000000000e+00
986    4.7618210999340088e-01  5.0171407523322242e-01  5.0000000000000000e-01  1.0000000000000000e+00
987    4.8577811338732302e-01  5.0345857002361616e-01  5.0000000000000000e-01  1.0000000000000000e+00
988    4.9539999951889441e-01  5.0494510077116006e-01  5.0000000000000000e-01  1.0000000000000000e+00
989    5.0504776838811494e-01  5.0617366747585413e-01  5.0000000000000000e-01  1.0000000000000000e+00
990    5.1472141999498455e-01  5.0714427013769825e-01  5.0000000000000000e-01  1.0000000000000000e+00
991    5.2442095433950331e-01  5.0785690875669254e-01  5.0000000000000000e-01  1.0000000000000000e+00
992    5.3414637142167143e-01  5.0831158333283699e-01  5.0000000000000000e-01  1.0000000000000000e+00
993    5.4389767124148869e-01  5.0850829386613150e-01  5.0000000000000000e-01  1.0000000000000000e+00
994    5.5367485379895509e-01  5.0844704035657629e-01  5.0000000000000000e-01  1.0000000000000000e+00
995    5.6347791909407063e-01  5.0812782280417113e-01  5.0000000000000000e-01  1.0000000000000000e+00
996    5.7330686712683554e-01  5.0755064120891613e-01  5.0000000000000000e-01  1.0000000000000000e+00
997    5.8316169789724936e-01  5.0671549557081130e-01  5.0000000000000000e-01  1.0000000000000000e+00
998    5.9304241140531255e-01  5.0562238588985653e-01  5.0000000000000000e-01  1.0000000000000000e+00
999    5.9799570952816861e-01  5.0494684902795428e-01  5.0000000000000000e-01  1.0000000000000000e+00
1000   4.2289937794266996e-01  4.9714965272162903e-01  5.0000000000000000e-01  1.0000000000000000e+00
1001   4.2761973142668341e-01  4.9879579224537551e-01  5.0000000000000000e-01  1.0000000000000000e+00
1002   4.3708632113235973e-01  5.0183010725001853e-01  5.0000000000000000e-01  1.0000000000000000e+00
1003   4.4657879357568525e-01  5.0460645821181183e-01  5.0000000000000000e-01  9.9999999999999978e-01
1004   4.5609714875665985e-01  5.0712484513075495e-01  5.0000000000000000e-01  1.0000000000000000e+00
1005   4.6564138667528365e-01  5.0938526800684847e-01  5.0000000000000000e-01  1.0000000000000000e+00
1006   4.7521150733155670e-01  5.1138772684009215e-01  5.0000000000000000e-01  1.0000000000000000e+00
1007   4.8480751072547884e-01  5.1313222163048589e-01  5.0000000000000000e-01  1.0000000000000000e+00
1008   4.9442939685705012e-01  5.1461875237802979e-01  5.0000000000000000e-01  1.0000000000000000e+00
1009   5.0407716572627070e-01  5.1584731908272374e-01  5.0000000000000000e-01  1.0000000000000000e+00
1010   5.1375081733314043e-01  5.1681792174456787e-01  5.0000000000000000e-01  1.0000000000000000e+00
1011   5.2345035167765919e-01  5.1753056036356215e-01  5.0000000000000000e-01  1.0000000000000000e+00
1012   5.3317576875982731e-01  5.1798523493970672e-01  5.0000000000000000e-01  1.0000000000000000e+00
1013   5.4292706857964446e-01  5.1818194547300123e-01  5.0000000000000000e-01  1.0000000000000000e+00
1014   5.5270425113711097e-01  5.1812069196344601e-01  5.0000000000000000e-01  1.0000000000000000e+00
1015   5.6250731643222651e-01  5.1780147441104085e-01  5.0000000000000000e-01  1.0000000000000000e+00
1016   5.7233626446499120e-01  5.1722429281578586e-01  5.0000000000000000e-01  1.0000000000000000e+00
1017   5.8219109523540524e-01  5.1638914717768103e-01  5.0000000000000000e-01  1.0000000000000000e+00
1018   5.9207180874346832e-01  5.1529603749672626e-01  5.0000000000000000e-01  1.0000000000000000e+00
1019   5.9702510686632460e-01  5.1462050063482412e-01  5.0000000000000000e-01  1.0000000000000000e+00
1020   4.2167081123797590e-01  5.0679742159084951e-01  5.0000000000000000e-01  1.0000000000000000e+00
1021   4.2639116472198946e-01  5.0844356111459621e-01  5.0000000000000000e-01  1.0000000000000000e+00
1022   4.3585775442766561e-01  5.1147787611923912e-01  5.0000000000000000e-01  1.0000000000000000e+00
1023   4.4535022687099129e-01  5.1425422708103241e-01  5.0000000000000000e-01  9.9999999999999978e-01
1024   4.5486858205196584e-01  5.1677261399997554e-01  5.0000000000000000e-01  1.0000000000000000e+00
1025   4.6441281997058959e-01  5.1903303687606905e-01  5.0000000000000000e-01  1.0000000000000000e+00
1026   4.7398294062686264e-01  5.2103549570931262e-01  5.0000000000000000e-01  1.0000000000000000e+00
1027   4.8357894402078488e-01  5.2277999049970647e-01  5.0000000000000000e-01  1.0000000000000000e+00
1028   4.9320083015235616e-01  5.2426652124725037e-01  5.0000000000000000e-01  1.0000000000000000e+00
1029   5.0284859902157664e-01  5.2549508795194422e-01  5.0000000000000000e-01  1.0000000000000000e+00
1030   5.1252225062844636e-01  5.2646569061378834e-01  5.0000000000000000e-01  1.0000000000000000e+00
1031   5.2222178497296512e-01  5.2717832923278274e-01  5.0000000000000000e-01  1.0000000000000000e+00
1032   5.3194720205513335e-01  5.2763300380892719e-01  5.0000000000000000e-01  1.0000000000000000e+00
1033   5.4169850187495050e-01  5.2782971434222170e-01  5.0000000000000000e-01  1.0000000000000000e+00
1034   5.5147568443241690e-01  5.2776846083266649e-01  5.0000000000000000e-01  1.0000000000000000e+00
1035   5.6127874972753244e-01  5.2744924328026133e-01  5.0000000000000000e-01  1.0000000000000000e+00
1036   5.7110769776029713e-01  5.2687206168500633e-01  5.0000000000000000e-01  1.0000000000000000e+00
1037   5.8096252853071129e-01  5.2603691604690150e-01  5.0000000000000000e-01  1.0000000000000000e+00
1038   5.9084324203877425e-01  5.2494380636594684e-01  5.0000000000000000e-01  1.0000000000000000e+00
1039   5.9579654016163053e-01  5.2426826950404448e-01  5.0000000000000000e-01  1.0000000000000000e+00
1040   4.2018428049043199e-01  5.1641930772242106e-01  5.0000000000000000e-01  1.0000000000000000e+00
1041   4.2490463397444550e-01  5.1806544724616743e-01  5.0000000000000000e-01  1.0000000000000000e+00
1042   4.3437122368012182e-01  5.2109976225081034e-01  5.0000000000000000e-01  1.0000000000000000e+00
1043   4.4386369612344739e-01  5.2387611321260363e-01  5.0000000000000000e-01  9.9999999999999978e-01
1044   4.5338205130442188e-01  5.2639450013154687e-01  5.0000000000000000e-01  1.0000000000000000e+00
1045   4.6292628922304574e-01  5.2865492300764050e-01  5.0000000000000000e-01  1.0000000000000000e+00
1046   4.7249640987931868e-01  5.3065738184088396e-01  5.0000000000000000e-01  1.0000000000000000e+00
1047   4.8209241327324093e-01  5.3240187663127769e-01  5.0000000000000000e-01  1.0000000000000000e+00
1048   4.9171429940481226e-01  5.3388840737882159e-01  5.0000000000000000e-01  1.0000000000000000e+00
1049   5.0136206827403274e-01  5.3511697408351555e-01  5.0000000000000000e-01  1.0000000000000000e+00
1050   5.1103571988090246e-01  5.3608757674535978e-01  5.0000000000000000e-01  1.0000000000000000e+00
1051   5.2073525422542133e-01  5.3680021536435407e-01  5.0000000000000000e-01  1.0000000000000000e+00
1052   5.3046067130758934e-01  5.3725488994049841e-01  5.0000000000000000e-01  1.0000000000000000e+00
1053   5.4021197112740660e-01  5.3745160047379303e-01  5.0000000000000000e-01  1.0000000000000000e+00
1054   5.4998915368487300e-01  5.3739034696423782e-01  5.0000000000000000e-01  1.0000000000000000e+00
1055   5.5979221897998865e-01  5.3707112941183277e-01  5.0000000000000000e-01  1.0000000000000000e+00
1056   5.6962116701275334e-01  5.3649394781657778e-01  5.0000000000000000e-01  1.0000000000000000e+00
1057   5.7947599778316738e-01  5.3565880217847295e-01  5.0000000000000000e-01  1.0000000000000000e+00
1058   5.8935671129123046e-01  5.3456569249751806e-01  5.0000000000000000e-01  1.0000000000000000e+00
1059   5.9431000941408652e-01  5.3389015563561593e-01  5.0000000000000000e-01  1.0000000000000000e+00
1060   4.1843978570003826e-01  5.2601531111634303e-01  5.0000000000000000e-01  1.0000000000000000e+00
1061   4.2316013918405182e-01  5.2766145064008962e-01  5.0000000000000000e-01  1.0000000000000000e+00
1062   4.3262672888972814e-01  5.3069576564473253e-01  5.0000000000000000e-01  1.0000000000000000e+00
1063   4.4211920133305355e-01  5.3347211660652583e-01  4.9999999999999994e-01  9.9999999999999989e-01
1064   4.5163755651402815e-01  5.3599050352546906e-01  5.0000000000000000e-01  1.0000000000000000e+00
1065   4.6118179443265206e-01  5.3825092640156247e-01  5.0000000000000000e-01  1.0000000000000000e+00
1066   4.7075191508892500e-01  5.4025338523480615e-01  5.0000000000000000e-01  1.0000000000000000e+00
1067   4.8034791848284725e-01  5.4199788002519989e-01  5.0000000000000000e-01  1.0000000000000000e+00
1068   4.8996980461441858e-01  5.4348441077274379e-01  5.0000000000000000e-01  1.0000000000000000e+00
1069   4.9961757348363900e-01  5.4471297747743774e-01  5.0000000000000000e-01  1.0000000000000000e+00
1070   5.0929122509050861e-01  5.4568358013928187e-01  5.0000000000000000e-01  1.0000000000000000e+00
1071   5.1899075943502759e-01  5.4639621875827626e-01  5.0000000000000000e-01  1.0000000000000000e+00
1072   5.2871617651719560e-01  5.4685089333442072e-01  5.0000000000000000e-01  1.0000000000000000e+00
1073   5.3846747633701286e-01  5.4704760386771523e-01  5.0000000000000000e-01  1.0000000000000000e+00
1074   5.4824465889447938e-01  5.4698635035816001e-01  5.0000000000000000e-01  1.0000000000000000e+00
1075   5.5804772418959481e-01  5.4666713280575485e-01  5.0000000000000000e-01  1.0000000000000000e+00
1076   5.6787667222235960e-01  5.4608995121049997e-01  5.0000000000000000e-01  1.0000000000000000e+00
1077   5.7773150299277365e-01  5.4525480557239503e-01  5.0000000000000000e-01  1.0000000000000000e+00
1078   5.8761221650083661e-01  5.4416169589144048e-01  5.0000000000000000e-01  1.0000000000000000e+00
1079   5.9256551462369278e-01  5.4348615902953812e-01  5.0000000000000000e-01  1.0000000000000000e+00
1080   4.1643732686679469e-01  5.3558543177261608e-01  5.0000000000000000e-01  1.0000000000000000e+00
1081   4.2115768035080819e-01  5.3723157129636256e-01  5.0000000000000000e-01  1.0000000000000000e+00
1082   4.3062427005648457e-01  5.4026588630100569e-01  5.0000000000000000e-01  1.0000000000000000e+00
1083   4.4011674249980998e-01  5.4304223726279899e-01  4.9999999999999994e-01  9.9999999999999989e-01
1084   4.4963509768078458e-01  5.4556062418174212e-01  5.0000000000000000e-01  1.0000000000000000e+00
1085   4.5917933559940854e-01  5.4782104705783563e-01  5.0000000000000000e-01  1.0000000000000000e+00
1086   4.6874945625568143e-01  5.4982350589107920e-01  5.0000000000000000e-01  1.0000000000000000e+00
1087   4.7834545964960362e-01  5.5156800068147305e-01  5.0000000000000000e-01  1.0000000000000000e+00
1088   4.8796734578117501e-01  5.5305453142901695e-01  5.0000000000000000e-01  1.0000000000000000e+00
1089   4.9761511465039543e-01  5.5428309813371079e-01  5.0000000000000000e-01  1.0000000000000000e+00
1090   5.0728876625726516e-01  5.5525370079555492e-01  5.0000000000000000e-01  1.0000000000000000e+00
1091   5.1698830060178391e-01  5.5596633941454932e-01  5.0000000000000000e-01  1.0000000000000000e+00
1092   5.2671371768395203e-01  5.5642101399069366e-01  5.0000000000000000e-01  1.0000000000000000e+00
1093   5.3646501750376929e-01  5.5661772452398828e-01  5.0000000000000000e-01  1.0000000000000000e+00
1094   5.4624220006123581e-01  5.5655647101443306e-01  5.0000000000000000e-01  1.0000000000000000e+00
1095   5.5604526535635124e-01  5.5623725346202779e-01  5.0000000000000000e-01  1.0000000000000000e+00
1096   5.6587421338911614e-01  5.5566007186677291e-01  5.0000000000000000e-01  1.0000000000000000e+00
1097   5.7572904415952997e-01  5.5482492622866808e-01  5.0000000000000000e-01  1.0000000000000000e+00
1098   5.8560975766759316e-01  5.5373181654771342e-01  5.0000000000000000e-01  1.0000000000000000e+00
1099   5.9056305579044921e-01  5.5305627968581106e-01  5.0000000000000000e-01  1.0000000000000000e+00
1100   4.1417690399070117e-01  5.4512966969123988e-01  5.0000000000000000e-01  1.0000000000000000e+00
1101   4.1889725747471473e-01  5.4677580921498636e-01  5.0000000000000000e-01  1.0000000000000000e+00
1102   4.2836384718039106e-01  5.4981012421962927e-01  5.0000000000000000e-01  1.0000000000000000e+00
1103   4.3785631962371652e-01  5.5258647518142257e-01  5.0000000000000000e-01  9.9999999999999978e-01
1104   4.4737467480469106e-01  5.5510486210036580e-01  5.0000000000000000e-01  1.0000000000000000e+00
1105   4.5691891272331497e-01  5.5736528497645943e-01  5.0000000000000000e-01  1.0000000000000000e+00
1106   4.6648903337958791e-01  5.5936774380970300e-01  5.0000000000000000e-01  1.0000000000000000e+00
1107   4.7608503677351016e-01  5.6111223860009662e-01  5.0000000000000000e-01  1.0000000000000000e+00
1108   4.8570692290508150e-01  5.6259876934764053e-01  5.0000000000000000e-01  1.0000000000000000e+00
1109   4.9535469177430191e-01  5.6382733605233448e-01  5.0000000000000000e-01  1.0000000000000000e+00
1110   5.0502834338117153e-01  5.6479793871417860e-01  5.0000000000000000e-01  1.0000000000000000e+00
1111   5.1472787772569040e-01  5.6551057733317300e-01  5.0000000000000000e-01  1.0000000000000000e+00
1112   5.2445329480785852e-01  5.6596525190931746e-01  5.0000000000000000e-01  1.0000000000000000e+00
1113   5.3420459462767578e-01  5.6616196244261197e-01  5.0000000000000000e-01  1.0000000000000000e+00
1114   5.4398177718514229e-01  5.6610070893305675e-01  5.0000000000000000e-01  1.0000000000000000e+00
1115   5.5378484248025772e-01  5.6578149138065159e-01  5.0000000000000000e-01  1.0000000000000000e+00
1116   5.6361379051302252e-01  5.6520430978539671e-01  5.0000000000000000e-01  1.0000000000000000e+00
1117   5.7346862128343656e-01  5.6436916414729188e-01  5.0000000000000000e-01  1.0000000000000000e+00
1118   5.8334933479149953e-01  5.6327605446633711e-01  5.0000000000000000e-01  1.0000000000000000e+00
1119   5.8830263291435569e-01  5.6260051760443486e-01  5.0000000000000000e-01  1.0000000000000000e+00
1120   4.1165851707175788e-01  5.5464802487221443e-01  5.0000000000000000e-01  1.0000000000000000e+00
1121   4.1637887055577144e-01  5.5629416439596091e-01  5.0000000000000000e-01  1.0000000000000000e+00
1122   4.2584546026144776e-01  5.5932847940060393e-01  5.0000000000000000e-01  1.0000000000000000e+00
1123   4.3533793270477328e-01  5.6210483036239733e-01  5.0000000000000000e-01  9.9999999999999978e-01
1124   4.4485628788574783e-01  5.6462321728134057e-01  5.0000000000000000e-01  1.0000000000000000e+00
1125   4.5440052580437168e-01  5.6688364015743398e-01  5.0000000000000000e-01  1.0000000000000000e+00
1126   4.6397064646064462e-01  5.6888609899067766e-01  5.0000000000000000e-01  1.0000000000000000e+00
1127   4.7356664985456687e-01  5.7063059378107139e-01  5.0000000000000000e-01  1.0000000000000000e+00
1128   4.8318853598613809e-01  5.7211712452861518e-01  5.0000000000000000e-01  1.0000000000000000e+00
1129   4.9283630485535862e-01  5.7334569123330925e-01  5.0000000000000000e-01  1.0000000000000000e+00
1130   5.0250995646222829e-01  5.7431629389515337e-01  5.0000000000000000e-01  1.0000000000000000e+00
1131   5.1220949080674716e-01  5.7502893251414777e-01  5.0000000000000000e-01  1.0000000000000000e+00
1132   5.2193490788891528e-01  5.7548360709029200e-01  5.0000000000000000e-01  1.0000000000000000e+00
1133   5.3168620770873254e-01  5.7568031762358673e-01  5.0000000000000000e-01  1.0000000000000000e+00
1134   5.4146339026619894e-01  5.7561906411403152e-01  5.0000000000000000e-01  1.0000000000000000e+00
1135   5.5126645556131448e-01  5.7529984656162636e-01  5.0000000000000000e-01  1.0000000000000000e+00
1136   5.6109540359407917e-01  5.7472266496637125e-01  5.0000000000000000e-01  1.0000000000000000e+00
1137   5.7095023436449321e-01  5.7388751932826643e-01  5.0000000000000000e-01  1.0000000000000000e+00
1138   5.8083094787255629e-01  5.7279440964731165e-01  5.0000000000000000e-01  1.0000000000000000e+00
1139   5.8578424599541234e-01  5.7211887278540940e-01  5.0000000000000000e-01  1.0000000000000000e+00
1140   4.0888216610996475e-01  5.6414049731553995e-01  5.0000000000000000e-01  1.0000000000000000e+00
1141   4.1360251959397826e-01  5.6578663683928654e-01  5.0000000000000000e-01  1.0000000000000000e+00
1142   4.2306910929965463e-01  5.6882095184392933e-01  5.0000000000000000e-01  1.0000000000000000e+00
1143   4.3256158174298004e-01  5.7159730280572274e-01  4.9999999999999994e-01  9.9999999999999989e-01
1144   4.4207993692395464e-01  5.7411568972466598e-01  5.0000000000000000e-01  1.0000000000000000e+00
1145   4.5162417484257855e-01  5.7637611260075938e-01  5.0000000000000000e-01  1.0000000000000000e+00
1146   4.6119429549885149e-01  5.7837857143400306e-01  5.0000000000000000e-01  1.0000000000000000e+00
1147   4.7079029889277374e-01  5.8012306622439680e-01  5.0000000000000000e-01  1.0000000000000000e+00
1148   4.8041218502434507e-01  5.8160959697194081e-01  5.0000000000000000e-01  1.0000000000000000e+00
1149   4.9005995389356549e-01  5.8283816367663466e-01  5.0000000000000000e-01  1.0000000000000000e+00
1150   4.9973360550043516e-01  5.8380876633847878e-01  5.0000000000000000e-01  1.0000000000000000e+00
1151   5.0943313984495397e-01  5.8452140495747318e-01  5.0000000000000000e-01  1.0000000000000000e+00
1152   5.1915855692712209e-01  5.8497607953361752e-01  5.0000000000000000e-01  1.0000000000000000e+00
1153   5.2890985674693936e-01  5.8517279006691214e-01  5.0000000000000000e-01  1.0000000000000000e+00
1154   5.3868703930440587e-01  5.8511153655735693e-01  5.0000000000000000e-01  1.0000000000000000e+00
1155   5.4849010459952130e-01  5.8479231900495166e-01  5.0000000000000000e-01  1.0000000000000000e+00
1156   5.5831905263228598e-01  5.8421513740969688e-01  5.0000000000000000e-01  1.0000000000000000e+00
1157   5.6817388340270003e-01  5.8337999177159194e-01  5.0000000000000000e-01  1.0000000000000000e+00
1158   5.7805459691076311e-01  5.8228688209063717e-01  5.0000000000000000e-01  1.0000000000000000e+00
1159   5.8300789503361927e-01  5.8161134522873503e-01  5.0000000000000000e-01  1.0000000000000000e+00
1160   4.0584785110532173e-01  5.7360708702121621e-01  5.0000000000000000e-01  1.0000000000000000e+00
1161   4.1056820458933524e-01  5.7525322654496269e-01  5.0000000000000000e-01  1.0000000000000000e+00
1162   4.2003479429501150e-01  5.7828754154960560e-01  5.0000000000000000e-01  1.0000000000000000e+00
1163   4.2952726673833702e-01  5.8106389251139900e-01  4.9999999999999994e-01  9.9999999999999989e-01
1164   4.3904562191931162e-01  5.8358227943034224e-01  5.0000000000000000e-01  1.0000000000000000e+00
1165   4.4858985983793548e-01  5.8584270230643576e-01  5.0000000000000000e-01  1.0000000000000000e+00
1166   4.5815998049420847e-01  5.8784516113967933e-01  5.0000000000000000e-01  1.0000000000000000e+00
1167   4.6775598388813067e-01  5.8958965593007306e-01  5.0000000000000000e-01  1.0000000000000000e+00
1168   4.7737787001970200e-01  5.9107618667761697e-01  5.0000000000000000e-01  1.0000000000000000e+00
1169   4.8702563888892247e-01  5.9230475338231092e-01  5.0000000000000000e-01  1.0000000000000000e+00
1170   4.9669929049579209e-01  5.9327535604415504e-01  5.0000000000000000e-01  1.0000000000000000e+00
1171   5.0639882484031107e-01  5.9398799466314944e-01  5.0000000000000000e-01  1.0000000000000000e+00
1172   5.1612424192247908e-01  5.9444266923929390e-01  5.0000000000000000e-01  1.0000000000000000e+00
1173   5.2587554174229634e-01  5.9463937977258841e-01  5.0000000000000000e-01  1.0000000000000000e+00
1174   5.3565272429976274e-01  5.9457812626303319e-01  5.0000000000000000e-01  1.0000000000000000e+00
1175   5.4545578959487839e-01  5.9425890871062792e-01  5.0000000000000000e-01  1.0000000000000000e+00
1176   5.5528473762764297e-01  5.9368172711537304e-01  5.0000000000000000e-01  1.0000000000000000e+00
1177   5.6513956839805701e-01  5.9284658147726832e-01  5.0000000000000000e-01  1.0000000000000000e+00
1178   5.7502028190611998e-01  5.9175347179631355e-01  5.0000000000000000e-01  1.0000000000000000e+00
1179   5.7997358002897625e-01  5.9107793493441130e-01  5.0000000000000000e-01  1.0000000000000000e+00
1180   4.0420171158157525e-01  5.7832744050522977e-01  5.0000000000000000e-01  1.0000000000000000e+00
1181   4.0892206506558881e-01  5.7997358002897625e-01  5.0000000000000000e-01  1.0000000000000000e+00
1182   4.1838865477126508e-01  5.8300789503361916e-01  5.0000000000000000e-01  1.0000000000000000e+00
1183   4.2788112721459054e-01  5.8578424599541257e-01  4.9999999999999994e-01  9.9999999999999989e-01
1184   4.3739948239556514e-01  5.8830263291435581e-01  5.0000000000000000e-01  1.0000000000000000e+00
1185   4.4694372031418905e-01  5.9056305579044921e-01  5.0000000000000000e-01  1.0000000000000000e+00
1186   4.5651384097046199e-01  5.9256551462369289e-01  5.0000000000000000e-01  1.0000000000000000e+00
1187   4.6610984436438418e-01  5.9431000941408663e-01  5.0000000000000000e-01  1.0000000000000000e+00
1188   4.7573173049595552e-01  5.9579654016163053e-01  5.0000000000000000e-01  1.0000000000000000e+00
1189   4.8537949936517599e-01  5.9702510686632460e-01  5.0000000000000000e-01  1.0000000000000000e+00
1190   4.9505315097204561e-01  5.9799570952816861e-01  5.0000000000000000e-01  1.0000000000000000e+00
1191   5.0475268531656448e-01  5.9870834814716301e-01  5.0000000000000000e-01  1.0000000000000000e+00
1192   5.1447810239873260e-01  5.9916302272330735e-01  5.0000000000000000e-01  1.0000000000000000e+00
1193   5.2422940221854986e-01  5.9935973325660197e-01  5.0000000000000000e-01  1.0000000000000000e+00
1194   5.3400658477601626e-01  5.9929847974704675e-01  5.0000000000000000e-01  1.0000000000000000e+00
1195   5.4380965007113180e-01  5.9897926219464148e-01  5.0000000000000000e-01  1.0000000000000000e+00
1196   5.5363859810389648e-01  5.9840208059938660e-01  5.0000000000000000e-01  1.0000000000000000e+00
1197   5.6349342887431053e-01  5.9756693496128177e-01  5.0000000000000000e-01  1.0000000000000000e+00
1198   5.7337414238237372e-01  5.9647382528032700e-01  5.0000000000000000e-01  1.0000000000000000e+00
1199   5.7832744050522977e-01  5.9579828841842475e-01  5.0000000000000000e-01  1.0000000000000000e+00
1200   4.2167255949477012e-01  4.0420171158157525e-01  8.3333333333333326e-01  1.0000000000000000e+00
1201   4.2639291297878368e-01  4.0584785110532168e-01  8.3333333333333326e-01  1.0000000000000000e+00
1202   4.3585950268445994e-01  4.0888216610996475e-01  8.3333333333333326e-01  1.0000000000000000e+00
1203   4.4535197512778557e-01  4.1165851707175793e-01  8.3333333333333337e-01  9.9999999999999978e-01
1204   4.5487033030876001e-01  4.1417690399070117e-01  8.3333333333333326e-01  1.0000000000000000e+00
1205   4.6441456822738392e-01  4.1643732686679469e-01  8.3333333333333326e-01  1.0000000000000000e+00
1206   4.7398468888365691e-01  4.1843978570003831e-01  8.3333333333333326e-01  1.0000000000000000e+00
1207   4.8358069227757911e-01  4.2018428049043199e-01  8.3333333333333326e-01  1.0000000000000000e+00
1208   4.9320257840915044e-01  4.2167081123797590e-01  8.3333333333333326e-01  1.0000000000000000e+00
1209   5.0285034727837097e-01  4.2289937794266996e-01  8.3333333333333326e-01  1.0000000000000000e+00
1210   5.1252399888524058e-01  4.2386998060451408e-01  8.3333333333333326e-01  1.0000000000000000e+00
1211   5.2222353322975945e-01  4.2458261922350837e-01  8.3333333333333326e-01  1.0000000000000000e+00
1212   5.3194895031192746e-01  4.2503729379965283e-01  8.3333333333333326e-01  1.0000000000000000e+00
1213   5.4170025013174472e-01  4.2523400433294745e-01  8.3333333333333326e-01  1.0000000000000000e+00
1214   5.5147743268921123e-01  4.2517275082339212e-01  8.3333333333333326e-01  1.0000000000000000e+00
1215   5.6128049798432678e-01  4.2485353327098696e-01  8.3333333333333326e-01  1.0000000000000000e+00
1216   5.7110944601709157e-01  4.2427635167573202e-01  8.3333333333333326e-01  1.0000000000000000e+00
1217   5.8096427678750551e-01  4.2344120603762714e-01  8.3333333333333326e-01  1.0000000000000000e+00
1218   5.9084499029556858e-01  4.2234809635667242e-01  8.3333333333333326e-01  1.0000000000000000e+00
1219   5.9579828841842475e-01  4.2167255949477012e-01  8.3333333333333326e-01  1.0000000000000000e+00
1220   4.2234809635667242e-01  4.0915500970443142e-01  8.3333333333333326e-01  1.0000000000000000e+00
1221   4.2706844984068593e-01  4.1080114922817790e-01  8.3333333333333326e-01  1.0000000000000000e+00
1222   4.3653503954636230e-01  4.1383546423282080e-01  8.3333333333333326e-01  1.0000000000000000e+00
1223   4.4602751198968793e-01  4.1661181519461415e-01  8.3333333333333337e-01  9.9999999999999978e-01
1224   4.5554586717066231e-01  4.1913020211355723e-01  8.3333333333333326e-01  1.0000000000000000e+00
1225   4.6509010508928617e-01  4.2139062498965085e-01  8.3333333333333326e-01  1.0000000000000000e+00
1226   4.7466022574555922e-01  4.2339308382289442e-01  8.3333333333333326e-01  1.0000000000000000e+00
1227   4.8425622913948141e-01  4.2513757861328821e-01  8.3333333333333326e-01  1.0000000000000000e+00
1228   4.9387811527105274e-01  4.2662410936083200e-01  8.3333333333333326e-01  1.0000000000000000e+00
1229   5.0352588414027322e-01  4.2785267606552613e-01  8.3333333333333326e-01  1.0000000000000000e+00
1230   5.1319953574714283e-01  4.2882327872737014e-01  8.3333333333333326e-01  1.0000000000000000e+00
1231   5.2289907009166170e-01  4.2953591734636443e-01  8.3333333333333326e-01  1.0000000000000000e+00
1232   5.3262448717382971e-01  4.2999059192250888e-01  8.3333333333333326e-01  1.0000000000000000e+00
1233   5.4237578699364697e-01  4.3018730245580350e-01  8.3333333333333326e-01  1.0000000000000000e+00
1234   5.5215296955111348e-01  4.3012604894624823e-01  8.3333333333333326e-01  1.0000000000000000e+00
1235   5.6195603484622902e-01  4.2980683139384313e-01  8.3333333333333326e-01  1.0000000000000000e+00
1236   5.7178498287899393e-01  4.2922964979858824e-01  8.3333333333333326e-01  1.0000000000000000e+00
1237   5.8163981364940787e-01  4.2839450416048330e-01  8.3333333333333326e-01  1.0000000000000000e+00
1238   5.9152052715747083e-01  4.2730139447952864e-01  8.3333333333333326e-01  1.0000000000000000e+00
1239   5.9647382528032700e-01  4.2662585761762628e-01  8.3333333333333326e-01  1.0000000000000000e+00
1240   4.2344120603762714e-01  4.1903572321249455e-01  8.3333333333333326e-01  1.0000000000000000e+00
1241   4.2816155952164064e-01  4.2068186273624097e-01  8.3333333333333326e-01  1.0000000000000000e+00
1242   4.3762814922731685e-01  4.2371617774088388e-01  8.3333333333333326e-01  1.0000000000000000e+00
1243   4.4712062167064248e-01  4.2649252870267723e-01  8.3333333333333337e-01  9.9999999999999978e-01
1244   4.5663897685161703e-01  4.2901091562162053e-01  8.3333333333333326e-01  1.0000000000000000e+00
1245   4.6618321477024083e-01  4.3127133849771393e-01  8.3333333333333326e-01  1.0000000000000000e+00
1246   4.7575333542651382e-01  4.3327379733095761e-01  8.3333333333333326e-01  1.0000000000000000e+00
1247   4.8534933882043602e-01  4.3501829212135129e-01  8.3333333333333326e-01  1.0000000000000000e+00
1248   4.9497122495200740e-01  4.3650482286889514e-01  8.3333333333333326e-01  1.0000000000000000e+00
1249   5.0461899382122788e-01  4.3773338957358920e-01  8.3333333333333326e-01  1.0000000000000000e+00
1250   5.1429264542809749e-01  4.3870399223543322e-01  8.3333333333333326e-01  1.0000000000000000e+00
1251   5.2399217977261647e-01  4.3941663085442773e-01  8.3333333333333326e-01  1.0000000000000000e+00
1252   5.3371759685478437e-01  4.3987130543057196e-01  8.3333333333333326e-01  1.0000000000000000e+00
1253   5.4346889667460163e-01  4.4006801596386658e-01  8.3333333333333326e-01  1.0000000000000000e+00
1254   5.5324607923206826e-01  4.4000676245431136e-01  8.3333333333333326e-01  1.0000000000000000e+00
1255   5.6304914452718369e-01  4.3968754490190620e-01  8.3333333333333326e-01  1.0000000000000000e+00
1256   5.7287809255994848e-01  4.3911036330665132e-01  8.3333333333333326e-01  1.0000000000000000e+00
1257   5.8273292333036253e-01  4.3827521766854638e-01  8.3333333333333326e-01  1.0000000000000000e+00
1258   5.9261363683842549e-01  4.3718210798759172e-01  8.3333333333333326e-01  1.0000000000000000e+00
1259   5.9756693496128177e-01  4.3650657112568941e-01  8.3333333333333326e-01  1.0000000000000000e+00
1260   4.2427635167573213e-01  4.2889055398290854e-01  8.3333333333333337e-01  9.9999999999999978e-01
1261   4.2899670515974564e-01  4.3053669350665502e-01  8.3333333333333337e-01  9.9999999999999978e-01
1262   4.3846329486542190e-01  4.3357100851129804e-01  8.3333333333333337e-01  9.9999999999999978e-01
1263   4.4795576730874731e-01  4.3634735947309117e-01  8.3333333333333337e-01  9.9999999999999978e-01
1264   4.5747412248972202e-01  4.3886574639203446e-01  8.3333333333333337e-01  9.9999999999999978e-01
1265   4.6701836040834588e-01  4.4112616926812798e-01  8.3333333333333337e-01  9.9999999999999978e-01
1266   4.7658848106461882e-01  4.4312862810137166e-01  8.3333333333333337e-01  9.9999999999999978e-01
1267   4.8618448445854101e-01  4.4487312289176534e-01  8.3333333333333337e-01  9.9999999999999978e-01
1268   4.9580637059011234e-01  4.4635965363930913e-01  8.3333333333333337e-01  9.9999999999999978e-01
1269   5.0545413945933293e-01  4.4758822034400325e-01  8.3333333333333337e-01  9.9999999999999978e-01
1270   5.1512779106620254e-01  4.4855882300584737e-01  8.3333333333333337e-01  9.9999999999999978e-01
1271   5.2482732541072130e-01  4.4927146162484166e-01  8.3333333333333337e-01  9.9999999999999978e-01
1272   5.3455274249288942e-01  4.4972613620098600e-01  8.3333333333333337e-01  9.9999999999999978e-01
1273   5.4430404231270668e-01  4.4992284673428062e-01  8.3333333333333337e-01  9.9999999999999978e-01
1274   5.5408122487017319e-01  4.4986159322472541e-01  8.3333333333333337e-01  9.9999999999999978e-01
1275   5.6388429016528863e-01  4.4954237567232030e-01  8.3333333333333337e-01  9.9999999999999978e-01
1276   5.7371323819805342e-01  4.4896519407706537e-01  8.3333333333333337e-01  9.9999999999999978e-01
1277   5.8356806896846747e-01  4.4813004843896043e-01  8.3333333333333337e-01  9.9999999999999978e-01
1278   5.9344878247653043e-01  4.4703693875800576e-01  8.3333333333333337e-01  9.9999999999999978e-01
1279   5.9840208059938671e-01  4.4636140189610352e-01  8.3333333333333337e-01  9.9999999999999978e-01
1280   4.2485353327098696e-01  4.3871950201567322e-01  8.3333333333333326e-01  1.0000000000000000e+00
1281   4.2957388675500052e-01  4.4036564153941959e-01  8.3333333333333326e-01  1.0000000000000000e+00
1282   4.3904047646067679e-01  4.4339995654406272e-01  8.3333333333333326e-01  1.0000000000000000e+00
1283   4.4853294890400230e-01  4.4617630750585591e-01  8.3333333333333337e-01  9.9999999999999978e-01
1284   4.5805130408497685e-01  4.4869469442479903e-01  8.3333333333333326e-01  1.0000000000000000e+00
1285   4.6759554200360076e-01  4.5095511730089266e-01  8.3333333333333326e-01  1.0000000000000000e+00
1286   4.7716566265987376e-01  4.5295757613413623e-01  8.3333333333333326e-01  1.0000000000000000e+00
1287   4.8676166605379589e-01  4.5470207092452997e-01  8.3333333333333326e-01  1.0000000000000000e+00
1288   4.9638355218536728e-01  4.5618860167207381e-01  8.3333333333333326e-01  1.0000000000000000e+00
1289   5.0603132105458781e-01  4.5741716837676782e-01  8.3333333333333326e-01  1.0000000000000000e+00
1290   5.1570497266145732e-01  4.5838777103861195e-01  8.3333333333333326e-01  1.0000000000000000e+00
1291   5.2540450700597630e-01  4.5910040965760623e-01  8.3333333333333326e-01  1.0000000000000000e+00
1292   5.3512992408814430e-01  4.5955508423375069e-01  8.3333333333333326e-01  1.0000000000000000e+00
1293   5.4488122390796156e-01  4.5975179476704542e-01  8.3333333333333326e-01  1.0000000000000000e+00
1294   5.5465840646542808e-01  4.5969054125749009e-01  8.3333333333333326e-01  1.0000000000000000e+00
1295   5.6446147176054362e-01  4.5937132370508493e-01  8.3333333333333326e-01  1.0000000000000000e+00
1296   5.7429041979330842e-01  4.5879414210982994e-01  8.3333333333333326e-01  1.0000000000000000e+00
1297   5.8414525056372235e-01  4.5795899647172511e-01  8.3333333333333326e-01  1.0000000000000000e+00
1298   5.9402596407178532e-01  4.5686588679077045e-01  8.3333333333333326e-01  1.0000000000000000e+00
1299   5.9897926219464148e-01  4.5619034992886809e-01  8.3333333333333326e-01  1.0000000000000000e+00
1300   4.2517275082339223e-01  4.4852256731078888e-01  8.3333333333333326e-01  1.0000000000000000e+00
1301   4.2989310430740568e-01  4.5016870683453525e-01  8.3333333333333326e-01  1.0000000000000000e+00
1302   4.3935969401308206e-01  4.5320302183917827e-01  8.3333333333333326e-01  1.0000000000000000e+00
1303   4.4885216645640758e-01  4.5597937280097162e-01  8.3333333333333337e-01  9.9999999999999978e-01
1304   4.5837052163738212e-01  4.5849775971991469e-01  8.3333333333333326e-01  1.0000000000000000e+00
1305   4.6791475955600592e-01  4.6075818259600831e-01  8.3333333333333326e-01  1.0000000000000000e+00
1306   4.7748488021227886e-01  4.6276064142925188e-01  8.3333333333333326e-01  1.0000000000000000e+00
1307   4.8708088360620105e-01  4.6450513621964562e-01  8.3333333333333326e-01  1.0000000000000000e+00
1308   4.9670276973777239e-01  4.6599166696718947e-01  8.3333333333333326e-01  1.0000000000000000e+00
1309   5.0635053860699297e-01  4.6722023367188359e-01  8.3333333333333326e-01  1.0000000000000000e+00
1310   5.1602419021386259e-01  4.6819083633372771e-01  8.3333333333333326e-01  1.0000000000000000e+00
1311   5.2572372455838146e-01  4.6890347495272189e-01  8.3333333333333326e-01  1.0000000000000000e+00
1312   5.3544914164054946e-01  4.6935814952886634e-01  8.3333333333333326e-01  1.0000000000000000e+00
1313   5.4520044146036672e-01  4.6955486006216096e-01  8.3333333333333326e-01  1.0000000000000000e+00
1314   5.5497762401783324e-01  4.6949360655260575e-01  8.3333333333333326e-01  1.0000000000000000e+00
1315   5.6478068931294878e-01  4.6917438900020059e-01  8.3333333333333326e-01  1.0000000000000000e+00
1316   5.7460963734571358e-01  4.6859720740494559e-01  8.3333333333333326e-01  1.0000000000000000e+00
1317   5.8446446811612751e-01  4.6776206176684076e-01  8.3333333333333326e-01  1.0000000000000000e+00
1318   5.9434518162419059e-01  4.6666895208588599e-01  8.3333333333333326e-01  1.0000000000000000e+00
1319   5.9929847974704675e-01  4.6599341522398374e-01  8.3333333333333326e-01  1.0000000000000000e+00
1320   4.2523400433294745e-01  4.5829974986825517e-01  8.3333333333333326e-01  1.0000000000000000e+00
1321   4.2995435781696090e-01  4.5994588939200165e-01  8.3333333333333326e-01  1.0000000000000000e+00
1322   4.3942094752263727e-01  4.6298020439664467e-01  8.3333333333333326e-01  1.0000000000000000e+00
1323   4.4891341996596279e-01  4.6575655535843807e-01  8.3333333333333337e-01  9.9999999999999978e-01
1324   4.5843177514693734e-01  4.6827494227738120e-01  8.3333333333333326e-01  1.0000000000000000e+00
1325   4.6797601306556114e-01  4.7053536515347472e-01  8.3333333333333326e-01  1.0000000000000000e+00
1326   4.7754613372183419e-01  4.7253782398671829e-01  8.3333333333333326e-01  1.0000000000000000e+00
1327   4.8714213711575627e-01  4.7428231877711213e-01  8.3333333333333326e-01  1.0000000000000000e+00
1328   4.9676402324732760e-01  4.7576884952465592e-01  8.3333333333333326e-01  1.0000000000000000e+00
1329   5.0641179211654819e-01  4.7699741622934988e-01  8.3333333333333326e-01  1.0000000000000000e+00
1330   5.1608544372341780e-01  4.7796801889119406e-01  8.3333333333333326e-01  1.0000000000000000e+00
1331   5.2578497806793667e-01  4.7868065751018840e-01  8.3333333333333326e-01  1.0000000000000000e+00
1332   5.3551039515010468e-01  4.7913533208633274e-01  8.3333333333333326e-01  1.0000000000000000e+00
1333   5.4526169496992205e-01  4.7933204261962736e-01  8.3333333333333326e-01  1.0000000000000000e+00
1334   5.5503887752738845e-01  4.7927078911007215e-01  8.3333333333333326e-01  1.0000000000000000e+00
1335   5.6484194282250400e-01  4.7895157155766699e-01  8.3333333333333326e-01  1.0000000000000000e+00
1336   5.7467089085526879e-01  4.7837438996241199e-01  8.3333333333333326e-01  1.0000000000000000e+00
1337   5.8452572162568273e-01  4.7753924432430717e-01  8.3333333333333326e-01  1.0000000000000000e+00
1338   5.9440643513374580e-01  4.7644613464335239e-01  8.3333333333333326e-01  1.0000000000000000e+00
1339   5.9935973325660197e-01  4.7577059778145014e-01  8.3333333333333326e-01  1.0000000000000000e+00
1340   4.2503729379965283e-01  4.6805104968807254e-01  8.3333333333333326e-01  1.0000000000000000e+00
1341   4.2975764728366639e-01  4.6969718921181897e-01  8.3333333333333326e-01  1.0000000000000000e+00
1342   4.3922423698934265e-01  4.7273150421646204e-01  8.3333333333333326e-01  1.0000000000000000e+00
1343   4.4871670943266806e-01  4.7550785517825511e-01  8.3333333333333326e-01  1.0000000000000000e+00
1344   4.5823506461364272e-01  4.7802624209719846e-01  8.3333333333333326e-01  1.0000000000000000e+00
1345   4.6777930253226663e-01  4.8028666497329198e-01  8.3333333333333326e-01  1.0000000000000000e+00
1346   4.7734942318853968e-01  4.8228912380653560e-01  8.3333333333333326e-01  1.0000000000000000e+00
1347   4.8694542658246187e-01  4.8403361859692928e-01  8.3333333333333326e-01  1.0000000000000000e+00
1348   4.9656731271403320e-01  4.8552014934447307e-01  8.3333333333333326e-01  1.0000000000000000e+00
1349   5.0621508158325368e-01  4.8674871604916725e-01  8.3333333333333326e-01  1.0000000000000000e+00
1350   5.1588873319012329e-01  4.8771931871101137e-01  8.3333333333333326e-01  1.0000000000000000e+00
1351   5.2558826753464216e-01  4.8843195733000566e-01  8.3333333333333326e-01  1.0000000000000000e+00
1352   5.3531368461681028e-01  4.8888663190615012e-01  8.3333333333333326e-01  1.0000000000000000e+00
1353   5.4506498443662754e-01  4.8908334243944473e-01  8.3333333333333326e-01  1.0000000000000000e+00
1354   5.5484216699409405e-01  4.8902208892988952e-01  8.3333333333333326e-01  1.0000000000000000e+00
1355   5.6464523228920949e-01  4.8870287137748425e-01  8.3333333333333326e-01  1.0000000000000000e+00
1356   5.7447418032197428e-01  4.8812568978222931e-01  8.3333333333333326e-01  1.0000000000000000e+00
1357   5.8432901109238822e-01  4.8729054414412443e-01  8.3333333333333326e-01  1.0000000000000000e+00
1358   5.9420972460045129e-01  4.8619743446316965e-01  8.3333333333333326e-01  1.0000000000000000e+00
1359   5.9916302272330757e-01  4.8552189760126740e-01  8.3333333333333326e-01  1.0000000000000000e+00
1360   4.2458261922350843e-01  4.7777646677024055e-01  8.3333333333333326e-01  1.0000000000000000e+00
1361   4.2930297270752193e-01  4.7942260629398692e-01  8.3333333333333326e-01  1.0000000000000000e+00
1362   4.3876956241319820e-01  4.8245692129862999e-01  8.3333333333333326e-01  1.0000000000000000e+00
1363   4.4826203485652372e-01  4.8523327226042334e-01  8.3333333333333337e-01  9.9999999999999978e-01
1364   4.5778039003749832e-01  4.8775165917936647e-01  8.3333333333333326e-01  1.0000000000000000e+00
1365   4.6732462795612217e-01  4.9001208205545999e-01  8.3333333333333326e-01  1.0000000000000000e+00
1366   4.7689474861239523e-01  4.9201454088870356e-01  8.3333333333333326e-01  1.0000000000000000e+00
1367   4.8649075200631742e-01  4.9375903567909740e-01  8.3333333333333326e-01  1.0000000000000000e+00
1368   4.9611263813788875e-01  4.9524556642664119e-01  8.3333333333333326e-01  1.0000000000000000e+00
1369   5.0576040700710923e-01  4.9647413313133520e-01  8.3333333333333326e-01  1.0000000000000000e+00
1370   5.1543405861397884e-01  4.9744473579317938e-01  8.3333333333333326e-01  1.0000000000000000e+00
1371   5.2513359295849771e-01  4.9815737441217367e-01  8.3333333333333326e-01  1.0000000000000000e+00
1372   5.3485901004066572e-01  4.9861204898831801e-01  8.3333333333333326e-01  1.0000000000000000e+00
1373   5.4461030986048298e-01  4.9880875952161269e-01  8.3333333333333326e-01  1.0000000000000000e+00
1374   5.5438749241794949e-01  4.9874750601205742e-01  8.3333333333333326e-01  1.0000000000000000e+00
1375   5.6419055771306503e-01  4.9842828845965226e-01  8.3333333333333326e-01  1.0000000000000000e+00
1376   5.7401950574582983e-01  4.9785110686439726e-01  8.3333333333333326e-01  1.0000000000000000e+00
1377   5.8387433651624376e-01  4.9701596122629244e-01  8.3333333333333326e-01  1.0000000000000000e+00
1378   5.9375505002430684e-01  4.9592285154533766e-01  8.3333333333333326e-01  1.0000000000000000e+00
1379   5.9870834814716301e-01  4.9524731468343552e-01  8.3333333333333326e-01  1.0000000000000000e+00
1380   4.2386998060451408e-01  4.8747600111475942e-01  8.3333333333333326e-01  1.0000000000000000e+00
1381   4.2859033408852754e-01  4.8912214063850579e-01  8.3333333333333326e-01  1.0000000000000000e+00
1382   4.3805692379420391e-01  4.9215645564314880e-01  8.3333333333333326e-01  1.0000000000000000e+00
1383   4.4754939623752943e-01  4.9493280660494210e-01  8.3333333333333337e-01  9.9999999999999978e-01
1384   4.5706775141850398e-01  4.9745119352388534e-01  8.3333333333333326e-01  1.0000000000000000e+00
1385   4.6661198933712789e-01  4.9971161639997885e-01  8.3333333333333326e-01  1.0000000000000000e+00
1386   4.7618210999340083e-01  5.0171407523322242e-01  8.3333333333333326e-01  1.0000000000000000e+00
1387   4.8577811338732302e-01  5.0345857002361616e-01  8.3333333333333326e-01  1.0000000000000000e+00
1388   4.9539999951889435e-01  5.0494510077116006e-01  8.3333333333333326e-01  1.0000000000000000e+00
1389   5.0504776838811483e-01  5.0617366747585413e-01  8.3333333333333326e-01  1.0000000000000000e+00
1390   5.1472141999498455e-01  5.0714427013769825e-01  8.3333333333333326e-01  1.0000000000000000e+00
1391   5.2442095433950331e-01  5.0785690875669254e-01  8.3333333333333326e-01  1.0000000000000000e+00
1392   5.3414637142167143e-01  5.0831158333283688e-01  8.3333333333333326e-01  1.0000000000000000e+00
1393   5.4389767124148869e-01  5.0850829386613150e-01  8.3333333333333326e-01  1.0000000000000000e+00
1394   5.5367485379895509e-01  5.0844704035657629e-01  8.3333333333333326e-01  1.0000000000000000e+00
1395   5.6347791909407063e-01  5.0812782280417113e-01  8.3333333333333326e-01  1.0000000000000000e+00
1396   5.7330686712683554e-01  5.0755064120891613e-01  8.3333333333333326e-01  1.0000000000000000e+00
1397   5.8316169789724936e-01  5.0671549557081130e-01  8.3333333333333326e-01  1.0000000000000000e+00
1398   5.9304241140531255e-01  5.0562238588985653e-01  8.3333333333333326e-01  1.0000000000000000e+00
1399   5.9799570952816861e-01  5.0494684902795428e-01  8.3333333333333326e-01  1.0000000000000000e+00
1400   4.2289937794266996e-01  4.9714965272162903e-01  8.3333333333333326e-01  1.0000000000000000e+00
1401   4.2761973142668341e-01  4.9879579224537551e-01  8.3333333333333326e-01  1.0000000000000000e+00
1402   4.3708632113235979e-01  5.0183010725001853e-01  8.3333333333333326e-01  1.0000000000000000e+00
1403   4.4657879357568525e-01  5.0460645821181183e-01  8.3333333333333337e-01  9.9999999999999978e-01
1404   4.5609714875665985e-01  5.0712484513075495e-01  8.3333333333333326e-01  1.0000000000000000e+00
1405   4.6564138667528365e-01  5.0938526800684847e-01  8.3333333333333326e-01  1.0000000000000000e+00
1406   4.7521150733155659e-01  5.1138772684009215e-01  8.3333333333333326e-01  1.0000000000000000e+00
1407   4.8480751072547879e-01  5.1313222163048589e-01  8.3333333333333326e-01  1.0000000000000000e+00
1408   4.9442939685705012e-01  5.1461875237802968e-01  8.3333333333333326e-01  1.0000000000000000e+00
1409   5.0407716572627059e-01  5.1584731908272374e-01  8.3333333333333326e-01  1.0000000000000000e+00
1410   5.1375081733314032e-01  5.1681792174456787e-01  8.3333333333333326e-01  1.0000000000000000e+00
1411   5.2345035167765919e-01  5.1753056036356215e-01  8.3333333333333326e-01  1.0000000000000000e+00
1412   5.3317576875982731e-01  5.1798523493970661e-01  8.3333333333333326e-01  1.0000000000000000e+00
1413   5.4292706857964446e-01  5.1818194547300123e-01  8.3333333333333326e-01  1.0000000000000000e+00
1414   5.5270425113711097e-01  5.1812069196344601e-01  8.3333333333333326e-01  1.0000000000000000e+00
1415   5.6250731643222651e-01  5.1780147441104085e-01  8.3333333333333326e-01  1.0000000000000000e+00
1416   5.7233626446499120e-01  5.1722429281578586e-01  8.3333333333333326e-01  1.0000000000000000e+00
1417   5.8219109523540524e-01  5.1638914717768103e-01  8.3333333333333326e-01  1.0000000000000000e+00
1418   5.9207180874346832e-01  5.1529603749672626e-01  8.3333333333333326e-01  1.0000000000000000e+00
1419   5.9702510686632448e-01  5.1462050063482401e-01  8.3333333333333326e-01  1.0000000000000000e+00
1420   4.2167081123797590e-01  5.0679742159084951e-01  8.3333333333333326e-01  1.0000000000000000e+00
1421   4.2639116472198940e-01  5.0844356111459610e-01  8.3333333333333326e-01  1.0000000000000000e+00
1422   4.3585775442766561e-01  5.1147787611923901e-01  8.3333333333333326e-01  1.0000000000000000e+00
1423   4.4535022687099124e-01  5.1425422708103230e-01  8.3333333333333337e-01  9.9999999999999978e-01
1424   4.5486858205196579e-01  5.1677261399997554e-01  8.3333333333333326e-01  1.0000000000000000e+00
1425   4.6441281997058959e-01  5.1903303687606905e-01  8.3333333333333326e-01  1.0000000000000000e+00
1426   4.7398294062686264e-01  5.2103549570931262e-01  8.3333333333333326e-01  1.0000000000000000e+00
1427   4.8357894402078483e-01  5.2277999049970647e-01  8.3333333333333326e-01  1.0000000000000000e+00
1428   4.9320083015235616e-01  5.2426652124725026e-01  8.3333333333333326e-01  1.0000000000000000e+00
1429   5.0284859902157664e-01  5.2549508795194422e-01  8.3333333333333326e-01  1.0000000000000000e+00
1430   5.1252225062844625e-01  5.2646569061378834e-01  8.3333333333333326e-01  1.0000000000000000e+00
1431   5.2222178497296512e-01  5.2717832923278274e-01  8.3333333333333326e-01  1.0000000000000000e+00
1432   5.3194720205513324e-01  5.2763300380892719e-01  8.3333333333333326e-01  1.0000000000000000e+00
1433   5.4169850187495050e-01  5.2782971434222170e-01  8.3333333333333326e-01  1.0000000000000000e+00
1434   5.5147568443241690e-01  5.2776846083266649e-01  8.3333333333333326e-01  1.0000000000000000e+00
1435   5.6127874972753244e-01  5.2744924328026133e-01  8.3333333333333326e-01  1.0000000000000000e+00
1436   5.7110769776029713e-01  5.2687206168500633e-01  8.3333333333333326e-01  1.0000000000000000e+00
1437   5.8096252853071129e-01  5.2603691604690150e-01  8.3333333333333326e-01  1.0000000000000000e+00
1438   5.9084324203877425e-01  5.2494380636594684e-01  8.3333333333333326e-01  1.0000000000000000e+00
1439   5.9579654016163053e-01  5.2426826950404448e-01  8.3333333333333326e-01  1.0000000000000000e+00
1440   4.2018428049043199e-01  5.1641930772242095e-01  8.3333333333333326e-01  1.0000000000000000e+00
1441   4.2490463397444556e-01  5.1806544724616732e-01  8.3333333333333326e-01  1.0000000000000000e+00
1442   4.3437122368012182e-01  5.2109976225081034e-01  8.3333333333333326e-01  1.0000000000000000e+00
1443   4.4386369612344734e-01  5.2387611321260363e-01  8.3333333333333337e-01  9.9999999999999978e-01
1444   4.5338205130442188e-01  5.2639450013154687e-01  8.3333333333333326e-01  1.0000000000000000e+00
1445   4.6292628922304574e-01  5.2865492300764039e-01  8.3333333333333326e-01  1.0000000000000000e+00
1446   4.7249640987931874e-01  5.3065738184088396e-01  8.3333333333333326e-01  1.0000000000000000e+00
1447   4.8209241327324093e-01  5.3240187663127769e-01  8.3333333333333326e-01  1.0000000000000000e+00
1448   4.9171429940481226e-01  5.3388840737882159e-01  8.3333333333333326e-01  1.0000000000000000e+00
1449   5.0136206827403274e-01  5.3511697408351555e-01  8.3333333333333326e-01  1.0000000000000000e+00
1450   5.1103571988090246e-01  5.3608757674535978e-01  8.3333333333333326e-01  1.0000000000000000e+00
1451   5.2073525422542133e-01  5.3680021536435407e-01  8.3333333333333326e-01  1.0000000000000000e+00
1452   5.3046067130758934e-01  5.3725488994049841e-01  8.3333333333333326e-01  1.0000000000000000e+00
1453   5.4021197112740660e-01  5.3745160047379303e-01  8.3333333333333326e-01  1.0000000000000000e+00
1454   5.4998915368487300e-01  5.3739034696423782e-01  8.3333333333333326e-01  1.0000000000000000e+00
1455   5.5979221897998854e-01  5.3707112941183266e-01  8.3333333333333326e-01  1.0000000000000000e+00
1456   5.6962116701275334e-01  5.3649394781657767e-01  8.3333333333333326e-01  1.0000000000000000e+00
1457   5.7947599778316738e-01  5.3565880217847284e-01  8.3333333333333326e-01  1.0000000000000000e+00
1458   5.8935671129123046e-01  5.3456569249751806e-01  8.3333333333333326e-01  1.0000000000000000e+00
1459   5.9431000941408652e-01  5.3389015563561593e-01  8.3333333333333326e-01  1.0000000000000000e+00
1460   4.1843978570003826e-01  5.2601531111634303e-01  8.3333333333333326e-01  1.0000000000000000e+00
1461   4.2316013918405182e-01  5.2766145064008962e-01  8.3333333333333326e-01  1.0000000000000000e+00
1462   4.3262672888972808e-01  5.3069576564473242e-01  8.3333333333333326e-01  1.0000000000000000e+00
1463   4.4211920133305360e-01  5.3347211660652583e-01  8.3333333333333337e-01  9.9999999999999978e-01
1464   4.5163755651402815e-01  5.3599050352546906e-01  8.3333333333333326e-01  1.0000000000000000e+00
1465   4.6118179443265206e-01  5.3825092640156247e-01  8.3333333333333326e-01  1.0000000000000000e+00
1466   4.7075191508892500e-01  5.4025338523480615e-01  8.3333333333333326e-01  1.0000000000000000e+00
1467   4.8034791848284719e-01  5.4199788002519989e-01  8.3333333333333326e-01  1.0000000000000000e+00
1468   4.8996980461441852e-01  5.4348441077274368e-01  8.3333333333333326e-01  1.0000000000000000e+00
1469   4.9961757348363900e-01  5.4471297747743774e-01  8.3333333333333326e-01  1.0000000000000000e+00
1470   5.0929122509050861e-01  5.4568358013928187e-01  8.3333333333333326e-01  1.0000000000000000e+00
1471   5.1899075943502759e-01  5.4639621875827626e-01  8.3333333333333326e-01  1.0000000000000000e+00
1472   5.2871617651719560e-01  5.4685089333442061e-01  8.3333333333333326e-01  1.0000000000000000e+00
1473   5.3846747633701286e-01  5.4704760386771523e-01  8.3333333333333326e-01  1.0000000000000000e+00
1474   5.4824465889447938e-01  5.4698635035816001e-01  8.3333333333333326e-01  1.0000000000000000e+00
1475   5.5804772418959481e-01  5.4666713280575485e-01  8.3333333333333326e-01  1.0000000000000000e+00
1476   5.6787667222235960e-01  5.4608995121049997e-01  8.3333333333333326e-01  1.0000000000000000e+00
1477   5.7773150299277365e-01  5.4525480557239503e-01  8.3333333333333326e-01  1.0000000000000000e+00
1478   5.8761221650083661e-01  5.4416169589144037e-01  8.3333333333333326e-01  1.0000000000000000e+00
1479   5.9256551462369278e-01  5.4348615902953801e-01  8.3333333333333326e-01  1.0000000000000000e+00
1480   4.1643732686679469e-01  5.3558543177261608e-01  8.3333333333333326e-01  1.0000000000000000e+00
1481   4.2115768035080819e-01  5.3723157129636256e-01  8.3333333333333326e-01  1.0000000000000000e+00
1482   4.3062427005648451e-01  5.4026588630100558e-01  8.3333333333333326e-01  1.0000000000000000e+00
1483   4.4011674249981003e-01  5.4304223726279888e-01  8.3333333333333337e-01  9.9999999999999978e-01
1484   4.4963509768078458e-01  5.4556062418174212e-01  8.3333333333333326e-01  1.0000000000000000e+00
1485   4.5917933559940849e-01  5.4782104705783552e-01  8.3333333333333326e-01  1.0000000000000000e+00
1486   4.6874945625568143e-01  5.4982350589107920e-01  8.3333333333333326e-01  1.0000000000000000e+00
1487   4.7834545964960362e-01  5.5156800068147294e-01  8.3333333333333326e-01  1.0000000000000000e+00
1488   4.8796734578117495e-01  5.5305453142901684e-01  8.3333333333333326e-01  1.0000000000000000e+00
1489   4.9761511465039543e-01  5.5428309813371079e-01  8.3333333333333326e-01  1.0000000000000000e+00
1490   5.0728876625726516e-01  5.5525370079555492e-01  8.3333333333333326e-01  1.0000000000000000e+00
1491   5.1698830060178391e-01  5.5596633941454932e-01  8.3333333333333326e-01  1.0000000000000000e+00
1492   5.2671371768395203e-01  5.5642101399069366e-01  8.3333333333333326e-01  1.0000000000000000e+00
1493   5.3646501750376929e-01  5.5661772452398828e-01  8.3333333333333326e-01  1.0000000000000000e+00
1494   5.4624220006123581e-01  5.5655647101443306e-01  8.3333333333333326e-01  1.0000000000000000e+00
1495   5.5604526535635124e-01  5.5623725346202779e-01  8.3333333333333326e-01  1.0000000000000000e+00
1496   5.6587421338911603e-01  5.5566007186677291e-01  8.3333333333333326e-01  1.0000000000000000e+00
1497   5.7572904415952997e-01  5.5482492622866808e-01  8.3333333333333326e-01  1.0000000000000000e+00
1498   5.8560975766759316e-01  5.5373181654771331e-01  8.3333333333333326e-01  1.0000000000000000e+00
1499   5.9056305579044921e-01  5.5305627968581106e-01  8.3333333333333326e-01  1.0000000000000000e+00
1500   4.1417690399070117e-01  5.4512966969123988e-01  8.3333333333333326e-01  1.0000000000000000e+00
1501   4.1889725747471473e-01  5.4677580921498625e-01  8.3333333333333326e-01  1.0000000000000000e+00
1502   4.2836384718039100e-01  5.4981012421962927e-01  8.3333333333333326e-01  1.0000000000000000e+00
1503   4.3785631962371652e-01  5.5258647518142257e-01  8.3333333333333337e-01  9.9999999999999978e-01
1504   4.4737467480469106e-01  5.5510486210036580e-01  8.3333333333333326e-01  1.0000000000000000e+00
1505   4.5691891272331497e-01  5.5736528497645932e-01  8.3333333333333326e-01  1.0000000000000000e+00
1506   4.6648903337958791e-01  5.5936774380970300e-01  8.3333333333333326e-01  1.0000000000000000e+00
1507   4.7608503677351011e-01  5.6111223860009662e-01  8.3333333333333326e-01  1.0000000000000000e+00
1508   4.8570692290508144e-01  5.6259876934764053e-01  8.3333333333333326e-01  1.0000000000000000e+00
1509   4.9535469177430191e-01  5.6382733605233448e-01  8.3333333333333326e-01  1.0000000000000000e+00
1510   5.0502834338117153e-01  5.6479793871417860e-01  8.3333333333333326e-01  1.0000000000000000e+00
1511   5.1472787772569040e-01  5.6551057733317300e-01  8.3333333333333326e-01  1.0000000000000000e+00
1512   5.2445329480785852e-01  5.6596525190931735e-01  8.3333333333333326e-01  1.0000000000000000e+00
1513   5.3420459462767578e-01  5.6616196244261197e-01  8.3333333333333326e-01  1.0000000000000000e+00
1514   5.4398177718514229e-01  5.6610070893305675e-01  8.3333333333333326e-01  1.0000000000000000e+00
1515   5.5378484248025772e-01  5.6578149138065159e-01  8.3333333333333326e-01  1.0000000000000000e+00
1516   5.6361379051302252e-01  5.6520430978539671e-01  8.3333333333333326e-01  1.0000000000000000e+00
1517   5.7346862128343656e-01  5.6436916414729188e-01  8.3333333333333326e-01  1.0000000000000000e+00
1518   5.8334933479149953e-01  5.6327605446633711e-01  8.3333333333333326e-01  1.0000000000000000e+00
1519   5.8830263291435569e-01  5.6260051760443486e-01  8.3333333333333326e-01  1.0000000000000000e+00
1520   4.1165851707175782e-01  5.5464802487221443e-01  8.3333333333333326e-01  1.0000000000000000e+00
1521   4.1637887055577144e-01  5.5629416439596091e-01  8.3333333333333326e-01  1.0000000000000000e+00
1522   4.2584546026144765e-01  5.5932847940060393e-01  8.3333333333333326e-01  1.0000000000000000e+00
1523   4.3533793270477328e-01  5.6210483036239733e-01  8.3333333333333337e-01  9.9999999999999978e-01
1524   4.4485628788574771e-01  5.6462321728134046e-01  8.3333333333333326e-01  1.0000000000000000e+00
1525   4.5440052580437162e-01  5.6688364015743398e-01  8.3333333333333326e-01  1.0000000000000000e+00
1526   4.6397064646064462e-01  5.6888609899067766e-01  8.3333333333333326e-01  1.0000000000000000e+00
1527   4.7356664985456681e-01  5.7063059378107139e-01  8.3333333333333326e-01  1.0000000000000000e+00
1528   4.8318853598613809e-01  5.7211712452861518e-01  8.3333333333333326e-01  1.0000000000000000e+00
1529   4.9283630485535862e-01  5.7334569123330925e-01  8.3333333333333326e-01  1.0000000000000000e+00
1530   5.0250995646222829e-01  5.7431629389515337e-01  8.3333333333333326e-01  1.0000000000000000e+00
1531   5.1220949080674716e-01  5.7502893251414766e-01  8.3333333333333326e-01  1.0000000000000000e+00
1532   5.2193490788891528e-01  5.7548360709029200e-01  8.3333333333333326e-01  1.0000000000000000e+00
1533   5.3168620770873254e-01  5.7568031762358662e-01  8.3333333333333326e-01  1.0000000000000000e+00
1534   5.4146339026619894e-01  5.7561906411403152e-01  8.3333333333333326e-01  1.0000000000000000e+00
1535   5.5126645556131448e-01  5.7529984656162625e-01  8.3333333333333326e-01  1.0000000000000000e+00
1536   5.6109540359407917e-01  5.7472266496637125e-01  8.3333333333333326e-01  1.0000000000000000e+00
1537   5.7095023436449321e-01  5.7388751932826643e-01  8.3333333333333326e-01  1.0000000000000000e+00
1538   5.8083094787255629e-01  5.7279440964731165e-01  8.3333333333333326e-01  1.0000000000000000e+00
1539   5.8578424599541234e-01  5.7211887278540940e-01  8.3333333333333326e-01  1.0000000000000000e+00
1540   4.0888216610996475e-01  5.6414049731553995e-01  8.3333333333333326e-01  1.0000000000000000e+00
1541   4.1360251959397820e-01  5.6578663683928643e-01  8.3333333333333326e-01  1.0000000000000000e+00
1542   4.2306910929965458e-01  5.6882095184392933e-01  8.3333333333333326e-01  1.0000000000000000e+00
1543   4.3256158174298009e-01  5.7159730280572274e-01  8.3333333333333337e-01  9.9999999999999978e-01
1544   4.4207993692395464e-01  5.7411568972466598e-01  8.3333333333333326e-01  1.0000000000000000e+00
1545   4.5162417484257855e-01  5.7637611260075938e-01  8.3333333333333326e-01  1.0000000000000000e+00
1546   4.6119429549885149e-01  5.7837857143400306e-01  8.3333333333333326e-01  1.0000000000000000e+00
1547   4.7079029889277368e-01  5.8012306622439680e-01  8.3333333333333326e-01  1.0000000000000000e+00
1548   4.8041218502434502e-01  5.8160959697194070e-01  8.3333333333333326e-01  1.0000000000000000e+00
1549   4.9005995389356549e-01  5.8283816367663466e-01  8.3333333333333326e-01  1.0000000000000000e+00
1550   4.9973360550043511e-01  5.8380876633847878e-01  8.3333333333333326e-01  1.0000000000000000e+00
1551   5.0943313984495397e-01  5.8452140495747318e-01  8.3333333333333326e-01  1.0000000000000000e+00
1552   5.1915855692712209e-01  5.8497607953361752e-01  8.3333333333333326e-01  1.0000000000000000e+00
1553   5.2890985674693936e-01  5.8517279006691214e-01  8.3333333333333326e-01  1.0000000000000000e+00
1554   5.3868703930440576e-01  5.8511153655735693e-01  8.3333333333333326e-01  1.0000000000000000e+00
1555   5.4849010459952130e-01  5.8479231900495166e-01  8.3333333333333326e-01  1.0000000000000000e+00
1556   5.5831905263228598e-01  5.8421513740969677e-01  8.3333333333333326e-01  1.0000000000000000e+00
1557   5.6817388340270003e-01  5.8337999177159194e-01  8.3333333333333326e-01  1.0000000000000000e+00
1558   5.7805459691076311e-01  5.8228688209063717e-01  8.3333333333333326e-01  1.0000000000000000e+00
1559   5.8300789503361927e-01  5.8161134522873492e-01  8.3333333333333326e-01  1.0000000000000000e+00
1560   4.0584785110532168e-01  5.7360708702121621e-01  8.3333333333333326e-01  1.0000000000000000e+00
1561   4.1056820458933529e-01  5.7525322654496269e-01  8.3333333333333326e-01  1.0000000000000000e+00
1562   4.2003479429501150e-01  5.7828754154960560e-01  8.3333333333333326e-01  1.0000000000000000e+00
1563   4.2952726673833697e-01  5.8106389251139900e-01  8.3333333333333337e-01  9.9999999999999978e-01
1564   4.3904562191931157e-01  5.8358227943034224e-01  8.3333333333333326e-01  1.0000000000000000e+00
1565   4.4858985983793542e-01  5.8584270230643576e-01  8.3333333333333326e-01  1.0000000000000000e+00
1566   4.5815998049420847e-01  5.8784516113967933e-01  8.3333333333333326e-01  1.0000000000000000e+00
1567   4.6775598388813067e-01  5.8958965593007306e-01  8.3333333333333326e-01  1.0000000000000000e+00
1568   4.7737787001970200e-01  5.9107618667761697e-01  8.3333333333333326e-01  1.0000000000000000e+00
1569   4.8702563888892247e-01  5.9230475338231092e-01  8.3333333333333326e-01  1.0000000000000000e+00
1570   4.9669929049579209e-01  5.9327535604415504e-01  8.3333333333333326e-01  1.0000000000000000e+00
1571   5.0639882484031096e-01  5.9398799466314944e-01  8.3333333333333326e-01  1.0000000000000000e+00
1572   5.1612424192247908e-01  5.9444266923929379e-01  8.3333333333333326e-01  1.0000000000000000e+00
1573   5.2587554174229634e-01  5.9463937977258841e-01  8.3333333333333326e-01  1.0000000000000000e+00
1574   5.3565272429976274e-01  5.9457812626303319e-01  8.3333333333333326e-01  1.0000000000000000e+00
1575   5.4545578959487828e-01  5.9425890871062792e-01  8.3333333333333326e-01  1.0000000000000000e+00
1576   5.5528473762764297e-01  5.9368172711537304e-01  8.3333333333333326e-01  1.0000000000000000e+00
1577   5.6513956839805701e-01  5.9284658147726832e-01  8.3333333333333326e-01  1.0000000000000000e+00
1578   5.7502028190611998e-01  5.9175347179631343e-01  8.3333333333333326e-01  1.0000000000000000e+00
1579   5.7997358002897625e-01  5.9107793493441119e-01  8.3333333333333326e-01  1.0000000000000000e+00
1580   4.0420171158157525e-01  5.7832744050522977e-01  8.3333333333333326e-01  1.0000000000000000e+00
1581   4.0892206506558881e-01  5.7997358002897625e-01  8.3333333333333326e-01  1.0000000000000000e+00
1582   4.1838865477126508e-01  5.8300789503361916e-01  8.3333333333333326e-01  1.0000000000000000e+00
1583   4.2788112721459060e-01  5.8578424599541257e-01  8.3333333333333337e-01  9.9999999999999978e-01
1584   4.3739948239556514e-01  5.8830263291435581e-01  8.3333333333333326e-01  1.0000000000000000e+00
1585   4.4694372031418900e-01  5.9056305579044921e-01  8.3333333333333326e-01  1.0000000000000000e+00
1586   4.5651384097046199e-01  5.9256551462369289e-01  8.3333333333333326e-01  1.0000000000000000e+00
1587   4.6610984436438418e-01  5.9431000941408663e-01  8.3333333333333326e-01  1.0000000000000000e+00
1588   4.7573173049595552e-01  5.9579654016163053e-01  8.3333333333333326e-01  1.0000000000000000e+00
1589   4.8537949936517599e-01  5.9702510686632448e-01  8.3333333333333326e-01  1.0000000000000000e+00
1590   4.9505315097204561e-01  5.9799570952816861e-01  8.3333333333333326e-01  1.0000000000000000e+00
1591   5.0475268531656448e-01  5.9870834814716301e-01  8.3333333333333326e-01  1.0000000000000000e+00
1592   5.1447810239873260e-01  5.9916302272330735e-01  8.3333333333333326e-01  1.0000000000000000e+00
1593   5.2422940221854986e-01  5.9935973325660197e-01  8.3333333333333326e-01  1.0000000000000000e+00
1594   5.3400658477601626e-01  5.9929847974704675e-01  8.3333333333333326e-01  1.0000000000000000e+00
1595   5.4380965007113180e-01  5.9897926219464148e-01  8.3333333333333326e-01  1.0000000000000000e+00
1596   5.5363859810389648e-01  5.9840208059938660e-01  8.3333333333333326e-01  1.0000000000000000e+00
1597   5.6349342887431053e-01  5.9756693496128177e-01  8.3333333333333326e-01  1.0000000000000000e+00
1598   5.7337414238237361e-01  5.9647382528032700e-01  8.3333333333333326e-01  1.0000000000000000e+00
1599   5.7832744050522977e-01  5.9579828841842475e-01  8.3333333333333326e-01  1.0000000000000000e+00
1600   4.2167255949477017e-01  4.0420171158157525e-01  1.0000000000000000e+00  1.0000000000000000e+00
1601   4.2639291297878368e-01  4.0584785110532168e-01  1.0000000000000000e+00  1.0000000000000000e+00
1602   4.3585950268446000e-01  4.0888216610996475e-01  1.0000000000000000e+00  1.0000000000000000e+00
1603   4.4535197512778552e-01  4.1165851707175793e-01  1.0000000000000000e+00  9.9999999999999989e-01
1604   4.5487033030876006e-01  4.1417690399070117e-01  1.0000000000000000e+00  1.0000000000000000e+00
1605   4.6441456822738392e-01  4.1643732686679469e-01  1.0000000000000000e+00  1.0000000000000000e+00
1606   4.7398468888365691e-01  4.1843978570003831e-01  1.0000000000000000e+00  1.0000000000000000e+00
1607   4.8358069227757911e-01  4.2018428049043205e-01  1.0000000000000000e+00  1.0000000000000000e+00
1608   4.9320257840915044e-01  4.2167081123797590e-01  1.0000000000000000e+00  1.0000000000000000e+00
1609   5.0285034727837097e-01  4.2289937794266996e-01  1.0000000000000000e+00  1.0000000000000000e+00
1610   5.1252399888524058e-01  4.2386998060451403e-01  1.0000000000000000e+00  1.0000000000000000e+00
1611   5.2222353322975945e-01  4.2458261922350837e-01  1.0000000000000000e+00  1.0000000000000000e+00
1612   5.3194895031192746e-01  4.2503729379965277e-01  1.0000000000000000e+00  1.0000000000000000e+00
1613   5.4170025013174472e-01  4.2523400433294739e-01  1.0000000000000000e+00  1.0000000000000000e+00
1614   5.5147743268921123e-01  4.2517275082339212e-01  1.0000000000000000e+00  1.0000000000000000e+00
1615   5.6128049798432678e-01  4.2485353327098696e-01  1.0000000000000000e+00  1.0000000000000000e+00
1616   5.7110944601709157e-01  4.2427635167573202e-01  1.0000000000000000e+00  1.0000000000000000e+00
1617   5.8096427678750551e-01  4.2344120603762714e-01  1.0000000000000000e+00  1.0000000000000000e+00
1618   5.9084499029556858e-01  4.2234809635667242e-01  1.0000000000000000e+00  1.0000000000000000e+00
1619   5.9579828841842475e-01  4.2167255949477017e-01  1.0000000000000000e+00  1.0000000000000000e+00
1620   4.2234809635667242e-01  4.0915500970443136e-01  1.0000000000000000e+00  1.0000000000000000e+00
1621   4.2706844984068593e-01  4.1080114922817784e-01  1.0000000000000000e+00  1.0000000000000000e+00
1622   4.3653503954636230e-01  4.1383546423282086e-01  1.0000000000000000e+00  1.0000000000000000e+00
1623   4.4602751198968782e-01  4.1661181519461410e-01  1.0000000000000000e+00  9.9999999999999989e-01
1624   4.5554586717066231e-01  4.1913020211355728e-01  1.0000000000000000e+00  1.0000000000000000e+00
1625   4.6509010508928617e-01  4.2139062498965085e-01  1.0000000000000000e+00  1.0000000000000000e+00
1626   4.7466022574555922e-01  4.2339308382289442e-01  1.0000000000000000e+00  1.0000000000000000e+00
1627   4.8425622913948141e-01  4.2513757861328821e-01  1.0000000000000000e+00  1.0000000000000000e+00
1628   4.9387811527105269e-01  4.2662410936083200e-01  1.0000000000000000e+00  1.0000000000000000e+00
1629   5.0352588414027322e-01  4.2785267606552613e-01  1.0000000000000000e+00  1.0000000000000000e+00
1630   5.1319953574714283e-01  4.2882327872737019e-01  1.0000000000000000e+00  1.0000000000000000e+00
1631   5.2289907009166170e-01  4.2953591734636448e-01  1.0000000000000000e+00  1.0000000000000000e+00
1632   5.3262448717382971e-01  4.2999059192250888e-01  1.0000000000000000e+00  1.0000000000000000e+00
1633   5.4237578699364697e-01  4.3018730245580356e-01  1.0000000000000000e+00  1.0000000000000000e+00
1634   5.5215296955111348e-01  4.3012604894624823e-01  1.0000000000000000e+00  1.0000000000000000e+00
1635   5.6195603484622902e-01  4.2980683139384307e-01  1.0000000000000000e+00  1.0000000000000000e+00
1636   5.7178498287899393e-01  4.2922964979858819e-01  1.0000000000000000e+00  1.0000000000000000e+00
1637   5.8163981364940787e-01  4.2839450416048330e-01  1.0000000000000000e+00  1.0000000000000000e+00
1638   5.9152052715747083e-01  4.2730139447952858e-01  1.0000000000000000e+00  1.0000000000000000e+00
1639   5.9647382528032700e-01  4.2662585761762628e-01  1.0000000000000000e+00  1.0000000000000000e+00
1640   4.2344120603762714e-01  4.1903572321249455e-01  1.0000000000000000e+00  1.0000000000000000e+00
1641   4.2816155952164064e-01  4.2068186273624097e-01  1.0000000000000000e+00  1.0000000000000000e+00
1642   4.3762814922731691e-01  4.2371617774088394e-01  1.0000000000000000e+00  1.0000000000000000e+00
1643   4.4712062167064248e-01  4.2649252870267723e-01  1.0000000000000000e+00  9.9999999999999978e-01
1644   4.5663897685161703e-01  4.2901091562162047e-01  1.0000000000000000e+00  1.0000000000000000e+00
1645   4.6618321477024083e-01  4.3127133849771393e-01  1.0000000000000000e+00  1.0000000000000000e+00
1646   4.7575333542651382e-01  4.3327379733095756e-01  1.0000000000000000e+00  1.0000000000000000e+00
1647   4.8534933882043602e-01  4.3501829212135129e-01  1.0000000000000000e+00  1.0000000000000000e+00
1648   4.9497122495200740e-01  4.3650482286889514e-01  1.0000000000000000e+00  1.0000000000000000e+00
1649   5.0461899382122788e-01  4.3773338957358920e-01  1.0000000000000000e+00  1.0000000000000000e+00
1650   5.1429264542809749e-01  4.3870399223543327e-01  1.0000000000000000e+00  1.0000000000000000e+00
1651   5.2399217977261647e-01  4.3941663085442767e-01  1.0000000000000000e+00  1.0000000000000000e+00
1652   5.3371759685478437e-01  4.3987130543057201e-01  1.0000000000000000e+00  1.0000000000000000e+00
1653   5.4346889667460163e-01  4.4006801596386663e-01  1.0000000000000000e+00  1.0000000000000000e+00
1654   5.5324607923206826e-01  4.4000676245431136e-01  1.0000000000000000e+00  1.0000000000000000e+00
1655   5.6304914452718369e-01  4.3968754490190620e-01  1.0000000000000000e+00  1.0000000000000000e+00
1656   5.7287809255994848e-01  4.3911036330665132e-01  1.0000000000000000e+00  1.0000000000000000e+00
1657   5.8273292333036253e-01  4.3827521766854638e-01  1.0000000000000000e+00  1.0000000000000000e+00
1658   5.9261363683842549e-01  4.3718210798759172e-01  1.0000000000000000e+00  1.0000000000000000e+00
1659   5.9756693496128177e-01  4.3650657112568941e-01  1.0000000000000000e+00  1.0000000000000000e+00
1660   4.2427635167573208e-01  4.2889055398290843e-01  1.0000000000000000e+00  9.9999999999999989e-01
1661   4.2899670515974558e-01  4.3053669350665497e-01  1.0000000000000000e+00  9.9999999999999989e-01
1662   4.3846329486542185e-01  4.3357100851129798e-01  1.0000000000000000e+00  9.9999999999999989e-01
1663   4.4795576730874737e-01  4.3634735947309117e-01  1.0000000000000000e+00  9.9999999999999978e-01
1664   4.5747412248972197e-01  4.3886574639203441e-01  1.0000000000000000e+00  9.9999999999999989e-01
1665   4.6701836040834582e-01  4.4112616926812798e-01  1.0000000000000000e+00  9.9999999999999989e-01
1666   4.7658848106461876e-01  4.4312862810137160e-01  1.0000000000000000e+00  9.9999999999999989e-01
1667   4.8618448445854096e-01  4.4487312289176528e-01  1.0000000000000000e+00  9.9999999999999989e-01
1668   4.9580637059011229e-01  4.4635965363930907e-01  1.0000000000000000e+00  9.9999999999999989e-01
1669   5.0545413945933293e-01  4.4758822034400320e-01  1.0000000000000000e+00  9.9999999999999989e-01
1670   5.1512779106620254e-01  4.4855882300584732e-01  1.0000000000000000e+00  9.9999999999999989e-01
1671   5.2482732541072130e-01  4.4927146162484161e-01  1.0000000000000000e+00  9.9999999999999989e-01
1672   5.3455274249288942e-01  4.4972613620098595e-01  1.0000000000000000e+00  9.9999999999999989e-01
1673   5.4430404231270668e-01  4.4992284673428062e-01  1.0000000000000000e+00  9.9999999999999989e-01
1674   5.5408122487017319e-01  4.4986159322472541e-01  1.0000000000000000e+00  9.9999999999999989e-01
1675   5.6388429016528863e-01  4.4954237567232025e-01  1.0000000000000000e+00  9.9999999999999989e-01
1676   5.7371323819805342e-01  4.4896519407706531e-01  1.0000000000000000e+00  9.9999999999999989e-01
1677   5.8356806896846747e-01  4.4813004843896037e-01  1.0000000000000000e+00  9.9999999999999989e-01
1678   5.9344878247653043e-01  4.4703693875800571e-01  1.0000000000000000e+00  9.9999999999999989e-01
1679   5.9840208059938671e-01  4.4636140189610346e-01  1.0000000000000000e+00  9.9999999999999989e-01
1680   4.2485353327098696e-01  4.3871950201567322e-01  1.0000000000000000e+00  1.0000000000000000e+00
1681   4.2957388675500047e-01  4.4036564153941959e-01  1.0000000000000000e+00  1.0000000000000000e+00
1682   4.3904047646067684e-01  4.4339995654406272e-01  1.0000000000000000e+00  1.0000000000000000e+00
1683   4.4853294890400230e-01  4.4617630750585591e-01  1.0000000000000000e+00  9.9999999999999978e-01
1684   4.5805130408497685e-01  4.4869469442479909e-01  1.0000000000000000e+00  1.0000000000000000e+00
1685   4.6759554200360076e-01  4.5095511730089266e-01  1.0000000000000000e+00  1.0000000000000000e+00
1686   4.7716566265987376e-01  4.5295757613413623e-01  1.0000000000000000e+00  1.0000000000000000e+00
1687   4.8676166605379589e-01  4.5470207092452997e-01  1.0000000000000000e+00  1.0000000000000000e+00
1688   4.9638355218536728e-01  4.5618860167207381e-01  1.0000000000000000e+00  1.0000000000000000e+00
1689   5.0603132105458781e-01  4.5741716837676788e-01  1.0000000000000000e+00  1.0000000000000000e+00
1690   5.1570497266145732e-01  4.5838777103861200e-01  1.0000000000000000e+00  1.0000000000000000e+00
1691   5.2540450700597630e-01  4.5910040965760629e-01  1.0000000000000000e+00  1.0000000000000000e+00
1692   5.3512992408814430e-01  4.5955508423375074e-01  1.0000000000000000e+00  1.0000000000000000e+00
1693   5.4488122390796156e-01  4.5975179476704542e-01  1.0000000000000000e+00  1.0000000000000000e+00
1694   5.5465840646542808e-01  4.5969054125749009e-01  1.0000000000000000e+00  1.0000000000000000e+00
1695   5.6446147176054362e-01  4.5937132370508493e-01  1.0000000000000000e+00  1.0000000000000000e+00
1696   5.7429041979330842e-01  4.5879414210982994e-01  1.0000000000000000e+00  1.0000000000000000e+00
1697   5.8414525056372235e-01  4.5795899647172511e-01  1.0000000000000000e+00  1.0000000000000000e+00
1698   5.9402596407178532e-01  4.5686588679077039e-01  1.0000000000000000e+00  1.0000000000000000e+00
1699   5.9897926219464148e-01  4.5619034992886809e-01  1.0000000000000000e+00  1.0000000000000000e+00
1700   4.2517275082339218e-01  4.4852256731078888e-01  1.0000000000000000e+00  1.0000000000000000e+00
1701   4.2989310430740568e-01  4.5016870683453525e-01  1.0000000000000000e+00  1.0000000000000000e+00
1702   4.3935969401308200e-01  4.5320302183917832e-01  1.0000000000000000e+00  1.0000000000000000e+00
1703   4.4885216645640752e-01  4.5597937280097156e-01  1.0000000000000000e+00  9.9999999999999989e-01
1704   4.5837052163738207e-01  4.5849775971991474e-01  1.0000000000000000e+00  1.0000000000000000e+00
1705   4.6791475955600592e-01  4.6075818259600831e-01  1.0000000000000000e+00  1.0000000000000000e+00
1706   4.7748488021227892e-01  4.6276064142925188e-01  1.0000000000000000e+00  1.0000000000000000e+00
1707   4.8708088360620105e-01  4.6450513621964562e-01  1.0000000000000000e+00  1.0000000000000000e+00
1708   4.9670276973777244e-01  4.6599166696718947e-01  1.0000000000000000e+00  1.0000000000000000e+00
1709   5.0635053860699297e-01  4.6722023367188359e-01  1.0000000000000000e+00  1.0000000000000000e+00
1710   5.1602419021386259e-01  4.6819083633372771e-01  1.0000000000000000e+00  1.0000000000000000e+00
1711   5.2572372455838146e-01  4.6890347495272194e-01  1.0000000000000000e+00  1.0000000000000000e+00
1712   5.3544914164054946e-01  4.6935814952886640e-01  1.0000000000000000e+00  1.0000000000000000e+00
1713   5.4520044146036672e-01  4.6955486006216096e-01  1.0000000000000000e+00  1.0000000000000000e+00
1714   5.5497762401783324e-01  4.6949360655260575e-01  1.0000000000000000e+00  1.0000000000000000e+00
1715   5.6478068931294878e-01  4.6917438900020059e-01  1.0000000000000000e+00  1.0000000000000000e+00
1716   5.7460963734571358e-01  4.6859720740494559e-01  1.0000000000000000e+00  1.0000000000000000e+00
1717   5.8446446811612751e-01  4.6776206176684076e-01  1.0000000000000000e+00  1.0000000000000000e+00
1718   5.9434518162419059e-01  4.6666895208588599e-01  1.0000000000000000e+00  1.0000000000000000e+00
1719   5.9929847974704675e-01  4.6599341522398374e-01  1.0000000000000000e+00  1.0000000000000000e+00
1720   4.2523400433294739e-01  4.5829974986825522e-01  1.0000000000000000e+00  1.0000000000000000e+00
1721   4.2995435781696095e-01  4.5994588939200171e-01  1.0000000000000000e+00  1.0000000000000000e+00
1722   4.3942094752263722e-01  4.6298020439664467e-01  1.0000000000000000e+00  1.0000000000000000e+00
1723   4.4891341996596273e-01  4.6575655535843796e-01  1.0000000000000000e+00  9.9999999999999989e-01
1724   4.5843177514693728e-01  4.6827494227738120e-01  1.0000000000000000e+00  1.0000000000000000e+00
1725   4.6797601306556114e-01  4.7053536515347472e-01  1.0000000000000000e+00  1.0000000000000000e+00
1726   4.7754613372183419e-01  4.7253782398671829e-01  1.0000000000000000e+00  1.0000000000000000e+00
1727   4.8714213711575632e-01  4.7428231877711208e-01  1.0000000000000000e+00  1.0000000000000000e+00
1728   4.9676402324732760e-01  4.7576884952465587e-01  1.0000000000000000e+00  1.0000000000000000e+00
1729   5.0641179211654819e-01  4.7699741622934988e-01  1.0000000000000000e+00  1.0000000000000000e+00
1730   5.1608544372341780e-01  4.7796801889119406e-01  1.0000000000000000e+00  1.0000000000000000e+00
1731   5.2578497806793667e-01  4.7868065751018840e-01  1.0000000000000000e+00  1.0000000000000000e+00
1732   5.3551039515010468e-01  4.7913533208633274e-01  1.0000000000000000e+00  1.0000000000000000e+00
1733   5.4526169496992205e-01  4.7933204261962736e-01  1.0000000000000000e+00  1.0000000000000000e+00
1734   5.5503887752738845e-01  4.7927078911007209e-01  1.0000000000000000e+00  1.0000000000000000e+00
1735   5.6484194282250400e-01  4.7895157155766699e-01  1.0000000000000000e+00  1.0000000000000000e+00
1736   5.7467089085526879e-01  4.7837438996241205e-01  1.0000000000000000e+00  1.0000000000000000e+00
1737   5.8452572162568273e-01  4.7753924432430711e-01  1.0000000000000000e+00  1.0000000000000000e+00
1738   5.9440643513374580e-01  4.7644613464335245e-01  1.0000000000000000e+00  1.0000000000000000e+00
1739   5.9935973325660197e-01  4.7577059778145014e-01  1.0000000000000000e+00  1.0000000000000000e+00
1740   4.2503729379965283e-01  4.6805104968807254e-01  1.0000000000000000e+00  1.0000000000000000e+00
1741   4.2975764728366639e-01  4.6969718921181897e-01  1.0000000000000000e+00  1.0000000000000000e+00
1742   4.3922423698934265e-01  4.7273150421646198e-01  1.0000000000000000e+00  1.0000000000000000e+00
1743   4.4871670943266811e-01  4.7550785517825511e-01  1.0000000000000000e+00  1.0000000000000000e+00
1744   4.5823506461364272e-01  4.7802624209719841e-01  1.0000000000000000e+00  1.0000000000000000e+00
1745   4.6777930253226663e-01  4.8028666497329198e-01  1.0000000000000000e+00  1.0000000000000000e+00
1746   4.7734942318853962e-01  4.8228912380653560e-01  1.0000000000000000e+00  1.0000000000000000e+00
1747   4.8694542658246182e-01  4.8403361859692928e-01  1.0000000000000000e+00  1.0000000000000000e+00
1748   4.9656731271403315e-01  4.8552014934447313e-01  1.0000000000000000e+00  1.0000000000000000e+00
1749   5.0621508158325368e-01  4.8674871604916720e-01  1.0000000000000000e+00  1.0000000000000000e+00
1750   5.1588873319012329e-01  4.8771931871101137e-01  1.0000000000000000e+00  1.0000000000000000e+00
1751   5.2558826753464216e-01  4.8843195733000561e-01  1.0000000000000000e+00  1.0000000000000000e+00
1752   5.3531368461681028e-01  4.8888663190615006e-01  1.0000000000000000e+00  1.0000000000000000e+00
1753   5.4506498443662754e-01  4.8908334243944468e-01  1.0000000000000000e+00  1.0000000000000000e+00
1754   5.5484216699409405e-01  4.8902208892988946e-01  1.0000000000000000e+00  1.0000000000000000e+00
1755   5.6464523228920949e-01  4.8870287137748425e-01  1.0000000000000000e+00  1.0000000000000000e+00
1756   5.7447418032197428e-01  4.8812568978222931e-01  1.0000000000000000e+00  1.0000000000000000e+00
1757   5.8432901109238822e-01  4.8729054414412443e-01  1.0000000000000000e+00  1.0000000000000000e+00
1758   5.9420972460045129e-01  4.8619743446316965e-01  1.0000000000000000e+00  1.0000000000000000e+00
1759   5.9916302272330757e-01  4.8552189760126746e-01  1.0000000000000000e+00  1.0000000000000000e+00
1760   4.2458261922350843e-01  4.7777646677024055e-01  1.0000000000000000e+00  1.0000000000000000e+00
1761   4.2930297270752193e-01  4.7942260629398692e-01  1.0000000000000000e+00  1.0000000000000000e+00
1762   4.3876956241319820e-01  4.8245692129862999e-01  1.0000000000000000e+00  1.0000000000000000e+00
1763   4.4826203485652372e-01  4.8523327226042323e-01  1.0000000000000000e+00  9.9999999999999989e-01
1764   4.5778039003749832e-01  4.8775165917936647e-01  1.0000000000000000e+00  1.0000000000000000e+00
1765   4.6732462795612217e-01  4.9001208205545999e-01  1.0000000000000000e+00  1.0000000000000000e+00
1766   4.7689474861239517e-01  4.9201454088870356e-01  1.0000000000000000e+00  1.0000000000000000e+00
1767   4.8649075200631736e-01  4.9375903567909735e-01  1.0000000000000000e+00  1.0000000000000000e+00
1768   4.9611263813788870e-01  4.9524556642664114e-01  1.0000000000000000e+00  1.0000000000000000e+00
1769   5.0576040700710923e-01  4.9647413313133520e-01  1.0000000000000000e+00  1.0000000000000000e+00
1770   5.1543405861397884e-01  4.9744473579317938e-01  1.0000000000000000e+00  1.0000000000000000e+00
1771   5.2513359295849771e-01  4.9815737441217367e-01  1.0000000000000000e+00  1.0000000000000000e+00
1772   5.3485901004066572e-01  4.9861204898831801e-01  1.0000000000000000e+00  1.0000000000000000e+00
1773   5.4461030986048298e-01  4.9880875952161269e-01  1.0000000000000000e+00  1.0000000000000000e+00
1774   5.5438749241794949e-01  4.9874750601205742e-01  1.0000000000000000e+00  1.0000000000000000e+00
1775   5.6419055771306503e-01  4.9842828845965226e-01  1.0000000000000000e+00  1.0000000000000000e+00
1776   5.7401950574582983e-01  4.9785110686439732e-01  1.0000000000000000e+00  1.0000000000000000e+00
1777   5.8387433651624376e-01  4.9701596122629244e-01  1.0000000000000000e+00  1.0000000000000000e+00
1778   5.9375505002430684e-01  4.9592285154533772e-01  1.0000000000000000e+00  1.0000000000000000e+00
1779   5.9870834814716301e-01  4.9524731468343547e-01  1.0000000000000000e+00  1.0000000000000000e+00
1780   4.2386998060451408e-01  4.8747600111475942e-01  1.0000000000000000e+00  1.0000000000000000e+00
1781   4.2859033408852754e-01  4.8912214063850579e-01  1.0000000000000000e+00  1.0000000000000000e+00
1782   4.3805692379420386e-01  4.9215645564314880e-01  1.0000000000000000e+00  1.0000000000000000e+00
1783   4.4754939623752937e-01  4.9493280660494204e-01  1.0000000000000000e+00  9.9999999999999989e-01
1784   4.5706775141850398e-01  4.9745119352388534e-01  1.0000000000000000e+00  1.0000000000000000e+00
1785   4.6661198933712783e-01  4.9971161639997885e-01  1.0000000000000000e+00  1.0000000000000000e+00
1786   4.7618210999340083e-01  5.0171407523322242e-01  1.0000000000000000e+00  1.0000000000000000e+00
1787   4.8577811338732302e-01  5.0345857002361616e-01  1.0000000000000000e+00  1.0000000000000000e+00
1788   4.9539999951889435e-01  5.0494510077116006e-01  1.0000000000000000e+00  1.0000000000000000e+00
1789   5.0504776838811483e-01  5.0617366747585413e-01  1.0000000000000000e+00  1.0000000000000000e+00
1790   5.1472141999498455e-01  5.0714427013769825e-01  1.0000000000000000e+00  1.0000000000000000e+00
1791   5.2442095433950331e-01  5.0785690875669254e-01  1.0000000000000000e+00  1.0000000000000000e+00
1792   5.3414637142167143e-01  5.0831158333283688e-01  1.0000000000000000e+00  1.0000000000000000e+00
1793   5.4389767124148869e-01  5.0850829386613150e-01  1.0000000000000000e+00  1.0000000000000000e+00
1794   5.5367485379895509e-01  5.0844704035657629e-01  1.0000000000000000e+00  1.0000000000000000e+00
1795   5.6347791909407063e-01  5.0812782280417113e-01  1.0000000000000000e+00  1.0000000000000000e+00
1796   5.7330686712683554e-01  5.0755064120891613e-01  1.0000000000000000e+00  1.0000000000000000e+00
1797   5.8316169789724936e-01  5.0671549557081130e-01  1.0000000000000000e+00  1.0000000000000000e+00
1798   5.9304241140531255e-01  5.0562238588985653e-01  1.0000000000000000e+00  1.0000000000000000e+00
1799   5.9799570952816861e-01  5.0494684902795428e-01  1.0000000000000000e+00  1.0000000000000000e+00
1800   4.2289937794266996e-01  4.9714965272162903e-01  1.0000000000000000e+00  1.0000000000000000e+00
1801   4.2761973142668341e-01  4.9879579224537551e-01  1.0000000000000000e+00  1.0000000000000000e+00
1802   4.3708632113235973e-01  5.0183010725001853e-01  1.0000000000000000e+00  1.0000000000000000e+00
1803   4.4657879357568525e-01  5.0460645821181183e-01  1.0000000000000000e+00  9.9999999999999978e-01
1804   4.5609714875665985e-01  5.0712484513075495e-01  1.0000000000000000e+00  1.0000000000000000e+00
1805   4.6564138667528365e-01  5.0938526800684847e-01  1.0000000000000000e+00  1.0000000000000000e+00
1806   4.7521150733155665e-01  5.1138772684009215e-01  1.0000000000000000e+00  1.0000000000000000e+00
1807   4.8480751072547884e-01  5.1313222163048589e-01  1.0000000000000000e+00  1.0000000000000000e+00
1808   4.9442939685705012e-01  5.1461875237802968e-01  1.0000000000000000e+00  1.0000000000000000e+00
1809   5.0407716572627059e-01  5.1584731908272374e-01  1.0000000000000000e+00  1.0000000000000000e+00
1810   5.1375081733314032e-01  5.1681792174456787e-01  1.0000000000000000e+00  1.0000000000000000e+00
1811   5.2345035167765919e-01  5.1753056036356215e-01  1.0000000000000000e+00  1.0000000000000000e+00
1812   5.3317576875982731e-01  5.1798523493970661e-01  1.0000000000000000e+00  1.0000000000000000e+00
1813   5.4292706857964446e-01  5.1818194547300123e-01  1.0000000000000000e+00  1.0000000000000000e+00
1814   5.5270425113711097e-01  5.1812069196344601e-01  1.0000000000000000e+00  1.0000000000000000e+00
1815   5.6250731643222651e-01  5.1780147441104085e-01  1.0000000000000000e+00  1.0000000000000000e+00
1816   5.7233626446499120e-01  5.1722429281578586e-01  1.0000000000000000e+00  1.0000000000000000e+00
1817   5.8219109523540524e-01  5.1638914717768103e-01  1.0000000000000000e+00  1.0000000000000000e+00
1818   5.9207180874346832e-01  5.1529603749672626e-01  1.0000000000000000e+00  1.0000000000000000e+00
1819   5.9702510686632448e-01  5.1462050063482401e-01  1.0000000000000000e+00  1.0000000000000000e+00
1820   4.2167081123797590e-01  5.0679742159084951e-01  1.0000000000000000e+00  1.0000000000000000e+00
1821   4.2639116472198940e-01  5.0844356111459610e-01  1.0000000000000000e+00  1.0000000000000000e+00
1822   4.3585775442766561e-01  5.1147787611923901e-01  1.0000000000000000e+00  1.0000000000000000e+00
1823   4.4535022687099124e-01  5.1425422708103230e-01  1.0000000000000000e+00  9.9999999999999978e-01
1824   4.5486858205196579e-01  5.1677261399997554e-01  1.0000000000000000e+00  1.0000000000000000e+00
1825   4.6441281997058959e-01  5.1903303687606905e-01  1.0000000000000000e+00  1.0000000000000000e+00
1826   4.7398294062686264e-01  5.2103549570931262e-01  1.0000000000000000e+00  1.0000000000000000e+00
1827   4.8357894402078483e-01  5.2277999049970647e-01  1.0000000000000000e+00  1.0000000000000000e+00
1828   4.9320083015235616e-01  5.2426652124725026e-01  1.0000000000000000e+00  1.0000000000000000e+00
1829   5.0284859902157664e-01  5.2549508795194422e-01  1.0000000000000000e+00  1.0000000000000000e+00
1830   5.1252225062844625e-01  5.2646569061378834e-01  1.0000000000000000e+00  1.0000000000000000e+00
1831   5.2222178497296512e-01  5.2717832923278274e-01  1.0000000000000000e+00  1.0000000000000000e+00
1832   5.3194720205513324e-01  5.2763300380892719e-01  1.0000000000000000e+00  1.0000000000000000e+00
1833   5.4169850187495050e-01  5.2782971434222170e-01  1.0000000000000000e+00  1.0000000000000000e+00
1834   5.5147568443241690e-01  5.2776846083266649e-01  1.0000000000000000e+00  1.0000000000000000e+00
1835   5.6127874972753244e-01  5.2744924328026133e-01  1.0000000000000000e+00  1.0000000000000000e+00
1836   5.7110769776029713e-01  5.2687206168500633e-01  1.0000000000000000e+00  1.0000000000000000e+00
1837   5.8096252853071129e-01  5.2603691604690150e-01  1.0000000000000000e+00  1.0000000000000000e+00
1838   5.9084324203877425e-01  5.2494380636594684e-01  1.0000000000000000e+00  1.0000000000000000e+00
1839   5.9579654016163053e-01  5.2426826950404448e-01  1.0000000000000000e+00  1.0000000000000000e+00
1840   4.2018428049043199e-01  5.1641930772242095e-01  1.0000000000000000e+00  1.0000000000000000e+00
1841   4.2490463397444550e-01  5.1806544724616732e-01  1.0000000000000000e+00  1.0000000000000000e+00
1842   4.3437122368012182e-01  5.2109976225081034e-01  1.0000000000000000e+00  1.0000000000000000e+00
1843   4.4386369612344734e-01  5.2387611321260363e-01  1.0000000000000000e+00  9.9999999999999978e-01
1844   4.5338205130442188e-01  5.2639450013154687e-01  1.0000000000000000e+00  1.0000000000000000e+00
1845   4.6292628922304574e-01  5.2865492300764039e-01  1.0000000000000000e+00  1.0000000000000000e+00
1846   4.7249640987931868e-01  5.3065738184088396e-01  1.0000000000000000e+00  1.0000000000000000e+00
1847   4.8209241327324093e-01  5.3240187663127769e-01  1.0000000000000000e+00  1.0000000000000000e+00
1848   4.9171429940481226e-01  5.3388840737882159e-01  1.0000000000000000e+00  1.0000000000000000e+00
1849   5.0136206827403274e-01  5.3511697408351555e-01  1.0000000000000000e+00  1.0000000000000000e+00
1850   5.1103571988090246e-01  5.3608757674535978e-01  1.0000000000000000e+00  1.0000000000000000e+00
1851   5.2073525422542133e-01  5.3680021536435407e-01  1.0000000000000000e+00  1.0000000000000000e+00
1852   5.3046067130758934e-01  5.3725488994049841e-01  1.0000000000000000e+00  1.0000000000000000e+00
1853   5.4021197112740660e-01  5.3745160047379303e-01  1.0000000000000000e+00  1.0000000000000000e+00
1854   5.4998915368487300e-01  5.3739034696423782e-01  1.0000000000000000e+00  1.0000000000000000e+00
1855   5.5979221897998854e-01  5.3707112941183266e-01  1.0000000000000000e+00  1.0000000000000000e+00
1856   5.6962116701275334e-01  5.3649394781657767e-01  1.0000000000000000e+00  1.0000000000000000e+00
1857   5.7947599778316738e-01  5.3565880217847284e-01  1.0000000000000000e+00  1.0000000000000000e+00
1858   5.8935671129123046e-01  5.3456569249751806e-01  1.0000000000000000e+00  1.0000000000000000e+00
1859   5.9431000941408652e-01  5.3389015563561593e-01  1.0000000000000000e+00  1.0000000000000000e+00
1860   4.1843978570003826e-01  5.2601531111634303e-01  1.0000000000000000e+00  1.0000000000000000e+00
1861   4.2316013918405182e-01  5.2766145064008962e-01  1.0000000000000000e+00  1.0000000000000000e+00
1862   4.3262672888972808e-01  5.3069576564473242e-01  1.0000000000000000e+00  1.0000000000000000e+00
1863   4.4211920133305355e-01  5.3347211660652583e-01  1.0000000000000000e+00  9.9999999999999989e-01
1864   4.5163755651402815e-01  5.3599050352546906e-01  1.0000000000000000e+00  1.0000000000000000e+00
1865   4.6118179443265200e-01  5.3825092640156247e-01  1.0000000000000000e+00  1.0000000000000000e+00
1866   4.7075191508892500e-01  5.4025338523480615e-01  1.0000000000000000e+00  1.0000000000000000e+00
1867   4.8034791848284719e-01  5.4199788002519989e-01  1.0000000000000000e+00  1.0000000000000000e+00
1868   4.8996980461441852e-01  5.4348441077274368e-01  1.0000000000000000e+00  1.0000000000000000e+00
1869   4.9961757348363900e-01  5.4471297747743774e-01  1.0000000000000000e+00  1.0000000000000000e+00
1870   5.0929122509050861e-01  5.4568358013928187e-01  1.0000000000000000e+00  1.0000000000000000e+00
1871   5.1899075943502759e-01  5.4639621875827626e-01  1.0000000000000000e+00  1.0000000000000000e+00
1872   5.2871617651719560e-01  5.4685089333442061e-01  1.0000000000000000e+00  1.0000000000000000e+00
1873   5.3846747633701286e-01  5.4704760386771523e-01  1.0000000000000000e+00  1.0000000000000000e+00
1874   5.4824465889447938e-01  5.4698635035816001e-01  1.0000000000000000e+00  1.0000000000000000e+00
1875   5.5804772418959481e-01  5.4666713280575485e-01  1.0000000000000000e+00  1.0000000000000000e+00
1876   5.6787667222235960e-01  5.4608995121049997e-01  1.0000000000000000e+00  1.0000000000000000e+00
1877   5.7773150299277365e-01  5.4525480557239503e-01  1.0000000000000000e+00  1.0000000000000000e+00
1878   5.8761221650083661e-01  5.4416169589144037e-01  1.0000000000000000e+00  1.0000000000000000e+00
1879   5.9256551462369278e-01  5.4348615902953801e-01  1.0000000000000000e+00  1.0000000000000000e+00
1880   4.1643732686679469e-01  5.3558543177261608e-01  1.0000000000000000e+00  1.0000000000000000e+00
1881   4.2115768035080819e-01  5.3723157129636256e-01  1.0000000000000000e+00  1.0000000000000000e+00
1882   4.3062427005648451e-01  5.4026588630100558e-01  1.0000000000000000e+00  1.0000000000000000e+00
1883   4.4011674249980998e-01  5.4304223726279888e-01  1.0000000000000000e+00  9.9999999999999989e-01
1884   4.4963509768078458e-01  5.4556062418174212e-01  1.0000000000000000e+00  1.0000000000000000e+00
1885   4.5917933559940849e-01  5.4782104705783552e-01  1.0000000000000000e+00  1.0000000000000000e+00
1886   4.6874945625568143e-01  5.4982350589107920e-01  1.0000000000000000e+00  1.0000000000000000e+00
1887   4.7834545964960362e-01  5.5156800068147294e-01  1.0000000000000000e+00  1.0000000000000000e+00
1888   4.8796734578117495e-01  5.5305453142901684e-01  1.0000000000000000e+00  1.0000000000000000e+00
1889   4.9761511465039543e-01  5.5428309813371079e-01  1.0000000000000000e+00  1.0000000000000000e+00
1890   5.0728876625726516e-01  5.5525370079555492e-01  1.0000000000000000e+00  1.0000000000000000e+00
1891   5.1698830060178391e-01  5.5596633941454932e-01  1.0000000000000000e+00  1.0000000000000000e+00
1892   5.2671371768395203e-01  5.5642101399069366e-01  1.0000000000000000e+00  1.0000000000000000e+00
1893   5.3646501750376929e-01  5.5661772452398828e-01  1.0000000000000000e+00  1.0000000000000000e+00
1894   5.4624220006123581e-01  5.5655647101443306e-01  1.0000000000000000e+00  1.0000000000000000e+00
1895   5.5604526535635124e-01  5.5623725346202779e-01  1.0000000000000000e+00  1.0000000000000000e+00
1896   5.6587421338911603e-01  5.5566007186677291e-01  1.0000000000000000e+00  1.0000000000000000e+00
1897   5.7572904415952997e-01  5.5482492622866808e-01  1.0000000000000000e+00  1.0000000000000000e+00
1898   5.8560975766759316e-01  5.5373181654771331e-01  1.0000000000000000e+00  1.0000000000000000e+00
1899   5.9056305579044921e-01  5.5305627968581106e-01  1.0000000000000000e+00  1.0000000000000000e+00
1900   4.1417690399070117e-01  5.4512966969123988e-01  1.0000000000000000e+00  1.0000000000000000e+00
1901   4.1889725747471473e-01  5.4677580921498625e-01  1.0000000000000000e+00  1.0000000000000000e+00
1902   4.2836384718039100e-01  5.4981012421962927e-01  1.0000000000000000e+00  1.0000000000000000e+00
1903   4.3785631962371652e-01  5.5258647518142257e-01  1.0000000000000000e+00  9.9999999999999978e-01
1904   4.4737467480469106e-01  5.5510486210036580e-01  1.0000000000000000e+00  1.0000000000000000e+00
1905   4.5691891272331492e-01  5.5736528497645932e-01  1.0000000000000000e+00  1.0000000000000000e+00
1906   4.6648903337958791e-01  5.5936774380970300e-01  1.0000000000000000e+00  1.0000000000000000e+00
1907   4.7608503677351011e-01  5.6111223860009662e-01  1.0000000000000000e+00  1.0000000000000000e+00
1908   4.8570692290508144e-01  5.6259876934764053e-01  1.0000000000000000e+00  1.0000000000000000e+00
1909   4.9535469177430191e-01  5.6382733605233448e-01  1.0000000000000000e+00  1.0000000000000000e+00
1910   5.0502834338117153e-01  5.6479793871417860e-01  1.0000000000000000e+00  1.0000000000000000e+00
1911   5.1472787772569040e-01  5.6551057733317300e-01  1.0000000000000000e+00  1.0000000000000000e+00
1912   5.2445329480785852e-01  5.6596525190931735e-01  1.0000000000000000e+00  1.0000000000000000e+00
1913   5.3420459462767578e-01  5.6616196244261197e-01  1.0000000000000000e+00  1.0000000000000000e+00
1914   5.4398177718514229e-01  5.6610070893305675e-01  1.0000000000000000e+00  1.0000000000000000e+00
1915   5.5378484248025772e-01  5.6578149138065159e-01  1.0000000000000000e+00  1.0000000000000000e+00
1916   5.6361379051302252e-01  5.6520430978539671e-01  1.0000000000000000e+00  1.0000000000000000e+00
1917   5.7346862128343656e-01  5.6436916414729188e-01  1.0000000000000000e+00  1.0000000000000000e+00
1918   5.8334933479149953e-01  5.6327605446633711e-01  1.0000000000000000e+00  1.0000000000000000e+00
1919   5.8830263291435569e-01  5.6260051760443486e-01  1.0000000000000000e+00  1.0000000000000000e+00
1920   4.1165851707175788e-01  5.5464802487221443e-01  1.0000000000000000e+00  1.0000000000000000e+00
1921   4.1637887055577144e-01  5.5629416439596091e-01  1.0000000000000000e+00  1.0000000000000000e+00
1922   4.2584546026144771e-01  5.5932847940060393e-01  1.0000000000000000e+00  1.0000000000000000e+00
1923   4.3533793270477328e-01  5.6210483036239733e-01  1.0000000000000000e+00  9.9999999999999978e-01
1924   4.4485628788574777e-01  5.6462321728134046e-01  1.0000000000000000e+00  1.0000000000000000e+00
1925   4.5440052580437162e-01  5.6688364015743398e-01  1.0000000000000000e+00  1.0000000000000000e+00
1926   4.6397064646064462e-01  5.6888609899067766e-01  1.0000000000000000e+00  1.0000000000000000e+00
1927   4.7356664985456681e-01  5.7063059378107139e-01  1.0000000000000000e+00  1.0000000000000000e+00
1928   4.8318853598613809e-01  5.7211712452861518e-01  1.0000000000000000e+00  1.0000000000000000e+00
1929   4.9283630485535862e-01  5.7334569123330925e-01  1.0000000000000000e+00  1.0000000000000000e+00
1930   5.0250995646222829e-01  5.7431629389515337e-01  1.0000000000000000e+00  1.0000000000000000e+00
1931   5.1220949080674716e-01  5.7502893251414766e-01  1.0000000000000000e+00  1.0000000000000000e+00
1932   5.2193490788891528e-01  5.7548360709029200e-01  1.0000000000000000e+00  1.0000000000000000e+00
1933   5.3168620770873254e-01  5.7568031762358662e-01  1.0000000000000000e+00  1.0000000000000000e+00
1934   5.4146339026619894e-01  5.7561906411403152e-01  1.0000000000000000e+00  1.0000000000000000e+00
1935   5.5126645556131448e-01  5.7529984656162625e-01  1.0000000000000000e+00  1.0000000000000000e+00
1936   5.6109540359407917e-01  5.7472266496637125e-01  1.0000000000000000e+00  1.0000000000000000e+00
1937   5.7095023436449321e-01  5.7388751932826643e-01  1.0000000000000000e+00  1.0000000000000000e+00
1938   5.8083094787255629e-01  5.7279440964731165e-01  1.0000000000000000e+00  1.0000000000000000e+00
1939   5.8578424599541234e-01  5.7211887278540940e-01  1.0000000000000000e+00  1.0000000000000000e+00
1940   4.0888216610996475e-01  5.6414049731553995e-01  1.0000000000000000e+00  1.0000000000000000e+00
1941   4.1360251959397826e-01  5.6578663683928643e-01  1.0000000000000000e+00  1.0000000000000000e+00
1942   4.2306910929965458e-01  5.6882095184392933e-01  1.0000000000000000e+00  1.0000000000000000e+00
1943   4.3256158174298004e-01  5.7159730280572274e-01  1.0000000000000000e+00  9.9999999999999989e-01
1944   4.4207993692395464e-01  5.7411568972466598e-01  1.0000000000000000e+00  1.0000000000000000e+00
1945   4.5162417484257850e-01  5.7637611260075938e-01  1.0000000000000000e+00  1.0000000000000000e+00
1946   4.6119429549885149e-01  5.7837857143400306e-01  1.0000000000000000e+00  1.0000000000000000e+00
1947   4.7079029889277368e-01  5.8012306622439680e-01  1.0000000000000000e+00  1.0000000000000000e+00
1948   4.8041218502434502e-01  5.8160959697194070e-01  1.0000000000000000e+00  1.0000000000000000e+00
1949   4.9005995389356549e-01  5.8283816367663466e-01  1.0000000000000000e+00  1.0000000000000000e+00
1950   4.9973360550043511e-01  5.8380876633847878e-01  1.0000000000000000e+00  1.0000000000000000e+00
1951   5.0943313984495397e-01  5.8452140495747318e-01  1.0000000000000000e+00  1.0000000000000000e+00
1952   5.1915855692712209e-01  5.8497607953361752e-01  1.0000000000000000e+00  1.0000000000000000e+00
1953   5.2890985674693936e-01  5.8517279006691214e-01  1.0000000000000000e+00  1.0000000000000000e+00
1954   5.3868703930440576e-01  5.8511153655735693e-01  1.0000000000000000e+00  1.0000000000000000e+00
1955   5.4849010459952130e-01  5.8479231900495166e-01  1.0000000000000000e+00  1.0000000000000000e+00
1956   5.5831905263228598e-01  5.8421513740969677e-01  1.0000000000000000e+00  1.0000000000000000e+00
1957   5.6817388340270003e-01  5.8337999177159194e-01  1.0000000000000000e+00  1.0000000000000000e+00
1958   5.7805459691076311e-01  5.8228688209063717e-01  1.0000000000000000e+00  1.0000000000000000e+00
1959   5.8300789503361927e-01  5.8161134522873492e-01  1.0000000000000000e+00  1.0000000000000000e+00
1960   4.0584785110532168e-01  5.7360708702121621e-01  1.0000000000000000e+00  1.0000000000000000e+00
1961   4.1056820458933524e-01  5.7525322654496269e-01  1.0000000000000000e+00  1.0000000000000000e+00
1962   4.2003479429501150e-01  5.7828754154960560e-01  1.0000000000000000e+00  1.0000000000000000e+00
1963   4.2952726673833697e-01  5.8106389251139900e-01  1.0000000000000000e+00  9.9999999999999989e-01
1964   4.3904562191931157e-01  5.8358227943034224e-01  1.0000000000000000e+00  1.0000000000000000e+00
1965   4.4858985983793542e-01  5.8584270230643576e-01  1.0000000000000000e+00  1.0000000000000000e+00
1966   4.5815998049420847e-01  5.8784516113967933e-01  1.0000000000000000e+00  1.0000000000000000e+00
1967   4.6775598388813061e-01  5.8958965593007306e-01  1.0000000000000000e+00  1.0000000000000000e+00
1968   4.7737787001970194e-01  5.9107618667761697e-01  1.0000000000000000e+00  1.0000000000000000e+00
1969   4.8702563888892247e-01  5.9230475338231092e-01  1.0000000000000000e+00  1.0000000000000000e+00
1970   4.9669929049579203e-01  5.9327535604415504e-01  1.0000000000000000e+00  1.0000000000000000e+00
1971   5.0639882484031096e-01  5.9398799466314944e-01  1.0000000000000000e+00  1.0000000000000000e+00
1972   5.1612424192247908e-01  5.9444266923929379e-01  1.0000000000000000e+00  1.0000000000000000e+00
1973   5.2587554174229634e-01  5.9463937977258841e-01  1.0000000000000000e+00  1.0000000000000000e+00
1974   5.3565272429976274e-01  5.9457812626303319e-01  1.0000000000000000e+00  1.0000000000000000e+00
1975   5.4545578959487828e-01  5.9425890871062792e-01  1.0000000000000000e+00  1.0000000000000000e+00
1976   5.5528473762764297e-01  5.9368172711537304e-01  1.0000000000000000e+00  1.0000000000000000e+00
1977   5.6513956839805701e-01  5.9284658147726832e-01  1.0000000000000000e+00  1.0000000000000000e+00
1978   5.7502028190611998e-01  5.9175347179631343e-01  1.0000000000000000e+00  1.0000000000000000e+00
1979   5.7997358002897625e-01  5.9107793493441119e-01  1.0000000000000000e+00  1.0000000000000000e+00
1980   4.0420171158157525e-01  5.7832744050522977e-01  1.0000000000000000e+00  1.0000000000000000e+00
1981   4.0892206506558876e-01  5.7997358002897625e-01  1.0000000000000000e+00  1.0000000000000000e+00
1982   4.1838865477126508e-01  5.8300789503361916e-01  1.0000000000000000e+00  1.0000000000000000e+00
1983   4.2788112721459054e-01  5.8578424599541257e-01  1.0000000000000000e+00  9.9999999999999989e-01
1984   4.3739948239556514e-01  5.8830263291435581e-01  1.0000000000000000e+00  1.0000000000000000e+00
1985   4.4694372031418900e-01  5.9056305579044921e-01  1.0000000000000000e+00  1.0000000000000000e+00
1986   4.5651384097046199e-01  5.9256551462369289e-01  1.0000000000000000e+00  1.0000000000000000e+00
1987   4.6610984436438418e-01  5.9431000941408663e-01  1.0000000000000000e+00  1.0000000000000000e+00
1988   4.7573173049595552e-01  5.9579654016163053e-01  1.0000000000000000e+00  1.0000000000000000e+00
1989   4.8537949936517599e-01  5.9702510686632448e-01  1.0000000000000000e+00  1.0000000000000000e+00
1990   4.9505315097204561e-01  5.9799570952816861e-01  1.0000000000000000e+00  1.0000000000000000e+00
1991   5.0475268531656448e-01  5.9870834814716301e-01  1.0000000000000000e+00  1.0000000000000000e+00
1992   5.1447810239873260e-01  5.9916302272330735e-01  1.0000000000000000e+00  1.0000000000000000e+00
1993   5.2422940221854986e-01  5.9935973325660197e-01  1.0000000000000000e+00  1.0000000000000000e+00
1994   5.3400658477601626e-01  5.9929847974704675e-01  1.0000000000000000e+00  1.0000000000000000e+00
1995   5.4380965007113180e-01  5.9897926219464148e-01  1.0000000000000000e+00  1.0000000000000000e+00
1996   5.5363859810389648e-01  5.9840208059938660e-01  1.0000000000000000e+00  1.0000000000000000e+00
1997   5.6349342887431053e-01  5.9756693496128177e-01  1.0000000000000000e+00  1.0000000000000000e+00
1998   5.7337414238237361e-01  5.9647382528032700e-01  1.0000000000000000e+00  1.0000000000000000e+00
1999   5.7832744050522977e-01  5.9579828841842475e-01  1.0000000000000000e+00  1.0000000000000000e+00

0     0     0.000000e+00
1     0     0.000000e+00
2     0     0.000000e+00
3     0     0.000000e+00
4     0     0.000000e+00
5     0     0.000000e+00
6     0     0.000000e+00
7     0     0.000000e+00
8     0     0.000000e+00
9     0     0.000000e+00
10    0     0.000000e+00
11    0     0.000000e+00
12    0     0.000000e+00
13    0     0.000000e+00
14    0     0.000000e+00
15    0     0.000000e+00
16    0     0.000000e+00
17    0     0.000000e+00
18    0     0.000000e+00
19    0     0.000000e+00
20    0     0.000000e+00
21    0     0.000000e+00
22    0     0.000000e+00
23    0     0.000000e+00
24    0     0.000000e+00
25    0     0.000000e+00
26    0     0.000000e+00
27    0     0.000000e+00
28    0     0.000000e+00
29    0     0.000000e+00
30    0     0.000000e+00
31    0     0.000000e+00
32    0     0.000000e+00
33    0     0.000000e+00
34    0     0.000000e+00
35    0     0.000000e+00
36    0     0.000000e+00
37    0     0.000000e+00
38    0     0.000000e+00
39    0     0.000000e+00
40    0     0.000000e+00
41    0     0.000000e+00
42    0     0.000000e+00
43    0     0.000000e+00
44    0     0.000000e+00
45    0     0.000000e+00
46    0     0.000000e+00
47    0     0.000000e+00
48    0     0.000000e+00
49    0     0.000000e+00
50    0     0.000000e+00
51    0     0.000000e+00
52    0     0.000000e+00
53    0     0.000000e+00
54    0     0.000000e+00
55    0     0.000000e+00
56    0     0.000000e+00
57    0     0.000000e+00
58    0     0.000000e+00
59    0     0.000000e+00
60    0     0.000000e+00
61    0     0.000000e+00
62    0     0.000000e+00
63    0     0.000000e+00
64    0     0.000000e+00
65    0     0.000000e+00
66    0     0.000000e+00
67    0     0.000000e+00
68    0     0.000000e+00
69    0     0.000000e+00
70    0     0.000000e+00
71    0     0.000000e+00
72    0     0.000000e+00
73    0     0.000000e+00
74    0     0.000000e+00
75    0     0.000000e+00
76    0     0.000000e+00
77    0     0.000000e+00
78    0     0.000000e+00
79    0     0.000000e+00
80    0     0.000000e+00
81    0     0.000000e+00
82    0     0.000000e+00
83    0     0.000000e+00
84    0     0.000000e+00
85    0     0.000000e+00
86    0     0.000000e+00
87    0     0.000000e+00
88    0     0.000000e+00
89    0     0.000000e+00
90    0     0.000000e+00
91    0     0.000000e+00
92    0     0.000000e+00
93    0     0.000000e+00
94    0     0.000000e+00
95    0     0.000000e+00
96    0     0.000000e+00
97    0     0.000000e+00
98    0     0.000000e+00
99    0     0.000000e+00
100   0     0.000000e+00
101   0     0.000000e+00
102   0     0.000000e+00
103   0     0.000000e+00
104   0     0.000000e+00
105   0     0.000000e+00
106   0     0.000000e+00
107   0     0.000000e+00
108   0     0.000000e+00
109   0     0.000000e+00
110   0     0.000000e+00
111   0     0.000000e+00
112   0     0.000000e+00
113   0     0.000000e+00
114   0     0.000000e+00
115   0     0.000000e+00
116   0     0.000000e+00
117   0     0.000000e+00
118   0     0.000000e+00
119   0     0.000000e+00
120   0     0.000000e+00
121   0     0.000000e+00
122   0     0.000000e+00
123   0     0.000000e+00
124   0     0.000000e+00
125   0     0.000000e+00
126   0     0.000000e+00
127   0     0.000000e+00
128   0     0.000000e+00
129   0     0.000000e+00
130   0     0.000000e+00
131   0     0.000000e+00
132   0     0.000000e+00
133   0     0.000000e+00
134   0     0.000000e+00
135   0     0.000000e+00
136   0     0.000000e+00
137   0     0.000000e+00
138   0     0.000000e+00
139   0     0.000000e+00
140   0     0.000000e+00
141   0     0.000000e+00
142   0     0.000000e+00
143   0     0.000000e+00
144   0     0.000000e+00
145   0     0.000000e+00
146   0     0.000000e+00
147   0     0.000000e+00
148   0     0.000000e+00
149   0     0.000000e+00
150   0     0.000000e+00
151   0     0.000000e+00
152   0     0.000000e+00
153   0     0.000000e+00
154   0     0.000000e+00
155   0     0.000000e+00
156   0     0.000000e+00
157   0     0.000000e+00
158   0     0.000000e+00
159   0     0.000000e+00
160   0     0.000000e+00
161   0     0.000000e+00
162   0     0.000000e+00
163   0     0.000000e+00
164   0     0.000000e+00
165   0     0.000000e+00
166   0     0.000000e+00
167   0     0.000000e+00
168   0     0.000000e+00
169   0     0.000000e+00
170   0     0.000000e+00
171   0     0.000000e+00
172   0     0.000000e+00
173   0     0.000000e+00
174   0     0.000000e+00
175   0     0.000000e+00
176   0     0.000000e+00
177   0     0.000000e+00
178   0     0.000000e+00
179   0     0.000000e+00
180   0     0.000000e+00
181   0     0.000000e+00
182   0     0.000000e+00
183   0     0.000000e+00
184   0     0.000000e+00
185   0     0.000000e+00
186   0     0.000000e+00
187   0     0.000000e+00
188   0     0.000000e+00
189   0     0.000000e+00
190   0     0.000000e+00
191   0     0.000000e+00
192   0     0.000000e+00
193   0     0.000000e+00
194   0     0.000000e+00
195   0     0.000000e+00
196   0     0.000000e+00
197   0     0.000000e+00
198   0     0.000000e+00
199   0     0.000000e+00
200   0     0.000000e+00
201   0     0.000000e+00
202   0     0.000000e+00
203   0     0.000000e+00
204   0     0.000000e+00
205   0     0.000000e+00
206   0     0.000000e+00
207   0     0.000000e+00
208   0     0.000000e+00
209   0     0.000000e+00
210   0     0.000000e+00
211   0     0.000000e+00
212   0     0.000000e+00
213   0     0.000000e+00
214   0     0.000000e+00
215   0     0.000000e+00
216   0     0.000000e+00
217   0     0.000000e+00
218   0     0.000000e+00
219   0     0.000000e+00
220   0     0.000000e+00
221   0     0.000000e+00
222   0     0.000000e+00
223   0     0.000000e+00
224   0     0.000000e+00
225   0     0.000000e+00
226   0     0.000000e+00
227   0     0.000000e+00
228   0     0.000000e+00
229   0     0.000000e+00
230   0     0.000000e+00
231   0     0.000000e+00
232   0     0.000000e+00
233   0     0.000000e+00
234   0     0.000000e+00
235   0     0.000000e+00
236   0     0.000000e+00
237   0     0.000000e+00
238   0     0.000000e+00
239   0     0.000000e+00
240   0     0.000000e+00
241   0     0.000000e+00
242   0     0.000000e+00
243   0     0.000000e+00
244   0     0.000000e+00
245   0     0.000000e+00
246   0     0.000000e+00
247   0     0.000000e+00
248   0     0.000000e+00
249   0     0.000000e+00
250   0     0.000000e+00
251   0     0.000000e+00
252   0     0.000000e+00
253   0     0.000000e+00
254   0     0.000000e+00
255   0     0.000000e+00
256   0     0.000000e+00
257   0     0.000000e+00
258   0     0.000000e+00
259   0     0.000000e+00
260   0     0.000000e+00
261   0     0.000000e+00
262   0     0.000000e+00
263   0     0.000000e+00
264   0     0.000000e+00
265   0     0.000000e+00
266   0     0.000000e+00
267   0     0.000000e+00
268   0     0.000000e+00
269   0     0.000000e+00
270   0     0.000000e+00
271   0     0.000000e+00
272   0     0.000000e+00
273   0     0.000000e+00
274   0     0.000000e+00
275   0     0.000000e+00
276   0     0.000000e+00
277   0     0.000000e+00
278   0     0.000000e+00
279   0     0.000000e+00
280   0     0.000000e+00
281   0     0.000000e+00
282   0     0.000000e+00
283   0     0.000000e+00
284   0     0.000000e+00
285   0     0.000000e+00
286   0     0.000000e+00
287   0     0.000000e+00
288   0     0.000000e+00
289   0     0.000000e+00
290   0     0.000000e+00
291   0     0.000000e+00
292   0     0.000000e+00
293   0     0.000000e+00
294   0     0.000000e+00
295   0     0.000000e+00
296   0     0.000000e+00
297   0     0.000000e+00
298   0     0.000000e+00
299   0     0.000000e+00
300   0     0.000000e+00
301   0     0.000000e+00
302   0     0.000000e+00
303   0     0.000000e+00
304   0     0.000000e+00
305   0     0.000000e+00
306   0     0.000000e+00
307   0     0.000000e+00
308   0     0.000000e+00
309   0     0.000000e+00
310   0     0.000000e+00
311   0     0.000000e+00
312   0     0.000000e+00
313   0     0.000000e+00
314   0     0.000000e+00
315   0     0.000000e+00
316   0     0.000000e+00
317   0     0.000000e+00
318   0     0.000000e+00
319   0     0.000000e+00
320   0     0.000000e+00
321   0     0.000000e+00
322   0     0.000000e+00
323   0     0.000000e+00
324   0     0.000000e+00
325   0     0.000000e+00
326   0     0.000000e+00
327   0     0.000000e+00
328   0     0.000000e+00
329   0     0.000000e+00
330   0     0.000000e+00
331   0     0.000000e+00
332   0     0.000000e+00
333   0     0.000000e+00
334   0     0.000000e+00
335   0     0.000000e+00
336   0     0.000000e+00
337   0     0.000000e+00
338   0     0.000000e+00
339   0     0.000000e+00
340   0     0.000000e+00
341   0     0.000000e+00
342   0     0.000000e+00
343   0     0.000000e+00
344   0     0.000000e+00
345   0     0.000000e+00
346   0     0.000000e+00
347   0     0.000000e+00
348   0     0.000000e+00
349   0     0.000000e+00
350   0     0.000000e+00
351   0     0.000000e+00
352   0     0.000000e+00
353   0     0.000000e+00
354   0     0.000000e+00
355   0     0.000000e+00
356   0     0.000000e+00
357   0     0.000000e+00
358   0     0.000000e+00
359   0     0.000000e+00
360   0     0.000000e+00
361   0     0.000000e+00
362   0     0.000000e+00
363   0     0.000000e+00
364   0     0.000000e+00
365   0     0.000000e+00
366   0     0.000000e+00
367   0     0.000000e+00
368   0     0.000000e+00
369   0     0.000000e+00
370   0     0.000000e+00
371   0     0.000000e+00
372   0     0.000000e+00
373   0     0.000000e+00
374   0     0.000000e+00
375   0     0.000000e+00
376   0     0.000000e+00
377   0     0.000000e+00
378   0     0.000000e+00
379   0     0.000000e+00
380   0     0.000000e+00
381   0     0.000000e+00
382   0     0.000000e+00
383   0     0.000000e+00
384   0     0.000000e+00
385   0     0.000000e+00
386   0     0.000000e+00
387   0     0.000000e+00
388   0     0.000000e+00
389   0     0.000000e+00
390   0     0.000000e+00
391   0     0.000000e+00
392   0     0.000000e+00
393   0     0.000000e+00
394   0     0.000000e+00
395   0     0.000000e+00
396   0     0.000000e+00
397   0     0.000000e+00
398   0     0.000000e+00
399   0     0.000000e+00
400   0     0.000000e+00
401   0     0.000000e+00
402   0     0.000000e+00
403   0     0.000000e+00
404   0     0.000000e+00
405   0     0.000000e+00
406   0     0.000000e+00
407   0     0.000000e+00
408   0     0.000000e+00
409   0     0.000000e+00
410   0     0.000000e+00
411   0     0.000000e+00
412   0     0.000000e+00
413   0     0.000000e+00
414   0     0.000000e+00
415   0     0.000000e+00
416   0     0.000000e+00
417   0     0.000000e+00
418   0     0.000000e+00
419   0     0.000000e+00
420   0     0.000000e+00
439   0     0.000000e+00
440   0     0.000000e+00
459   0     0.000000e+00
460   0     0.000000e+00
479   0     0.000000e+00
480   0     0.000000e+00
499   0     0.000000e+00
500   0     0.000000e+00
519   0     0.000000e+00
520   0     0.000000e+00
539   0     0.000000e+00
540   0     0.000000e+00
559   0     0.000000e+00
560   0     0.000000e+00
579   0     0.000000e+00
580   0     0.000000e+00
599   0     0.000000e+00
600   0     0.000000e+00
619   0     0.000000e+00
620   0     0.000000e+00
639   0     0.000000e+00
640   0     0.000000e+00
659   0     0.000000e+00
660   0     0.000000e+00
679   0     0.000000e+00
680   0     0.000000e+00
699   0     0.000000e+00
700   0     0.000000e+00
719   0     0.000000e+00
720   0     0.000000e+00
739   0     0.000000e+00
740   0     0.000000e+00
759   0     0.000000e+00
760   0     0.000000e+00
779   0     0.000000e+00
780   0     0.000000e+00
781   0     0.000000e+00
782   0     0.000000e+00
783   0     0.000000e+00
784   0     0.000000e+00
785   0     0.000000e+00
786   0     0.000000e+00
787   0     0.000000e+00
788   0     0.000000e+00
789   0     0.000000e+00
790   0     0.000000e+00
791   0     0.000000e+00
792   0     0.000000e+00
793   0     0.000000e+00
794   0     0.000000e+00
795   0     0.000000e+00
796   0     0.000000e+00
797   0     0.000000e+00
798   0     0.000000e+00
799   0     0.000000e+00
800   0     0.000000e+00
801   0     0.000000e+00
802   0     0.000000e+00
803   0     0.000000e+00
804   0     0.000000e+00
805   0     0.000000e+00
806   0     0.000000e+00
807   0     0.000000e+00
808   0     0.000000e+00
809   0     0.000000e+00
810   0     0.000000e+00
811   0     0.000000e+00
812   0     0.000000e+00
813   0     0.000000e+00
814   0     0.000000e+00
815   0     0.000000e+00
816   0     0.000000e+00
817   0     0.000000e+00
818   0     0.000000e+00
819   0     0.000000e+00
820   0     0.000000e+00
839   0     0.000000e+00
840   0     0.000000e+00
859   0     0.000000e+00
860   0     0.000000e+00
879   0     0.000000e+00
880   0     0.000000e+00
899   0     0.000000e+00
900   0     0.000000e+00
919   0     0.000000e+00
920   0     0.000000e+00
939   0     0.000000e+00
940   0     0.000000e+00
959   0     0.000000e+00
960   0     0.000000e+00
979   0     0.000000e+00
980   0     0.000000e+00
999   0     0.000000e+00
1000  0     0.000000e+00
1019  0     0.000000e+00
1020  0     0.000000e+00
1039  0     0.000000e+00
1040  0     0.000000e+00
1059  0     0.000000e+00
1060  0     0.000000e+00
1079  0     0.000000e+00
1080  0     0.000000e+00
1099  0     0.000000e+00
1100  0     0.000000e+00
1119  0     0.000000e+00
1120  0     0.000000e+00
1139  0     0.000000e+00
1140  0     0.000000e+00
1159  0     0.000000e+00
1160  0     0.000000e+00
1179  0     0.000000e+00
1180  0     0.000000e+00
1181  0     0.000000e+00
1182  0     0.000000e+00
1183  0     0.000000e+00
1184  0     0.000000e+00
1185  0     0.000000e+00
1186  0     0.000000e+00
1187  0     0.000000e+00
1188  0     0.000000e+00
1189  0     0.000000e+00
1190  0     0.000000e+00
1191  0     0.000000e+00
1192  0     0.000000e+00
1193  0     0.000000e+00
1194  0     0.000000e+00
1195  0     0.000000e+00
1196  0     0.000000e+00
1197  0     0.000000e+00
1198  0     0.000000e+00
1199  0     0.000000e+00
1200  0     0.000000e+00
1201  0     0.000000e+00
1202  0     0.000000e+00
1203  0     0.000000e+00
1204  0     0.000000e+00
1205  0     0.000000e+00
1206  0     0.000000e+00
1207  0     0.000000e+00
1208  0     0.000000e+00
1209  0     0.000000e+00
1210  0     0.000000e+00
1211  0     0.000000e+00
1212  0     0.000000e+00
1213  0     0.000000e+00
1214  0     0.000000e+00
1215  0     0.000000e+00
1216  0     0.000000e+00
1217  0     0.000000e+00
1218  0     0.000000e+00
1219  0     0.000000e+00
1220  0     0.000000e+00
1239  0     0.000000e+00
1240  0     0.000000e+00
1259  0     0.000000e+00
1260  0     0.000000e+00
1279  0     0.000000e+00
1280  0     0.000000e+00
1299  0     0.000000e+00
1300  0     0.000000e+00
1319  0     0.000000e+00
1320  0     0.000000e+00
1339  0     0.000000e+00
1340  0     0.000000e+00
1359  0     0.000000e+00
1360  0     0.000000e+00
1379  0     0.000000e+00
1380  0     0.000000e+00
1399  0     0.000000e+00
1400  0     0.000000e+00
1419  0     0.000000e+00
1420  0     0.000000e+00
1439  0     0.000000e+00
1440  0     0.000000e+00
1459  0     0.000000e+00
1460  0     0.000000e+00
1479  0     0.000000e+00
1480  0     0.000000e+00
1499  0     0.000000e+00
1500  0     0.000000e+00
1519  0     0.000000e+00
1520  0     0.000000e+00
1539  0     0.000000e+00
1540  0     0.000000e+00
1559  0     0.000000e+00
1560  0     0.000000e+00
1579  0     0.000000e+00
1580  0     0.000000e+00
1581  0     0.000000e+00
1582  0     0.000000e+00
1583  0     0.000000e+00
1584  0     0.000000e+00
1585  0     0.000000e+00
1586  0     0.000000e+00
1587  0     0.000000e+00
1588  0     0.000000e+00
1589  0     0.000000e+00
1590  0     0.000000e+00
1591  0     0.000000e+00
1592  0     0.000000e+00
1593  0     0.000000e+00
1594  0     0.000000e+00
1595  0     0.000000e+00
1596  0     0.000000e+00
1597  0     0.000000e+00
1598  0     0.000000e+00
1599  0     0.000000e+00
1600  0     0.000000e+00
1601  0     0.000000e+00
1602  0     0.000000e+00
1603  0     0.000000e+00
1604  0     0.000000e+00
1605  0     0.000000e+00
1606  0     0.000000e+00
1607  0     0.000000e+00
1608  0     0.000000e+00
1609  0     0.000000e+00
1610  0     0.000000e+00
1611  0     0.000000e+00
1612  0     0.000000e+00
1613  0     0.000000e+00
1614  0     0.000000e+00
1615  0     0.000000e+00
1616  0     0.000000e+00
1617  0     0.000000e+00
1618  0     0.000000e+00
1619  0     0.000000e+00
1620  0     0.000000e+00
1621  0     0.000000e+00
1622  0     0.000000e+00
1623  0     0.000000e+00
1624  0     0.000000e+00
1625  0     0.000000e+00
1626  0     0.000000e+00
1627  0     0.000000e+00
1628  0     0.000000e+00
1629  0     0.000000e+00
1630  0     0.000000e+00
1631  0     0.000000e+00
1632  0     0.000000e+00
1633  0     0.000000e+00
1634  0     0.000000e+00
1635  0     0.000000e+00
1636  0     0.000000e+00
1637  0     0.000000e+00
1638  0     0.000000e+00
1639  0     0.000000e+00
1640  0     0.000000e+00
1641  0     0.000000e+00
1642  0     0.000000e+00
1643  0     0.000000e+00
1644  0     0.000000e+00
1645  0     0.000000e+00
1646  0     0.000000e+00
1647  0     0.000000e+00
1648  0     0.000000e+00
1649  0     0.000000e+00
1650  0     0.000000e+00
1651  0     0.000000e+00
1652  0     0.000000e+00
1653  0     0.000000e+00
1654  0     0.000000e+00
1655  0     0.000000e+00
1656  0     0.000000e+00
1657  0     0.000000e+00
1658  0     0.000000e+00
1659  0     0.000000e+00
1660  0     0.000000e+00
1661  0     0.000000e+00
1662  0     0.000000e+00
1663  0     0.000000e+00
1664  0     0.000000e+00
1665  0     0.000000e+00
1666  0     0.000000e+00
1667  0     0.000000e+00
1668  0     0.000000e+00
1669  0     0.000000e+00
1670  0     0.000000e+00
1671  0     0.000000e+00
1672  0     0.000000e+00
1673  0     0.000000e+00
1674  0     0.000000e+00
1675  0     0.000000e+00
1676  0     0.000000e+00
1677  0     0.000000e+00
1678  0     0.000000e+00
1679  0     0.000000e+00
1680  0     0.000000e+00
1681  0     0.000000e+00
1682  0     0.000000e+00
1683  0     0.000000e+00
1684  0     0.000000e+00
1685  0     0.000000e+00
1686  0     0.000000e+00
1687  0     0.000000e+00
1688  0     0.000000e+00
1689  0     0.000000e+00
1690  0     0.000000e+00
1691  0     0.000000e+00
1692  0     0.000000e+00
1693  0     0.000000e+00
1694  0     0.000000e+00
1695  0     0.000000e+00
1696  0     0.000000e+00
1697  0     0.000000e+00
1698  0     0.000000e+00
1699  0     0.000000e+00
1700  0     0.000000e+00
1701  0     0.000000e+00
1702  0     0.000000e+00
1703  0     0.000000e+00
1704  0     0.000000e+00
1705  0     0.000000e+00
1706  0     0.000000e+00
1707  0     0.000000e+00
1708  0     0.000000e+00
1709  0     0.000000e+00
1710  0     0.000000e+00
1711  0     0.000000e+00
1712  0     0.000000e+00
1713  0     0.000000e+00
1714  0     0.000000e+00
1715  0     0.000000e+00
1716  0     0.000000e+00
1717  0     0.000000e+00
1718  0     0.000000e+00
1719  0     0.000000e+00
1720  0     0.000000e+00
1721  0     0.000000e+00
1722  0     0.000000e+00
1723  0     0.000000e+00
1724  0     0.000000e+00
1725  0     0.000000e+00
1726  0     0.000000e+00
1727  0     0.000000e+00
1728  0     0.000000e+00
1729  0     0.000000e+00
1730  0     0.000000e+00
1731  0     0.000000e+00
1732  0     0.000000e+00
1733  0     0.000000e+00
1734  0     0.000000e+00
1735  0     0.000000e+00
1736  0     0.000000e+00
1737  0     0.000000e+00
1738  0     0.000000e+00
1739  0     0.000000e+00
1740  0     0.000000e+00
1741  0     0.000000e+00
1742  0     0.000000e+00
1743  0     0.000000e+00
1744  0     0.000000e+00
1745  0     0.000000e+00
1746  0     0.000000e+00
1747  0     0.000000e+00
1748  0     0.000000e+00
1749  0     0.000000e+00
1750  0     0.000000e+00
1751  0     0.000000e+00
1752  0     0.000000e+00
1753  0     0.000000e+00
1754  0     0.000000e+00
1755  0     0.000000e+00
1756  0     0.000000e+00
1757  0     0.000000e+00
1758  0     0.000000e+00
1759  0     0.000000e+00
1760  0     0.000000e+00
1761  0     0.000000e+00
1762  0     0.000000e+00
1763  0     0.000000e+00
1764  0     0.000000e+00
1765  0     0.000000e+00
1766  0     0.000000e+00
1767  0     0.000000e+00
1768  0     0.000000e+00
1769  0     0.000000e+00
1770  0     0.000000e+00
1771  0     0.000000e+00
1772  0     0.000000e+00
1773  0     0.000000e+00
1774  0     0.000000e+00
1775  0     0.000000e+00
1776  0     0.000000e+00
1777  0     0.000000e+00
1778  0     0.000000e+00
1779  0     0.000000e+00
1780  0     0.000000e+00
1781  0     0.000000e+00
1782  0     0.000000e+00
1783  0     0.000000e+00
1784  0     0.000000e+00
1785  0     0.000000e+00
1786  0     0.000000e+00
1787  0     0.000000e+00
1788  0     0.000000e+00
1789  0     0.000000e+00
1790  0     0.000000e+00
1791  0     0.000000e+00
1792  0     0.000000e+00
1793  0     0.000000e+00
1794  0     0.000000e+00
1795  0     0.000000e+00
1796  0     0.000000e+00
1797  0     0.000000e+00
1798  0     0.000000e+00
1799  0     0.000000e+00
1800  0     0.000000e+00
1801  0     0.000000e+00
1802  0     0.000000e+00
1803  0     0.000000e+00
1804  0     0.000000e+00
1805  0     0.000000e+00
1806  0     0.000000e+00
1807  0     0.000000e+00
1808  0     0.000000e+00
1809  0     0.000000e+00
1810  0     0.000000e+00
1811  0     0.000000e+00
1812  0     0.000000e+00
1813  0     0.000000e+00
1814  0     0.000000e+00
1815  0     0.000000e+00
1816  0     0.000000e+00
1817  0     0.000000e+00
1818  0     0.000000e+00
1819  0     0.000000e+00
1820  0     0.000000e+00
1821  0     0.000000e+00
1822  0     0.000000e+00
1823  0     0.000000e+00
1824  0     0.000000e+00
1825  0     0.000000e+00
1826  0     0.000000e+00
1827  0     0.000000e+00
1828  0     0.000000e+00
1829  0     0.000000e+00
1830  0     0.000000e+00
1831  0     0.000000e+00
1832  0     0.000000e+00
1833  0     0.000000e+00
1834  0     0.000000e+00
1835  0     0.000000e+00
1836  0     0.000000e+00
1837  0     0.000000e+00
1838  0     0.000000e+00
1839  0     0.000000e+00
1840  0     0.000000e+00
1841  0     0.000000e+00
1842  0     0.000000e+00
1843  0     0.000000e+00
1844  0     0.000000e+00
1845  0     0.000000e+00
1846  0     0.000000e+00
1847  0     0.000000e+00
1848  0     0.000000e+00
1849  0     0.000000e+00
1850  0     0.000000e+00
1851  0     0.000000e+00
1852  0     0.000000e+00
1853  0     0.000000e+00
1854  0     0.000000e+00
1855  0     0.000000e+00
1856  0     0.000000e+00
1857  0     0.000000e+00
1858  0     0.000000e+00
1859  0     0.000000e+00
1860  0     0.000000e+00
1861  0     0.000000e+00
1862  0     0.000000e+00
1863  0     0.000000e+00
1864  0     0.000000e+00
1865  0     0.000000e+00
1866  0     0.000000e+00
1867  0     0.000000e+00
1868  0     0.000000e+00
1869  0     0.000000e+00
1870  0     0.000000e+00
1871  0     0.000000e+00
1872  0     0.000000e+00
1873  0     0.000000e+00
1874  0     0.000000e+00
1875  0     0.000000e+00
1876  0     0.000000e+00
1877  0     0.000000e+00
1878  0     0.000000e+00
1879  0     0.000000e+00
1880  0     0.000000e+00
1881  0     0.000000e+00
1882  0     0.000000e+00
1883  0     0.000000e+00
1884  0     0.000000e+00
1885  0     0.000000e+00
1886  0     0.000000e+00
1887  0     0.000000e+00
1888  0     0.000000e+00
1889  0     0.000000e+00
1890  0     0.000000e+00
1891  0     0.000000e+00
1892  0     0.000000e+00
1893  0     0.000000e+00
1894  0     0.000000e+00
1895  0     0.000000e+00
1896  0     0.000000e+00
1897  0     0.000000e+00
1898  0     0.000000e+00
1899  0     0.000000e+00
1900  0     0.000000e+00
1901  0     0.000000e+00
1902  0     0.000000e+00
1903  0     0.000000e+00
1904  0     0.000000e+00
1905  0     0.000000e+00
1906  0     0.000000e+00
1907  0     0.000000e+00
1908  0     0.000000e+00
1909  0     0.000000e+00
1910  0     0.000000e+00
1911  0     0.000000e+00
1912  0     0.000000e+00
1913  0     0.000000e+00
1914  0     0.000000e+00
1915  0     0.000000e+00
1916  0     0.000000e+00
1917  0     0.000000e+00
1918  0     0.000000e+00
1919  0     0.000000e+00
1920  0     0.000000e+00
1921  0     0.000000e+00
1922  0     0.000000e+00
1923  0     0.000000e+00
1924  0     0.000000e+00
1925  0     0.000000e+00
1926  0     0.000000e+00
1927  0     0.000000e+00
1928  0     0.000000e+00
1929  0     0.000000e+00
1930  0     0.000000e+00
1931  0     0.000000e+00
1932  0     0.000000e+00
1933  0     0.000000e+00
1934  0     0.000000e+00
1935  0     0.000000e+00
1936  0     0.000000e+00
1937  0     0.000000e+00
1938  0     0.000000e+00
1939  0     0.000000e+00
1940  0     0.000000e+00
1941  0     0.000000e+00
1942  0     0.000000e+00
1943  0     0.000000e+00
1944  0     0.000000e+00
1945  0     0.000000e+00
1946  0     0.000000e+00
1947  0     0.000000e+00
1948  0     0.000000e+00
1949  0     0.000000e+00
1950  0     0.000000e+00
1951  0     0.000000e+00
1952  0     0.000000e+00
1953  0     0.000000e+00
1954  0     0.000000e+00
1955  0     0.000000e+00
1956  0     0.000000e+00
1957  0     0.000000e+00
1958  0     0.000000e+00
1959  0     0.000000e+00
1960  0     0.000000e+00
1961  0     0.000000e+00
1962  0     0.000000e+00
1963  0     0.000000e+00
1964  0     0.000000e+00
1965  0     0.000000e+00
1966  0     0.000000e+00
1967  0     0.000000e+00
1968  0     0.000000e+00
1969  0     0.000000e+00
1970  0     0.000000e+00
1971  0     0.000000e+00
1972  0     0.000000e+00
1973  0     0.000000e+00
1974  0     0.000000e+00
1975  0     0.000000e+00
1976  0     0.000000e+00
1977  0     0.000000e+00
1978  0     0.000000e+00
1979  0     0.000000e+00
1980  0     0.000000e+00
1981  0     0.000000e+00
1982  0     0.000000e+00
1983  0     0.000000e+00
1984  0     0.000000e+00
1985  0     0.000000e+00
1986  0     0.000000e+00
1987  0     0.000000e+00
1988  0     0.000000e+00
1989  0     0.000000e+00
1990  0     0.000000e+00
1991  0     0.000000e+00
1992  0     0.000000e+00
1993  0     0.000000e+00
1994  0     0.000000e+00
1995  0     0.000000e+00
1996  0     0.000000e+00
1997  0     0.000000e+00
1998  0     0.000000e+00
1999  0     0.000000e+00
0     1     0.000000e+00
1     1     0.000000e+00
2     1     0.000000e+00
3     1     0.000000e+00
4     1     0.000000e+00
5     1     0.000000e+00
6     1     0.000000e+00
7     1     0.000000e+00
8     1     0.000000e+00
9     1     0.000000e+00
10    1     0.000000e+00
11    1     0.000000e+00
12    1     0.000000e+00
13    1     0.000000e+00
14    1     0.000000e+00
15    1     0.000000e+00
16    1     0.000000e+00
17    1     0.000000e+00
18    1     0.000000e+00
19    1     0.000000e+00
20    1     0.000000e+00
21    1     0.000000e+00
22    1     0.000000e+00
23    1     0.000000e+00
24    1     0.000000e+00
25    1     0.000000e+00
26    1     0.000000e+00
27    1     0.000000e+00
28    1     0.000000e+00
29    1     0.000000e+00
30    1     0.000000e+00
31    1     0.000000e+00
32    1     0.000000e+00
33    1     0.000000e+00
34    1     0.000000e+00
35    1     0.000000e+00
36    1     0.000000e+00
37    1     0.000000e+00
38    1     0.000000e+00
39    1     0.000000e+00
40    1     0.000000e+00
41    1     0.000000e+00
42    1     0.000000e+00
43    1     0.000000e+00
44    1     0.000000e+00
45    1     0.000000e+00
46    1     0.000000e+00
47    1     0.000000e+00
48    1     0.000000e+00
49    1     0.000000e+00
50    1     0.000000e+00
51    1     0.000000e+00
52    1     0.000000e+00
53    1     0.000000e+00
54    1     0.000000e+00
55    1     0.000000e+00
56    1     0.000000e+00
57    1     0.000000e+00
58    1     0.000000e+00
59    1     0.000000e+00
60    1     0.000000e+00
61    1     0.000000e+00
62    1     0.000000e+00
63    1     0.000000e+00
64    1     0.000000e+00
65    1     0.000000e+00
66    1     0.000000e+00
67    1     0.000000e+00
68    1     0.000000e+00
69    1     0.000000e+00
70    1     0.000000e+00
71    1     0.000000e+00
72    1     0.000000e+00
73    1     0.000000e+00
74    1     0.000000e+00
75    1     0.000000e+00
76    1     0.000000e+00
77    1     0.000000e+00
78    1     0.000000e+00
79    1     0.000000e+00
80    1     0.000000e+00
81    1     0.000000e+00
82    1     0.000000e+00
83    1     0.000000e+00
84    1     0.000000e+00
85    1     0.000000e+00
86    1     0.000000e+00
87    1     0.000000e+00
88    1     0.000000e+00
89    1     0.000000e+00
90    1     0.000000e+00
91    1     0.000000e+00
92    1     0.000000e+00
93    1     0.000000e+00
94    1     0.000000e+00
95    1     0.000000e+00
96    1     0.000000e+00
97    1     0.000000e+00
98    1     0.000000e+00
99    1     0.000000e+00
100   1     0.000000e+00
101   1     0.000000e+00
102   1     0.000000e+00
103   1     0.000000e+00
104   1     0.000000e+00
105   1     0.000000e+00
106   1     0.000000e+00
107   1     0.000000e+00
108   1     0.000000e+00
109   1     0.000000e+00
110   1     0.000000e+00
111   1     0.000000e+00
112   1     0.000000e+00
113   1     0.000000e+00
114   1     0.000000e+00
115   1     0.000000e+00
116   1     0.000000e+00
117   1     0.000000e+00
118   1     0.000000e+00
119   1     0.000000e+00
120   1     0.000000e+00
121   1     0.000000e+00
122   1     0.000000e+00
123   1     0.000000e+00
124   1     0.000000e+00
125   1     0.000000e+00
126   1     0.000000e+00
127   1     0.000000e+00
128   1     0.000000e+00
129   1     0.000000e+00
130   1     0.000000e+00
131   1     0.000000e+00
132   1     0.000000e+00
133   1     0.000000e+00
134   1     0.000000e+00
135   1     0.000000e+00
136   1     0.000000e+00
137   1     0.000000e+00
138   1     0.000000e+00
139   1     0.000000e+00
140   1     0.000000e+00
141   1     0.000000e+00
142   1     0.000000e+00
143   1     0.000000e+00
144   1     0.000000e+00
145   1     0.000000e+00
146   1     0.000000e+00
147   1     0.000000e+00
148   1     0.000000e+00
149   1     0.000000e+00
150   1     0.000000e+00
151   1     0.000000e+00
152   1     0.000000e+00
153   1     0.000000e+00
154   1     0.000000e+00
155   1     0.000000e+00
156   1     0.000000e+00
157   1     0.000000e+00
158   1     0.000000e+00
159   1     0.000000e+00
160   1     0.000000e+00
161   1     0.000000e+00
162   1     0.000000e+00
163   1     0.000000e+00
164   1     0.000000e+00
165   1     0.000000e+00
166   1     0.000000e+00
167   1     0.000000e+00
168   1     0.000000e+00
169   1     0.000000e+00
170   1     0.000000e+00
171   1     0.000000e+00
172   1     0.000000e+00
173   1     0.000000e+00
174   1     0.000000e+00
175   1     0.000000e+00
176   1     0.000000e+00
177   1     0.000000e+00
178   1     0.000000e+00
179   1     0.000000e+00
180   1     0.000000e+00
181   1     0.000000e+00
182   1     0.000000e+00
183   1     0.000000e+00
184   1     0.000000e+00
185   1     0.000000e+00
186   1     0.000000e+00
187   1     0.000000e+00
188   1     0.000000e+00
189   1     0.000000e+00
190   1     0.000000e+00
191   1     0.000000e+00
192   1     0.000000e+00
193   1     0.000000e+00
194   1     0.000000e+00
195   1     0.000000e+00
196   1     0.000000e+00
197   1     0.000000e+00
198   1     0.000000e+00
199   1     0.000000e+00
200   1     0.000000e+00
201   1     0.000000e+00
202   1     0.000000e+00
203   1     0.000000e+00
204   1     0.000000e+00
205   1     0.000000e+00
206   1     0.000000e+00
207   1     0.000000e+00
208   1     0.000000e+00
209   1     0.000000e+00
210   1     0.000000e+00
211   1     0.000000e+00
212   1     0.000000e+00
213   1     0.000000e+00
214   1     0.000000e+00
215   1     0.000000e+00
216   1     0.000000e+00
217   1     0.000000e+00
218   1     0.000000e+00
219   1     0.000000e+00
220   1     0.000000e+00
221   1     0.000000e+00
222   1     0.000000e+00
223   1     0.000000e+00
224   1     0.000000e+00
225   1     0.000000e+00
226   1     0.000000e+00
227   1     0.000000e+00
228   1     0.000000e+00
229   1     0.000000e+00
230   1     0.000000e+00
231   1     0.000000e+00
232   1     0.000000e+00
233   1     0.000000e+00
234   1     0.000000e+00
235   1     0.000000e+00
236   1     0.000000e+00
237   1     0.000000e+00
238   1     0.000000e+00
239   1     0.000000e+00
240   1     0.000000e+00
241   1     0.000000e+00
242   1     0.000000e+00
243   1     0.000000e+00
244   1     0.000000e+00
245   1     0.000000e+00
246   1     0.000000e+00
247   1     0.000000e+00
248   1     0.000000e+00
249   1     0.000000e+00
250   1     0.000000e+00
251   1     0.000000e+00
252   1     0.000000e+00
253   1     0.000000e+00
254   1     0.000000e+00
255   1     0.000000e+00
256   1     0.000000e+00
257   1     0.000000e+00
258   1     0.000000e+00
259   1     0.000000e+00
260   1     0.000000e+00
261   1     0.000000e+00
262   1     0.000000e+00
263   1     0.000000e+00
264   1     0.000000e+00
265   1     0.000000e+00
266   1     0.000000e+00
267   1     0.000000e+00
268   1     0.000000e+00
269   1     0.000000e+00
270   1     0.000000e+00
271   1     0.000000e+00
272   1     0.000000e+00
273   1     0.000000e+00
274   1     0.000000e+00
275   1     0.000000e+00
276   1     0.000000e+00
277   1     0.000000e+00
278   1     0.000000e+00
279   1     0.000000e+00
280   1     0.000000e+00
281   1     0.000000e+00
282   1     0.000000e+00
283   1     0.000000e+00
284   1     0.000000e+00
285   1     0.000000e+00
286   1     0.000000e+00
287   1     0.000000e+00
288   1     0.000000e+00
289   1     0.000000e+00
290   1     0.000000e+00
291   1     0.000000e+00
292   1     0.000000e+00
293   1     0.000000e+00
294   1     0.000000e+00
295   1     0.000000e+00
296   1     0.000000e+00
297   1     0.000000e+00
298   1     0.000000e+00
299   1     0.000000e+00
300   1     0.000000e+00
301   1     0.000000e+00
302   1     0.000000e+00
303   1     0.000000e+00
304   1     0.000000e+00
305   1     0.000000e+00
306   1     0.000000e+00
307   1     0.000000e+00
308   1     0.000000e+00
309   1     0.000000e+00
310   1     0.000000e+00
311   1     0.000000e+00
312   1     0.000000e+00
313   1     0.000000e+00
314   1     0.000000e+00
315   1     0.000000e+00
316   1     0.000000e+00
317   1     0.000000e+00
318   1     0.000000e+00
319   1     0.000000e+00
320   1     0.000000e+00
321   1     0.000000e+00
322   1     0.000000e+00
323   1     0.000000e+00
324   1     0.000000e+00
325   1     0.000000e+00
326   1     0.000000e+00
327   1     0.000000e+00
328   1     0.000000e+00
329   1     0.000000e+00
330   1     0.000000e+00
331   1     0.000000e+00
332   1     0.000000e+00
333   1     0.000000e+00
334   1     0.000000e+00
335   1     0.000000e+00
336   1     0.000000e+00
337   1     0.000000e+00
338   1     0.000000e+00
339   1     0.000000e+00
340   1     0.000000e+00
341   1     0.000000e+00
342   1     0.000000e+00
343   1     0.000000e+00
344   1     0.000000e+00
345   1     0.000000e+00
346   1     0.000000e+00
347   1     0.000000e+00
348   1     0.000000e+00
349   1     0.000000e+00
350   1     0.000000e+00
351   1     0.000000e+00
352   1     0.000000e+00
353   1     0.000000e+00
354   1     0.000000e+00
355   1     0.000000e+00
356   1     0.000000e+00
357   1     0.000000e+00
358   1     0.000000e+00
359   1     0.000000e+00
360   1     0.000000e+00
361   1     0.000000e+00
362   1     0.000000e+00
363   1     0.000000e+00
364   1     0.000000e+00
365   1     0.000000e+00
366   1     0.000000e+00
367   1     0.000000e+00
368   1     0.000000e+00
369   1     0.000000e+00
370   1     0.000000e+00
371   1     0.000000e+00
372   1     0.000000e+00
373   1     0.000000e+00
374   1     0.000000e+00
375   1     0.000000e+00
376   1     0.000000e+00
377   1     0.000000e+00
378   1     0.000000e+00
379   1     0.000000e+00
380   1     0.000000e+00
381   1     0.000000e+00
382   1     0.000000e+00
383   1     0.000000e+00
384   1     0.000000e+00
385   1     0.000000e+00
386   1     0.000000e+00
387   1     0.000000e+00
388   1     0.000000e+00
389   1     0.000000e+00
390   1     0.000000e+00
391   1     0.000000e+00
392   1     0.000000e+00
393   1     0.000000e+00
394   1     0.000000e+00
395   1     0.000000e+00
396   1     0.000000e+00
397   1     0.000000e+00
398   1     0.000000e+00
399   1     0.000000e+00
400   1     0.000000e+00
401   1     0.000000e+00
402   1     0.000000e+00
403   1     0.000000e+00
404   1     0.000000e+00
405   1     0.000000e+00
406   1     0.000000e+00
407   1     0.000000e+00
408   1     0.000000e+00
409   1     0.000000e+00
410   1     0.000000e+00
411   1     0.000000e+00
412   1     0.000000e+00
413   1     0.000000e+00
414   1     0.000000e+00
415   1     0.000000e+00
416   1     0.000000e+00
417   1     0.000000e+00
418   1     0.000000e+00
419   1     0.000000e+00
420   1     0.000000e+00
439   1     0.000000e+00
440   1     0.000000e+00
459   1     0.000000e+00
460   1     0.000000e+00
479   1     0.000000e+00
480   1     0.000000e+00
499   1     0.000000e+00
500   1     0.000000e+00
519   1     0.000000e+00
520   1     0.000000e+00
539   1     0.000000e+00
540   1     0.000000e+00
559   1     0.000000e+00
560   1     0.000000e+00
579   1     0.000000e+00
580   1     0.000000e+00
599   1     0.000000e+00
600   1     0.000000e+00
619   1     0.000000e+00
620   1     0.000000e+00
639   1     0.000000e+00
640   1     0.000000e+00
659   1     0.000000e+00
660   1     0.000000e+00
679   1     0.000000e+00
680   1     0.000000e+00
699   1     0.000000e+00
700   1     0.000000e+00
719   1     0.000000e+00
720   1     0.000000e+00
739   1     0.000000e+00
740   1     0.000000e+00
759   1     0.000000e+00
760   1     0.000000e+00
779   1     0.000000e+00
780   1     0.000000e+00
781   1     0.000000e+00
782   1     0.000000e+00
783   1     0.000000e+00
784   1     0.000000e+00
785   1     0.000000e+00
786   1     0.000000e+00
787   1     0.000000e+00
788   1     0.000000e+00
789   1     0.000000e+00
790   1     0.000000e+00
791   1     0.000000e+00
792   1     0.000000e+00
793   1     0.000000e+00
794   1     0.000000e+00
795   1     0.000000e+00
796   1     0.000000e+00
797   1     0.000000e+00
798   1     0.000000e+00
799   1     0.000000e+00
800   1     0.000000e+00
801   1     0.000000e+00
802   1     0.000000e+00
803   1     0.000000e+00
804   1     0.000000e+00
805   1     0.000000e+00
806   1     0.000000e+00
807   1     0.000000e+00
808   1     0.000000e+00
809   1     0.000000e+00
810   1     0.000000e+00
811   1     0.000000e+00
812   1     0.000000e+00
813   1     0.000000e+00
814   1     0.000000e+00
815   1     0.000000e+00
816   1     0.000000e+00
817   1     0.000000e+00
818   1     0.000000e+00
819   1     0.000000e+00
820   1     0.000000e+00
839   1     0.000000e+00
840   1     0.000000e+00
859   1     0.000000e+00
860   1     0.000000e+00
879   1     0.000000e+00
880   1     0.000000e+00
899   1     0.000000e+00
900   1     0.000000e+00
919   1     0.000000e+00
920   1     0.000000e+00
939   1     0.000000e+00
940   1     0.000000e+00
959   1     0.000000e+00
960   1     0.000000e+00
979   1     0.000000e+00
980   1     0.000000e+00
999   1     0.000000e+00
1000  1     0.000000e+00
1019  1     0.000000e+00
1020  1     0.000000e+00
1039  1     0.000000e+00
1040  1     0.000000e+00
1059  1     0.000000e+00
1060  1     0.000000e+00
1079  1     0.000000e+00
1080  1     0.000000e+00
1099  1     0.000000e+00
1100  1     0.000000e+00
1119  1     0.000000e+00
1120  1     0.000000e+00
1139  1     0.000000e+00
1140  1     0.000000e+00
1159  1     0.000000e+00
1160  1     0.000000e+00
1179  1     0.000000e+00
1180  1     0.000000e+00
1181  1     0.000000e+00
1182  1     0.000000e+00
1183  1     0.000000e+00
1184  1     0.000000e+00
1185  1     0.000000e+00
1186  1     0.000000e+00
1187  1     0.000000e+00
1188  1     0.000000e+00
1189  1     0.000000e+00
1190  1     0.000000e+00
1191  1     0.000000e+00
1192  1     0.000000e+00
1193  1     0.000000e+00
1194  1     0.000000e+00
1195  1     0.000000e+00
1196  1     0.000000e+00
1197  1     0.000000e+00
1198  1     0.000000e+00
1199  1     0.000000e+00
1200  1     0.000000e+00
1201  1     0.000000e+00
1202  1     0.000000e+00
1203  1     0.000000e+00
1204  1     0.000000e+00
1205  1     0.000000e+00
1206  1     0.000000e+00
1207  1     0.000000e+00
1208  1     0.000000e+00
1209  1     0.000000e+00
1210  1     0.000000e+00
1211  1     0.000000e+00
1212  1     0.000000e+00
1213  1     0.000000e+00
1214  1     0.000000e+00
1215  1     0.000000e+00
1216  1     0.000000e+00
1217  1     0.000000e+00
1218  1     0.000000e+00
1219  1     0.000000e+00
1220  1     0.000000e+00
1239  1     0.000000e+00
1240  1     0.000000e+00
1259  1     0.000000e+00
1260  1     0.000000e+00
1279  1     0.000000e+00
1280  1     0.000000e+00
1299  1     0.000000e+00
1300  1     0.000000e+00
1319  1     0.000000e+00
1320  1     0.000000e+00
1339  1     0.000000e+00
1340  1     0.000000e+00
1359  1     0.000000e+00
1360  1     0.000000e+00
1379  1     0.000000e+00
1380  1     0.000000e+00
1399  1     0.000000e+00
1400  1     0.000000e+00
1419  1     0.000000e+00
1420  1     0.000000e+00
1439  1     0.000000e+00
1440  1     0.000000e+00
1459  1     0.000000e+00
1460  1     0.000000e+00
1479  1     0.000000e+00
1480  1     0.000000e+00
1499  1     0.000000e+00
1500  1     0.000000e+00
1519  1     0.000000e+00
1520  1     0.000000e+00
1539  1     0.000000e+00
1540  1     0.000000e+00
1559  1     0.000000e+00
1560  1     0.000000e+00
1579  1     0.000000e+00
1580  1     0.000000e+00
1581  1     0.000000e+00
1582  1     0.000000e+00
1583  1     0.000000e+00
1584  1     0.000000e+00
1585  1     0.000000e+00
1586  1     0.000000e+00
1587  1     0.000000e+00
1588  1     0.000000e+00
1589  1     0.000000e+00
1590  1     0.000000e+00
1591  1     0.000000e+00
1592  1     0.000000e+00
1593  1     0.000000e+00
1594  1     0.000000e+00
1595  1     0.000000e+00
1596  1     0.000000e+00
1597  1     0.000000e+00
1598  1     0.000000e+00
1599  1     0.000000e+00
1600  1     0.000000e+00
1601  1     0.000000e+00
1602  1     0.000000e+00
1603  1     0.000000e+00
1604  1     0.000000e+00
1605  1     0.000000e+00
1606  1     0.000000e+00
1607  1     0.000000e+00
1608  1     0.000000e+00
1609  1     0.000000e+00
1610  1     0.000000e+00
1611  1     0.000000e+00
1612  1     0.000000e+00
1613  1     0.000000e+00
1614  1     0.000000e+00
1615  1     0.000000e+00
1616  1     0.000000e+00
1617  1     0.000000e+00
1618  1     0.000000e+00
1619  1     0.000000e+00
1620  1     0.000000e+00
1621  1     0.000000e+00
1622  1     0.000000e+00
1623  1     0.000000e+00
1624  1     0.000000e+00
1625  1     0.000000e+00
1626  1     0.000000e+00
1627  1     0.000000e+00
1628  1     0.000000e+00
1629  1     0.000000e+00
1630  1     0.000000e+00
1631  1     0.000000e+00
1632  1     0.000000e+00
1633  1     0.000000e+00
1634  1     0.000000e+00
1635  1     0.000000e+00
1636  1     0.000000e+00
1637  1     0.000000e+00
1638  1     0.000000e+00
1639  1     0.000000e+00
1640  1     0.000000e+00
1641  1     0.000000e+00
1642  1     0.000000e+00
1643  1     0.000000e+00
1644  1     0.000000e+00
1645  1     0.000000e+00
1646  1     0.000000e+00
1647  1     0.000000e+00
1648  1     0.000000e+00
1649  1     0.000000e+00
1650  1     0.000000e+00
1651  1     0.000000e+00
1652  1     0.000000e+00
1653  1     0.000000e+00
1654  1     0.000000e+00
1655  1     0.000000e+00
1656  1     0.000000e+00
1657  1     0.000000e+00
1658  1     0.000000e+00
1659  1     0.000000e+00
1660  1     0.000000e+00
1661  1     0.000000e+00
1662  1     0.000000e+00
1663  1     0.000000e+00
1664  1     0.000000e+00
1665  1     0.000000e+00
1666  1     0.000000e+00
1667  1     0.000000e+00
1668  1     0.000000e+00
1669  1     0.000000e+00
1670  1     0.000000e+00
1671  1     0.000000e+00
1672  1     0.000000e+00
1673  1     0.000000e+00
1674  1     0.000000e+00
1675  1     0.000000e+00
1676  1     0.000000e+00
1677  1     0.000000e+00
1678  1     0.000000e+00
1679  1     0.000000e+00
1680  1     0.000000e+00
1681  1     0.000000e+00
1682  1     0.000000e+00
1683  1     0.000000e+00
1684  1     0.000000e+00
1685  1     0.000000e+00
1686  1     0.000000e+00
1687  1     0.000000e+00
1688  1     0.000000e+00
1689  1     0.000000e+00
1690  1     0.000000e+00
1691  1     0.000000e+00
1692  1     0.000000e+00
1693  1     0.000000e+00
1694  1     0.000000e+00
1695  1     0.000000e+00
1696  1     0.000000e+00
1697  1     0.000000e+00
1698  1     0.000000e+00
1699  1     0.000000e+00
1700  1     0.000000e+00
1701  1     0.000000e+00
1702  1     0.000000e+00
1703  1     0.000000e+00
1704  1     0.000000e+00
1705  1     0.000000e+00
1706  1     0.000000e+00
1707  1     0.000000e+00
1708  1     0.000000e+00
1709  1     0.000000e+00
1710  1     0.000000e+00
1711  1     0.000000e+00
1712  1     0.000000e+00
1713  1     0.000000e+00
1714  1     0.000000e+00
1715  1     0.000000e+00
1716  1     0.000000e+00
1717  1     0.000000e+00
1718  1     0.000000e+00
1719  1     0.000000e+00
1720  1     0.000000e+00
1721  1     0.000000e+00
1722  1     0.000000e+00
1723  1     0.000000e+00
1724  1     0.000000e+00
1725  1     0.000000e+00
1726  1     0.000000e+00
1727  1     0.000000e+00
1728  1     0.000000e+00
1729  1     0.000000e+00
1730  1     0.000000e+00
1731  1     0.000000e+00
1732  1     0.000000e+00
1733  1     0.000000e+00
1734  1     0.000000e+00
1735  1     0.000000e+00
1736  1     0.000000e+00
1737  1     0.000000e+00
1738  1     0.000000e+00
1739  1     0.000000e+00
1740  1     0.000000e+00
1741  1     0.000000e+00
1742  1     0.000000e+00
1743  1     0.000000e+00
1744  1     0.000000e+00
1745  1     0.000000e+00
1746  1     0.000000e+00
1747  1     0.000000e+00
1748  1     0.000000e+00
1749  1     0.000000e+00
1750  1     0.000000e+00
1751  1     0.000000e+00
1752  1     0.000000e+00
1753  1     0.000000e+00
1754  1     0.000000e+00
1755  1     0.000000e+00
1756  1     0.000000e+00
1757  1     0.000000e+00
1758  1     0.000000e+00
1759  1     0.000000e+00
1760  1     0.000000e+00
1761  1     0.000000e+00
1762  1     0.000000e+00
1763  1     0.000000e+00
1764  1     0.000000e+00
1765  1     0.000000e+00
1766  1     0.000000e+00
1767  1     0.000000e+00
1768  1     0.000000e+00
1769  1     0.000000e+00
1770  1     0.000000e+00
1771  1     0.000000e+00
1772  1     0.000000e+00
1773  1     0.000000e+00
1774  1     0.000000e+00
1775  1     0.000000e+00
1776  1     0.000000e+00
1777  1     0.000000e+00
1778  1     0.000000e+00
1779  1     0.000000e+00
1780  1     0.000000e+00
1781  1     0.000000e+00
1782  1     0.000000e+00
1783  1     0.000000e+00
1784  1     0.000000e+00
1785  1     0.000000e+00
1786  1     0.000000e+00
1787  1     0.000000e+00
1788  1     0.000000e+00
1789  1     0.000000e+00
1790  1     0.000000e+00
1791  1     0.000000e+00
1792  1     0.000000e+00
1793  1     0.000000e+00
1794  1     0.000000e+00
1795  1     0.000000e+00
1796  1     0.000000e+00
1797  1     0.000000e+00
1798  1     0.000000e+00
1799  1     0.000000e+00
1800  1     0.000000e+00
1801  1     0.000000e+00
1802  1     0.000000e+00
1803  1     0.000000e+00
1804  1     0.000000e+00
1805  1     0.000000e+00
1806  1     0.000000e+00
1807  1     0.000000e+00
1808  1     0.000000e+00
1809  1     0.000000e+00
1810  1     0.000000e+00
1811  1     0.000000e+00
1812  1     0.000000e+00
1813  1     0.000000e+00
1814  1     0.000000e+00
1815  1     0.000000e+00
1816  1     0.000000e+00
1817  1     0.000000e+00
1818  1     0.000000e+00
1819  1     0.000000e+00
1820  1     0.000000e+00
1821  1     0.000000e+00
1822  1     0.000000e+00
1823  1     0.000000e+00
1824  1     0.000000e+00
1825  1     0.000000e+00
1826  1     0.000000e+00
1827  1     0.000000e+00
1828  1     0.000000e+00
1829  1     0.000000e+00
1830  1     0.000000e+00
1831  1     0.000000e+00
1832  1     0.000000e+00
1833  1     0.000000e+00
1834  1     0.000000e+00
1835  1     0.000000e+00
1836  1     0.000000e+00
1837  1     0.000000e+00
1838  1     0.000000e+00
1839  1     0.000000e+00
1840  1     0.000000e+00
1841  1     0.000000e+00
1842  1     0.000000e+00
1843  1     0.000000e+00
1844  1     0.000000e+00
1845  1     0.000000e+00
1846  1     0.000000e+00
1847  1     0.000000e+00
1848  1     0.000000e+00
1849  1     0.000000e+00
1850  1     0.000000e+00
1851  1     0.000000e+00
1852  1     0.000000e+00
1853  1     0.000000e+00
1854  1     0.000000e+00
1855  1     0.000000e+00
1856  1     0.000000e+00
1857  1     0.000000e+00
1858  1     0.000000e+00
1859  1     0.000000e+00
1860  1     0.000000e+00
1861  1     0.000000e+00
1862  1     0.000000e+00
1863  1     0.000000e+00
1864  1     0.000000e+00
1865  1     0.000000e+00
1866  1     0.000000e+00
1867  1     0.000000e+00
1868  1     0.000000e+00
1869  1     0.000000e+00
1870  1     0.000000e+00
1871  1     0.000000e+00
1872  1     0.000000e+00
1873  1     0.000000e+00
1874  1     0.000000e+00
1875  1     0.000000e+00
1876  1     0.000000e+00
1877  1     0.000000e+00
1878  1     0.000000e+00
1879  1     0.000000e+00
1880  1     0.000000e+00
1881  1     0.000000e+00
1882  1     0.000000e+00
1883  1     0.000000e+00
1884  1     0.000000e+00
1885  1     0.000000e+00
1886  1     0.000000e+00
1887  1     0.000000e+00
1888  1     0.000000e+00
1889  1     0.000000e+00
1890  1     0.000000e+00
1891  1     0.000000e+00
1892  1     0.000000e+00
1893  1     0.000000e+00
1894  1     0.000000e+00
1895  1     0.000000e+00
1896  1     0.000000e+00
1897  1     0.000000e+00
1898  1     0.000000e+00
1899  1     0.000000e+00
1900  1     0.000000e+00
1901  1     0.000000e+00
1902  1     0.000000e+00
1903  1     0.000000e+00
1904  1     0.000000e+00
1905  1     0.000000e+00
1906  1     0.000000e+00
1907  1     0.000000e+00
1908  1     0.000000e+00
1909  1     0.000000e+00
1910  1     0.000000e+00
1911  1     0.000000e+00
1912  1     0.000000e+00
1913  1     0.000000e+00
1914  1     0.000000e+00
1915  1     0.000000e+00
1916  1     0.000000e+00
1917  1     0.000000e+00
1918  1     0.000000e+00
1919  1     0.000000e+00
1920  1     0.000000e+00
1921  1     0.000000e+00
1922  1     0.000000e+00
1923  1     0.000000e+00
1924  1     0.000000e+00
1925  1     0.000000e+00
1926  1     0.000000e+00
1927  1     0.000000e+00
1928  1     0.000000e+00
1929  1     0.000000e+00
1930  1     0.000000e+00
1931  1     0.000000e+00
1932  1     0.000000e+00
1933  1     0.000000e+00
1934  1     0.000000e+00
1935  1     0.000000e+00
1936  1     0.000000e+00
1937  1     0.000000e+00
1938  1     0.000000e+00
1939  1     0.000000e+00
1940  1     0.000000e+00
1941  1     0.000000e+00
1942  1     0.000000e+00
1943  1     0.000000e+00
1944  1     0.000000e+00
1945  1     0.000000e+00
1946  1     0.000000e+00
1947  1     0.000000e+00
1948  1     0.000000e+00
1949  1     0.000000e+00
1950  1     0.000000e+00
1951  1     0.000000e+00
1952  1     0.000000e+00
1953  1     0.000000e+00
1954  1     0.000000e+00
1955  1     0.000000e+00
1956  1     0.000000e+00
1957  1     0.000000e+00
1958  1     0.000000e+00
1959  1     0.000000e+00
1960  1     0.000000e+00
1961  1     0.000000e+00
1962  1     0.000000e+00
1963  1     0.000000e+00
1964  1     0.000000e+00
1965  1     0.000000e+00
1966  1     0.000000e+00
1967  1     0.000000e+00
1968  1     0.000000e+00
1969  1     0.000000e+00
1970  1     0.000000e+00
1971  1     0.000000e+00
1972  1     0.000000e+00
1973  1     0.000000e+00
1974  1     0.000000e+00
1975  1     0.000000e+00
1976  1     0.000000e+00
1977  1     0.000000e+00
1978  1     0.000000e+00
1979  1     0.000000e+00
1980  1     0.000000e+00
1981  1     0.000000e+00
1982  1     0.000000e+00
1983  1     0.000000e+00
1984  1     0.000000e+00
1985  1     0.000000e+00
1986  1     0.000000e+00
1987  1     0.000000e+00
1988  1     0.000000e+00
1989  1     0.000000e+00
1990  1     0.000000e+00
1991  1     0.000000e+00
1992  1     0.000000e+00
1993  1     0.000000e+00
1994  1     0.000000e+00
1995  1     0.000000e+00
1996  1     0.000000e+00
1997  1     0.000000e+00
1998  1     0.000000e+00
1999  1     0.000000e+00
0     2     0.000000e+00
1     2     0.000000e+00
2     2     0.000000e+00
3     2     0.000000e+00
4     2     0.000000e+00
5     2     0.000000e+00
6     2     0.000000e+00
7     2     0.000000e+00
8     2     0.000000e+00
9     2     0.000000e+00
10    2     0.000000e+00
11    2     0.000000e+00
12    2     0.000000e+00
13    2     0.000000e+00
14    2     0.000000e+00
15    2     0.000000e+00
16    2     0.000000e+00
17    2     0.000000e+00
18    2     0.000000e+00
19    2     0.000000e+00
20    2     0.000000e+00
21    2     0.000000e+00
22    2     0.000000e+00
23    2     0.000000e+00
24    2     0.000000e+00
25    2     0.000000e+00
26    2     0.000000e+00
27    2     0.000000e+00
28    2     0.000000e+00
29    2     0.000000e+00
30    2     0.000000e+00
31    2     0.000000e+00
32    2     0.000000e+00
33    2     0.000000e+00
34    2     0.000000e+00
35    2     0.000000e+00
36    2     0.000000e+00
37    2     0.000000e+00
38    2     0.000000e+00
39    2     0.000000e+00
40    2     0.000000e+00
41    2     0.000000e+00
42    2     0.000000e+00
43    2     0.000000e+00
44    2     0.000000e+00
45    2     0.000000e+00
46    2     0.000000e+00
47    2     0.000000e+00
48    2     0.000000e+00
49    2     0.000000e+00
50    2     0.000000e+00
51    2     0.000000e+00
52    2     0.000000e+00
53    2     0.000000e+00
54    2     0.000000e+00
55    2     0.000000e+00
56    2     0.000000e+00
57    2     0.000000e+00
58    2     0.000000e+00
59    2     0.000000e+00
60    2     0.000000e+00
61    2     0.000000e+00
62    2     0.000000e+00
63    2     0.000000e+00
64    2     0.000000e+00
65    2     0.000000e+00
66    2     0.000000e+00
67    2     0.000000e+00
68    2     0.000000e+00
69    2     0.000000e+00
70    2     0.000000e+00
71    2     0.000000e+00
72    2     0.000000e+00
73    2     0.000000e+00
74    2     0.000000e+00
75    2     0.000000e+00
76    2     0.000000e+00
77    2     0.000000e+00
78    2     0.000000e+00
79    2     0.000000e+00
80    2     0.000000e+00
81    2     0.000000e+00
82    2     0.000000e+00
83    2     0.000000e+00
84    2     0.000000e+00
85    2     0.000000e+00
86    2     0.000000e+00
87    2     0.000000e+00
88    2     0.000000e+00
89    2     0.000000e+00
90    2     0.000000e+00
91    2     0.000000e+00
92    2     0.000000e+00
93    2     0.000000e+00
94    2     0.000000e+00
95    2     0.000000e+00
96    2     0.000000e+00
97    2     0.000000e+00
98    2     0.000000e+00
99    2     0.000000e+00
100   2     0.000000e+00
101   2     0.000000e+00
102   2     0.000000e+00
103   2     0.000000e+00
104   2     0.000000e+00
105   2     0.000000e+00
106   2     0.000000e+00
107   2     0.000000e+00
108   2     0.000000e+00
109   2     0.000000e+00
110   2     0.000000e+00
111   2     0.000000e+00
112   2     0.000000e+00
113   2     0.000000e+00
114   2     0.000000e+00
115   2     0.000000e+00
116   2     0.000000e+00
117   2     0.000000e+00
118   2     0.000000e+00
119   2     0.000000e+00
120   2     0.000000e+00
121   2     0.000000e+00
122   2     0.000000e+00
123   2     0.000000e+00
124   2     0.000000e+00
125   2     0.000000e+00
126   2     0.000000e+00
127   2     0.000000e+00
128   2     0.000000e+00
129   2     0.000000e+00
130   2     0.000000e+00
131   2     0.000000e+00
132   2     0.000000e+00
133   2     0.000000e+00
134   2     0.000000e+00
135   2     0.000000e+00
136   2     0.000000e+00
137   2     0.000000e+00
138   2     0.000000e+00
139   2     0.000000e+00
140   2     0.000000e+00
141   2     0.000000e+00
142   2     0.000000e+00
143   2     0.000000e+00
144   2     0.000000e+00
145   2     0.000000e+00
146   2     0.000000e+00
147   2     0.000000e+00
148   2     0.000000e+00
149   2     0.000000e+00
150   2     0.000000e+00
151   2     0.000000e+00
152   2     0.000000e+00
153   2     0.000000e+00
154   2     0.000000e+00
155   2     0.000000e+00
156   2     0.000000e+00
157   2     0.000000e+00
158   2     0.000000e+00
159   2     0.000000e+00
160   2     0.000000e+00
161   2     0.000000e+00
162   2     0.000000e+00
163   2     0.000000e+00
164   2     0.000000e+00
165   2     0.000000e+00
166   2     0.000000e+00
167   2     0.000000e+00
168   2     0.000000e+00
169   2     0.000000e+00
170   2     0.000000e+00
171   2     0.000000e+00
172   2     0.000000e+00
173   2     0.000000e+00
174   2     0.000000e+00
175   2     0.000000e+00
176   2     0.000000e+00
177   2     0.000000e+00
178   2     0.000000e+00
179   2     0.000000e+00
180   2     0.000000e+00
181   2     0.000000e+00
182   2     0.000000e+00
183   2     0.000000e+00
184   2     0.000000e+00
185   2     0.000000e+00
186   2     0.000000e+00
187   2     0.000000e+00
188   2     0.000000e+00
189   2     0.000000e+00
190   2     0.000000e+00
191   2     0.000000e+00
192   2     0.000000e+00
193   2     0.000000e+00
194   2     0.000000e+00
195   2     0.000000e+00
196   2     0.000000e+00
197   2     0.000000e+00
198   2     0.000000e+00
199   2     0.000000e+00
200   2     0.000000e+00
201   2     0.000000e+00
202   2     0.000000e+00
203   2     0.000000e+00
204   2     0.000000e+00
205   2     0.000000e+00
206   2     0.000000e+00
207   2     0.000000e+00
208   2     0.000000e+00
209   2     0.000000e+00
210   2     0.000000e+00
211   2     0.000000e+00
212   2     0.000000e+00
213   2     0.000000e+00
214   2     0.000000e+00
215   2     0.000000e+00
216   2     0.000000e+00
217   2     0.000000e+00
218   2     0.000000e+00
219   2     0.000000e+00
220   2     0.000000e+00
221   2     0.000000e+00
222   2     0.000000e+00
223   2     0.000000e+00
224   2     0.000000e+00
225   2     0.000000e+00
226   2     0.000000e+00
227   2     0.000000e+00
228   2     0.000000e+00
229   2     0.000000e+00
230   2     0.000000e+00
231   2     0.000000e+00
232   2     0.000000e+00
233   2     0.000000e+00
234   2     0.000000e+00
235   2     0.000000e+00
236   2     0.000000e+00
237   2     0.000000e+00
238   2     0.000000e+00
239   2     0.000000e+00
240   2     0.000000e+00
241   2     0.000000e+00
242   2     0.000000e+00
243   2     0.000000e+00
244   2     0.000000e+00
245   2     0.000000e+00
246   2     0.000000e+00
247   2     0.000000e+00
248   2     0.000000e+00
249   2     0.000000e+00
250   2     0.000000e+00
251   2     0.000000e+00
252   2     0.000000e+00
253   2     0.000000e+00
254   2     0.000000e+00
255   2     0.000000e+00
256   2     0.000000e+00
257   2     0.000000e+00
258   2     0.000000e+00
259   2     0.000000e+00
260   2     0.000000e+00
261   2     0.000000e+00
262   2     0.000000e+00
263   2     0.000000e+00
264   2     0.000000e+00
265   2     0.000000e+00
266   2     0.000000e+00
267   2     0.000000e+00
268   2     0.000000e+00
269   2     0.000000e+00
270   2     0.000000e+00
271   2     0.000000e+00
272   2     0.000000e+00
273   2     0.000000e+00
274   2     0.000000e+00
275   2     0.000000e+00
276   2     0.000000e+00
277   2     0.000000e+00
278   2     0.000000e+00
279   2     0.000000e+00
280   2     0.000000e+00
281   2     0.000000e+00
282   2     0.000000e+00
283   2     0.000000e+00
284   2     0.000000e+00
285   2     0.000000e+00
286   2     0.000000e+00
287   2     0.000000e+00
288   2     0.000000e+00
289   2     0.000000e+00
290   2     0.000000e+00
291   2     0.000000e+00
292   2     0.000000e+00
293   2     0.000000e+00
294   2     0.000000e+00
295   2     0.000000e+00
296   2     0.000000e+00
297   2     0.000000e+00
298   2     0.000000e+00
299   2     0.000000e+00
300   2     0.000000e+00
301   2     0.000000e+00
302   2     0.000000e+00
303   2     0.000000e+00
304   2     0.000000e+00
305   2     0.000000e+00
306   2     0.000000e+00
307   2     0.000000e+00
308   2     0.000000e+00
309   2     0.000000e+00
310   2     0.000000e+00
311   2     0.000000e+00
312   2     0.000000e+00
313   2     0.000000e+00
314   2     0.000000e+00
315   2     0.000000e+00
316   2     0.000000e+00
317   2     0.000000e+00
318   2     0.000000e+00
319   2     0.000000e+00
320   2     0.000000e+00
321   2     0.000000e+00
322   2     0.000000e+00
323   2     0.000000e+00
324   2     0.000000e+00
325   2     0.000000e+00
326   2     0.000000e+00
327   2     0.000000e+00
328   2     0.000000e+00
329   2     0.000000e+00
330   2     0.000000e+00
331   2     0.000000e+00
332   2     0.000000e+00
333   2     0.000000e+00
334   2     0.000000e+00
335   2     0.000000e+00
336   2     0.000000e+00
337   2     0.000000e+00
338   2     0.000000e+00
339   2     0.000000e+00
340   2     0.000000e+00
341   2     0.000000e+00
342   2     0.000000e+00
343   2     0.000000e+00
344   2     0.000000e+00
345   2     0.000000e+00
346   2     0.000000e+00
347   2     0.000000e+00
348   2     0.000000e+00
349   2     0.000000e+00
350   2     0.000000e+00
351   2     0.000000e+00
352   2     0.000000e+00
353   2     0.000000e+00
354   2     0.000000e+00
355   2     0.000000e+00
356   2     0.000000e+00
357   2     0.000000e+00
358   2     0.000000e+00
359   2     0.000000e+00
360   2     0.000000e+00
361   2     0.000000e+00
362   2     0.000000e+00
363   2     0.000000e+00
364   2     0.000000e+00
365   2     0.000000e+00
366   2     0.000000e+00
367   2     0.000000e+00
368   2     0.000000e+00
369   2     0.000000e+00
370   2     0.000000e+00
371   2     0.000000e+00
372   2     0.000000e+00
373   2     0.000000e+00
374   2     0.000000e+00
375   2     0.000000e+00
376   2     0.000000e+00
377   2     0.000000e+00
378   2     0.000000e+00
379   2     0.000000e+00
380   2     0.000000e+00
381   2     0.000000e+00
382   2     0.000000e+00
383   2     0.000000e+00
384   2     0.000000e+00
385   2     0.000000e+00
386   2     0.000000e+00
387   2     0.000000e+00
388   2     0.000000e+00
389   2     0.000000e+00
390   2     0.000000e+00
391   2     0.000000e+00
392   2     0.000000e+00
393   2     0.000000e+00
394   2     0.000000e+00
395   2     0.000000e+00
396   2     0.000000e+00
397   2     0.000000e+00
398   2     0.000000e+00
399   2     0.000000e+00
400   2     0.000000e+00
401   2     0.000000e+00
402   2     0.000000e+00
403   2     0.000000e+00
404   2     0.000000e+00
405   2     0.000000e+00
406   2     0.000000e+00
407   2     0.000000e+00
408   2     0.000000e+00
409   2     0.000000e+00
410   2     0.000000e+00
411   2     0.000000e+00
412   2     0.000000e+00
413   2     0.000000e+00
414   2     0.000000e+00
415   2     0.000000e+00
416   2     0.000000e+00
417   2     0.000000e+00
418   2     0.000000e+00
419   2     0.000000e+00
420   2     0.000000e+00
439   2     0.000000e+00
440   2     0.000000e+00
459   2     0.000000e+00
460   2     0.000000e+00
479   2     0.000000e+00
480   2     0.000000e+00
499   2     0.000000e+00
500   2     0.000000e+00
519   2     0.000000e+00
520   2     0.000000e+00
539   2     0.000000e+00
540   2     0.000000e+00
559   2     0.000000e+00
560   2     0.000000e+00
579   2     0.000000e+00
580   2     0.000000e+00
599   2     0.000000e+00
600   2     0.000000e+00
619   2     0.000000e+00
620   2     0.000000e+00
639   2     0.000000e+00
640   2     0.000000e+00
659   2     0.000000e+00
660   2     0.000000e+00
679   2     0.000000e+00
680   2     0.000000e+00
699   2     0.000000e+00
700   2     0.000000e+00
719   2     0.000000e+00
720   2     0.000000e+00
739   2     0.000000e+00
740   2     0.000000e+00
759   2     0.000000e+00
760   2     0.000000e+00
779   2     0.000000e+00
780   2     0.000000e+00
781   2     0.000000e+00
782   2     0.000000e+00
783   2     0.000000e+00
784   2     0.000000e+00
785   2     0.000000e+00
786   2     0.000000e+00
787   2     0.000000e+00
788   2     0.000000e+00
789   2     0.000000e+00
790   2     0.000000e+00
791   2     0.000000e+00
792   2     0.000000e+00
793   2     0.000000e+00
794   2     0.000000e+00
795   2     0.000000e+00
796   2     0.000000e+00
797   2     0.000000e+00
798   2     0.000000e+00
799   2     0.000000e+00
800   2     0.000000e+00
801   2     0.000000e+00
802   2     0.000000e+00
803   2     0.000000e+00
804   2     0.000000e+00
805   2     0.000000e+00
806   2     0.000000e+00
807   2     0.000000e+00
808   2     0.000000e+00
809   2     0.000000e+00
810   2     0.000000e+00
811   2     0.000000e+00
812   2     0.000000e+00
813   2     0.000000e+00
814   2     0.000000e+00
815   2     0.000000e+00
816   2     0.000000e+00
817   2     0.000000e+00
818   2     0.000000e+00
819   2     0.000000e+00
820   2     0.000000e+00
839   2     0.000000e+00
840   2     0.000000e+00
859   2     0.000000e+00
860   2     0.000000e+00
879   2     0.000000e+00
880   2     0.000000e+00
899   2     0.000000e+00
900   2     0.000000e+00
919   2     0.000000e+00
920   2     0.000000e+00
939   2     0.000000e+00
940   2     0.000000e+00
959   2     0.000000e+00
960   2     0.000000e+00
979   2     0.000000e+00
980   2     0.000000e+00
999   2     0.000000e+00
1000  2     0.000000e+00
1019  2     0.000000e+00
1020  2     0.000000e+00
1039  2     0.000000e+00
1040  2     0.000000e+00
1059  2     0.000000e+00
1060  2     0.000000e+00
1079  2     0.000000e+00
1080  2     0.000000e+00
1099  2     0.000000e+00
1100  2     0.000000e+00
1119  2     0.000000e+00
1120  2     0.000000e+00
1139  2     0.000000e+00
1140  2     0.000000e+00
1159  2     0.000000e+00
1160  2     0.000000e+00
1179  2     0.000000e+00
1180  2     0.000000e+00
1181  2     0.000000e+00
1182  2     0.000000e+00
1183  2     0.000000e+00
1184  2     0.000000e+00
1185  2     0.000000e+00
1186  2     0.000000e+00
1187  2     0.000000e+00
1188  2     0.000000e+00
1189  2     0.000000e+00
1190  2     0.000000e+00
1191  2     0.000000e+00
1192  2     0.000000e+00
1193  2     0.000000e+00
1194  2     0.000000e+00
1195  2     0.000000e+00
1196  2     0.000000e+00
1197  2     0.000000e+00
1198  2     0.000000e+00
1199  2     0.000000e+00
1200  2     0.000000e+00
1201  2     0.000000e+00
1202  2     0.000000e+00
1203  2     0.000000e+00
1204  2     0.000000e+00
1205  2     0.000000e+00
1206  2     0.000000e+00
1207  2     0.000000e+00
1208  2     0.000000e+00
1209  2     0.000000e+00
1210  2     0.000000e+00
1211  2     0.000000e+00
1212  2     0.000000e+00
1213  2     0.000000e+00
1214  2     0.000000e+00
1215  2     0.000000e+00
1216  2     0.000000e+00
1217  2     0.000000e+00
1218  2     0.000000e+00
1219  2     0.000000e+00
1220  2     0.000000e+00
1239  2     0.000000e+00
1240  2     0.000000e+00
1259  2     0.000000e+00
1260  2     0.000000e+00
1279  2     0.000000e+00
1280  2     0.000000e+00
1299  2     0.000000e+00
1300  2     0.000000e+00
1319  2     0.000000e+00
1320  2     0.000000e+00
1339  2     0.000000e+00
1340  2     0.000000e+00
1359  2     0.000000e+00
1360  2     0.000000e+00
1379  2     0.000000e+00
1380  2     0.000000e+00
1399  2     0.000000e+00
1400  2     0.000000e+00
1419  2     0.000000e+00
1420  2     0.000000e+00
1439  2     0.000000e+00
1440  2     0.000000e+00
1459  2     0.000000e+00
1460  2     0.000000e+00
1479  2     0.000000e+00
1480  2     0.000000e+00
1499  2     0.000000e+00
1500  2     0.000000e+00
1519  2     0.000000e+00
1520  2     0.000000e+00
1539  2     0.000000e+00
1540  2     0.000000e+00
1559  2     0.000000e+00
1560  2     0.000000e+00
1579  2     0.000000e+00
1580  2     0.000000e+00
1581  2     0.000000e+00
1582  2     0.000000e+00
1583  2     0.000000e+00
1584  2     0.000000e+00
1585  2     0.000000e+00
1586  2     0.000000e+00
1587  2     0.000000e+00
1588  2     0.000000e+00
1589  2     0.000000e+00
1590  2     0.000000e+00
1591  2     0.000000e+00
1592  2     0.000000e+00
1593  2     0.000000e+00
1594  2     0.000000e+00
1595  2     0.000000e+00
1596  2     0.000000e+00
1597  2     0.000000e+00
1598  2     0.000000e+00
1599  2     0.000000e+00
1600  2     0.000000e+00
1601  2     0.000000e+00
1602  2     0.000000e+00
1603  2     0.000000e+00
1604  2     0.000000e+00
1605  2     0.000000e+00
1606  2     0.000000e+00
1607  2     0.000000e+00
1608  2     0.000000e+00
1609  2     0.000000e+00
1610  2     0.000000e+00
1611  2     0.000000e+00
1612  2     0.000000e+00
1613  2     0.000000e+00
1614  2     0.000000e+00
1615  2     0.000000e+00
1616  2     0.000000e+00
1617  2     0.000000e+00
1618  2     0.000000e+00
1619  2     0.000000e+00
1620  2     0.000000e+00
1621  2     0.000000e+00
1622  2     0.000000e+00
1623  2     0.000000e+00
1624  2     0.000000e+00
1625  2     0.000000e+00
1626  2     0.000000e+00
1627  2     0.000000e+00
1628  2     0.000000e+00
1629  2     0.000000e+00
1630  2     0.000000e+00
1631  2     0.000000e+00
1632  2     0.000000e+00
1633  2     0.000000e+00
1634  2     0.000000e+00
1635  2     0.000000e+00
1636  2     0.000000e+00
1637  2     0.000000e+00
1638  2     0.000000e+00
1639  2     0.000000e+00
1640  2     0.000000e+00
1641  2     0.000000e+00
1642  2     0.000000e+00
1643  2     0.000000e+00
1644  2     0.000000e+00
1645  2     0.000000e+00
1646  2     0.000000e+00
1647  2     0.000000e+00
1648  2     0.000000e+00
1649  2     0.000000e+00
1650  2     0.000000e+00
1651  2     0.000000e+00
1652  2     0.000000e+00
1653  2     0.000000e+00
1654  2     0.000000e+00
1655  2     0.000000e+00
1656  2     0.000000e+00
1657  2     0.000000e+00
1658  2     0.000000e+00
1659  2     0.000000e+00
1660  2     0.000000e+00
1661  2     0.000000e+00
1662  2     0.000000e+00
1663  2     0.000000e+00
1664  2     0.000000e+00
1665  2     0.000000e+00
1666  2     0.000000e+00
1667  2     0.000000e+00
1668  2     0.000000e+00
1669  2     0.000000e+00
1670  2     0.000000e+00
1671  2     0.000000e+00
1672  2     0.000000e+00
1673  2     0.000000e+00
1674  2     0.000000e+00
1675  2     0.000000e+00
1676  2     0.000000e+00
1677  2     0.000000e+00
1678  2     0.000000e+00
1679  2     0.000000e+00
1680  2     0.000000e+00
1681  2     0.000000e+00
1682  2     0.000000e+00
1683  2     0.000000e+00
1684  2     0.000000e+00
1685  2     0.000000e+00
1686  2     0.000000e+00
1687  2     0.000000e+00
1688  2     0.000000e+00
1689  2     0.000000e+00
1690  2     0.000000e+00
1691  2     0.000000e+00
1692  2     0.000000e+00
1693  2     0.000000e+00
1694  2     0.000000e+00
1695  2     0.000000e+00
1696  2     0.000000e+00
1697  2     0.000000e+00
1698  2     0.000000e+00
1699  2     0.000000e+00
1700  2     0.000000e+00
1701  2     0.000000e+00
1702  2     0.000000e+00
1703  2     0.000000e+00
1704  2     0.000000e+00
1705  2     0.000000e+00
1706  2     0.000000e+00
1707  2     0.000000e+00
1708  2     0.000000e+00
1709  2     0.000000e+00
1710  2     0.000000e+00
1711  2     0.000000e+00
1712  2     0.000000e+00
1713  2     0.000000e+00
1714  2     0.000000e+00
1715  2     0.000000e+00
1716  2     0.000000e+00
1717  2     0.000000e+00
1718  2     0.000000e+00
1719  2     0.000000e+00
1720  2     0.000000e+00
1721  2     0.000000e+00
1722  2     0.000000e+00
1723  2     0.000000e+00
1724  2     0.000000e+00
1725  2     0.000000e+00
1726  2     0.000000e+00
1727  2     0.000000e+00
1728  2     0.000000e+00
1729  2     0.000000e+00
1730  2     0.000000e+00
1731  2     0.000000e+00
1732  2     0.000000e+00
1733  2     0.000000e+00
1734  2     0.000000e+00
1735  2     0.000000e+00
1736  2     0.000000e+00
1737  2     0.000000e+00
1738  2     0.000000e+00
1739  2     0.000000e+00
1740  2     0.000000e+00
1741  2     0.000000e+00
1742  2     0.000000e+00
1743  2     0.000000e+00
1744  2     0.000000e+00
1745  2     0.000000e+00
1746  2     0.000000e+00
1747  2     0.000000e+00
1748  2     0.000000e+00
1749  2     0.000000e+00
1750  2     0.000000e+00
1751  2     0.000000e+00
1752  2     0.000000e+00
1753  2     0.000000e+00
1754  2     0.000000e+00
1755  2     0.000000e+00
1756  2     0.000000e+00
1757  2     0.000000e+00
1758  2     0.000000e+00
1759  2     0.000000e+00
1760  2     0.000000e+00
1761  2     0.000000e+00
1762  2     0.000000e+00
1763  2     0.000000e+00
1764  2     0.000000e+00
1765  2     0.000000e+00
1766  2     0.000000e+00
1767  2     0.000000e+00
1768  2     0.000000e+00
1769  2     0.000000e+00
1770  2     0.000000e+00
1771  2     0.000000e+00
1772  2     0.000000e+00
1773  2     0.000000e+00
1774  2     0.000000e+00
1775  2     0.000000e+00
1776  2     0.000000e+00
1777  2     0.000000e+00
1778  2     0.000000e+00
1779  2     0.000000e+00
1780  2     0.000000e+00
1781  2     0.000000e+00
1782  2     0.000000e+00
1783  2     0.000000e+00
1784  2     0.000000e+00
1785  2     0.000000e+00
1786  2     0.000000e+00
1787  2     0.000000e+00
1788  2     0.000000e+00
1789  2     0.000000e+00
1790  2     0.000000e+00
1791  2     0.000000e+00
1792  2     0.000000e+00
1793  2     0.000000e+00
1794  2     0.000000e+00
1795  2     0.000000e+00
1796  2     0.000000e+00
1797  2     0.000000e+00
1798  2     0.000000e+00
1799  2     0.000000e+00
1800  2     0.000000e+00
1801  2     0.000000e+00
1802  2     0.000000e+00
1803  2     0.000000e+00
1804  2     0.000000e+00
1805  2     0.000000e+00
1806  2     0.000000e+00
1807  2     0.000000e+00
1808  2     0.000000e+00
1809  2     0.000000e+00
1810  2     0.000000e+00
1811  2     0.000000e+00
1812  2     0.000000e+00
1813  2     0.000000e+00
1814  2     0.000000e+00
1815  2     0.000000e+00
1816  2     0.000000e+00
1817  2     0.000000e+00
1818  2     0.000000e+00
1819  2     0.000000e+00
1820  2     0.000000e+00
1821  2     0.000000e+00
1822  2     0.000000e+00
1823  2     0.000000e+00
1824  2     0.000000e+00
1825  2     0.000000e+00
1826  2     0.000000e+00
1827  2     0.000000e+00
1828  2     0.000000e+00
1829  2     0.000000e+00
1830  2     0.000000e+00
1831  2     0.000000e+00
1832  2     0.000000e+00
1833  2     0.000000e+00
1834  2     0.000000e+00
1835  2     0.000000e+00
1836  2     0.000000e+00
1837  2     0.000000e+00
1838  2     0.000000e+00
1839  2     0.000000e+00
1840  2     0.000000e+00
1841  2     0.000000e+00
1842  2     0.000000e+00
1843  2     0.000000e+00
1844  2     0.000000e+00
1845  2     0.000000e+00
1846  2     0.000000e+00
1847  2     0.000000e+00
1848  2     0.000000e+00
1849  2     0.000000e+00
1850  2     0.000000e+00
1851  2     0.000000e+00
1852  2     0.000000e+00
1853  2     0.000000e+00
1854  2     0.000000e+00
1855  2     0.000000e+00
1856  2     0.000000e+00
1857  2     0.000000e+00
1858  2     0.000000e+00
1859  2     0.000000e+00
1860  2     0.000000e+00
1861  2     0.000000e+00
1862  2     0.000000e+00
1863  2     0.000000e+00
1864  2     0.000000e+00
1865  2     0.000000e+00
1866  2     0.000000e+00
1867  2     0.000000e+00
1868  2     0.000000e+00
1869  2     0.000000e+00
1870  2     0.000000e+00
1871  2     0.000000e+00
1872  2     0.000000e+00
1873  2     0.000000e+00
1874  2     0.000000e+00
1875  2     0.000000e+00
1876  2     0.000000e+00
1877  2     0.000000e+00
1878  2     0.000000e+00
1879  2     0.000000e+00
1880  2     0.000000e+00
1881  2     0.000000e+00
1882  2     0.000000e+00
1883  2     0.000000e+00
1884  2     0.000000e+00
1885  2     0.000000e+00
1886  2     0.000000e+00
1887  2     0.000000e+00
1888  2     0.000000e+00
1889  2     0.000000e+00
1890  2     0.000000e+00
1891  2     0.000000e+00
1892  2     0.000000e+00
1893  2     0.000000e+00
1894  2     0.000000e+00
1895  2     0.000000e+00
1896  2     0.000000e+00
1897  2     0.000000e+00
1898  2     0.000000e+00
1899  2     0.000000e+00
1900  2     0.000000e+00
1901  2     0.000000e+00
1902  2     0.000000e+00
1903  2     0.000000e+00
1904  2     0.000000e+00
1905  2     0.000000e+00
1906  2     0.000000e+00
1907  2     0.000000e+00
1908  2     0.000000e+00
1909  2     0.000000e+00
1910  2     0.000000e+00
1911  2     0.000000e+00
1912  2     0.000000e+00
1913  2     0.000000e+00
1914  2     0.000000e+00
1915  2     0.000000e+00
1916  2     0.000000e+00
1917  2     0.000000e+00
1918  2     0.000000e+00
1919  2     0.000000e+00
1920  2     0.000000e+00
1921  2     0.000000e+00
1922  2     0.000000e+00
1923  2     0.000000e+00
1924  2     0.000000e+00
1925  2     0.000000e+00
1926  2     0.000000e+00
1927  2     0.000000e+00
1928  2     0.000000e+00
1929  2     0.000000e+00
1930  2     0.000000e+00
1931  2     0.000000e+00
1932  2     0.000000e+00
1933  2     0.000000e+00
1934  2     0.000000e+00
1935  2     0.000000e+00
1936  2     0.000000e+00
1937  2     0.000000e+00
1938  2     0.000000e+00
1939  2     0.000000e+00
1940  2     0.000000e+00
1941  2     0.000000e+00
1942  2     0.000000e+00
1943  2     0.000000e+00
1944  2     0.000000e+00
1945  2     0.000000e+00
1946  2     0.000000e+00
1947  2     0.000000e+00
1948  2     0.000000e+00
1949  2     0.000000e+00
1950  2     0.000000e+00
1951  2     0.000000e+00
1952  2     0.000000e+00
1953  2     0.000000e+00
1954  2     0.000000e+00
1955  2     0.000000e+00
1956  2     0.000000e+00
1957  2     0.000000e+00
1958  2     0.000000e+00
1959  2     0.000000e+00
1960  2     0.000000e+00
1961  2     0.000000e+00
1962  2     0.000000e+00
1963  2     0.000000e+00
1964  2     0.000000e+00
1965  2     0.000000e+00
1966  2     0.000000e+00
1967  2     0.000000e+00
1968  2     0.000000e+00
1969  2     0.000000e+00
1970  2     0.000000e+00
1971  2     0.000000e+00
1972  2     0.000000e+00
1973  2     0.000000e+00
1974  2     0.000000e+00
1975  2     0.000000e+00
1976  2     0.000000e+00
1977  2     0.000000e+00
1978  2     0.000000e+00
1979  2     0.000000e+00
1980  2     0.000000e+00
1981  2     0.000000e+00
1982  2     0.000000e+00
1983  2     0.000000e+00
1984  2     0.000000e+00
1985  2     0.000000e+00
1986  2     0.000000e+00
1987  2     0.000000e+00
1988  2     0.000000e+00
1989  2     0.000000e+00
1990  2     0.000000e+00
1991  2     0.000000e+00
1992  2     0.000000e+00
1993  2     0.000000e+00
1994  2     0.000000e+00
1995  2     0.000000e+00
1996  2     0.000000e+00
1997  2     0.000000e+00
1998  2     0.000000e+00
1999  2     0.000000e+00

