3

1000  3.000000e-01

7

3850

3     3     3
3     3     3
3     3     3
3     3     3
3     3     3
3     3     3
3     3     3

15    15    9
15    15    9
15    15    9
15    15    9
15    15    9
15    15    9
15    15    9

11    11    5
11    11    5
11    11    5
11    11    5
11    11    5
11    11    5
11    11    5

0     1     2     3     4     5     6     7     8     9     10    11    12    13    14    15    16    17    18    19    20    21    22    23    24    25    26    27    28    29    30    31    32    33    34    35    36    37    38    39    40    41    42    43    44    45    46    47    48    49    50    51    52    53    54    55    56    57    58    59    60    61    62    63    64    65    66    67    68    69    70    71    72    73    74    75    76    77    78    79    80    81    82    83    84    85    86    87    88    89    90    91    92    93    94    95    96    97    98    99    100   101   102   103   104   105   106   107   108   109   110   111   112   113   114   115   116   117   118   119   120   121   122   123   124   125   126   127   128   129   130   131   132   133   134   135   136   137   138   139   140   141   142   143   144   145   146   147   148   149   150   151   152   153   154   155   156   157   158   159   160   161   162   163   164   165   166   167   168   169   170   171   172   173   174   175   176   177   178   179   180   181   182   183   184   185   186   187   188   189   190   191   192   193   194   195   196   197   198   199   200   201   202   203   204   205   206   207   208   209   210   211   212   213   214   215   216   217   218   219   220   221   222   223   224   225   226   227   228   229   230   231   232   233   234   235   236   237   238   239   240   241   242   243   244   245   246   247   248   249   250   251   252   253   254   255   256   257   258   259   260   261   262   263   264   265   266   267   268   269   270   271   272   273   274   275   276   277   278   279   280   281   282   283   284   285   286   287   288   289   290   291   292   293   294   295   296   297   298   299   300   301   302   303   304   305   306   307   308   309   310   311   312   313   314   315   316   317   318   319   320   321   322   323   324   325   326   327   328   329   330   331   332   333   334   335   336   337   338   339   340   341   342   343   344   345   346   347   348   349   350   351   352   353   354   355   356   357   358   359   360   361   362   363   364   365   366   367   368   369   370   371   372   373   374   375   376   377   378   379   380   381   382   383   384   385   386   387   388   389   390   391   392   393   394   395   396   397   398   399   400   401   402   403   404   405   406   407   408   409   410   411   412   413   414   415   416   417   418   419   420   421   422   423   424   425   426   427   428   429   430   431   432   433   434   435   436   437   438   439   440   441   442   443   444   445   446   447   448   449   450   451   452   453   454   455   456   457   458   459   460   461   462   463   464   465   466   467   468   469   470   471   472   473   474   475   476   477   478   479   480   481   482   483   484   485   486   487   488   489   490   491   492   493   494   495   496   497   498   499   500   501   502   503   504   505   506   507   508   509   510   511   512   513   514   515   516   517   518   519   520   521   522   523   524   525   526   527   528   529   530   531   532   533   534   535   536   537   538   539   540   541   542   543   544   545   546   547   548   549   550   551   552   553   554   555   556   557   558   559   560   561   562   563   564   565   566   567   568   569   570   571   572   573   574   575   576   577   578   579   580   581   582   583   584   585   586   587   588   589   590   591   592   593   594   595   596   597   598   599   600   601   602   603   604
110   111   112   113   114   115   116   117   118   119   120   605   606   607   608   609   610   611   612   613   614   615   616   617   618   619   620   621   622   623   624   625   626   627   628   629   630   631   632   633   634   635   636   637   638   639   640   641   642   643   644   645   646   647   648   649   650   651   652   653   654   655   656   657   658   659   660   661   662   663   664   665   666   667   668   669   670   671   672   673   674   675   676   677   678   679   680   681   682   683   684   685   686   687   688   689   690   691   692   693   694   695   696   697   698   699   700   701   702   703   704   705   706   707   708   709   710   711   712   713   714   231   232   233   234   235   236   237   238   239   240   241   715   716   717   718   719   720   721   722   723   724   725   726   727   728   729   730   731   732   733   734   735   736   737   738   739   740   741   742   743   744   745   746   747   748   749   750   751   752   753   754   755   756   757   758   759   760   761   762   763   764   765   766   767   768   769   770   771   772   773   774   775   776   777   778   779   780   781   782   783   784   785   786   787   788   789   790   791   792   793   794   795   796   797   798   799   800   801   802   803   804   805   806   807   808   809   810   811   812   813   814   815   816   817   818   819   820   821   822   823   824   352   353   354   355   356   357   358   359   360   361   362   825   826   827   828   829   830   831   832   833   834   835   836   837   838   839   840   841   842   843   844   845   846   847   848   849   850   851   852   853   854   855   856   857   858   859   860   861   862   863   864   865   866   867   868   869   870   871   872   873   874   875   876   877   878   879   880   881   882   883   884   885   886   887   888   889   890   891   892   893   894   895   896   897   898   899   900   901   902   903   904   905   906   907   908   909   910   911   912   913   914   915   916   917   918   919   920   921   922   923   924   925   926   927   928   929   930   931   932   933   934   473   474   475   476   477   478   479   480   481   482   483   935   936   937   938   939   940   941   942   943   944   945   946   947   948   949   950   951   952   953   954   955   956   957   958   959   960   961   962   963   964   965   966   967   968   969   970   971   972   973   974   975   976   977   978   979   980   981   982   983   984   985   986   987   988   989   990   991   992   993   994   995   996   997   998   999   1000  1001  1002  1003  1004  1005  1006  1007  1008  1009  1010  1011  1012  1013  1014  1015  1016  1017  1018  1019  1020  1021  1022  1023  1024  1025  1026  1027  1028  1029  1030  1031  1032  1033  1034  1035  1036  1037  1038  1039  1040  1041  1042  1043  1044  594   595   596   597   598   599   600   601   602   603   604   1045  1046  1047  1048  1049  1050  1051  1052  1053  1054  1055  1056  1057  1058  1059  1060  1061  1062  1063  1064  1065  1066  1067  1068  1069  1070  1071  1072  1073  1074  1075  1076  1077  1078  1079  1080  1081  1082  1083  1084  1085  1086  1087  1088  1089  1090  1091  1092  1093  1094  1095  1096  1097  1098  1099  1100  1101  1102  1103  1104  1105  1106  1107  1108  1109  1110  1111  1112  1113  1114  1115  1116  1117  1118  1119  1120  1121  1122  1123  1124  1125  1126  1127  1128  1129  1130  1131  1132  1133  1134  1135  1136  1137  1138  1139  1140  1141  1142  1143  1144  1145  1146  1147  1148  1149  1150  1151  1152  1153  1154
704   705   706   707   708   709   710   711   712   713   714   1155  1156  1157  1158  1159  1160  1161  1162  1163  1164  1165  1166  1167  1168  1169  1170  1171  1172  1173  1174  1175  1176  1177  1178  1179  1180  1181  1182  1183  1184  1185  1186  1187  1188  1189  1190  1191  1192  1193  1194  1195  1196  1197  1198  1199  1200  1201  1202  1203  1204  1205  1206  1207  1208  1209  1210  1211  1212  1213  1214  1215  1216  1217  1218  1219  1220  1221  1222  1223  1224  1225  1226  1227  1228  1229  1230  1231  1232  1233  1234  1235  1236  1237  1238  1239  1240  1241  1242  1243  1244  1245  1246  1247  1248  1249  1250  1251  1252  1253  1254  1255  1256  1257  1258  1259  1260  1261  1262  1263  1264  814   815   816   817   818   819   820   821   822   823   824   1265  1266  1267  1268  1269  1270  1271  1272  1273  1274  1275  1276  1277  1278  1279  1280  1281  1282  1283  1284  1285  1286  1287  1288  1289  1290  1291  1292  1293  1294  1295  1296  1297  1298  1299  1300  1301  1302  1303  1304  1305  1306  1307  1308  1309  1310  1311  1312  1313  1314  1315  1316  1317  1318  1319  1320  1321  1322  1323  1324  1325  1326  1327  1328  1329  1330  1331  1332  1333  1334  1335  1336  1337  1338  1339  1340  1341  1342  1343  1344  1345  1346  1347  1348  1349  1350  1351  1352  1353  1354  1355  1356  1357  1358  1359  1360  1361  1362  1363  1364  1365  1366  1367  1368  1369  1370  1371  1372  1373  1374  924   925   926   927   928   929   930   931   932   933   934   1375  1376  1377  1378  1379  1380  1381  1382  1383  1384  1385  1386  1387  1388  1389  1390  1391  1392  1393  1394  1395  1396  1397  1398  1399  1400  1401  1402  1403  1404  1405  1406  1407  1408  1409  1410  1411  1412  1413  1414  1415  1416  1417  1418  1419  1420  1421  1422  1423  1424  1425  1426  1427  1428  1429  1430  1431  1432  1433  1434  1435  1436  1437  1438  1439  1440  1441  1442  1443  1444  1445  1446  1447  1448  1449  1450  1451  1452  1453  1454  1455  1456  1457  1458  1459  1460  1461  1462  1463  1464  1465  1466  1467  1468  1469  1470  1471  1472  1473  1474  1475  1476  1477  1478  1479  1480  1481  1482  1483  1484  1034  1035  1036  1037  1038  1039  1040  1041  1042  1043  1044  1485  1486  1487  1488  1489  1490  1491  1492  1493  1494  1495  1496  1497  1498  1499  1500  1501  1502  1503  1504  1505  1506  1507  1508  1509  1510  1511  1512  1513  1514  1515  1516  1517  1518  1519  1520  1521  1522  1523  1524  1525  1526  1527  1528  1529  1530  1531  1532  1533  1534  1535  1536  1537  1538  1539  1540  1541  1542  1543  1544  1545  1546  1547  1548  1549  1550  1551  1552  1553  1554  1555  1556  1557  1558  1559  1560  1561  1562  1563  1564  1565  1566  1567  1568  1569  1570  1571  1572  1573  1574  1575  1576  1577  1578  1579  1580  1581  1582  1583  1584  1585  1586  1587  1588  1589  1590  1591  1592  1593  1594  1144  1145  1146  1147  1148  1149  1150  1151  1152  1153  1154  1595  1596  1597  1598  1599  1600  1601  1602  1603  1604  1605  1606  1607  1608  1609  1610  1611  1612  1613  1614  1615  1616  1617  1618  1619  1620  1621  1622  1623  1624  1625  1626  1627  1628  1629  1630  1631  1632  1633  1634  1635  1636  1637  1638  1639  1640  1641  1642  1643  1644  1645  1646  1647  1648  1649  1650  1651  1652  1653  1654  1655  1656  1657  1658  1659  1660  1661  1662  1663  1664  1665  1666  1667  1668  1669  1670  1671  1672  1673  1674  1675  1676  1677  1678  1679  1680  1681  1682  1683  1684  1685  1686  1687  1688  1689  1690  1691  1692  1693  1694  1695  1696  1697  1698  1699  1700  1701  1702  1703  1704
1254  1255  1256  1257  1258  1259  1260  1261  1262  1263  1264  1705  1706  1707  1708  1709  1710  1711  1712  1713  1714  1715  1716  1717  1718  1719  1720  1721  1722  1723  1724  1725  1726  1727  1728  1729  1730  1731  1732  1733  1734  1735  1736  1737  1738  1739  1740  1741  1742  1743  1744  1745  1746  1747  1748  1749  1750  1751  1752  1753  1754  1755  1756  1757  1758  1759  1760  1761  1762  1763  1764  1765  1766  1767  1768  1769  1770  1771  1772  1773  1774  1775  1776  1777  1778  1779  1780  1781  1782  1783  1784  1785  1786  1787  1788  1789  1790  1791  1792  1793  1794  1795  1796  1797  1798  1799  1800  1801  1802  1803  1804  1805  1806  1807  1808  1809  1810  1811  1812  1813  1814  1364  1365  1366  1367  1368  1369  1370  1371  1372  1373  1374  1815  1816  1817  1818  1819  1820  1821  1822  1823  1824  1825  1826  1827  1828  1829  1830  1831  1832  1833  1834  1835  1836  1837  1838  1839  1840  1841  1842  1843  1844  1845  1846  1847  1848  1849  1850  1851  1852  1853  1854  1855  1856  1857  1858  1859  1860  1861  1862  1863  1864  1865  1866  1867  1868  1869  1870  1871  1872  1873  1874  1875  1876  1877  1878  1879  1880  1881  1882  1883  1884  1885  1886  1887  1888  1889  1890  1891  1892  1893  1894  1895  1896  1897  1898  1899  1900  1901  1902  1903  1904  1905  1906  1907  1908  1909  1910  1911  1912  1913  1914  1915  1916  1917  1918  1919  1920  1921  1922  1923  1924  1474  1475  1476  1477  1478  1479  1480  1481  1482  1483  1484  1925  1926  1927  1928  1929  1930  1931  1932  1933  1934  1935  1936  1937  1938  1939  1940  1941  1942  1943  1944  1945  1946  1947  1948  1949  1950  1951  1952  1953  1954  1955  1956  1957  1958  1959  1960  1961  1962  1963  1964  1965  1966  1967  1968  1969  1970  1971  1972  1973  1974  1975  1976  1977  1978  1979  1980  1981  1982  1983  1984  1985  1986  1987  1988  1989  1990  1991  1992  1993  1994  1995  1996  1997  1998  1999  2000  2001  2002  2003  2004  2005  2006  2007  2008  2009  2010  2011  2012  2013  2014  2015  2016  2017  2018  2019  2020  2021  2022  2023  2024  2025  2026  2027  2028  2029  2030  2031  2032  2033  2034  1584  1585  1586  1587  1588  1589  1590  1591  1592  1593  1594  2035  2036  2037  2038  2039  2040  2041  2042  2043  2044  2045  2046  2047  2048  2049  2050  2051  2052  2053  2054  2055  2056  2057  2058  2059  2060  2061  2062  2063  2064  2065  2066  2067  2068  2069  2070  2071  2072  2073  2074  2075  2076  2077  2078  2079  2080  2081  2082  2083  2084  2085  2086  2087  2088  2089  2090  2091  2092  2093  2094  2095  2096  2097  2098  2099  2100  2101  2102  2103  2104  2105  2106  2107  2108  2109  2110  2111  2112  2113  2114  2115  2116  2117  2118  2119  2120  2121  2122  2123  2124  2125  2126  2127  2128  2129  2130  2131  2132  2133  2134  2135  2136  2137  2138  2139  2140  2141  2142  2143  2144  1694  1695  1696  1697  1698  1699  1700  1701  1702  1703  1704  2145  2146  2147  2148  2149  2150  2151  2152  2153  2154  2155  2156  2157  2158  2159  2160  2161  2162  2163  2164  2165  2166  2167  2168  2169  2170  2171  2172  2173  2174  2175  2176  2177  2178  2179  2180  2181  2182  2183  2184  2185  2186  2187  2188  2189  2190  2191  2192  2193  2194  2195  2196  2197  2198  2199  2200  2201  2202  2203  2204  2205  2206  2207  2208  2209  2210  2211  2212  2213  2214  2215  2216  2217  2218  2219  2220  2221  2222  2223  2224  2225  2226  2227  2228  2229  2230  2231  2232  2233  2234  2235  2236  2237  2238  2239  2240  2241  2242  2243  2244  2245  2246  2247  2248  2249  2250  2251  2252  2253  2254
2255  2256  2257  2258  2259  2260  2261  2262  2263  2264  2265  2266  2267  2268  2269  2270  2271  2272  2273  2274  2275  2276  2277  2278  2279  2280  2281  2282  2283  2284  2285  2286  2287  2288  2289  2290  2291  2292  2293  2294  2295  2296  2297  2298  2299  2300  2301  2302  2303  2304  2305  2306  2307  2308  2309  2310  2311  2312  2313  2314  2315  2316  2317  2318  2319  2320  2321  2322  2323  2324  2325  2326  2327  2328  2329  2330  2331  2332  2333  2334  2335  2336  2337  2338  2339  2340  2341  2342  2343  2344  2345  2346  2347  2348  2349  2350  2351  2352  2353  2354  2355  2356  2357  2358  2359  2360  2361  2362  2363  2364  1814  1813  1812  1811  1810  1809  1808  1807  1806  1805  1804  2365  2366  2367  2368  2369  2370  2371  2372  2373  2374  2375  2376  2377  2378  2379  2380  2381  2382  2383  2384  2385  2386  2387  2388  2389  2390  2391  2392  2393  2394  2395  2396  2397  2398  2399  2400  2401  2402  2403  2404  2405  2406  2407  2408  2409  2410  2411  2412  2413  2414  2415  2416  2417  2418  2419  2420  2421  2422  2423  2424  2425  2426  2427  2428  2429  2430  2431  2432  2433  2434  2435  2436  2437  2438  2439  2440  2441  2442  2443  2444  2445  2446  2447  2448  2449  2450  2451  2452  2453  2454  2455  2456  2457  2458  2459  2460  2461  2462  2463  2464  2465  2466  2467  2468  2469  2470  2471  2472  2473  2474  1924  1923  1922  1921  1920  1919  1918  1917  1916  1915  1914  2475  2476  2477  2478  2479  2480  2481  2482  2483  2484  2485  2486  2487  2488  2489  2490  2491  2492  2493  2494  2495  2496  2497  2498  2499  2500  2501  2502  2503  2504  2505  2506  2507  2508  2509  2510  2511  2512  2513  2514  2515  2516  2517  2518  2519  2520  2521  2522  2523  2524  2525  2526  2527  2528  2529  2530  2531  2532  2533  2534  2535  2536  2537  2538  2539  2540  2541  2542  2543  2544  2545  2546  2547  2548  2549  2550  2551  2552  2553  2554  2555  2556  2557  2558  2559  2560  2561  2562  2563  2564  2565  2566  2567  2568  2569  2570  2571  2572  2573  2574  2575  2576  2577  2578  2579  2580  2581  2582  2583  2584  2034  2033  2032  2031  2030  2029  2028  2027  2026  2025  2024  2585  2586  2587  2588  2589  2590  2591  2592  2593  2594  2595  2596  2597  2598  2599  2600  2601  2602  2603  2604  2605  2606  2607  2608  2609  2610  2611  2612  2613  2614  2615  2616  2617  2618  2619  2620  2621  2622  2623  2624  2625  2626  2627  2628  2629  2630  2631  2632  2633  2634  2635  2636  2637  2638  2639  2640  2641  2642  2643  2644  2645  2646  2647  2648  2649  2650  2651  2652  2653  2654  2655  2656  2657  2658  2659  2660  2661  2662  2663  2664  2665  2666  2667  2668  2669  2670  2671  2672  2673  2674  2675  2676  2677  2678  2679  2680  2681  2682  2683  2684  2685  2686  2687  2688  2689  2690  2691  2692  2693  2694  2144  2143  2142  2141  2140  2139  2138  2137  2136  2135  2134  2695  2696  2697  2698  2699  2700  2701  2702  2703  2704  2705  2706  2707  2708  2709  2710  2711  2712  2713  2714  2715  2716  2717  2718  2719  2720  2721  2722  2723  2724  2725  2726  2727  2728  2729  2730  2731  2732  2733  2734  2735  2736  2737  2738  2739  2740  2741  2742  2743  2744  2745  2746  2747  2748  2749  2750  2751  2752  2753  2754  2755  2756  2757  2758  2759  2760  2761  2762  2763  2764  2765  2766  2767  2768  2769  2770  2771  2772  2773  2774  2775  2776  2777  2778  2779  2780  2781  2782  2783  2784  2785  2786  2787  2788  2789  2790  2791  2792  2793  2794  2795  2796  2797  2798  2799  2800  2801  2802  2803  2804  2254  2253  2252  2251  2250  2249  2248  2247  2246  2245  2244
2805  2806  2807  2808  2809  2810  2811  2812  2813  2814  2815  2816  2817  2818  2819  2820  2821  2822  2823  2824  2825  2826  2827  2828  2829  2830  2831  2832  2833  2834  2835  2836  2837  2838  2839  2840  2841  2842  2843  2844  2845  2846  2847  2848  2849  2850  2851  2852  2853  2854  2855  2856  2857  2858  2859  2860  2861  2862  2863  2864  2865  2866  2867  2868  2869  2870  2871  2872  2873  2874  2875  2876  2877  2878  2879  2880  2881  2882  2883  2884  2885  2886  2887  2888  2889  2890  2891  2892  2893  2894  2895  2896  2897  2898  2899  2900  2901  2902  2903  2904  2905  2906  2907  2908  2909  2910  2911  2912  2913  2914  2255  2256  2257  2258  2259  2260  2261  2262  2263  2264  2265  2915  2916  2917  2918  2919  2920  2921  2922  2923  2924  2925  2926  2927  2928  2929  2930  2931  2932  2933  2934  2935  2936  2937  2938  2939  2940  2941  2942  2943  2944  2945  2946  2947  2948  2949  2950  2951  2952  2953  2954  2955  2956  2957  2958  2959  2960  2961  2962  2963  2964  2965  2966  2967  2968  2969  2970  2971  2972  2973  2974  2975  2976  2977  2978  2979  2980  2981  2982  2983  2984  2985  2986  2987  2988  2989  2990  2991  2992  2993  2994  2995  2996  2997  2998  2999  3000  3001  3002  3003  3004  3005  3006  3007  3008  3009  3010  3011  3012  3013  3014  3015  3016  3017  3018  3019  3020  3021  3022  3023  3024  2365  2366  2367  2368  2369  2370  2371  2372  2373  2374  2375  3025  3026  3027  3028  3029  3030  3031  3032  3033  3034  3035  3036  3037  3038  3039  3040  3041  3042  3043  3044  3045  3046  3047  3048  3049  3050  3051  3052  3053  3054  3055  3056  3057  3058  3059  3060  3061  3062  3063  3064  3065  3066  3067  3068  3069  3070  3071  3072  3073  3074  3075  3076  3077  3078  3079  3080  3081  3082  3083  3084  3085  3086  3087  3088  3089  3090  3091  3092  3093  3094  3095  3096  3097  3098  3099  3100  3101  3102  3103  3104  3105  3106  3107  3108  3109  3110  3111  3112  3113  3114  3115  3116  3117  3118  3119  3120  3121  3122  3123  3124  3125  3126  3127  3128  3129  3130  3131  3132  3133  3134  2475  2476  2477  2478  2479  2480  2481  2482  2483  2484  2485  3135  3136  3137  3138  3139  3140  3141  3142  3143  3144  3145  3146  3147  3148  3149  3150  3151  3152  3153  3154  3155  3156  3157  3158  3159  3160  3161  3162  3163  3164  3165  3166  3167  3168  3169  3170  3171  3172  3173  3174  3175  3176  3177  3178  3179  3180  3181  3182  3183  3184  3185  3186  3187  3188  3189  3190  3191  3192  3193  3194  3195  3196  3197  3198  3199  3200  3201  3202  3203  3204  3205  3206  3207  3208  3209  3210  3211  3212  3213  3214  3215  3216  3217  3218  3219  3220  3221  3222  3223  3224  3225  3226  3227  3228  3229  3230  3231  3232  3233  3234  3235  3236  3237  3238  3239  3240  3241  3242  3243  3244  2585  2586  2587  2588  2589  2590  2591  2592  2593  2594  2595  3245  3246  3247  3248  3249  3250  3251  3252  3253  3254  3255  3256  3257  3258  3259  3260  3261  3262  3263  3264  3265  3266  3267  3268  3269  3270  3271  3272  3273  3274  3275  3276  3277  3278  3279  3280  3281  3282  3283  3284  3285  3286  3287  3288  3289  3290  3291  3292  3293  3294  3295  3296  3297  3298  3299  3300  3301  3302  3303  3304  3305  3306  3307  3308  3309  3310  3311  3312  3313  3314  3315  3316  3317  3318  3319  3320  3321  3322  3323  3324  3325  3326  3327  3328  3329  3330  3331  3332  3333  3334  3335  3336  3337  3338  3339  3340  3341  3342  3343  3344  3345  3346  3347  3348  3349  3350  3351  3352  3353  3354  2695  2696  2697  2698  2699  2700  2701  2702  2703  2704  2705
2815  3355  3356  3357  3358  3359  3360  3361  3362  3363  0     2826  3364  3365  3366  3367  3368  3369  3370  3371  3372  11    2837  3373  3374  3375  3376  3377  3378  3379  3380  3381  22    2848  3382  3383  3384  3385  3386  3387  3388  3389  3390  33    2859  3391  3392  3393  3394  3395  3396  3397  3398  3399  44    2870  3400  3401  3402  3403  3404  3405  3406  3407  3408  55    2881  3409  3410  3411  3412  3413  3414  3415  3416  3417  66    2892  3418  3419  3420  3421  3422  3423  3424  3425  3426  77    2903  3427  3428  3429  3430  3431  3432  3433  3434  3435  88    2914  3436  3437  3438  3439  3440  3441  3442  3443  3444  99    2265  3445  3446  3447  3448  3449  3450  3451  3452  3453  110   2925  3454  3455  3456  3457  3458  3459  3460  3461  3462  121   2936  3463  3464  3465  3466  3467  3468  3469  3470  3471  132   2947  3472  3473  3474  3475  3476  3477  3478  3479  3480  143   2958  3481  3482  3483  3484  3485  3486  3487  3488  3489  154   2969  3490  3491  3492  3493  3494  3495  3496  3497  3498  165   2980  3499  3500  3501  3502  3503  3504  3505  3506  3507  176   2991  3508  3509  3510  3511  3512  3513  3514  3515  3516  187   3002  3517  3518  3519  3520  3521  3522  3523  3524  3525  198   3013  3526  3527  3528  3529  3530  3531  3532  3533  3534  209   3024  3535  3536  3537  3538  3539  3540  3541  3542  3543  220   2375  3544  3545  3546  3547  3548  3549  3550  3551  3552  231   3035  3553  3554  3555  3556  3557  3558  3559  3560  3561  242   3046  3562  3563  3564  3565  3566  3567  3568  3569  3570  253   3057  3571  3572  3573  3574  3575  3576  3577  3578  3579  264   3068  3580  3581  3582  3583  3584  3585  3586  3587  3588  275   3079  3589  3590  3591  3592  3593  3594  3595  3596  3597  286   3090  3598  3599  3600  3601  3602  3603  3604  3605  3606  297   3101  3607  3608  3609  3610  3611  3612  3613  3614  3615  308   3112  3616  3617  3618  3619  3620  3621  3622  3623  3624  319   3123  3625  3626  3627  3628  3629  3630  3631  3632  3633  330   3134  3634  3635  3636  3637  3638  3639  3640  3641  3642  341   2485  3643  3644  3645  3646  3647  3648  3649  3650  3651  352   3145  3652  3653  3654  3655  3656  3657  3658  3659  3660  363   3156  3661  3662  3663  3664  3665  3666  3667  3668  3669  374   3167  3670  3671  3672  3673  3674  3675  3676  3677  3678  385   3178  3679  3680  3681  3682  3683  3684  3685  3686  3687  396   3189  3688  3689  3690  3691  3692  3693  3694  3695  3696  407   3200  3697  3698  3699  3700  3701  3702  3703  3704  3705  418   3211  3706  3707  3708  3709  3710  3711  3712  3713  3714  429   3222  3715  3716  3717  3718  3719  3720  3721  3722  3723  440   3233  3724  3725  3726  3727  3728  3729  3730  3731  3732  451   3244  3733  3734  3735  3736  3737  3738  3739  3740  3741  462   2595  3742  3743  3744  3745  3746  3747  3748  3749  3750  473   3255  3751  3752  3753  3754  3755  3756  3757  3758  3759  484   3266  3760  3761  3762  3763  3764  3765  3766  3767  3768  495   3277  3769  3770  3771  3772  3773  3774  3775  3776  3777  506   3288  3778  3779  3780  3781  3782  3783  3784  3785  3786  517   3299  3787  3788  3789  3790  3791  3792  3793  3794  3795  528   3310  3796  3797  3798  3799  3800  3801  3802  3803  3804  539   3321  3805  3806  3807  3808  3809  3810  3811  3812  3813  550   3332  3814  3815  3816  3817  3818  3819  3820  3821  3822  561   3343  3823  3824  3825  3826  3827  3828  3829  3830  3831  572   3354  3832  3833  3834  3835  3836  3837  3838  3839  3840  583   2705  3841  3842  3843  3844  3845  3846  3847  3848  3849  594

0     0     0

0.0000000000000000e+00  0.0000000000000000e+00  0.0000000000000000e+00  0.0000000000000000e+00  1.2500000000000000e-01  2.5000000000000000e-01  3.7500000000000000e-01  5.0000000000000000e-01  6.2500000000000000e-01  7.5000000000000000e-01  8.7500000000000000e-01  1.0000000000000000e+00  1.0000000000000000e+00  1.0000000000000000e+00  1.0000000000000000e+00
0.0000000000000000e+00  0.0000000000000000e+00  0.0000000000000000e+00  0.0000000000000000e+00  1.2500000000000000e-01  2.5000000000000000e-01  3.7500000000000000e-01  5.0000000000000000e-01  6.2500000000000000e-01  7.5000000000000000e-01  8.7500000000000000e-01  1.0000000000000000e+00  1.0000000000000000e+00  1.0000000000000000e+00  1.0000000000000000e+00
0.0000000000000000e+00  0.0000000000000000e+00  0.0000000000000000e+00  0.0000000000000000e+00  5.0000000000000000e-01  1.0000000000000000e+00  1.0000000000000000e+00  1.0000000000000000e+00  1.0000000000000000e+00
0.0000000000000000e+00  0.0000000000000000e+00  0.0000000000000000e+00  0.0000000000000000e+00  1.2500000000000000e-01  2.5000000000000000e-01  3.7500000000000000e-01  5.0000000000000000e-01  6.2500000000000000e-01  7.5000000000000000e-01  8.7500000000000000e-01  1.0000000000000000e+00  1.0000000000000000e+00  1.0000000000000000e+00  1.0000000000000000e+00
0.0000000000000000e+00  0.0000000000000000e+00  0.0000000000000000e+00  0.0000000000000000e+00  1.2500000000000000e-01  2.5000000000000000e-01  3.7500000000000000e-01  5.0000000000000000e-01  6.2500000000000000e-01  7.5000000000000000e-01  8.7500000000000000e-01  1.0000000000000000e+00  1.0000000000000000e+00  1.0000000000000000e+00  1.0000000000000000e+00
0.0000000000000000e+00  0.0000000000000000e+00  0.0000000000000000e+00  0.0000000000000000e+00  5.0000000000000000e-01  1.0000000000000000e+00  1.0000000000000000e+00  1.0000000000000000e+00  1.0000000000000000e+00
0.0000000000000000e+00  0.0000000000000000e+00  0.0000000000000000e+00  0.0000000000000000e+00  1.2500000000000000e-01  2.5000000000000000e-01  3.7500000000000000e-01  5.0000000000000000e-01  6.2500000000000000e-01  7.5000000000000000e-01  8.7500000000000000e-01  1.0000000000000000e+00  1.0000000000000000e+00  1.0000000000000000e+00  1.0000000000000000e+00
0.0000000000000000e+00  0.0000000000000000e+00  0.0000000000000000e+00  0.0000000000000000e+00  1.2500000000000000e-01  2.5000000000000000e-01  3.7500000000000000e-01  5.0000000000000000e-01  6.2500000000000000e-01  7.5000000000000000e-01  8.7500000000000000e-01  1.0000000000000000e+00  1.0000000000000000e+00  1.0000000000000000e+00  1.0000000000000000e+00
0.0000000000000000e+00  0.0000000000000000e+00  0.0000000000000000e+00  0.0000000000000000e+00  5.0000000000000000e-01  1.0000000000000000e+00  1.0000000000000000e+00  1.0000000000000000e+00  1.0000000000000000e+00
0.0000000000000000e+00  0.0000000000000000e+00  0.0000000000000000e+00  0.0000000000000000e+00  1.2500000000000000e-01  2.5000000000000000e-01  3.7500000000000000e-01  5.0000000000000000e-01  6.2500000000000000e-01  7.5000000000000000e-01  8.7500000000000000e-01  1.0000000000000000e+00  1.0000000000000000e+00  1.0000000000000000e+00  1.0000000000000000e+00
0.0000000000000000e+00  0.0000000000000000e+00  0.0000000000000000e+00  0.0000000000000000e+00  1.2500000000000000e-01  2.5000000000000000e-01  3.7500000000000000e-01  5.0000000000000000e-01  6.2500000000000000e-01  7.5000000000000000e-01  8.7500000000000000e-01  1.0000000000000000e+00  1.0000000000000000e+00  1.0000000000000000e+00  1.0000000000000000e+00
0.0000000000000000e+00  0.0000000000000000e+00  0.0000000000000000e+00  0.0000000000000000e+00  5.0000000000000000e-01  1.0000000000000000e+00  1.0000000000000000e+00  1.0000000000000000e+00  1.0000000000000000e+00
0.0000000000000000e+00  0.0000000000000000e+00  0.0000000000000000e+00  0.0000000000000000e+00  1.2500000000000000e-01  2.5000000000000000e-01  3.7500000000000000e-01  5.0000000000000000e-01  6.2500000000000000e-01  7.5000000000000000e-01  8.7500000000000000e-01  1.0000000000000000e+00  1.0000000000000000e+00  1.0000000000000000e+00  1.0000000000000000e+00
0.0000000000000000e+00  0.0000000000000000e+00  0.0000000000000000e+00  0.0000000000000000e+00  1.2500000000000000e-01  2.5000000000000000e-01  3.7500000000000000e-01  5.0000000000000000e-01  6.2500000000000000e-01  7.5000000000000000e-01  8.7500000000000000e-01  1.0000000000000000e+00  1.0000000000000000e+00  1.0000000000000000e+00  1.0000000000000000e+00
0.0000000000000000e+00  0.0000000000000000e+00  0.0000000000000000e+00  0.0000000000000000e+00  5.0000000000000000e-01  1.0000000000000000e+00  1.0000000000000000e+00  1.0000000000000000e+00  1.0000000000000000e+00
0.0000000000000000e+00  0.0000000000000000e+00  0.0000000000000000e+00  0.0000000000000000e+00  1.2500000000000000e-01  2.5000000000000000e-01  3.7500000000000000e-01  5.0000000000000000e-01  6.2500000000000000e-01  7.5000000000000000e-01  8.7500000000000000e-01  1.0000000000000000e+00  1.0000000000000000e+00  1.0000000000000000e+00  1.0000000000000000e+00
0.0000000000000000e+00  0.0000000000000000e+00  0.0000000000000000e+00  0.0000000000000000e+00  1.2500000000000000e-01  2.5000000000000000e-01  3.7500000000000000e-01  5.0000000000000000e-01  6.2500000000000000e-01  7.5000000000000000e-01  8.7500000000000000e-01  1.0000000000000000e+00  1.0000000000000000e+00  1.0000000000000000e+00  1.0000000000000000e+00
0.0000000000000000e+00  0.0000000000000000e+00  0.0000000000000000e+00  0.0000000000000000e+00  5.0000000000000000e-01  1.0000000000000000e+00  1.0000000000000000e+00  1.0000000000000000e+00  1.0000000000000000e+00
0.0000000000000000e+00  0.0000000000000000e+00  0.0000000000000000e+00  0.0000000000000000e+00  1.2500000000000000e-01  2.5000000000000000e-01  3.7500000000000000e-01  5.0000000000000000e-01  6.2500000000000000e-01  7.5000000000000000e-01  8.7500000000000000e-01  1.0000000000000000e+00  1.0000000000000000e+00  1.0000000000000000e+00  1.0000000000000000e+00
0.0000000000000000e+00  0.0000000000000000e+00  0.0000000000000000e+00  0.0000000000000000e+00  1.2500000000000000e-01  2.5000000000000000e-01  3.7500000000000000e-01  5.0000000000000000e-01  6.2500000000000000e-01  7.5000000000000000e-01  8.7500000000000000e-01  1.0000000000000000e+00  1.0000000000000000e+00  1.0000000000000000e+00  1.0000000000000000e+00
0.0000000000000000e+00  0.0000000000000000e+00  0.0000000000000000e+00  0.0000000000000000e+00  5.0000000000000000e-01  1.0000000000000000e+00  1.0000000000000000e+00  1.0000000000000000e+00  1.0000000000000000e+00

0      7.0999999999999996e-01  1.1500000000000000e-01  0.0000000000000000e+00  1.0000000000000000e+00
1      7.1583333333333332e-01  1.1500000000000000e-01  0.0000000000000000e+00  1.0000000000000000e+00
2      7.2750000000000004e-01  1.1500000000000002e-01  0.0000000000000000e+00  1.0000000000000000e+00
3      7.4500000000000011e-01  1.1499999999999999e-01  0.0000000000000000e+00  1.0000000000000000e+00
4      7.6249999999999996e-01  1.1500000000000000e-01  0.0000000000000000e+00  1.0000000000000000e+00
5      7.8000000000000003e-01  1.1500000000000000e-01  0.0000000000000000e+00  1.0000000000000000e+00
6      7.9750000000000010e-01  1.1499999999999999e-01  0.0000000000000000e+00  1.0000000000000000e+00
7      8.1500000000000006e-01  1.1499999999999999e-01  0.0000000000000000e+00  1.0000000000000000e+00
8      8.3250000000000002e-01  1.1499999999999999e-01  0.0000000000000000e+00  1.0000000000000000e+00
9      8.4416666666666673e-01  1.1500000000000000e-01  0.0000000000000000e+00  1.0000000000000000e+00
10     8.4999999999999998e-01  1.1500000000000000e-01  0.0000000000000000e+00  1.0000000000000000e+00
11     7.0999999999999996e-01  1.2083333333333335e-01  0.0000000000000000e+00  1.0000000000000000e+00
12     7.1583333333333332e-01  1.2083333333333335e-01  0.0000000000000000e+00  1.0000000000000000e+00
13     7.2750000000000004e-01  1.2083333333333335e-01  0.0000000000000000e+00  1.0000000000000000e+00
14     7.4500000000000011e-01  1.2083333333333332e-01  0.0000000000000000e+00  1.0000000000000000e+00
15     7.6249999999999996e-01  1.2083333333333333e-01  0.0000000000000000e+00  1.0000000000000000e+00
16     7.8000000000000003e-01  1.2083333333333335e-01  0.0000000000000000e+00  1.0000000000000000e+00
17     7.9750000000000010e-01  1.2083333333333332e-01  0.0000000000000000e+00  1.0000000000000000e+00
18     8.1500000000000006e-01  1.2083333333333332e-01  0.0000000000000000e+00  1.0000000000000000e+00
19     8.3250000000000013e-01  1.2083333333333332e-01  0.0000000000000000e+00  1.0000000000000000e+00
20     8.4416666666666684e-01  1.2083333333333335e-01  0.0000000000000000e+00  1.0000000000000000e+00
21     8.5000000000000009e-01  1.2083333333333335e-01  0.0000000000000000e+00  1.0000000000000000e+00
22     7.0999999999999996e-01  1.3249999999999998e-01  0.0000000000000000e+00  1.0000000000000000e+00
23     7.1583333333333321e-01  1.3249999999999998e-01  0.0000000000000000e+00  1.0000000000000000e+00
24     7.2750000000000004e-01  1.3250000000000001e-01  0.0000000000000000e+00  1.0000000000000000e+00
25     7.4500000000000022e-01  1.3249999999999998e-01  0.0000000000000000e+00  1.0000000000000000e+00
26     7.6249999999999996e-01  1.3249999999999998e-01  0.0000000000000000e+00  1.0000000000000000e+00
27     7.8000000000000003e-01  1.3249999999999998e-01  0.0000000000000000e+00  1.0000000000000000e+00
28     7.9750000000000010e-01  1.3249999999999998e-01  0.0000000000000000e+00  1.0000000000000000e+00
29     8.1500000000000017e-01  1.3249999999999998e-01  0.0000000000000000e+00  1.0000000000000000e+00
30     8.3250000000000013e-01  1.3249999999999998e-01  0.0000000000000000e+00  1.0000000000000000e+00
31     8.4416666666666673e-01  1.3249999999999998e-01  0.0000000000000000e+00  1.0000000000000000e+00
32     8.4999999999999998e-01  1.3249999999999998e-01  0.0000000000000000e+00  1.0000000000000000e+00
33     7.0999999999999985e-01  1.4999999999999999e-01  0.0000000000000000e+00  1.0000000000000000e+00
34     7.1583333333333343e-01  1.4999999999999999e-01  0.0000000000000000e+00  1.0000000000000000e+00
35     7.2750000000000015e-01  1.5000000000000002e-01  0.0000000000000000e+00  1.0000000000000000e+00
36     7.4500000000000011e-01  1.4999999999999999e-01  0.0000000000000000e+00  1.0000000000000000e+00
37     7.6249999999999996e-01  1.4999999999999999e-01  0.0000000000000000e+00  1.0000000000000000e+00
38     7.8000000000000014e-01  1.4999999999999999e-01  0.0000000000000000e+00  1.0000000000000000e+00
39     7.9750000000000010e-01  1.4999999999999999e-01  0.0000000000000000e+00  1.0000000000000000e+00
40     8.1500000000000006e-01  1.4999999999999999e-01  0.0000000000000000e+00  1.0000000000000000e+00
41     8.3250000000000002e-01  1.4999999999999999e-01  0.0000000000000000e+00  1.0000000000000000e+00
42     8.4416666666666684e-01  1.4999999999999999e-01  0.0000000000000000e+00  1.0000000000000000e+00
43     8.5000000000000009e-01  1.4999999999999999e-01  0.0000000000000000e+00  1.0000000000000000e+00
44     7.1000000000000008e-01  1.6750000000000001e-01  0.0000000000000000e+00  1.0000000000000000e+00
45     7.1583333333333332e-01  1.6750000000000001e-01  0.0000000000000000e+00  1.0000000000000000e+00
46     7.2750000000000004e-01  1.6750000000000001e-01  0.0000000000000000e+00  1.0000000000000000e+00
47     7.4500000000000011e-01  1.6749999999999998e-01  0.0000000000000000e+00  1.0000000000000000e+00
48     7.6249999999999996e-01  1.6749999999999998e-01  0.0000000000000000e+00  1.0000000000000000e+00
49     7.8000000000000003e-01  1.6750000000000001e-01  0.0000000000000000e+00  1.0000000000000000e+00
50     7.9750000000000010e-01  1.6750000000000001e-01  0.0000000000000000e+00  1.0000000000000000e+00
51     8.1500000000000017e-01  1.6750000000000001e-01  0.0000000000000000e+00  1.0000000000000000e+00
52     8.3250000000000024e-01  1.6750000000000001e-01  0.0000000000000000e+00  1.0000000000000000e+00
53     8.4416666666666684e-01  1.6750000000000001e-01  0.0000000000000000e+00  1.0000000000000000e+00
54     8.5000000000000009e-01  1.6750000000000001e-01  0.0000000000000000e+00  1.0000000000000000e+00
55     7.0999999999999996e-01  1.8500000000000000e-01  0.0000000000000000e+00  1.0000000000000000e+00
56     7.1583333333333332e-01  1.8500000000000000e-01  0.0000000000000000e+00  1.0000000000000000e+00
57     7.2750000000000004e-01  1.8500000000000000e-01  0.0000000000000000e+00  1.0000000000000000e+00
58     7.4500000000000000e-01  1.8499999999999997e-01  0.0000000000000000e+00  1.0000000000000000e+00
59     7.6249999999999996e-01  1.8499999999999997e-01  0.0000000000000000e+00  1.0000000000000000e+00
60     7.8000000000000003e-01  1.8500000000000000e-01  0.0000000000000000e+00  1.0000000000000000e+00
61     7.9750000000000010e-01  1.8500000000000000e-01  0.0000000000000000e+00  1.0000000000000000e+00
62     8.1500000000000017e-01  1.8500000000000000e-01  0.0000000000000000e+00  1.0000000000000000e+00
63     8.3250000000000002e-01  1.8500000000000000e-01  0.0000000000000000e+00  1.0000000000000000e+00
64     8.4416666666666673e-01  1.8500000000000000e-01  0.0000000000000000e+00  1.0000000000000000e+00
65     8.5000000000000009e-01  1.8500000000000000e-01  0.0000000000000000e+00  1.0000000000000000e+00
66     7.0999999999999996e-01  2.0250000000000001e-01  0.0000000000000000e+00  1.0000000000000000e+00
67     7.1583333333333332e-01  2.0250000000000001e-01  0.0000000000000000e+00  1.0000000000000000e+00
68     7.2750000000000004e-01  2.0250000000000001e-01  0.0000000000000000e+00  1.0000000000000000e+00
69     7.4500000000000011e-01  2.0249999999999996e-01  0.0000000000000000e+00  1.0000000000000000e+00
70     7.6249999999999996e-01  2.0250000000000001e-01  0.0000000000000000e+00  1.0000000000000000e+00
71     7.8000000000000003e-01  2.0250000000000001e-01  0.0000000000000000e+00  1.0000000000000000e+00
72     7.9750000000000010e-01  2.0250000000000001e-01  0.0000000000000000e+00  1.0000000000000000e+00
73     8.1500000000000017e-01  2.0250000000000001e-01  0.0000000000000000e+00  1.0000000000000000e+00
74     8.3250000000000002e-01  2.0250000000000001e-01  0.0000000000000000e+00  1.0000000000000000e+00
75     8.4416666666666684e-01  2.0250000000000001e-01  0.0000000000000000e+00  1.0000000000000000e+00
76     8.5000000000000009e-01  2.0250000000000001e-01  0.0000000000000000e+00  1.0000000000000000e+00
77     7.0999999999999996e-01  2.2000000000000000e-01  0.0000000000000000e+00  1.0000000000000000e+00
78     7.1583333333333332e-01  2.2000000000000000e-01  0.0000000000000000e+00  1.0000000000000000e+00
79     7.2750000000000004e-01  2.2000000000000000e-01  0.0000000000000000e+00  1.0000000000000000e+00
80     7.4500000000000011e-01  2.1999999999999997e-01  0.0000000000000000e+00  1.0000000000000000e+00
81     7.6249999999999996e-01  2.2000000000000000e-01  0.0000000000000000e+00  1.0000000000000000e+00
82     7.8000000000000003e-01  2.2000000000000000e-01  0.0000000000000000e+00  1.0000000000000000e+00
83     7.9750000000000010e-01  2.2000000000000000e-01  0.0000000000000000e+00  1.0000000000000000e+00
84     8.1500000000000017e-01  2.2000000000000000e-01  0.0000000000000000e+00  1.0000000000000000e+00
85     8.3250000000000013e-01  2.2000000000000000e-01  0.0000000000000000e+00  1.0000000000000000e+00
86     8.4416666666666673e-01  2.2000000000000000e-01  0.0000000000000000e+00  1.0000000000000000e+00
87     8.5000000000000009e-01  2.2000000000000000e-01  0.0000000000000000e+00  1.0000000000000000e+00
88     7.0999999999999996e-01  2.3749999999999999e-01  0.0000000000000000e+00  1.0000000000000000e+00
89     7.1583333333333332e-01  2.3749999999999999e-01  0.0000000000000000e+00  1.0000000000000000e+00
90     7.2750000000000004e-01  2.3749999999999999e-01  0.0000000000000000e+00  1.0000000000000000e+00
91     7.4500000000000011e-01  2.3749999999999999e-01  0.0000000000000000e+00  1.0000000000000000e+00
92     7.6249999999999996e-01  2.3749999999999999e-01  0.0000000000000000e+00  1.0000000000000000e+00
93     7.8000000000000003e-01  2.3749999999999999e-01  0.0000000000000000e+00  1.0000000000000000e+00
94     7.9750000000000010e-01  2.3749999999999999e-01  0.0000000000000000e+00  1.0000000000000000e+00
95     8.1500000000000017e-01  2.3749999999999999e-01  0.0000000000000000e+00  1.0000000000000000e+00
96     8.3250000000000002e-01  2.3749999999999999e-01  0.0000000000000000e+00  1.0000000000000000e+00
97     8.4416666666666673e-01  2.3749999999999999e-01  0.0000000000000000e+00  1.0000000000000000e+00
98     8.4999999999999987e-01  2.3749999999999999e-01  0.0000000000000000e+00  1.0000000000000000e+00
99     7.0999999999999996e-01  2.4916666666666668e-01  0.0000000000000000e+00  1.0000000000000000e+00
100    7.1583333333333332e-01  2.4916666666666668e-01  0.0000000000000000e+00  1.0000000000000000e+00
101    7.2750000000000004e-01  2.4916666666666668e-01  0.0000000000000000e+00  1.0000000000000000e+00
102    7.4500000000000011e-01  2.4916666666666668e-01  0.0000000000000000e+00  1.0000000000000000e+00
103    7.6249999999999996e-01  2.4916666666666668e-01  0.0000000000000000e+00  1.0000000000000000e+00
104    7.8000000000000003e-01  2.4916666666666668e-01  0.0000000000000000e+00  1.0000000000000000e+00
105    7.9750000000000010e-01  2.4916666666666668e-01  0.0000000000000000e+00  1.0000000000000000e+00
106    8.1500000000000006e-01  2.4916666666666668e-01  0.0000000000000000e+00  1.0000000000000000e+00
107    8.3250000000000013e-01  2.4916666666666668e-01  0.0000000000000000e+00  1.0000000000000000e+00
108    8.4416666666666684e-01  2.4916666666666668e-01  0.0000000000000000e+00  1.0000000000000000e+00
109    8.5000000000000009e-01  2.4916666666666668e-01  0.0000000000000000e+00  1.0000000000000000e+00
110    7.0999999999999996e-01  2.5500000000000000e-01  0.0000000000000000e+00  1.0000000000000000e+00
111    7.1583333333333332e-01  2.5500000000000000e-01  0.0000000000000000e+00  1.0000000000000000e+00
112    7.2750000000000004e-01  2.5500000000000000e-01  0.0000000000000000e+00  1.0000000000000000e+00
113    7.4500000000000011e-01  2.5500000000000000e-01  0.0000000000000000e+00  1.0000000000000000e+00
114    7.6249999999999996e-01  2.5500000000000000e-01  0.0000000000000000e+00  1.0000000000000000e+00
115    7.8000000000000003e-01  2.5500000000000000e-01  0.0000000000000000e+00  1.0000000000000000e+00
116    7.9750000000000010e-01  2.5500000000000000e-01  0.0000000000000000e+00  1.0000000000000000e+00
117    8.1500000000000006e-01  2.5500000000000000e-01  0.0000000000000000e+00  1.0000000000000000e+00
118    8.3250000000000002e-01  2.5500000000000000e-01  0.0000000000000000e+00  1.0000000000000000e+00
119    8.4416666666666673e-01  2.5500000000000000e-01  0.0000000000000000e+00  1.0000000000000000e+00
120    8.4999999999999998e-01  2.5500000000000000e-01  0.0000000000000000e+00  1.0000000000000000e+00
121    7.0999999999999996e-01  1.1500000000000000e-01  1.6666666666666669e-01  1.0000000000000000e+00
122    7.1583333333333332e-01  1.1500000000000000e-01  1.6666666666666669e-01  1.0000000000000000e+00
123    7.2750000000000004e-01  1.1500000000000002e-01  1.6666666666666671e-01  1.0000000000000000e+00
124    7.4500000000000011e-01  1.1499999999999999e-01  1.6666666666666671e-01  1.0000000000000000e+00
125    7.6249999999999996e-01  1.1500000000000000e-01  1.6666666666666669e-01  1.0000000000000000e+00
126    7.8000000000000003e-01  1.1500000000000000e-01  1.6666666666666669e-01  1.0000000000000000e+00
127    7.9750000000000010e-01  1.1499999999999999e-01  1.6666666666666669e-01  1.0000000000000000e+00
128    8.1500000000000017e-01  1.1500000000000000e-01  1.6666666666666669e-01  1.0000000000000000e+00
129    8.3250000000000002e-01  1.1499999999999999e-01  1.6666666666666669e-01  1.0000000000000000e+00
130    8.4416666666666673e-01  1.1500000000000000e-01  1.6666666666666669e-01  1.0000000000000000e+00
131    8.5000000000000009e-01  1.1500000000000000e-01  1.6666666666666669e-01  1.0000000000000000e+00
132    7.0999999999999996e-01  1.2083333333333335e-01  1.6666666666666669e-01  1.0000000000000000e+00
133    7.1583333333333332e-01  1.2083333333333335e-01  1.6666666666666669e-01  1.0000000000000000e+00
134    7.2750000000000004e-01  1.2083333333333335e-01  1.6666666666666671e-01  1.0000000000000000e+00
135    7.4500000000000011e-01  1.2083333333333332e-01  1.6666666666666671e-01  1.0000000000000000e+00
136    7.6249999999999996e-01  1.2083333333333333e-01  1.6666666666666669e-01  1.0000000000000000e+00
137    7.8000000000000003e-01  1.2083333333333335e-01  1.6666666666666669e-01  1.0000000000000000e+00
138    7.9750000000000010e-01  1.2083333333333332e-01  1.6666666666666669e-01  1.0000000000000000e+00
139    8.1500000000000017e-01  1.2083333333333333e-01  1.6666666666666669e-01  1.0000000000000000e+00
140    8.3250000000000013e-01  1.2083333333333333e-01  1.6666666666666669e-01  1.0000000000000000e+00
141    8.4416666666666684e-01  1.2083333333333335e-01  1.6666666666666669e-01  1.0000000000000000e+00
142    8.5000000000000009e-01  1.2083333333333335e-01  1.6666666666666669e-01  1.0000000000000000e+00
143    7.0999999999999996e-01  1.3249999999999998e-01  1.6666666666666671e-01  1.0000000000000000e+00
144    7.1583333333333321e-01  1.3249999999999998e-01  1.6666666666666671e-01  1.0000000000000000e+00
145    7.2750000000000004e-01  1.3250000000000001e-01  1.6666666666666671e-01  1.0000000000000000e+00
146    7.4500000000000022e-01  1.3249999999999998e-01  1.6666666666666671e-01  1.0000000000000000e+00
147    7.6249999999999996e-01  1.3249999999999998e-01  1.6666666666666671e-01  1.0000000000000000e+00
148    7.8000000000000003e-01  1.3249999999999998e-01  1.6666666666666671e-01  1.0000000000000000e+00
149    7.9750000000000010e-01  1.3249999999999998e-01  1.6666666666666671e-01  1.0000000000000000e+00
150    8.1500000000000017e-01  1.3250000000000001e-01  1.6666666666666671e-01  1.0000000000000000e+00
151    8.3250000000000013e-01  1.3249999999999998e-01  1.6666666666666671e-01  1.0000000000000000e+00
152    8.4416666666666673e-01  1.3249999999999998e-01  1.6666666666666671e-01  1.0000000000000000e+00
153    8.5000000000000009e-01  1.3249999999999998e-01  1.6666666666666671e-01  1.0000000000000000e+00
154    7.0999999999999985e-01  1.4999999999999999e-01  1.6666666666666671e-01  1.0000000000000000e+00
155    7.1583333333333343e-01  1.4999999999999999e-01  1.6666666666666671e-01  1.0000000000000000e+00
156    7.2750000000000015e-01  1.5000000000000002e-01  1.6666666666666671e-01  1.0000000000000000e+00
157    7.4500000000000011e-01  1.4999999999999999e-01  1.6666666666666671e-01  1.0000000000000000e+00
158    7.6249999999999996e-01  1.4999999999999999e-01  1.6666666666666671e-01  1.0000000000000000e+00
159    7.8000000000000014e-01  1.4999999999999999e-01  1.6666666666666671e-01  1.0000000000000000e+00
160    7.9750000000000010e-01  1.4999999999999999e-01  1.6666666666666671e-01  1.0000000000000000e+00
161    8.1500000000000006e-01  1.5000000000000002e-01  1.6666666666666671e-01  1.0000000000000000e+00
162    8.3250000000000002e-01  1.4999999999999999e-01  1.6666666666666671e-01  1.0000000000000000e+00
163    8.4416666666666684e-01  1.4999999999999999e-01  1.6666666666666671e-01  1.0000000000000000e+00
164    8.5000000000000009e-01  1.4999999999999999e-01  1.6666666666666671e-01  1.0000000000000000e+00
165    7.1000000000000008e-01  1.6750000000000001e-01  1.6666666666666669e-01  1.0000000000000000e+00
166    7.1583333333333332e-01  1.6750000000000001e-01  1.6666666666666669e-01  1.0000000000000000e+00
167    7.2750000000000004e-01  1.6750000000000001e-01  1.6666666666666671e-01  1.0000000000000000e+00
168    7.4500000000000011e-01  1.6749999999999998e-01  1.6666666666666671e-01  1.0000000000000000e+00
169    7.6249999999999996e-01  1.6749999999999998e-01  1.6666666666666669e-01  1.0000000000000000e+00
170    7.8000000000000003e-01  1.6750000000000001e-01  1.6666666666666669e-01  1.0000000000000000e+00
171    7.9750000000000010e-01  1.6750000000000001e-01  1.6666666666666669e-01  1.0000000000000000e+00
172    8.1500000000000017e-01  1.6750000000000001e-01  1.6666666666666669e-01  1.0000000000000000e+00
173    8.3250000000000024e-01  1.6750000000000001e-01  1.6666666666666669e-01  1.0000000000000000e+00
174    8.4416666666666684e-01  1.6750000000000001e-01  1.6666666666666669e-01  1.0000000000000000e+00
175    8.5000000000000009e-01  1.6750000000000001e-01  1.6666666666666669e-01  1.0000000000000000e+00
176    7.0999999999999996e-01  1.8500000000000000e-01  1.6666666666666669e-01  1.0000000000000000e+00
177    7.1583333333333332e-01  1.8500000000000000e-01  1.6666666666666669e-01  1.0000000000000000e+00
178    7.2750000000000004e-01  1.8500000000000000e-01  1.6666666666666674e-01  1.0000000000000000e+00
179    7.4500000000000000e-01  1.8499999999999997e-01  1.6666666666666674e-01  1.0000000000000000e+00
180    7.6249999999999996e-01  1.8499999999999997e-01  1.6666666666666669e-01  1.0000000000000000e+00
181    7.8000000000000003e-01  1.8500000000000000e-01  1.6666666666666669e-01  1.0000000000000000e+00
182    7.9750000000000010e-01  1.8500000000000000e-01  1.6666666666666669e-01  1.0000000000000000e+00
183    8.1500000000000017e-01  1.8500000000000000e-01  1.6666666666666669e-01  1.0000000000000000e+00
184    8.3250000000000002e-01  1.8500000000000000e-01  1.6666666666666669e-01  1.0000000000000000e+00
185    8.4416666666666673e-01  1.8500000000000000e-01  1.6666666666666669e-01  1.0000000000000000e+00
186    8.5000000000000009e-01  1.8500000000000000e-01  1.6666666666666669e-01  1.0000000000000000e+00
187    7.0999999999999996e-01  2.0250000000000001e-01  1.6666666666666669e-01  1.0000000000000000e+00
188    7.1583333333333332e-01  2.0250000000000001e-01  1.6666666666666669e-01  1.0000000000000000e+00
189    7.2750000000000004e-01  2.0250000000000001e-01  1.6666666666666669e-01  1.0000000000000000e+00
190    7.4500000000000011e-01  2.0249999999999996e-01  1.6666666666666669e-01  1.0000000000000000e+00
191    7.6249999999999996e-01  2.0250000000000001e-01  1.6666666666666669e-01  1.0000000000000000e+00
192    7.8000000000000003e-01  2.0250000000000001e-01  1.6666666666666669e-01  1.0000000000000000e+00
193    7.9750000000000010e-01  2.0250000000000001e-01  1.6666666666666669e-01  1.0000000000000000e+00
194    8.1500000000000017e-01  2.0250000000000001e-01  1.6666666666666669e-01  1.0000000000000000e+00
195    8.3250000000000002e-01  2.0250000000000001e-01  1.6666666666666669e-01  1.0000000000000000e+00
196    8.4416666666666684e-01  2.0250000000000001e-01  1.6666666666666669e-01  1.0000000000000000e+00
197    8.5000000000000009e-01  2.0250000000000001e-01  1.6666666666666669e-01  1.0000000000000000e+00
198    7.0999999999999996e-01  2.2000000000000000e-01  1.6666666666666669e-01  1.0000000000000000e+00
199    7.1583333333333332e-01  2.2000000000000000e-01  1.6666666666666669e-01  1.0000000000000000e+00
200    7.2750000000000004e-01  2.2000000000000000e-01  1.6666666666666671e-01  1.0000000000000000e+00
201    7.4500000000000011e-01  2.1999999999999997e-01  1.6666666666666671e-01  1.0000000000000000e+00
202    7.6249999999999996e-01  2.2000000000000000e-01  1.6666666666666669e-01  1.0000000000000000e+00
203    7.8000000000000003e-01  2.2000000000000000e-01  1.6666666666666669e-01  1.0000000000000000e+00
204    7.9750000000000010e-01  2.2000000000000000e-01  1.6666666666666669e-01  1.0000000000000000e+00
205    8.1500000000000017e-01  2.2000000000000000e-01  1.6666666666666669e-01  1.0000000000000000e+00
206    8.3250000000000013e-01  2.2000000000000000e-01  1.6666666666666669e-01  1.0000000000000000e+00
207    8.4416666666666673e-01  2.2000000000000000e-01  1.6666666666666669e-01  1.0000000000000000e+00
208    8.5000000000000009e-01  2.2000000000000000e-01  1.6666666666666669e-01  1.0000000000000000e+00
209    7.0999999999999996e-01  2.3749999999999999e-01  1.6666666666666669e-01  1.0000000000000000e+00
210    7.1583333333333332e-01  2.3749999999999999e-01  1.6666666666666669e-01  1.0000000000000000e+00
211    7.2750000000000004e-01  2.3749999999999999e-01  1.6666666666666671e-01  1.0000000000000000e+00
212    7.4500000000000011e-01  2.3749999999999999e-01  1.6666666666666671e-01  1.0000000000000000e+00
213    7.6249999999999996e-01  2.3749999999999999e-01  1.6666666666666669e-01  1.0000000000000000e+00
214    7.8000000000000003e-01  2.3749999999999999e-01  1.6666666666666669e-01  1.0000000000000000e+00
215    7.9750000000000010e-01  2.3749999999999999e-01  1.6666666666666669e-01  1.0000000000000000e+00
216    8.1500000000000017e-01  2.3749999999999999e-01  1.6666666666666669e-01  1.0000000000000000e+00
217    8.3250000000000002e-01  2.3749999999999999e-01  1.6666666666666669e-01  1.0000000000000000e+00
218    8.4416666666666673e-01  2.3749999999999999e-01  1.6666666666666669e-01  1.0000000000000000e+00
219    8.4999999999999998e-01  2.3749999999999999e-01  1.6666666666666669e-01  1.0000000000000000e+00
220    7.0999999999999996e-01  2.4916666666666668e-01  1.6666666666666669e-01  1.0000000000000000e+00
221    7.1583333333333332e-01  2.4916666666666668e-01  1.6666666666666669e-01  1.0000000000000000e+00
222    7.2750000000000004e-01  2.4916666666666668e-01  1.6666666666666671e-01  1.0000000000000000e+00
223    7.4500000000000011e-01  2.4916666666666668e-01  1.6666666666666671e-01  1.0000000000000000e+00
224    7.6249999999999996e-01  2.4916666666666668e-01  1.6666666666666669e-01  1.0000000000000000e+00
225    7.8000000000000003e-01  2.4916666666666668e-01  1.6666666666666669e-01  1.0000000000000000e+00
226    7.9750000000000010e-01  2.4916666666666668e-01  1.6666666666666669e-01  1.0000000000000000e+00
227    8.1500000000000017e-01  2.4916666666666668e-01  1.6666666666666669e-01  1.0000000000000000e+00
228    8.3250000000000013e-01  2.4916666666666668e-01  1.6666666666666669e-01  1.0000000000000000e+00
229    8.4416666666666684e-01  2.4916666666666668e-01  1.6666666666666669e-01  1.0000000000000000e+00
230    8.5000000000000009e-01  2.4916666666666668e-01  1.6666666666666669e-01  1.0000000000000000e+00
231    7.0999999999999996e-01  2.5500000000000000e-01  1.6666666666666669e-01  1.0000000000000000e+00
232    7.1583333333333332e-01  2.5500000000000000e-01  1.6666666666666669e-01  1.0000000000000000e+00
233    7.2750000000000004e-01  2.5500000000000000e-01  1.6666666666666671e-01  1.0000000000000000e+00
234    7.4500000000000011e-01  2.5500000000000000e-01  1.6666666666666671e-01  1.0000000000000000e+00
235    7.6249999999999996e-01  2.5500000000000000e-01  1.6666666666666669e-01  1.0000000000000000e+00
236    7.8000000000000003e-01  2.5500000000000000e-01  1.6666666666666669e-01  1.0000000000000000e+00
237    7.9750000000000010e-01  2.5500000000000000e-01  1.6666666666666669e-01  1.0000000000000000e+00
238    8.1500000000000017e-01  2.5500000000000000e-01  1.6666666666666669e-01  1.0000000000000000e+00
239    8.3250000000000002e-01  2.5500000000000000e-01  1.6666666666666669e-01  1.0000000000000000e+00
240    8.4416666666666673e-01  2.5500000000000000e-01  1.6666666666666669e-01  1.0000000000000000e+00
241    8.5000000000000009e-01  2.5500000000000000e-01  1.6666666666666669e-01  1.0000000000000000e+00
242    7.0999999999999996e-01  1.1499999999999999e-01  5.0000000000000000e-01  1.0000000000000000e+00
243    7.1583333333333332e-01  1.1499999999999999e-01  5.0000000000000000e-01  1.0000000000000000e+00
244    7.2750000000000004e-01  1.1500000000000000e-01  5.0000000000000011e-01  1.0000000000000000e+00
245    7.4500000000000011e-01  1.1499999999999999e-01  5.0000000000000011e-01  1.0000000000000000e+00
246    7.6249999999999996e-01  1.1499999999999999e-01  5.0000000000000000e-01  1.0000000000000000e+00
247    7.8000000000000003e-01  1.1499999999999999e-01  5.0000000000000000e-01  1.0000000000000000e+00
248    7.9750000000000010e-01  1.1499999999999999e-01  5.0000000000000000e-01  1.0000000000000000e+00
249    8.1500000000000017e-01  1.1500000000000000e-01  5.0000000000000000e-01  1.0000000000000000e+00
250    8.3250000000000013e-01  1.1499999999999999e-01  5.0000000000000000e-01  1.0000000000000000e+00
251    8.4416666666666684e-01  1.1499999999999999e-01  5.0000000000000000e-01  1.0000000000000000e+00
252    8.5000000000000009e-01  1.1499999999999999e-01  5.0000000000000000e-01  1.0000000000000000e+00
253    7.0999999999999996e-01  1.2083333333333333e-01  5.0000000000000000e-01  1.0000000000000000e+00
254    7.1583333333333332e-01  1.2083333333333333e-01  5.0000000000000000e-01  1.0000000000000000e+00
255    7.2750000000000004e-01  1.2083333333333333e-01  5.0000000000000011e-01  1.0000000000000000e+00
256    7.4500000000000011e-01  1.2083333333333332e-01  5.0000000000000011e-01  1.0000000000000000e+00
257    7.6249999999999996e-01  1.2083333333333332e-01  5.0000000000000000e-01  1.0000000000000000e+00
258    7.8000000000000003e-01  1.2083333333333333e-01  5.0000000000000000e-01  1.0000000000000000e+00
259    7.9750000000000010e-01  1.2083333333333332e-01  5.0000000000000000e-01  1.0000000000000000e+00
260    8.1500000000000017e-01  1.2083333333333333e-01  5.0000000000000000e-01  1.0000000000000000e+00
261    8.3250000000000013e-01  1.2083333333333333e-01  5.0000000000000000e-01  1.0000000000000000e+00
262    8.4416666666666684e-01  1.2083333333333333e-01  5.0000000000000000e-01  1.0000000000000000e+00
263    8.5000000000000009e-01  1.2083333333333333e-01  5.0000000000000000e-01  1.0000000000000000e+00
264    7.0999999999999996e-01  1.3249999999999998e-01  5.0000000000000011e-01  1.0000000000000000e+00
265    7.1583333333333321e-01  1.3249999999999998e-01  5.0000000000000011e-01  1.0000000000000000e+00
266    7.2750000000000004e-01  1.3250000000000001e-01  5.0000000000000011e-01  1.0000000000000000e+00
267    7.4500000000000022e-01  1.3249999999999998e-01  5.0000000000000011e-01  1.0000000000000000e+00
268    7.6249999999999996e-01  1.3249999999999998e-01  5.0000000000000011e-01  1.0000000000000000e+00
269    7.8000000000000003e-01  1.3249999999999998e-01  5.0000000000000011e-01  1.0000000000000000e+00
270    7.9750000000000010e-01  1.3249999999999998e-01  5.0000000000000011e-01  1.0000000000000000e+00
271    8.1500000000000017e-01  1.3250000000000001e-01  5.0000000000000011e-01  1.0000000000000000e+00
272    8.3250000000000013e-01  1.3249999999999998e-01  5.0000000000000011e-01  1.0000000000000000e+00
273    8.4416666666666673e-01  1.3249999999999998e-01  5.0000000000000011e-01  1.0000000000000000e+00
274    8.5000000000000009e-01  1.3249999999999998e-01  5.0000000000000011e-01  1.0000000000000000e+00
275    7.0999999999999985e-01  1.4999999999999999e-01  5.0000000000000011e-01  1.0000000000000000e+00
276    7.1583333333333343e-01  1.4999999999999999e-01  5.0000000000000011e-01  1.0000000000000000e+00
277    7.2750000000000015e-01  1.5000000000000002e-01  5.0000000000000011e-01  1.0000000000000000e+00
278    7.4500000000000011e-01  1.4999999999999999e-01  5.0000000000000011e-01  1.0000000000000000e+00
279    7.6249999999999996e-01  1.4999999999999999e-01  5.0000000000000011e-01  1.0000000000000000e+00
280    7.8000000000000014e-01  1.4999999999999999e-01  5.0000000000000011e-01  1.0000000000000000e+00
281    7.9750000000000010e-01  1.4999999999999999e-01  5.0000000000000011e-01  1.0000000000000000e+00
282    8.1500000000000006e-01  1.5000000000000002e-01  5.0000000000000011e-01  1.0000000000000000e+00
283    8.3250000000000002e-01  1.4999999999999999e-01  5.0000000000000011e-01  1.0000000000000000e+00
284    8.4416666666666684e-01  1.4999999999999999e-01  5.0000000000000011e-01  1.0000000000000000e+00
285    8.5000000000000009e-01  1.4999999999999999e-01  5.0000000000000011e-01  1.0000000000000000e+00
286    7.1000000000000008e-01  1.6750000000000001e-01  5.0000000000000000e-01  1.0000000000000000e+00
287    7.1583333333333332e-01  1.6750000000000001e-01  5.0000000000000000e-01  1.0000000000000000e+00
288    7.2750000000000004e-01  1.6750000000000001e-01  5.0000000000000011e-01  1.0000000000000000e+00
289    7.4500000000000011e-01  1.6749999999999998e-01  5.0000000000000011e-01  1.0000000000000000e+00
290    7.6249999999999996e-01  1.6749999999999998e-01  5.0000000000000000e-01  1.0000000000000000e+00
291    7.8000000000000003e-01  1.6750000000000001e-01  5.0000000000000000e-01  1.0000000000000000e+00
292    7.9750000000000010e-01  1.6750000000000001e-01  5.0000000000000000e-01  1.0000000000000000e+00
293    8.1500000000000017e-01  1.6750000000000001e-01  5.0000000000000000e-01  1.0000000000000000e+00
294    8.3250000000000024e-01  1.6750000000000001e-01  5.0000000000000000e-01  1.0000000000000000e+00
295    8.4416666666666684e-01  1.6750000000000001e-01  5.0000000000000000e-01  1.0000000000000000e+00
296    8.5000000000000009e-01  1.6750000000000001e-01  5.0000000000000000e-01  1.0000000000000000e+00
297    7.0999999999999996e-01  1.8500000000000000e-01  5.0000000000000000e-01  1.0000000000000000e+00
298    7.1583333333333332e-01  1.8500000000000000e-01  5.0000000000000000e-01  1.0000000000000000e+00
299    7.2750000000000004e-01  1.8500000000000000e-01  5.0000000000000022e-01  1.0000000000000000e+00
300    7.4500000000000000e-01  1.8499999999999997e-01  5.0000000000000022e-01  1.0000000000000000e+00
301    7.6249999999999996e-01  1.8499999999999997e-01  5.0000000000000000e-01  1.0000000000000000e+00
302    7.8000000000000003e-01  1.8500000000000000e-01  5.0000000000000000e-01  1.0000000000000000e+00
303    7.9750000000000010e-01  1.8500000000000000e-01  5.0000000000000000e-01  1.0000000000000000e+00
304    8.1500000000000028e-01  1.8500000000000000e-01  5.0000000000000000e-01  1.0000000000000000e+00
305    8.3250000000000013e-01  1.8500000000000000e-01  5.0000000000000000e-01  1.0000000000000000e+00
306    8.4416666666666684e-01  1.8500000000000000e-01  5.0000000000000000e-01  1.0000000000000000e+00
307    8.5000000000000009e-01  1.8500000000000000e-01  5.0000000000000000e-01  1.0000000000000000e+00
308    7.0999999999999996e-01  2.0250000000000001e-01  5.0000000000000000e-01  1.0000000000000000e+00
309    7.1583333333333332e-01  2.0250000000000001e-01  5.0000000000000000e-01  1.0000000000000000e+00
310    7.2750000000000004e-01  2.0250000000000001e-01  5.0000000000000000e-01  1.0000000000000000e+00
311    7.4500000000000011e-01  2.0249999999999996e-01  5.0000000000000000e-01  1.0000000000000000e+00
312    7.6249999999999996e-01  2.0249999999999999e-01  5.0000000000000000e-01  1.0000000000000000e+00
313    7.8000000000000003e-01  2.0250000000000001e-01  5.0000000000000000e-01  1.0000000000000000e+00
314    7.9750000000000010e-01  2.0250000000000001e-01  5.0000000000000000e-01  1.0000000000000000e+00
315    8.1500000000000017e-01  2.0250000000000001e-01  5.0000000000000000e-01  1.0000000000000000e+00
316    8.3250000000000013e-01  2.0250000000000001e-01  5.0000000000000000e-01  1.0000000000000000e+00
317    8.4416666666666684e-01  2.0250000000000001e-01  5.0000000000000000e-01  1.0000000000000000e+00
318    8.5000000000000009e-01  2.0250000000000001e-01  5.0000000000000000e-01  1.0000000000000000e+00
319    7.0999999999999996e-01  2.2000000000000000e-01  5.0000000000000000e-01  1.0000000000000000e+00
320    7.1583333333333332e-01  2.2000000000000000e-01  5.0000000000000000e-01  1.0000000000000000e+00
321    7.2750000000000004e-01  2.2000000000000000e-01  5.0000000000000011e-01  1.0000000000000000e+00
322    7.4500000000000011e-01  2.1999999999999997e-01  5.0000000000000011e-01  1.0000000000000000e+00
323    7.6249999999999996e-01  2.2000000000000000e-01  5.0000000000000000e-01  1.0000000000000000e+00
324    7.8000000000000003e-01  2.2000000000000000e-01  5.0000000000000000e-01  1.0000000000000000e+00
325    7.9750000000000010e-01  2.2000000000000000e-01  5.0000000000000000e-01  1.0000000000000000e+00
326    8.1500000000000017e-01  2.2000000000000000e-01  5.0000000000000000e-01  1.0000000000000000e+00
327    8.3250000000000013e-01  2.2000000000000000e-01  5.0000000000000000e-01  1.0000000000000000e+00
328    8.4416666666666684e-01  2.2000000000000000e-01  5.0000000000000000e-01  1.0000000000000000e+00
329    8.5000000000000009e-01  2.2000000000000000e-01  5.0000000000000000e-01  1.0000000000000000e+00
330    7.0999999999999996e-01  2.3749999999999999e-01  5.0000000000000000e-01  1.0000000000000000e+00
331    7.1583333333333332e-01  2.3749999999999999e-01  5.0000000000000000e-01  1.0000000000000000e+00
332    7.2750000000000004e-01  2.3749999999999999e-01  5.0000000000000011e-01  1.0000000000000000e+00
333    7.4500000000000011e-01  2.3749999999999999e-01  5.0000000000000011e-01  1.0000000000000000e+00
334    7.6249999999999996e-01  2.3749999999999999e-01  5.0000000000000000e-01  1.0000000000000000e+00
335    7.8000000000000003e-01  2.3749999999999999e-01  5.0000000000000000e-01  1.0000000000000000e+00
336    7.9750000000000010e-01  2.3749999999999999e-01  5.0000000000000000e-01  1.0000000000000000e+00
337    8.1500000000000017e-01  2.3749999999999999e-01  5.0000000000000000e-01  1.0000000000000000e+00
338    8.3250000000000002e-01  2.3749999999999999e-01  5.0000000000000000e-01  1.0000000000000000e+00
339    8.4416666666666673e-01  2.3749999999999999e-01  5.0000000000000000e-01  1.0000000000000000e+00
340    8.5000000000000009e-01  2.3749999999999999e-01  5.0000000000000000e-01  1.0000000000000000e+00
341    7.0999999999999996e-01  2.4916666666666668e-01  5.0000000000000000e-01  1.0000000000000000e+00
342    7.1583333333333332e-01  2.4916666666666668e-01  5.0000000000000000e-01  1.0000000000000000e+00
343    7.2750000000000004e-01  2.4916666666666668e-01  5.0000000000000011e-01  1.0000000000000000e+00
344    7.4500000000000011e-01  2.4916666666666668e-01  5.0000000000000011e-01  1.0000000000000000e+00
345    7.6249999999999996e-01  2.4916666666666668e-01  5.0000000000000000e-01  1.0000000000000000e+00
346    7.8000000000000003e-01  2.4916666666666668e-01  5.0000000000000000e-01  1.0000000000000000e+00
347    7.9750000000000010e-01  2.4916666666666668e-01  5.0000000000000000e-01  1.0000000000000000e+00
348    8.1500000000000017e-01  2.4916666666666668e-01  5.0000000000000000e-01  1.0000000000000000e+00
349    8.3250000000000013e-01  2.4916666666666668e-01  5.0000000000000000e-01  1.0000000000000000e+00
350    8.4416666666666684e-01  2.4916666666666668e-01  5.0000000000000000e-01  1.0000000000000000e+00
351    8.5000000000000009e-01  2.4916666666666668e-01  5.0000000000000000e-01  1.0000000000000000e+00
352    7.0999999999999996e-01  2.5500000000000000e-01  5.0000000000000000e-01  1.0000000000000000e+00
353    7.1583333333333332e-01  2.5500000000000000e-01  5.0000000000000000e-01  1.0000000000000000e+00
354    7.2750000000000004e-01  2.5500000000000000e-01  5.0000000000000011e-01  1.0000000000000000e+00
355    7.4500000000000011e-01  2.5500000000000000e-01  5.0000000000000011e-01  1.0000000000000000e+00
356    7.6249999999999996e-01  2.5500000000000000e-01  5.0000000000000000e-01  1.0000000000000000e+00
357    7.8000000000000003e-01  2.5500000000000000e-01  5.0000000000000000e-01  1.0000000000000000e+00
358    7.9750000000000010e-01  2.5500000000000000e-01  5.0000000000000000e-01  1.0000000000000000e+00
359    8.1500000000000017e-01  2.5500000000000000e-01  5.0000000000000000e-01  1.0000000000000000e+00
360    8.3250000000000013e-01  2.5500000000000000e-01  5.0000000000000000e-01  1.0000000000000000e+00
361    8.4416666666666684e-01  2.5500000000000000e-01  5.0000000000000000e-01  1.0000000000000000e+00
362    8.5000000000000009e-01  2.5500000000000000e-01  5.0000000000000000e-01  1.0000000000000000e+00
363    7.0999999999999996e-01  1.1499999999999999e-01  8.3333333333333337e-01  1.0000000000000000e+00
364    7.1583333333333332e-01  1.1499999999999999e-01  8.3333333333333337e-01  1.0000000000000000e+00
365    7.2750000000000004e-01  1.1500000000000000e-01  8.3333333333333348e-01  1.0000000000000000e+00
366    7.4500000000000011e-01  1.1499999999999999e-01  8.3333333333333348e-01  1.0000000000000000e+00
367    7.6249999999999996e-01  1.1499999999999999e-01  8.3333333333333337e-01  1.0000000000000000e+00
368    7.8000000000000003e-01  1.1499999999999999e-01  8.3333333333333337e-01  1.0000000000000000e+00
369    7.9750000000000010e-01  1.1499999999999999e-01  8.3333333333333337e-01  1.0000000000000000e+00
370    8.1500000000000017e-01  1.1499999999999999e-01  8.3333333333333337e-01  1.0000000000000000e+00
371    8.3250000000000002e-01  1.1499999999999999e-01  8.3333333333333337e-01  1.0000000000000000e+00
372    8.4416666666666673e-01  1.1499999999999999e-01  8.3333333333333337e-01  1.0000000000000000e+00
373    8.5000000000000009e-01  1.1499999999999999e-01  8.3333333333333337e-01  1.0000000000000000e+00
374    7.0999999999999996e-01  1.2083333333333333e-01  8.3333333333333337e-01  1.0000000000000000e+00
375    7.1583333333333332e-01  1.2083333333333333e-01  8.3333333333333337e-01  1.0000000000000000e+00
376    7.2750000000000004e-01  1.2083333333333333e-01  8.3333333333333348e-01  1.0000000000000000e+00
377    7.4500000000000011e-01  1.2083333333333332e-01  8.3333333333333348e-01  1.0000000000000000e+00
378    7.6249999999999996e-01  1.2083333333333332e-01  8.3333333333333337e-01  1.0000000000000000e+00
379    7.8000000000000003e-01  1.2083333333333333e-01  8.3333333333333337e-01  1.0000000000000000e+00
380    7.9750000000000010e-01  1.2083333333333332e-01  8.3333333333333337e-01  1.0000000000000000e+00
381    8.1500000000000017e-01  1.2083333333333332e-01  8.3333333333333337e-01  1.0000000000000000e+00
382    8.3250000000000013e-01  1.2083333333333332e-01  8.3333333333333337e-01  1.0000000000000000e+00
383    8.4416666666666684e-01  1.2083333333333333e-01  8.3333333333333337e-01  1.0000000000000000e+00
384    8.5000000000000009e-01  1.2083333333333333e-01  8.3333333333333337e-01  1.0000000000000000e+00
385    7.0999999999999996e-01  1.3249999999999998e-01  8.3333333333333348e-01  1.0000000000000000e+00
386    7.1583333333333321e-01  1.3249999999999998e-01  8.3333333333333348e-01  1.0000000000000000e+00
387    7.2750000000000004e-01  1.3250000000000001e-01  8.3333333333333348e-01  1.0000000000000000e+00
388    7.4500000000000022e-01  1.3249999999999998e-01  8.3333333333333348e-01  1.0000000000000000e+00
389    7.6249999999999996e-01  1.3249999999999998e-01  8.3333333333333348e-01  1.0000000000000000e+00
390    7.8000000000000003e-01  1.3249999999999998e-01  8.3333333333333348e-01  1.0000000000000000e+00
391    7.9750000000000010e-01  1.3249999999999998e-01  8.3333333333333348e-01  1.0000000000000000e+00
392    8.1500000000000017e-01  1.3249999999999998e-01  8.3333333333333348e-01  1.0000000000000000e+00
393    8.3250000000000013e-01  1.3249999999999998e-01  8.3333333333333348e-01  1.0000000000000000e+00
394    8.4416666666666673e-01  1.3249999999999998e-01  8.3333333333333348e-01  1.0000000000000000e+00
395    8.5000000000000009e-01  1.3249999999999998e-01  8.3333333333333348e-01  1.0000000000000000e+00
396    7.0999999999999985e-01  1.4999999999999999e-01  8.3333333333333348e-01  1.0000000000000000e+00
397    7.1583333333333343e-01  1.4999999999999999e-01  8.3333333333333348e-01  1.0000000000000000e+00
398    7.2750000000000015e-01  1.5000000000000002e-01  8.3333333333333348e-01  1.0000000000000000e+00
399    7.4500000000000011e-01  1.4999999999999999e-01  8.3333333333333348e-01  1.0000000000000000e+00
400    7.6249999999999996e-01  1.4999999999999999e-01  8.3333333333333348e-01  1.0000000000000000e+00
401    7.8000000000000014e-01  1.4999999999999999e-01  8.3333333333333348e-01  1.0000000000000000e+00
402    7.9750000000000010e-01  1.4999999999999999e-01  8.3333333333333348e-01  1.0000000000000000e+00
403    8.1500000000000006e-01  1.4999999999999999e-01  8.3333333333333348e-01  1.0000000000000000e+00
404    8.3250000000000002e-01  1.4999999999999999e-01  8.3333333333333348e-01  1.0000000000000000e+00
405    8.4416666666666684e-01  1.4999999999999999e-01  8.3333333333333348e-01  1.0000000000000000e+00
406    8.5000000000000009e-01  1.4999999999999999e-01  8.3333333333333348e-01  1.0000000000000000e+00
407    7.1000000000000008e-01  1.6750000000000001e-01  8.3333333333333337e-01  1.0000000000000000e+00
408    7.1583333333333332e-01  1.6750000000000001e-01  8.3333333333333337e-01  1.0000000000000000e+00
409    7.2750000000000004e-01  1.6750000000000001e-01  8.3333333333333348e-01  1.0000000000000000e+00
410    7.4500000000000011e-01  1.6749999999999998e-01  8.3333333333333348e-01  1.0000000000000000e+00
411    7.6249999999999996e-01  1.6749999999999998e-01  8.3333333333333337e-01  1.0000000000000000e+00
412    7.8000000000000003e-01  1.6750000000000001e-01  8.3333333333333337e-01  1.0000000000000000e+00
413    7.9750000000000010e-01  1.6750000000000001e-01  8.3333333333333337e-01  1.0000000000000000e+00
414    8.1500000000000017e-01  1.6750000000000001e-01  8.3333333333333337e-01  1.0000000000000000e+00
415    8.3250000000000024e-01  1.6750000000000001e-01  8.3333333333333337e-01  1.0000000000000000e+00
416    8.4416666666666684e-01  1.6750000000000001e-01  8.3333333333333337e-01  1.0000000000000000e+00
417    8.5000000000000009e-01  1.6750000000000001e-01  8.3333333333333337e-01  1.0000000000000000e+00
418    7.0999999999999996e-01  1.8500000000000000e-01  8.3333333333333337e-01  1.0000000000000000e+00
419    7.1583333333333332e-01  1.8500000000000000e-01  8.3333333333333337e-01  1.0000000000000000e+00
420    7.2750000000000004e-01  1.8500000000000000e-01  8.3333333333333348e-01  1.0000000000000000e+00
421    7.4500000000000000e-01  1.8499999999999997e-01  8.3333333333333348e-01  1.0000000000000000e+00
422    7.6249999999999996e-01  1.8499999999999997e-01  8.3333333333333337e-01  1.0000000000000000e+00
423    7.8000000000000003e-01  1.8500000000000000e-01  8.3333333333333337e-01  1.0000000000000000e+00
424    7.9750000000000010e-01  1.8500000000000000e-01  8.3333333333333337e-01  1.0000000000000000e+00
425    8.1500000000000017e-01  1.8500000000000000e-01  8.3333333333333337e-01  1.0000000000000000e+00
426    8.3250000000000002e-01  1.8500000000000000e-01  8.3333333333333337e-01  1.0000000000000000e+00
427    8.4416666666666673e-01  1.8500000000000000e-01  8.3333333333333337e-01  1.0000000000000000e+00
428    8.5000000000000009e-01  1.8500000000000000e-01  8.3333333333333337e-01  1.0000000000000000e+00
429    7.0999999999999996e-01  2.0250000000000001e-01  8.3333333333333337e-01  1.0000000000000000e+00
430    7.1583333333333332e-01  2.0250000000000001e-01  8.3333333333333337e-01  1.0000000000000000e+00
431    7.2750000000000004e-01  2.0250000000000001e-01  8.3333333333333337e-01  1.0000000000000000e+00
432    7.4500000000000011e-01  2.0249999999999996e-01  8.3333333333333337e-01  1.0000000000000000e+00
433    7.6249999999999996e-01  2.0249999999999999e-01  8.3333333333333337e-01  1.0000000000000000e+00
434    7.8000000000000003e-01  2.0250000000000001e-01  8.3333333333333337e-01  1.0000000000000000e+00
435    7.9750000000000010e-01  2.0250000000000001e-01  8.3333333333333337e-01  1.0000000000000000e+00
436    8.1500000000000017e-01  2.0250000000000001e-01  8.3333333333333337e-01  1.0000000000000000e+00
437    8.3250000000000002e-01  2.0250000000000001e-01  8.3333333333333337e-01  1.0000000000000000e+00
438    8.4416666666666684e-01  2.0250000000000001e-01  8.3333333333333337e-01  1.0000000000000000e+00
439    8.5000000000000009e-01  2.0250000000000001e-01  8.3333333333333337e-01  1.0000000000000000e+00
440    7.0999999999999996e-01  2.2000000000000000e-01  8.3333333333333337e-01  1.0000000000000000e+00
441    7.1583333333333332e-01  2.2000000000000000e-01  8.3333333333333337e-01  1.0000000000000000e+00
442    7.2750000000000004e-01  2.2000000000000000e-01  8.3333333333333348e-01  1.0000000000000000e+00
443    7.4500000000000011e-01  2.1999999999999997e-01  8.3333333333333348e-01  1.0000000000000000e+00
444    7.6249999999999996e-01  2.2000000000000000e-01  8.3333333333333337e-01  1.0000000000000000e+00
445    7.8000000000000003e-01  2.2000000000000000e-01  8.3333333333333337e-01  1.0000000000000000e+00
446    7.9750000000000010e-01  2.2000000000000000e-01  8.3333333333333337e-01  1.0000000000000000e+00
447    8.1500000000000017e-01  2.2000000000000000e-01  8.3333333333333337e-01  1.0000000000000000e+00
448    8.3250000000000013e-01  2.2000000000000000e-01  8.3333333333333337e-01  1.0000000000000000e+00
449    8.4416666666666673e-01  2.2000000000000000e-01  8.3333333333333337e-01  1.0000000000000000e+00
450    8.5000000000000009e-01  2.2000000000000000e-01  8.3333333333333337e-01  1.0000000000000000e+00
451    7.0999999999999996e-01  2.3749999999999999e-01  8.3333333333333337e-01  1.0000000000000000e+00
452    7.1583333333333332e-01  2.3749999999999999e-01  8.3333333333333337e-01  1.0000000000000000e+00
453    7.2750000000000004e-01  2.3749999999999999e-01  8.3333333333333348e-01  1.0000000000000000e+00
454    7.4500000000000011e-01  2.3749999999999999e-01  8.3333333333333348e-01  1.0000000000000000e+00
455    7.6249999999999996e-01  2.3749999999999999e-01  8.3333333333333337e-01  1.0000000000000000e+00
456    7.8000000000000003e-01  2.3749999999999999e-01  8.3333333333333337e-01  1.0000000000000000e+00
457    7.9750000000000010e-01  2.3749999999999999e-01  8.3333333333333337e-01  1.0000000000000000e+00
458    8.1500000000000017e-01  2.3749999999999999e-01  8.3333333333333337e-01  1.0000000000000000e+00
459    8.3250000000000002e-01  2.3749999999999999e-01  8.3333333333333337e-01  1.0000000000000000e+00
460    8.4416666666666673e-01  2.3749999999999999e-01  8.3333333333333337e-01  1.0000000000000000e+00
461    8.4999999999999998e-01  2.3749999999999999e-01  8.3333333333333337e-01  1.0000000000000000e+00
462    7.0999999999999996e-01  2.4916666666666668e-01  8.3333333333333337e-01  1.0000000000000000e+00
463    7.1583333333333332e-01  2.4916666666666668e-01  8.3333333333333337e-01  1.0000000000000000e+00
464    7.2750000000000004e-01  2.4916666666666668e-01  8.3333333333333348e-01  1.0000000000000000e+00
465    7.4500000000000011e-01  2.4916666666666668e-01  8.3333333333333348e-01  1.0000000000000000e+00
466    7.6249999999999996e-01  2.4916666666666668e-01  8.3333333333333337e-01  1.0000000000000000e+00
467    7.8000000000000003e-01  2.4916666666666668e-01  8.3333333333333337e-01  1.0000000000000000e+00
468    7.9750000000000010e-01  2.4916666666666668e-01  8.3333333333333337e-01  1.0000000000000000e+00
469    8.1500000000000017e-01  2.4916666666666668e-01  8.3333333333333337e-01  1.0000000000000000e+00
470    8.3250000000000013e-01  2.4916666666666668e-01  8.3333333333333337e-01  1.0000000000000000e+00
471    8.4416666666666684e-01  2.4916666666666668e-01  8.3333333333333337e-01  1.0000000000000000e+00
472    8.5000000000000009e-01  2.4916666666666668e-01  8.3333333333333337e-01  1.0000000000000000e+00
473    7.0999999999999996e-01  2.5500000000000000e-01  8.3333333333333337e-01  1.0000000000000000e+00
474    7.1583333333333332e-01  2.5500000000000000e-01  8.3333333333333337e-01  1.0000000000000000e+00
475    7.2750000000000004e-01  2.5500000000000000e-01  8.3333333333333348e-01  1.0000000000000000e+00
476    7.4500000000000011e-01  2.5500000000000000e-01  8.3333333333333348e-01  1.0000000000000000e+00
477    7.6249999999999996e-01  2.5500000000000000e-01  8.3333333333333337e-01  1.0000000000000000e+00
478    7.8000000000000003e-01  2.5500000000000000e-01  8.3333333333333337e-01  1.0000000000000000e+00
479    7.9750000000000010e-01  2.5500000000000000e-01  8.3333333333333337e-01  1.0000000000000000e+00
480    8.1500000000000017e-01  2.5500000000000000e-01  8.3333333333333337e-01  1.0000000000000000e+00
481    8.3250000000000002e-01  2.5500000000000000e-01  8.3333333333333337e-01  1.0000000000000000e+00
482    8.4416666666666673e-01  2.5500000000000000e-01  8.3333333333333337e-01  1.0000000000000000e+00
483    8.5000000000000009e-01  2.5500000000000000e-01  8.3333333333333337e-01  1.0000000000000000e+00
484    7.0999999999999996e-01  1.1500000000000000e-01  1.0000000000000000e+00  1.0000000000000000e+00
485    7.1583333333333332e-01  1.1500000000000000e-01  1.0000000000000000e+00  1.0000000000000000e+00
486    7.2750000000000004e-01  1.1500000000000002e-01  1.0000000000000000e+00  1.0000000000000000e+00
487    7.4500000000000011e-01  1.1499999999999999e-01  1.0000000000000000e+00  1.0000000000000000e+00
488    7.6249999999999996e-01  1.1500000000000000e-01  1.0000000000000000e+00  1.0000000000000000e+00
489    7.8000000000000003e-01  1.1500000000000000e-01  1.0000000000000000e+00  1.0000000000000000e+00
490    7.9750000000000010e-01  1.1499999999999999e-01  1.0000000000000000e+00  1.0000000000000000e+00
491    8.1500000000000006e-01  1.1499999999999999e-01  1.0000000000000000e+00  1.0000000000000000e+00
492    8.3250000000000002e-01  1.1499999999999999e-01  1.0000000000000000e+00  1.0000000000000000e+00
493    8.4416666666666673e-01  1.1500000000000000e-01  1.0000000000000000e+00  1.0000000000000000e+00
494    8.4999999999999998e-01  1.1500000000000000e-01  1.0000000000000000e+00  1.0000000000000000e+00
495    7.0999999999999996e-01  1.2083333333333335e-01  1.0000000000000000e+00  1.0000000000000000e+00
496    7.1583333333333332e-01  1.2083333333333335e-01  1.0000000000000000e+00  1.0000000000000000e+00
497    7.2750000000000004e-01  1.2083333333333335e-01  1.0000000000000000e+00  1.0000000000000000e+00
498    7.4500000000000011e-01  1.2083333333333332e-01  1.0000000000000000e+00  1.0000000000000000e+00
499    7.6249999999999996e-01  1.2083333333333333e-01  1.0000000000000000e+00  1.0000000000000000e+00
500    7.8000000000000003e-01  1.2083333333333335e-01  1.0000000000000000e+00  1.0000000000000000e+00
501    7.9750000000000010e-01  1.2083333333333332e-01  1.0000000000000000e+00  1.0000000000000000e+00
502    8.1500000000000006e-01  1.2083333333333332e-01  1.0000000000000000e+00  1.0000000000000000e+00
503    8.3250000000000013e-01  1.2083333333333332e-01  1.0000000000000000e+00  1.0000000000000000e+00
504    8.4416666666666684e-01  1.2083333333333335e-01  1.0000000000000000e+00  1.0000000000000000e+00
505    8.5000000000000009e-01  1.2083333333333335e-01  1.0000000000000000e+00  1.0000000000000000e+00
506    7.0999999999999996e-01  1.3249999999999998e-01  1.0000000000000000e+00  1.0000000000000000e+00
507    7.1583333333333321e-01  1.3249999999999998e-01  1.0000000000000000e+00  1.0000000000000000e+00
508    7.2750000000000004e-01  1.3250000000000001e-01  1.0000000000000000e+00  1.0000000000000000e+00
509    7.4500000000000022e-01  1.3249999999999998e-01  1.0000000000000000e+00  1.0000000000000000e+00
510    7.6249999999999996e-01  1.3249999999999998e-01  1.0000000000000000e+00  1.0000000000000000e+00
511    7.8000000000000003e-01  1.3249999999999998e-01  1.0000000000000000e+00  1.0000000000000000e+00
512    7.9750000000000010e-01  1.3249999999999998e-01  1.0000000000000000e+00  1.0000000000000000e+00
513    8.1500000000000017e-01  1.3249999999999998e-01  1.0000000000000000e+00  1.0000000000000000e+00
514    8.3250000000000013e-01  1.3249999999999998e-01  1.0000000000000000e+00  1.0000000000000000e+00
515    8.4416666666666673e-01  1.3249999999999998e-01  1.0000000000000000e+00  1.0000000000000000e+00
516    8.4999999999999998e-01  1.3249999999999998e-01  1.0000000000000000e+00  1.0000000000000000e+00
517    7.0999999999999985e-01  1.4999999999999999e-01  1.0000000000000000e+00  1.0000000000000000e+00
518    7.1583333333333343e-01  1.4999999999999999e-01  1.0000000000000000e+00  1.0000000000000000e+00
519    7.2750000000000015e-01  1.5000000000000002e-01  1.0000000000000000e+00  1.0000000000000000e+00
520    7.4500000000000011e-01  1.4999999999999999e-01  1.0000000000000000e+00  1.0000000000000000e+00
521    7.6249999999999996e-01  1.4999999999999999e-01  1.0000000000000000e+00  1.0000000000000000e+00
522    7.8000000000000014e-01  1.4999999999999999e-01  1.0000000000000000e+00  1.0000000000000000e+00
523    7.9750000000000010e-01  1.4999999999999999e-01  1.0000000000000000e+00  1.0000000000000000e+00
524    8.1500000000000006e-01  1.4999999999999999e-01  1.0000000000000000e+00  1.0000000000000000e+00
525    8.3250000000000002e-01  1.4999999999999999e-01  1.0000000000000000e+00  1.0000000000000000e+00
526    8.4416666666666684e-01  1.4999999999999999e-01  1.0000000000000000e+00  1.0000000000000000e+00
527    8.5000000000000009e-01  1.4999999999999999e-01  1.0000000000000000e+00  1.0000000000000000e+00
528    7.1000000000000008e-01  1.6750000000000001e-01  1.0000000000000000e+00  1.0000000000000000e+00
529    7.1583333333333332e-01  1.6750000000000001e-01  1.0000000000000000e+00  1.0000000000000000e+00
530    7.2750000000000004e-01  1.6750000000000001e-01  1.0000000000000000e+00  1.0000000000000000e+00
531    7.4500000000000011e-01  1.6749999999999998e-01  1.0000000000000000e+00  1.0000000000000000e+00
532    7.6249999999999996e-01  1.6749999999999998e-01  1.0000000000000000e+00  1.0000000000000000e+00
533    7.8000000000000003e-01  1.6750000000000001e-01  1.0000000000000000e+00  1.0000000000000000e+00
534    7.9750000000000010e-01  1.6750000000000001e-01  1.0000000000000000e+00  1.0000000000000000e+00
535    8.1500000000000017e-01  1.6750000000000001e-01  1.0000000000000000e+00  1.0000000000000000e+00
536    8.3250000000000024e-01  1.6750000000000001e-01  1.0000000000000000e+00  1.0000000000000000e+00
537    8.4416666666666684e-01  1.6750000000000001e-01  1.0000000000000000e+00  1.0000000000000000e+00
538    8.5000000000000009e-01  1.6750000000000001e-01  1.0000000000000000e+00  1.0000000000000000e+00
539    7.0999999999999996e-01  1.8500000000000000e-01  1.0000000000000000e+00  1.0000000000000000e+00
540    7.1583333333333332e-01  1.8500000000000000e-01  1.0000000000000000e+00  1.0000000000000000e+00
541    7.2750000000000004e-01  1.8500000000000000e-01  1.0000000000000000e+00  1.0000000000000000e+00
542    7.4500000000000000e-01  1.8499999999999997e-01  1.0000000000000000e+00  1.0000000000000000e+00
543    7.6249999999999996e-01  1.8499999999999997e-01  1.0000000000000000e+00  1.0000000000000000e+00
544    7.8000000000000003e-01  1.8500000000000000e-01  1.0000000000000000e+00  1.0000000000000000e+00
545    7.9750000000000010e-01  1.8500000000000000e-01  1.0000000000000000e+00  1.0000000000000000e+00
546    8.1500000000000017e-01  1.8500000000000000e-01  1.0000000000000000e+00  1.0000000000000000e+00
547    8.3250000000000002e-01  1.8500000000000000e-01  1.0000000000000000e+00  1.0000000000000000e+00
548    8.4416666666666673e-01  1.8500000000000000e-01  1.0000000000000000e+00  1.0000000000000000e+00
549    8.5000000000000009e-01  1.8500000000000000e-01  1.0000000000000000e+00  1.0000000000000000e+00
550    7.0999999999999996e-01  2.0250000000000001e-01  1.0000000000000000e+00  1.0000000000000000e+00
551    7.1583333333333332e-01  2.0250000000000001e-01  1.0000000000000000e+00  1.0000000000000000e+00
552    7.2750000000000004e-01  2.0250000000000001e-01  1.0000000000000000e+00  1.0000000000000000e+00
553    7.4500000000000011e-01  2.0249999999999996e-01  1.0000000000000000e+00  1.0000000000000000e+00
554    7.6249999999999996e-01  2.0250000000000001e-01  1.0000000000000000e+00  1.0000000000000000e+00
555    7.8000000000000003e-01  2.0250000000000001e-01  1.0000000000000000e+00  1.0000000000000000e+00
556    7.9750000000000010e-01  2.0250000000000001e-01  1.0000000000000000e+00  1.0000000000000000e+00
557    8.1500000000000017e-01  2.0250000000000001e-01  1.0000000000000000e+00  1.0000000000000000e+00
558    8.3250000000000002e-01  2.0250000000000001e-01  1.0000000000000000e+00  1.0000000000000000e+00
559    8.4416666666666684e-01  2.0250000000000001e-01  1.0000000000000000e+00  1.0000000000000000e+00
560    8.5000000000000009e-01  2.0250000000000001e-01  1.0000000000000000e+00  1.0000000000000000e+00
561    7.0999999999999996e-01  2.2000000000000000e-01  1.0000000000000000e+00  1.0000000000000000e+00
562    7.1583333333333332e-01  2.2000000000000000e-01  1.0000000000000000e+00  1.0000000000000000e+00
563    7.2750000000000004e-01  2.2000000000000000e-01  1.0000000000000000e+00  1.0000000000000000e+00
564    7.4500000000000011e-01  2.1999999999999997e-01  1.0000000000000000e+00  1.0000000000000000e+00
565    7.6249999999999996e-01  2.2000000000000000e-01  1.0000000000000000e+00  1.0000000000000000e+00
566    7.8000000000000003e-01  2.2000000000000000e-01  1.0000000000000000e+00  1.0000000000000000e+00
567    7.9750000000000010e-01  2.2000000000000000e-01  1.0000000000000000e+00  1.0000000000000000e+00
568    8.1500000000000017e-01  2.2000000000000000e-01  1.0000000000000000e+00  1.0000000000000000e+00
569    8.3250000000000013e-01  2.2000000000000000e-01  1.0000000000000000e+00  1.0000000000000000e+00
570    8.4416666666666673e-01  2.2000000000000000e-01  1.0000000000000000e+00  1.0000000000000000e+00
571    8.5000000000000009e-01  2.2000000000000000e-01  1.0000000000000000e+00  1.0000000000000000e+00
572    7.0999999999999996e-01  2.3749999999999999e-01  1.0000000000000000e+00  1.0000000000000000e+00
573    7.1583333333333332e-01  2.3749999999999999e-01  1.0000000000000000e+00  1.0000000000000000e+00
574    7.2750000000000004e-01  2.3749999999999999e-01  1.0000000000000000e+00  1.0000000000000000e+00
575    7.4500000000000011e-01  2.3749999999999999e-01  1.0000000000000000e+00  1.0000000000000000e+00
576    7.6249999999999996e-01  2.3749999999999999e-01  1.0000000000000000e+00  1.0000000000000000e+00
577    7.8000000000000003e-01  2.3749999999999999e-01  1.0000000000000000e+00  1.0000000000000000e+00
578    7.9750000000000010e-01  2.3749999999999999e-01  1.0000000000000000e+00  1.0000000000000000e+00
579    8.1500000000000017e-01  2.3749999999999999e-01  1.0000000000000000e+00  1.0000000000000000e+00
580    8.3250000000000002e-01  2.3749999999999999e-01  1.0000000000000000e+00  1.0000000000000000e+00
581    8.4416666666666673e-01  2.3749999999999999e-01  1.0000000000000000e+00  1.0000000000000000e+00
582    8.4999999999999987e-01  2.3749999999999999e-01  1.0000000000000000e+00  1.0000000000000000e+00
583    7.0999999999999996e-01  2.4916666666666668e-01  1.0000000000000000e+00  1.0000000000000000e+00
584    7.1583333333333332e-01  2.4916666666666668e-01  1.0000000000000000e+00  1.0000000000000000e+00
585    7.2750000000000004e-01  2.4916666666666668e-01  1.0000000000000000e+00  1.0000000000000000e+00
586    7.4500000000000011e-01  2.4916666666666668e-01  1.0000000000000000e+00  1.0000000000000000e+00
587    7.6249999999999996e-01  2.4916666666666668e-01  1.0000000000000000e+00  1.0000000000000000e+00
588    7.8000000000000003e-01  2.4916666666666668e-01  1.0000000000000000e+00  1.0000000000000000e+00
589    7.9750000000000010e-01  2.4916666666666668e-01  1.0000000000000000e+00  1.0000000000000000e+00
590    8.1500000000000006e-01  2.4916666666666668e-01  1.0000000000000000e+00  1.0000000000000000e+00
591    8.3250000000000013e-01  2.4916666666666668e-01  1.0000000000000000e+00  1.0000000000000000e+00
592    8.4416666666666684e-01  2.4916666666666668e-01  1.0000000000000000e+00  1.0000000000000000e+00
593    8.5000000000000009e-01  2.4916666666666668e-01  1.0000000000000000e+00  1.0000000000000000e+00
594    7.0999999999999996e-01  2.5500000000000000e-01  1.0000000000000000e+00  1.0000000000000000e+00
595    7.1583333333333332e-01  2.5500000000000000e-01  1.0000000000000000e+00  1.0000000000000000e+00
596    7.2750000000000004e-01  2.5500000000000000e-01  1.0000000000000000e+00  1.0000000000000000e+00
597    7.4500000000000011e-01  2.5500000000000000e-01  1.0000000000000000e+00  1.0000000000000000e+00
598    7.6249999999999996e-01  2.5500000000000000e-01  1.0000000000000000e+00  1.0000000000000000e+00
599    7.8000000000000003e-01  2.5500000000000000e-01  1.0000000000000000e+00  1.0000000000000000e+00
600    7.9750000000000010e-01  2.5500000000000000e-01  1.0000000000000000e+00  1.0000000000000000e+00
601    8.1500000000000006e-01  2.5500000000000000e-01  1.0000000000000000e+00  1.0000000000000000e+00
602    8.3250000000000002e-01  2.5500000000000000e-01  1.0000000000000000e+00  1.0000000000000000e+00
603    8.4416666666666673e-01  2.5500000000000000e-01  1.0000000000000000e+00  1.0000000000000000e+00
604    8.4999999999999998e-01  2.5500000000000000e-01  1.0000000000000000e+00  1.0000000000000000e+00
605    7.0999999999999996e-01  2.6666666666666672e-01  0.0000000000000000e+00  1.0000000000000000e+00
606    7.1583333333333332e-01  2.6666666666666672e-01  0.0000000000000000e+00  1.0000000000000000e+00
607    7.2750000000000004e-01  2.6666666666666672e-01  0.0000000000000000e+00  1.0000000000000000e+00
608    7.4500000000000011e-01  2.6666666666666666e-01  0.0000000000000000e+00  1.0000000000000000e+00
609    7.6249999999999996e-01  2.6666666666666672e-01  0.0000000000000000e+00  1.0000000000000000e+00
610    7.8000000000000003e-01  2.6666666666666672e-01  0.0000000000000000e+00  1.0000000000000000e+00
611    7.9750000000000010e-01  2.6666666666666672e-01  0.0000000000000000e+00  1.0000000000000000e+00
612    8.1500000000000006e-01  2.6666666666666672e-01  0.0000000000000000e+00  1.0000000000000000e+00
613    8.3250000000000013e-01  2.6666666666666672e-01  0.0000000000000000e+00  1.0000000000000000e+00
614    8.4416666666666684e-01  2.6666666666666672e-01  0.0000000000000000e+00  1.0000000000000000e+00
615    8.5000000000000009e-01  2.6666666666666672e-01  0.0000000000000000e+00  1.0000000000000000e+00
616    7.0999999999999996e-01  2.9000000000000004e-01  0.0000000000000000e+00  1.0000000000000000e+00
617    7.1583333333333321e-01  2.9000000000000004e-01  0.0000000000000000e+00  1.0000000000000000e+00
618    7.2750000000000004e-01  2.9000000000000004e-01  0.0000000000000000e+00  1.0000000000000000e+00
619    7.4500000000000022e-01  2.9000000000000004e-01  0.0000000000000000e+00  1.0000000000000000e+00
620    7.6249999999999996e-01  2.9000000000000004e-01  0.0000000000000000e+00  1.0000000000000000e+00
621    7.8000000000000003e-01  2.9000000000000004e-01  0.0000000000000000e+00  1.0000000000000000e+00
622    7.9750000000000010e-01  2.9000000000000004e-01  0.0000000000000000e+00  1.0000000000000000e+00
623    8.1500000000000017e-01  2.9000000000000004e-01  0.0000000000000000e+00  1.0000000000000000e+00
624    8.3250000000000013e-01  2.9000000000000004e-01  0.0000000000000000e+00  1.0000000000000000e+00
625    8.4416666666666673e-01  2.9000000000000004e-01  0.0000000000000000e+00  1.0000000000000000e+00
626    8.4999999999999998e-01  2.9000000000000004e-01  0.0000000000000000e+00  1.0000000000000000e+00
627    7.0999999999999985e-01  3.2500000000000001e-01  0.0000000000000000e+00  1.0000000000000000e+00
628    7.1583333333333343e-01  3.2500000000000001e-01  0.0000000000000000e+00  1.0000000000000000e+00
629    7.2750000000000015e-01  3.2500000000000001e-01  0.0000000000000000e+00  1.0000000000000000e+00
630    7.4500000000000011e-01  3.2500000000000001e-01  0.0000000000000000e+00  1.0000000000000000e+00
631    7.6249999999999996e-01  3.2500000000000001e-01  0.0000000000000000e+00  1.0000000000000000e+00
632    7.8000000000000014e-01  3.2500000000000001e-01  0.0000000000000000e+00  1.0000000000000000e+00
633    7.9750000000000010e-01  3.2500000000000001e-01  0.0000000000000000e+00  1.0000000000000000e+00
634    8.1500000000000006e-01  3.2500000000000001e-01  0.0000000000000000e+00  1.0000000000000000e+00
635    8.3250000000000002e-01  3.2500000000000001e-01  0.0000000000000000e+00  1.0000000000000000e+00
636    8.4416666666666684e-01  3.2500000000000001e-01  0.0000000000000000e+00  1.0000000000000000e+00
637    8.5000000000000009e-01  3.2500000000000001e-01  0.0000000000000000e+00  1.0000000000000000e+00
638    7.1000000000000008e-01  3.6000000000000004e-01  0.0000000000000000e+00  1.0000000000000000e+00
639    7.1583333333333332e-01  3.6000000000000004e-01  0.0000000000000000e+00  1.0000000000000000e+00
640    7.2750000000000004e-01  3.6000000000000004e-01  0.0000000000000000e+00  1.0000000000000000e+00
641    7.4500000000000011e-01  3.5999999999999999e-01  0.0000000000000000e+00  1.0000000000000000e+00
642    7.6249999999999996e-01  3.6000000000000004e-01  0.0000000000000000e+00  1.0000000000000000e+00
643    7.8000000000000003e-01  3.6000000000000004e-01  0.0000000000000000e+00  1.0000000000000000e+00
644    7.9750000000000010e-01  3.6000000000000004e-01  0.0000000000000000e+00  1.0000000000000000e+00
645    8.1500000000000017e-01  3.6000000000000004e-01  0.0000000000000000e+00  1.0000000000000000e+00
646    8.3250000000000024e-01  3.6000000000000004e-01  0.0000000000000000e+00  1.0000000000000000e+00
647    8.4416666666666684e-01  3.6000000000000004e-01  0.0000000000000000e+00  1.0000000000000000e+00
648    8.5000000000000009e-01  3.6000000000000004e-01  0.0000000000000000e+00  1.0000000000000000e+00
649    7.0999999999999996e-01  3.9499999999999996e-01  0.0000000000000000e+00  1.0000000000000000e+00
650    7.1583333333333332e-01  3.9500000000000002e-01  0.0000000000000000e+00  1.0000000000000000e+00
651    7.2750000000000004e-01  3.9500000000000002e-01  0.0000000000000000e+00  1.0000000000000000e+00
652    7.4500000000000000e-01  3.9499999999999996e-01  0.0000000000000000e+00  1.0000000000000000e+00
653    7.6249999999999996e-01  3.9500000000000002e-01  0.0000000000000000e+00  1.0000000000000000e+00
654    7.8000000000000003e-01  3.9500000000000002e-01  0.0000000000000000e+00  1.0000000000000000e+00
655    7.9750000000000010e-01  3.9499999999999996e-01  0.0000000000000000e+00  1.0000000000000000e+00
656    8.1500000000000017e-01  3.9499999999999996e-01  0.0000000000000000e+00  1.0000000000000000e+00
657    8.3250000000000002e-01  3.9499999999999996e-01  0.0000000000000000e+00  1.0000000000000000e+00
658    8.4416666666666673e-01  3.9499999999999996e-01  0.0000000000000000e+00  1.0000000000000000e+00
659    8.5000000000000009e-01  3.9499999999999996e-01  0.0000000000000000e+00  1.0000000000000000e+00
660    7.0999999999999996e-01  4.3000000000000005e-01  0.0000000000000000e+00  1.0000000000000000e+00
661    7.1583333333333332e-01  4.3000000000000005e-01  0.0000000000000000e+00  1.0000000000000000e+00
662    7.2750000000000004e-01  4.3000000000000005e-01  0.0000000000000000e+00  1.0000000000000000e+00
663    7.4500000000000011e-01  4.3000000000000005e-01  0.0000000000000000e+00  1.0000000000000000e+00
664    7.6249999999999996e-01  4.3000000000000005e-01  0.0000000000000000e+00  1.0000000000000000e+00
665    7.8000000000000003e-01  4.3000000000000010e-01  0.0000000000000000e+00  1.0000000000000000e+00
666    7.9750000000000010e-01  4.3000000000000005e-01  0.0000000000000000e+00  1.0000000000000000e+00
667    8.1500000000000017e-01  4.3000000000000005e-01  0.0000000000000000e+00  1.0000000000000000e+00
668    8.3250000000000002e-01  4.3000000000000005e-01  0.0000000000000000e+00  1.0000000000000000e+00
669    8.4416666666666684e-01  4.3000000000000005e-01  0.0000000000000000e+00  1.0000000000000000e+00
670    8.5000000000000009e-01  4.3000000000000005e-01  0.0000000000000000e+00  1.0000000000000000e+00
671    7.0999999999999996e-01  4.6500000000000002e-01  0.0000000000000000e+00  1.0000000000000000e+00
672    7.1583333333333332e-01  4.6500000000000008e-01  0.0000000000000000e+00  1.0000000000000000e+00
673    7.2750000000000004e-01  4.6500000000000008e-01  0.0000000000000000e+00  1.0000000000000000e+00
674    7.4500000000000011e-01  4.6500000000000008e-01  0.0000000000000000e+00  1.0000000000000000e+00
675    7.6249999999999996e-01  4.6500000000000008e-01  0.0000000000000000e+00  1.0000000000000000e+00
676    7.8000000000000003e-01  4.6500000000000008e-01  0.0000000000000000e+00  1.0000000000000000e+00
677    7.9750000000000010e-01  4.6500000000000002e-01  0.0000000000000000e+00  1.0000000000000000e+00
678    8.1500000000000017e-01  4.6500000000000002e-01  0.0000000000000000e+00  1.0000000000000000e+00
679    8.3250000000000013e-01  4.6500000000000002e-01  0.0000000000000000e+00  1.0000000000000000e+00
680    8.4416666666666673e-01  4.6500000000000002e-01  0.0000000000000000e+00  1.0000000000000000e+00
681    8.5000000000000009e-01  4.6500000000000002e-01  0.0000000000000000e+00  1.0000000000000000e+00
682    7.0999999999999996e-01  5.0000000000000000e-01  0.0000000000000000e+00  1.0000000000000000e+00
683    7.1583333333333332e-01  5.0000000000000000e-01  0.0000000000000000e+00  1.0000000000000000e+00
684    7.2750000000000004e-01  5.0000000000000000e-01  0.0000000000000000e+00  1.0000000000000000e+00
685    7.4500000000000011e-01  5.0000000000000000e-01  0.0000000000000000e+00  1.0000000000000000e+00
686    7.6249999999999996e-01  5.0000000000000000e-01  0.0000000000000000e+00  1.0000000000000000e+00
687    7.8000000000000003e-01  5.0000000000000011e-01  0.0000000000000000e+00  1.0000000000000000e+00
688    7.9750000000000010e-01  5.0000000000000000e-01  0.0000000000000000e+00  1.0000000000000000e+00
689    8.1500000000000017e-01  5.0000000000000000e-01  0.0000000000000000e+00  1.0000000000000000e+00
690    8.3250000000000002e-01  5.0000000000000000e-01  0.0000000000000000e+00  1.0000000000000000e+00
691    8.4416666666666673e-01  5.0000000000000000e-01  0.0000000000000000e+00  1.0000000000000000e+00
692    8.4999999999999987e-01  5.0000000000000000e-01  0.0000000000000000e+00  1.0000000000000000e+00
693    7.0999999999999996e-01  5.2333333333333332e-01  0.0000000000000000e+00  1.0000000000000000e+00
694    7.1583333333333332e-01  5.2333333333333332e-01  0.0000000000000000e+00  1.0000000000000000e+00
695    7.2750000000000004e-01  5.2333333333333332e-01  0.0000000000000000e+00  1.0000000000000000e+00
696    7.4500000000000011e-01  5.2333333333333332e-01  0.0000000000000000e+00  1.0000000000000000e+00
697    7.6249999999999996e-01  5.2333333333333332e-01  0.0000000000000000e+00  1.0000000000000000e+00
698    7.8000000000000003e-01  5.2333333333333343e-01  0.0000000000000000e+00  1.0000000000000000e+00
699    7.9750000000000010e-01  5.2333333333333332e-01  0.0000000000000000e+00  1.0000000000000000e+00
700    8.1500000000000006e-01  5.2333333333333332e-01  0.0000000000000000e+00  1.0000000000000000e+00
701    8.3250000000000013e-01  5.2333333333333332e-01  0.0000000000000000e+00  1.0000000000000000e+00
702    8.4416666666666684e-01  5.2333333333333332e-01  0.0000000000000000e+00  1.0000000000000000e+00
703    8.5000000000000009e-01  5.2333333333333332e-01  0.0000000000000000e+00  1.0000000000000000e+00
704    7.0999999999999996e-01  5.3500000000000003e-01  0.0000000000000000e+00  1.0000000000000000e+00
705    7.1583333333333332e-01  5.3500000000000003e-01  0.0000000000000000e+00  1.0000000000000000e+00
706    7.2750000000000004e-01  5.3500000000000003e-01  0.0000000000000000e+00  1.0000000000000000e+00
707    7.4500000000000011e-01  5.3500000000000003e-01  0.0000000000000000e+00  1.0000000000000000e+00
708    7.6249999999999996e-01  5.3500000000000003e-01  0.0000000000000000e+00  1.0000000000000000e+00
709    7.8000000000000003e-01  5.3500000000000014e-01  0.0000000000000000e+00  1.0000000000000000e+00
710    7.9750000000000010e-01  5.3500000000000003e-01  0.0000000000000000e+00  1.0000000000000000e+00
711    8.1500000000000006e-01  5.3500000000000003e-01  0.0000000000000000e+00  1.0000000000000000e+00
712    8.3250000000000002e-01  5.3500000000000003e-01  0.0000000000000000e+00  1.0000000000000000e+00
713    8.4416666666666673e-01  5.3500000000000003e-01  0.0000000000000000e+00  1.0000000000000000e+00
714    8.4999999999999998e-01  5.3500000000000003e-01  0.0000000000000000e+00  1.0000000000000000e+00
715    7.0999999999999996e-01  2.6666666666666672e-01  1.6666666666666669e-01  1.0000000000000000e+00
716    7.1583333333333332e-01  2.6666666666666672e-01  1.6666666666666669e-01  1.0000000000000000e+00
717    7.2750000000000004e-01  2.6666666666666672e-01  1.6666666666666671e-01  1.0000000000000000e+00
718    7.4500000000000011e-01  2.6666666666666666e-01  1.6666666666666671e-01  1.0000000000000000e+00
719    7.6249999999999996e-01  2.6666666666666672e-01  1.6666666666666669e-01  1.0000000000000000e+00
720    7.8000000000000003e-01  2.6666666666666672e-01  1.6666666666666669e-01  1.0000000000000000e+00
721    7.9750000000000010e-01  2.6666666666666672e-01  1.6666666666666669e-01  1.0000000000000000e+00
722    8.1500000000000017e-01  2.6666666666666672e-01  1.6666666666666669e-01  1.0000000000000000e+00
723    8.3250000000000013e-01  2.6666666666666672e-01  1.6666666666666669e-01  1.0000000000000000e+00
724    8.4416666666666684e-01  2.6666666666666672e-01  1.6666666666666669e-01  1.0000000000000000e+00
725    8.5000000000000009e-01  2.6666666666666672e-01  1.6666666666666669e-01  1.0000000000000000e+00
726    7.0999999999999996e-01  2.9000000000000004e-01  1.6666666666666671e-01  1.0000000000000000e+00
727    7.1583333333333321e-01  2.9000000000000004e-01  1.6666666666666671e-01  1.0000000000000000e+00
728    7.2750000000000004e-01  2.9000000000000004e-01  1.6666666666666671e-01  1.0000000000000000e+00
729    7.4500000000000022e-01  2.9000000000000004e-01  1.6666666666666671e-01  1.0000000000000000e+00
730    7.6249999999999996e-01  2.9000000000000004e-01  1.6666666666666671e-01  1.0000000000000000e+00
731    7.8000000000000003e-01  2.9000000000000004e-01  1.6666666666666671e-01  1.0000000000000000e+00
732    7.9750000000000010e-01  2.9000000000000004e-01  1.6666666666666671e-01  1.0000000000000000e+00
733    8.1500000000000017e-01  2.9000000000000004e-01  1.6666666666666671e-01  1.0000000000000000e+00
734    8.3250000000000013e-01  2.9000000000000004e-01  1.6666666666666671e-01  1.0000000000000000e+00
735    8.4416666666666673e-01  2.9000000000000004e-01  1.6666666666666671e-01  1.0000000000000000e+00
736    8.5000000000000009e-01  2.9000000000000004e-01  1.6666666666666671e-01  1.0000000000000000e+00
737    7.0999999999999985e-01  3.2500000000000001e-01  1.6666666666666671e-01  1.0000000000000000e+00
738    7.1583333333333343e-01  3.2500000000000001e-01  1.6666666666666671e-01  1.0000000000000000e+00
739    7.2750000000000015e-01  3.2500000000000001e-01  1.6666666666666671e-01  1.0000000000000000e+00
740    7.4500000000000011e-01  3.2500000000000007e-01  1.6666666666666671e-01  1.0000000000000000e+00
741    7.6249999999999996e-01  3.2500000000000001e-01  1.6666666666666671e-01  1.0000000000000000e+00
742    7.8000000000000014e-01  3.2500000000000001e-01  1.6666666666666671e-01  1.0000000000000000e+00
743    7.9750000000000010e-01  3.2500000000000001e-01  1.6666666666666671e-01  1.0000000000000000e+00
744    8.1500000000000006e-01  3.2500000000000001e-01  1.6666666666666671e-01  1.0000000000000000e+00
745    8.3250000000000002e-01  3.2500000000000001e-01  1.6666666666666671e-01  1.0000000000000000e+00
746    8.4416666666666684e-01  3.2500000000000001e-01  1.6666666666666671e-01  1.0000000000000000e+00
747    8.5000000000000009e-01  3.2500000000000001e-01  1.6666666666666671e-01  1.0000000000000000e+00
748    7.1000000000000008e-01  3.6000000000000004e-01  1.6666666666666669e-01  1.0000000000000000e+00
749    7.1583333333333332e-01  3.6000000000000004e-01  1.6666666666666669e-01  1.0000000000000000e+00
750    7.2750000000000004e-01  3.6000000000000004e-01  1.6666666666666671e-01  1.0000000000000000e+00
751    7.4500000000000011e-01  3.5999999999999999e-01  1.6666666666666671e-01  1.0000000000000000e+00
752    7.6249999999999996e-01  3.6000000000000004e-01  1.6666666666666669e-01  1.0000000000000000e+00
753    7.8000000000000003e-01  3.6000000000000004e-01  1.6666666666666669e-01  1.0000000000000000e+00
754    7.9750000000000010e-01  3.6000000000000004e-01  1.6666666666666669e-01  1.0000000000000000e+00
755    8.1500000000000017e-01  3.6000000000000004e-01  1.6666666666666669e-01  1.0000000000000000e+00
756    8.3250000000000024e-01  3.6000000000000004e-01  1.6666666666666669e-01  1.0000000000000000e+00
757    8.4416666666666684e-01  3.6000000000000004e-01  1.6666666666666669e-01  1.0000000000000000e+00
758    8.5000000000000009e-01  3.6000000000000004e-01  1.6666666666666669e-01  1.0000000000000000e+00
759    7.0999999999999996e-01  3.9500000000000002e-01  1.6666666666666669e-01  1.0000000000000000e+00
760    7.1583333333333332e-01  3.9500000000000002e-01  1.6666666666666669e-01  1.0000000000000000e+00
761    7.2750000000000004e-01  3.9500000000000002e-01  1.6666666666666674e-01  1.0000000000000000e+00
762    7.4500000000000000e-01  3.9500000000000002e-01  1.6666666666666674e-01  1.0000000000000000e+00
763    7.6249999999999996e-01  3.9500000000000002e-01  1.6666666666666669e-01  1.0000000000000000e+00
764    7.8000000000000003e-01  3.9500000000000002e-01  1.6666666666666669e-01  1.0000000000000000e+00
765    7.9750000000000010e-01  3.9500000000000002e-01  1.6666666666666669e-01  1.0000000000000000e+00
766    8.1500000000000017e-01  3.9500000000000002e-01  1.6666666666666669e-01  1.0000000000000000e+00
767    8.3250000000000002e-01  3.9500000000000002e-01  1.6666666666666669e-01  1.0000000000000000e+00
768    8.4416666666666673e-01  3.9500000000000002e-01  1.6666666666666669e-01  1.0000000000000000e+00
769    8.5000000000000009e-01  3.9500000000000002e-01  1.6666666666666669e-01  1.0000000000000000e+00
770    7.0999999999999996e-01  4.3000000000000005e-01  1.6666666666666669e-01  1.0000000000000000e+00
771    7.1583333333333332e-01  4.3000000000000005e-01  1.6666666666666669e-01  1.0000000000000000e+00
772    7.2750000000000004e-01  4.3000000000000005e-01  1.6666666666666669e-01  1.0000000000000000e+00
773    7.4500000000000011e-01  4.3000000000000005e-01  1.6666666666666669e-01  1.0000000000000000e+00
774    7.6249999999999996e-01  4.3000000000000005e-01  1.6666666666666669e-01  1.0000000000000000e+00
775    7.8000000000000003e-01  4.3000000000000010e-01  1.6666666666666669e-01  1.0000000000000000e+00
776    7.9750000000000010e-01  4.3000000000000005e-01  1.6666666666666669e-01  1.0000000000000000e+00
777    8.1500000000000017e-01  4.3000000000000005e-01  1.6666666666666669e-01  1.0000000000000000e+00
778    8.3250000000000002e-01  4.3000000000000005e-01  1.6666666666666669e-01  1.0000000000000000e+00
779    8.4416666666666684e-01  4.3000000000000005e-01  1.6666666666666669e-01  1.0000000000000000e+00
780    8.5000000000000009e-01  4.3000000000000005e-01  1.6666666666666669e-01  1.0000000000000000e+00
781    7.0999999999999996e-01  4.6500000000000008e-01  1.6666666666666669e-01  1.0000000000000000e+00
782    7.1583333333333332e-01  4.6500000000000008e-01  1.6666666666666669e-01  1.0000000000000000e+00
783    7.2750000000000004e-01  4.6500000000000008e-01  1.6666666666666671e-01  1.0000000000000000e+00
784    7.4500000000000011e-01  4.6500000000000008e-01  1.6666666666666671e-01  1.0000000000000000e+00
785    7.6249999999999996e-01  4.6500000000000008e-01  1.6666666666666669e-01  1.0000000000000000e+00
786    7.8000000000000003e-01  4.6500000000000008e-01  1.6666666666666669e-01  1.0000000000000000e+00
787    7.9750000000000010e-01  4.6500000000000008e-01  1.6666666666666669e-01  1.0000000000000000e+00
788    8.1500000000000017e-01  4.6500000000000008e-01  1.6666666666666669e-01  1.0000000000000000e+00
789    8.3250000000000013e-01  4.6500000000000008e-01  1.6666666666666669e-01  1.0000000000000000e+00
790    8.4416666666666673e-01  4.6500000000000008e-01  1.6666666666666669e-01  1.0000000000000000e+00
791    8.5000000000000009e-01  4.6500000000000008e-01  1.6666666666666669e-01  1.0000000000000000e+00
792    7.0999999999999996e-01  5.0000000000000000e-01  1.6666666666666669e-01  1.0000000000000000e+00
793    7.1583333333333332e-01  5.0000000000000000e-01  1.6666666666666669e-01  1.0000000000000000e+00
794    7.2750000000000004e-01  5.0000000000000000e-01  1.6666666666666671e-01  1.0000000000000000e+00
795    7.4500000000000011e-01  5.0000000000000000e-01  1.6666666666666671e-01  1.0000000000000000e+00
796    7.6249999999999996e-01  5.0000000000000000e-01  1.6666666666666669e-01  1.0000000000000000e+00
797    7.8000000000000003e-01  5.0000000000000011e-01  1.6666666666666669e-01  1.0000000000000000e+00
798    7.9750000000000010e-01  5.0000000000000000e-01  1.6666666666666669e-01  1.0000000000000000e+00
799    8.1500000000000017e-01  5.0000000000000000e-01  1.6666666666666669e-01  1.0000000000000000e+00
800    8.3250000000000002e-01  5.0000000000000000e-01  1.6666666666666669e-01  1.0000000000000000e+00
801    8.4416666666666673e-01  5.0000000000000000e-01  1.6666666666666669e-01  1.0000000000000000e+00
802    8.4999999999999998e-01  5.0000000000000000e-01  1.6666666666666669e-01  1.0000000000000000e+00
803    7.0999999999999996e-01  5.2333333333333343e-01  1.6666666666666669e-01  1.0000000000000000e+00
804    7.1583333333333332e-01  5.2333333333333343e-01  1.6666666666666669e-01  1.0000000000000000e+00
805    7.2750000000000004e-01  5.2333333333333343e-01  1.6666666666666671e-01  1.0000000000000000e+00
806    7.4500000000000011e-01  5.2333333333333332e-01  1.6666666666666671e-01  1.0000000000000000e+00
807    7.6249999999999996e-01  5.2333333333333343e-01  1.6666666666666669e-01  1.0000000000000000e+00
808    7.8000000000000003e-01  5.2333333333333343e-01  1.6666666666666669e-01  1.0000000000000000e+00
809    7.9750000000000010e-01  5.2333333333333343e-01  1.6666666666666669e-01  1.0000000000000000e+00
810    8.1500000000000017e-01  5.2333333333333343e-01  1.6666666666666669e-01  1.0000000000000000e+00
811    8.3250000000000013e-01  5.2333333333333343e-01  1.6666666666666669e-01  1.0000000000000000e+00
812    8.4416666666666684e-01  5.2333333333333343e-01  1.6666666666666669e-01  1.0000000000000000e+00
813    8.5000000000000009e-01  5.2333333333333343e-01  1.6666666666666669e-01  1.0000000000000000e+00
814    7.0999999999999996e-01  5.3500000000000014e-01  1.6666666666666669e-01  1.0000000000000000e+00
815    7.1583333333333332e-01  5.3500000000000014e-01  1.6666666666666669e-01  1.0000000000000000e+00
816    7.2750000000000004e-01  5.3500000000000014e-01  1.6666666666666671e-01  1.0000000000000000e+00
817    7.4500000000000011e-01  5.3500000000000003e-01  1.6666666666666671e-01  1.0000000000000000e+00
818    7.6249999999999996e-01  5.3500000000000014e-01  1.6666666666666669e-01  1.0000000000000000e+00
819    7.8000000000000003e-01  5.3500000000000014e-01  1.6666666666666669e-01  1.0000000000000000e+00
820    7.9750000000000010e-01  5.3500000000000014e-01  1.6666666666666669e-01  1.0000000000000000e+00
821    8.1500000000000017e-01  5.3500000000000014e-01  1.6666666666666669e-01  1.0000000000000000e+00
822    8.3250000000000002e-01  5.3500000000000014e-01  1.6666666666666669e-01  1.0000000000000000e+00
823    8.4416666666666673e-01  5.3500000000000014e-01  1.6666666666666669e-01  1.0000000000000000e+00
824    8.5000000000000009e-01  5.3500000000000014e-01  1.6666666666666669e-01  1.0000000000000000e+00
825    7.0999999999999996e-01  2.6666666666666672e-01  5.0000000000000000e-01  1.0000000000000000e+00
826    7.1583333333333332e-01  2.6666666666666672e-01  5.0000000000000000e-01  1.0000000000000000e+00
827    7.2750000000000004e-01  2.6666666666666672e-01  5.0000000000000011e-01  1.0000000000000000e+00
828    7.4500000000000011e-01  2.6666666666666666e-01  5.0000000000000011e-01  1.0000000000000000e+00
829    7.6249999999999996e-01  2.6666666666666672e-01  5.0000000000000000e-01  1.0000000000000000e+00
830    7.8000000000000003e-01  2.6666666666666672e-01  5.0000000000000000e-01  1.0000000000000000e+00
831    7.9750000000000010e-01  2.6666666666666672e-01  5.0000000000000000e-01  1.0000000000000000e+00
832    8.1500000000000017e-01  2.6666666666666672e-01  5.0000000000000000e-01  1.0000000000000000e+00
833    8.3250000000000013e-01  2.6666666666666672e-01  5.0000000000000000e-01  1.0000000000000000e+00
834    8.4416666666666684e-01  2.6666666666666672e-01  5.0000000000000000e-01  1.0000000000000000e+00
835    8.5000000000000009e-01  2.6666666666666672e-01  5.0000000000000000e-01  1.0000000000000000e+00
836    7.0999999999999996e-01  2.9000000000000004e-01  5.0000000000000011e-01  1.0000000000000000e+00
837    7.1583333333333321e-01  2.9000000000000004e-01  5.0000000000000011e-01  1.0000000000000000e+00
838    7.2750000000000004e-01  2.9000000000000004e-01  5.0000000000000011e-01  1.0000000000000000e+00
839    7.4500000000000022e-01  2.9000000000000004e-01  5.0000000000000011e-01  1.0000000000000000e+00
840    7.6249999999999996e-01  2.9000000000000004e-01  5.0000000000000011e-01  1.0000000000000000e+00
841    7.8000000000000003e-01  2.9000000000000004e-01  5.0000000000000011e-01  1.0000000000000000e+00
842    7.9750000000000010e-01  2.9000000000000004e-01  5.0000000000000011e-01  1.0000000000000000e+00
843    8.1500000000000017e-01  2.9000000000000004e-01  5.0000000000000011e-01  1.0000000000000000e+00
844    8.3250000000000013e-01  2.9000000000000004e-01  5.0000000000000011e-01  1.0000000000000000e+00
845    8.4416666666666673e-01  2.9000000000000004e-01  5.0000000000000011e-01  1.0000000000000000e+00
846    8.5000000000000009e-01  2.9000000000000004e-01  5.0000000000000011e-01  1.0000000000000000e+00
847    7.0999999999999985e-01  3.2500000000000001e-01  5.0000000000000011e-01  1.0000000000000000e+00
848    7.1583333333333343e-01  3.2500000000000001e-01  5.0000000000000011e-01  1.0000000000000000e+00
849    7.2750000000000015e-01  3.2500000000000001e-01  5.0000000000000011e-01  1.0000000000000000e+00
850    7.4500000000000011e-01  3.2500000000000007e-01  5.0000000000000011e-01  1.0000000000000000e+00
851    7.6249999999999996e-01  3.2500000000000001e-01  5.0000000000000011e-01  1.0000000000000000e+00
852    7.8000000000000014e-01  3.2500000000000001e-01  5.0000000000000011e-01  1.0000000000000000e+00
853    7.9750000000000010e-01  3.2500000000000001e-01  5.0000000000000011e-01  1.0000000000000000e+00
854    8.1500000000000006e-01  3.2500000000000001e-01  5.0000000000000011e-01  1.0000000000000000e+00
855    8.3250000000000002e-01  3.2500000000000001e-01  5.0000000000000011e-01  1.0000000000000000e+00
856    8.4416666666666684e-01  3.2500000000000001e-01  5.0000000000000011e-01  1.0000000000000000e+00
857    8.5000000000000009e-01  3.2500000000000001e-01  5.0000000000000011e-01  1.0000000000000000e+00
858    7.1000000000000008e-01  3.6000000000000004e-01  5.0000000000000000e-01  1.0000000000000000e+00
859    7.1583333333333332e-01  3.6000000000000004e-01  5.0000000000000000e-01  1.0000000000000000e+00
860    7.2750000000000004e-01  3.6000000000000004e-01  5.0000000000000011e-01  1.0000000000000000e+00
861    7.4500000000000011e-01  3.5999999999999999e-01  5.0000000000000011e-01  1.0000000000000000e+00
862    7.6249999999999996e-01  3.6000000000000004e-01  5.0000000000000000e-01  1.0000000000000000e+00
863    7.8000000000000003e-01  3.6000000000000004e-01  5.0000000000000000e-01  1.0000000000000000e+00
864    7.9750000000000010e-01  3.6000000000000004e-01  5.0000000000000000e-01  1.0000000000000000e+00
865    8.1500000000000017e-01  3.6000000000000004e-01  5.0000000000000000e-01  1.0000000000000000e+00
866    8.3250000000000024e-01  3.6000000000000004e-01  5.0000000000000000e-01  1.0000000000000000e+00
867    8.4416666666666684e-01  3.6000000000000004e-01  5.0000000000000000e-01  1.0000000000000000e+00
868    8.5000000000000009e-01  3.6000000000000004e-01  5.0000000000000000e-01  1.0000000000000000e+00
869    7.0999999999999996e-01  3.9500000000000002e-01  5.0000000000000000e-01  1.0000000000000000e+00
870    7.1583333333333332e-01  3.9500000000000002e-01  5.0000000000000000e-01  1.0000000000000000e+00
871    7.2750000000000004e-01  3.9500000000000002e-01  5.0000000000000022e-01  1.0000000000000000e+00
872    7.4500000000000000e-01  3.9500000000000002e-01  5.0000000000000022e-01  1.0000000000000000e+00
873    7.6249999999999996e-01  3.9500000000000002e-01  5.0000000000000000e-01  1.0000000000000000e+00
874    7.8000000000000003e-01  3.9500000000000002e-01  5.0000000000000000e-01  1.0000000000000000e+00
875    7.9750000000000010e-01  3.9500000000000002e-01  5.0000000000000000e-01  1.0000000000000000e+00
876    8.1500000000000028e-01  3.9500000000000002e-01  5.0000000000000000e-01  1.0000000000000000e+00
877    8.3250000000000013e-01  3.9500000000000002e-01  5.0000000000000000e-01  1.0000000000000000e+00
878    8.4416666666666684e-01  3.9500000000000002e-01  5.0000000000000000e-01  1.0000000000000000e+00
879    8.5000000000000009e-01  3.9500000000000002e-01  5.0000000000000000e-01  1.0000000000000000e+00
880    7.0999999999999996e-01  4.3000000000000005e-01  5.0000000000000000e-01  1.0000000000000000e+00
881    7.1583333333333332e-01  4.3000000000000005e-01  5.0000000000000000e-01  1.0000000000000000e+00
882    7.2750000000000004e-01  4.3000000000000005e-01  5.0000000000000000e-01  1.0000000000000000e+00
883    7.4500000000000011e-01  4.3000000000000005e-01  5.0000000000000000e-01  1.0000000000000000e+00
884    7.6249999999999996e-01  4.3000000000000005e-01  5.0000000000000000e-01  1.0000000000000000e+00
885    7.8000000000000003e-01  4.3000000000000010e-01  5.0000000000000000e-01  1.0000000000000000e+00
886    7.9750000000000010e-01  4.3000000000000005e-01  5.0000000000000000e-01  1.0000000000000000e+00
887    8.1500000000000017e-01  4.3000000000000005e-01  5.0000000000000000e-01  1.0000000000000000e+00
888    8.3250000000000013e-01  4.3000000000000005e-01  5.0000000000000000e-01  1.0000000000000000e+00
889    8.4416666666666684e-01  4.3000000000000005e-01  5.0000000000000000e-01  1.0000000000000000e+00
890    8.5000000000000009e-01  4.3000000000000005e-01  5.0000000000000000e-01  1.0000000000000000e+00
891    7.0999999999999996e-01  4.6500000000000008e-01  5.0000000000000000e-01  1.0000000000000000e+00
892    7.1583333333333332e-01  4.6500000000000008e-01  5.0000000000000000e-01  1.0000000000000000e+00
893    7.2750000000000004e-01  4.6500000000000008e-01  5.0000000000000011e-01  1.0000000000000000e+00
894    7.4500000000000011e-01  4.6500000000000008e-01  5.0000000000000011e-01  1.0000000000000000e+00
895    7.6249999999999996e-01  4.6500000000000008e-01  5.0000000000000000e-01  1.0000000000000000e+00
896    7.8000000000000003e-01  4.6500000000000008e-01  5.0000000000000000e-01  1.0000000000000000e+00
897    7.9750000000000010e-01  4.6500000000000008e-01  5.0000000000000000e-01  1.0000000000000000e+00
898    8.1500000000000017e-01  4.6500000000000008e-01  5.0000000000000000e-01  1.0000000000000000e+00
899    8.3250000000000013e-01  4.6500000000000008e-01  5.0000000000000000e-01  1.0000000000000000e+00
900    8.4416666666666684e-01  4.6500000000000008e-01  5.0000000000000000e-01  1.0000000000000000e+00
901    8.5000000000000009e-01  4.6500000000000008e-01  5.0000000000000000e-01  1.0000000000000000e+00
902    7.0999999999999996e-01  5.0000000000000000e-01  5.0000000000000000e-01  1.0000000000000000e+00
903    7.1583333333333332e-01  5.0000000000000000e-01  5.0000000000000000e-01  1.0000000000000000e+00
904    7.2750000000000004e-01  5.0000000000000000e-01  5.0000000000000011e-01  1.0000000000000000e+00
905    7.4500000000000011e-01  5.0000000000000000e-01  5.0000000000000011e-01  1.0000000000000000e+00
906    7.6249999999999996e-01  5.0000000000000000e-01  5.0000000000000000e-01  1.0000000000000000e+00
907    7.8000000000000003e-01  5.0000000000000011e-01  5.0000000000000000e-01  1.0000000000000000e+00
908    7.9750000000000010e-01  5.0000000000000000e-01  5.0000000000000000e-01  1.0000000000000000e+00
909    8.1500000000000017e-01  5.0000000000000000e-01  5.0000000000000000e-01  1.0000000000000000e+00
910    8.3250000000000002e-01  5.0000000000000000e-01  5.0000000000000000e-01  1.0000000000000000e+00
911    8.4416666666666673e-01  5.0000000000000000e-01  5.0000000000000000e-01  1.0000000000000000e+00
912    8.5000000000000009e-01  5.0000000000000000e-01  5.0000000000000000e-01  1.0000000000000000e+00
913    7.0999999999999996e-01  5.2333333333333343e-01  5.0000000000000000e-01  1.0000000000000000e+00
914    7.1583333333333332e-01  5.2333333333333343e-01  5.0000000000000000e-01  1.0000000000000000e+00
915    7.2750000000000004e-01  5.2333333333333343e-01  5.0000000000000011e-01  1.0000000000000000e+00
916    7.4500000000000011e-01  5.2333333333333332e-01  5.0000000000000011e-01  1.0000000000000000e+00
917    7.6249999999999996e-01  5.2333333333333343e-01  5.0000000000000000e-01  1.0000000000000000e+00
918    7.8000000000000003e-01  5.2333333333333343e-01  5.0000000000000000e-01  1.0000000000000000e+00
919    7.9750000000000010e-01  5.2333333333333343e-01  5.0000000000000000e-01  1.0000000000000000e+00
920    8.1500000000000017e-01  5.2333333333333343e-01  5.0000000000000000e-01  1.0000000000000000e+00
921    8.3250000000000013e-01  5.2333333333333343e-01  5.0000000000000000e-01  1.0000000000000000e+00
922    8.4416666666666684e-01  5.2333333333333343e-01  5.0000000000000000e-01  1.0000000000000000e+00
923    8.5000000000000009e-01  5.2333333333333343e-01  5.0000000000000000e-01  1.0000000000000000e+00
924    7.0999999999999996e-01  5.3500000000000014e-01  5.0000000000000000e-01  1.0000000000000000e+00
925    7.1583333333333332e-01  5.3500000000000014e-01  5.0000000000000000e-01  1.0000000000000000e+00
926    7.2750000000000004e-01  5.3500000000000014e-01  5.0000000000000011e-01  1.0000000000000000e+00
927    7.4500000000000011e-01  5.3500000000000003e-01  5.0000000000000011e-01  1.0000000000000000e+00
928    7.6249999999999996e-01  5.3500000000000014e-01  5.0000000000000000e-01  1.0000000000000000e+00
929    7.8000000000000003e-01  5.3500000000000014e-01  5.0000000000000000e-01  1.0000000000000000e+00
930    7.9750000000000010e-01  5.3500000000000014e-01  5.0000000000000000e-01  1.0000000000000000e+00
931    8.1500000000000017e-01  5.3500000000000014e-01  5.0000000000000000e-01  1.0000000000000000e+00
932    8.3250000000000013e-01  5.3500000000000014e-01  5.0000000000000000e-01  1.0000000000000000e+00
933    8.4416666666666684e-01  5.3500000000000014e-01  5.0000000000000000e-01  1.0000000000000000e+00
934    8.5000000000000009e-01  5.3500000000000014e-01  5.0000000000000000e-01  1.0000000000000000e+00
935    7.0999999999999996e-01  2.6666666666666672e-01  8.3333333333333337e-01  1.0000000000000000e+00
936    7.1583333333333332e-01  2.6666666666666672e-01  8.3333333333333337e-01  1.0000000000000000e+00
937    7.2750000000000004e-01  2.6666666666666672e-01  8.3333333333333348e-01  1.0000000000000000e+00
938    7.4500000000000011e-01  2.6666666666666666e-01  8.3333333333333348e-01  1.0000000000000000e+00
939    7.6249999999999996e-01  2.6666666666666672e-01  8.3333333333333337e-01  1.0000000000000000e+00
940    7.8000000000000003e-01  2.6666666666666672e-01  8.3333333333333337e-01  1.0000000000000000e+00
941    7.9750000000000010e-01  2.6666666666666672e-01  8.3333333333333337e-01  1.0000000000000000e+00
942    8.1500000000000017e-01  2.6666666666666672e-01  8.3333333333333337e-01  1.0000000000000000e+00
943    8.3250000000000013e-01  2.6666666666666672e-01  8.3333333333333337e-01  1.0000000000000000e+00
944    8.4416666666666684e-01  2.6666666666666672e-01  8.3333333333333337e-01  1.0000000000000000e+00
945    8.5000000000000009e-01  2.6666666666666672e-01  8.3333333333333337e-01  1.0000000000000000e+00
946    7.0999999999999996e-01  2.9000000000000004e-01  8.3333333333333348e-01  1.0000000000000000e+00
947    7.1583333333333321e-01  2.9000000000000004e-01  8.3333333333333348e-01  1.0000000000000000e+00
948    7.2750000000000004e-01  2.9000000000000004e-01  8.3333333333333348e-01  1.0000000000000000e+00
949    7.4500000000000022e-01  2.9000000000000004e-01  8.3333333333333348e-01  1.0000000000000000e+00
950    7.6249999999999996e-01  2.9000000000000004e-01  8.3333333333333348e-01  1.0000000000000000e+00
951    7.8000000000000003e-01  2.9000000000000004e-01  8.3333333333333348e-01  1.0000000000000000e+00
952    7.9750000000000010e-01  2.9000000000000004e-01  8.3333333333333348e-01  1.0000000000000000e+00
953    8.1500000000000017e-01  2.9000000000000004e-01  8.3333333333333348e-01  1.0000000000000000e+00
954    8.3250000000000013e-01  2.9000000000000004e-01  8.3333333333333348e-01  1.0000000000000000e+00
955    8.4416666666666673e-01  2.9000000000000004e-01  8.3333333333333348e-01  1.0000000000000000e+00
956    8.5000000000000009e-01  2.9000000000000004e-01  8.3333333333333348e-01  1.0000000000000000e+00
957    7.0999999999999985e-01  3.2500000000000001e-01  8.3333333333333348e-01  1.0000000000000000e+00
958    7.1583333333333343e-01  3.2500000000000001e-01  8.3333333333333348e-01  1.0000000000000000e+00
959    7.2750000000000015e-01  3.2500000000000001e-01  8.3333333333333348e-01  1.0000000000000000e+00
960    7.4500000000000011e-01  3.2500000000000001e-01  8.3333333333333348e-01  1.0000000000000000e+00
961    7.6249999999999996e-01  3.2500000000000001e-01  8.3333333333333348e-01  1.0000000000000000e+00
962    7.8000000000000014e-01  3.2500000000000001e-01  8.3333333333333348e-01  1.0000000000000000e+00
963    7.9750000000000010e-01  3.2500000000000001e-01  8.3333333333333348e-01  1.0000000000000000e+00
964    8.1500000000000006e-01  3.2500000000000001e-01  8.3333333333333348e-01  1.0000000000000000e+00
965    8.3250000000000002e-01  3.2500000000000001e-01  8.3333333333333348e-01  1.0000000000000000e+00
966    8.4416666666666684e-01  3.2500000000000001e-01  8.3333333333333348e-01  1.0000000000000000e+00
967    8.5000000000000009e-01  3.2500000000000001e-01  8.3333333333333348e-01  1.0000000000000000e+00
968    7.1000000000000008e-01  3.6000000000000004e-01  8.3333333333333337e-01  1.0000000000000000e+00
969    7.1583333333333332e-01  3.6000000000000004e-01  8.3333333333333337e-01  1.0000000000000000e+00
970    7.2750000000000004e-01  3.6000000000000004e-01  8.3333333333333348e-01  1.0000000000000000e+00
971    7.4500000000000011e-01  3.5999999999999999e-01  8.3333333333333348e-01  1.0000000000000000e+00
972    7.6249999999999996e-01  3.6000000000000004e-01  8.3333333333333337e-01  1.0000000000000000e+00
973    7.8000000000000003e-01  3.6000000000000004e-01  8.3333333333333337e-01  1.0000000000000000e+00
974    7.9750000000000010e-01  3.6000000000000004e-01  8.3333333333333337e-01  1.0000000000000000e+00
975    8.1500000000000017e-01  3.6000000000000004e-01  8.3333333333333337e-01  1.0000000000000000e+00
976    8.3250000000000024e-01  3.6000000000000004e-01  8.3333333333333337e-01  1.0000000000000000e+00
977    8.4416666666666684e-01  3.6000000000000004e-01  8.3333333333333337e-01  1.0000000000000000e+00
978    8.5000000000000009e-01  3.6000000000000004e-01  8.3333333333333337e-01  1.0000000000000000e+00
979    7.0999999999999996e-01  3.9499999999999996e-01  8.3333333333333337e-01  1.0000000000000000e+00
980    7.1583333333333332e-01  3.9500000000000002e-01  8.3333333333333337e-01  1.0000000000000000e+00
981    7.2750000000000004e-01  3.9500000000000002e-01  8.3333333333333348e-01  1.0000000000000000e+00
982    7.4500000000000000e-01  3.9499999999999996e-01  8.3333333333333348e-01  1.0000000000000000e+00
983    7.6249999999999996e-01  3.9500000000000002e-01  8.3333333333333337e-01  1.0000000000000000e+00
984    7.8000000000000003e-01  3.9500000000000002e-01  8.3333333333333337e-01  1.0000000000000000e+00
985    7.9750000000000010e-01  3.9499999999999996e-01  8.3333333333333337e-01  1.0000000000000000e+00
986    8.1500000000000017e-01  3.9499999999999996e-01  8.3333333333333337e-01  1.0000000000000000e+00
987    8.3250000000000002e-01  3.9499999999999996e-01  8.3333333333333337e-01  1.0000000000000000e+00
988    8.4416666666666673e-01  3.9499999999999996e-01  8.3333333333333337e-01  1.0000000000000000e+00
989    8.5000000000000009e-01  3.9499999999999996e-01  8.3333333333333337e-01  1.0000000000000000e+00
990    7.0999999999999996e-01  4.3000000000000005e-01  8.3333333333333337e-01  1.0000000000000000e+00
991    7.1583333333333332e-01  4.3000000000000005e-01  8.3333333333333337e-01  1.0000000000000000e+00
992    7.2750000000000004e-01  4.3000000000000005e-01  8.3333333333333337e-01  1.0000000000000000e+00
993    7.4500000000000011e-01  4.3000000000000005e-01  8.3333333333333337e-01  1.0000000000000000e+00
994    7.6249999999999996e-01  4.3000000000000005e-01  8.3333333333333337e-01  1.0000000000000000e+00
995    7.8000000000000003e-01  4.3000000000000010e-01  8.3333333333333337e-01  1.0000000000000000e+00
996    7.9750000000000010e-01  4.3000000000000005e-01  8.3333333333333337e-01  1.0000000000000000e+00
997    8.1500000000000017e-01  4.3000000000000005e-01  8.3333333333333337e-01  1.0000000000000000e+00
998    8.3250000000000002e-01  4.3000000000000005e-01  8.3333333333333337e-01  1.0000000000000000e+00
999    8.4416666666666684e-01  4.3000000000000005e-01  8.3333333333333337e-01  1.0000000000000000e+00
1000   8.5000000000000009e-01  4.3000000000000005e-01  8.3333333333333337e-01  1.0000000000000000e+00
1001   7.0999999999999996e-01  4.6500000000000002e-01  8.3333333333333337e-01  1.0000000000000000e+00
1002   7.1583333333333332e-01  4.6500000000000008e-01  8.3333333333333337e-01  1.0000000000000000e+00
1003   7.2750000000000004e-01  4.6500000000000008e-01  8.3333333333333348e-01  1.0000000000000000e+00
1004   7.4500000000000011e-01  4.6500000000000008e-01  8.3333333333333348e-01  1.0000000000000000e+00
1005   7.6249999999999996e-01  4.6500000000000008e-01  8.3333333333333337e-01  1.0000000000000000e+00
1006   7.8000000000000003e-01  4.6500000000000008e-01  8.3333333333333337e-01  1.0000000000000000e+00
1007   7.9750000000000010e-01  4.6500000000000002e-01  8.3333333333333337e-01  1.0000000000000000e+00
1008   8.1500000000000017e-01  4.6500000000000002e-01  8.3333333333333337e-01  1.0000000000000000e+00
1009   8.3250000000000013e-01  4.6500000000000002e-01  8.3333333333333337e-01  1.0000000000000000e+00
1010   8.4416666666666673e-01  4.6500000000000002e-01  8.3333333333333337e-01  1.0000000000000000e+00
1011   8.5000000000000009e-01  4.6500000000000002e-01  8.3333333333333337e-01  1.0000000000000000e+00
1012   7.0999999999999996e-01  5.0000000000000000e-01  8.3333333333333337e-01  1.0000000000000000e+00
1013   7.1583333333333332e-01  5.0000000000000000e-01  8.3333333333333337e-01  1.0000000000000000e+00
1014   7.2750000000000004e-01  5.0000000000000000e-01  8.3333333333333348e-01  1.0000000000000000e+00
1015   7.4500000000000011e-01  5.0000000000000000e-01  8.3333333333333348e-01  1.0000000000000000e+00
1016   7.6249999999999996e-01  5.0000000000000000e-01  8.3333333333333337e-01  1.0000000000000000e+00
1017   7.8000000000000003e-01  5.0000000000000011e-01  8.3333333333333337e-01  1.0000000000000000e+00
1018   7.9750000000000010e-01  5.0000000000000000e-01  8.3333333333333337e-01  1.0000000000000000e+00
1019   8.1500000000000017e-01  5.0000000000000000e-01  8.3333333333333337e-01  1.0000000000000000e+00
1020   8.3250000000000002e-01  5.0000000000000000e-01  8.3333333333333337e-01  1.0000000000000000e+00
1021   8.4416666666666673e-01  5.0000000000000000e-01  8.3333333333333337e-01  1.0000000000000000e+00
1022   8.4999999999999998e-01  5.0000000000000000e-01  8.3333333333333337e-01  1.0000000000000000e+00
1023   7.0999999999999996e-01  5.2333333333333332e-01  8.3333333333333337e-01  1.0000000000000000e+00
1024   7.1583333333333332e-01  5.2333333333333332e-01  8.3333333333333337e-01  1.0000000000000000e+00
1025   7.2750000000000004e-01  5.2333333333333332e-01  8.3333333333333348e-01  1.0000000000000000e+00
1026   7.4500000000000011e-01  5.2333333333333332e-01  8.3333333333333348e-01  1.0000000000000000e+00
1027   7.6249999999999996e-01  5.2333333333333332e-01  8.3333333333333337e-01  1.0000000000000000e+00
1028   7.8000000000000003e-01  5.2333333333333343e-01  8.3333333333333337e-01  1.0000000000000000e+00
1029   7.9750000000000010e-01  5.2333333333333332e-01  8.3333333333333337e-01  1.0000000000000000e+00
1030   8.1500000000000017e-01  5.2333333333333332e-01  8.3333333333333337e-01  1.0000000000000000e+00
1031   8.3250000000000013e-01  5.2333333333333332e-01  8.3333333333333337e-01  1.0000000000000000e+00
1032   8.4416666666666684e-01  5.2333333333333332e-01  8.3333333333333337e-01  1.0000000000000000e+00
1033   8.5000000000000009e-01  5.2333333333333332e-01  8.3333333333333337e-01  1.0000000000000000e+00
1034   7.0999999999999996e-01  5.3500000000000003e-01  8.3333333333333337e-01  1.0000000000000000e+00
1035   7.1583333333333332e-01  5.3500000000000003e-01  8.3333333333333337e-01  1.0000000000000000e+00
1036   7.2750000000000004e-01  5.3500000000000003e-01  8.3333333333333348e-01  1.0000000000000000e+00
1037   7.4500000000000011e-01  5.3500000000000003e-01  8.3333333333333348e-01  1.0000000000000000e+00
1038   7.6249999999999996e-01  5.3500000000000003e-01  8.3333333333333337e-01  1.0000000000000000e+00
1039   7.8000000000000003e-01  5.3500000000000014e-01  8.3333333333333337e-01  1.0000000000000000e+00
1040   7.9750000000000010e-01  5.3500000000000003e-01  8.3333333333333337e-01  1.0000000000000000e+00
1041   8.1500000000000017e-01  5.3500000000000003e-01  8.3333333333333337e-01  1.0000000000000000e+00
1042   8.3250000000000002e-01  5.3500000000000003e-01  8.3333333333333337e-01  1.0000000000000000e+00
1043   8.4416666666666673e-01  5.3500000000000003e-01  8.3333333333333337e-01  1.0000000000000000e+00
1044   8.5000000000000009e-01  5.3500000000000003e-01  8.3333333333333337e-01  1.0000000000000000e+00
1045   7.0999999999999996e-01  2.6666666666666672e-01  1.0000000000000000e+00  1.0000000000000000e+00
1046   7.1583333333333332e-01  2.6666666666666672e-01  1.0000000000000000e+00  1.0000000000000000e+00
1047   7.2750000000000004e-01  2.6666666666666672e-01  1.0000000000000000e+00  1.0000000000000000e+00
1048   7.4500000000000011e-01  2.6666666666666666e-01  1.0000000000000000e+00  1.0000000000000000e+00
1049   7.6249999999999996e-01  2.6666666666666672e-01  1.0000000000000000e+00  1.0000000000000000e+00
1050   7.8000000000000003e-01  2.6666666666666672e-01  1.0000000000000000e+00  1.0000000000000000e+00
1051   7.9750000000000010e-01  2.6666666666666672e-01  1.0000000000000000e+00  1.0000000000000000e+00
1052   8.1500000000000006e-01  2.6666666666666672e-01  1.0000000000000000e+00  1.0000000000000000e+00
1053   8.3250000000000013e-01  2.6666666666666672e-01  1.0000000000000000e+00  1.0000000000000000e+00
1054   8.4416666666666684e-01  2.6666666666666672e-01  1.0000000000000000e+00  1.0000000000000000e+00
1055   8.5000000000000009e-01  2.6666666666666672e-01  1.0000000000000000e+00  1.0000000000000000e+00
1056   7.0999999999999996e-01  2.9000000000000004e-01  1.0000000000000000e+00  1.0000000000000000e+00
1057   7.1583333333333321e-01  2.9000000000000004e-01  1.0000000000000000e+00  1.0000000000000000e+00
1058   7.2750000000000004e-01  2.9000000000000004e-01  1.0000000000000000e+00  1.0000000000000000e+00
1059   7.4500000000000022e-01  2.9000000000000004e-01  1.0000000000000000e+00  1.0000000000000000e+00
1060   7.6249999999999996e-01  2.9000000000000004e-01  1.0000000000000000e+00  1.0000000000000000e+00
1061   7.8000000000000003e-01  2.9000000000000004e-01  1.0000000000000000e+00  1.0000000000000000e+00
1062   7.9750000000000010e-01  2.9000000000000004e-01  1.0000000000000000e+00  1.0000000000000000e+00
1063   8.1500000000000017e-01  2.9000000000000004e-01  1.0000000000000000e+00  1.0000000000000000e+00
1064   8.3250000000000013e-01  2.9000000000000004e-01  1.0000000000000000e+00  1.0000000000000000e+00
1065   8.4416666666666673e-01  2.9000000000000004e-01  1.0000000000000000e+00  1.0000000000000000e+00
1066   8.4999999999999998e-01  2.9000000000000004e-01  1.0000000000000000e+00  1.0000000000000000e+00
1067   7.0999999999999985e-01  3.2500000000000001e-01  1.0000000000000000e+00  1.0000000000000000e+00
1068   7.1583333333333343e-01  3.2500000000000001e-01  1.0000000000000000e+00  1.0000000000000000e+00
1069   7.2750000000000015e-01  3.2500000000000001e-01  1.0000000000000000e+00  1.0000000000000000e+00
1070   7.4500000000000011e-01  3.2500000000000001e-01  1.0000000000000000e+00  1.0000000000000000e+00
1071   7.6249999999999996e-01  3.2500000000000001e-01  1.0000000000000000e+00  1.0000000000000000e+00
1072   7.8000000000000014e-01  3.2500000000000001e-01  1.0000000000000000e+00  1.0000000000000000e+00
1073   7.9750000000000010e-01  3.2500000000000001e-01  1.0000000000000000e+00  1.0000000000000000e+00
1074   8.1500000000000006e-01  3.2500000000000001e-01  1.0000000000000000e+00  1.0000000000000000e+00
1075   8.3250000000000002e-01  3.2500000000000001e-01  1.0000000000000000e+00  1.0000000000000000e+00
1076   8.4416666666666684e-01  3.2500000000000001e-01  1.0000000000000000e+00  1.0000000000000000e+00
1077   8.5000000000000009e-01  3.2500000000000001e-01  1.0000000000000000e+00  1.0000000000000000e+00
1078   7.1000000000000008e-01  3.6000000000000004e-01  1.0000000000000000e+00  1.0000000000000000e+00
1079   7.1583333333333332e-01  3.6000000000000004e-01  1.0000000000000000e+00  1.0000000000000000e+00
1080   7.2750000000000004e-01  3.6000000000000004e-01  1.0000000000000000e+00  1.0000000000000000e+00
1081   7.4500000000000011e-01  3.5999999999999999e-01  1.0000000000000000e+00  1.0000000000000000e+00
1082   7.6249999999999996e-01  3.6000000000000004e-01  1.0000000000000000e+00  1.0000000000000000e+00
1083   7.8000000000000003e-01  3.6000000000000004e-01  1.0000000000000000e+00  1.0000000000000000e+00
1084   7.9750000000000010e-01  3.6000000000000004e-01  1.0000000000000000e+00  1.0000000000000000e+00
1085   8.1500000000000017e-01  3.6000000000000004e-01  1.0000000000000000e+00  1.0000000000000000e+00
1086   8.3250000000000024e-01  3.6000000000000004e-01  1.0000000000000000e+00  1.0000000000000000e+00
1087   8.4416666666666684e-01  3.6000000000000004e-01  1.0000000000000000e+00  1.0000000000000000e+00
1088   8.5000000000000009e-01  3.6000000000000004e-01  1.0000000000000000e+00  1.0000000000000000e+00
1089   7.0999999999999996e-01  3.9499999999999996e-01  1.0000000000000000e+00  1.0000000000000000e+00
1090   7.1583333333333332e-01  3.9500000000000002e-01  1.0000000000000000e+00  1.0000000000000000e+00
1091   7.2750000000000004e-01  3.9500000000000002e-01  1.0000000000000000e+00  1.0000000000000000e+00
1092   7.4500000000000000e-01  3.9499999999999996e-01  1.0000000000000000e+00  1.0000000000000000e+00
1093   7.6249999999999996e-01  3.9500000000000002e-01  1.0000000000000000e+00  1.0000000000000000e+00
1094   7.8000000000000003e-01  3.9500000000000002e-01  1.0000000000000000e+00  1.0000000000000000e+00
1095   7.9750000000000010e-01  3.9499999999999996e-01  1.0000000000000000e+00  1.0000000000000000e+00
1096   8.1500000000000017e-01  3.9499999999999996e-01  1.0000000000000000e+00  1.0000000000000000e+00
1097   8.3250000000000002e-01  3.9499999999999996e-01  1.0000000000000000e+00  1.0000000000000000e+00
1098   8.4416666666666673e-01  3.9499999999999996e-01  1.0000000000000000e+00  1.0000000000000000e+00
1099   8.5000000000000009e-01  3.9499999999999996e-01  1.0000000000000000e+00  1.0000000000000000e+00
1100   7.0999999999999996e-01  4.3000000000000005e-01  1.0000000000000000e+00  1.0000000000000000e+00
1101   7.1583333333333332e-01  4.3000000000000005e-01  1.0000000000000000e+00  1.0000000000000000e+00
1102   7.2750000000000004e-01  4.3000000000000005e-01  1.0000000000000000e+00  1.0000000000000000e+00
1103   7.4500000000000011e-01  4.3000000000000005e-01  1.0000000000000000e+00  1.0000000000000000e+00
1104   7.6249999999999996e-01  4.3000000000000005e-01  1.0000000000000000e+00  1.0000000000000000e+00
1105   7.8000000000000003e-01  4.3000000000000010e-01  1.0000000000000000e+00  1.0000000000000000e+00
1106   7.9750000000000010e-01  4.3000000000000005e-01  1.0000000000000000e+00  1.0000000000000000e+00
1107   8.1500000000000017e-01  4.3000000000000005e-01  1.0000000000000000e+00  1.0000000000000000e+00
1108   8.3250000000000002e-01  4.3000000000000005e-01  1.0000000000000000e+00  1.0000000000000000e+00
1109   8.4416666666666684e-01  4.3000000000000005e-01  1.0000000000000000e+00  1.0000000000000000e+00
1110   8.5000000000000009e-01  4.3000000000000005e-01  1.0000000000000000e+00  1.0000000000000000e+00
1111   7.0999999999999996e-01  4.6500000000000002e-01  1.0000000000000000e+00  1.0000000000000000e+00
1112   7.1583333333333332e-01  4.6500000000000008e-01  1.0000000000000000e+00  1.0000000000000000e+00
1113   7.2750000000000004e-01  4.6500000000000008e-01  1.0000000000000000e+00  1.0000000000000000e+00
1114   7.4500000000000011e-01  4.6500000000000008e-01  1.0000000000000000e+00  1.0000000000000000e+00
1115   7.6249999999999996e-01  4.6500000000000008e-01  1.0000000000000000e+00  1.0000000000000000e+00
1116   7.8000000000000003e-01  4.6500000000000008e-01  1.0000000000000000e+00  1.0000000000000000e+00
1117   7.9750000000000010e-01  4.6500000000000002e-01  1.0000000000000000e+00  1.0000000000000000e+00
1118   8.1500000000000017e-01  4.6500000000000002e-01  1.0000000000000000e+00  1.0000000000000000e+00
1119   8.3250000000000013e-01  4.6500000000000002e-01  1.0000000000000000e+00  1.0000000000000000e+00
1120   8.4416666666666673e-01  4.6500000000000002e-01  1.0000000000000000e+00  1.0000000000000000e+00
1121   8.5000000000000009e-01  4.6500000000000002e-01  1.0000000000000000e+00  1.0000000000000000e+00
1122   7.0999999999999996e-01  5.0000000000000000e-01  1.0000000000000000e+00  1.0000000000000000e+00
1123   7.1583333333333332e-01  5.0000000000000000e-01  1.0000000000000000e+00  1.0000000000000000e+00
1124   7.2750000000000004e-01  5.0000000000000000e-01  1.0000000000000000e+00  1.0000000000000000e+00
1125   7.4500000000000011e-01  5.0000000000000000e-01  1.0000000000000000e+00  1.0000000000000000e+00
1126   7.6249999999999996e-01  5.0000000000000000e-01  1.0000000000000000e+00  1.0000000000000000e+00
1127   7.8000000000000003e-01  5.0000000000000011e-01  1.0000000000000000e+00  1.0000000000000000e+00
1128   7.9750000000000010e-01  5.0000000000000000e-01  1.0000000000000000e+00  1.0000000000000000e+00
1129   8.1500000000000017e-01  5.0000000000000000e-01  1.0000000000000000e+00  1.0000000000000000e+00
1130   8.3250000000000002e-01  5.0000000000000000e-01  1.0000000000000000e+00  1.0000000000000000e+00
1131   8.4416666666666673e-01  5.0000000000000000e-01  1.0000000000000000e+00  1.0000000000000000e+00
1132   8.4999999999999987e-01  5.0000000000000000e-01  1.0000000000000000e+00  1.0000000000000000e+00
1133   7.0999999999999996e-01  5.2333333333333332e-01  1.0000000000000000e+00  1.0000000000000000e+00
1134   7.1583333333333332e-01  5.2333333333333332e-01  1.0000000000000000e+00  1.0000000000000000e+00
1135   7.2750000000000004e-01  5.2333333333333332e-01  1.0000000000000000e+00  1.0000000000000000e+00
1136   7.4500000000000011e-01  5.2333333333333332e-01  1.0000000000000000e+00  1.0000000000000000e+00
1137   7.6249999999999996e-01  5.2333333333333332e-01  1.0000000000000000e+00  1.0000000000000000e+00
1138   7.8000000000000003e-01  5.2333333333333343e-01  1.0000000000000000e+00  1.0000000000000000e+00
1139   7.9750000000000010e-01  5.2333333333333332e-01  1.0000000000000000e+00  1.0000000000000000e+00
1140   8.1500000000000006e-01  5.2333333333333332e-01  1.0000000000000000e+00  1.0000000000000000e+00
1141   8.3250000000000013e-01  5.2333333333333332e-01  1.0000000000000000e+00  1.0000000000000000e+00
1142   8.4416666666666684e-01  5.2333333333333332e-01  1.0000000000000000e+00  1.0000000000000000e+00
1143   8.5000000000000009e-01  5.2333333333333332e-01  1.0000000000000000e+00  1.0000000000000000e+00
1144   7.0999999999999996e-01  5.3500000000000003e-01  1.0000000000000000e+00  1.0000000000000000e+00
1145   7.1583333333333332e-01  5.3500000000000003e-01  1.0000000000000000e+00  1.0000000000000000e+00
1146   7.2750000000000004e-01  5.3500000000000003e-01  1.0000000000000000e+00  1.0000000000000000e+00
1147   7.4500000000000011e-01  5.3500000000000003e-01  1.0000000000000000e+00  1.0000000000000000e+00
1148   7.6249999999999996e-01  5.3500000000000003e-01  1.0000000000000000e+00  1.0000000000000000e+00
1149   7.8000000000000003e-01  5.3500000000000014e-01  1.0000000000000000e+00  1.0000000000000000e+00
1150   7.9750000000000010e-01  5.3500000000000003e-01  1.0000000000000000e+00  1.0000000000000000e+00
1151   8.1500000000000006e-01  5.3500000000000003e-01  1.0000000000000000e+00  1.0000000000000000e+00
1152   8.3250000000000002e-01  5.3500000000000003e-01  1.0000000000000000e+00  1.0000000000000000e+00
1153   8.4416666666666673e-01  5.3500000000000003e-01  1.0000000000000000e+00  1.0000000000000000e+00
1154   8.4999999999999998e-01  5.3500000000000003e-01  1.0000000000000000e+00  1.0000000000000000e+00
1155   7.0999999999999996e-01  5.4768395572233131e-01  0.0000000000000000e+00  9.7559223176554555e-01
1156   7.1583333333333343e-01  5.4803628782572944e-01  0.0000000000000000e+00  9.7559223176554555e-01
1157   7.2750000000000004e-01  5.4874095203252560e-01  0.0000000000000000e+00  9.7559223176554555e-01
1158   7.4500000000000011e-01  5.4979794834272000e-01  0.0000000000000000e+00  9.7559223176554555e-01
1159   7.6250000000000007e-01  5.5085494465291418e-01  0.0000000000000000e+00  9.7559223176554555e-01
1160   7.7999999999999992e-01  5.5191194096310847e-01  0.0000000000000000e+00  9.7559223176554566e-01
1161   7.9750000000000010e-01  5.5296893727330276e-01  0.0000000000000000e+00  9.7559223176554555e-01
1162   8.1500000000000006e-01  5.5402593358349705e-01  0.0000000000000000e+00  9.7559223176554555e-01
1163   8.3250000000000002e-01  5.5508292989369123e-01  0.0000000000000000e+00  9.7559223176554566e-01
1164   8.4416666666666684e-01  5.5578759410048750e-01  0.0000000000000000e+00  9.7559223176554555e-01
1165   8.5000000000000009e-01  5.5613992620388553e-01  0.0000000000000000e+00  9.7559223176554555e-01
1166   7.0765510762878903e-01  5.7382285690160006e-01  0.0000000000000000e+00  9.3287863735525034e-01
1167   7.1342330506292206e-01  5.7490126959331134e-01  0.0000000000000000e+00  9.3287863735525034e-01
1168   7.2495969993118814e-01  5.7705809497673355e-01  0.0000000000000000e+00  9.3287863735525034e-01
1169   7.4226429223358736e-01  5.8029333305186681e-01  0.0000000000000000e+00  9.3287863735525034e-01
1170   7.5956888453598637e-01  5.8352857112700007e-01  0.0000000000000000e+00  9.3287863735525034e-01
1171   7.7687347683838526e-01  5.8676380920213356e-01  0.0000000000000000e+00  9.3287863735525045e-01
1172   7.9417806914078459e-01  5.8999904727726693e-01  0.0000000000000000e+00  9.3287863735525034e-01
1173   8.1148266144318359e-01  5.9323428535240019e-01  0.0000000000000000e+00  9.3287863735525034e-01
1174   8.2878725374558249e-01  5.9646952342753345e-01  0.0000000000000000e+00  9.3287863735525045e-01
1175   8.4032364861384878e-01  5.9862634881095578e-01  0.0000000000000000e+00  9.3287863735525034e-01
1176   8.4609184604798171e-01  5.9970476150266694e-01  0.0000000000000000e+00  9.3287863735525034e-01
1177   6.9643776445342642e-01  6.1307643604696649e-01  0.0000000000000000e+00  8.8711407191564839e-01
1178   7.0189436902157709e-01  6.1524522593715991e-01  0.0000000000000000e+00  8.8711407191564839e-01
1179   7.1280757815787865e-01  6.1958280571754687e-01  0.0000000000000000e+00  8.8711407191564839e-01
1180   7.2917739186233099e-01  6.2608917538812758e-01  0.0000000000000000e+00  8.8711407191564839e-01
1181   7.4554720556678322e-01  6.3259554505870819e-01  0.0000000000000000e+00  8.8711407191564828e-01
1182   7.6191701927123545e-01  6.3910191472928868e-01  0.0000000000000000e+00  8.8711407191564839e-01
1183   7.7828683297568746e-01  6.4560828439986917e-01  0.0000000000000000e+00  8.8711407191564839e-01
1184   7.9465664668013969e-01  6.5211465407044977e-01  0.0000000000000000e+00  8.8711407191564839e-01
1185   8.1102646038459181e-01  6.5862102374103026e-01  0.0000000000000000e+00  8.8711407191564839e-01
1186   8.2193966952089337e-01  6.6295860352141722e-01  0.0000000000000000e+00  8.8711407191564839e-01
1187   8.2739627408904404e-01  6.6512739341161087e-01  0.0000000000000000e+00  8.8711407191564839e-01
1188   6.7691988181789631e-01  6.5084889440478211e-01  0.0000000000000000e+00  8.5965533265188709e-01
1189   6.8183432297950475e-01  6.5406691924935934e-01  0.0000000000000000e+00  8.5965533265188709e-01
1190   6.9166320530272130e-01  6.6050296893851390e-01  0.0000000000000000e+00  8.5965533265188709e-01
1191   7.0640652878754595e-01  6.7015704347224603e-01  0.0000000000000000e+00  8.5965533265188709e-01
1192   7.2114985227237061e-01  6.7981111800597760e-01  0.0000000000000000e+00  8.5965533265188709e-01
1193   7.3589317575719526e-01  6.8946519253970939e-01  0.0000000000000000e+00  8.5965533265188721e-01
1194   7.5063649924202003e-01  6.9911926707344141e-01  0.0000000000000000e+00  8.5965533265188709e-01
1195   7.6537982272684468e-01  7.0877334160717331e-01  0.0000000000000000e+00  8.5965533265188709e-01
1196   7.8012314621166923e-01  7.1842741614090488e-01  0.0000000000000000e+00  8.5965533265188721e-01
1197   7.8995202853488566e-01  7.2486346583005967e-01  0.0000000000000000e+00  8.5965533265188709e-01
1198   7.9486646969649410e-01  7.2808149067463690e-01  0.0000000000000000e+00  8.5965533265188709e-01
1199   6.4955778511911244e-01  6.8455778511911236e-01  0.0000000000000000e+00  8.5050241956396677e-01
1200   6.5371216803908772e-01  6.8871216803908786e-01  0.0000000000000000e+00  8.5050241956396677e-01
1201   6.6202093387903849e-01  6.9702093387903852e-01  0.0000000000000000e+00  8.5050241956396677e-01
1202   6.7448408263896464e-01  7.0948408263896467e-01  0.0000000000000000e+00  8.5050241956396677e-01
1203   6.8694723139889069e-01  7.2194723139889072e-01  0.0000000000000000e+00  8.5050241956396666e-01
1204   6.9941038015881662e-01  7.3441038015881643e-01  0.0000000000000000e+00  8.5050241956396677e-01
1205   7.1187352891874267e-01  7.4687352891874259e-01  0.0000000000000000e+00  8.5050241956396677e-01
1206   7.2433667767866872e-01  7.5933667767866875e-01  0.0000000000000000e+00  8.5050241956396677e-01
1207   7.3679982643859465e-01  7.7179982643859479e-01  0.0000000000000000e+00  8.5050241956396677e-01
1208   7.4510859227854542e-01  7.8010859227854545e-01  0.0000000000000000e+00  8.5050241956396677e-01
1209   7.4926297519852081e-01  7.8426297519852095e-01  0.0000000000000000e+00  8.5050241956396677e-01
1210   6.1584889440478197e-01  7.1191988181789645e-01  0.0000000000000000e+00  8.5965533265188709e-01
1211   6.1906691924935930e-01  7.1683432297950467e-01  0.0000000000000000e+00  8.5965533265188709e-01
1212   6.2550296893851398e-01  7.2666320530272110e-01  0.0000000000000000e+00  8.5965533265188709e-01
1213   6.3515704347224589e-01  7.4140652878754587e-01  0.0000000000000000e+00  8.5965533265188709e-01
1214   6.4481111800597768e-01  7.5614985227237053e-01  0.0000000000000000e+00  8.5965533265188709e-01
1215   6.5446519253970947e-01  7.7089317575719507e-01  0.0000000000000000e+00  8.5965533265188721e-01
1216   6.6411926707344127e-01  7.8563649924201995e-01  0.0000000000000000e+00  8.5965533265188709e-01
1217   6.7377334160717317e-01  8.0037982272684460e-01  0.0000000000000000e+00  8.5965533265188709e-01
1218   6.8342741614090485e-01  8.1512314621166926e-01  0.0000000000000000e+00  8.5965533265188721e-01
1219   6.8986346583005953e-01  8.2495202853488581e-01  0.0000000000000000e+00  8.5965533265188709e-01
1220   6.9308149067463676e-01  8.2986646969649414e-01  0.0000000000000000e+00  8.5965533265188709e-01
1221   5.7807643604696646e-01  7.3143776445342634e-01  0.0000000000000000e+00  8.8711407191564828e-01
1222   5.8024522593715999e-01  7.3689436902157734e-01  0.0000000000000000e+00  8.8711407191564828e-01
1223   5.8458280571754695e-01  7.4780757815787868e-01  0.0000000000000000e+00  8.8711407191564828e-01
1224   5.9108917538812766e-01  7.6417739186233091e-01  0.0000000000000000e+00  8.8711407191564828e-01
1225   5.9759554505870816e-01  7.8054720556678314e-01  0.0000000000000000e+00  8.8711407191564828e-01
1226   6.0410191472928865e-01  7.9691701927123537e-01  0.0000000000000000e+00  8.8711407191564839e-01
1227   6.1060828439986925e-01  8.1328683297568749e-01  0.0000000000000000e+00  8.8711407191564828e-01
1228   6.1711465407044985e-01  8.2965664668013972e-01  0.0000000000000000e+00  8.8711407191564828e-01
1229   6.2362102374103023e-01  8.4602646038459173e-01  0.0000000000000000e+00  8.8711407191564839e-01
1230   6.2795860352141730e-01  8.5693966952089351e-01  0.0000000000000000e+00  8.8711407191564828e-01
1231   6.3012739341161084e-01  8.6239627408904418e-01  0.0000000000000000e+00  8.8711407191564828e-01
1232   5.3882285690160003e-01  7.4265510762878895e-01  0.0000000000000000e+00  9.3287863735525045e-01
1233   5.3990126959331119e-01  7.4842330506292198e-01  0.0000000000000000e+00  9.3287863735525045e-01
1234   5.4205809497673341e-01  7.5995969993118817e-01  0.0000000000000000e+00  9.3287863735525045e-01
1235   5.4529333305186667e-01  7.7726429223358706e-01  0.0000000000000000e+00  9.3287863735525045e-01
1236   5.4852857112700015e-01  7.9456888453598629e-01  0.0000000000000000e+00  9.3287863735525034e-01
1237   5.5176380920213342e-01  8.1187347683838540e-01  0.0000000000000000e+00  9.3287863735525045e-01
1238   5.5499904727726668e-01  8.2917806914078440e-01  0.0000000000000000e+00  9.3287863735525045e-01
1239   5.5823428535240005e-01  8.4648266144318340e-01  0.0000000000000000e+00  9.3287863735525045e-01
1240   5.6146952342753342e-01  8.6378725374558252e-01  0.0000000000000000e+00  9.3287863735525045e-01
1241   5.6362634881095564e-01  8.7532364861384848e-01  0.0000000000000000e+00  9.3287863735525045e-01
1242   5.6470476150266669e-01  8.8109184604798163e-01  0.0000000000000000e+00  9.3287863735525045e-01
1243   5.1268395572233127e-01  7.4500000000000000e-01  0.0000000000000000e+00  9.7559223176554555e-01
1244   5.1303628782572941e-01  7.5083333333333335e-01  0.0000000000000000e+00  9.7559223176554555e-01
1245   5.1374095203252557e-01  7.6250000000000007e-01  0.0000000000000000e+00  9.7559223176554555e-01
1246   5.1479794834271986e-01  7.8000000000000003e-01  0.0000000000000000e+00  9.7559223176554555e-01
1247   5.1585494465291415e-01  7.9749999999999999e-01  0.0000000000000000e+00  9.7559223176554555e-01
1248   5.1691194096310844e-01  8.1499999999999984e-01  0.0000000000000000e+00  9.7559223176554566e-01
1249   5.1796893727330273e-01  8.3249999999999991e-01  0.0000000000000000e+00  9.7559223176554555e-01
1250   5.1902593358349702e-01  8.4999999999999998e-01  0.0000000000000000e+00  9.7559223176554555e-01
1251   5.2008292989369120e-01  8.6749999999999994e-01  0.0000000000000000e+00  9.7559223176554566e-01
1252   5.2078759410048747e-01  8.7916666666666665e-01  0.0000000000000000e+00  9.7559223176554555e-01
1253   5.2113992620388550e-01  8.8500000000000012e-01  0.0000000000000000e+00  9.7559223176554555e-01
1254   5.0000000000000000e-01  7.4500000000000000e-01  0.0000000000000000e+00  1.0000000000000000e+00
1255   5.0000000000000000e-01  7.5083333333333335e-01  0.0000000000000000e+00  1.0000000000000000e+00
1256   5.0000000000000000e-01  7.6250000000000007e-01  0.0000000000000000e+00  1.0000000000000000e+00
1257   5.0000000000000000e-01  7.8000000000000003e-01  0.0000000000000000e+00  1.0000000000000000e+00
1258   5.0000000000000000e-01  7.9749999999999999e-01  0.0000000000000000e+00  1.0000000000000000e+00
1259   5.0000000000000000e-01  8.1500000000000006e-01  0.0000000000000000e+00  1.0000000000000000e+00
1260   5.0000000000000000e-01  8.3249999999999991e-01  0.0000000000000000e+00  1.0000000000000000e+00
1261   5.0000000000000000e-01  8.4999999999999987e-01  0.0000000000000000e+00  1.0000000000000000e+00
1262   5.0000000000000000e-01  8.6749999999999994e-01  0.0000000000000000e+00  1.0000000000000000e+00
1263   5.0000000000000000e-01  8.7916666666666665e-01  0.0000000000000000e+00  1.0000000000000000e+00
1264   5.0000000000000000e-01  8.8500000000000001e-01  0.0000000000000000e+00  1.0000000000000000e+00
1265   7.0999999999999985e-01  5.4768395572233142e-01  1.6666666666666666e-01  9.7559223176554566e-01
1266   7.1583333333333332e-01  5.4803628782572955e-01  1.6666666666666666e-01  9.7559223176554566e-01
1267   7.2749999999999992e-01  5.4874095203252560e-01  1.6666666666666669e-01  9.7559223176554566e-01
1268   7.4500000000000011e-01  5.4979794834271989e-01  1.6666666666666669e-01  9.7559223176554566e-01
1269   7.6249999999999996e-01  5.5085494465291418e-01  1.6666666666666666e-01  9.7559223176554566e-01
1270   7.7999999999999992e-01  5.5191194096310847e-01  1.6666666666666666e-01  9.7559223176554566e-01
1271   7.9749999999999999e-01  5.5296893727330276e-01  1.6666666666666666e-01  9.7559223176554566e-01
1272   8.1500000000000006e-01  5.5402593358349705e-01  1.6666666666666666e-01  9.7559223176554566e-01
1273   8.3250000000000002e-01  5.5508292989369123e-01  1.6666666666666666e-01  9.7559223176554566e-01
1274   8.4416666666666673e-01  5.5578759410048750e-01  1.6666666666666666e-01  9.7559223176554566e-01
1275   8.5000000000000009e-01  5.5613992620388564e-01  1.6666666666666666e-01  9.7559223176554566e-01
1276   7.0765510762878892e-01  5.7382285690160006e-01  1.6666666666666669e-01  9.3287863735525045e-01
1277   7.1342330506292195e-01  5.7490126959331123e-01  1.6666666666666669e-01  9.3287863735525045e-01
1278   7.2495969993118803e-01  5.7705809497673344e-01  1.6666666666666671e-01  9.3287863735525045e-01
1279   7.4226429223358736e-01  5.8029333305186670e-01  1.6666666666666671e-01  9.3287863735525045e-01
1280   7.5956888453598626e-01  5.8352857112700007e-01  1.6666666666666669e-01  9.3287863735525045e-01
1281   7.7687347683838526e-01  5.8676380920213356e-01  1.6666666666666669e-01  9.3287863735525045e-01
1282   7.9417806914078448e-01  5.8999904727726693e-01  1.6666666666666669e-01  9.3287863735525045e-01
1283   8.1148266144318348e-01  5.9323428535240019e-01  1.6666666666666669e-01  9.3287863735525045e-01
1284   8.2878725374558249e-01  5.9646952342753357e-01  1.6666666666666669e-01  9.3287863735525045e-01
1285   8.4032364861384867e-01  5.9862634881095567e-01  1.6666666666666669e-01  9.3287863735525045e-01
1286   8.4609184604798160e-01  5.9970476150266683e-01  1.6666666666666669e-01  9.3287863735525045e-01
1287   6.9643776445342642e-01  6.1307643604696649e-01  1.6666666666666671e-01  8.8711407191564839e-01
1288   7.0189436902157709e-01  6.1524522593715991e-01  1.6666666666666671e-01  8.8711407191564839e-01
1289   7.1280757815787865e-01  6.1958280571754698e-01  1.6666666666666671e-01  8.8711407191564839e-01
1290   7.2917739186233099e-01  6.2608917538812758e-01  1.6666666666666671e-01  8.8711407191564839e-01
1291   7.4554720556678322e-01  6.3259554505870819e-01  1.6666666666666674e-01  8.8711407191564828e-01
1292   7.6191701927123545e-01  6.3910191472928868e-01  1.6666666666666671e-01  8.8711407191564839e-01
1293   7.7828683297568746e-01  6.4560828439986917e-01  1.6666666666666671e-01  8.8711407191564839e-01
1294   7.9465664668013969e-01  6.5211465407044977e-01  1.6666666666666671e-01  8.8711407191564839e-01
1295   8.1102646038459181e-01  6.5862102374103026e-01  1.6666666666666671e-01  8.8711407191564839e-01
1296   8.2193966952089348e-01  6.6295860352141733e-01  1.6666666666666671e-01  8.8711407191564839e-01
1297   8.2739627408904404e-01  6.6512739341161087e-01  1.6666666666666671e-01  8.8711407191564839e-01
1298   6.7691988181789620e-01  6.5084889440478200e-01  1.6666666666666669e-01  8.5965533265188721e-01
1299   6.8183432297950464e-01  6.5406691924935922e-01  1.6666666666666669e-01  8.5965533265188721e-01
1300   6.9166320530272118e-01  6.6050296893851390e-01  1.6666666666666669e-01  8.5965533265188721e-01
1301   7.0640652878754584e-01  6.7015704347224592e-01  1.6666666666666669e-01  8.5965533265188721e-01
1302   7.2114985227237050e-01  6.7981111800597749e-01  1.6666666666666669e-01  8.5965533265188721e-01
1303   7.3589317575719526e-01  6.8946519253970939e-01  1.6666666666666669e-01  8.5965533265188721e-01
1304   7.5063649924201992e-01  6.9911926707344141e-01  1.6666666666666669e-01  8.5965533265188721e-01
1305   7.6537982272684468e-01  7.0877334160717320e-01  1.6666666666666669e-01  8.5965533265188721e-01
1306   7.8012314621166923e-01  7.1842741614090488e-01  1.6666666666666669e-01  8.5965533265188721e-01
1307   7.8995202853488566e-01  7.2486346583005967e-01  1.6666666666666669e-01  8.5965533265188721e-01
1308   7.9486646969649399e-01  7.2808149067463679e-01  1.6666666666666669e-01  8.5965533265188721e-01
1309   6.4955778511911244e-01  6.8455778511911236e-01  1.6666666666666671e-01  8.5050241956396677e-01
1310   6.5371216803908772e-01  6.8871216803908786e-01  1.6666666666666671e-01  8.5050241956396677e-01
1311   6.6202093387903849e-01  6.9702093387903852e-01  1.6666666666666671e-01  8.5050241956396677e-01
1312   6.7448408263896464e-01  7.0948408263896467e-01  1.6666666666666671e-01  8.5050241956396677e-01
1313   6.8694723139889058e-01  7.2194723139889061e-01  1.6666666666666671e-01  8.5050241956396677e-01
1314   6.9941038015881662e-01  7.3441038015881643e-01  1.6666666666666671e-01  8.5050241956396677e-01
1315   7.1187352891874267e-01  7.4687352891874259e-01  1.6666666666666671e-01  8.5050241956396677e-01
1316   7.2433667767866872e-01  7.5933667767866875e-01  1.6666666666666671e-01  8.5050241956396677e-01
1317   7.3679982643859465e-01  7.7179982643859479e-01  1.6666666666666671e-01  8.5050241956396677e-01
1318   7.4510859227854542e-01  7.8010859227854545e-01  1.6666666666666671e-01  8.5050241956396677e-01
1319   7.4926297519852081e-01  7.8426297519852095e-01  1.6666666666666671e-01  8.5050241956396677e-01
1320   6.1584889440478185e-01  7.1191988181789634e-01  1.6666666666666669e-01  8.5965533265188721e-01
1321   6.1906691924935919e-01  7.1683432297950467e-01  1.6666666666666669e-01  8.5965533265188721e-01
1322   6.2550296893851387e-01  7.2666320530272099e-01  1.6666666666666669e-01  8.5965533265188721e-01
1323   6.3515704347224577e-01  7.4140652878754576e-01  1.6666666666666669e-01  8.5965533265188721e-01
1324   6.4481111800597757e-01  7.5614985227237042e-01  1.6666666666666669e-01  8.5965533265188721e-01
1325   6.5446519253970947e-01  7.7089317575719507e-01  1.6666666666666669e-01  8.5965533265188721e-01
1326   6.6411926707344127e-01  7.8563649924201984e-01  1.6666666666666669e-01  8.5965533265188721e-01
1327   6.7377334160717306e-01  8.0037982272684449e-01  1.6666666666666669e-01  8.5965533265188721e-01
1328   6.8342741614090485e-01  8.1512314621166926e-01  1.6666666666666669e-01  8.5965533265188721e-01
1329   6.8986346583005953e-01  8.2495202853488581e-01  1.6666666666666669e-01  8.5965533265188721e-01
1330   6.9308149067463665e-01  8.2986646969649402e-01  1.6666666666666669e-01  8.5965533265188721e-01
1331   5.7807643604696646e-01  7.3143776445342634e-01  1.6666666666666674e-01  8.8711407191564828e-01
1332   5.8024522593715999e-01  7.3689436902157734e-01  1.6666666666666674e-01  8.8711407191564828e-01
1333   5.8458280571754695e-01  7.4780757815787868e-01  1.6666666666666674e-01  8.8711407191564828e-01
1334   5.9108917538812766e-01  7.6417739186233091e-01  1.6666666666666674e-01  8.8711407191564828e-01
1335   5.9759554505870816e-01  7.8054720556678314e-01  1.6666666666666674e-01  8.8711407191564828e-01
1336   6.0410191472928865e-01  7.9691701927123537e-01  1.6666666666666671e-01  8.8711407191564839e-01
1337   6.1060828439986925e-01  8.1328683297568749e-01  1.6666666666666674e-01  8.8711407191564828e-01
1338   6.1711465407044985e-01  8.2965664668013972e-01  1.6666666666666674e-01  8.8711407191564828e-01
1339   6.2362102374103023e-01  8.4602646038459173e-01  1.6666666666666671e-01  8.8711407191564839e-01
1340   6.2795860352141730e-01  8.5693966952089351e-01  1.6666666666666674e-01  8.8711407191564828e-01
1341   6.3012739341161084e-01  8.6239627408904418e-01  1.6666666666666674e-01  8.8711407191564828e-01
1342   5.3882285690160003e-01  7.4265510762878895e-01  1.6666666666666669e-01  9.3287863735525045e-01
1343   5.3990126959331119e-01  7.4842330506292198e-01  1.6666666666666669e-01  9.3287863735525045e-01
1344   5.4205809497673341e-01  7.5995969993118817e-01  1.6666666666666671e-01  9.3287863735525045e-01
1345   5.4529333305186667e-01  7.7726429223358706e-01  1.6666666666666671e-01  9.3287863735525045e-01
1346   5.4852857112700004e-01  7.9456888453598618e-01  1.6666666666666669e-01  9.3287863735525045e-01
1347   5.5176380920213342e-01  8.1187347683838540e-01  1.6666666666666669e-01  9.3287863735525045e-01
1348   5.5499904727726668e-01  8.2917806914078440e-01  1.6666666666666669e-01  9.3287863735525045e-01
1349   5.5823428535240005e-01  8.4648266144318340e-01  1.6666666666666669e-01  9.3287863735525045e-01
1350   5.6146952342753342e-01  8.6378725374558252e-01  1.6666666666666669e-01  9.3287863735525045e-01
1351   5.6362634881095564e-01  8.7532364861384848e-01  1.6666666666666669e-01  9.3287863735525045e-01
1352   5.6470476150266669e-01  8.8109184604798163e-01  1.6666666666666669e-01  9.3287863735525045e-01
1353   5.1268395572233116e-01  7.4500000000000000e-01  1.6666666666666666e-01  9.7559223176554566e-01
1354   5.1303628782572930e-01  7.5083333333333324e-01  1.6666666666666666e-01  9.7559223176554566e-01
1355   5.1374095203252557e-01  7.6249999999999996e-01  1.6666666666666669e-01  9.7559223176554566e-01
1356   5.1479794834271986e-01  7.7999999999999992e-01  1.6666666666666669e-01  9.7559223176554566e-01
1357   5.1585494465291415e-01  7.9749999999999988e-01  1.6666666666666666e-01  9.7559223176554566e-01
1358   5.1691194096310844e-01  8.1499999999999984e-01  1.6666666666666666e-01  9.7559223176554566e-01
1359   5.1796893727330262e-01  8.3249999999999991e-01  1.6666666666666666e-01  9.7559223176554566e-01
1360   5.1902593358349691e-01  8.4999999999999987e-01  1.6666666666666666e-01  9.7559223176554566e-01
1361   5.2008292989369120e-01  8.6749999999999994e-01  1.6666666666666666e-01  9.7559223176554566e-01
1362   5.2078759410048736e-01  8.7916666666666654e-01  1.6666666666666666e-01  9.7559223176554566e-01
1363   5.2113992620388538e-01  8.8500000000000001e-01  1.6666666666666666e-01  9.7559223176554566e-01
1364   5.0000000000000000e-01  7.4500000000000000e-01  1.6666666666666669e-01  1.0000000000000000e+00
1365   5.0000000000000000e-01  7.5083333333333335e-01  1.6666666666666669e-01  1.0000000000000000e+00
1366   5.0000000000000000e-01  7.6250000000000007e-01  1.6666666666666671e-01  1.0000000000000000e+00
1367   5.0000000000000000e-01  7.8000000000000003e-01  1.6666666666666671e-01  1.0000000000000000e+00
1368   5.0000000000000000e-01  7.9749999999999999e-01  1.6666666666666669e-01  1.0000000000000000e+00
1369   5.0000000000000000e-01  8.1500000000000006e-01  1.6666666666666669e-01  1.0000000000000000e+00
1370   5.0000000000000000e-01  8.3249999999999991e-01  1.6666666666666669e-01  1.0000000000000000e+00
1371   5.0000000000000000e-01  8.4999999999999987e-01  1.6666666666666669e-01  1.0000000000000000e+00
1372   5.0000000000000000e-01  8.6749999999999994e-01  1.6666666666666669e-01  1.0000000000000000e+00
1373   5.0000000000000000e-01  8.7916666666666665e-01  1.6666666666666669e-01  1.0000000000000000e+00
1374   5.0000000000000000e-01  8.8500000000000001e-01  1.6666666666666669e-01  1.0000000000000000e+00
1375   7.0999999999999985e-01  5.4768395572233142e-01  5.0000000000000000e-01  9.7559223176554566e-01
1376   7.1583333333333332e-01  5.4803628782572955e-01  5.0000000000000000e-01  9.7559223176554566e-01
1377   7.2749999999999992e-01  5.4874095203252560e-01  5.0000000000000011e-01  9.7559223176554566e-01
1378   7.4500000000000011e-01  5.4979794834271989e-01  5.0000000000000011e-01  9.7559223176554566e-01
1379   7.6249999999999996e-01  5.5085494465291418e-01  5.0000000000000000e-01  9.7559223176554566e-01
1380   7.7999999999999992e-01  5.5191194096310847e-01  5.0000000000000000e-01  9.7559223176554566e-01
1381   7.9749999999999999e-01  5.5296893727330276e-01  5.0000000000000000e-01  9.7559223176554566e-01
1382   8.1500000000000006e-01  5.5402593358349705e-01  5.0000000000000000e-01  9.7559223176554566e-01
1383   8.3250000000000002e-01  5.5508292989369123e-01  5.0000000000000000e-01  9.7559223176554566e-01
1384   8.4416666666666673e-01  5.5578759410048750e-01  5.0000000000000000e-01  9.7559223176554566e-01
1385   8.5000000000000009e-01  5.5613992620388564e-01  5.0000000000000000e-01  9.7559223176554566e-01
1386   7.0765510762878892e-01  5.7382285690160006e-01  5.0000000000000000e-01  9.3287863735525045e-01
1387   7.1342330506292195e-01  5.7490126959331123e-01  5.0000000000000000e-01  9.3287863735525045e-01
1388   7.2495969993118803e-01  5.7705809497673344e-01  5.0000000000000011e-01  9.3287863735525045e-01
1389   7.4226429223358736e-01  5.8029333305186670e-01  5.0000000000000011e-01  9.3287863735525045e-01
1390   7.5956888453598626e-01  5.8352857112700007e-01  5.0000000000000000e-01  9.3287863735525045e-01
1391   7.7687347683838526e-01  5.8676380920213356e-01  5.0000000000000000e-01  9.3287863735525045e-01
1392   7.9417806914078448e-01  5.8999904727726693e-01  5.0000000000000000e-01  9.3287863735525045e-01
1393   8.1148266144318348e-01  5.9323428535240019e-01  5.0000000000000000e-01  9.3287863735525045e-01
1394   8.2878725374558249e-01  5.9646952342753357e-01  5.0000000000000000e-01  9.3287863735525045e-01
1395   8.4032364861384867e-01  5.9862634881095567e-01  5.0000000000000000e-01  9.3287863735525045e-01
1396   8.4609184604798171e-01  5.9970476150266683e-01  5.0000000000000000e-01  9.3287863735525045e-01
1397   6.9643776445342642e-01  6.1307643604696649e-01  5.0000000000000011e-01  8.8711407191564839e-01
1398   7.0189436902157709e-01  6.1524522593715991e-01  5.0000000000000011e-01  8.8711407191564839e-01
1399   7.1280757815787865e-01  6.1958280571754698e-01  5.0000000000000011e-01  8.8711407191564839e-01
1400   7.2917739186233099e-01  6.2608917538812758e-01  5.0000000000000011e-01  8.8711407191564839e-01
1401   7.4554720556678311e-01  6.3259554505870808e-01  5.0000000000000011e-01  8.8711407191564839e-01
1402   7.6191701927123545e-01  6.3910191472928868e-01  5.0000000000000011e-01  8.8711407191564839e-01
1403   7.7828683297568746e-01  6.4560828439986917e-01  5.0000000000000011e-01  8.8711407191564839e-01
1404   7.9465664668013969e-01  6.5211465407044977e-01  5.0000000000000011e-01  8.8711407191564839e-01
1405   8.1102646038459181e-01  6.5862102374103026e-01  5.0000000000000011e-01  8.8711407191564839e-01
1406   8.2193966952089348e-01  6.6295860352141733e-01  5.0000000000000011e-01  8.8711407191564839e-01
1407   8.2739627408904404e-01  6.6512739341161087e-01  5.0000000000000011e-01  8.8711407191564839e-01
1408   6.7691988181789620e-01  6.5084889440478200e-01  5.0000000000000000e-01  8.5965533265188721e-01
1409   6.8183432297950464e-01  6.5406691924935922e-01  5.0000000000000000e-01  8.5965533265188721e-01
1410   6.9166320530272118e-01  6.6050296893851390e-01  5.0000000000000011e-01  8.5965533265188721e-01
1411   7.0640652878754584e-01  6.7015704347224592e-01  5.0000000000000011e-01  8.5965533265188721e-01
1412   7.2114985227237050e-01  6.7981111800597749e-01  5.0000000000000000e-01  8.5965533265188721e-01
1413   7.3589317575719526e-01  6.8946519253970939e-01  5.0000000000000000e-01  8.5965533265188721e-01
1414   7.5063649924201992e-01  6.9911926707344141e-01  5.0000000000000000e-01  8.5965533265188721e-01
1415   7.6537982272684468e-01  7.0877334160717320e-01  5.0000000000000000e-01  8.5965533265188721e-01
1416   7.8012314621166923e-01  7.1842741614090488e-01  5.0000000000000000e-01  8.5965533265188721e-01
1417   7.8995202853488566e-01  7.2486346583005967e-01  5.0000000000000000e-01  8.5965533265188721e-01
1418   7.9486646969649399e-01  7.2808149067463679e-01  5.0000000000000000e-01  8.5965533265188721e-01
1419   6.4955778511911244e-01  6.8455778511911236e-01  5.0000000000000000e-01  8.5050241956396677e-01
1420   6.5371216803908772e-01  6.8871216803908786e-01  5.0000000000000000e-01  8.5050241956396677e-01
1421   6.6202093387903849e-01  6.9702093387903852e-01  5.0000000000000011e-01  8.5050241956396677e-01
1422   6.7448408263896464e-01  7.0948408263896467e-01  5.0000000000000000e-01  8.5050241956396677e-01
1423   6.8694723139889058e-01  7.2194723139889050e-01  5.0000000000000000e-01  8.5050241956396677e-01
1424   6.9941038015881662e-01  7.3441038015881643e-01  5.0000000000000000e-01  8.5050241956396677e-01
1425   7.1187352891874267e-01  7.4687352891874259e-01  5.0000000000000000e-01  8.5050241956396677e-01
1426   7.2433667767866872e-01  7.5933667767866875e-01  5.0000000000000000e-01  8.5050241956396677e-01
1427   7.3679982643859465e-01  7.7179982643859479e-01  5.0000000000000000e-01  8.5050241956396677e-01
1428   7.4510859227854542e-01  7.8010859227854545e-01  5.0000000000000000e-01  8.5050241956396677e-01
1429   7.4926297519852081e-01  7.8426297519852095e-01  5.0000000000000000e-01  8.5050241956396677e-01
1430   6.1584889440478185e-01  7.1191988181789634e-01  5.0000000000000000e-01  8.5965533265188721e-01
1431   6.1906691924935919e-01  7.1683432297950445e-01  5.0000000000000000e-01  8.5965533265188721e-01
1432   6.2550296893851387e-01  7.2666320530272099e-01  5.0000000000000011e-01  8.5965533265188721e-01
1433   6.3515704347224577e-01  7.4140652878754576e-01  5.0000000000000011e-01  8.5965533265188721e-01
1434   6.4481111800597757e-01  7.5614985227237042e-01  5.0000000000000000e-01  8.5965533265188721e-01
1435   6.5446519253970947e-01  7.7089317575719507e-01  5.0000000000000000e-01  8.5965533265188721e-01
1436   6.6411926707344127e-01  7.8563649924201984e-01  5.0000000000000000e-01  8.5965533265188721e-01
1437   6.7377334160717306e-01  8.0037982272684449e-01  5.0000000000000000e-01  8.5965533265188721e-01
1438   6.8342741614090485e-01  8.1512314621166926e-01  5.0000000000000000e-01  8.5965533265188721e-01
1439   6.8986346583005953e-01  8.2495202853488581e-01  5.0000000000000000e-01  8.5965533265188721e-01
1440   6.9308149067463665e-01  8.2986646969649402e-01  5.0000000000000000e-01  8.5965533265188721e-01
1441   5.7807643604696646e-01  7.3143776445342634e-01  5.0000000000000011e-01  8.8711407191564839e-01
1442   5.8024522593715988e-01  7.3689436902157723e-01  5.0000000000000011e-01  8.8711407191564839e-01
1443   5.8458280571754695e-01  7.4780757815787857e-01  5.0000000000000011e-01  8.8711407191564839e-01
1444   5.9108917538812755e-01  7.6417739186233069e-01  5.0000000000000011e-01  8.8711407191564839e-01
1445   5.9759554505870804e-01  7.8054720556678303e-01  5.0000000000000011e-01  8.8711407191564839e-01
1446   6.0410191472928865e-01  7.9691701927123537e-01  5.0000000000000011e-01  8.8711407191564839e-01
1447   6.1060828439986914e-01  8.1328683297568738e-01  5.0000000000000011e-01  8.8711407191564839e-01
1448   6.1711465407044974e-01  8.2965664668013961e-01  5.0000000000000011e-01  8.8711407191564839e-01
1449   6.2362102374103023e-01  8.4602646038459173e-01  5.0000000000000011e-01  8.8711407191564839e-01
1450   6.2795860352141730e-01  8.5693966952089340e-01  5.0000000000000011e-01  8.8711407191564839e-01
1451   6.3012739341161073e-01  8.6239627408904407e-01  5.0000000000000011e-01  8.8711407191564839e-01
1452   5.3882285690160003e-01  7.4265510762878895e-01  5.0000000000000000e-01  9.3287863735525045e-01
1453   5.3990126959331119e-01  7.4842330506292198e-01  5.0000000000000000e-01  9.3287863735525045e-01
1454   5.4205809497673341e-01  7.5995969993118806e-01  5.0000000000000011e-01  9.3287863735525045e-01
1455   5.4529333305186667e-01  7.7726429223358706e-01  5.0000000000000011e-01  9.3287863735525045e-01
1456   5.4852857112700004e-01  7.9456888453598618e-01  5.0000000000000000e-01  9.3287863735525045e-01
1457   5.5176380920213342e-01  8.1187347683838518e-01  5.0000000000000000e-01  9.3287863735525045e-01
1458   5.5499904727726668e-01  8.2917806914078429e-01  5.0000000000000000e-01  9.3287863735525045e-01
1459   5.5823428535240005e-01  8.4648266144318340e-01  5.0000000000000000e-01  9.3287863735525045e-01
1460   5.6146952342753342e-01  8.6378725374558252e-01  5.0000000000000000e-01  9.3287863735525045e-01
1461   5.6362634881095564e-01  8.7532364861384848e-01  5.0000000000000000e-01  9.3287863735525045e-01
1462   5.6470476150266669e-01  8.8109184604798163e-01  5.0000000000000000e-01  9.3287863735525045e-01
1463   5.1268395572233116e-01  7.4500000000000000e-01  5.0000000000000000e-01  9.7559223176554566e-01
1464   5.1303628782572930e-01  7.5083333333333324e-01  5.0000000000000000e-01  9.7559223176554566e-01
1465   5.1374095203252557e-01  7.6249999999999996e-01  5.0000000000000011e-01  9.7559223176554566e-01
1466   5.1479794834271986e-01  7.7999999999999992e-01  5.0000000000000011e-01  9.7559223176554566e-01
1467   5.1585494465291415e-01  7.9749999999999988e-01  5.0000000000000000e-01  9.7559223176554566e-01
1468   5.1691194096310844e-01  8.1499999999999984e-01  5.0000000000000000e-01  9.7559223176554566e-01
1469   5.1796893727330262e-01  8.3249999999999991e-01  5.0000000000000000e-01  9.7559223176554566e-01
1470   5.1902593358349691e-01  8.4999999999999987e-01  5.0000000000000000e-01  9.7559223176554566e-01
1471   5.2008292989369120e-01  8.6749999999999994e-01  5.0000000000000000e-01  9.7559223176554566e-01
1472   5.2078759410048736e-01  8.7916666666666654e-01  5.0000000000000000e-01  9.7559223176554566e-01
1473   5.2113992620388538e-01  8.8500000000000001e-01  5.0000000000000000e-01  9.7559223176554566e-01
1474   5.0000000000000000e-01  7.4500000000000000e-01  5.0000000000000000e-01  1.0000000000000000e+00
1475   5.0000000000000000e-01  7.5083333333333324e-01  5.0000000000000000e-01  1.0000000000000000e+00
1476   5.0000000000000000e-01  7.6249999999999996e-01  5.0000000000000011e-01  1.0000000000000000e+00
1477   5.0000000000000000e-01  7.8000000000000003e-01  5.0000000000000011e-01  1.0000000000000000e+00
1478   5.0000000000000000e-01  7.9749999999999988e-01  5.0000000000000000e-01  1.0000000000000000e+00
1479   5.0000000000000000e-01  8.1499999999999995e-01  5.0000000000000000e-01  1.0000000000000000e+00
1480   5.0000000000000000e-01  8.3249999999999980e-01  5.0000000000000000e-01  1.0000000000000000e+00
1481   5.0000000000000000e-01  8.4999999999999987e-01  5.0000000000000000e-01  1.0000000000000000e+00
1482   5.0000000000000000e-01  8.6749999999999994e-01  5.0000000000000000e-01  1.0000000000000000e+00
1483   5.0000000000000000e-01  8.7916666666666665e-01  5.0000000000000000e-01  1.0000000000000000e+00
1484   5.0000000000000000e-01  8.8500000000000001e-01  5.0000000000000000e-01  1.0000000000000000e+00
1485   7.0999999999999985e-01  5.4768395572233131e-01  8.3333333333333326e-01  9.7559223176554566e-01
1486   7.1583333333333332e-01  5.4803628782572944e-01  8.3333333333333326e-01  9.7559223176554566e-01
1487   7.2749999999999992e-01  5.4874095203252560e-01  8.3333333333333326e-01  9.7559223176554566e-01
1488   7.4500000000000011e-01  5.4979794834271989e-01  8.3333333333333326e-01  9.7559223176554566e-01
1489   7.6249999999999996e-01  5.5085494465291407e-01  8.3333333333333326e-01  9.7559223176554566e-01
1490   7.7999999999999992e-01  5.5191194096310847e-01  8.3333333333333326e-01  9.7559223176554566e-01
1491   7.9749999999999999e-01  5.5296893727330265e-01  8.3333333333333326e-01  9.7559223176554566e-01
1492   8.1500000000000006e-01  5.5402593358349705e-01  8.3333333333333326e-01  9.7559223176554566e-01
1493   8.3250000000000002e-01  5.5508292989369123e-01  8.3333333333333326e-01  9.7559223176554566e-01
1494   8.4416666666666673e-01  5.5578759410048750e-01  8.3333333333333326e-01  9.7559223176554566e-01
1495   8.5000000000000009e-01  5.5613992620388553e-01  8.3333333333333326e-01  9.7559223176554566e-01
1496   7.0765510762878892e-01  5.7382285690160006e-01  8.3333333333333326e-01  9.3287863735525045e-01
1497   7.1342330506292195e-01  5.7490126959331123e-01  8.3333333333333326e-01  9.3287863735525045e-01
1498   7.2495969993118803e-01  5.7705809497673344e-01  8.3333333333333337e-01  9.3287863735525045e-01
1499   7.4226429223358736e-01  5.8029333305186670e-01  8.3333333333333326e-01  9.3287863735525045e-01
1500   7.5956888453598626e-01  5.8352857112700007e-01  8.3333333333333326e-01  9.3287863735525045e-01
1501   7.7687347683838526e-01  5.8676380920213356e-01  8.3333333333333337e-01  9.3287863735525045e-01
1502   7.9417806914078448e-01  5.8999904727726682e-01  8.3333333333333326e-01  9.3287863735525045e-01
1503   8.1148266144318348e-01  5.9323428535240019e-01  8.3333333333333326e-01  9.3287863735525045e-01
1504   8.2878725374558249e-01  5.9646952342753345e-01  8.3333333333333337e-01  9.3287863735525045e-01
1505   8.4032364861384867e-01  5.9862634881095567e-01  8.3333333333333326e-01  9.3287863735525045e-01
1506   8.4609184604798160e-01  5.9970476150266683e-01  8.3333333333333326e-01  9.3287863735525045e-01
1507   6.9643776445342642e-01  6.1307643604696649e-01  8.3333333333333337e-01  8.8711407191564839e-01
1508   7.0189436902157709e-01  6.1524522593715991e-01  8.3333333333333337e-01  8.8711407191564839e-01
1509   7.1280757815787865e-01  6.1958280571754687e-01  8.3333333333333337e-01  8.8711407191564839e-01
1510   7.2917739186233099e-01  6.2608917538812758e-01  8.3333333333333337e-01  8.8711407191564839e-01
1511   7.4554720556678322e-01  6.3259554505870819e-01  8.3333333333333348e-01  8.8711407191564828e-01
1512   7.6191701927123545e-01  6.3910191472928868e-01  8.3333333333333337e-01  8.8711407191564839e-01
1513   7.7828683297568746e-01  6.4560828439986917e-01  8.3333333333333337e-01  8.8711407191564839e-01
1514   7.9465664668013969e-01  6.5211465407044977e-01  8.3333333333333337e-01  8.8711407191564839e-01
1515   8.1102646038459181e-01  6.5862102374103026e-01  8.3333333333333337e-01  8.8711407191564839e-01
1516   8.2193966952089348e-01  6.6295860352141722e-01  8.3333333333333337e-01  8.8711407191564839e-01
1517   8.2739627408904404e-01  6.6512739341161087e-01  8.3333333333333337e-01  8.8711407191564839e-01
1518   6.7691988181789620e-01  6.5084889440478200e-01  8.3333333333333326e-01  8.5965533265188721e-01
1519   6.8183432297950464e-01  6.5406691924935922e-01  8.3333333333333326e-01  8.5965533265188721e-01
1520   6.9166320530272118e-01  6.6050296893851390e-01  8.3333333333333337e-01  8.5965533265188721e-01
1521   7.0640652878754584e-01  6.7015704347224592e-01  8.3333333333333337e-01  8.5965533265188721e-01
1522   7.2114985227237050e-01  6.7981111800597749e-01  8.3333333333333326e-01  8.5965533265188721e-01
1523   7.3589317575719526e-01  6.8946519253970939e-01  8.3333333333333337e-01  8.5965533265188721e-01
1524   7.5063649924201992e-01  6.9911926707344141e-01  8.3333333333333326e-01  8.5965533265188721e-01
1525   7.6537982272684468e-01  7.0877334160717320e-01  8.3333333333333326e-01  8.5965533265188721e-01
1526   7.8012314621166923e-01  7.1842741614090488e-01  8.3333333333333337e-01  8.5965533265188721e-01
1527   7.8995202853488566e-01  7.2486346583005967e-01  8.3333333333333326e-01  8.5965533265188721e-01
1528   7.9486646969649399e-01  7.2808149067463679e-01  8.3333333333333326e-01  8.5965533265188721e-01
1529   6.4955778511911244e-01  6.8455778511911236e-01  8.3333333333333337e-01  8.5050241956396677e-01
1530   6.5371216803908772e-01  6.8871216803908786e-01  8.3333333333333337e-01  8.5050241956396677e-01
1531   6.6202093387903849e-01  6.9702093387903852e-01  8.3333333333333337e-01  8.5050241956396677e-01
1532   6.7448408263896464e-01  7.0948408263896467e-01  8.3333333333333337e-01  8.5050241956396677e-01
1533   6.8694723139889058e-01  7.2194723139889050e-01  8.3333333333333337e-01  8.5050241956396677e-01
1534   6.9941038015881662e-01  7.3441038015881643e-01  8.3333333333333337e-01  8.5050241956396677e-01
1535   7.1187352891874267e-01  7.4687352891874259e-01  8.3333333333333337e-01  8.5050241956396677e-01
1536   7.2433667767866872e-01  7.5933667767866875e-01  8.3333333333333337e-01  8.5050241956396677e-01
1537   7.3679982643859465e-01  7.7179982643859479e-01  8.3333333333333337e-01  8.5050241956396677e-01
1538   7.4510859227854542e-01  7.8010859227854545e-01  8.3333333333333337e-01  8.5050241956396677e-01
1539   7.4926297519852081e-01  7.8426297519852095e-01  8.3333333333333337e-01  8.5050241956396677e-01
1540   6.1584889440478185e-01  7.1191988181789634e-01  8.3333333333333326e-01  8.5965533265188721e-01
1541   6.1906691924935919e-01  7.1683432297950445e-01  8.3333333333333326e-01  8.5965533265188721e-01
1542   6.2550296893851387e-01  7.2666320530272099e-01  8.3333333333333337e-01  8.5965533265188721e-01
1543   6.3515704347224577e-01  7.4140652878754576e-01  8.3333333333333337e-01  8.5965533265188721e-01
1544   6.4481111800597757e-01  7.5614985227237042e-01  8.3333333333333326e-01  8.5965533265188721e-01
1545   6.5446519253970947e-01  7.7089317575719507e-01  8.3333333333333337e-01  8.5965533265188721e-01
1546   6.6411926707344127e-01  7.8563649924201984e-01  8.3333333333333326e-01  8.5965533265188721e-01
1547   6.7377334160717306e-01  8.0037982272684449e-01  8.3333333333333326e-01  8.5965533265188721e-01
1548   6.8342741614090485e-01  8.1512314621166926e-01  8.3333333333333337e-01  8.5965533265188721e-01
1549   6.8986346583005953e-01  8.2495202853488581e-01  8.3333333333333326e-01  8.5965533265188721e-01
1550   6.9308149067463665e-01  8.2986646969649402e-01  8.3333333333333326e-01  8.5965533265188721e-01
1551   5.7807643604696646e-01  7.3143776445342634e-01  8.3333333333333348e-01  8.8711407191564828e-01
1552   5.8024522593715999e-01  7.3689436902157734e-01  8.3333333333333348e-01  8.8711407191564828e-01
1553   5.8458280571754695e-01  7.4780757815787868e-01  8.3333333333333348e-01  8.8711407191564828e-01
1554   5.9108917538812766e-01  7.6417739186233080e-01  8.3333333333333348e-01  8.8711407191564828e-01
1555   5.9759554505870816e-01  7.8054720556678314e-01  8.3333333333333348e-01  8.8711407191564828e-01
1556   6.0410191472928865e-01  7.9691701927123537e-01  8.3333333333333337e-01  8.8711407191564839e-01
1557   6.1060828439986925e-01  8.1328683297568749e-01  8.3333333333333348e-01  8.8711407191564828e-01
1558   6.1711465407044985e-01  8.2965664668013972e-01  8.3333333333333348e-01  8.8711407191564828e-01
1559   6.2362102374103023e-01  8.4602646038459173e-01  8.3333333333333337e-01  8.8711407191564839e-01
1560   6.2795860352141730e-01  8.5693966952089351e-01  8.3333333333333348e-01  8.8711407191564828e-01
1561   6.3012739341161084e-01  8.6239627408904418e-01  8.3333333333333348e-01  8.8711407191564828e-01
1562   5.3882285690160003e-01  7.4265510762878895e-01  8.3333333333333326e-01  9.3287863735525045e-01
1563   5.3990126959331119e-01  7.4842330506292198e-01  8.3333333333333326e-01  9.3287863735525045e-01
1564   5.4205809497673341e-01  7.5995969993118806e-01  8.3333333333333337e-01  9.3287863735525045e-01
1565   5.4529333305186667e-01  7.7726429223358706e-01  8.3333333333333337e-01  9.3287863735525045e-01
1566   5.4852857112700004e-01  7.9456888453598618e-01  8.3333333333333315e-01  9.3287863735525045e-01
1567   5.5176380920213342e-01  8.1187347683838518e-01  8.3333333333333326e-01  9.3287863735525045e-01
1568   5.5499904727726668e-01  8.2917806914078429e-01  8.3333333333333326e-01  9.3287863735525045e-01
1569   5.5823428535240005e-01  8.4648266144318340e-01  8.3333333333333326e-01  9.3287863735525045e-01
1570   5.6146952342753342e-01  8.6378725374558252e-01  8.3333333333333326e-01  9.3287863735525045e-01
1571   5.6362634881095564e-01  8.7532364861384848e-01  8.3333333333333326e-01  9.3287863735525045e-01
1572   5.6470476150266669e-01  8.8109184604798163e-01  8.3333333333333326e-01  9.3287863735525045e-01
1573   5.1268395572233116e-01  7.4500000000000000e-01  8.3333333333333326e-01  9.7559223176554566e-01
1574   5.1303628782572930e-01  7.5083333333333324e-01  8.3333333333333326e-01  9.7559223176554566e-01
1575   5.1374095203252557e-01  7.6249999999999996e-01  8.3333333333333326e-01  9.7559223176554566e-01
1576   5.1479794834271986e-01  7.7999999999999992e-01  8.3333333333333326e-01  9.7559223176554566e-01
1577   5.1585494465291415e-01  7.9749999999999988e-01  8.3333333333333326e-01  9.7559223176554566e-01
1578   5.1691194096310844e-01  8.1499999999999984e-01  8.3333333333333326e-01  9.7559223176554566e-01
1579   5.1796893727330262e-01  8.3249999999999991e-01  8.3333333333333326e-01  9.7559223176554566e-01
1580   5.1902593358349691e-01  8.4999999999999987e-01  8.3333333333333326e-01  9.7559223176554566e-01
1581   5.2008292989369120e-01  8.6749999999999994e-01  8.3333333333333326e-01  9.7559223176554566e-01
1582   5.2078759410048736e-01  8.7916666666666654e-01  8.3333333333333326e-01  9.7559223176554566e-01
1583   5.2113992620388538e-01  8.8500000000000001e-01  8.3333333333333326e-01  9.7559223176554566e-01
1584   5.0000000000000000e-01  7.4500000000000000e-01  8.3333333333333337e-01  1.0000000000000000e+00
1585   5.0000000000000000e-01  7.5083333333333324e-01  8.3333333333333337e-01  1.0000000000000000e+00
1586   5.0000000000000000e-01  7.6249999999999996e-01  8.3333333333333348e-01  1.0000000000000000e+00
1587   5.0000000000000000e-01  7.8000000000000003e-01  8.3333333333333348e-01  1.0000000000000000e+00
1588   5.0000000000000000e-01  7.9749999999999988e-01  8.3333333333333337e-01  1.0000000000000000e+00
1589   5.0000000000000000e-01  8.1499999999999995e-01  8.3333333333333337e-01  1.0000000000000000e+00
1590   5.0000000000000000e-01  8.3249999999999980e-01  8.3333333333333337e-01  1.0000000000000000e+00
1591   5.0000000000000000e-01  8.4999999999999987e-01  8.3333333333333337e-01  1.0000000000000000e+00
1592   5.0000000000000000e-01  8.6749999999999994e-01  8.3333333333333337e-01  1.0000000000000000e+00
1593   5.0000000000000000e-01  8.7916666666666665e-01  8.3333333333333337e-01  1.0000000000000000e+00
1594   5.0000000000000000e-01  8.8500000000000001e-01  8.3333333333333337e-01  1.0000000000000000e+00
1595   7.0999999999999996e-01  5.4768395572233131e-01  1.0000000000000000e+00  9.7559223176554555e-01
1596   7.1583333333333343e-01  5.4803628782572944e-01  1.0000000000000000e+00  9.7559223176554555e-01
1597   7.2750000000000004e-01  5.4874095203252560e-01  1.0000000000000000e+00  9.7559223176554555e-01
1598   7.4500000000000011e-01  5.4979794834272000e-01  1.0000000000000000e+00  9.7559223176554555e-01
1599   7.6250000000000007e-01  5.5085494465291418e-01  1.0000000000000000e+00  9.7559223176554555e-01
1600   7.7999999999999992e-01  5.5191194096310847e-01  1.0000000000000000e+00  9.7559223176554566e-01
1601   7.9750000000000010e-01  5.5296893727330276e-01  1.0000000000000000e+00  9.7559223176554555e-01
1602   8.1500000000000006e-01  5.5402593358349705e-01  1.0000000000000000e+00  9.7559223176554555e-01
1603   8.3250000000000002e-01  5.5508292989369123e-01  1.0000000000000000e+00  9.7559223176554566e-01
1604   8.4416666666666684e-01  5.5578759410048750e-01  1.0000000000000000e+00  9.7559223176554555e-01
1605   8.5000000000000009e-01  5.5613992620388553e-01  1.0000000000000000e+00  9.7559223176554555e-01
1606   7.0765510762878903e-01  5.7382285690160006e-01  1.0000000000000000e+00  9.3287863735525034e-01
1607   7.1342330506292206e-01  5.7490126959331134e-01  1.0000000000000000e+00  9.3287863735525034e-01
1608   7.2495969993118814e-01  5.7705809497673355e-01  1.0000000000000000e+00  9.3287863735525034e-01
1609   7.4226429223358736e-01  5.8029333305186681e-01  1.0000000000000000e+00  9.3287863735525034e-01
1610   7.5956888453598637e-01  5.8352857112700007e-01  1.0000000000000000e+00  9.3287863735525034e-01
1611   7.7687347683838526e-01  5.8676380920213356e-01  1.0000000000000000e+00  9.3287863735525045e-01
1612   7.9417806914078459e-01  5.8999904727726693e-01  1.0000000000000000e+00  9.3287863735525034e-01
1613   8.1148266144318359e-01  5.9323428535240019e-01  1.0000000000000000e+00  9.3287863735525034e-01
1614   8.2878725374558249e-01  5.9646952342753345e-01  1.0000000000000000e+00  9.3287863735525045e-01
1615   8.4032364861384878e-01  5.9862634881095578e-01  1.0000000000000000e+00  9.3287863735525034e-01
1616   8.4609184604798171e-01  5.9970476150266694e-01  1.0000000000000000e+00  9.3287863735525034e-01
1617   6.9643776445342642e-01  6.1307643604696649e-01  1.0000000000000000e+00  8.8711407191564839e-01
1618   7.0189436902157709e-01  6.1524522593715991e-01  1.0000000000000000e+00  8.8711407191564839e-01
1619   7.1280757815787865e-01  6.1958280571754687e-01  1.0000000000000000e+00  8.8711407191564839e-01
1620   7.2917739186233099e-01  6.2608917538812758e-01  1.0000000000000000e+00  8.8711407191564839e-01
1621   7.4554720556678322e-01  6.3259554505870819e-01  1.0000000000000000e+00  8.8711407191564828e-01
1622   7.6191701927123545e-01  6.3910191472928868e-01  1.0000000000000000e+00  8.8711407191564839e-01
1623   7.7828683297568746e-01  6.4560828439986917e-01  1.0000000000000000e+00  8.8711407191564839e-01
1624   7.9465664668013969e-01  6.5211465407044977e-01  1.0000000000000000e+00  8.8711407191564839e-01
1625   8.1102646038459181e-01  6.5862102374103026e-01  1.0000000000000000e+00  8.8711407191564839e-01
1626   8.2193966952089337e-01  6.6295860352141722e-01  1.0000000000000000e+00  8.8711407191564839e-01
1627   8.2739627408904404e-01  6.6512739341161087e-01  1.0000000000000000e+00  8.8711407191564839e-01
1628   6.7691988181789631e-01  6.5084889440478211e-01  1.0000000000000000e+00  8.5965533265188709e-01
1629   6.8183432297950475e-01  6.5406691924935934e-01  1.0000000000000000e+00  8.5965533265188709e-01
1630   6.9166320530272130e-01  6.6050296893851390e-01  1.0000000000000000e+00  8.5965533265188709e-01
1631   7.0640652878754595e-01  6.7015704347224603e-01  1.0000000000000000e+00  8.5965533265188709e-01
1632   7.2114985227237061e-01  6.7981111800597760e-01  1.0000000000000000e+00  8.5965533265188709e-01
1633   7.3589317575719526e-01  6.8946519253970939e-01  1.0000000000000000e+00  8.5965533265188721e-01
1634   7.5063649924202003e-01  6.9911926707344141e-01  1.0000000000000000e+00  8.5965533265188709e-01
1635   7.6537982272684468e-01  7.0877334160717331e-01  1.0000000000000000e+00  8.5965533265188709e-01
1636   7.8012314621166923e-01  7.1842741614090488e-01  1.0000000000000000e+00  8.5965533265188721e-01
1637   7.8995202853488566e-01  7.2486346583005967e-01  1.0000000000000000e+00  8.5965533265188709e-01
1638   7.9486646969649410e-01  7.2808149067463690e-01  1.0000000000000000e+00  8.5965533265188709e-01
1639   6.4955778511911244e-01  6.8455778511911236e-01  1.0000000000000000e+00  8.5050241956396677e-01
1640   6.5371216803908772e-01  6.8871216803908786e-01  1.0000000000000000e+00  8.5050241956396677e-01
1641   6.6202093387903849e-01  6.9702093387903852e-01  1.0000000000000000e+00  8.5050241956396677e-01
1642   6.7448408263896464e-01  7.0948408263896467e-01  1.0000000000000000e+00  8.5050241956396677e-01
1643   6.8694723139889069e-01  7.2194723139889072e-01  1.0000000000000000e+00  8.5050241956396666e-01
1644   6.9941038015881662e-01  7.3441038015881643e-01  1.0000000000000000e+00  8.5050241956396677e-01
1645   7.1187352891874267e-01  7.4687352891874259e-01  1.0000000000000000e+00  8.5050241956396677e-01
1646   7.2433667767866872e-01  7.5933667767866875e-01  1.0000000000000000e+00  8.5050241956396677e-01
1647   7.3679982643859465e-01  7.7179982643859479e-01  1.0000000000000000e+00  8.5050241956396677e-01
1648   7.4510859227854542e-01  7.8010859227854545e-01  1.0000000000000000e+00  8.5050241956396677e-01
1649   7.4926297519852081e-01  7.8426297519852095e-01  1.0000000000000000e+00  8.5050241956396677e-01
1650   6.1584889440478197e-01  7.1191988181789645e-01  1.0000000000000000e+00  8.5965533265188709e-01
1651   6.1906691924935930e-01  7.1683432297950467e-01  1.0000000000000000e+00  8.5965533265188709e-01
1652   6.2550296893851398e-01  7.2666320530272110e-01  1.0000000000000000e+00  8.5965533265188709e-01
1653   6.3515704347224589e-01  7.4140652878754587e-01  1.0000000000000000e+00  8.5965533265188709e-01
1654   6.4481111800597768e-01  7.5614985227237053e-01  1.0000000000000000e+00  8.5965533265188709e-01
1655   6.5446519253970947e-01  7.7089317575719507e-01  1.0000000000000000e+00  8.5965533265188721e-01
1656   6.6411926707344127e-01  7.8563649924201995e-01  1.0000000000000000e+00  8.5965533265188709e-01
1657   6.7377334160717317e-01  8.0037982272684460e-01  1.0000000000000000e+00  8.5965533265188709e-01
1658   6.8342741614090485e-01  8.1512314621166926e-01  1.0000000000000000e+00  8.5965533265188721e-01
1659   6.8986346583005953e-01  8.2495202853488581e-01  1.0000000000000000e+00  8.5965533265188709e-01
1660   6.9308149067463676e-01  8.2986646969649414e-01  1.0000000000000000e+00  8.5965533265188709e-01
1661   5.7807643604696646e-01  7.3143776445342634e-01  1.0000000000000000e+00  8.8711407191564828e-01
1662   5.8024522593715999e-01  7.3689436902157734e-01  1.0000000000000000e+00  8.8711407191564828e-01
1663   5.8458280571754695e-01  7.4780757815787868e-01  1.0000000000000000e+00  8.8711407191564828e-01
1664   5.9108917538812766e-01  7.6417739186233091e-01  1.0000000000000000e+00  8.8711407191564828e-01
1665   5.9759554505870816e-01  7.8054720556678314e-01  1.0000000000000000e+00  8.8711407191564828e-01
1666   6.0410191472928865e-01  7.9691701927123537e-01  1.0000000000000000e+00  8.8711407191564839e-01
1667   6.1060828439986925e-01  8.1328683297568749e-01  1.0000000000000000e+00  8.8711407191564828e-01
1668   6.1711465407044985e-01  8.2965664668013972e-01  1.0000000000000000e+00  8.8711407191564828e-01
1669   6.2362102374103023e-01  8.4602646038459173e-01  1.0000000000000000e+00  8.8711407191564839e-01
1670   6.2795860352141730e-01  8.5693966952089351e-01  1.0000000000000000e+00  8.8711407191564828e-01
1671   6.3012739341161084e-01  8.6239627408904418e-01  1.0000000000000000e+00  8.8711407191564828e-01
1672   5.3882285690160003e-01  7.4265510762878895e-01  1.0000000000000000e+00  9.3287863735525045e-01
1673   5.3990126959331119e-01  7.4842330506292198e-01  1.0000000000000000e+00  9.3287863735525045e-01
1674   5.4205809497673341e-01  7.5995969993118817e-01  1.0000000000000000e+00  9.3287863735525045e-01
1675   5.4529333305186667e-01  7.7726429223358706e-01  1.0000000000000000e+00  9.3287863735525045e-01
1676   5.4852857112700015e-01  7.9456888453598629e-01  1.0000000000000000e+00  9.3287863735525034e-01
1677   5.5176380920213342e-01  8.1187347683838540e-01  1.0000000000000000e+00  9.3287863735525045e-01
1678   5.5499904727726668e-01  8.2917806914078440e-01  1.0000000000000000e+00  9.3287863735525045e-01
1679   5.5823428535240005e-01  8.4648266144318340e-01  1.0000000000000000e+00  9.3287863735525045e-01
1680   5.6146952342753342e-01  8.6378725374558252e-01  1.0000000000000000e+00  9.3287863735525045e-01
1681   5.6362634881095564e-01  8.7532364861384848e-01  1.0000000000000000e+00  9.3287863735525045e-01
1682   5.6470476150266669e-01  8.8109184604798163e-01  1.0000000000000000e+00  9.3287863735525045e-01
1683   5.1268395572233127e-01  7.4500000000000000e-01  1.0000000000000000e+00  9.7559223176554555e-01
1684   5.1303628782572941e-01  7.5083333333333335e-01  1.0000000000000000e+00  9.7559223176554555e-01
1685   5.1374095203252557e-01  7.6250000000000007e-01  1.0000000000000000e+00  9.7559223176554555e-01
1686   5.1479794834271986e-01  7.8000000000000003e-01  1.0000000000000000e+00  9.7559223176554555e-01
1687   5.1585494465291415e-01  7.9749999999999999e-01  1.0000000000000000e+00  9.7559223176554555e-01
1688   5.1691194096310844e-01  8.1499999999999984e-01  1.0000000000000000e+00  9.7559223176554566e-01
1689   5.1796893727330273e-01  8.3249999999999991e-01  1.0000000000000000e+00  9.7559223176554555e-01
1690   5.1902593358349702e-01  8.4999999999999998e-01  1.0000000000000000e+00  9.7559223176554555e-01
1691   5.2008292989369120e-01  8.6749999999999994e-01  1.0000000000000000e+00  9.7559223176554566e-01
1692   5.2078759410048747e-01  8.7916666666666665e-01  1.0000000000000000e+00  9.7559223176554555e-01
1693   5.2113992620388550e-01  8.8500000000000012e-01  1.0000000000000000e+00  9.7559223176554555e-01
1694   5.0000000000000000e-01  7.4500000000000000e-01  1.0000000000000000e+00  1.0000000000000000e+00
1695   5.0000000000000000e-01  7.5083333333333335e-01  1.0000000000000000e+00  1.0000000000000000e+00
1696   5.0000000000000000e-01  7.6250000000000007e-01  1.0000000000000000e+00  1.0000000000000000e+00
1697   5.0000000000000000e-01  7.8000000000000003e-01  1.0000000000000000e+00  1.0000000000000000e+00
1698   5.0000000000000000e-01  7.9749999999999999e-01  1.0000000000000000e+00  1.0000000000000000e+00
1699   5.0000000000000000e-01  8.1500000000000006e-01  1.0000000000000000e+00  1.0000000000000000e+00
1700   5.0000000000000000e-01  8.3249999999999991e-01  1.0000000000000000e+00  1.0000000000000000e+00
1701   5.0000000000000000e-01  8.4999999999999987e-01  1.0000000000000000e+00  1.0000000000000000e+00
1702   5.0000000000000000e-01  8.6749999999999994e-01  1.0000000000000000e+00  1.0000000000000000e+00
1703   5.0000000000000000e-01  8.7916666666666665e-01  1.0000000000000000e+00  1.0000000000000000e+00
1704   5.0000000000000000e-01  8.8500000000000001e-01  1.0000000000000000e+00  1.0000000000000000e+00
1705   4.8731604427766873e-01  7.4500000000000000e-01  0.0000000000000000e+00  9.7559223176554555e-01
1706   4.8696371217427059e-01  7.5083333333333335e-01  0.0000000000000000e+00  9.7559223176554555e-01
1707   4.8625904796747443e-01  7.6250000000000007e-01  0.0000000000000000e+00  9.7559223176554555e-01
1708   4.8520205165728014e-01  7.8000000000000003e-01  0.0000000000000000e+00  9.7559223176554555e-01
1709   4.8414505534708585e-01  7.9749999999999999e-01  0.0000000000000000e+00  9.7559223176554555e-01
1710   4.8308805903689156e-01  8.1499999999999984e-01  0.0000000000000000e+00  9.7559223176554566e-01
1711   4.8203106272669732e-01  8.3249999999999991e-01  0.0000000000000000e+00  9.7559223176554555e-01
1712   4.8097406641650303e-01  8.4999999999999998e-01  0.0000000000000000e+00  9.7559223176554555e-01
1713   4.7991707010630869e-01  8.6749999999999994e-01  0.0000000000000000e+00  9.7559223176554566e-01
1714   4.7921240589951258e-01  8.7916666666666665e-01  0.0000000000000000e+00  9.7559223176554555e-01
1715   4.7886007379611445e-01  8.8500000000000012e-01  0.0000000000000000e+00  9.7559223176554555e-01
1716   4.6117714309839991e-01  7.4265510762878906e-01  0.0000000000000000e+00  9.3287863735525034e-01
1717   4.6009873040668881e-01  7.4842330506292210e-01  0.0000000000000000e+00  9.3287863735525034e-01
1718   4.5794190502326659e-01  7.5995969993118828e-01  0.0000000000000000e+00  9.3287863735525034e-01
1719   4.5470666694813322e-01  7.7726429223358717e-01  0.0000000000000000e+00  9.3287863735525034e-01
1720   4.5147142887299985e-01  7.9456888453598629e-01  0.0000000000000000e+00  9.3287863735525034e-01
1721   4.4823619079786653e-01  8.1187347683838540e-01  0.0000000000000000e+00  9.3287863735525045e-01
1722   4.4500095272273321e-01  8.2917806914078429e-01  0.0000000000000000e+00  9.3287863735525034e-01
1723   4.4176571464759984e-01  8.4648266144318352e-01  0.0000000000000000e+00  9.3287863735525034e-01
1724   4.3853047657246652e-01  8.6378725374558252e-01  0.0000000000000000e+00  9.3287863735525045e-01
1725   4.3637365118904431e-01  8.7532364861384870e-01  0.0000000000000000e+00  9.3287863735525034e-01
1726   4.3529523849733320e-01  8.8109184604798185e-01  0.0000000000000000e+00  9.3287863735525034e-01
1727   4.2192356395303349e-01  7.3143776445342634e-01  0.0000000000000000e+00  8.8711407191564839e-01
1728   4.1975477406284001e-01  7.3689436902157712e-01  0.0000000000000000e+00  8.8711407191564839e-01
1729   4.1541719428245294e-01  7.4780757815787857e-01  0.0000000000000000e+00  8.8711407191564839e-01
1730   4.0891082461187234e-01  7.6417739186233080e-01  0.0000000000000000e+00  8.8711407191564839e-01
1731   4.0240445494129196e-01  7.8054720556678292e-01  0.0000000000000000e+00  8.8711407191564828e-01
1732   3.9589808527071130e-01  7.9691701927123515e-01  0.0000000000000000e+00  8.8711407191564839e-01
1733   3.8939171560013081e-01  8.1328683297568727e-01  0.0000000000000000e+00  8.8711407191564839e-01
1734   3.8288534592955026e-01  8.2965664668013961e-01  0.0000000000000000e+00  8.8711407191564839e-01
1735   3.7637897625896966e-01  8.4602646038459173e-01  0.0000000000000000e+00  8.8711407191564839e-01
1736   3.7204139647858264e-01  8.5693966952089329e-01  0.0000000000000000e+00  8.8711407191564839e-01
1737   3.6987260658838911e-01  8.6239627408904396e-01  0.0000000000000000e+00  8.8711407191564839e-01
1738   3.8415110559521787e-01  7.1191988181789634e-01  0.0000000000000000e+00  8.5965533265188709e-01
1739   3.8093308075064058e-01  7.1683432297950456e-01  0.0000000000000000e+00  8.5965533265188709e-01
1740   3.7449703106148607e-01  7.2666320530272099e-01  0.0000000000000000e+00  8.5965533265188709e-01
1741   3.6484295652775428e-01  7.4140652878754587e-01  0.0000000000000000e+00  8.5965533265188709e-01
1742   3.5518888199402232e-01  7.5614985227237053e-01  0.0000000000000000e+00  8.5965533265188709e-01
1743   3.4553480746029053e-01  7.7089317575719507e-01  0.0000000000000000e+00  8.5965533265188721e-01
1744   3.3588073292655873e-01  7.8563649924201995e-01  0.0000000000000000e+00  8.5965533265188709e-01
1745   3.2622665839282688e-01  8.0037982272684449e-01  0.0000000000000000e+00  8.5965533265188709e-01
1746   3.1657258385909498e-01  8.1512314621166904e-01  0.0000000000000000e+00  8.5965533265188721e-01
1747   3.1013653416994047e-01  8.2495202853488570e-01  0.0000000000000000e+00  8.5965533265188709e-01
1748   3.0691850932536319e-01  8.2986646969649402e-01  0.0000000000000000e+00  8.5965533265188709e-01
1749   3.5044221488088739e-01  6.8455778511911247e-01  0.0000000000000000e+00  8.5050241956396677e-01
1750   3.4628783196091212e-01  6.8871216803908786e-01  0.0000000000000000e+00  8.5050241956396677e-01
1751   3.3797906612096140e-01  6.9702093387903852e-01  0.0000000000000000e+00  8.5050241956396677e-01
1752   3.2551591736103536e-01  7.0948408263896467e-01  0.0000000000000000e+00  8.5050241956396677e-01
1753   3.1305276860110937e-01  7.2194723139889072e-01  0.0000000000000000e+00  8.5050241956396666e-01
1754   3.0058961984118326e-01  7.3441038015881666e-01  0.0000000000000000e+00  8.5050241956396677e-01
1755   2.8812647108125727e-01  7.4687352891874259e-01  0.0000000000000000e+00  8.5050241956396677e-01
1756   2.7566332232133117e-01  7.5933667767866875e-01  0.0000000000000000e+00  8.5050241956396677e-01
1757   2.6320017356140518e-01  7.7179982643859479e-01  0.0000000000000000e+00  8.5050241956396677e-01
1758   2.5489140772145447e-01  7.8010859227854545e-01  0.0000000000000000e+00  8.5050241956396677e-01
1759   2.5073702480147914e-01  7.8426297519852095e-01  0.0000000000000000e+00  8.5050241956396677e-01
1760   3.2308011818210358e-01  6.5084889440478211e-01  0.0000000000000000e+00  8.5965533265188709e-01
1761   3.1816567702049531e-01  6.5406691924935945e-01  0.0000000000000000e+00  8.5965533265188709e-01
1762   3.0833679469727887e-01  6.6050296893851390e-01  0.0000000000000000e+00  8.5965533265188709e-01
1763   2.9359347121245416e-01  6.7015704347224581e-01  0.0000000000000000e+00  8.5965533265188709e-01
1764   2.7885014772762945e-01  6.7981111800597760e-01  0.0000000000000000e+00  8.5965533265188709e-01
1765   2.6410682424280474e-01  6.8946519253970928e-01  0.0000000000000000e+00  8.5965533265188721e-01
1766   2.4936350075798008e-01  6.9911926707344130e-01  0.0000000000000000e+00  8.5965533265188709e-01
1767   2.3462017727315537e-01  7.0877334160717320e-01  0.0000000000000000e+00  8.5965533265188709e-01
1768   2.1987685378833063e-01  7.1842741614090488e-01  0.0000000000000000e+00  8.5965533265188721e-01
1769   2.1004797146511422e-01  7.2486346583005956e-01  0.0000000000000000e+00  8.5965533265188709e-01
1770   2.0513353030350598e-01  7.2808149067463679e-01  0.0000000000000000e+00  8.5965533265188709e-01
1771   3.0356223554657352e-01  6.1307643604696660e-01  0.0000000000000000e+00  8.8711407191564828e-01
1772   2.9810563097842274e-01  6.1524522593716013e-01  0.0000000000000000e+00  8.8711407191564828e-01
1773   2.8719242184212135e-01  6.1958280571754709e-01  0.0000000000000000e+00  8.8711407191564828e-01
1774   2.7082260813766917e-01  6.2608917538812769e-01  0.0000000000000000e+00  8.8711407191564828e-01
1775   2.5445279443321694e-01  6.3259554505870819e-01  0.0000000000000000e+00  8.8711407191564828e-01
1776   2.3808298072876469e-01  6.3910191472928857e-01  0.0000000000000000e+00  8.8711407191564839e-01
1777   2.2171316702431254e-01  6.4560828439986928e-01  0.0000000000000000e+00  8.8711407191564828e-01
1778   2.0534335331986031e-01  6.5211465407044988e-01  0.0000000000000000e+00  8.8711407191564828e-01
1779   1.8897353961540808e-01  6.5862102374103026e-01  0.0000000000000000e+00  8.8711407191564839e-01
1780   1.7806033047910663e-01  6.6295860352141744e-01  0.0000000000000000e+00  8.8711407191564828e-01
1781   1.7260372591095591e-01  6.6512739341161087e-01  0.0000000000000000e+00  8.8711407191564828e-01
1782   2.9234489237121097e-01  5.7382285690160006e-01  0.0000000000000000e+00  9.3287863735525045e-01
1783   2.8657669493707782e-01  5.7490126959331112e-01  0.0000000000000000e+00  9.3287863735525045e-01
1784   2.7504030006881180e-01  5.7705809497673333e-01  0.0000000000000000e+00  9.3287863735525045e-01
1785   2.5773570776641275e-01  5.8029333305186670e-01  0.0000000000000000e+00  9.3287863735525045e-01
1786   2.4043111546401369e-01  5.8352857112700007e-01  0.0000000000000000e+00  9.3287863735525034e-01
1787   2.2312652316161458e-01  5.8676380920213345e-01  0.0000000000000000e+00  9.3287863735525045e-01
1788   2.0582193085921552e-01  5.8999904727726682e-01  0.0000000000000000e+00  9.3287863735525045e-01
1789   1.8851733855681643e-01  5.9323428535240019e-01  0.0000000000000000e+00  9.3287863735525045e-01
1790   1.7121274625441732e-01  5.9646952342753345e-01  0.0000000000000000e+00  9.3287863735525045e-01
1791   1.5967635138615124e-01  5.9862634881095567e-01  0.0000000000000000e+00  9.3287863735525045e-01
1792   1.5390815395201823e-01  5.9970476150266683e-01  0.0000000000000000e+00  9.3287863735525045e-01
1793   2.8999999999999998e-01  5.4768395572233131e-01  0.0000000000000000e+00  9.7559223176554555e-01
1794   2.8416666666666662e-01  5.4803628782572944e-01  0.0000000000000000e+00  9.7559223176554555e-01
1795   2.7250000000000008e-01  5.4874095203252560e-01  0.0000000000000000e+00  9.7559223176554555e-01
1796   2.5500000000000000e-01  5.4979794834271989e-01  0.0000000000000000e+00  9.7559223176554555e-01
1797   2.3749999999999999e-01  5.5085494465291418e-01  0.0000000000000000e+00  9.7559223176554555e-01
1798   2.2000000000000000e-01  5.5191194096310847e-01  0.0000000000000000e+00  9.7559223176554566e-01
1799   2.0250000000000001e-01  5.5296893727330276e-01  0.0000000000000000e+00  9.7559223176554555e-01
1800   1.8500000000000000e-01  5.5402593358349705e-01  0.0000000000000000e+00  9.7559223176554555e-01
1801   1.6749999999999998e-01  5.5508292989369123e-01  0.0000000000000000e+00  9.7559223176554566e-01
1802   1.5583333333333332e-01  5.5578759410048739e-01  0.0000000000000000e+00  9.7559223176554555e-01
1803   1.4999999999999999e-01  5.5613992620388553e-01  0.0000000000000000e+00  9.7559223176554555e-01
1804   2.8999999999999998e-01  5.3500000000000003e-01  0.0000000000000000e+00  1.0000000000000000e+00
1805   2.8416666666666662e-01  5.3500000000000003e-01  0.0000000000000000e+00  1.0000000000000000e+00
1806   2.7250000000000002e-01  5.3500000000000003e-01  0.0000000000000000e+00  1.0000000000000000e+00
1807   2.5500000000000000e-01  5.3500000000000003e-01  0.0000000000000000e+00  1.0000000000000000e+00
1808   2.3749999999999999e-01  5.3500000000000003e-01  0.0000000000000000e+00  1.0000000000000000e+00
1809   2.2000000000000000e-01  5.3500000000000014e-01  0.0000000000000000e+00  1.0000000000000000e+00
1810   2.0250000000000001e-01  5.3500000000000003e-01  0.0000000000000000e+00  1.0000000000000000e+00
1811   1.8500000000000000e-01  5.3500000000000003e-01  0.0000000000000000e+00  1.0000000000000000e+00
1812   1.6749999999999998e-01  5.3500000000000003e-01  0.0000000000000000e+00  1.0000000000000000e+00
1813   1.5583333333333332e-01  5.3500000000000003e-01  0.0000000000000000e+00  1.0000000000000000e+00
1814   1.4999999999999999e-01  5.3500000000000003e-01  0.0000000000000000e+00  1.0000000000000000e+00
1815   4.8731604427766867e-01  7.4500000000000000e-01  1.6666666666666666e-01  9.7559223176554566e-01
1816   4.8696371217427054e-01  7.5083333333333324e-01  1.6666666666666666e-01  9.7559223176554566e-01
1817   4.8625904796747438e-01  7.6249999999999996e-01  1.6666666666666669e-01  9.7559223176554566e-01
1818   4.8520205165728009e-01  7.7999999999999992e-01  1.6666666666666669e-01  9.7559223176554566e-01
1819   4.8414505534708580e-01  7.9749999999999988e-01  1.6666666666666666e-01  9.7559223176554566e-01
1820   4.8308805903689156e-01  8.1499999999999984e-01  1.6666666666666666e-01  9.7559223176554566e-01
1821   4.8203106272669727e-01  8.3249999999999991e-01  1.6666666666666666e-01  9.7559223176554566e-01
1822   4.8097406641650298e-01  8.4999999999999987e-01  1.6666666666666666e-01  9.7559223176554566e-01
1823   4.7991707010630869e-01  8.6749999999999994e-01  1.6666666666666666e-01  9.7559223176554566e-01
1824   4.7921240589951253e-01  8.7916666666666654e-01  1.6666666666666666e-01  9.7559223176554566e-01
1825   4.7886007379611445e-01  8.8500000000000001e-01  1.6666666666666666e-01  9.7559223176554566e-01
1826   4.6117714309839986e-01  7.4265510762878895e-01  1.6666666666666669e-01  9.3287863735525045e-01
1827   4.6009873040668875e-01  7.4842330506292198e-01  1.6666666666666669e-01  9.3287863735525045e-01
1828   4.5794190502326654e-01  7.5995969993118817e-01  1.6666666666666671e-01  9.3287863735525045e-01
1829   4.5470666694813316e-01  7.7726429223358706e-01  1.6666666666666671e-01  9.3287863735525045e-01
1830   4.5147142887299985e-01  7.9456888453598618e-01  1.6666666666666669e-01  9.3287863735525045e-01
1831   4.4823619079786653e-01  8.1187347683838540e-01  1.6666666666666669e-01  9.3287863735525045e-01
1832   4.4500095272273316e-01  8.2917806914078429e-01  1.6666666666666669e-01  9.3287863735525045e-01
1833   4.4176571464759984e-01  8.4648266144318340e-01  1.6666666666666669e-01  9.3287863735525045e-01
1834   4.3853047657246652e-01  8.6378725374558252e-01  1.6666666666666669e-01  9.3287863735525045e-01
1835   4.3637365118904425e-01  8.7532364861384859e-01  1.6666666666666669e-01  9.3287863735525045e-01
1836   4.3529523849733315e-01  8.8109184604798174e-01  1.6666666666666669e-01  9.3287863735525045e-01
1837   4.2192356395303349e-01  7.3143776445342634e-01  1.6666666666666671e-01  8.8711407191564839e-01
1838   4.1975477406284001e-01  7.3689436902157712e-01  1.6666666666666671e-01  8.8711407191564839e-01
1839   4.1541719428245294e-01  7.4780757815787857e-01  1.6666666666666671e-01  8.8711407191564839e-01
1840   4.0891082461187234e-01  7.6417739186233080e-01  1.6666666666666671e-01  8.8711407191564839e-01
1841   4.0240445494129196e-01  7.8054720556678292e-01  1.6666666666666674e-01  8.8711407191564828e-01
1842   3.9589808527071135e-01  7.9691701927123515e-01  1.6666666666666671e-01  8.8711407191564839e-01
1843   3.8939171560013081e-01  8.1328683297568727e-01  1.6666666666666671e-01  8.8711407191564839e-01
1844   3.8288534592955026e-01  8.2965664668013961e-01  1.6666666666666671e-01  8.8711407191564839e-01
1845   3.7637897625896966e-01  8.4602646038459173e-01  1.6666666666666671e-01  8.8711407191564839e-01
1846   3.7204139647858275e-01  8.5693966952089329e-01  1.6666666666666671e-01  8.8711407191564839e-01
1847   3.6987260658838916e-01  8.6239627408904396e-01  1.6666666666666671e-01  8.8711407191564839e-01
1848   3.8415110559521781e-01  7.1191988181789634e-01  1.6666666666666669e-01  8.5965533265188721e-01
1849   3.8093308075064053e-01  7.1683432297950445e-01  1.6666666666666669e-01  8.5965533265188721e-01
1850   3.7449703106148602e-01  7.2666320530272099e-01  1.6666666666666669e-01  8.5965533265188721e-01
1851   3.6484295652775423e-01  7.4140652878754576e-01  1.6666666666666669e-01  8.5965533265188721e-01
1852   3.5518888199402227e-01  7.5614985227237042e-01  1.6666666666666669e-01  8.5965533265188721e-01
1853   3.4553480746029053e-01  7.7089317575719507e-01  1.6666666666666669e-01  8.5965533265188721e-01
1854   3.3588073292655868e-01  7.8563649924201984e-01  1.6666666666666669e-01  8.5965533265188721e-01
1855   3.2622665839282683e-01  8.0037982272684449e-01  1.6666666666666669e-01  8.5965533265188721e-01
1856   3.1657258385909498e-01  8.1512314621166926e-01  1.6666666666666669e-01  8.5965533265188721e-01
1857   3.1013653416994053e-01  8.2495202853488581e-01  1.6666666666666669e-01  8.5965533265188721e-01
1858   3.0691850932536313e-01  8.2986646969649391e-01  1.6666666666666669e-01  8.5965533265188721e-01
1859   3.5044221488088739e-01  6.8455778511911247e-01  1.6666666666666671e-01  8.5050241956396677e-01
1860   3.4628783196091212e-01  6.8871216803908786e-01  1.6666666666666671e-01  8.5050241956396677e-01
1861   3.3797906612096140e-01  6.9702093387903852e-01  1.6666666666666671e-01  8.5050241956396677e-01
1862   3.2551591736103536e-01  7.0948408263896467e-01  1.6666666666666671e-01  8.5050241956396677e-01
1863   3.1305276860110937e-01  7.2194723139889061e-01  1.6666666666666671e-01  8.5050241956396677e-01
1864   3.0058961984118326e-01  7.3441038015881666e-01  1.6666666666666671e-01  8.5050241956396677e-01
1865   2.8812647108125733e-01  7.4687352891874259e-01  1.6666666666666671e-01  8.5050241956396677e-01
1866   2.7566332232133123e-01  7.5933667767866875e-01  1.6666666666666671e-01  8.5050241956396677e-01
1867   2.6320017356140518e-01  7.7179982643859479e-01  1.6666666666666671e-01  8.5050241956396677e-01
1868   2.5489140772145447e-01  7.8010859227854545e-01  1.6666666666666671e-01  8.5050241956396677e-01
1869   2.5073702480147914e-01  7.8426297519852095e-01  1.6666666666666671e-01  8.5050241956396677e-01
1870   3.2308011818210353e-01  6.5084889440478200e-01  1.6666666666666669e-01  8.5965533265188721e-01
1871   3.1816567702049525e-01  6.5406691924935934e-01  1.6666666666666669e-01  8.5965533265188721e-01
1872   3.0833679469727882e-01  6.6050296893851390e-01  1.6666666666666669e-01  8.5965533265188721e-01
1873   2.9359347121245416e-01  6.7015704347224569e-01  1.6666666666666669e-01  8.5965533265188721e-01
1874   2.7885014772762945e-01  6.7981111800597749e-01  1.6666666666666669e-01  8.5965533265188721e-01
1875   2.6410682424280474e-01  6.8946519253970928e-01  1.6666666666666669e-01  8.5965533265188721e-01
1876   2.4936350075798006e-01  6.9911926707344130e-01  1.6666666666666669e-01  8.5965533265188721e-01
1877   2.3462017727315537e-01  7.0877334160717320e-01  1.6666666666666669e-01  8.5965533265188721e-01
1878   2.1987685378833066e-01  7.1842741614090500e-01  1.6666666666666669e-01  8.5965533265188721e-01
1879   2.1004797146511420e-01  7.2486346583005945e-01  1.6666666666666669e-01  8.5965533265188721e-01
1880   2.0513353030350598e-01  7.2808149067463679e-01  1.6666666666666669e-01  8.5965533265188721e-01
1881   3.0356223554657352e-01  6.1307643604696660e-01  1.6666666666666674e-01  8.8711407191564828e-01
1882   2.9810563097842274e-01  6.1524522593716013e-01  1.6666666666666674e-01  8.8711407191564828e-01
1883   2.8719242184212135e-01  6.1958280571754709e-01  1.6666666666666674e-01  8.8711407191564828e-01
1884   2.7082260813766917e-01  6.2608917538812769e-01  1.6666666666666674e-01  8.8711407191564828e-01
1885   2.5445279443321694e-01  6.3259554505870819e-01  1.6666666666666674e-01  8.8711407191564828e-01
1886   2.3808298072876471e-01  6.3910191472928857e-01  1.6666666666666671e-01  8.8711407191564839e-01
1887   2.2171316702431257e-01  6.4560828439986928e-01  1.6666666666666674e-01  8.8711407191564828e-01
1888   2.0534335331986031e-01  6.5211465407044988e-01  1.6666666666666674e-01  8.8711407191564828e-01
1889   1.8897353961540808e-01  6.5862102374103026e-01  1.6666666666666671e-01  8.8711407191564839e-01
1890   1.7806033047910666e-01  6.6295860352141744e-01  1.6666666666666674e-01  8.8711407191564828e-01
1891   1.7260372591095591e-01  6.6512739341161087e-01  1.6666666666666674e-01  8.8711407191564828e-01
1892   2.9234489237121097e-01  5.7382285690160006e-01  1.6666666666666669e-01  9.3287863735525045e-01
1893   2.8657669493707782e-01  5.7490126959331112e-01  1.6666666666666669e-01  9.3287863735525045e-01
1894   2.7504030006881180e-01  5.7705809497673333e-01  1.6666666666666671e-01  9.3287863735525045e-01
1895   2.5773570776641275e-01  5.8029333305186670e-01  1.6666666666666671e-01  9.3287863735525045e-01
1896   2.4043111546401366e-01  5.8352857112700007e-01  1.6666666666666669e-01  9.3287863735525045e-01
1897   2.2312652316161458e-01  5.8676380920213345e-01  1.6666666666666669e-01  9.3287863735525045e-01
1898   2.0582193085921552e-01  5.8999904727726682e-01  1.6666666666666669e-01  9.3287863735525045e-01
1899   1.8851733855681643e-01  5.9323428535240019e-01  1.6666666666666669e-01  9.3287863735525045e-01
1900   1.7121274625441732e-01  5.9646952342753345e-01  1.6666666666666669e-01  9.3287863735525045e-01
1901   1.5967635138615124e-01  5.9862634881095567e-01  1.6666666666666669e-01  9.3287863735525045e-01
1902   1.5390815395201823e-01  5.9970476150266694e-01  1.6666666666666669e-01  9.3287863735525045e-01
1903   2.8999999999999992e-01  5.4768395572233142e-01  1.6666666666666666e-01  9.7559223176554566e-01
1904   2.8416666666666657e-01  5.4803628782572955e-01  1.6666666666666666e-01  9.7559223176554566e-01
1905   2.7250000000000002e-01  5.4874095203252560e-01  1.6666666666666669e-01  9.7559223176554566e-01
1906   2.5500000000000000e-01  5.4979794834271978e-01  1.6666666666666669e-01  9.7559223176554566e-01
1907   2.3749999999999996e-01  5.5085494465291418e-01  1.6666666666666666e-01  9.7559223176554566e-01
1908   2.2000000000000000e-01  5.5191194096310847e-01  1.6666666666666666e-01  9.7559223176554566e-01
1909   2.0249999999999999e-01  5.5296893727330276e-01  1.6666666666666666e-01  9.7559223176554566e-01
1910   1.8499999999999997e-01  5.5402593358349705e-01  1.6666666666666666e-01  9.7559223176554566e-01
1911   1.6749999999999998e-01  5.5508292989369123e-01  1.6666666666666666e-01  9.7559223176554566e-01
1912   1.5583333333333332e-01  5.5578759410048750e-01  1.6666666666666666e-01  9.7559223176554566e-01
1913   1.4999999999999999e-01  5.5613992620388564e-01  1.6666666666666666e-01  9.7559223176554566e-01
1914   2.8999999999999998e-01  5.3500000000000014e-01  1.6666666666666669e-01  1.0000000000000000e+00
1915   2.8416666666666662e-01  5.3500000000000014e-01  1.6666666666666669e-01  1.0000000000000000e+00
1916   2.7250000000000002e-01  5.3500000000000014e-01  1.6666666666666671e-01  1.0000000000000000e+00
1917   2.5500000000000000e-01  5.3500000000000003e-01  1.6666666666666671e-01  1.0000000000000000e+00
1918   2.3749999999999999e-01  5.3500000000000014e-01  1.6666666666666669e-01  1.0000000000000000e+00
1919   2.2000000000000000e-01  5.3500000000000014e-01  1.6666666666666669e-01  1.0000000000000000e+00
1920   2.0250000000000001e-01  5.3500000000000014e-01  1.6666666666666669e-01  1.0000000000000000e+00
1921   1.8500000000000000e-01  5.3500000000000014e-01  1.6666666666666669e-01  1.0000000000000000e+00
1922   1.6749999999999998e-01  5.3500000000000014e-01  1.6666666666666669e-01  1.0000000000000000e+00
1923   1.5583333333333332e-01  5.3500000000000014e-01  1.6666666666666669e-01  1.0000000000000000e+00
1924   1.4999999999999999e-01  5.3500000000000014e-01  1.6666666666666669e-01  1.0000000000000000e+00
1925   4.8731604427766867e-01  7.4500000000000000e-01  5.0000000000000000e-01  9.7559223176554566e-01
1926   4.8696371217427054e-01  7.5083333333333324e-01  5.0000000000000000e-01  9.7559223176554566e-01
1927   4.8625904796747438e-01  7.6249999999999996e-01  5.0000000000000011e-01  9.7559223176554566e-01
1928   4.8520205165728009e-01  7.7999999999999992e-01  5.0000000000000011e-01  9.7559223176554566e-01
1929   4.8414505534708580e-01  7.9749999999999988e-01  5.0000000000000000e-01  9.7559223176554566e-01
1930   4.8308805903689156e-01  8.1499999999999984e-01  5.0000000000000000e-01  9.7559223176554566e-01
1931   4.8203106272669727e-01  8.3249999999999991e-01  5.0000000000000000e-01  9.7559223176554566e-01
1932   4.8097406641650298e-01  8.4999999999999987e-01  5.0000000000000000e-01  9.7559223176554566e-01
1933   4.7991707010630869e-01  8.6749999999999994e-01  5.0000000000000000e-01  9.7559223176554566e-01
1934   4.7921240589951253e-01  8.7916666666666654e-01  5.0000000000000000e-01  9.7559223176554566e-01
1935   4.7886007379611445e-01  8.8500000000000001e-01  5.0000000000000000e-01  9.7559223176554566e-01
1936   4.6117714309839986e-01  7.4265510762878895e-01  5.0000000000000000e-01  9.3287863735525045e-01
1937   4.6009873040668875e-01  7.4842330506292198e-01  5.0000000000000000e-01  9.3287863735525045e-01
1938   4.5794190502326654e-01  7.5995969993118806e-01  5.0000000000000011e-01  9.3287863735525045e-01
1939   4.5470666694813316e-01  7.7726429223358706e-01  5.0000000000000011e-01  9.3287863735525045e-01
1940   4.5147142887299985e-01  7.9456888453598618e-01  5.0000000000000000e-01  9.3287863735525045e-01
1941   4.4823619079786653e-01  8.1187347683838518e-01  5.0000000000000000e-01  9.3287863735525045e-01
1942   4.4500095272273316e-01  8.2917806914078418e-01  5.0000000000000000e-01  9.3287863735525045e-01
1943   4.4176571464759984e-01  8.4648266144318340e-01  5.0000000000000000e-01  9.3287863735525045e-01
1944   4.3853047657246652e-01  8.6378725374558252e-01  5.0000000000000000e-01  9.3287863735525045e-01
1945   4.3637365118904425e-01  8.7532364861384859e-01  5.0000000000000000e-01  9.3287863735525045e-01
1946   4.3529523849733315e-01  8.8109184604798174e-01  5.0000000000000000e-01  9.3287863735525045e-01
1947   4.2192356395303349e-01  7.3143776445342634e-01  5.0000000000000011e-01  8.8711407191564839e-01
1948   4.1975477406284001e-01  7.3689436902157712e-01  5.0000000000000011e-01  8.8711407191564839e-01
1949   4.1541719428245294e-01  7.4780757815787857e-01  5.0000000000000011e-01  8.8711407191564839e-01
1950   4.0891082461187234e-01  7.6417739186233069e-01  5.0000000000000011e-01  8.8711407191564839e-01
1951   4.0240445494129190e-01  7.8054720556678292e-01  5.0000000000000011e-01  8.8711407191564839e-01
1952   3.9589808527071135e-01  7.9691701927123504e-01  5.0000000000000011e-01  8.8711407191564839e-01
1953   3.8939171560013081e-01  8.1328683297568727e-01  5.0000000000000011e-01  8.8711407191564839e-01
1954   3.8288534592955026e-01  8.2965664668013961e-01  5.0000000000000011e-01  8.8711407191564839e-01
1955   3.7637897625896966e-01  8.4602646038459173e-01  5.0000000000000011e-01  8.8711407191564839e-01
1956   3.7204139647858275e-01  8.5693966952089329e-01  5.0000000000000011e-01  8.8711407191564839e-01
1957   3.6987260658838922e-01  8.6239627408904396e-01  5.0000000000000011e-01  8.8711407191564839e-01
1958   3.8415110559521781e-01  7.1191988181789634e-01  5.0000000000000000e-01  8.5965533265188721e-01
1959   3.8093308075064053e-01  7.1683432297950445e-01  5.0000000000000000e-01  8.5965533265188721e-01
1960   3.7449703106148602e-01  7.2666320530272099e-01  5.0000000000000011e-01  8.5965533265188721e-01
1961   3.6484295652775423e-01  7.4140652878754576e-01  5.0000000000000011e-01  8.5965533265188721e-01
1962   3.5518888199402227e-01  7.5614985227237042e-01  5.0000000000000000e-01  8.5965533265188721e-01
1963   3.4553480746029053e-01  7.7089317575719507e-01  5.0000000000000000e-01  8.5965533265188721e-01
1964   3.3588073292655868e-01  7.8563649924201984e-01  5.0000000000000000e-01  8.5965533265188721e-01
1965   3.2622665839282683e-01  8.0037982272684449e-01  5.0000000000000000e-01  8.5965533265188721e-01
1966   3.1657258385909498e-01  8.1512314621166926e-01  5.0000000000000000e-01  8.5965533265188721e-01
1967   3.1013653416994053e-01  8.2495202853488581e-01  5.0000000000000000e-01  8.5965533265188721e-01
1968   3.0691850932536313e-01  8.2986646969649391e-01  5.0000000000000000e-01  8.5965533265188721e-01
1969   3.5044221488088739e-01  6.8455778511911247e-01  5.0000000000000000e-01  8.5050241956396677e-01
1970   3.4628783196091212e-01  6.8871216803908786e-01  5.0000000000000000e-01  8.5050241956396677e-01
1971   3.3797906612096140e-01  6.9702093387903852e-01  5.0000000000000011e-01  8.5050241956396677e-01
1972   3.2551591736103536e-01  7.0948408263896467e-01  5.0000000000000000e-01  8.5050241956396677e-01
1973   3.1305276860110937e-01  7.2194723139889061e-01  5.0000000000000000e-01  8.5050241956396677e-01
1974   3.0058961984118326e-01  7.3441038015881666e-01  5.0000000000000000e-01  8.5050241956396677e-01
1975   2.8812647108125733e-01  7.4687352891874259e-01  5.0000000000000000e-01  8.5050241956396677e-01
1976   2.7566332232133123e-01  7.5933667767866875e-01  5.0000000000000000e-01  8.5050241956396677e-01
1977   2.6320017356140518e-01  7.7179982643859479e-01  5.0000000000000000e-01  8.5050241956396677e-01
1978   2.5489140772145447e-01  7.8010859227854545e-01  5.0000000000000000e-01  8.5050241956396677e-01
1979   2.5073702480147914e-01  7.8426297519852095e-01  5.0000000000000000e-01  8.5050241956396677e-01
1980   3.2308011818210353e-01  6.5084889440478200e-01  5.0000000000000000e-01  8.5965533265188721e-01
1981   3.1816567702049525e-01  6.5406691924935934e-01  5.0000000000000000e-01  8.5965533265188721e-01
1982   3.0833679469727882e-01  6.6050296893851390e-01  5.0000000000000011e-01  8.5965533265188721e-01
1983   2.9359347121245416e-01  6.7015704347224569e-01  5.0000000000000011e-01  8.5965533265188721e-01
1984   2.7885014772762945e-01  6.7981111800597749e-01  5.0000000000000000e-01  8.5965533265188721e-01
1985   2.6410682424280474e-01  6.8946519253970928e-01  5.0000000000000000e-01  8.5965533265188721e-01
1986   2.4936350075798006e-01  6.9911926707344130e-01  5.0000000000000000e-01  8.5965533265188721e-01
1987   2.3462017727315537e-01  7.0877334160717320e-01  5.0000000000000000e-01  8.5965533265188721e-01
1988   2.1987685378833066e-01  7.1842741614090500e-01  5.0000000000000000e-01  8.5965533265188721e-01
1989   2.1004797146511422e-01  7.2486346583005945e-01  5.0000000000000000e-01  8.5965533265188721e-01
1990   2.0513353030350598e-01  7.2808149067463679e-01  5.0000000000000000e-01  8.5965533265188721e-01
1991   3.0356223554657352e-01  6.1307643604696649e-01  5.0000000000000011e-01  8.8711407191564839e-01
1992   2.9810563097842274e-01  6.1524522593716002e-01  5.0000000000000011e-01  8.8711407191564839e-01
1993   2.8719242184212129e-01  6.1958280571754698e-01  5.0000000000000011e-01  8.8711407191564839e-01
1994   2.7082260813766912e-01  6.2608917538812758e-01  5.0000000000000011e-01  8.8711407191564839e-01
1995   2.5445279443321694e-01  6.3259554505870808e-01  5.0000000000000011e-01  8.8711407191564839e-01
1996   2.3808298072876471e-01  6.3910191472928857e-01  5.0000000000000011e-01  8.8711407191564839e-01
1997   2.2171316702431254e-01  6.4560828439986917e-01  5.0000000000000011e-01  8.8711407191564839e-01
1998   2.0534335331986028e-01  6.5211465407044977e-01  5.0000000000000011e-01  8.8711407191564839e-01
1999   1.8897353961540808e-01  6.5862102374103026e-01  5.0000000000000011e-01  8.8711407191564839e-01
2000   1.7806033047910663e-01  6.6295860352141733e-01  5.0000000000000011e-01  8.8711407191564839e-01
2001   1.7260372591095588e-01  6.6512739341161076e-01  5.0000000000000011e-01  8.8711407191564839e-01
2002   2.9234489237121086e-01  5.7382285690160006e-01  5.0000000000000000e-01  9.3287863735525045e-01
2003   2.8657669493707782e-01  5.7490126959331112e-01  5.0000000000000000e-01  9.3287863735525045e-01
2004   2.7504030006881180e-01  5.7705809497673333e-01  5.0000000000000011e-01  9.3287863735525045e-01
2005   2.5773570776641280e-01  5.8029333305186670e-01  5.0000000000000011e-01  9.3287863735525045e-01
2006   2.4043111546401366e-01  5.8352857112700007e-01  5.0000000000000000e-01  9.3287863735525045e-01
2007   2.2312652316161458e-01  5.8676380920213345e-01  5.0000000000000000e-01  9.3287863735525045e-01
2008   2.0582193085921552e-01  5.8999904727726682e-01  5.0000000000000000e-01  9.3287863735525045e-01
2009   1.8851733855681643e-01  5.9323428535240019e-01  5.0000000000000000e-01  9.3287863735525045e-01
2010   1.7121274625441732e-01  5.9646952342753345e-01  5.0000000000000000e-01  9.3287863735525045e-01
2011   1.5967635138615127e-01  5.9862634881095567e-01  5.0000000000000000e-01  9.3287863735525045e-01
2012   1.5390815395201823e-01  5.9970476150266694e-01  5.0000000000000000e-01  9.3287863735525045e-01
2013   2.8999999999999992e-01  5.4768395572233142e-01  5.0000000000000000e-01  9.7559223176554566e-01
2014   2.8416666666666657e-01  5.4803628782572955e-01  5.0000000000000000e-01  9.7559223176554566e-01
2015   2.7250000000000002e-01  5.4874095203252560e-01  5.0000000000000011e-01  9.7559223176554566e-01
2016   2.5500000000000000e-01  5.4979794834271978e-01  5.0000000000000011e-01  9.7559223176554566e-01
2017   2.3749999999999996e-01  5.5085494465291418e-01  5.0000000000000000e-01  9.7559223176554566e-01
2018   2.2000000000000000e-01  5.5191194096310847e-01  5.0000000000000000e-01  9.7559223176554566e-01
2019   2.0249999999999999e-01  5.5296893727330276e-01  5.0000000000000000e-01  9.7559223176554566e-01
2020   1.8499999999999997e-01  5.5402593358349705e-01  5.0000000000000000e-01  9.7559223176554566e-01
2021   1.6749999999999998e-01  5.5508292989369123e-01  5.0000000000000000e-01  9.7559223176554566e-01
2022   1.5583333333333332e-01  5.5578759410048750e-01  5.0000000000000000e-01  9.7559223176554566e-01
2023   1.4999999999999999e-01  5.5613992620388564e-01  5.0000000000000000e-01  9.7559223176554566e-01
2024   2.8999999999999998e-01  5.3500000000000014e-01  5.0000000000000000e-01  1.0000000000000000e+00
2025   2.8416666666666662e-01  5.3500000000000014e-01  5.0000000000000000e-01  1.0000000000000000e+00
2026   2.7250000000000002e-01  5.3500000000000014e-01  5.0000000000000011e-01  1.0000000000000000e+00
2027   2.5500000000000006e-01  5.3500000000000003e-01  5.0000000000000011e-01  1.0000000000000000e+00
2028   2.3749999999999999e-01  5.3500000000000014e-01  5.0000000000000000e-01  1.0000000000000000e+00
2029   2.2000000000000000e-01  5.3500000000000014e-01  5.0000000000000000e-01  1.0000000000000000e+00
2030   2.0250000000000001e-01  5.3500000000000014e-01  5.0000000000000000e-01  1.0000000000000000e+00
2031   1.8500000000000000e-01  5.3500000000000014e-01  5.0000000000000000e-01  1.0000000000000000e+00
2032   1.6749999999999998e-01  5.3500000000000014e-01  5.0000000000000000e-01  1.0000000000000000e+00
2033   1.5583333333333332e-01  5.3500000000000014e-01  5.0000000000000000e-01  1.0000000000000000e+00
2034   1.4999999999999999e-01  5.3500000000000014e-01  5.0000000000000000e-01  1.0000000000000000e+00
2035   4.8731604427766867e-01  7.4500000000000000e-01  8.3333333333333326e-01  9.7559223176554566e-01
2036   4.8696371217427054e-01  7.5083333333333324e-01  8.3333333333333326e-01  9.7559223176554566e-01
2037   4.8625904796747438e-01  7.6249999999999996e-01  8.3333333333333326e-01  9.7559223176554566e-01
2038   4.8520205165728009e-01  7.7999999999999992e-01  8.3333333333333326e-01  9.7559223176554566e-01
2039   4.8414505534708580e-01  7.9749999999999988e-01  8.3333333333333326e-01  9.7559223176554566e-01
2040   4.8308805903689156e-01  8.1499999999999984e-01  8.3333333333333326e-01  9.7559223176554566e-01
2041   4.8203106272669727e-01  8.3249999999999991e-01  8.3333333333333326e-01  9.7559223176554566e-01
2042   4.8097406641650298e-01  8.4999999999999987e-01  8.3333333333333326e-01  9.7559223176554566e-01
2043   4.7991707010630869e-01  8.6749999999999994e-01  8.3333333333333326e-01  9.7559223176554566e-01
2044   4.7921240589951253e-01  8.7916666666666654e-01  8.3333333333333326e-01  9.7559223176554566e-01
2045   4.7886007379611445e-01  8.8500000000000001e-01  8.3333333333333326e-01  9.7559223176554566e-01
2046   4.6117714309839986e-01  7.4265510762878895e-01  8.3333333333333326e-01  9.3287863735525045e-01
2047   4.6009873040668875e-01  7.4842330506292198e-01  8.3333333333333326e-01  9.3287863735525045e-01
2048   4.5794190502326654e-01  7.5995969993118806e-01  8.3333333333333337e-01  9.3287863735525045e-01
2049   4.5470666694813316e-01  7.7726429223358706e-01  8.3333333333333326e-01  9.3287863735525045e-01
2050   4.5147142887299979e-01  7.9456888453598618e-01  8.3333333333333326e-01  9.3287863735525045e-01
2051   4.4823619079786653e-01  8.1187347683838518e-01  8.3333333333333337e-01  9.3287863735525045e-01
2052   4.4500095272273316e-01  8.2917806914078418e-01  8.3333333333333326e-01  9.3287863735525045e-01
2053   4.4176571464759978e-01  8.4648266144318340e-01  8.3333333333333326e-01  9.3287863735525045e-01
2054   4.3853047657246652e-01  8.6378725374558252e-01  8.3333333333333337e-01  9.3287863735525045e-01
2055   4.3637365118904425e-01  8.7532364861384859e-01  8.3333333333333326e-01  9.3287863735525045e-01
2056   4.3529523849733315e-01  8.8109184604798174e-01  8.3333333333333326e-01  9.3287863735525045e-01
2057   4.2192356395303349e-01  7.3143776445342634e-01  8.3333333333333337e-01  8.8711407191564839e-01
2058   4.1975477406284001e-01  7.3689436902157712e-01  8.3333333333333337e-01  8.8711407191564839e-01
2059   4.1541719428245294e-01  7.4780757815787857e-01  8.3333333333333337e-01  8.8711407191564839e-01
2060   4.0891082461187234e-01  7.6417739186233069e-01  8.3333333333333337e-01  8.8711407191564839e-01
2061   4.0240445494129196e-01  7.8054720556678292e-01  8.3333333333333348e-01  8.8711407191564828e-01
2062   3.9589808527071130e-01  7.9691701927123504e-01  8.3333333333333337e-01  8.8711407191564839e-01
2063   3.8939171560013081e-01  8.1328683297568727e-01  8.3333333333333337e-01  8.8711407191564839e-01
2064   3.8288534592955026e-01  8.2965664668013961e-01  8.3333333333333337e-01  8.8711407191564839e-01
2065   3.7637897625896966e-01  8.4602646038459173e-01  8.3333333333333337e-01  8.8711407191564839e-01
2066   3.7204139647858275e-01  8.5693966952089329e-01  8.3333333333333337e-01  8.8711407191564839e-01
2067   3.6987260658838916e-01  8.6239627408904396e-01  8.3333333333333337e-01  8.8711407191564839e-01
2068   3.8415110559521781e-01  7.1191988181789623e-01  8.3333333333333326e-01  8.5965533265188721e-01
2069   3.8093308075064053e-01  7.1683432297950445e-01  8.3333333333333326e-01  8.5965533265188721e-01
2070   3.7449703106148602e-01  7.2666320530272088e-01  8.3333333333333337e-01  8.5965533265188721e-01
2071   3.6484295652775423e-01  7.4140652878754576e-01  8.3333333333333337e-01  8.5965533265188721e-01
2072   3.5518888199402227e-01  7.5614985227237042e-01  8.3333333333333326e-01  8.5965533265188721e-01
2073   3.4553480746029053e-01  7.7089317575719507e-01  8.3333333333333337e-01  8.5965533265188721e-01
2074   3.3588073292655868e-01  7.8563649924201984e-01  8.3333333333333326e-01  8.5965533265188721e-01
2075   3.2622665839282683e-01  8.0037982272684438e-01  8.3333333333333326e-01  8.5965533265188721e-01
2076   3.1657258385909498e-01  8.1512314621166904e-01  8.3333333333333337e-01  8.5965533265188721e-01
2077   3.1013653416994053e-01  8.2495202853488558e-01  8.3333333333333326e-01  8.5965533265188721e-01
2078   3.0691850932536313e-01  8.2986646969649391e-01  8.3333333333333326e-01  8.5965533265188721e-01
2079   3.5044221488088739e-01  6.8455778511911247e-01  8.3333333333333337e-01  8.5050241956396677e-01
2080   3.4628783196091212e-01  6.8871216803908786e-01  8.3333333333333337e-01  8.5050241956396677e-01
2081   3.3797906612096140e-01  6.9702093387903852e-01  8.3333333333333337e-01  8.5050241956396677e-01
2082   3.2551591736103536e-01  7.0948408263896467e-01  8.3333333333333337e-01  8.5050241956396677e-01
2083   3.1305276860110931e-01  7.2194723139889061e-01  8.3333333333333337e-01  8.5050241956396677e-01
2084   3.0058961984118326e-01  7.3441038015881666e-01  8.3333333333333337e-01  8.5050241956396677e-01
2085   2.8812647108125727e-01  7.4687352891874259e-01  8.3333333333333337e-01  8.5050241956396677e-01
2086   2.7566332232133117e-01  7.5933667767866875e-01  8.3333333333333337e-01  8.5050241956396677e-01
2087   2.6320017356140518e-01  7.7179982643859479e-01  8.3333333333333337e-01  8.5050241956396677e-01
2088   2.5489140772145447e-01  7.8010859227854545e-01  8.3333333333333337e-01  8.5050241956396677e-01
2089   2.5073702480147914e-01  7.8426297519852095e-01  8.3333333333333337e-01  8.5050241956396677e-01
2090   3.2308011818210353e-01  6.5084889440478200e-01  8.3333333333333326e-01  8.5965533265188721e-01
2091   3.1816567702049525e-01  6.5406691924935934e-01  8.3333333333333326e-01  8.5965533265188721e-01
2092   3.0833679469727882e-01  6.6050296893851390e-01  8.3333333333333337e-01  8.5965533265188721e-01
2093   2.9359347121245416e-01  6.7015704347224569e-01  8.3333333333333337e-01  8.5965533265188721e-01
2094   2.7885014772762939e-01  6.7981111800597749e-01  8.3333333333333326e-01  8.5965533265188721e-01
2095   2.6410682424280474e-01  6.8946519253970928e-01  8.3333333333333337e-01  8.5965533265188721e-01
2096   2.4936350075798006e-01  6.9911926707344130e-01  8.3333333333333326e-01  8.5965533265188721e-01
2097   2.3462017727315537e-01  7.0877334160717309e-01  8.3333333333333326e-01  8.5965533265188721e-01
2098   2.1987685378833066e-01  7.1842741614090488e-01  8.3333333333333337e-01  8.5965533265188721e-01
2099   2.1004797146511420e-01  7.2486346583005945e-01  8.3333333333333326e-01  8.5965533265188721e-01
2100   2.0513353030350598e-01  7.2808149067463668e-01  8.3333333333333326e-01  8.5965533265188721e-01
2101   3.0356223554657352e-01  6.1307643604696660e-01  8.3333333333333348e-01  8.8711407191564828e-01
2102   2.9810563097842274e-01  6.1524522593716013e-01  8.3333333333333348e-01  8.8711407191564828e-01
2103   2.8719242184212135e-01  6.1958280571754709e-01  8.3333333333333348e-01  8.8711407191564828e-01
2104   2.7082260813766917e-01  6.2608917538812769e-01  8.3333333333333348e-01  8.8711407191564828e-01
2105   2.5445279443321694e-01  6.3259554505870819e-01  8.3333333333333348e-01  8.8711407191564828e-01
2106   2.3808298072876469e-01  6.3910191472928857e-01  8.3333333333333337e-01  8.8711407191564839e-01
2107   2.2171316702431254e-01  6.4560828439986928e-01  8.3333333333333348e-01  8.8711407191564828e-01
2108   2.0534335331986031e-01  6.5211465407044988e-01  8.3333333333333348e-01  8.8711407191564828e-01
2109   1.8897353961540808e-01  6.5862102374103026e-01  8.3333333333333337e-01  8.8711407191564839e-01
2110   1.7806033047910666e-01  6.6295860352141744e-01  8.3333333333333348e-01  8.8711407191564828e-01
2111   1.7260372591095591e-01  6.6512739341161087e-01  8.3333333333333348e-01  8.8711407191564828e-01
2112   2.9234489237121097e-01  5.7382285690160006e-01  8.3333333333333326e-01  9.3287863735525045e-01
2113   2.8657669493707782e-01  5.7490126959331112e-01  8.3333333333333326e-01  9.3287863735525045e-01
2114   2.7504030006881180e-01  5.7705809497673333e-01  8.3333333333333337e-01  9.3287863735525045e-01
2115   2.5773570776641275e-01  5.8029333305186670e-01  8.3333333333333337e-01  9.3287863735525045e-01
2116   2.4043111546401366e-01  5.8352857112700007e-01  8.3333333333333315e-01  9.3287863735525045e-01
2117   2.2312652316161458e-01  5.8676380920213345e-01  8.3333333333333326e-01  9.3287863735525045e-01
2118   2.0582193085921552e-01  5.8999904727726682e-01  8.3333333333333326e-01  9.3287863735525045e-01
2119   1.8851733855681643e-01  5.9323428535240019e-01  8.3333333333333326e-01  9.3287863735525045e-01
2120   1.7121274625441732e-01  5.9646952342753345e-01  8.3333333333333326e-01  9.3287863735525045e-01
2121   1.5967635138615124e-01  5.9862634881095567e-01  8.3333333333333326e-01  9.3287863735525045e-01
2122   1.5390815395201823e-01  5.9970476150266683e-01  8.3333333333333326e-01  9.3287863735525045e-01
2123   2.8999999999999992e-01  5.4768395572233131e-01  8.3333333333333326e-01  9.7559223176554566e-01
2124   2.8416666666666657e-01  5.4803628782572944e-01  8.3333333333333326e-01  9.7559223176554566e-01
2125   2.7250000000000002e-01  5.4874095203252560e-01  8.3333333333333326e-01  9.7559223176554566e-01
2126   2.5500000000000000e-01  5.4979794834271978e-01  8.3333333333333326e-01  9.7559223176554566e-01
2127   2.3749999999999996e-01  5.5085494465291407e-01  8.3333333333333326e-01  9.7559223176554566e-01
2128   2.2000000000000000e-01  5.5191194096310847e-01  8.3333333333333326e-01  9.7559223176554566e-01
2129   2.0249999999999999e-01  5.5296893727330265e-01  8.3333333333333326e-01  9.7559223176554566e-01
2130   1.8499999999999997e-01  5.5402593358349705e-01  8.3333333333333326e-01  9.7559223176554566e-01
2131   1.6749999999999998e-01  5.5508292989369123e-01  8.3333333333333326e-01  9.7559223176554566e-01
2132   1.5583333333333332e-01  5.5578759410048739e-01  8.3333333333333326e-01  9.7559223176554566e-01
2133   1.4999999999999999e-01  5.5613992620388553e-01  8.3333333333333326e-01  9.7559223176554566e-01
2134   2.8999999999999998e-01  5.3500000000000003e-01  8.3333333333333337e-01  1.0000000000000000e+00
2135   2.8416666666666662e-01  5.3500000000000003e-01  8.3333333333333337e-01  1.0000000000000000e+00
2136   2.7250000000000002e-01  5.3500000000000003e-01  8.3333333333333348e-01  1.0000000000000000e+00
2137   2.5500000000000000e-01  5.3500000000000003e-01  8.3333333333333348e-01  1.0000000000000000e+00
2138   2.3749999999999999e-01  5.3500000000000003e-01  8.3333333333333337e-01  1.0000000000000000e+00
2139   2.2000000000000000e-01  5.3500000000000014e-01  8.3333333333333337e-01  1.0000000000000000e+00
2140   2.0250000000000001e-01  5.3500000000000003e-01  8.3333333333333337e-01  1.0000000000000000e+00
2141   1.8500000000000000e-01  5.3500000000000003e-01  8.3333333333333337e-01  1.0000000000000000e+00
2142   1.6749999999999998e-01  5.3500000000000003e-01  8.3333333333333337e-01  1.0000000000000000e+00
2143   1.5583333333333332e-01  5.3500000000000003e-01  8.3333333333333337e-01  1.0000000000000000e+00
2144   1.4999999999999999e-01  5.3500000000000003e-01  8.3333333333333337e-01  1.0000000000000000e+00
2145   4.8731604427766873e-01  7.4500000000000000e-01  1.0000000000000000e+00  9.7559223176554555e-01
2146   4.8696371217427059e-01  7.5083333333333335e-01  1.0000000000000000e+00  9.7559223176554555e-01
2147   4.8625904796747443e-01  7.6250000000000007e-01  1.0000000000000000e+00  9.7559223176554555e-01
2148   4.8520205165728014e-01  7.8000000000000003e-01  1.0000000000000000e+00  9.7559223176554555e-01
2149   4.8414505534708585e-01  7.9749999999999999e-01  1.0000000000000000e+00  9.7559223176554555e-01
2150   4.8308805903689156e-01  8.1499999999999984e-01  1.0000000000000000e+00  9.7559223176554566e-01
2151   4.8203106272669732e-01  8.3249999999999991e-01  1.0000000000000000e+00  9.7559223176554555e-01
2152   4.8097406641650303e-01  8.4999999999999998e-01  1.0000000000000000e+00  9.7559223176554555e-01
2153   4.7991707010630869e-01  8.6749999999999994e-01  1.0000000000000000e+00  9.7559223176554566e-01
2154   4.7921240589951258e-01  8.7916666666666665e-01  1.0000000000000000e+00  9.7559223176554555e-01
2155   4.7886007379611445e-01  8.8500000000000012e-01  1.0000000000000000e+00  9.7559223176554555e-01
2156   4.6117714309839991e-01  7.4265510762878906e-01  1.0000000000000000e+00  9.3287863735525034e-01
2157   4.6009873040668881e-01  7.4842330506292210e-01  1.0000000000000000e+00  9.3287863735525034e-01
2158   4.5794190502326659e-01  7.5995969993118828e-01  1.0000000000000000e+00  9.3287863735525034e-01
2159   4.5470666694813322e-01  7.7726429223358717e-01  1.0000000000000000e+00  9.3287863735525034e-01
2160   4.5147142887299985e-01  7.9456888453598629e-01  1.0000000000000000e+00  9.3287863735525034e-01
2161   4.4823619079786653e-01  8.1187347683838540e-01  1.0000000000000000e+00  9.3287863735525045e-01
2162   4.4500095272273321e-01  8.2917806914078429e-01  1.0000000000000000e+00  9.3287863735525034e-01
2163   4.4176571464759984e-01  8.4648266144318352e-01  1.0000000000000000e+00  9.3287863735525034e-01
2164   4.3853047657246652e-01  8.6378725374558252e-01  1.0000000000000000e+00  9.3287863735525045e-01
2165   4.3637365118904431e-01  8.7532364861384870e-01  1.0000000000000000e+00  9.3287863735525034e-01
2166   4.3529523849733320e-01  8.8109184604798185e-01  1.0000000000000000e+00  9.3287863735525034e-01
2167   4.2192356395303349e-01  7.3143776445342634e-01  1.0000000000000000e+00  8.8711407191564839e-01
2168   4.1975477406284001e-01  7.3689436902157712e-01  1.0000000000000000e+00  8.8711407191564839e-01
2169   4.1541719428245294e-01  7.4780757815787857e-01  1.0000000000000000e+00  8.8711407191564839e-01
2170   4.0891082461187234e-01  7.6417739186233080e-01  1.0000000000000000e+00  8.8711407191564839e-01
2171   4.0240445494129196e-01  7.8054720556678292e-01  1.0000000000000000e+00  8.8711407191564828e-01
2172   3.9589808527071130e-01  7.9691701927123515e-01  1.0000000000000000e+00  8.8711407191564839e-01
2173   3.8939171560013081e-01  8.1328683297568727e-01  1.0000000000000000e+00  8.8711407191564839e-01
2174   3.8288534592955026e-01  8.2965664668013961e-01  1.0000000000000000e+00  8.8711407191564839e-01
2175   3.7637897625896966e-01  8.4602646038459173e-01  1.0000000000000000e+00  8.8711407191564839e-01
2176   3.7204139647858264e-01  8.5693966952089329e-01  1.0000000000000000e+00  8.8711407191564839e-01
2177   3.6987260658838911e-01  8.6239627408904396e-01  1.0000000000000000e+00  8.8711407191564839e-01
2178   3.8415110559521787e-01  7.1191988181789634e-01  1.0000000000000000e+00  8.5965533265188709e-01
2179   3.8093308075064058e-01  7.1683432297950456e-01  1.0000000000000000e+00  8.5965533265188709e-01
2180   3.7449703106148607e-01  7.2666320530272099e-01  1.0000000000000000e+00  8.5965533265188709e-01
2181   3.6484295652775428e-01  7.4140652878754587e-01  1.0000000000000000e+00  8.5965533265188709e-01
2182   3.5518888199402232e-01  7.5614985227237053e-01  1.0000000000000000e+00  8.5965533265188709e-01
2183   3.4553480746029053e-01  7.7089317575719507e-01  1.0000000000000000e+00  8.5965533265188721e-01
2184   3.3588073292655873e-01  7.8563649924201995e-01  1.0000000000000000e+00  8.5965533265188709e-01
2185   3.2622665839282688e-01  8.0037982272684449e-01  1.0000000000000000e+00  8.5965533265188709e-01
2186   3.1657258385909498e-01  8.1512314621166904e-01  1.0000000000000000e+00  8.5965533265188721e-01
2187   3.1013653416994047e-01  8.2495202853488570e-01  1.0000000000000000e+00  8.5965533265188709e-01
2188   3.0691850932536319e-01  8.2986646969649402e-01  1.0000000000000000e+00  8.5965533265188709e-01
2189   3.5044221488088739e-01  6.8455778511911247e-01  1.0000000000000000e+00  8.5050241956396677e-01
2190   3.4628783196091212e-01  6.8871216803908786e-01  1.0000000000000000e+00  8.5050241956396677e-01
2191   3.3797906612096140e-01  6.9702093387903852e-01  1.0000000000000000e+00  8.5050241956396677e-01
2192   3.2551591736103536e-01  7.0948408263896467e-01  1.0000000000000000e+00  8.5050241956396677e-01
2193   3.1305276860110937e-01  7.2194723139889072e-01  1.0000000000000000e+00  8.5050241956396666e-01
2194   3.0058961984118326e-01  7.3441038015881666e-01  1.0000000000000000e+00  8.5050241956396677e-01
2195   2.8812647108125727e-01  7.4687352891874259e-01  1.0000000000000000e+00  8.5050241956396677e-01
2196   2.7566332232133117e-01  7.5933667767866875e-01  1.0000000000000000e+00  8.5050241956396677e-01
2197   2.6320017356140518e-01  7.7179982643859479e-01  1.0000000000000000e+00  8.5050241956396677e-01
2198   2.5489140772145447e-01  7.8010859227854545e-01  1.0000000000000000e+00  8.5050241956396677e-01
2199   2.5073702480147914e-01  7.8426297519852095e-01  1.0000000000000000e+00  8.5050241956396677e-01
2200   3.2308011818210358e-01  6.5084889440478211e-01  1.0000000000000000e+00  8.5965533265188709e-01
2201   3.1816567702049531e-01  6.5406691924935945e-01  1.0000000000000000e+00  8.5965533265188709e-01
2202   3.0833679469727887e-01  6.6050296893851390e-01  1.0000000000000000e+00  8.5965533265188709e-01
2203   2.9359347121245416e-01  6.7015704347224581e-01  1.0000000000000000e+00  8.5965533265188709e-01
2204   2.7885014772762945e-01  6.7981111800597760e-01  1.0000000000000000e+00  8.5965533265188709e-01
2205   2.6410682424280474e-01  6.8946519253970928e-01  1.0000000000000000e+00  8.5965533265188721e-01
2206   2.4936350075798008e-01  6.9911926707344130e-01  1.0000000000000000e+00  8.5965533265188709e-01
2207   2.3462017727315537e-01  7.0877334160717320e-01  1.0000000000000000e+00  8.5965533265188709e-01
2208   2.1987685378833063e-01  7.1842741614090488e-01  1.0000000000000000e+00  8.5965533265188721e-01
2209   2.1004797146511422e-01  7.2486346583005956e-01  1.0000000000000000e+00  8.5965533265188709e-01
2210   2.0513353030350598e-01  7.2808149067463679e-01  1.0000000000000000e+00  8.5965533265188709e-01
2211   3.0356223554657352e-01  6.1307643604696660e-01  1.0000000000000000e+00  8.8711407191564828e-01
2212   2.9810563097842274e-01  6.1524522593716013e-01  1.0000000000000000e+00  8.8711407191564828e-01
2213   2.8719242184212135e-01  6.1958280571754709e-01  1.0000000000000000e+00  8.8711407191564828e-01
2214   2.7082260813766917e-01  6.2608917538812769e-01  1.0000000000000000e+00  8.8711407191564828e-01
2215   2.5445279443321694e-01  6.3259554505870819e-01  1.0000000000000000e+00  8.8711407191564828e-01
2216   2.3808298072876469e-01  6.3910191472928857e-01  1.0000000000000000e+00  8.8711407191564839e-01
2217   2.2171316702431254e-01  6.4560828439986928e-01  1.0000000000000000e+00  8.8711407191564828e-01
2218   2.0534335331986031e-01  6.5211465407044988e-01  1.0000000000000000e+00  8.8711407191564828e-01
2219   1.8897353961540808e-01  6.5862102374103026e-01  1.0000000000000000e+00  8.8711407191564839e-01
2220   1.7806033047910663e-01  6.6295860352141744e-01  1.0000000000000000e+00  8.8711407191564828e-01
2221   1.7260372591095591e-01  6.6512739341161087e-01  1.0000000000000000e+00  8.8711407191564828e-01
2222   2.9234489237121097e-01  5.7382285690160006e-01  1.0000000000000000e+00  9.3287863735525045e-01
2223   2.8657669493707782e-01  5.7490126959331112e-01  1.0000000000000000e+00  9.3287863735525045e-01
2224   2.7504030006881180e-01  5.7705809497673333e-01  1.0000000000000000e+00  9.3287863735525045e-01
2225   2.5773570776641275e-01  5.8029333305186670e-01  1.0000000000000000e+00  9.3287863735525045e-01
2226   2.4043111546401369e-01  5.8352857112700007e-01  1.0000000000000000e+00  9.3287863735525034e-01
2227   2.2312652316161458e-01  5.8676380920213345e-01  1.0000000000000000e+00  9.3287863735525045e-01
2228   2.0582193085921552e-01  5.8999904727726682e-01  1.0000000000000000e+00  9.3287863735525045e-01
2229   1.8851733855681643e-01  5.9323428535240019e-01  1.0000000000000000e+00  9.3287863735525045e-01
2230   1.7121274625441732e-01  5.9646952342753345e-01  1.0000000000000000e+00  9.3287863735525045e-01
2231   1.5967635138615124e-01  5.9862634881095567e-01  1.0000000000000000e+00  9.3287863735525045e-01
2232   1.5390815395201823e-01  5.9970476150266683e-01  1.0000000000000000e+00  9.3287863735525045e-01
2233   2.8999999999999998e-01  5.4768395572233131e-01  1.0000000000000000e+00  9.7559223176554555e-01
2234   2.8416666666666662e-01  5.4803628782572944e-01  1.0000000000000000e+00  9.7559223176554555e-01
2235   2.7250000000000008e-01  5.4874095203252560e-01  1.0000000000000000e+00  9.7559223176554555e-01
2236   2.5500000000000000e-01  5.4979794834271989e-01  1.0000000000000000e+00  9.7559223176554555e-01
2237   2.3749999999999999e-01  5.5085494465291418e-01  1.0000000000000000e+00  9.7559223176554555e-01
2238   2.2000000000000000e-01  5.5191194096310847e-01  1.0000000000000000e+00  9.7559223176554566e-01
2239   2.0250000000000001e-01  5.5296893727330276e-01  1.0000000000000000e+00  9.7559223176554555e-01
2240   1.8500000000000000e-01  5.5402593358349705e-01  1.0000000000000000e+00  9.7559223176554555e-01
2241   1.6749999999999998e-01  5.5508292989369123e-01  1.0000000000000000e+00  9.7559223176554566e-01
2242   1.5583333333333332e-01  5.5578759410048739e-01  1.0000000000000000e+00  9.7559223176554555e-01
2243   1.4999999999999999e-01  5.5613992620388553e-01  1.0000000000000000e+00  9.7559223176554555e-01
2244   2.8999999999999998e-01  5.3500000000000003e-01  1.0000000000000000e+00  1.0000000000000000e+00
2245   2.8416666666666662e-01  5.3500000000000003e-01  1.0000000000000000e+00  1.0000000000000000e+00
2246   2.7250000000000002e-01  5.3500000000000003e-01  1.0000000000000000e+00  1.0000000000000000e+00
2247   2.5500000000000000e-01  5.3500000000000003e-01  1.0000000000000000e+00  1.0000000000000000e+00
2248   2.3749999999999999e-01  5.3500000000000003e-01  1.0000000000000000e+00  1.0000000000000000e+00
2249   2.2000000000000000e-01  5.3500000000000014e-01  1.0000000000000000e+00  1.0000000000000000e+00
2250   2.0250000000000001e-01  5.3500000000000003e-01  1.0000000000000000e+00  1.0000000000000000e+00
2251   1.8500000000000000e-01  5.3500000000000003e-01  1.0000000000000000e+00  1.0000000000000000e+00
2252   1.6749999999999998e-01  5.3500000000000003e-01  1.0000000000000000e+00  1.0000000000000000e+00
2253   1.5583333333333332e-01  5.3500000000000003e-01  1.0000000000000000e+00  1.0000000000000000e+00
2254   1.4999999999999999e-01  5.3500000000000003e-01  1.0000000000000000e+00  1.0000000000000000e+00
2255   1.4999999999999999e-01  2.5500000000000000e-01  0.0000000000000000e+00  1.0000000000000000e+00
2256   1.5583333333333332e-01  2.5500000000000000e-01  0.0000000000000000e+00  1.0000000000000000e+00
2257   1.6749999999999998e-01  2.5500000000000000e-01  0.0000000000000000e+00  1.0000000000000000e+00
2258   1.8499999999999997e-01  2.5500000000000000e-01  0.0000000000000000e+00  1.0000000000000000e+00
2259   2.0249999999999999e-01  2.5500000000000000e-01  0.0000000000000000e+00  1.0000000000000000e+00
2260   2.1999999999999997e-01  2.5500000000000000e-01  0.0000000000000000e+00  1.0000000000000000e+00
2261   2.3749999999999996e-01  2.5500000000000000e-01  0.0000000000000000e+00  1.0000000000000000e+00
2262   2.5500000000000000e-01  2.5500000000000000e-01  0.0000000000000000e+00  1.0000000000000000e+00
2263   2.7249999999999996e-01  2.5500000000000000e-01  0.0000000000000000e+00  1.0000000000000000e+00
2264   2.8416666666666662e-01  2.5500000000000000e-01  0.0000000000000000e+00  1.0000000000000000e+00
2265   2.8999999999999998e-01  2.5500000000000000e-01  0.0000000000000000e+00  1.0000000000000000e+00
2266   1.4999999999999999e-01  2.6666666666666672e-01  0.0000000000000000e+00  1.0000000000000000e+00
2267   1.5583333333333332e-01  2.6666666666666672e-01  0.0000000000000000e+00  1.0000000000000000e+00
2268   1.6749999999999998e-01  2.6666666666666672e-01  0.0000000000000000e+00  1.0000000000000000e+00
2269   1.8499999999999997e-01  2.6666666666666666e-01  0.0000000000000000e+00  1.0000000000000000e+00
2270   2.0249999999999999e-01  2.6666666666666672e-01  0.0000000000000000e+00  1.0000000000000000e+00
2271   2.1999999999999997e-01  2.6666666666666672e-01  0.0000000000000000e+00  1.0000000000000000e+00
2272   2.3749999999999996e-01  2.6666666666666672e-01  0.0000000000000000e+00  1.0000000000000000e+00
2273   2.5500000000000000e-01  2.6666666666666672e-01  0.0000000000000000e+00  1.0000000000000000e+00
2274   2.7249999999999996e-01  2.6666666666666672e-01  0.0000000000000000e+00  1.0000000000000000e+00
2275   2.8416666666666662e-01  2.6666666666666672e-01  0.0000000000000000e+00  1.0000000000000000e+00
2276   2.8999999999999998e-01  2.6666666666666672e-01  0.0000000000000000e+00  1.0000000000000000e+00
2277   1.5000000000000002e-01  2.9000000000000004e-01  0.0000000000000000e+00  1.0000000000000000e+00
2278   1.5583333333333332e-01  2.9000000000000004e-01  0.0000000000000000e+00  1.0000000000000000e+00
2279   1.6749999999999998e-01  2.9000000000000004e-01  0.0000000000000000e+00  1.0000000000000000e+00
2280   1.8499999999999997e-01  2.9000000000000004e-01  0.0000000000000000e+00  1.0000000000000000e+00
2281   2.0249999999999999e-01  2.9000000000000004e-01  0.0000000000000000e+00  1.0000000000000000e+00
2282   2.1999999999999995e-01  2.9000000000000004e-01  0.0000000000000000e+00  1.0000000000000000e+00
2283   2.3749999999999996e-01  2.9000000000000004e-01  0.0000000000000000e+00  1.0000000000000000e+00
2284   2.5500000000000000e-01  2.9000000000000004e-01  0.0000000000000000e+00  1.0000000000000000e+00
2285   2.7249999999999996e-01  2.9000000000000004e-01  0.0000000000000000e+00  1.0000000000000000e+00
2286   2.8416666666666662e-01  2.9000000000000004e-01  0.0000000000000000e+00  1.0000000000000000e+00
2287   2.8999999999999998e-01  2.9000000000000004e-01  0.0000000000000000e+00  1.0000000000000000e+00
2288   1.5000000000000002e-01  3.2500000000000001e-01  0.0000000000000000e+00  1.0000000000000000e+00
2289   1.5583333333333332e-01  3.2500000000000001e-01  0.0000000000000000e+00  1.0000000000000000e+00
2290   1.6749999999999998e-01  3.2500000000000001e-01  0.0000000000000000e+00  1.0000000000000000e+00
2291   1.8500000000000000e-01  3.2500000000000001e-01  0.0000000000000000e+00  1.0000000000000000e+00
2292   2.0249999999999999e-01  3.2500000000000001e-01  0.0000000000000000e+00  1.0000000000000000e+00
2293   2.1999999999999997e-01  3.2500000000000001e-01  0.0000000000000000e+00  1.0000000000000000e+00
2294   2.3749999999999996e-01  3.2500000000000001e-01  0.0000000000000000e+00  1.0000000000000000e+00
2295   2.5500000000000000e-01  3.2500000000000001e-01  0.0000000000000000e+00  1.0000000000000000e+00
2296   2.7249999999999996e-01  3.2500000000000001e-01  0.0000000000000000e+00  1.0000000000000000e+00
2297   2.8416666666666662e-01  3.2500000000000001e-01  0.0000000000000000e+00  1.0000000000000000e+00
2298   2.9000000000000004e-01  3.2500000000000001e-01  0.0000000000000000e+00  1.0000000000000000e+00
2299   1.4999999999999997e-01  3.6000000000000004e-01  0.0000000000000000e+00  1.0000000000000000e+00
2300   1.5583333333333330e-01  3.6000000000000004e-01  0.0000000000000000e+00  1.0000000000000000e+00
2301   1.6749999999999998e-01  3.6000000000000004e-01  0.0000000000000000e+00  1.0000000000000000e+00
2302   1.8499999999999997e-01  3.5999999999999999e-01  0.0000000000000000e+00  1.0000000000000000e+00
2303   2.0249999999999999e-01  3.6000000000000004e-01  0.0000000000000000e+00  1.0000000000000000e+00
2304   2.1999999999999997e-01  3.6000000000000004e-01  0.0000000000000000e+00  1.0000000000000000e+00
2305   2.3749999999999999e-01  3.6000000000000004e-01  0.0000000000000000e+00  1.0000000000000000e+00
2306   2.5500000000000000e-01  3.6000000000000004e-01  0.0000000000000000e+00  1.0000000000000000e+00
2307   2.7249999999999996e-01  3.6000000000000004e-01  0.0000000000000000e+00  1.0000000000000000e+00
2308   2.8416666666666662e-01  3.6000000000000004e-01  0.0000000000000000e+00  1.0000000000000000e+00
2309   2.8999999999999998e-01  3.6000000000000004e-01  0.0000000000000000e+00  1.0000000000000000e+00
2310   1.4999999999999999e-01  3.9499999999999996e-01  0.0000000000000000e+00  1.0000000000000000e+00
2311   1.5583333333333332e-01  3.9500000000000002e-01  0.0000000000000000e+00  1.0000000000000000e+00
2312   1.6749999999999998e-01  3.9500000000000002e-01  0.0000000000000000e+00  1.0000000000000000e+00
2313   1.8499999999999994e-01  3.9499999999999996e-01  0.0000000000000000e+00  1.0000000000000000e+00
2314   2.0250000000000001e-01  3.9500000000000002e-01  0.0000000000000000e+00  1.0000000000000000e+00
2315   2.2000000000000000e-01  3.9500000000000002e-01  0.0000000000000000e+00  1.0000000000000000e+00
2316   2.3749999999999996e-01  3.9499999999999996e-01  0.0000000000000000e+00  1.0000000000000000e+00
2317   2.5500000000000000e-01  3.9499999999999996e-01  0.0000000000000000e+00  1.0000000000000000e+00
2318   2.7249999999999996e-01  3.9499999999999996e-01  0.0000000000000000e+00  1.0000000000000000e+00
2319   2.8416666666666668e-01  3.9499999999999996e-01  0.0000000000000000e+00  1.0000000000000000e+00
2320   2.8999999999999998e-01  3.9499999999999996e-01  0.0000000000000000e+00  1.0000000000000000e+00
2321   1.4999999999999999e-01  4.3000000000000005e-01  0.0000000000000000e+00  1.0000000000000000e+00
2322   1.5583333333333332e-01  4.3000000000000005e-01  0.0000000000000000e+00  1.0000000000000000e+00
2323   1.6749999999999998e-01  4.3000000000000005e-01  0.0000000000000000e+00  1.0000000000000000e+00
2324   1.8499999999999994e-01  4.3000000000000005e-01  0.0000000000000000e+00  1.0000000000000000e+00
2325   2.0249999999999999e-01  4.3000000000000005e-01  0.0000000000000000e+00  1.0000000000000000e+00
2326   2.1999999999999997e-01  4.3000000000000010e-01  0.0000000000000000e+00  1.0000000000000000e+00
2327   2.3749999999999999e-01  4.3000000000000005e-01  0.0000000000000000e+00  1.0000000000000000e+00
2328   2.5500000000000000e-01  4.3000000000000005e-01  0.0000000000000000e+00  1.0000000000000000e+00
2329   2.7249999999999996e-01  4.3000000000000005e-01  0.0000000000000000e+00  1.0000000000000000e+00
2330   2.8416666666666662e-01  4.3000000000000005e-01  0.0000000000000000e+00  1.0000000000000000e+00
2331   2.9000000000000004e-01  4.3000000000000005e-01  0.0000000000000000e+00  1.0000000000000000e+00
2332   1.4999999999999999e-01  4.6500000000000002e-01  0.0000000000000000e+00  1.0000000000000000e+00
2333   1.5583333333333332e-01  4.6500000000000008e-01  0.0000000000000000e+00  1.0000000000000000e+00
2334   1.6749999999999998e-01  4.6500000000000008e-01  0.0000000000000000e+00  1.0000000000000000e+00
2335   1.8499999999999997e-01  4.6500000000000008e-01  0.0000000000000000e+00  1.0000000000000000e+00
2336   2.0249999999999999e-01  4.6500000000000008e-01  0.0000000000000000e+00  1.0000000000000000e+00
2337   2.1999999999999997e-01  4.6500000000000008e-01  0.0000000000000000e+00  1.0000000000000000e+00
2338   2.3749999999999999e-01  4.6500000000000002e-01  0.0000000000000000e+00  1.0000000000000000e+00
2339   2.5500000000000000e-01  4.6500000000000002e-01  0.0000000000000000e+00  1.0000000000000000e+00
2340   2.7249999999999996e-01  4.6500000000000002e-01  0.0000000000000000e+00  1.0000000000000000e+00
2341   2.8416666666666662e-01  4.6500000000000002e-01  0.0000000000000000e+00  1.0000000000000000e+00
2342   2.8999999999999998e-01  4.6500000000000002e-01  0.0000000000000000e+00  1.0000000000000000e+00
2343   1.4999999999999999e-01  5.0000000000000000e-01  0.0000000000000000e+00  1.0000000000000000e+00
2344   1.5583333333333332e-01  5.0000000000000000e-01  0.0000000000000000e+00  1.0000000000000000e+00
2345   1.6749999999999998e-01  5.0000000000000000e-01  0.0000000000000000e+00  1.0000000000000000e+00
2346   1.8499999999999997e-01  5.0000000000000000e-01  0.0000000000000000e+00  1.0000000000000000e+00
2347   2.0249999999999999e-01  5.0000000000000000e-01  0.0000000000000000e+00  1.0000000000000000e+00
2348   2.1999999999999997e-01  5.0000000000000011e-01  0.0000000000000000e+00  1.0000000000000000e+00
2349   2.3749999999999993e-01  5.0000000000000000e-01  0.0000000000000000e+00  1.0000000000000000e+00
2350   2.5500000000000000e-01  5.0000000000000000e-01  0.0000000000000000e+00  1.0000000000000000e+00
2351   2.7249999999999996e-01  5.0000000000000000e-01  0.0000000000000000e+00  1.0000000000000000e+00
2352   2.8416666666666662e-01  5.0000000000000000e-01  0.0000000000000000e+00  1.0000000000000000e+00
2353   2.8999999999999998e-01  5.0000000000000000e-01  0.0000000000000000e+00  1.0000000000000000e+00
2354   1.4999999999999999e-01  5.2333333333333332e-01  0.0000000000000000e+00  1.0000000000000000e+00
2355   1.5583333333333332e-01  5.2333333333333332e-01  0.0000000000000000e+00  1.0000000000000000e+00
2356   1.6749999999999998e-01  5.2333333333333332e-01  0.0000000000000000e+00  1.0000000000000000e+00
2357   1.8499999999999997e-01  5.2333333333333332e-01  0.0000000000000000e+00  1.0000000000000000e+00
2358   2.0249999999999999e-01  5.2333333333333332e-01  0.0000000000000000e+00  1.0000000000000000e+00
2359   2.1999999999999997e-01  5.2333333333333343e-01  0.0000000000000000e+00  1.0000000000000000e+00
2360   2.3749999999999996e-01  5.2333333333333332e-01  0.0000000000000000e+00  1.0000000000000000e+00
2361   2.5500000000000000e-01  5.2333333333333332e-01  0.0000000000000000e+00  1.0000000000000000e+00
2362   2.7249999999999996e-01  5.2333333333333332e-01  0.0000000000000000e+00  1.0000000000000000e+00
2363   2.8416666666666662e-01  5.2333333333333332e-01  0.0000000000000000e+00  1.0000000000000000e+00
2364   2.8999999999999998e-01  5.2333333333333332e-01  0.0000000000000000e+00  1.0000000000000000e+00
2365   1.4999999999999999e-01  2.5500000000000000e-01  1.6666666666666669e-01  1.0000000000000000e+00
2366   1.5583333333333332e-01  2.5500000000000000e-01  1.6666666666666669e-01  1.0000000000000000e+00
2367   1.6749999999999998e-01  2.5500000000000000e-01  1.6666666666666671e-01  1.0000000000000000e+00
2368   1.8499999999999997e-01  2.5500000000000000e-01  1.6666666666666671e-01  1.0000000000000000e+00
2369   2.0249999999999999e-01  2.5500000000000000e-01  1.6666666666666669e-01  1.0000000000000000e+00
2370   2.1999999999999997e-01  2.5500000000000000e-01  1.6666666666666669e-01  1.0000000000000000e+00
2371   2.3749999999999996e-01  2.5500000000000000e-01  1.6666666666666669e-01  1.0000000000000000e+00
2372   2.5500000000000000e-01  2.5500000000000000e-01  1.6666666666666669e-01  1.0000000000000000e+00
2373   2.7249999999999996e-01  2.5500000000000000e-01  1.6666666666666669e-01  1.0000000000000000e+00
2374   2.8416666666666662e-01  2.5500000000000000e-01  1.6666666666666669e-01  1.0000000000000000e+00
2375   2.8999999999999998e-01  2.5500000000000000e-01  1.6666666666666669e-01  1.0000000000000000e+00
2376   1.4999999999999999e-01  2.6666666666666672e-01  1.6666666666666669e-01  1.0000000000000000e+00
2377   1.5583333333333332e-01  2.6666666666666672e-01  1.6666666666666669e-01  1.0000000000000000e+00
2378   1.6749999999999998e-01  2.6666666666666672e-01  1.6666666666666671e-01  1.0000000000000000e+00
2379   1.8499999999999997e-01  2.6666666666666666e-01  1.6666666666666671e-01  1.0000000000000000e+00
2380   2.0249999999999999e-01  2.6666666666666672e-01  1.6666666666666669e-01  1.0000000000000000e+00
2381   2.1999999999999997e-01  2.6666666666666672e-01  1.6666666666666669e-01  1.0000000000000000e+00
2382   2.3749999999999996e-01  2.6666666666666672e-01  1.6666666666666669e-01  1.0000000000000000e+00
2383   2.5500000000000000e-01  2.6666666666666672e-01  1.6666666666666669e-01  1.0000000000000000e+00
2384   2.7249999999999996e-01  2.6666666666666672e-01  1.6666666666666669e-01  1.0000000000000000e+00
2385   2.8416666666666662e-01  2.6666666666666672e-01  1.6666666666666669e-01  1.0000000000000000e+00
2386   2.8999999999999998e-01  2.6666666666666672e-01  1.6666666666666669e-01  1.0000000000000000e+00
2387   1.5000000000000002e-01  2.9000000000000004e-01  1.6666666666666671e-01  1.0000000000000000e+00
2388   1.5583333333333332e-01  2.9000000000000004e-01  1.6666666666666671e-01  1.0000000000000000e+00
2389   1.6749999999999998e-01  2.9000000000000004e-01  1.6666666666666671e-01  1.0000000000000000e+00
2390   1.8499999999999997e-01  2.9000000000000004e-01  1.6666666666666671e-01  1.0000000000000000e+00
2391   2.0249999999999999e-01  2.9000000000000004e-01  1.6666666666666671e-01  1.0000000000000000e+00
2392   2.1999999999999995e-01  2.9000000000000004e-01  1.6666666666666671e-01  1.0000000000000000e+00
2393   2.3749999999999996e-01  2.9000000000000004e-01  1.6666666666666671e-01  1.0000000000000000e+00
2394   2.5500000000000000e-01  2.9000000000000004e-01  1.6666666666666671e-01  1.0000000000000000e+00
2395   2.7249999999999996e-01  2.9000000000000004e-01  1.6666666666666671e-01  1.0000000000000000e+00
2396   2.8416666666666662e-01  2.9000000000000004e-01  1.6666666666666671e-01  1.0000000000000000e+00
2397   2.8999999999999998e-01  2.9000000000000004e-01  1.6666666666666671e-01  1.0000000000000000e+00
2398   1.5000000000000002e-01  3.2500000000000001e-01  1.6666666666666671e-01  1.0000000000000000e+00
2399   1.5583333333333332e-01  3.2500000000000001e-01  1.6666666666666671e-01  1.0000000000000000e+00
2400   1.6749999999999998e-01  3.2500000000000001e-01  1.6666666666666671e-01  1.0000000000000000e+00
2401   1.8500000000000000e-01  3.2500000000000007e-01  1.6666666666666671e-01  1.0000000000000000e+00
2402   2.0249999999999999e-01  3.2500000000000001e-01  1.6666666666666671e-01  1.0000000000000000e+00
2403   2.1999999999999997e-01  3.2500000000000001e-01  1.6666666666666671e-01  1.0000000000000000e+00
2404   2.3749999999999996e-01  3.2500000000000001e-01  1.6666666666666671e-01  1.0000000000000000e+00
2405   2.5500000000000000e-01  3.2500000000000001e-01  1.6666666666666671e-01  1.0000000000000000e+00
2406   2.7249999999999996e-01  3.2500000000000001e-01  1.6666666666666671e-01  1.0000000000000000e+00
2407   2.8416666666666662e-01  3.2500000000000001e-01  1.6666666666666671e-01  1.0000000000000000e+00
2408   2.9000000000000004e-01  3.2500000000000001e-01  1.6666666666666671e-01  1.0000000000000000e+00
2409   1.4999999999999997e-01  3.6000000000000004e-01  1.6666666666666669e-01  1.0000000000000000e+00
2410   1.5583333333333330e-01  3.6000000000000004e-01  1.6666666666666669e-01  1.0000000000000000e+00
2411   1.6749999999999998e-01  3.6000000000000004e-01  1.6666666666666671e-01  1.0000000000000000e+00
2412   1.8499999999999997e-01  3.5999999999999999e-01  1.6666666666666671e-01  1.0000000000000000e+00
2413   2.0249999999999999e-01  3.6000000000000004e-01  1.6666666666666669e-01  1.0000000000000000e+00
2414   2.1999999999999997e-01  3.6000000000000004e-01  1.6666666666666669e-01  1.0000000000000000e+00
2415   2.3749999999999999e-01  3.6000000000000004e-01  1.6666666666666669e-01  1.0000000000000000e+00
2416   2.5500000000000000e-01  3.6000000000000004e-01  1.6666666666666669e-01  1.0000000000000000e+00
2417   2.7249999999999996e-01  3.6000000000000004e-01  1.6666666666666669e-01  1.0000000000000000e+00
2418   2.8416666666666662e-01  3.6000000000000004e-01  1.6666666666666669e-01  1.0000000000000000e+00
2419   2.8999999999999998e-01  3.6000000000000004e-01  1.6666666666666669e-01  1.0000000000000000e+00
2420   1.4999999999999999e-01  3.9500000000000002e-01  1.6666666666666669e-01  1.0000000000000000e+00
2421   1.5583333333333332e-01  3.9500000000000002e-01  1.6666666666666669e-01  1.0000000000000000e+00
2422   1.6749999999999998e-01  3.9500000000000002e-01  1.6666666666666674e-01  1.0000000000000000e+00
2423   1.8499999999999994e-01  3.9500000000000002e-01  1.6666666666666674e-01  1.0000000000000000e+00
2424   2.0250000000000001e-01  3.9500000000000002e-01  1.6666666666666669e-01  1.0000000000000000e+00
2425   2.2000000000000000e-01  3.9500000000000002e-01  1.6666666666666669e-01  1.0000000000000000e+00
2426   2.3749999999999996e-01  3.9500000000000002e-01  1.6666666666666669e-01  1.0000000000000000e+00
2427   2.5500000000000000e-01  3.9500000000000002e-01  1.6666666666666669e-01  1.0000000000000000e+00
2428   2.7249999999999996e-01  3.9500000000000002e-01  1.6666666666666669e-01  1.0000000000000000e+00
2429   2.8416666666666668e-01  3.9500000000000002e-01  1.6666666666666669e-01  1.0000000000000000e+00
2430   2.8999999999999998e-01  3.9500000000000002e-01  1.6666666666666669e-01  1.0000000000000000e+00
2431   1.4999999999999999e-01  4.3000000000000005e-01  1.6666666666666669e-01  1.0000000000000000e+00
2432   1.5583333333333332e-01  4.3000000000000005e-01  1.6666666666666669e-01  1.0000000000000000e+00
2433   1.6749999999999998e-01  4.3000000000000005e-01  1.6666666666666669e-01  1.0000000000000000e+00
2434   1.8499999999999994e-01  4.3000000000000005e-01  1.6666666666666669e-01  1.0000000000000000e+00
2435   2.0249999999999999e-01  4.3000000000000005e-01  1.6666666666666669e-01  1.0000000000000000e+00
2436   2.1999999999999997e-01  4.3000000000000010e-01  1.6666666666666669e-01  1.0000000000000000e+00
2437   2.3749999999999999e-01  4.3000000000000005e-01  1.6666666666666669e-01  1.0000000000000000e+00
2438   2.5500000000000000e-01  4.3000000000000005e-01  1.6666666666666669e-01  1.0000000000000000e+00
2439   2.7249999999999996e-01  4.3000000000000005e-01  1.6666666666666669e-01  1.0000000000000000e+00
2440   2.8416666666666662e-01  4.3000000000000005e-01  1.6666666666666669e-01  1.0000000000000000e+00
2441   2.9000000000000004e-01  4.3000000000000005e-01  1.6666666666666669e-01  1.0000000000000000e+00
2442   1.4999999999999999e-01  4.6500000000000008e-01  1.6666666666666669e-01  1.0000000000000000e+00
2443   1.5583333333333332e-01  4.6500000000000008e-01  1.6666666666666669e-01  1.0000000000000000e+00
2444   1.6749999999999998e-01  4.6500000000000008e-01  1.6666666666666671e-01  1.0000000000000000e+00
2445   1.8499999999999997e-01  4.6500000000000008e-01  1.6666666666666671e-01  1.0000000000000000e+00
2446   2.0249999999999999e-01  4.6500000000000008e-01  1.6666666666666669e-01  1.0000000000000000e+00
2447   2.1999999999999997e-01  4.6500000000000008e-01  1.6666666666666669e-01  1.0000000000000000e+00
2448   2.3749999999999999e-01  4.6500000000000008e-01  1.6666666666666669e-01  1.0000000000000000e+00
2449   2.5500000000000000e-01  4.6500000000000008e-01  1.6666666666666669e-01  1.0000000000000000e+00
2450   2.7249999999999996e-01  4.6500000000000008e-01  1.6666666666666669e-01  1.0000000000000000e+00
2451   2.8416666666666662e-01  4.6500000000000008e-01  1.6666666666666669e-01  1.0000000000000000e+00
2452   2.8999999999999998e-01  4.6500000000000008e-01  1.6666666666666669e-01  1.0000000000000000e+00
2453   1.4999999999999999e-01  5.0000000000000000e-01  1.6666666666666669e-01  1.0000000000000000e+00
2454   1.5583333333333332e-01  5.0000000000000000e-01  1.6666666666666669e-01  1.0000000000000000e+00
2455   1.6749999999999998e-01  5.0000000000000000e-01  1.6666666666666671e-01  1.0000000000000000e+00
2456   1.8499999999999997e-01  5.0000000000000000e-01  1.6666666666666671e-01  1.0000000000000000e+00
2457   2.0249999999999999e-01  5.0000000000000000e-01  1.6666666666666669e-01  1.0000000000000000e+00
2458   2.1999999999999997e-01  5.0000000000000011e-01  1.6666666666666669e-01  1.0000000000000000e+00
2459   2.3749999999999993e-01  5.0000000000000000e-01  1.6666666666666669e-01  1.0000000000000000e+00
2460   2.5500000000000000e-01  5.0000000000000000e-01  1.6666666666666669e-01  1.0000000000000000e+00
2461   2.7249999999999996e-01  5.0000000000000000e-01  1.6666666666666669e-01  1.0000000000000000e+00
2462   2.8416666666666662e-01  5.0000000000000000e-01  1.6666666666666669e-01  1.0000000000000000e+00
2463   2.8999999999999998e-01  5.0000000000000000e-01  1.6666666666666669e-01  1.0000000000000000e+00
2464   1.4999999999999999e-01  5.2333333333333343e-01  1.6666666666666669e-01  1.0000000000000000e+00
2465   1.5583333333333332e-01  5.2333333333333343e-01  1.6666666666666669e-01  1.0000000000000000e+00
2466   1.6749999999999998e-01  5.2333333333333343e-01  1.6666666666666671e-01  1.0000000000000000e+00
2467   1.8499999999999997e-01  5.2333333333333332e-01  1.6666666666666671e-01  1.0000000000000000e+00
2468   2.0249999999999999e-01  5.2333333333333343e-01  1.6666666666666669e-01  1.0000000000000000e+00
2469   2.1999999999999997e-01  5.2333333333333343e-01  1.6666666666666669e-01  1.0000000000000000e+00
2470   2.3749999999999996e-01  5.2333333333333343e-01  1.6666666666666669e-01  1.0000000000000000e+00
2471   2.5500000000000000e-01  5.2333333333333343e-01  1.6666666666666669e-01  1.0000000000000000e+00
2472   2.7249999999999996e-01  5.2333333333333343e-01  1.6666666666666669e-01  1.0000000000000000e+00
2473   2.8416666666666662e-01  5.2333333333333343e-01  1.6666666666666669e-01  1.0000000000000000e+00
2474   2.8999999999999998e-01  5.2333333333333343e-01  1.6666666666666669e-01  1.0000000000000000e+00
2475   1.4999999999999999e-01  2.5500000000000000e-01  5.0000000000000000e-01  1.0000000000000000e+00
2476   1.5583333333333332e-01  2.5500000000000000e-01  5.0000000000000000e-01  1.0000000000000000e+00
2477   1.6749999999999998e-01  2.5500000000000000e-01  5.0000000000000011e-01  1.0000000000000000e+00
2478   1.8499999999999997e-01  2.5500000000000000e-01  5.0000000000000011e-01  1.0000000000000000e+00
2479   2.0249999999999999e-01  2.5500000000000000e-01  5.0000000000000000e-01  1.0000000000000000e+00
2480   2.1999999999999997e-01  2.5500000000000000e-01  5.0000000000000000e-01  1.0000000000000000e+00
2481   2.3749999999999996e-01  2.5500000000000000e-01  5.0000000000000000e-01  1.0000000000000000e+00
2482   2.5500000000000000e-01  2.5500000000000000e-01  5.0000000000000000e-01  1.0000000000000000e+00
2483   2.7249999999999996e-01  2.5500000000000000e-01  5.0000000000000000e-01  1.0000000000000000e+00
2484   2.8416666666666662e-01  2.5500000000000000e-01  5.0000000000000000e-01  1.0000000000000000e+00
2485   2.8999999999999998e-01  2.5500000000000000e-01  5.0000000000000000e-01  1.0000000000000000e+00
2486   1.4999999999999999e-01  2.6666666666666672e-01  5.0000000000000000e-01  1.0000000000000000e+00
2487   1.5583333333333332e-01  2.6666666666666672e-01  5.0000000000000000e-01  1.0000000000000000e+00
2488   1.6749999999999998e-01  2.6666666666666672e-01  5.0000000000000011e-01  1.0000000000000000e+00
2489   1.8499999999999997e-01  2.6666666666666666e-01  5.0000000000000011e-01  1.0000000000000000e+00
2490   2.0249999999999999e-01  2.6666666666666672e-01  5.0000000000000000e-01  1.0000000000000000e+00
2491   2.1999999999999997e-01  2.6666666666666672e-01  5.0000000000000000e-01  1.0000000000000000e+00
2492   2.3749999999999996e-01  2.6666666666666672e-01  5.0000000000000000e-01  1.0000000000000000e+00
2493   2.5500000000000000e-01  2.6666666666666672e-01  5.0000000000000000e-01  1.0000000000000000e+00
2494   2.7249999999999996e-01  2.6666666666666672e-01  5.0000000000000000e-01  1.0000000000000000e+00
2495   2.8416666666666662e-01  2.6666666666666672e-01  5.0000000000000000e-01  1.0000000000000000e+00
2496   2.8999999999999998e-01  2.6666666666666672e-01  5.0000000000000000e-01  1.0000000000000000e+00
2497   1.5000000000000002e-01  2.9000000000000004e-01  5.0000000000000011e-01  1.0000000000000000e+00
2498   1.5583333333333332e-01  2.9000000000000004e-01  5.0000000000000011e-01  1.0000000000000000e+00
2499   1.6749999999999998e-01  2.9000000000000004e-01  5.0000000000000011e-01  1.0000000000000000e+00
2500   1.8499999999999997e-01  2.9000000000000004e-01  5.0000000000000011e-01  1.0000000000000000e+00
2501   2.0249999999999999e-01  2.9000000000000004e-01  5.0000000000000011e-01  1.0000000000000000e+00
2502   2.1999999999999995e-01  2.9000000000000004e-01  5.0000000000000011e-01  1.0000000000000000e+00
2503   2.3749999999999996e-01  2.9000000000000004e-01  5.0000000000000011e-01  1.0000000000000000e+00
2504   2.5500000000000000e-01  2.9000000000000004e-01  5.0000000000000011e-01  1.0000000000000000e+00
2505   2.7249999999999996e-01  2.9000000000000004e-01  5.0000000000000011e-01  1.0000000000000000e+00
2506   2.8416666666666662e-01  2.9000000000000004e-01  5.0000000000000011e-01  1.0000000000000000e+00
2507   2.8999999999999998e-01  2.9000000000000004e-01  5.0000000000000011e-01  1.0000000000000000e+00
2508   1.5000000000000002e-01  3.2500000000000001e-01  5.0000000000000011e-01  1.0000000000000000e+00
2509   1.5583333333333332e-01  3.2500000000000001e-01  5.0000000000000011e-01  1.0000000000000000e+00
2510   1.6749999999999998e-01  3.2500000000000001e-01  5.0000000000000011e-01  1.0000000000000000e+00
2511   1.8500000000000000e-01  3.2500000000000007e-01  5.0000000000000011e-01  1.0000000000000000e+00
2512   2.0249999999999999e-01  3.2500000000000001e-01  5.0000000000000011e-01  1.0000000000000000e+00
2513   2.1999999999999997e-01  3.2500000000000001e-01  5.0000000000000011e-01  1.0000000000000000e+00
2514   2.3749999999999996e-01  3.2500000000000001e-01  5.0000000000000011e-01  1.0000000000000000e+00
2515   2.5500000000000000e-01  3.2500000000000001e-01  5.0000000000000011e-01  1.0000000000000000e+00
2516   2.7249999999999996e-01  3.2500000000000001e-01  5.0000000000000011e-01  1.0000000000000000e+00
2517   2.8416666666666662e-01  3.2500000000000001e-01  5.0000000000000011e-01  1.0000000000000000e+00
2518   2.9000000000000004e-01  3.2500000000000001e-01  5.0000000000000011e-01  1.0000000000000000e+00
2519   1.4999999999999997e-01  3.6000000000000004e-01  5.0000000000000000e-01  1.0000000000000000e+00
2520   1.5583333333333330e-01  3.6000000000000004e-01  5.0000000000000000e-01  1.0000000000000000e+00
2521   1.6749999999999998e-01  3.6000000000000004e-01  5.0000000000000011e-01  1.0000000000000000e+00
2522   1.8499999999999997e-01  3.5999999999999999e-01  5.0000000000000011e-01  1.0000000000000000e+00
2523   2.0249999999999999e-01  3.6000000000000004e-01  5.0000000000000000e-01  1.0000000000000000e+00
2524   2.1999999999999997e-01  3.6000000000000004e-01  5.0000000000000000e-01  1.0000000000000000e+00
2525   2.3749999999999999e-01  3.6000000000000004e-01  5.0000000000000000e-01  1.0000000000000000e+00
2526   2.5500000000000000e-01  3.6000000000000004e-01  5.0000000000000000e-01  1.0000000000000000e+00
2527   2.7249999999999996e-01  3.6000000000000004e-01  5.0000000000000000e-01  1.0000000000000000e+00
2528   2.8416666666666662e-01  3.6000000000000004e-01  5.0000000000000000e-01  1.0000000000000000e+00
2529   2.8999999999999998e-01  3.6000000000000004e-01  5.0000000000000000e-01  1.0000000000000000e+00
2530   1.4999999999999999e-01  3.9500000000000002e-01  5.0000000000000000e-01  1.0000000000000000e+00
2531   1.5583333333333332e-01  3.9500000000000002e-01  5.0000000000000000e-01  1.0000000000000000e+00
2532   1.6749999999999998e-01  3.9500000000000002e-01  5.0000000000000022e-01  1.0000000000000000e+00
2533   1.8499999999999994e-01  3.9500000000000002e-01  5.0000000000000022e-01  1.0000000000000000e+00
2534   2.0250000000000001e-01  3.9500000000000002e-01  5.0000000000000000e-01  1.0000000000000000e+00
2535   2.2000000000000000e-01  3.9500000000000002e-01  5.0000000000000000e-01  1.0000000000000000e+00
2536   2.3749999999999996e-01  3.9500000000000002e-01  5.0000000000000000e-01  1.0000000000000000e+00
2537   2.5500000000000000e-01  3.9500000000000002e-01  5.0000000000000000e-01  1.0000000000000000e+00
2538   2.7249999999999996e-01  3.9500000000000002e-01  5.0000000000000000e-01  1.0000000000000000e+00
2539   2.8416666666666668e-01  3.9500000000000002e-01  5.0000000000000000e-01  1.0000000000000000e+00
2540   2.8999999999999998e-01  3.9500000000000002e-01  5.0000000000000000e-01  1.0000000000000000e+00
2541   1.4999999999999999e-01  4.3000000000000005e-01  5.0000000000000000e-01  1.0000000000000000e+00
2542   1.5583333333333332e-01  4.3000000000000005e-01  5.0000000000000000e-01  1.0000000000000000e+00
2543   1.6749999999999998e-01  4.3000000000000005e-01  5.0000000000000000e-01  1.0000000000000000e+00
2544   1.8499999999999994e-01  4.3000000000000005e-01  5.0000000000000000e-01  1.0000000000000000e+00
2545   2.0249999999999999e-01  4.3000000000000005e-01  5.0000000000000000e-01  1.0000000000000000e+00
2546   2.1999999999999997e-01  4.3000000000000010e-01  5.0000000000000000e-01  1.0000000000000000e+00
2547   2.3749999999999999e-01  4.3000000000000005e-01  5.0000000000000000e-01  1.0000000000000000e+00
2548   2.5500000000000000e-01  4.3000000000000005e-01  5.0000000000000000e-01  1.0000000000000000e+00
2549   2.7249999999999996e-01  4.3000000000000005e-01  5.0000000000000000e-01  1.0000000000000000e+00
2550   2.8416666666666662e-01  4.3000000000000005e-01  5.0000000000000000e-01  1.0000000000000000e+00
2551   2.9000000000000004e-01  4.3000000000000005e-01  5.0000000000000000e-01  1.0000000000000000e+00
2552   1.4999999999999999e-01  4.6500000000000008e-01  5.0000000000000000e-01  1.0000000000000000e+00
2553   1.5583333333333332e-01  4.6500000000000008e-01  5.0000000000000000e-01  1.0000000000000000e+00
2554   1.6749999999999998e-01  4.6500000000000008e-01  5.0000000000000011e-01  1.0000000000000000e+00
2555   1.8499999999999997e-01  4.6500000000000008e-01  5.0000000000000011e-01  1.0000000000000000e+00
2556   2.0249999999999999e-01  4.6500000000000008e-01  5.0000000000000000e-01  1.0000000000000000e+00
2557   2.1999999999999997e-01  4.6500000000000008e-01  5.0000000000000000e-01  1.0000000000000000e+00
2558   2.3749999999999999e-01  4.6500000000000008e-01  5.0000000000000000e-01  1.0000000000000000e+00
2559   2.5500000000000000e-01  4.6500000000000008e-01  5.0000000000000000e-01  1.0000000000000000e+00
2560   2.7249999999999996e-01  4.6500000000000008e-01  5.0000000000000000e-01  1.0000000000000000e+00
2561   2.8416666666666662e-01  4.6500000000000008e-01  5.0000000000000000e-01  1.0000000000000000e+00
2562   2.8999999999999998e-01  4.6500000000000008e-01  5.0000000000000000e-01  1.0000000000000000e+00
2563   1.4999999999999999e-01  5.0000000000000000e-01  5.0000000000000000e-01  1.0000000000000000e+00
2564   1.5583333333333332e-01  5.0000000000000000e-01  5.0000000000000000e-01  1.0000000000000000e+00
2565   1.6749999999999998e-01  5.0000000000000000e-01  5.0000000000000011e-01  1.0000000000000000e+00
2566   1.8499999999999997e-01  5.0000000000000000e-01  5.0000000000000011e-01  1.0000000000000000e+00
2567   2.0249999999999999e-01  5.0000000000000000e-01  5.0000000000000000e-01  1.0000000000000000e+00
2568   2.1999999999999997e-01  5.0000000000000011e-01  5.0000000000000000e-01  1.0000000000000000e+00
2569   2.3749999999999993e-01  5.0000000000000000e-01  5.0000000000000000e-01  1.0000000000000000e+00
2570   2.5500000000000000e-01  5.0000000000000000e-01  5.0000000000000000e-01  1.0000000000000000e+00
2571   2.7249999999999996e-01  5.0000000000000000e-01  5.0000000000000000e-01  1.0000000000000000e+00
2572   2.8416666666666662e-01  5.0000000000000000e-01  5.0000000000000000e-01  1.0000000000000000e+00
2573   2.8999999999999998e-01  5.0000000000000000e-01  5.0000000000000000e-01  1.0000000000000000e+00
2574   1.4999999999999999e-01  5.2333333333333343e-01  5.0000000000000000e-01  1.0000000000000000e+00
2575   1.5583333333333332e-01  5.2333333333333343e-01  5.0000000000000000e-01  1.0000000000000000e+00
2576   1.6749999999999998e-01  5.2333333333333343e-01  5.0000000000000011e-01  1.0000000000000000e+00
2577   1.8499999999999997e-01  5.2333333333333332e-01  5.0000000000000011e-01  1.0000000000000000e+00
2578   2.0249999999999999e-01  5.2333333333333343e-01  5.0000000000000000e-01  1.0000000000000000e+00
2579   2.1999999999999997e-01  5.2333333333333343e-01  5.0000000000000000e-01  1.0000000000000000e+00
2580   2.3749999999999996e-01  5.2333333333333343e-01  5.0000000000000000e-01  1.0000000000000000e+00
2581   2.5500000000000000e-01  5.2333333333333343e-01  5.0000000000000000e-01  1.0000000000000000e+00
2582   2.7249999999999996e-01  5.2333333333333343e-01  5.0000000000000000e-01  1.0000000000000000e+00
2583   2.8416666666666662e-01  5.2333333333333343e-01  5.0000000000000000e-01  1.0000000000000000e+00
2584   2.8999999999999998e-01  5.2333333333333343e-01  5.0000000000000000e-01  1.0000000000000000e+00
2585   1.4999999999999999e-01  2.5500000000000000e-01  8.3333333333333337e-01  1.0000000000000000e+00
2586   1.5583333333333332e-01  2.5500000000000000e-01  8.3333333333333337e-01  1.0000000000000000e+00
2587   1.6749999999999998e-01  2.5500000000000000e-01  8.3333333333333348e-01  1.0000000000000000e+00
2588   1.8499999999999997e-01  2.5500000000000000e-01  8.3333333333333348e-01  1.0000000000000000e+00
2589   2.0249999999999999e-01  2.5500000000000000e-01  8.3333333333333337e-01  1.0000000000000000e+00
2590   2.1999999999999997e-01  2.5500000000000000e-01  8.3333333333333337e-01  1.0000000000000000e+00
2591   2.3749999999999996e-01  2.5500000000000000e-01  8.3333333333333337e-01  1.0000000000000000e+00
2592   2.5500000000000000e-01  2.5500000000000000e-01  8.3333333333333337e-01  1.0000000000000000e+00
2593   2.7249999999999996e-01  2.5500000000000000e-01  8.3333333333333337e-01  1.0000000000000000e+00
2594   2.8416666666666662e-01  2.5500000000000000e-01  8.3333333333333337e-01  1.0000000000000000e+00
2595   2.8999999999999998e-01  2.5500000000000000e-01  8.3333333333333337e-01  1.0000000000000000e+00
2596   1.4999999999999999e-01  2.6666666666666672e-01  8.3333333333333337e-01  1.0000000000000000e+00
2597   1.5583333333333332e-01  2.6666666666666672e-01  8.3333333333333337e-01  1.0000000000000000e+00
2598   1.6749999999999998e-01  2.6666666666666672e-01  8.3333333333333348e-01  1.0000000000000000e+00
2599   1.8499999999999997e-01  2.6666666666666666e-01  8.3333333333333348e-01  1.0000000000000000e+00
2600   2.0249999999999999e-01  2.6666666666666672e-01  8.3333333333333337e-01  1.0000000000000000e+00
2601   2.1999999999999997e-01  2.6666666666666672e-01  8.3333333333333337e-01  1.0000000000000000e+00
2602   2.3749999999999996e-01  2.6666666666666672e-01  8.3333333333333337e-01  1.0000000000000000e+00
2603   2.5500000000000000e-01  2.6666666666666672e-01  8.3333333333333337e-01  1.0000000000000000e+00
2604   2.7249999999999996e-01  2.6666666666666672e-01  8.3333333333333337e-01  1.0000000000000000e+00
2605   2.8416666666666662e-01  2.6666666666666672e-01  8.3333333333333337e-01  1.0000000000000000e+00
2606   2.8999999999999998e-01  2.6666666666666672e-01  8.3333333333333337e-01  1.0000000000000000e+00
2607   1.5000000000000002e-01  2.9000000000000004e-01  8.3333333333333348e-01  1.0000000000000000e+00
2608   1.5583333333333332e-01  2.9000000000000004e-01  8.3333333333333348e-01  1.0000000000000000e+00
2609   1.6749999999999998e-01  2.9000000000000004e-01  8.3333333333333348e-01  1.0000000000000000e+00
2610   1.8499999999999997e-01  2.9000000000000004e-01  8.3333333333333348e-01  1.0000000000000000e+00
2611   2.0249999999999999e-01  2.9000000000000004e-01  8.3333333333333348e-01  1.0000000000000000e+00
2612   2.1999999999999995e-01  2.9000000000000004e-01  8.3333333333333348e-01  1.0000000000000000e+00
2613   2.3749999999999996e-01  2.9000000000000004e-01  8.3333333333333348e-01  1.0000000000000000e+00
2614   2.5500000000000000e-01  2.9000000000000004e-01  8.3333333333333348e-01  1.0000000000000000e+00
2615   2.7249999999999996e-01  2.9000000000000004e-01  8.3333333333333348e-01  1.0000000000000000e+00
2616   2.8416666666666662e-01  2.9000000000000004e-01  8.3333333333333348e-01  1.0000000000000000e+00
2617   2.8999999999999998e-01  2.9000000000000004e-01  8.3333333333333348e-01  1.0000000000000000e+00
2618   1.5000000000000002e-01  3.2500000000000001e-01  8.3333333333333348e-01  1.0000000000000000e+00
2619   1.5583333333333332e-01  3.2500000000000001e-01  8.3333333333333348e-01  1.0000000000000000e+00
2620   1.6749999999999998e-01  3.2500000000000001e-01  8.3333333333333348e-01  1.0000000000000000e+00
2621   1.8500000000000000e-01  3.2500000000000001e-01  8.3333333333333348e-01  1.0000000000000000e+00
2622   2.0249999999999999e-01  3.2500000000000001e-01  8.3333333333333348e-01  1.0000000000000000e+00
2623   2.1999999999999997e-01  3.2500000000000001e-01  8.3333333333333348e-01  1.0000000000000000e+00
2624   2.3749999999999996e-01  3.2500000000000001e-01  8.3333333333333348e-01  1.0000000000000000e+00
2625   2.5500000000000000e-01  3.2500000000000001e-01  8.3333333333333348e-01  1.0000000000000000e+00
2626   2.7249999999999996e-01  3.2500000000000001e-01  8.3333333333333348e-01  1.0000000000000000e+00
2627   2.8416666666666662e-01  3.2500000000000001e-01  8.3333333333333348e-01  1.0000000000000000e+00
2628   2.9000000000000004e-01  3.2500000000000001e-01  8.3333333333333348e-01  1.0000000000000000e+00
2629   1.4999999999999997e-01  3.6000000000000004e-01  8.3333333333333337e-01  1.0000000000000000e+00
2630   1.5583333333333330e-01  3.6000000000000004e-01  8.3333333333333337e-01  1.0000000000000000e+00
2631   1.6749999999999998e-01  3.6000000000000004e-01  8.3333333333333348e-01  1.0000000000000000e+00
2632   1.8499999999999997e-01  3.5999999999999999e-01  8.3333333333333348e-01  1.0000000000000000e+00
2633   2.0249999999999999e-01  3.6000000000000004e-01  8.3333333333333337e-01  1.0000000000000000e+00
2634   2.1999999999999997e-01  3.6000000000000004e-01  8.3333333333333337e-01  1.0000000000000000e+00
2635   2.3749999999999999e-01  3.6000000000000004e-01  8.3333333333333337e-01  1.0000000000000000e+00
2636   2.5500000000000000e-01  3.6000000000000004e-01  8.3333333333333337e-01  1.0000000000000000e+00
2637   2.7249999999999996e-01  3.6000000000000004e-01  8.3333333333333337e-01  1.0000000000000000e+00
2638   2.8416666666666662e-01  3.6000000000000004e-01  8.3333333333333337e-01  1.0000000000000000e+00
2639   2.8999999999999998e-01  3.6000000000000004e-01  8.3333333333333337e-01  1.0000000000000000e+00
2640   1.4999999999999999e-01  3.9499999999999996e-01  8.3333333333333337e-01  1.0000000000000000e+00
2641   1.5583333333333332e-01  3.9500000000000002e-01  8.3333333333333337e-01  1.0000000000000000e+00
2642   1.6749999999999998e-01  3.9500000000000002e-01  8.3333333333333348e-01  1.0000000000000000e+00
2643   1.8499999999999994e-01  3.9499999999999996e-01  8.3333333333333348e-01  1.0000000000000000e+00
2644   2.0250000000000001e-01  3.9500000000000002e-01  8.3333333333333337e-01  1.0000000000000000e+00
2645   2.2000000000000000e-01  3.9500000000000002e-01  8.3333333333333337e-01  1.0000000000000000e+00
2646   2.3749999999999996e-01  3.9499999999999996e-01  8.3333333333333337e-01  1.0000000000000000e+00
2647   2.5500000000000000e-01  3.9499999999999996e-01  8.3333333333333337e-01  1.0000000000000000e+00
2648   2.7249999999999996e-01  3.9499999999999996e-01  8.3333333333333337e-01  1.0000000000000000e+00
2649   2.8416666666666668e-01  3.9499999999999996e-01  8.3333333333333337e-01  1.0000000000000000e+00
2650   2.8999999999999998e-01  3.9499999999999996e-01  8.3333333333333337e-01  1.0000000000000000e+00
2651   1.4999999999999999e-01  4.3000000000000005e-01  8.3333333333333337e-01  1.0000000000000000e+00
2652   1.5583333333333332e-01  4.3000000000000005e-01  8.3333333333333337e-01  1.0000000000000000e+00
2653   1.6749999999999998e-01  4.3000000000000005e-01  8.3333333333333337e-01  1.0000000000000000e+00
2654   1.8499999999999994e-01  4.3000000000000005e-01  8.3333333333333337e-01  1.0000000000000000e+00
2655   2.0249999999999999e-01  4.3000000000000005e-01  8.3333333333333337e-01  1.0000000000000000e+00
2656   2.1999999999999997e-01  4.3000000000000010e-01  8.3333333333333337e-01  1.0000000000000000e+00
2657   2.3749999999999999e-01  4.3000000000000005e-01  8.3333333333333337e-01  1.0000000000000000e+00
2658   2.5500000000000000e-01  4.3000000000000005e-01  8.3333333333333337e-01  1.0000000000000000e+00
2659   2.7249999999999996e-01  4.3000000000000005e-01  8.3333333333333337e-01  1.0000000000000000e+00
2660   2.8416666666666662e-01  4.3000000000000005e-01  8.3333333333333337e-01  1.0000000000000000e+00
2661   2.9000000000000004e-01  4.3000000000000005e-01  8.3333333333333337e-01  1.0000000000000000e+00
2662   1.4999999999999999e-01  4.6500000000000002e-01  8.3333333333333337e-01  1.0000000000000000e+00
2663   1.5583333333333332e-01  4.6500000000000008e-01  8.3333333333333337e-01  1.0000000000000000e+00
2664   1.6749999999999998e-01  4.6500000000000008e-01  8.3333333333333348e-01  1.0000000000000000e+00
2665   1.8499999999999997e-01  4.6500000000000008e-01  8.3333333333333348e-01  1.0000000000000000e+00
2666   2.0249999999999999e-01  4.6500000000000008e-01  8.3333333333333337e-01  1.0000000000000000e+00
2667   2.1999999999999997e-01  4.6500000000000008e-01  8.3333333333333337e-01  1.0000000000000000e+00
2668   2.3749999999999999e-01  4.6500000000000002e-01  8.3333333333333337e-01  1.0000000000000000e+00
2669   2.5500000000000000e-01  4.6500000000000002e-01  8.3333333333333337e-01  1.0000000000000000e+00
2670   2.7249999999999996e-01  4.6500000000000002e-01  8.3333333333333337e-01  1.0000000000000000e+00
2671   2.8416666666666662e-01  4.6500000000000002e-01  8.3333333333333337e-01  1.0000000000000000e+00
2672   2.8999999999999998e-01  4.6500000000000002e-01  8.3333333333333337e-01  1.0000000000000000e+00
2673   1.4999999999999999e-01  5.0000000000000000e-01  8.3333333333333337e-01  1.0000000000000000e+00
2674   1.5583333333333332e-01  5.0000000000000000e-01  8.3333333333333337e-01  1.0000000000000000e+00
2675   1.6749999999999998e-01  5.0000000000000000e-01  8.3333333333333348e-01  1.0000000000000000e+00
2676   1.8499999999999997e-01  5.0000000000000000e-01  8.3333333333333348e-01  1.0000000000000000e+00
2677   2.0249999999999999e-01  5.0000000000000000e-01  8.3333333333333337e-01  1.0000000000000000e+00
2678   2.1999999999999997e-01  5.0000000000000011e-01  8.3333333333333337e-01  1.0000000000000000e+00
2679   2.3749999999999993e-01  5.0000000000000000e-01  8.3333333333333337e-01  1.0000000000000000e+00
2680   2.5500000000000000e-01  5.0000000000000000e-01  8.3333333333333337e-01  1.0000000000000000e+00
2681   2.7249999999999996e-01  5.0000000000000000e-01  8.3333333333333337e-01  1.0000000000000000e+00
2682   2.8416666666666662e-01  5.0000000000000000e-01  8.3333333333333337e-01  1.0000000000000000e+00
2683   2.8999999999999998e-01  5.0000000000000000e-01  8.3333333333333337e-01  1.0000000000000000e+00
2684   1.4999999999999999e-01  5.2333333333333332e-01  8.3333333333333337e-01  1.0000000000000000e+00
2685   1.5583333333333332e-01  5.2333333333333332e-01  8.3333333333333337e-01  1.0000000000000000e+00
2686   1.6749999999999998e-01  5.2333333333333332e-01  8.3333333333333348e-01  1.0000000000000000e+00
2687   1.8499999999999997e-01  5.2333333333333332e-01  8.3333333333333348e-01  1.0000000000000000e+00
2688   2.0249999999999999e-01  5.2333333333333332e-01  8.3333333333333337e-01  1.0000000000000000e+00
2689   2.1999999999999997e-01  5.2333333333333343e-01  8.3333333333333337e-01  1.0000000000000000e+00
2690   2.3749999999999996e-01  5.2333333333333332e-01  8.3333333333333337e-01  1.0000000000000000e+00
2691   2.5500000000000000e-01  5.2333333333333332e-01  8.3333333333333337e-01  1.0000000000000000e+00
2692   2.7249999999999996e-01  5.2333333333333332e-01  8.3333333333333337e-01  1.0000000000000000e+00
2693   2.8416666666666662e-01  5.2333333333333332e-01  8.3333333333333337e-01  1.0000000000000000e+00
2694   2.8999999999999998e-01  5.2333333333333332e-01  8.3333333333333337e-01  1.0000000000000000e+00
2695   1.4999999999999999e-01  2.5500000000000000e-01  1.0000000000000000e+00  1.0000000000000000e+00
2696   1.5583333333333332e-01  2.5500000000000000e-01  1.0000000000000000e+00  1.0000000000000000e+00
2697   1.6749999999999998e-01  2.5500000000000000e-01  1.0000000000000000e+00  1.0000000000000000e+00
2698   1.8499999999999997e-01  2.5500000000000000e-01  1.0000000000000000e+00  1.0000000000000000e+00
2699   2.0249999999999999e-01  2.5500000000000000e-01  1.0000000000000000e+00  1.0000000000000000e+00
2700   2.1999999999999997e-01  2.5500000000000000e-01  1.0000000000000000e+00  1.0000000000000000e+00
2701   2.3749999999999996e-01  2.5500000000000000e-01  1.0000000000000000e+00  1.0000000000000000e+00
2702   2.5500000000000000e-01  2.5500000000000000e-01  1.0000000000000000e+00  1.0000000000000000e+00
2703   2.7249999999999996e-01  2.5500000000000000e-01  1.0000000000000000e+00  1.0000000000000000e+00
2704   2.8416666666666662e-01  2.5500000000000000e-01  1.0000000000000000e+00  1.0000000000000000e+00
2705   2.8999999999999998e-01  2.5500000000000000e-01  1.0000000000000000e+00  1.0000000000000000e+00
2706   1.4999999999999999e-01  2.6666666666666672e-01  1.0000000000000000e+00  1.0000000000000000e+00
2707   1.5583333333333332e-01  2.6666666666666672e-01  1.0000000000000000e+00  1.0000000000000000e+00
2708   1.6749999999999998e-01  2.6666666666666672e-01  1.0000000000000000e+00  1.0000000000000000e+00
2709   1.8499999999999997e-01  2.6666666666666666e-01  1.0000000000000000e+00  1.0000000000000000e+00
2710   2.0249999999999999e-01  2.6666666666666672e-01  1.0000000000000000e+00  1.0000000000000000e+00
2711   2.1999999999999997e-01  2.6666666666666672e-01  1.0000000000000000e+00  1.0000000000000000e+00
2712   2.3749999999999996e-01  2.6666666666666672e-01  1.0000000000000000e+00  1.0000000000000000e+00
2713   2.5500000000000000e-01  2.6666666666666672e-01  1.0000000000000000e+00  1.0000000000000000e+00
2714   2.7249999999999996e-01  2.6666666666666672e-01  1.0000000000000000e+00  1.0000000000000000e+00
2715   2.8416666666666662e-01  2.6666666666666672e-01  1.0000000000000000e+00  1.0000000000000000e+00
2716   2.8999999999999998e-01  2.6666666666666672e-01  1.0000000000000000e+00  1.0000000000000000e+00
2717   1.5000000000000002e-01  2.9000000000000004e-01  1.0000000000000000e+00  1.0000000000000000e+00
2718   1.5583333333333332e-01  2.9000000000000004e-01  1.0000000000000000e+00  1.0000000000000000e+00
2719   1.6749999999999998e-01  2.9000000000000004e-01  1.0000000000000000e+00  1.0000000000000000e+00
2720   1.8499999999999997e-01  2.9000000000000004e-01  1.0000000000000000e+00  1.0000000000000000e+00
2721   2.0249999999999999e-01  2.9000000000000004e-01  1.0000000000000000e+00  1.0000000000000000e+00
2722   2.1999999999999995e-01  2.9000000000000004e-01  1.0000000000000000e+00  1.0000000000000000e+00
2723   2.3749999999999996e-01  2.9000000000000004e-01  1.0000000000000000e+00  1.0000000000000000e+00
2724   2.5500000000000000e-01  2.9000000000000004e-01  1.0000000000000000e+00  1.0000000000000000e+00
2725   2.7249999999999996e-01  2.9000000000000004e-01  1.0000000000000000e+00  1.0000000000000000e+00
2726   2.8416666666666662e-01  2.9000000000000004e-01  1.0000000000000000e+00  1.0000000000000000e+00
2727   2.8999999999999998e-01  2.9000000000000004e-01  1.0000000000000000e+00  1.0000000000000000e+00
2728   1.5000000000000002e-01  3.2500000000000001e-01  1.0000000000000000e+00  1.0000000000000000e+00
2729   1.5583333333333332e-01  3.2500000000000001e-01  1.0000000000000000e+00  1.0000000000000000e+00
2730   1.6749999999999998e-01  3.2500000000000001e-01  1.0000000000000000e+00  1.0000000000000000e+00
2731   1.8500000000000000e-01  3.2500000000000001e-01  1.0000000000000000e+00  1.0000000000000000e+00
2732   2.0249999999999999e-01  3.2500000000000001e-01  1.0000000000000000e+00  1.0000000000000000e+00
2733   2.1999999999999997e-01  3.2500000000000001e-01  1.0000000000000000e+00  1.0000000000000000e+00
2734   2.3749999999999996e-01  3.2500000000000001e-01  1.0000000000000000e+00  1.0000000000000000e+00
2735   2.5500000000000000e-01  3.2500000000000001e-01  1.0000000000000000e+00  1.0000000000000000e+00
2736   2.7249999999999996e-01  3.2500000000000001e-01  1.0000000000000000e+00  1.0000000000000000e+00
2737   2.8416666666666662e-01  3.2500000000000001e-01  1.0000000000000000e+00  1.0000000000000000e+00
2738   2.9000000000000004e-01  3.2500000000000001e-01  1.0000000000000000e+00  1.0000000000000000e+00
2739   1.4999999999999997e-01  3.6000000000000004e-01  1.0000000000000000e+00  1.0000000000000000e+00
2740   1.5583333333333330e-01  3.6000000000000004e-01  1.0000000000000000e+00  1.0000000000000000e+00
2741   1.6749999999999998e-01  3.6000000000000004e-01  1.0000000000000000e+00  1.0000000000000000e+00
2742   1.8499999999999997e-01  3.5999999999999999e-01  1.0000000000000000e+00  1.0000000000000000e+00
2743   2.0249999999999999e-01  3.6000000000000004e-01  1.0000000000000000e+00  1.0000000000000000e+00
2744   2.1999999999999997e-01  3.6000000000000004e-01  1.0000000000000000e+00  1.0000000000000000e+00
2745   2.3749999999999999e-01  3.6000000000000004e-01  1.0000000000000000e+00  1.0000000000000000e+00
2746   2.5500000000000000e-01  3.6000000000000004e-01  1.0000000000000000e+00  1.0000000000000000e+00
2747   2.7249999999999996e-01  3.6000000000000004e-01  1.0000000000000000e+00  1.0000000000000000e+00
2748   2.8416666666666662e-01  3.6000000000000004e-01  1.0000000000000000e+00  1.0000000000000000e+00
2749   2.8999999999999998e-01  3.6000000000000004e-01  1.0000000000000000e+00  1.0000000000000000e+00
2750   1.4999999999999999e-01  3.9499999999999996e-01  1.0000000000000000e+00  1.0000000000000000e+00
2751   1.5583333333333332e-01  3.9500000000000002e-01  1.0000000000000000e+00  1.0000000000000000e+00
2752   1.6749999999999998e-01  3.9500000000000002e-01  1.0000000000000000e+00  1.0000000000000000e+00
2753   1.8499999999999994e-01  3.9499999999999996e-01  1.0000000000000000e+00  1.0000000000000000e+00
2754   2.0250000000000001e-01  3.9500000000000002e-01  1.0000000000000000e+00  1.0000000000000000e+00
2755   2.2000000000000000e-01  3.9500000000000002e-01  1.0000000000000000e+00  1.0000000000000000e+00
2756   2.3749999999999996e-01  3.9499999999999996e-01  1.0000000000000000e+00  1.0000000000000000e+00
2757   2.5500000000000000e-01  3.9499999999999996e-01  1.0000000000000000e+00  1.0000000000000000e+00
2758   2.7249999999999996e-01  3.9499999999999996e-01  1.0000000000000000e+00  1.0000000000000000e+00
2759   2.8416666666666668e-01  3.9499999999999996e-01  1.0000000000000000e+00  1.0000000000000000e+00
2760   2.8999999999999998e-01  3.9499999999999996e-01  1.0000000000000000e+00  1.0000000000000000e+00
2761   1.4999999999999999e-01  4.3000000000000005e-01  1.0000000000000000e+00  1.0000000000000000e+00
2762   1.5583333333333332e-01  4.3000000000000005e-01  1.0000000000000000e+00  1.0000000000000000e+00
2763   1.6749999999999998e-01  4.3000000000000005e-01  1.0000000000000000e+00  1.0000000000000000e+00
2764   1.8499999999999994e-01  4.3000000000000005e-01  1.0000000000000000e+00  1.0000000000000000e+00
2765   2.0249999999999999e-01  4.3000000000000005e-01  1.0000000000000000e+00  1.0000000000000000e+00
2766   2.1999999999999997e-01  4.3000000000000010e-01  1.0000000000000000e+00  1.0000000000000000e+00
2767   2.3749999999999999e-01  4.3000000000000005e-01  1.0000000000000000e+00  1.0000000000000000e+00
2768   2.5500000000000000e-01  4.3000000000000005e-01  1.0000000000000000e+00  1.0000000000000000e+00
2769   2.7249999999999996e-01  4.3000000000000005e-01  1.0000000000000000e+00  1.0000000000000000e+00
2770   2.8416666666666662e-01  4.3000000000000005e-01  1.0000000000000000e+00  1.0000000000000000e+00
2771   2.9000000000000004e-01  4.3000000000000005e-01  1.0000000000000000e+00  1.0000000000000000e+00
2772   1.4999999999999999e-01  4.6500000000000002e-01  1.0000000000000000e+00  1.0000000000000000e+00
2773   1.5583333333333332e-01  4.6500000000000008e-01  1.0000000000000000e+00  1.0000000000000000e+00
2774   1.6749999999999998e-01  4.6500000000000008e-01  1.0000000000000000e+00  1.0000000000000000e+00
2775   1.8499999999999997e-01  4.6500000000000008e-01  1.0000000000000000e+00  1.0000000000000000e+00
2776   2.0249999999999999e-01  4.6500000000000008e-01  1.0000000000000000e+00  1.0000000000000000e+00
2777   2.1999999999999997e-01  4.6500000000000008e-01  1.0000000000000000e+00  1.0000000000000000e+00
2778   2.3749999999999999e-01  4.6500000000000002e-01  1.0000000000000000e+00  1.0000000000000000e+00
2779   2.5500000000000000e-01  4.6500000000000002e-01  1.0000000000000000e+00  1.0000000000000000e+00
2780   2.7249999999999996e-01  4.6500000000000002e-01  1.0000000000000000e+00  1.0000000000000000e+00
2781   2.8416666666666662e-01  4.6500000000000002e-01  1.0000000000000000e+00  1.0000000000000000e+00
2782   2.8999999999999998e-01  4.6500000000000002e-01  1.0000000000000000e+00  1.0000000000000000e+00
2783   1.4999999999999999e-01  5.0000000000000000e-01  1.0000000000000000e+00  1.0000000000000000e+00
2784   1.5583333333333332e-01  5.0000000000000000e-01  1.0000000000000000e+00  1.0000000000000000e+00
2785   1.6749999999999998e-01  5.0000000000000000e-01  1.0000000000000000e+00  1.0000000000000000e+00
2786   1.8499999999999997e-01  5.0000000000000000e-01  1.0000000000000000e+00  1.0000000000000000e+00
2787   2.0249999999999999e-01  5.0000000000000000e-01  1.0000000000000000e+00  1.0000000000000000e+00
2788   2.1999999999999997e-01  5.0000000000000011e-01  1.0000000000000000e+00  1.0000000000000000e+00
2789   2.3749999999999993e-01  5.0000000000000000e-01  1.0000000000000000e+00  1.0000000000000000e+00
2790   2.5500000000000000e-01  5.0000000000000000e-01  1.0000000000000000e+00  1.0000000000000000e+00
2791   2.7249999999999996e-01  5.0000000000000000e-01  1.0000000000000000e+00  1.0000000000000000e+00
2792   2.8416666666666662e-01  5.0000000000000000e-01  1.0000000000000000e+00  1.0000000000000000e+00
2793   2.8999999999999998e-01  5.0000000000000000e-01  1.0000000000000000e+00  1.0000000000000000e+00
2794   1.4999999999999999e-01  5.2333333333333332e-01  1.0000000000000000e+00  1.0000000000000000e+00
2795   1.5583333333333332e-01  5.2333333333333332e-01  1.0000000000000000e+00  1.0000000000000000e+00
2796   1.6749999999999998e-01  5.2333333333333332e-01  1.0000000000000000e+00  1.0000000000000000e+00
2797   1.8499999999999997e-01  5.2333333333333332e-01  1.0000000000000000e+00  1.0000000000000000e+00
2798   2.0249999999999999e-01  5.2333333333333332e-01  1.0000000000000000e+00  1.0000000000000000e+00
2799   2.1999999999999997e-01  5.2333333333333343e-01  1.0000000000000000e+00  1.0000000000000000e+00
2800   2.3749999999999996e-01  5.2333333333333332e-01  1.0000000000000000e+00  1.0000000000000000e+00
2801   2.5500000000000000e-01  5.2333333333333332e-01  1.0000000000000000e+00  1.0000000000000000e+00
2802   2.7249999999999996e-01  5.2333333333333332e-01  1.0000000000000000e+00  1.0000000000000000e+00
2803   2.8416666666666662e-01  5.2333333333333332e-01  1.0000000000000000e+00  1.0000000000000000e+00
2804   2.8999999999999998e-01  5.2333333333333332e-01  1.0000000000000000e+00  1.0000000000000000e+00
2805   1.4999999999999999e-01  1.1500000000000000e-01  0.0000000000000000e+00  1.0000000000000000e+00
2806   1.5583333333333332e-01  1.1500000000000000e-01  0.0000000000000000e+00  1.0000000000000000e+00
2807   1.6749999999999998e-01  1.1500000000000002e-01  0.0000000000000000e+00  1.0000000000000000e+00
2808   1.8499999999999997e-01  1.1499999999999999e-01  0.0000000000000000e+00  1.0000000000000000e+00
2809   2.0249999999999999e-01  1.1500000000000000e-01  0.0000000000000000e+00  1.0000000000000000e+00
2810   2.1999999999999997e-01  1.1500000000000000e-01  0.0000000000000000e+00  1.0000000000000000e+00
2811   2.3749999999999996e-01  1.1499999999999999e-01  0.0000000000000000e+00  1.0000000000000000e+00
2812   2.5500000000000000e-01  1.1499999999999999e-01  0.0000000000000000e+00  1.0000000000000000e+00
2813   2.7249999999999996e-01  1.1499999999999999e-01  0.0000000000000000e+00  1.0000000000000000e+00
2814   2.8416666666666662e-01  1.1500000000000000e-01  0.0000000000000000e+00  1.0000000000000000e+00
2815   2.8999999999999998e-01  1.1500000000000000e-01  0.0000000000000000e+00  1.0000000000000000e+00
2816   1.4999999999999999e-01  1.2083333333333335e-01  0.0000000000000000e+00  1.0000000000000000e+00
2817   1.5583333333333332e-01  1.2083333333333335e-01  0.0000000000000000e+00  1.0000000000000000e+00
2818   1.6749999999999998e-01  1.2083333333333335e-01  0.0000000000000000e+00  1.0000000000000000e+00
2819   1.8499999999999997e-01  1.2083333333333332e-01  0.0000000000000000e+00  1.0000000000000000e+00
2820   2.0249999999999999e-01  1.2083333333333333e-01  0.0000000000000000e+00  1.0000000000000000e+00
2821   2.1999999999999997e-01  1.2083333333333335e-01  0.0000000000000000e+00  1.0000000000000000e+00
2822   2.3749999999999996e-01  1.2083333333333332e-01  0.0000000000000000e+00  1.0000000000000000e+00
2823   2.5500000000000000e-01  1.2083333333333332e-01  0.0000000000000000e+00  1.0000000000000000e+00
2824   2.7249999999999996e-01  1.2083333333333332e-01  0.0000000000000000e+00  1.0000000000000000e+00
2825   2.8416666666666662e-01  1.2083333333333335e-01  0.0000000000000000e+00  1.0000000000000000e+00
2826   2.8999999999999998e-01  1.2083333333333335e-01  0.0000000000000000e+00  1.0000000000000000e+00
2827   1.5000000000000002e-01  1.3249999999999998e-01  0.0000000000000000e+00  1.0000000000000000e+00
2828   1.5583333333333332e-01  1.3249999999999998e-01  0.0000000000000000e+00  1.0000000000000000e+00
2829   1.6749999999999998e-01  1.3250000000000001e-01  0.0000000000000000e+00  1.0000000000000000e+00
2830   1.8499999999999997e-01  1.3249999999999998e-01  0.0000000000000000e+00  1.0000000000000000e+00
2831   2.0249999999999999e-01  1.3249999999999998e-01  0.0000000000000000e+00  1.0000000000000000e+00
2832   2.1999999999999995e-01  1.3249999999999998e-01  0.0000000000000000e+00  1.0000000000000000e+00
2833   2.3749999999999996e-01  1.3249999999999998e-01  0.0000000000000000e+00  1.0000000000000000e+00
2834   2.5500000000000000e-01  1.3249999999999998e-01  0.0000000000000000e+00  1.0000000000000000e+00
2835   2.7249999999999996e-01  1.3249999999999998e-01  0.0000000000000000e+00  1.0000000000000000e+00
2836   2.8416666666666662e-01  1.3249999999999998e-01  0.0000000000000000e+00  1.0000000000000000e+00
2837   2.8999999999999998e-01  1.3249999999999998e-01  0.0000000000000000e+00  1.0000000000000000e+00
2838   1.5000000000000002e-01  1.4999999999999999e-01  0.0000000000000000e+00  1.0000000000000000e+00
2839   1.5583333333333332e-01  1.4999999999999999e-01  0.0000000000000000e+00  1.0000000000000000e+00
2840   1.6749999999999998e-01  1.5000000000000002e-01  0.0000000000000000e+00  1.0000000000000000e+00
2841   1.8500000000000000e-01  1.4999999999999999e-01  0.0000000000000000e+00  1.0000000000000000e+00
2842   2.0249999999999999e-01  1.4999999999999999e-01  0.0000000000000000e+00  1.0000000000000000e+00
2843   2.1999999999999997e-01  1.4999999999999999e-01  0.0000000000000000e+00  1.0000000000000000e+00
2844   2.3749999999999996e-01  1.4999999999999999e-01  0.0000000000000000e+00  1.0000000000000000e+00
2845   2.5500000000000000e-01  1.4999999999999999e-01  0.0000000000000000e+00  1.0000000000000000e+00
2846   2.7249999999999996e-01  1.4999999999999999e-01  0.0000000000000000e+00  1.0000000000000000e+00
2847   2.8416666666666662e-01  1.4999999999999999e-01  0.0000000000000000e+00  1.0000000000000000e+00
2848   2.9000000000000004e-01  1.4999999999999999e-01  0.0000000000000000e+00  1.0000000000000000e+00
2849   1.4999999999999997e-01  1.6750000000000001e-01  0.0000000000000000e+00  1.0000000000000000e+00
2850   1.5583333333333330e-01  1.6750000000000001e-01  0.0000000000000000e+00  1.0000000000000000e+00
2851   1.6749999999999998e-01  1.6750000000000001e-01  0.0000000000000000e+00  1.0000000000000000e+00
2852   1.8499999999999997e-01  1.6749999999999998e-01  0.0000000000000000e+00  1.0000000000000000e+00
2853   2.0249999999999999e-01  1.6749999999999998e-01  0.0000000000000000e+00  1.0000000000000000e+00
2854   2.1999999999999997e-01  1.6750000000000001e-01  0.0000000000000000e+00  1.0000000000000000e+00
2855   2.3749999999999999e-01  1.6750000000000001e-01  0.0000000000000000e+00  1.0000000000000000e+00
2856   2.5500000000000000e-01  1.6750000000000001e-01  0.0000000000000000e+00  1.0000000000000000e+00
2857   2.7249999999999996e-01  1.6750000000000001e-01  0.0000000000000000e+00  1.0000000000000000e+00
2858   2.8416666666666662e-01  1.6750000000000001e-01  0.0000000000000000e+00  1.0000000000000000e+00
2859   2.8999999999999998e-01  1.6750000000000001e-01  0.0000000000000000e+00  1.0000000000000000e+00
2860   1.4999999999999999e-01  1.8500000000000000e-01  0.0000000000000000e+00  1.0000000000000000e+00
2861   1.5583333333333332e-01  1.8500000000000000e-01  0.0000000000000000e+00  1.0000000000000000e+00
2862   1.6749999999999998e-01  1.8500000000000000e-01  0.0000000000000000e+00  1.0000000000000000e+00
2863   1.8499999999999994e-01  1.8499999999999997e-01  0.0000000000000000e+00  1.0000000000000000e+00
2864   2.0250000000000001e-01  1.8499999999999997e-01  0.0000000000000000e+00  1.0000000000000000e+00
2865   2.2000000000000000e-01  1.8500000000000000e-01  0.0000000000000000e+00  1.0000000000000000e+00
2866   2.3749999999999996e-01  1.8500000000000000e-01  0.0000000000000000e+00  1.0000000000000000e+00
2867   2.5500000000000000e-01  1.8500000000000000e-01  0.0000000000000000e+00  1.0000000000000000e+00
2868   2.7249999999999996e-01  1.8500000000000000e-01  0.0000000000000000e+00  1.0000000000000000e+00
2869   2.8416666666666668e-01  1.8500000000000000e-01  0.0000000000000000e+00  1.0000000000000000e+00
2870   2.8999999999999998e-01  1.8500000000000000e-01  0.0000000000000000e+00  1.0000000000000000e+00
2871   1.4999999999999999e-01  2.0250000000000001e-01  0.0000000000000000e+00  1.0000000000000000e+00
2872   1.5583333333333332e-01  2.0250000000000001e-01  0.0000000000000000e+00  1.0000000000000000e+00
2873   1.6749999999999998e-01  2.0250000000000001e-01  0.0000000000000000e+00  1.0000000000000000e+00
2874   1.8499999999999994e-01  2.0249999999999996e-01  0.0000000000000000e+00  1.0000000000000000e+00
2875   2.0249999999999999e-01  2.0250000000000001e-01  0.0000000000000000e+00  1.0000000000000000e+00
2876   2.1999999999999997e-01  2.0250000000000001e-01  0.0000000000000000e+00  1.0000000000000000e+00
2877   2.3749999999999999e-01  2.0250000000000001e-01  0.0000000000000000e+00  1.0000000000000000e+00
2878   2.5500000000000000e-01  2.0250000000000001e-01  0.0000000000000000e+00  1.0000000000000000e+00
2879   2.7249999999999996e-01  2.0250000000000001e-01  0.0000000000000000e+00  1.0000000000000000e+00
2880   2.8416666666666662e-01  2.0250000000000001e-01  0.0000000000000000e+00  1.0000000000000000e+00
2881   2.9000000000000004e-01  2.0250000000000001e-01  0.0000000000000000e+00  1.0000000000000000e+00
2882   1.4999999999999999e-01  2.2000000000000000e-01  0.0000000000000000e+00  1.0000000000000000e+00
2883   1.5583333333333332e-01  2.2000000000000000e-01  0.0000000000000000e+00  1.0000000000000000e+00
2884   1.6749999999999998e-01  2.2000000000000000e-01  0.0000000000000000e+00  1.0000000000000000e+00
2885   1.8499999999999997e-01  2.1999999999999997e-01  0.0000000000000000e+00  1.0000000000000000e+00
2886   2.0249999999999999e-01  2.2000000000000000e-01  0.0000000000000000e+00  1.0000000000000000e+00
2887   2.1999999999999997e-01  2.2000000000000000e-01  0.0000000000000000e+00  1.0000000000000000e+00
2888   2.3749999999999999e-01  2.2000000000000000e-01  0.0000000000000000e+00  1.0000000000000000e+00
2889   2.5500000000000000e-01  2.2000000000000000e-01  0.0000000000000000e+00  1.0000000000000000e+00
2890   2.7249999999999996e-01  2.2000000000000000e-01  0.0000000000000000e+00  1.0000000000000000e+00
2891   2.8416666666666662e-01  2.2000000000000000e-01  0.0000000000000000e+00  1.0000000000000000e+00
2892   2.8999999999999998e-01  2.2000000000000000e-01  0.0000000000000000e+00  1.0000000000000000e+00
2893   1.4999999999999999e-01  2.3749999999999999e-01  0.0000000000000000e+00  1.0000000000000000e+00
2894   1.5583333333333332e-01  2.3749999999999999e-01  0.0000000000000000e+00  1.0000000000000000e+00
2895   1.6749999999999998e-01  2.3749999999999999e-01  0.0000000000000000e+00  1.0000000000000000e+00
2896   1.8499999999999997e-01  2.3749999999999999e-01  0.0000000000000000e+00  1.0000000000000000e+00
2897   2.0249999999999999e-01  2.3749999999999999e-01  0.0000000000000000e+00  1.0000000000000000e+00
2898   2.1999999999999997e-01  2.3749999999999999e-01  0.0000000000000000e+00  1.0000000000000000e+00
2899   2.3749999999999993e-01  2.3749999999999999e-01  0.0000000000000000e+00  1.0000000000000000e+00
2900   2.5500000000000000e-01  2.3749999999999999e-01  0.0000000000000000e+00  1.0000000000000000e+00
2901   2.7249999999999996e-01  2.3749999999999999e-01  0.0000000000000000e+00  1.0000000000000000e+00
2902   2.8416666666666662e-01  2.3749999999999999e-01  0.0000000000000000e+00  1.0000000000000000e+00
2903   2.8999999999999998e-01  2.3749999999999999e-01  0.0000000000000000e+00  1.0000000000000000e+00
2904   1.4999999999999999e-01  2.4916666666666668e-01  0.0000000000000000e+00  1.0000000000000000e+00
2905   1.5583333333333332e-01  2.4916666666666668e-01  0.0000000000000000e+00  1.0000000000000000e+00
2906   1.6749999999999998e-01  2.4916666666666668e-01  0.0000000000000000e+00  1.0000000000000000e+00
2907   1.8499999999999997e-01  2.4916666666666668e-01  0.0000000000000000e+00  1.0000000000000000e+00
2908   2.0249999999999999e-01  2.4916666666666668e-01  0.0000000000000000e+00  1.0000000000000000e+00
2909   2.1999999999999997e-01  2.4916666666666668e-01  0.0000000000000000e+00  1.0000000000000000e+00
2910   2.3749999999999996e-01  2.4916666666666668e-01  0.0000000000000000e+00  1.0000000000000000e+00
2911   2.5500000000000000e-01  2.4916666666666668e-01  0.0000000000000000e+00  1.0000000000000000e+00
2912   2.7249999999999996e-01  2.4916666666666668e-01  0.0000000000000000e+00  1.0000000000000000e+00
2913   2.8416666666666662e-01  2.4916666666666668e-01  0.0000000000000000e+00  1.0000000000000000e+00
2914   2.8999999999999998e-01  2.4916666666666668e-01  0.0000000000000000e+00  1.0000000000000000e+00
2915   1.4999999999999999e-01  1.1500000000000000e-01  1.6666666666666669e-01  1.0000000000000000e+00
2916   1.5583333333333332e-01  1.1500000000000000e-01  1.6666666666666669e-01  1.0000000000000000e+00
2917   1.6749999999999998e-01  1.1500000000000002e-01  1.6666666666666671e-01  1.0000000000000000e+00
2918   1.8499999999999997e-01  1.1499999999999999e-01  1.6666666666666671e-01  1.0000000000000000e+00
2919   2.0249999999999999e-01  1.1500000000000000e-01  1.6666666666666669e-01  1.0000000000000000e+00
2920   2.1999999999999997e-01  1.1500000000000000e-01  1.6666666666666669e-01  1.0000000000000000e+00
2921   2.3749999999999996e-01  1.1499999999999999e-01  1.6666666666666669e-01  1.0000000000000000e+00
2922   2.5500000000000000e-01  1.1500000000000000e-01  1.6666666666666669e-01  1.0000000000000000e+00
2923   2.7249999999999996e-01  1.1499999999999999e-01  1.6666666666666669e-01  1.0000000000000000e+00
2924   2.8416666666666662e-01  1.1500000000000000e-01  1.6666666666666669e-01  1.0000000000000000e+00
2925   2.8999999999999998e-01  1.1500000000000000e-01  1.6666666666666669e-01  1.0000000000000000e+00
2926   1.4999999999999999e-01  1.2083333333333335e-01  1.6666666666666669e-01  1.0000000000000000e+00
2927   1.5583333333333332e-01  1.2083333333333335e-01  1.6666666666666669e-01  1.0000000000000000e+00
2928   1.6749999999999998e-01  1.2083333333333335e-01  1.6666666666666671e-01  1.0000000000000000e+00
2929   1.8499999999999997e-01  1.2083333333333332e-01  1.6666666666666671e-01  1.0000000000000000e+00
2930   2.0249999999999999e-01  1.2083333333333333e-01  1.6666666666666669e-01  1.0000000000000000e+00
2931   2.1999999999999997e-01  1.2083333333333335e-01  1.6666666666666669e-01  1.0000000000000000e+00
2932   2.3749999999999996e-01  1.2083333333333332e-01  1.6666666666666669e-01  1.0000000000000000e+00
2933   2.5500000000000000e-01  1.2083333333333333e-01  1.6666666666666669e-01  1.0000000000000000e+00
2934   2.7249999999999996e-01  1.2083333333333333e-01  1.6666666666666669e-01  1.0000000000000000e+00
2935   2.8416666666666662e-01  1.2083333333333335e-01  1.6666666666666669e-01  1.0000000000000000e+00
2936   2.8999999999999998e-01  1.2083333333333335e-01  1.6666666666666669e-01  1.0000000000000000e+00
2937   1.5000000000000002e-01  1.3249999999999998e-01  1.6666666666666671e-01  1.0000000000000000e+00
2938   1.5583333333333332e-01  1.3249999999999998e-01  1.6666666666666671e-01  1.0000000000000000e+00
2939   1.6749999999999998e-01  1.3250000000000001e-01  1.6666666666666671e-01  1.0000000000000000e+00
2940   1.8499999999999997e-01  1.3249999999999998e-01  1.6666666666666671e-01  1.0000000000000000e+00
2941   2.0249999999999999e-01  1.3249999999999998e-01  1.6666666666666671e-01  1.0000000000000000e+00
2942   2.1999999999999995e-01  1.3249999999999998e-01  1.6666666666666671e-01  1.0000000000000000e+00
2943   2.3749999999999996e-01  1.3249999999999998e-01  1.6666666666666671e-01  1.0000000000000000e+00
2944   2.5500000000000000e-01  1.3250000000000001e-01  1.6666666666666671e-01  1.0000000000000000e+00
2945   2.7249999999999996e-01  1.3249999999999998e-01  1.6666666666666671e-01  1.0000000000000000e+00
2946   2.8416666666666662e-01  1.3249999999999998e-01  1.6666666666666671e-01  1.0000000000000000e+00
2947   2.8999999999999998e-01  1.3249999999999998e-01  1.6666666666666671e-01  1.0000000000000000e+00
2948   1.5000000000000002e-01  1.4999999999999999e-01  1.6666666666666671e-01  1.0000000000000000e+00
2949   1.5583333333333332e-01  1.4999999999999999e-01  1.6666666666666671e-01  1.0000000000000000e+00
2950   1.6749999999999998e-01  1.5000000000000002e-01  1.6666666666666671e-01  1.0000000000000000e+00
2951   1.8500000000000000e-01  1.4999999999999999e-01  1.6666666666666671e-01  1.0000000000000000e+00
2952   2.0249999999999999e-01  1.4999999999999999e-01  1.6666666666666671e-01  1.0000000000000000e+00
2953   2.1999999999999997e-01  1.4999999999999999e-01  1.6666666666666671e-01  1.0000000000000000e+00
2954   2.3749999999999996e-01  1.4999999999999999e-01  1.6666666666666671e-01  1.0000000000000000e+00
2955   2.5500000000000000e-01  1.5000000000000002e-01  1.6666666666666671e-01  1.0000000000000000e+00
2956   2.7249999999999996e-01  1.4999999999999999e-01  1.6666666666666671e-01  1.0000000000000000e+00
2957   2.8416666666666662e-01  1.4999999999999999e-01  1.6666666666666671e-01  1.0000000000000000e+00
2958   2.9000000000000004e-01  1.4999999999999999e-01  1.6666666666666671e-01  1.0000000000000000e+00
2959   1.4999999999999997e-01  1.6750000000000001e-01  1.6666666666666669e-01  1.0000000000000000e+00
2960   1.5583333333333330e-01  1.6750000000000001e-01  1.6666666666666669e-01  1.0000000000000000e+00
2961   1.6749999999999998e-01  1.6750000000000001e-01  1.6666666666666671e-01  1.0000000000000000e+00
2962   1.8499999999999997e-01  1.6749999999999998e-01  1.6666666666666671e-01  1.0000000000000000e+00
2963   2.0249999999999999e-01  1.6749999999999998e-01  1.6666666666666669e-01  1.0000000000000000e+00
2964   2.1999999999999997e-01  1.6750000000000001e-01  1.6666666666666669e-01  1.0000000000000000e+00
2965   2.3749999999999999e-01  1.6750000000000001e-01  1.6666666666666669e-01  1.0000000000000000e+00
2966   2.5500000000000000e-01  1.6750000000000001e-01  1.6666666666666669e-01  1.0000000000000000e+00
2967   2.7249999999999996e-01  1.6750000000000001e-01  1.6666666666666669e-01  1.0000000000000000e+00
2968   2.8416666666666662e-01  1.6750000000000001e-01  1.6666666666666669e-01  1.0000000000000000e+00
2969   2.8999999999999998e-01  1.6750000000000001e-01  1.6666666666666669e-01  1.0000000000000000e+00
2970   1.4999999999999999e-01  1.8500000000000000e-01  1.6666666666666669e-01  1.0000000000000000e+00
2971   1.5583333333333332e-01  1.8500000000000000e-01  1.6666666666666669e-01  1.0000000000000000e+00
2972   1.6749999999999998e-01  1.8500000000000000e-01  1.6666666666666674e-01  1.0000000000000000e+00
2973   1.8499999999999994e-01  1.8499999999999997e-01  1.6666666666666674e-01  1.0000000000000000e+00
2974   2.0250000000000001e-01  1.8499999999999997e-01  1.6666666666666669e-01  1.0000000000000000e+00
2975   2.2000000000000000e-01  1.8500000000000000e-01  1.6666666666666669e-01  1.0000000000000000e+00
2976   2.3749999999999996e-01  1.8500000000000000e-01  1.6666666666666669e-01  1.0000000000000000e+00
2977   2.5500000000000000e-01  1.8500000000000000e-01  1.6666666666666669e-01  1.0000000000000000e+00
2978   2.7249999999999996e-01  1.8500000000000000e-01  1.6666666666666669e-01  1.0000000000000000e+00
2979   2.8416666666666668e-01  1.8500000000000000e-01  1.6666666666666669e-01  1.0000000000000000e+00
2980   2.8999999999999998e-01  1.8500000000000000e-01  1.6666666666666669e-01  1.0000000000000000e+00
2981   1.4999999999999999e-01  2.0250000000000001e-01  1.6666666666666669e-01  1.0000000000000000e+00
2982   1.5583333333333332e-01  2.0250000000000001e-01  1.6666666666666669e-01  1.0000000000000000e+00
2983   1.6749999999999998e-01  2.0250000000000001e-01  1.6666666666666669e-01  1.0000000000000000e+00
2984   1.8499999999999994e-01  2.0249999999999996e-01  1.6666666666666669e-01  1.0000000000000000e+00
2985   2.0249999999999999e-01  2.0250000000000001e-01  1.6666666666666669e-01  1.0000000000000000e+00
2986   2.1999999999999997e-01  2.0250000000000001e-01  1.6666666666666669e-01  1.0000000000000000e+00
2987   2.3749999999999999e-01  2.0250000000000001e-01  1.6666666666666669e-01  1.0000000000000000e+00
2988   2.5500000000000000e-01  2.0250000000000001e-01  1.6666666666666669e-01  1.0000000000000000e+00
2989   2.7249999999999996e-01  2.0250000000000001e-01  1.6666666666666669e-01  1.0000000000000000e+00
2990   2.8416666666666662e-01  2.0250000000000001e-01  1.6666666666666669e-01  1.0000000000000000e+00
2991   2.9000000000000004e-01  2.0250000000000001e-01  1.6666666666666669e-01  1.0000000000000000e+00
2992   1.4999999999999999e-01  2.2000000000000000e-01  1.6666666666666669e-01  1.0000000000000000e+00
2993   1.5583333333333332e-01  2.2000000000000000e-01  1.6666666666666669e-01  1.0000000000000000e+00
2994   1.6749999999999998e-01  2.2000000000000000e-01  1.6666666666666671e-01  1.0000000000000000e+00
2995   1.8499999999999997e-01  2.1999999999999997e-01  1.6666666666666671e-01  1.0000000000000000e+00
2996   2.0249999999999999e-01  2.2000000000000000e-01  1.6666666666666669e-01  1.0000000000000000e+00
2997   2.1999999999999997e-01  2.2000000000000000e-01  1.6666666666666669e-01  1.0000000000000000e+00
2998   2.3749999999999999e-01  2.2000000000000000e-01  1.6666666666666669e-01  1.0000000000000000e+00
2999   2.5500000000000000e-01  2.2000000000000000e-01  1.6666666666666669e-01  1.0000000000000000e+00
3000   2.7249999999999996e-01  2.2000000000000000e-01  1.6666666666666669e-01  1.0000000000000000e+00
3001   2.8416666666666662e-01  2.2000000000000000e-01  1.6666666666666669e-01  1.0000000000000000e+00
3002   2.8999999999999998e-01  2.2000000000000000e-01  1.6666666666666669e-01  1.0000000000000000e+00
3003   1.4999999999999999e-01  2.3749999999999999e-01  1.6666666666666669e-01  1.0000000000000000e+00
3004   1.5583333333333332e-01  2.3749999999999999e-01  1.6666666666666669e-01  1.0000000000000000e+00
3005   1.6749999999999998e-01  2.3749999999999999e-01  1.6666666666666671e-01  1.0000000000000000e+00
3006   1.8499999999999997e-01  2.3749999999999999e-01  1.6666666666666671e-01  1.0000000000000000e+00
3007   2.0249999999999999e-01  2.3749999999999999e-01  1.6666666666666669e-01  1.0000000000000000e+00
3008   2.1999999999999997e-01  2.3749999999999999e-01  1.6666666666666669e-01  1.0000000000000000e+00
3009   2.3749999999999993e-01  2.3749999999999999e-01  1.6666666666666669e-01  1.0000000000000000e+00
3010   2.5500000000000000e-01  2.3749999999999999e-01  1.6666666666666669e-01  1.0000000000000000e+00
3011   2.7249999999999996e-01  2.3749999999999999e-01  1.6666666666666669e-01  1.0000000000000000e+00
3012   2.8416666666666662e-01  2.3749999999999999e-01  1.6666666666666669e-01  1.0000000000000000e+00
3013   2.8999999999999998e-01  2.3749999999999999e-01  1.6666666666666669e-01  1.0000000000000000e+00
3014   1.4999999999999999e-01  2.4916666666666668e-01  1.6666666666666669e-01  1.0000000000000000e+00
3015   1.5583333333333332e-01  2.4916666666666668e-01  1.6666666666666669e-01  1.0000000000000000e+00
3016   1.6749999999999998e-01  2.4916666666666668e-01  1.6666666666666671e-01  1.0000000000000000e+00
3017   1.8499999999999997e-01  2.4916666666666668e-01  1.6666666666666671e-01  1.0000000000000000e+00
3018   2.0249999999999999e-01  2.4916666666666668e-01  1.6666666666666669e-01  1.0000000000000000e+00
3019   2.1999999999999997e-01  2.4916666666666668e-01  1.6666666666666669e-01  1.0000000000000000e+00
3020   2.3749999999999996e-01  2.4916666666666668e-01  1.6666666666666669e-01  1.0000000000000000e+00
3021   2.5500000000000000e-01  2.4916666666666668e-01  1.6666666666666669e-01  1.0000000000000000e+00
3022   2.7249999999999996e-01  2.4916666666666668e-01  1.6666666666666669e-01  1.0000000000000000e+00
3023   2.8416666666666662e-01  2.4916666666666668e-01  1.6666666666666669e-01  1.0000000000000000e+00
3024   2.8999999999999998e-01  2.4916666666666668e-01  1.6666666666666669e-01  1.0000000000000000e+00
3025   1.4999999999999999e-01  1.1499999999999999e-01  5.0000000000000000e-01  1.0000000000000000e+00
3026   1.5583333333333332e-01  1.1499999999999999e-01  5.0000000000000000e-01  1.0000000000000000e+00
3027   1.6749999999999998e-01  1.1500000000000000e-01  5.0000000000000011e-01  1.0000000000000000e+00
3028   1.8499999999999997e-01  1.1499999999999999e-01  5.0000000000000011e-01  1.0000000000000000e+00
3029   2.0249999999999999e-01  1.1499999999999999e-01  5.0000000000000000e-01  1.0000000000000000e+00
3030   2.1999999999999997e-01  1.1499999999999999e-01  5.0000000000000000e-01  1.0000000000000000e+00
3031   2.3749999999999996e-01  1.1499999999999999e-01  5.0000000000000000e-01  1.0000000000000000e+00
3032   2.5500000000000000e-01  1.1500000000000000e-01  5.0000000000000000e-01  1.0000000000000000e+00
3033   2.7249999999999996e-01  1.1499999999999999e-01  5.0000000000000000e-01  1.0000000000000000e+00
3034   2.8416666666666662e-01  1.1499999999999999e-01  5.0000000000000000e-01  1.0000000000000000e+00
3035   2.8999999999999998e-01  1.1499999999999999e-01  5.0000000000000000e-01  1.0000000000000000e+00
3036   1.4999999999999999e-01  1.2083333333333333e-01  5.0000000000000000e-01  1.0000000000000000e+00
3037   1.5583333333333332e-01  1.2083333333333333e-01  5.0000000000000000e-01  1.0000000000000000e+00
3038   1.6749999999999998e-01  1.2083333333333333e-01  5.0000000000000011e-01  1.0000000000000000e+00
3039   1.8499999999999997e-01  1.2083333333333332e-01  5.0000000000000011e-01  1.0000000000000000e+00
3040   2.0249999999999999e-01  1.2083333333333332e-01  5.0000000000000000e-01  1.0000000000000000e+00
3041   2.1999999999999997e-01  1.2083333333333333e-01  5.0000000000000000e-01  1.0000000000000000e+00
3042   2.3749999999999996e-01  1.2083333333333332e-01  5.0000000000000000e-01  1.0000000000000000e+00
3043   2.5500000000000000e-01  1.2083333333333333e-01  5.0000000000000000e-01  1.0000000000000000e+00
3044   2.7249999999999996e-01  1.2083333333333333e-01  5.0000000000000000e-01  1.0000000000000000e+00
3045   2.8416666666666662e-01  1.2083333333333333e-01  5.0000000000000000e-01  1.0000000000000000e+00
3046   2.8999999999999998e-01  1.2083333333333333e-01  5.0000000000000000e-01  1.0000000000000000e+00
3047   1.5000000000000002e-01  1.3249999999999998e-01  5.0000000000000011e-01  1.0000000000000000e+00
3048   1.5583333333333332e-01  1.3249999999999998e-01  5.0000000000000011e-01  1.0000000000000000e+00
3049   1.6749999999999998e-01  1.3250000000000001e-01  5.0000000000000011e-01  1.0000000000000000e+00
3050   1.8499999999999997e-01  1.3249999999999998e-01  5.0000000000000011e-01  1.0000000000000000e+00
3051   2.0249999999999999e-01  1.3249999999999998e-01  5.0000000000000011e-01  1.0000000000000000e+00
3052   2.1999999999999995e-01  1.3249999999999998e-01  5.0000000000000011e-01  1.0000000000000000e+00
3053   2.3749999999999996e-01  1.3249999999999998e-01  5.0000000000000011e-01  1.0000000000000000e+00
3054   2.5500000000000000e-01  1.3250000000000001e-01  5.0000000000000011e-01  1.0000000000000000e+00
3055   2.7249999999999996e-01  1.3249999999999998e-01  5.0000000000000011e-01  1.0000000000000000e+00
3056   2.8416666666666662e-01  1.3249999999999998e-01  5.0000000000000011e-01  1.0000000000000000e+00
3057   2.8999999999999998e-01  1.3249999999999998e-01  5.0000000000000011e-01  1.0000000000000000e+00
3058   1.5000000000000002e-01  1.4999999999999999e-01  5.0000000000000011e-01  1.0000000000000000e+00
3059   1.5583333333333332e-01  1.4999999999999999e-01  5.0000000000000011e-01  1.0000000000000000e+00
3060   1.6749999999999998e-01  1.5000000000000002e-01  5.0000000000000011e-01  1.0000000000000000e+00
3061   1.8500000000000000e-01  1.4999999999999999e-01  5.0000000000000011e-01  1.0000000000000000e+00
3062   2.0249999999999999e-01  1.4999999999999999e-01  5.0000000000000011e-01  1.0000000000000000e+00
3063   2.1999999999999997e-01  1.4999999999999999e-01  5.0000000000000011e-01  1.0000000000000000e+00
3064   2.3749999999999996e-01  1.4999999999999999e-01  5.0000000000000011e-01  1.0000000000000000e+00
3065   2.5500000000000000e-01  1.5000000000000002e-01  5.0000000000000011e-01  1.0000000000000000e+00
3066   2.7249999999999996e-01  1.4999999999999999e-01  5.0000000000000011e-01  1.0000000000000000e+00
3067   2.8416666666666662e-01  1.4999999999999999e-01  5.0000000000000011e-01  1.0000000000000000e+00
3068   2.9000000000000004e-01  1.4999999999999999e-01  5.0000000000000011e-01  1.0000000000000000e+00
3069   1.4999999999999997e-01  1.6750000000000001e-01  5.0000000000000000e-01  1.0000000000000000e+00
3070   1.5583333333333330e-01  1.6750000000000001e-01  5.0000000000000000e-01  1.0000000000000000e+00
3071   1.6749999999999998e-01  1.6750000000000001e-01  5.0000000000000011e-01  1.0000000000000000e+00
3072   1.8499999999999997e-01  1.6749999999999998e-01  5.0000000000000011e-01  1.0000000000000000e+00
3073   2.0249999999999999e-01  1.6749999999999998e-01  5.0000000000000000e-01  1.0000000000000000e+00
3074   2.1999999999999997e-01  1.6750000000000001e-01  5.0000000000000000e-01  1.0000000000000000e+00
3075   2.3749999999999999e-01  1.6750000000000001e-01  5.0000000000000000e-01  1.0000000000000000e+00
3076   2.5500000000000000e-01  1.6750000000000001e-01  5.0000000000000000e-01  1.0000000000000000e+00
3077   2.7249999999999996e-01  1.6750000000000001e-01  5.0000000000000000e-01  1.0000000000000000e+00
3078   2.8416666666666662e-01  1.6750000000000001e-01  5.0000000000000000e-01  1.0000000000000000e+00
3079   2.8999999999999998e-01  1.6750000000000001e-01  5.0000000000000000e-01  1.0000000000000000e+00
3080   1.4999999999999999e-01  1.8500000000000000e-01  5.0000000000000000e-01  1.0000000000000000e+00
3081   1.5583333333333332e-01  1.8500000000000000e-01  5.0000000000000000e-01  1.0000000000000000e+00
3082   1.6749999999999998e-01  1.8500000000000000e-01  5.0000000000000022e-01  1.0000000000000000e+00
3083   1.8499999999999994e-01  1.8499999999999997e-01  5.0000000000000022e-01  1.0000000000000000e+00
3084   2.0250000000000001e-01  1.8499999999999997e-01  5.0000000000000000e-01  1.0000000000000000e+00
3085   2.2000000000000000e-01  1.8500000000000000e-01  5.0000000000000000e-01  1.0000000000000000e+00
3086   2.3749999999999996e-01  1.8500000000000000e-01  5.0000000000000000e-01  1.0000000000000000e+00
3087   2.5500000000000000e-01  1.8500000000000000e-01  5.0000000000000000e-01  1.0000000000000000e+00
3088   2.7249999999999996e-01  1.8500000000000000e-01  5.0000000000000000e-01  1.0000000000000000e+00
3089   2.8416666666666668e-01  1.8500000000000000e-01  5.0000000000000000e-01  1.0000000000000000e+00
3090   2.8999999999999998e-01  1.8500000000000000e-01  5.0000000000000000e-01  1.0000000000000000e+00
3091   1.4999999999999999e-01  2.0250000000000001e-01  5.0000000000000000e-01  1.0000000000000000e+00
3092   1.5583333333333332e-01  2.0250000000000001e-01  5.0000000000000000e-01  1.0000000000000000e+00
3093   1.6749999999999998e-01  2.0250000000000001e-01  5.0000000000000000e-01  1.0000000000000000e+00
3094   1.8499999999999994e-01  2.0249999999999996e-01  5.0000000000000000e-01  1.0000000000000000e+00
3095   2.0249999999999999e-01  2.0249999999999999e-01  5.0000000000000000e-01  1.0000000000000000e+00
3096   2.1999999999999997e-01  2.0250000000000001e-01  5.0000000000000000e-01  1.0000000000000000e+00
3097   2.3749999999999999e-01  2.0250000000000001e-01  5.0000000000000000e-01  1.0000000000000000e+00
3098   2.5500000000000000e-01  2.0250000000000001e-01  5.0000000000000000e-01  1.0000000000000000e+00
3099   2.7249999999999996e-01  2.0250000000000001e-01  5.0000000000000000e-01  1.0000000000000000e+00
3100   2.8416666666666662e-01  2.0250000000000001e-01  5.0000000000000000e-01  1.0000000000000000e+00
3101   2.9000000000000004e-01  2.0250000000000001e-01  5.0000000000000000e-01  1.0000000000000000e+00
3102   1.4999999999999999e-01  2.2000000000000000e-01  5.0000000000000000e-01  1.0000000000000000e+00
3103   1.5583333333333332e-01  2.2000000000000000e-01  5.0000000000000000e-01  1.0000000000000000e+00
3104   1.6749999999999998e-01  2.2000000000000000e-01  5.0000000000000011e-01  1.0000000000000000e+00
3105   1.8499999999999997e-01  2.1999999999999997e-01  5.0000000000000011e-01  1.0000000000000000e+00
3106   2.0249999999999999e-01  2.2000000000000000e-01  5.0000000000000000e-01  1.0000000000000000e+00
3107   2.1999999999999997e-01  2.2000000000000000e-01  5.0000000000000000e-01  1.0000000000000000e+00
3108   2.3749999999999999e-01  2.2000000000000000e-01  5.0000000000000000e-01  1.0000000000000000e+00
3109   2.5500000000000000e-01  2.2000000000000000e-01  5.0000000000000000e-01  1.0000000000000000e+00
3110   2.7249999999999996e-01  2.2000000000000000e-01  5.0000000000000000e-01  1.0000000000000000e+00
3111   2.8416666666666662e-01  2.2000000000000000e-01  5.0000000000000000e-01  1.0000000000000000e+00
3112   2.8999999999999998e-01  2.2000000000000000e-01  5.0000000000000000e-01  1.0000000000000000e+00
3113   1.4999999999999999e-01  2.3749999999999999e-01  5.0000000000000000e-01  1.0000000000000000e+00
3114   1.5583333333333332e-01  2.3749999999999999e-01  5.0000000000000000e-01  1.0000000000000000e+00
3115   1.6749999999999998e-01  2.3749999999999999e-01  5.0000000000000011e-01  1.0000000000000000e+00
3116   1.8499999999999997e-01  2.3749999999999999e-01  5.0000000000000011e-01  1.0000000000000000e+00
3117   2.0249999999999999e-01  2.3749999999999999e-01  5.0000000000000000e-01  1.0000000000000000e+00
3118   2.1999999999999997e-01  2.3749999999999999e-01  5.0000000000000000e-01  1.0000000000000000e+00
3119   2.3749999999999993e-01  2.3749999999999999e-01  5.0000000000000000e-01  1.0000000000000000e+00
3120   2.5500000000000000e-01  2.3749999999999999e-01  5.0000000000000000e-01  1.0000000000000000e+00
3121   2.7249999999999996e-01  2.3749999999999999e-01  5.0000000000000000e-01  1.0000000000000000e+00
3122   2.8416666666666662e-01  2.3749999999999999e-01  5.0000000000000000e-01  1.0000000000000000e+00
3123   2.8999999999999998e-01  2.3749999999999999e-01  5.0000000000000000e-01  1.0000000000000000e+00
3124   1.4999999999999999e-01  2.4916666666666668e-01  5.0000000000000000e-01  1.0000000000000000e+00
3125   1.5583333333333332e-01  2.4916666666666668e-01  5.0000000000000000e-01  1.0000000000000000e+00
3126   1.6749999999999998e-01  2.4916666666666668e-01  5.0000000000000011e-01  1.0000000000000000e+00
3127   1.8499999999999997e-01  2.4916666666666668e-01  5.0000000000000011e-01  1.0000000000000000e+00
3128   2.0249999999999999e-01  2.4916666666666668e-01  5.0000000000000000e-01  1.0000000000000000e+00
3129   2.1999999999999997e-01  2.4916666666666668e-01  5.0000000000000000e-01  1.0000000000000000e+00
3130   2.3749999999999996e-01  2.4916666666666668e-01  5.0000000000000000e-01  1.0000000000000000e+00
3131   2.5500000000000000e-01  2.4916666666666668e-01  5.0000000000000000e-01  1.0000000000000000e+00
3132   2.7249999999999996e-01  2.4916666666666668e-01  5.0000000000000000e-01  1.0000000000000000e+00
3133   2.8416666666666662e-01  2.4916666666666668e-01  5.0000000000000000e-01  1.0000000000000000e+00
3134   2.8999999999999998e-01  2.4916666666666668e-01  5.0000000000000000e-01  1.0000000000000000e+00
3135   1.4999999999999999e-01  1.1499999999999999e-01  8.3333333333333337e-01  1.0000000000000000e+00
3136   1.5583333333333332e-01  1.1499999999999999e-01  8.3333333333333337e-01  1.0000000000000000e+00
3137   1.6749999999999998e-01  1.1500000000000000e-01  8.3333333333333348e-01  1.0000000000000000e+00
3138   1.8499999999999997e-01  1.1499999999999999e-01  8.3333333333333348e-01  1.0000000000000000e+00
3139   2.0249999999999999e-01  1.1499999999999999e-01  8.3333333333333337e-01  1.0000000000000000e+00
3140   2.1999999999999997e-01  1.1499999999999999e-01  8.3333333333333337e-01  1.0000000000000000e+00
3141   2.3749999999999996e-01  1.1499999999999999e-01  8.3333333333333337e-01  1.0000000000000000e+00
3142   2.5500000000000000e-01  1.1499999999999999e-01  8.3333333333333337e-01  1.0000000000000000e+00
3143   2.7249999999999996e-01  1.1499999999999999e-01  8.3333333333333337e-01  1.0000000000000000e+00
3144   2.8416666666666662e-01  1.1499999999999999e-01  8.3333333333333337e-01  1.0000000000000000e+00
3145   2.8999999999999998e-01  1.1499999999999999e-01  8.3333333333333337e-01  1.0000000000000000e+00
3146   1.4999999999999999e-01  1.2083333333333333e-01  8.3333333333333337e-01  1.0000000000000000e+00
3147   1.5583333333333332e-01  1.2083333333333333e-01  8.3333333333333337e-01  1.0000000000000000e+00
3148   1.6749999999999998e-01  1.2083333333333333e-01  8.3333333333333348e-01  1.0000000000000000e+00
3149   1.8499999999999997e-01  1.2083333333333332e-01  8.3333333333333348e-01  1.0000000000000000e+00
3150   2.0249999999999999e-01  1.2083333333333332e-01  8.3333333333333337e-01  1.0000000000000000e+00
3151   2.1999999999999997e-01  1.2083333333333333e-01  8.3333333333333337e-01  1.0000000000000000e+00
3152   2.3749999999999996e-01  1.2083333333333332e-01  8.3333333333333337e-01  1.0000000000000000e+00
3153   2.5500000000000000e-01  1.2083333333333332e-01  8.3333333333333337e-01  1.0000000000000000e+00
3154   2.7249999999999996e-01  1.2083333333333332e-01  8.3333333333333337e-01  1.0000000000000000e+00
3155   2.8416666666666662e-01  1.2083333333333333e-01  8.3333333333333337e-01  1.0000000000000000e+00
3156   2.8999999999999998e-01  1.2083333333333333e-01  8.3333333333333337e-01  1.0000000000000000e+00
3157   1.5000000000000002e-01  1.3249999999999998e-01  8.3333333333333348e-01  1.0000000000000000e+00
3158   1.5583333333333332e-01  1.3249999999999998e-01  8.3333333333333348e-01  1.0000000000000000e+00
3159   1.6749999999999998e-01  1.3250000000000001e-01  8.3333333333333348e-01  1.0000000000000000e+00
3160   1.8499999999999997e-01  1.3249999999999998e-01  8.3333333333333348e-01  1.0000000000000000e+00
3161   2.0249999999999999e-01  1.3249999999999998e-01  8.3333333333333348e-01  1.0000000000000000e+00
3162   2.1999999999999995e-01  1.3249999999999998e-01  8.3333333333333348e-01  1.0000000000000000e+00
3163   2.3749999999999996e-01  1.3249999999999998e-01  8.3333333333333348e-01  1.0000000000000000e+00
3164   2.5500000000000000e-01  1.3249999999999998e-01  8.3333333333333348e-01  1.0000000000000000e+00
3165   2.7249999999999996e-01  1.3249999999999998e-01  8.3333333333333348e-01  1.0000000000000000e+00
3166   2.8416666666666662e-01  1.3249999999999998e-01  8.3333333333333348e-01  1.0000000000000000e+00
3167   2.8999999999999998e-01  1.3249999999999998e-01  8.3333333333333348e-01  1.0000000000000000e+00
3168   1.5000000000000002e-01  1.4999999999999999e-01  8.3333333333333348e-01  1.0000000000000000e+00
3169   1.5583333333333332e-01  1.4999999999999999e-01  8.3333333333333348e-01  1.0000000000000000e+00
3170   1.6749999999999998e-01  1.5000000000000002e-01  8.3333333333333348e-01  1.0000000000000000e+00
3171   1.8500000000000000e-01  1.4999999999999999e-01  8.3333333333333348e-01  1.0000000000000000e+00
3172   2.0249999999999999e-01  1.4999999999999999e-01  8.3333333333333348e-01  1.0000000000000000e+00
3173   2.1999999999999997e-01  1.4999999999999999e-01  8.3333333333333348e-01  1.0000000000000000e+00
3174   2.3749999999999996e-01  1.4999999999999999e-01  8.3333333333333348e-01  1.0000000000000000e+00
3175   2.5500000000000000e-01  1.4999999999999999e-01  8.3333333333333348e-01  1.0000000000000000e+00
3176   2.7249999999999996e-01  1.4999999999999999e-01  8.3333333333333348e-01  1.0000000000000000e+00
3177   2.8416666666666662e-01  1.4999999999999999e-01  8.3333333333333348e-01  1.0000000000000000e+00
3178   2.9000000000000004e-01  1.4999999999999999e-01  8.3333333333333348e-01  1.0000000000000000e+00
3179   1.4999999999999997e-01  1.6750000000000001e-01  8.3333333333333337e-01  1.0000000000000000e+00
3180   1.5583333333333330e-01  1.6750000000000001e-01  8.3333333333333337e-01  1.0000000000000000e+00
3181   1.6749999999999998e-01  1.6750000000000001e-01  8.3333333333333348e-01  1.0000000000000000e+00
3182   1.8499999999999997e-01  1.6749999999999998e-01  8.3333333333333348e-01  1.0000000000000000e+00
3183   2.0249999999999999e-01  1.6749999999999998e-01  8.3333333333333337e-01  1.0000000000000000e+00
3184   2.1999999999999997e-01  1.6750000000000001e-01  8.3333333333333337e-01  1.0000000000000000e+00
3185   2.3749999999999999e-01  1.6750000000000001e-01  8.3333333333333337e-01  1.0000000000000000e+00
3186   2.5500000000000000e-01  1.6750000000000001e-01  8.3333333333333337e-01  1.0000000000000000e+00
3187   2.7249999999999996e-01  1.6750000000000001e-01  8.3333333333333337e-01  1.0000000000000000e+00
3188   2.8416666666666662e-01  1.6750000000000001e-01  8.3333333333333337e-01  1.0000000000000000e+00
3189   2.8999999999999998e-01  1.6750000000000001e-01  8.3333333333333337e-01  1.0000000000000000e+00
3190   1.4999999999999999e-01  1.8500000000000000e-01  8.3333333333333337e-01  1.0000000000000000e+00
3191   1.5583333333333332e-01  1.8500000000000000e-01  8.3333333333333337e-01  1.0000000000000000e+00
3192   1.6749999999999998e-01  1.8500000000000000e-01  8.3333333333333348e-01  1.0000000000000000e+00
3193   1.8499999999999994e-01  1.8499999999999997e-01  8.3333333333333348e-01  1.0000000000000000e+00
3194   2.0250000000000001e-01  1.8499999999999997e-01  8.3333333333333337e-01  1.0000000000000000e+00
3195   2.2000000000000000e-01  1.8500000000000000e-01  8.3333333333333337e-01  1.0000000000000000e+00
3196   2.3749999999999996e-01  1.8500000000000000e-01  8.3333333333333337e-01  1.0000000000000000e+00
3197   2.5500000000000000e-01  1.8500000000000000e-01  8.3333333333333337e-01  1.0000000000000000e+00
3198   2.7249999999999996e-01  1.8500000000000000e-01  8.3333333333333337e-01  1.0000000000000000e+00
3199   2.8416666666666668e-01  1.8500000000000000e-01  8.3333333333333337e-01  1.0000000000000000e+00
3200   2.8999999999999998e-01  1.8500000000000000e-01  8.3333333333333337e-01  1.0000000000000000e+00
3201   1.4999999999999999e-01  2.0250000000000001e-01  8.3333333333333337e-01  1.0000000000000000e+00
3202   1.5583333333333332e-01  2.0250000000000001e-01  8.3333333333333337e-01  1.0000000000000000e+00
3203   1.6749999999999998e-01  2.0250000000000001e-01  8.3333333333333337e-01  1.0000000000000000e+00
3204   1.8499999999999994e-01  2.0249999999999996e-01  8.3333333333333337e-01  1.0000000000000000e+00
3205   2.0249999999999999e-01  2.0249999999999999e-01  8.3333333333333337e-01  1.0000000000000000e+00
3206   2.1999999999999997e-01  2.0250000000000001e-01  8.3333333333333337e-01  1.0000000000000000e+00
3207   2.3749999999999999e-01  2.0250000000000001e-01  8.3333333333333337e-01  1.0000000000000000e+00
3208   2.5500000000000000e-01  2.0250000000000001e-01  8.3333333333333337e-01  1.0000000000000000e+00
3209   2.7249999999999996e-01  2.0250000000000001e-01  8.3333333333333337e-01  1.0000000000000000e+00
3210   2.8416666666666662e-01  2.0250000000000001e-01  8.3333333333333337e-01  1.0000000000000000e+00
3211   2.9000000000000004e-01  2.0250000000000001e-01  8.3333333333333337e-01  1.0000000000000000e+00
3212   1.4999999999999999e-01  2.2000000000000000e-01  8.3333333333333337e-01  1.0000000000000000e+00
3213   1.5583333333333332e-01  2.2000000000000000e-01  8.3333333333333337e-01  1.0000000000000000e+00
3214   1.6749999999999998e-01  2.2000000000000000e-01  8.3333333333333348e-01  1.0000000000000000e+00
3215   1.8499999999999997e-01  2.1999999999999997e-01  8.3333333333333348e-01  1.0000000000000000e+00
3216   2.0249999999999999e-01  2.2000000000000000e-01  8.3333333333333337e-01  1.0000000000000000e+00
3217   2.1999999999999997e-01  2.2000000000000000e-01  8.3333333333333337e-01  1.0000000000000000e+00
3218   2.3749999999999999e-01  2.2000000000000000e-01  8.3333333333333337e-01  1.0000000000000000e+00
3219   2.5500000000000000e-01  2.2000000000000000e-01  8.3333333333333337e-01  1.0000000000000000e+00
3220   2.7249999999999996e-01  2.2000000000000000e-01  8.3333333333333337e-01  1.0000000000000000e+00
3221   2.8416666666666662e-01  2.2000000000000000e-01  8.3333333333333337e-01  1.0000000000000000e+00
3222   2.8999999999999998e-01  2.2000000000000000e-01  8.3333333333333337e-01  1.0000000000000000e+00
3223   1.4999999999999999e-01  2.3749999999999999e-01  8.3333333333333337e-01  1.0000000000000000e+00
3224   1.5583333333333332e-01  2.3749999999999999e-01  8.3333333333333337e-01  1.0000000000000000e+00
3225   1.6749999999999998e-01  2.3749999999999999e-01  8.3333333333333348e-01  1.0000000000000000e+00
3226   1.8499999999999997e-01  2.3749999999999999e-01  8.3333333333333348e-01  1.0000000000000000e+00
3227   2.0249999999999999e-01  2.3749999999999999e-01  8.3333333333333337e-01  1.0000000000000000e+00
3228   2.1999999999999997e-01  2.3749999999999999e-01  8.3333333333333337e-01  1.0000000000000000e+00
3229   2.3749999999999993e-01  2.3749999999999999e-01  8.3333333333333337e-01  1.0000000000000000e+00
3230   2.5500000000000000e-01  2.3749999999999999e-01  8.3333333333333337e-01  1.0000000000000000e+00
3231   2.7249999999999996e-01  2.3749999999999999e-01  8.3333333333333337e-01  1.0000000000000000e+00
3232   2.8416666666666662e-01  2.3749999999999999e-01  8.3333333333333337e-01  1.0000000000000000e+00
3233   2.8999999999999998e-01  2.3749999999999999e-01  8.3333333333333337e-01  1.0000000000000000e+00
3234   1.4999999999999999e-01  2.4916666666666668e-01  8.3333333333333337e-01  1.0000000000000000e+00
3235   1.5583333333333332e-01  2.4916666666666668e-01  8.3333333333333337e-01  1.0000000000000000e+00
3236   1.6749999999999998e-01  2.4916666666666668e-01  8.3333333333333348e-01  1.0000000000000000e+00
3237   1.8499999999999997e-01  2.4916666666666668e-01  8.3333333333333348e-01  1.0000000000000000e+00
3238   2.0249999999999999e-01  2.4916666666666668e-01  8.3333333333333337e-01  1.0000000000000000e+00
3239   2.1999999999999997e-01  2.4916666666666668e-01  8.3333333333333337e-01  1.0000000000000000e+00
3240   2.3749999999999996e-01  2.4916666666666668e-01  8.3333333333333337e-01  1.0000000000000000e+00
3241   2.5500000000000000e-01  2.4916666666666668e-01  8.3333333333333337e-01  1.0000000000000000e+00
3242   2.7249999999999996e-01  2.4916666666666668e-01  8.3333333333333337e-01  1.0000000000000000e+00
3243   2.8416666666666662e-01  2.4916666666666668e-01  8.3333333333333337e-01  1.0000000000000000e+00
3244   2.8999999999999998e-01  2.4916666666666668e-01  8.3333333333333337e-01  1.0000000000000000e+00
3245   1.4999999999999999e-01  1.1500000000000000e-01  1.0000000000000000e+00  1.0000000000000000e+00
3246   1.5583333333333332e-01  1.1500000000000000e-01  1.0000000000000000e+00  1.0000000000000000e+00
3247   1.6749999999999998e-01  1.1500000000000002e-01  1.0000000000000000e+00  1.0000000000000000e+00
3248   1.8499999999999997e-01  1.1499999999999999e-01  1.0000000000000000e+00  1.0000000000000000e+00
3249   2.0249999999999999e-01  1.1500000000000000e-01  1.0000000000000000e+00  1.0000000000000000e+00
3250   2.1999999999999997e-01  1.1500000000000000e-01  1.0000000000000000e+00  1.0000000000000000e+00
3251   2.3749999999999996e-01  1.1499999999999999e-01  1.0000000000000000e+00  1.0000000000000000e+00
3252   2.5500000000000000e-01  1.1499999999999999e-01  1.0000000000000000e+00  1.0000000000000000e+00
3253   2.7249999999999996e-01  1.1499999999999999e-01  1.0000000000000000e+00  1.0000000000000000e+00
3254   2.8416666666666662e-01  1.1500000000000000e-01  1.0000000000000000e+00  1.0000000000000000e+00
3255   2.8999999999999998e-01  1.1500000000000000e-01  1.0000000000000000e+00  1.0000000000000000e+00
3256   1.4999999999999999e-01  1.2083333333333335e-01  1.0000000000000000e+00  1.0000000000000000e+00
3257   1.5583333333333332e-01  1.2083333333333335e-01  1.0000000000000000e+00  1.0000000000000000e+00
3258   1.6749999999999998e-01  1.2083333333333335e-01  1.0000000000000000e+00  1.0000000000000000e+00
3259   1.8499999999999997e-01  1.2083333333333332e-01  1.0000000000000000e+00  1.0000000000000000e+00
3260   2.0249999999999999e-01  1.2083333333333333e-01  1.0000000000000000e+00  1.0000000000000000e+00
3261   2.1999999999999997e-01  1.2083333333333335e-01  1.0000000000000000e+00  1.0000000000000000e+00
3262   2.3749999999999996e-01  1.2083333333333332e-01  1.0000000000000000e+00  1.0000000000000000e+00
3263   2.5500000000000000e-01  1.2083333333333332e-01  1.0000000000000000e+00  1.0000000000000000e+00
3264   2.7249999999999996e-01  1.2083333333333332e-01  1.0000000000000000e+00  1.0000000000000000e+00
3265   2.8416666666666662e-01  1.2083333333333335e-01  1.0000000000000000e+00  1.0000000000000000e+00
3266   2.8999999999999998e-01  1.2083333333333335e-01  1.0000000000000000e+00  1.0000000000000000e+00
3267   1.5000000000000002e-01  1.3249999999999998e-01  1.0000000000000000e+00  1.0000000000000000e+00
3268   1.5583333333333332e-01  1.3249999999999998e-01  1.0000000000000000e+00  1.0000000000000000e+00
3269   1.6749999999999998e-01  1.3250000000000001e-01  1.0000000000000000e+00  1.0000000000000000e+00
3270   1.8499999999999997e-01  1.3249999999999998e-01  1.0000000000000000e+00  1.0000000000000000e+00
3271   2.0249999999999999e-01  1.3249999999999998e-01  1.0000000000000000e+00  1.0000000000000000e+00
3272   2.1999999999999995e-01  1.3249999999999998e-01  1.0000000000000000e+00  1.0000000000000000e+00
3273   2.3749999999999996e-01  1.3249999999999998e-01  1.0000000000000000e+00  1.0000000000000000e+00
3274   2.5500000000000000e-01  1.3249999999999998e-01  1.0000000000000000e+00  1.0000000000000000e+00
3275   2.7249999999999996e-01  1.3249999999999998e-01  1.0000000000000000e+00  1.0000000000000000e+00
3276   2.8416666666666662e-01  1.3249999999999998e-01  1.0000000000000000e+00  1.0000000000000000e+00
3277   2.8999999999999998e-01  1.3249999999999998e-01  1.0000000000000000e+00  1.0000000000000000e+00
3278   1.5000000000000002e-01  1.4999999999999999e-01  1.0000000000000000e+00  1.0000000000000000e+00
3279   1.5583333333333332e-01  1.4999999999999999e-01  1.0000000000000000e+00  1.0000000000000000e+00
3280   1.6749999999999998e-01  1.5000000000000002e-01  1.0000000000000000e+00  1.0000000000000000e+00
3281   1.8500000000000000e-01  1.4999999999999999e-01  1.0000000000000000e+00  1.0000000000000000e+00
3282   2.0249999999999999e-01  1.4999999999999999e-01  1.0000000000000000e+00  1.0000000000000000e+00
3283   2.1999999999999997e-01  1.4999999999999999e-01  1.0000000000000000e+00  1.0000000000000000e+00
3284   2.3749999999999996e-01  1.4999999999999999e-01  1.0000000000000000e+00  1.0000000000000000e+00
3285   2.5500000000000000e-01  1.4999999999999999e-01  1.0000000000000000e+00  1.0000000000000000e+00
3286   2.7249999999999996e-01  1.4999999999999999e-01  1.0000000000000000e+00  1.0000000000000000e+00
3287   2.8416666666666662e-01  1.4999999999999999e-01  1.0000000000000000e+00  1.0000000000000000e+00
3288   2.9000000000000004e-01  1.4999999999999999e-01  1.0000000000000000e+00  1.0000000000000000e+00
3289   1.4999999999999997e-01  1.6750000000000001e-01  1.0000000000000000e+00  1.0000000000000000e+00
3290   1.5583333333333330e-01  1.6750000000000001e-01  1.0000000000000000e+00  1.0000000000000000e+00
3291   1.6749999999999998e-01  1.6750000000000001e-01  1.0000000000000000e+00  1.0000000000000000e+00
3292   1.8499999999999997e-01  1.6749999999999998e-01  1.0000000000000000e+00  1.0000000000000000e+00
3293   2.0249999999999999e-01  1.6749999999999998e-01  1.0000000000000000e+00  1.0000000000000000e+00
3294   2.1999999999999997e-01  1.6750000000000001e-01  1.0000000000000000e+00  1.0000000000000000e+00
3295   2.3749999999999999e-01  1.6750000000000001e-01  1.0000000000000000e+00  1.0000000000000000e+00
3296   2.5500000000000000e-01  1.6750000000000001e-01  1.0000000000000000e+00  1.0000000000000000e+00
3297   2.7249999999999996e-01  1.6750000000000001e-01  1.0000000000000000e+00  1.0000000000000000e+00
3298   2.8416666666666662e-01  1.6750000000000001e-01  1.0000000000000000e+00  1.0000000000000000e+00
3299   2.8999999999999998e-01  1.6750000000000001e-01  1.0000000000000000e+00  1.0000000000000000e+00
3300   1.4999999999999999e-01  1.8500000000000000e-01  1.0000000000000000e+00  1.0000000000000000e+00
3301   1.5583333333333332e-01  1.8500000000000000e-01  1.0000000000000000e+00  1.0000000000000000e+00
3302   1.6749999999999998e-01  1.8500000000000000e-01  1.0000000000000000e+00  1.0000000000000000e+00
3303   1.8499999999999994e-01  1.8499999999999997e-01  1.0000000000000000e+00  1.0000000000000000e+00
3304   2.0250000000000001e-01  1.8499999999999997e-01  1.0000000000000000e+00  1.0000000000000000e+00
3305   2.2000000000000000e-01  1.8500000000000000e-01  1.0000000000000000e+00  1.0000000000000000e+00
3306   2.3749999999999996e-01  1.8500000000000000e-01  1.0000000000000000e+00  1.0000000000000000e+00
3307   2.5500000000000000e-01  1.8500000000000000e-01  1.0000000000000000e+00  1.0000000000000000e+00
3308   2.7249999999999996e-01  1.8500000000000000e-01  1.0000000000000000e+00  1.0000000000000000e+00
3309   2.8416666666666668e-01  1.8500000000000000e-01  1.0000000000000000e+00  1.0000000000000000e+00
3310   2.8999999999999998e-01  1.8500000000000000e-01  1.0000000000000000e+00  1.0000000000000000e+00
3311   1.4999999999999999e-01  2.0250000000000001e-01  1.0000000000000000e+00  1.0000000000000000e+00
3312   1.5583333333333332e-01  2.0250000000000001e-01  1.0000000000000000e+00  1.0000000000000000e+00
3313   1.6749999999999998e-01  2.0250000000000001e-01  1.0000000000000000e+00  1.0000000000000000e+00
3314   1.8499999999999994e-01  2.0249999999999996e-01  1.0000000000000000e+00  1.0000000000000000e+00
3315   2.0249999999999999e-01  2.0250000000000001e-01  1.0000000000000000e+00  1.0000000000000000e+00
3316   2.1999999999999997e-01  2.0250000000000001e-01  1.0000000000000000e+00  1.0000000000000000e+00
3317   2.3749999999999999e-01  2.0250000000000001e-01  1.0000000000000000e+00  1.0000000000000000e+00
3318   2.5500000000000000e-01  2.0250000000000001e-01  1.0000000000000000e+00  1.0000000000000000e+00
3319   2.7249999999999996e-01  2.0250000000000001e-01  1.0000000000000000e+00  1.0000000000000000e+00
3320   2.8416666666666662e-01  2.0250000000000001e-01  1.0000000000000000e+00  1.0000000000000000e+00
3321   2.9000000000000004e-01  2.0250000000000001e-01  1.0000000000000000e+00  1.0000000000000000e+00
3322   1.4999999999999999e-01  2.2000000000000000e-01  1.0000000000000000e+00  1.0000000000000000e+00
3323   1.5583333333333332e-01  2.2000000000000000e-01  1.0000000000000000e+00  1.0000000000000000e+00
3324   1.6749999999999998e-01  2.2000000000000000e-01  1.0000000000000000e+00  1.0000000000000000e+00
3325   1.8499999999999997e-01  2.1999999999999997e-01  1.0000000000000000e+00  1.0000000000000000e+00
3326   2.0249999999999999e-01  2.2000000000000000e-01  1.0000000000000000e+00  1.0000000000000000e+00
3327   2.1999999999999997e-01  2.2000000000000000e-01  1.0000000000000000e+00  1.0000000000000000e+00
3328   2.3749999999999999e-01  2.2000000000000000e-01  1.0000000000000000e+00  1.0000000000000000e+00
3329   2.5500000000000000e-01  2.2000000000000000e-01  1.0000000000000000e+00  1.0000000000000000e+00
3330   2.7249999999999996e-01  2.2000000000000000e-01  1.0000000000000000e+00  1.0000000000000000e+00
3331   2.8416666666666662e-01  2.2000000000000000e-01  1.0000000000000000e+00  1.0000000000000000e+00
3332   2.8999999999999998e-01  2.2000000000000000e-01  1.0000000000000000e+00  1.0000000000000000e+00
3333   1.4999999999999999e-01  2.3749999999999999e-01  1.0000000000000000e+00  1.0000000000000000e+00
3334   1.5583333333333332e-01  2.3749999999999999e-01  1.0000000000000000e+00  1.0000000000000000e+00
3335   1.6749999999999998e-01  2.3749999999999999e-01  1.0000000000000000e+00  1.0000000000000000e+00
3336   1.8499999999999997e-01  2.3749999999999999e-01  1.0000000000000000e+00  1.0000000000000000e+00
3337   2.0249999999999999e-01  2.3749999999999999e-01  1.0000000000000000e+00  1.0000000000000000e+00
3338   2.1999999999999997e-01  2.3749999999999999e-01  1.0000000000000000e+00  1.0000000000000000e+00
3339   2.3749999999999993e-01  2.3749999999999999e-01  1.0000000000000000e+00  1.0000000000000000e+00
3340   2.5500000000000000e-01  2.3749999999999999e-01  1.0000000000000000e+00  1.0000000000000000e+00
3341   2.7249999999999996e-01  2.3749999999999999e-01  1.0000000000000000e+00  1.0000000000000000e+00
3342   2.8416666666666662e-01  2.3749999999999999e-01  1.0000000000000000e+00  1.0000000000000000e+00
3343   2.8999999999999998e-01  2.3749999999999999e-01  1.0000000000000000e+00  1.0000000000000000e+00
3344   1.4999999999999999e-01  2.4916666666666668e-01  1.0000000000000000e+00  1.0000000000000000e+00
3345   1.5583333333333332e-01  2.4916666666666668e-01  1.0000000000000000e+00  1.0000000000000000e+00
3346   1.6749999999999998e-01  2.4916666666666668e-01  1.0000000000000000e+00  1.0000000000000000e+00
3347   1.8499999999999997e-01  2.4916666666666668e-01  1.0000000000000000e+00  1.0000000000000000e+00
3348   2.0249999999999999e-01  2.4916666666666668e-01  1.0000000000000000e+00  1.0000000000000000e+00
3349   2.1999999999999997e-01  2.4916666666666668e-01  1.0000000000000000e+00  1.0000000000000000e+00
3350   2.3749999999999996e-01  2.4916666666666668e-01  1.0000000000000000e+00  1.0000000000000000e+00
3351   2.5500000000000000e-01  2.4916666666666668e-01  1.0000000000000000e+00  1.0000000000000000e+00
3352   2.7249999999999996e-01  2.4916666666666668e-01  1.0000000000000000e+00  1.0000000000000000e+00
3353   2.8416666666666662e-01  2.4916666666666668e-01  1.0000000000000000e+00  1.0000000000000000e+00
3354   2.8999999999999998e-01  2.4916666666666668e-01  1.0000000000000000e+00  1.0000000000000000e+00
3355   3.0750000000000000e-01  1.1500000000000000e-01  0.0000000000000000e+00  1.0000000000000000e+00
3356   3.4250000000000003e-01  1.1500000000000002e-01  0.0000000000000000e+00  1.0000000000000000e+00
3357   3.9500000000000002e-01  1.1499999999999999e-01  0.0000000000000000e+00  1.0000000000000000e+00
3358   4.4750000000000001e-01  1.1500000000000000e-01  0.0000000000000000e+00  1.0000000000000000e+00
3359   5.0000000000000000e-01  1.1500000000000000e-01  0.0000000000000000e+00  1.0000000000000000e+00
3360   5.5249999999999999e-01  1.1499999999999999e-01  0.0000000000000000e+00  1.0000000000000000e+00
3361   6.0499999999999998e-01  1.1499999999999999e-01  0.0000000000000000e+00  1.0000000000000000e+00
3362   6.5749999999999997e-01  1.1499999999999999e-01  0.0000000000000000e+00  1.0000000000000000e+00
3363   6.9250000000000000e-01  1.1500000000000000e-01  0.0000000000000000e+00  1.0000000000000000e+00
3364   3.0750000000000000e-01  1.2083333333333335e-01  0.0000000000000000e+00  1.0000000000000000e+00
3365   3.4250000000000003e-01  1.2083333333333335e-01  0.0000000000000000e+00  1.0000000000000000e+00
3366   3.9500000000000002e-01  1.2083333333333332e-01  0.0000000000000000e+00  1.0000000000000000e+00
3367   4.4750000000000001e-01  1.2083333333333333e-01  0.0000000000000000e+00  1.0000000000000000e+00
3368   5.0000000000000000e-01  1.2083333333333335e-01  0.0000000000000000e+00  1.0000000000000000e+00
3369   5.5249999999999999e-01  1.2083333333333332e-01  0.0000000000000000e+00  1.0000000000000000e+00
3370   6.0499999999999998e-01  1.2083333333333332e-01  0.0000000000000000e+00  1.0000000000000000e+00
3371   6.5749999999999997e-01  1.2083333333333332e-01  0.0000000000000000e+00  1.0000000000000000e+00
3372   6.9250000000000000e-01  1.2083333333333335e-01  0.0000000000000000e+00  1.0000000000000000e+00
3373   3.0749999999999994e-01  1.3249999999999998e-01  0.0000000000000000e+00  1.0000000000000000e+00
3374   3.4250000000000003e-01  1.3250000000000001e-01  0.0000000000000000e+00  1.0000000000000000e+00
3375   3.9500000000000002e-01  1.3249999999999998e-01  0.0000000000000000e+00  1.0000000000000000e+00
3376   4.4750000000000001e-01  1.3249999999999998e-01  0.0000000000000000e+00  1.0000000000000000e+00
3377   5.0000000000000000e-01  1.3249999999999998e-01  0.0000000000000000e+00  1.0000000000000000e+00
3378   5.5249999999999988e-01  1.3249999999999998e-01  0.0000000000000000e+00  1.0000000000000000e+00
3379   6.0499999999999998e-01  1.3249999999999998e-01  0.0000000000000000e+00  1.0000000000000000e+00
3380   6.5749999999999997e-01  1.3249999999999998e-01  0.0000000000000000e+00  1.0000000000000000e+00
3381   6.9250000000000000e-01  1.3249999999999998e-01  0.0000000000000000e+00  1.0000000000000000e+00
3382   3.0750000000000000e-01  1.4999999999999999e-01  0.0000000000000000e+00  1.0000000000000000e+00
3383   3.4250000000000003e-01  1.5000000000000002e-01  0.0000000000000000e+00  1.0000000000000000e+00
3384   3.9500000000000007e-01  1.4999999999999999e-01  0.0000000000000000e+00  1.0000000000000000e+00
3385   4.4750000000000001e-01  1.4999999999999999e-01  0.0000000000000000e+00  1.0000000000000000e+00
3386   5.0000000000000000e-01  1.4999999999999999e-01  0.0000000000000000e+00  1.0000000000000000e+00
3387   5.5249999999999999e-01  1.4999999999999999e-01  0.0000000000000000e+00  1.0000000000000000e+00
3388   6.0499999999999998e-01  1.4999999999999999e-01  0.0000000000000000e+00  1.0000000000000000e+00
3389   6.5749999999999986e-01  1.4999999999999999e-01  0.0000000000000000e+00  1.0000000000000000e+00
3390   6.9250000000000000e-01  1.4999999999999999e-01  0.0000000000000000e+00  1.0000000000000000e+00
3391   3.0750000000000000e-01  1.6750000000000001e-01  0.0000000000000000e+00  1.0000000000000000e+00
3392   3.4250000000000003e-01  1.6750000000000001e-01  0.0000000000000000e+00  1.0000000000000000e+00
3393   3.9500000000000002e-01  1.6749999999999998e-01  0.0000000000000000e+00  1.0000000000000000e+00
3394   4.4750000000000001e-01  1.6749999999999998e-01  0.0000000000000000e+00  1.0000000000000000e+00
3395   5.0000000000000000e-01  1.6750000000000001e-01  0.0000000000000000e+00  1.0000000000000000e+00
3396   5.5249999999999999e-01  1.6750000000000001e-01  0.0000000000000000e+00  1.0000000000000000e+00
3397   6.0499999999999998e-01  1.6750000000000001e-01  0.0000000000000000e+00  1.0000000000000000e+00
3398   6.5749999999999997e-01  1.6750000000000001e-01  0.0000000000000000e+00  1.0000000000000000e+00
3399   6.9250000000000000e-01  1.6750000000000001e-01  0.0000000000000000e+00  1.0000000000000000e+00
3400   3.0750000000000000e-01  1.8500000000000000e-01  0.0000000000000000e+00  1.0000000000000000e+00
3401   3.4250000000000003e-01  1.8500000000000000e-01  0.0000000000000000e+00  1.0000000000000000e+00
3402   3.9500000000000002e-01  1.8499999999999997e-01  0.0000000000000000e+00  1.0000000000000000e+00
3403   4.4750000000000001e-01  1.8499999999999997e-01  0.0000000000000000e+00  1.0000000000000000e+00
3404   5.0000000000000000e-01  1.8500000000000000e-01  0.0000000000000000e+00  1.0000000000000000e+00
3405   5.5249999999999999e-01  1.8500000000000000e-01  0.0000000000000000e+00  1.0000000000000000e+00
3406   6.0499999999999998e-01  1.8500000000000000e-01  0.0000000000000000e+00  1.0000000000000000e+00
3407   6.5749999999999997e-01  1.8500000000000000e-01  0.0000000000000000e+00  1.0000000000000000e+00
3408   6.9250000000000000e-01  1.8500000000000000e-01  0.0000000000000000e+00  1.0000000000000000e+00
3409   3.0750000000000000e-01  2.0250000000000001e-01  0.0000000000000000e+00  1.0000000000000000e+00
3410   3.4250000000000003e-01  2.0250000000000001e-01  0.0000000000000000e+00  1.0000000000000000e+00
3411   3.9500000000000002e-01  2.0249999999999996e-01  0.0000000000000000e+00  1.0000000000000000e+00
3412   4.4750000000000001e-01  2.0250000000000001e-01  0.0000000000000000e+00  1.0000000000000000e+00
3413   5.0000000000000000e-01  2.0250000000000001e-01  0.0000000000000000e+00  1.0000000000000000e+00
3414   5.5249999999999999e-01  2.0250000000000001e-01  0.0000000000000000e+00  1.0000000000000000e+00
3415   6.0499999999999998e-01  2.0250000000000001e-01  0.0000000000000000e+00  1.0000000000000000e+00
3416   6.5749999999999997e-01  2.0250000000000001e-01  0.0000000000000000e+00  1.0000000000000000e+00
3417   6.9250000000000012e-01  2.0250000000000001e-01  0.0000000000000000e+00  1.0000000000000000e+00
3418   3.0750000000000000e-01  2.2000000000000000e-01  0.0000000000000000e+00  1.0000000000000000e+00
3419   3.4250000000000003e-01  2.2000000000000000e-01  0.0000000000000000e+00  1.0000000000000000e+00
3420   3.9500000000000002e-01  2.1999999999999997e-01  0.0000000000000000e+00  1.0000000000000000e+00
3421   4.4750000000000001e-01  2.2000000000000000e-01  0.0000000000000000e+00  1.0000000000000000e+00
3422   5.0000000000000000e-01  2.2000000000000000e-01  0.0000000000000000e+00  1.0000000000000000e+00
3423   5.5249999999999999e-01  2.2000000000000000e-01  0.0000000000000000e+00  1.0000000000000000e+00
3424   6.0499999999999998e-01  2.2000000000000000e-01  0.0000000000000000e+00  1.0000000000000000e+00
3425   6.5749999999999997e-01  2.2000000000000000e-01  0.0000000000000000e+00  1.0000000000000000e+00
3426   6.9250000000000000e-01  2.2000000000000000e-01  0.0000000000000000e+00  1.0000000000000000e+00
3427   3.0750000000000000e-01  2.3749999999999999e-01  0.0000000000000000e+00  1.0000000000000000e+00
3428   3.4250000000000003e-01  2.3749999999999999e-01  0.0000000000000000e+00  1.0000000000000000e+00
3429   3.9500000000000002e-01  2.3749999999999999e-01  0.0000000000000000e+00  1.0000000000000000e+00
3430   4.4750000000000001e-01  2.3749999999999999e-01  0.0000000000000000e+00  1.0000000000000000e+00
3431   5.0000000000000000e-01  2.3749999999999999e-01  0.0000000000000000e+00  1.0000000000000000e+00
3432   5.5249999999999999e-01  2.3749999999999999e-01  0.0000000000000000e+00  1.0000000000000000e+00
3433   6.0499999999999998e-01  2.3749999999999999e-01  0.0000000000000000e+00  1.0000000000000000e+00
3434   6.5749999999999997e-01  2.3749999999999999e-01  0.0000000000000000e+00  1.0000000000000000e+00
3435   6.9250000000000000e-01  2.3749999999999999e-01  0.0000000000000000e+00  1.0000000000000000e+00
3436   3.0750000000000000e-01  2.4916666666666668e-01  0.0000000000000000e+00  1.0000000000000000e+00
3437   3.4250000000000003e-01  2.4916666666666668e-01  0.0000000000000000e+00  1.0000000000000000e+00
3438   3.9500000000000002e-01  2.4916666666666668e-01  0.0000000000000000e+00  1.0000000000000000e+00
3439   4.4750000000000001e-01  2.4916666666666668e-01  0.0000000000000000e+00  1.0000000000000000e+00
3440   5.0000000000000000e-01  2.4916666666666668e-01  0.0000000000000000e+00  1.0000000000000000e+00
3441   5.5249999999999999e-01  2.4916666666666668e-01  0.0000000000000000e+00  1.0000000000000000e+00
3442   6.0499999999999998e-01  2.4916666666666668e-01  0.0000000000000000e+00  1.0000000000000000e+00
3443   6.5749999999999997e-01  2.4916666666666668e-01  0.0000000000000000e+00  1.0000000000000000e+00
3444   6.9250000000000000e-01  2.4916666666666668e-01  0.0000000000000000e+00  1.0000000000000000e+00
3445   3.0750000000000000e-01  2.5500000000000000e-01  0.0000000000000000e+00  1.0000000000000000e+00
3446   3.4250000000000003e-01  2.5500000000000000e-01  0.0000000000000000e+00  1.0000000000000000e+00
3447   3.9500000000000002e-01  2.5500000000000000e-01  0.0000000000000000e+00  1.0000000000000000e+00
3448   4.4750000000000001e-01  2.5500000000000000e-01  0.0000000000000000e+00  1.0000000000000000e+00
3449   5.0000000000000000e-01  2.5500000000000000e-01  0.0000000000000000e+00  1.0000000000000000e+00
3450   5.5249999999999999e-01  2.5500000000000000e-01  0.0000000000000000e+00  1.0000000000000000e+00
3451   6.0499999999999998e-01  2.5500000000000000e-01  0.0000000000000000e+00  1.0000000000000000e+00
3452   6.5749999999999997e-01  2.5500000000000000e-01  0.0000000000000000e+00  1.0000000000000000e+00
3453   6.9250000000000000e-01  2.5500000000000000e-01  0.0000000000000000e+00  1.0000000000000000e+00
3454   3.0750000000000000e-01  1.1500000000000000e-01  1.6666666666666669e-01  1.0000000000000000e+00
3455   3.4250000000000003e-01  1.1500000000000002e-01  1.6666666666666671e-01  1.0000000000000000e+00
3456   3.9500000000000002e-01  1.1499999999999999e-01  1.6666666666666671e-01  1.0000000000000000e+00
3457   4.4750000000000001e-01  1.1500000000000000e-01  1.6666666666666669e-01  1.0000000000000000e+00
3458   5.0000000000000000e-01  1.1500000000000000e-01  1.6666666666666669e-01  1.0000000000000000e+00
3459   5.5249999999999999e-01  1.1499999999999999e-01  1.6666666666666669e-01  1.0000000000000000e+00
3460   6.0499999999999998e-01  1.1500000000000000e-01  1.6666666666666669e-01  1.0000000000000000e+00
3461   6.5749999999999997e-01  1.1499999999999999e-01  1.6666666666666669e-01  1.0000000000000000e+00
3462   6.9250000000000000e-01  1.1500000000000000e-01  1.6666666666666669e-01  1.0000000000000000e+00
3463   3.0750000000000000e-01  1.2083333333333335e-01  1.6666666666666669e-01  1.0000000000000000e+00
3464   3.4250000000000003e-01  1.2083333333333335e-01  1.6666666666666671e-01  1.0000000000000000e+00
3465   3.9500000000000002e-01  1.2083333333333332e-01  1.6666666666666671e-01  1.0000000000000000e+00
3466   4.4750000000000001e-01  1.2083333333333333e-01  1.6666666666666669e-01  1.0000000000000000e+00
3467   5.0000000000000000e-01  1.2083333333333335e-01  1.6666666666666669e-01  1.0000000000000000e+00
3468   5.5249999999999999e-01  1.2083333333333332e-01  1.6666666666666669e-01  1.0000000000000000e+00
3469   6.0499999999999998e-01  1.2083333333333333e-01  1.6666666666666669e-01  1.0000000000000000e+00
3470   6.5749999999999997e-01  1.2083333333333333e-01  1.6666666666666669e-01  1.0000000000000000e+00
3471   6.9250000000000000e-01  1.2083333333333335e-01  1.6666666666666669e-01  1.0000000000000000e+00
3472   3.0749999999999994e-01  1.3249999999999998e-01  1.6666666666666671e-01  1.0000000000000000e+00
3473   3.4250000000000003e-01  1.3250000000000001e-01  1.6666666666666671e-01  1.0000000000000000e+00
3474   3.9500000000000002e-01  1.3249999999999998e-01  1.6666666666666671e-01  1.0000000000000000e+00
3475   4.4750000000000001e-01  1.3249999999999998e-01  1.6666666666666671e-01  1.0000000000000000e+00
3476   5.0000000000000000e-01  1.3249999999999998e-01  1.6666666666666671e-01  1.0000000000000000e+00
3477   5.5249999999999988e-01  1.3249999999999998e-01  1.6666666666666671e-01  1.0000000000000000e+00
3478   6.0499999999999998e-01  1.3250000000000001e-01  1.6666666666666671e-01  1.0000000000000000e+00
3479   6.5749999999999997e-01  1.3249999999999998e-01  1.6666666666666671e-01  1.0000000000000000e+00
3480   6.9250000000000000e-01  1.3249999999999998e-01  1.6666666666666671e-01  1.0000000000000000e+00
3481   3.0750000000000000e-01  1.4999999999999999e-01  1.6666666666666671e-01  1.0000000000000000e+00
3482   3.4250000000000003e-01  1.5000000000000002e-01  1.6666666666666671e-01  1.0000000000000000e+00
3483   3.9500000000000007e-01  1.4999999999999999e-01  1.6666666666666671e-01  1.0000000000000000e+00
3484   4.4750000000000001e-01  1.4999999999999999e-01  1.6666666666666671e-01  1.0000000000000000e+00
3485   5.0000000000000000e-01  1.4999999999999999e-01  1.6666666666666671e-01  1.0000000000000000e+00
3486   5.5249999999999999e-01  1.4999999999999999e-01  1.6666666666666671e-01  1.0000000000000000e+00
3487   6.0499999999999998e-01  1.5000000000000002e-01  1.6666666666666671e-01  1.0000000000000000e+00
3488   6.5749999999999986e-01  1.4999999999999999e-01  1.6666666666666671e-01  1.0000000000000000e+00
3489   6.9250000000000000e-01  1.4999999999999999e-01  1.6666666666666671e-01  1.0000000000000000e+00
3490   3.0750000000000000e-01  1.6750000000000001e-01  1.6666666666666669e-01  1.0000000000000000e+00
3491   3.4250000000000003e-01  1.6750000000000001e-01  1.6666666666666671e-01  1.0000000000000000e+00
3492   3.9500000000000002e-01  1.6749999999999998e-01  1.6666666666666671e-01  1.0000000000000000e+00
3493   4.4750000000000001e-01  1.6749999999999998e-01  1.6666666666666669e-01  1.0000000000000000e+00
3494   5.0000000000000000e-01  1.6750000000000001e-01  1.6666666666666669e-01  1.0000000000000000e+00
3495   5.5249999999999999e-01  1.6750000000000001e-01  1.6666666666666669e-01  1.0000000000000000e+00
3496   6.0499999999999998e-01  1.6750000000000001e-01  1.6666666666666669e-01  1.0000000000000000e+00
3497   6.5749999999999997e-01  1.6750000000000001e-01  1.6666666666666669e-01  1.0000000000000000e+00
3498   6.9250000000000000e-01  1.6750000000000001e-01  1.6666666666666669e-01  1.0000000000000000e+00
3499   3.0750000000000000e-01  1.8500000000000000e-01  1.6666666666666669e-01  1.0000000000000000e+00
3500   3.4250000000000003e-01  1.8500000000000000e-01  1.6666666666666674e-01  1.0000000000000000e+00
3501   3.9500000000000002e-01  1.8499999999999997e-01  1.6666666666666674e-01  1.0000000000000000e+00
3502   4.4750000000000001e-01  1.8499999999999997e-01  1.6666666666666669e-01  1.0000000000000000e+00
3503   5.0000000000000000e-01  1.8500000000000000e-01  1.6666666666666669e-01  1.0000000000000000e+00
3504   5.5249999999999999e-01  1.8500000000000000e-01  1.6666666666666669e-01  1.0000000000000000e+00
3505   6.0499999999999998e-01  1.8500000000000000e-01  1.6666666666666669e-01  1.0000000000000000e+00
3506   6.5749999999999997e-01  1.8500000000000000e-01  1.6666666666666669e-01  1.0000000000000000e+00
3507   6.9250000000000000e-01  1.8500000000000000e-01  1.6666666666666669e-01  1.0000000000000000e+00
3508   3.0750000000000000e-01  2.0250000000000001e-01  1.6666666666666669e-01  1.0000000000000000e+00
3509   3.4250000000000003e-01  2.0250000000000001e-01  1.6666666666666669e-01  1.0000000000000000e+00
3510   3.9500000000000002e-01  2.0249999999999996e-01  1.6666666666666669e-01  1.0000000000000000e+00
3511   4.4750000000000001e-01  2.0250000000000001e-01  1.6666666666666669e-01  1.0000000000000000e+00
3512   5.0000000000000000e-01  2.0250000000000001e-01  1.6666666666666669e-01  1.0000000000000000e+00
3513   5.5249999999999999e-01  2.0250000000000001e-01  1.6666666666666669e-01  1.0000000000000000e+00
3514   6.0499999999999998e-01  2.0250000000000001e-01  1.6666666666666669e-01  1.0000000000000000e+00
3515   6.5749999999999997e-01  2.0250000000000001e-01  1.6666666666666669e-01  1.0000000000000000e+00
3516   6.9250000000000012e-01  2.0250000000000001e-01  1.6666666666666669e-01  1.0000000000000000e+00
3517   3.0750000000000000e-01  2.2000000000000000e-01  1.6666666666666669e-01  1.0000000000000000e+00
3518   3.4250000000000003e-01  2.2000000000000000e-01  1.6666666666666671e-01  1.0000000000000000e+00
3519   3.9500000000000002e-01  2.1999999999999997e-01  1.6666666666666671e-01  1.0000000000000000e+00
3520   4.4750000000000001e-01  2.2000000000000000e-01  1.6666666666666669e-01  1.0000000000000000e+00
3521   5.0000000000000000e-01  2.2000000000000000e-01  1.6666666666666669e-01  1.0000000000000000e+00
3522   5.5249999999999999e-01  2.2000000000000000e-01  1.6666666666666669e-01  1.0000000000000000e+00
3523   6.0499999999999998e-01  2.2000000000000000e-01  1.6666666666666669e-01  1.0000000000000000e+00
3524   6.5749999999999997e-01  2.2000000000000000e-01  1.6666666666666669e-01  1.0000000000000000e+00
3525   6.9250000000000000e-01  2.2000000000000000e-01  1.6666666666666669e-01  1.0000000000000000e+00
3526   3.0750000000000000e-01  2.3749999999999999e-01  1.6666666666666669e-01  1.0000000000000000e+00
3527   3.4250000000000003e-01  2.3749999999999999e-01  1.6666666666666671e-01  1.0000000000000000e+00
3528   3.9500000000000002e-01  2.3749999999999999e-01  1.6666666666666671e-01  1.0000000000000000e+00
3529   4.4750000000000001e-01  2.3749999999999999e-01  1.6666666666666669e-01  1.0000000000000000e+00
3530   5.0000000000000000e-01  2.3749999999999999e-01  1.6666666666666669e-01  1.0000000000000000e+00
3531   5.5249999999999999e-01  2.3749999999999999e-01  1.6666666666666669e-01  1.0000000000000000e+00
3532   6.0499999999999998e-01  2.3749999999999999e-01  1.6666666666666669e-01  1.0000000000000000e+00
3533   6.5749999999999997e-01  2.3749999999999999e-01  1.6666666666666669e-01  1.0000000000000000e+00
3534   6.9250000000000000e-01  2.3749999999999999e-01  1.6666666666666669e-01  1.0000000000000000e+00
3535   3.0750000000000000e-01  2.4916666666666668e-01  1.6666666666666669e-01  1.0000000000000000e+00
3536   3.4250000000000003e-01  2.4916666666666668e-01  1.6666666666666671e-01  1.0000000000000000e+00
3537   3.9500000000000002e-01  2.4916666666666668e-01  1.6666666666666671e-01  1.0000000000000000e+00
3538   4.4750000000000001e-01  2.4916666666666668e-01  1.6666666666666669e-01  1.0000000000000000e+00
3539   5.0000000000000000e-01  2.4916666666666668e-01  1.6666666666666669e-01  1.0000000000000000e+00
3540   5.5249999999999999e-01  2.4916666666666668e-01  1.6666666666666669e-01  1.0000000000000000e+00
3541   6.0499999999999998e-01  2.4916666666666668e-01  1.6666666666666669e-01  1.0000000000000000e+00
3542   6.5749999999999997e-01  2.4916666666666668e-01  1.6666666666666669e-01  1.0000000000000000e+00
3543   6.9250000000000000e-01  2.4916666666666668e-01  1.6666666666666669e-01  1.0000000000000000e+00
3544   3.0750000000000000e-01  2.5500000000000000e-01  1.6666666666666669e-01  1.0000000000000000e+00
3545   3.4250000000000003e-01  2.5500000000000000e-01  1.6666666666666671e-01  1.0000000000000000e+00
3546   3.9500000000000002e-01  2.5500000000000000e-01  1.6666666666666671e-01  1.0000000000000000e+00
3547   4.4750000000000001e-01  2.5500000000000000e-01  1.6666666666666669e-01  1.0000000000000000e+00
3548   5.0000000000000000e-01  2.5500000000000000e-01  1.6666666666666669e-01  1.0000000000000000e+00
3549   5.5249999999999999e-01  2.5500000000000000e-01  1.6666666666666669e-01  1.0000000000000000e+00
3550   6.0499999999999998e-01  2.5500000000000000e-01  1.6666666666666669e-01  1.0000000000000000e+00
3551   6.5749999999999997e-01  2.5500000000000000e-01  1.6666666666666669e-01  1.0000000000000000e+00
3552   6.9250000000000000e-01  2.5500000000000000e-01  1.6666666666666669e-01  1.0000000000000000e+00
3553   3.0750000000000000e-01  1.1499999999999999e-01  5.0000000000000000e-01  1.0000000000000000e+00
3554   3.4250000000000003e-01  1.1500000000000000e-01  5.0000000000000011e-01  1.0000000000000000e+00
3555   3.9500000000000002e-01  1.1499999999999999e-01  5.0000000000000011e-01  1.0000000000000000e+00
3556   4.4750000000000001e-01  1.1499999999999999e-01  5.0000000000000000e-01  1.0000000000000000e+00
3557   5.0000000000000000e-01  1.1499999999999999e-01  5.0000000000000000e-01  1.0000000000000000e+00
3558   5.5249999999999999e-01  1.1499999999999999e-01  5.0000000000000000e-01  1.0000000000000000e+00
3559   6.0499999999999998e-01  1.1500000000000000e-01  5.0000000000000000e-01  1.0000000000000000e+00
3560   6.5749999999999997e-01  1.1499999999999999e-01  5.0000000000000000e-01  1.0000000000000000e+00
3561   6.9250000000000000e-01  1.1499999999999999e-01  5.0000000000000000e-01  1.0000000000000000e+00
3562   3.0750000000000000e-01  1.2083333333333333e-01  5.0000000000000000e-01  1.0000000000000000e+00
3563   3.4250000000000003e-01  1.2083333333333333e-01  5.0000000000000011e-01  1.0000000000000000e+00
3564   3.9500000000000002e-01  1.2083333333333332e-01  5.0000000000000011e-01  1.0000000000000000e+00
3565   4.4750000000000001e-01  1.2083333333333332e-01  5.0000000000000000e-01  1.0000000000000000e+00
3566   5.0000000000000000e-01  1.2083333333333333e-01  5.0000000000000000e-01  1.0000000000000000e+00
3567   5.5249999999999999e-01  1.2083333333333332e-01  5.0000000000000000e-01  1.0000000000000000e+00
3568   6.0499999999999998e-01  1.2083333333333333e-01  5.0000000000000000e-01  1.0000000000000000e+00
3569   6.5749999999999997e-01  1.2083333333333333e-01  5.0000000000000000e-01  1.0000000000000000e+00
3570   6.9250000000000000e-01  1.2083333333333333e-01  5.0000000000000000e-01  1.0000000000000000e+00
3571   3.0749999999999994e-01  1.3249999999999998e-01  5.0000000000000011e-01  1.0000000000000000e+00
3572   3.4250000000000003e-01  1.3250000000000001e-01  5.0000000000000011e-01  1.0000000000000000e+00
3573   3.9500000000000002e-01  1.3249999999999998e-01  5.0000000000000011e-01  1.0000000000000000e+00
3574   4.4750000000000001e-01  1.3249999999999998e-01  5.0000000000000011e-01  1.0000000000000000e+00
3575   5.0000000000000000e-01  1.3249999999999998e-01  5.0000000000000011e-01  1.0000000000000000e+00
3576   5.5249999999999988e-01  1.3249999999999998e-01  5.0000000000000011e-01  1.0000000000000000e+00
3577   6.0499999999999998e-01  1.3250000000000001e-01  5.0000000000000011e-01  1.0000000000000000e+00
3578   6.5749999999999997e-01  1.3249999999999998e-01  5.0000000000000011e-01  1.0000000000000000e+00
3579   6.9250000000000000e-01  1.3249999999999998e-01  5.0000000000000011e-01  1.0000000000000000e+00
3580   3.0750000000000000e-01  1.4999999999999999e-01  5.0000000000000011e-01  1.0000000000000000e+00
3581   3.4250000000000003e-01  1.5000000000000002e-01  5.0000000000000011e-01  1.0000000000000000e+00
3582   3.9500000000000007e-01  1.4999999999999999e-01  5.0000000000000011e-01  1.0000000000000000e+00
3583   4.4750000000000001e-01  1.4999999999999999e-01  5.0000000000000011e-01  1.0000000000000000e+00
3584   5.0000000000000000e-01  1.4999999999999999e-01  5.0000000000000011e-01  1.0000000000000000e+00
3585   5.5249999999999999e-01  1.4999999999999999e-01  5.0000000000000011e-01  1.0000000000000000e+00
3586   6.0499999999999998e-01  1.5000000000000002e-01  5.0000000000000011e-01  1.0000000000000000e+00
3587   6.5749999999999986e-01  1.4999999999999999e-01  5.0000000000000011e-01  1.0000000000000000e+00
3588   6.9250000000000000e-01  1.4999999999999999e-01  5.0000000000000011e-01  1.0000000000000000e+00
3589   3.0750000000000000e-01  1.6750000000000001e-01  5.0000000000000000e-01  1.0000000000000000e+00
3590   3.4250000000000003e-01  1.6750000000000001e-01  5.0000000000000011e-01  1.0000000000000000e+00
3591   3.9500000000000002e-01  1.6749999999999998e-01  5.0000000000000011e-01  1.0000000000000000e+00
3592   4.4750000000000001e-01  1.6749999999999998e-01  5.0000000000000000e-01  1.0000000000000000e+00
3593   5.0000000000000000e-01  1.6750000000000001e-01  5.0000000000000000e-01  1.0000000000000000e+00
3594   5.5249999999999999e-01  1.6750000000000001e-01  5.0000000000000000e-01  1.0000000000000000e+00
3595   6.0499999999999998e-01  1.6750000000000001e-01  5.0000000000000000e-01  1.0000000000000000e+00
3596   6.5749999999999997e-01  1.6750000000000001e-01  5.0000000000000000e-01  1.0000000000000000e+00
3597   6.9250000000000000e-01  1.6750000000000001e-01  5.0000000000000000e-01  1.0000000000000000e+00
3598   3.0750000000000000e-01  1.8500000000000000e-01  5.0000000000000000e-01  1.0000000000000000e+00
3599   3.4250000000000003e-01  1.8500000000000000e-01  5.0000000000000022e-01  1.0000000000000000e+00
3600   3.9500000000000002e-01  1.8499999999999997e-01  5.0000000000000022e-01  1.0000000000000000e+00
3601   4.4750000000000001e-01  1.8499999999999997e-01  5.0000000000000000e-01  1.0000000000000000e+00
3602   5.0000000000000000e-01  1.8500000000000000e-01  5.0000000000000000e-01  1.0000000000000000e+00
3603   5.5249999999999999e-01  1.8500000000000000e-01  5.0000000000000000e-01  1.0000000000000000e+00
3604   6.0499999999999998e-01  1.8500000000000000e-01  5.0000000000000000e-01  1.0000000000000000e+00
3605   6.5749999999999997e-01  1.8500000000000000e-01  5.0000000000000000e-01  1.0000000000000000e+00
3606   6.9250000000000000e-01  1.8500000000000000e-01  5.0000000000000000e-01  1.0000000000000000e+00
3607   3.0750000000000000e-01  2.0250000000000001e-01  5.0000000000000000e-01  1.0000000000000000e+00
3608   3.4250000000000003e-01  2.0250000000000001e-01  5.0000000000000000e-01  1.0000000000000000e+00
3609   3.9500000000000002e-01  2.0249999999999996e-01  5.0000000000000000e-01  1.0000000000000000e+00
3610   4.4750000000000001e-01  2.0249999999999999e-01  5.0000000000000000e-01  1.0000000000000000e+00
3611   5.0000000000000000e-01  2.0250000000000001e-01  5.0000000000000000e-01  1.0000000000000000e+00
3612   5.5249999999999999e-01  2.0250000000000001e-01  5.0000000000000000e-01  1.0000000000000000e+00
3613   6.0499999999999998e-01  2.0250000000000001e-01  5.0000000000000000e-01  1.0000000000000000e+00
3614   6.5749999999999997e-01  2.0250000000000001e-01  5.0000000000000000e-01  1.0000000000000000e+00
3615   6.9250000000000012e-01  2.0250000000000001e-01  5.0000000000000000e-01  1.0000000000000000e+00
3616   3.0750000000000000e-01  2.2000000000000000e-01  5.0000000000000000e-01  1.0000000000000000e+00
3617   3.4250000000000003e-01  2.2000000000000000e-01  5.0000000000000011e-01  1.0000000000000000e+00
3618   3.9500000000000002e-01  2.1999999999999997e-01  5.0000000000000011e-01  1.0000000000000000e+00
3619   4.4750000000000001e-01  2.2000000000000000e-01  5.0000000000000000e-01  1.0000000000000000e+00
3620   5.0000000000000000e-01  2.2000000000000000e-01  5.0000000000000000e-01  1.0000000000000000e+00
3621   5.5249999999999999e-01  2.2000000000000000e-01  5.0000000000000000e-01  1.0000000000000000e+00
3622   6.0499999999999998e-01  2.2000000000000000e-01  5.0000000000000000e-01  1.0000000000000000e+00
3623   6.5749999999999997e-01  2.2000000000000000e-01  5.0000000000000000e-01  1.0000000000000000e+00
3624   6.9250000000000000e-01  2.2000000000000000e-01  5.0000000000000000e-01  1.0000000000000000e+00
3625   3.0750000000000000e-01  2.3749999999999999e-01  5.0000000000000000e-01  1.0000000000000000e+00
3626   3.4250000000000003e-01  2.3749999999999999e-01  5.0000000000000011e-01  1.0000000000000000e+00
3627   3.9500000000000002e-01  2.3749999999999999e-01  5.0000000000000011e-01  1.0000000000000000e+00
3628   4.4750000000000001e-01  2.3749999999999999e-01  5.0000000000000000e-01  1.0000000000000000e+00
3629   5.0000000000000000e-01  2.3749999999999999e-01  5.0000000000000000e-01  1.0000000000000000e+00
3630   5.5249999999999999e-01  2.3749999999999999e-01  5.0000000000000000e-01  1.0000000000000000e+00
3631   6.0499999999999998e-01  2.3749999999999999e-01  5.0000000000000000e-01  1.0000000000000000e+00
3632   6.5749999999999997e-01  2.3749999999999999e-01  5.0000000000000000e-01  1.0000000000000000e+00
3633   6.9250000000000000e-01  2.3749999999999999e-01  5.0000000000000000e-01  1.0000000000000000e+00
3634   3.0750000000000000e-01  2.4916666666666668e-01  5.0000000000000000e-01  1.0000000000000000e+00
3635   3.4250000000000003e-01  2.4916666666666668e-01  5.0000000000000011e-01  1.0000000000000000e+00
3636   3.9500000000000002e-01  2.4916666666666668e-01  5.0000000000000011e-01  1.0000000000000000e+00
3637   4.4750000000000001e-01  2.4916666666666668e-01  5.0000000000000000e-01  1.0000000000000000e+00
3638   5.0000000000000000e-01  2.4916666666666668e-01  5.0000000000000000e-01  1.0000000000000000e+00
3639   5.5249999999999999e-01  2.4916666666666668e-01  5.0000000000000000e-01  1.0000000000000000e+00
3640   6.0499999999999998e-01  2.4916666666666668e-01  5.0000000000000000e-01  1.0000000000000000e+00
3641   6.5749999999999997e-01  2.4916666666666668e-01  5.0000000000000000e-01  1.0000000000000000e+00
3642   6.9250000000000000e-01  2.4916666666666668e-01  5.0000000000000000e-01  1.0000000000000000e+00
3643   3.0750000000000000e-01  2.5500000000000000e-01  5.0000000000000000e-01  1.0000000000000000e+00
3644   3.4250000000000003e-01  2.5500000000000000e-01  5.0000000000000011e-01  1.0000000000000000e+00
3645   3.9500000000000002e-01  2.5500000000000000e-01  5.0000000000000011e-01  1.0000000000000000e+00
3646   4.4750000000000001e-01  2.5500000000000000e-01  5.0000000000000000e-01  1.0000000000000000e+00
3647   5.0000000000000000e-01  2.5500000000000000e-01  5.0000000000000000e-01  1.0000000000000000e+00
3648   5.5249999999999999e-01  2.5500000000000000e-01  5.0000000000000000e-01  1.0000000000000000e+00
3649   6.0499999999999998e-01  2.5500000000000000e-01  5.0000000000000000e-01  1.0000000000000000e+00
3650   6.5749999999999997e-01  2.5500000000000000e-01  5.0000000000000000e-01  1.0000000000000000e+00
3651   6.9250000000000000e-01  2.5500000000000000e-01  5.0000000000000000e-01  1.0000000000000000e+00
3652   3.0750000000000000e-01  1.1499999999999999e-01  8.3333333333333337e-01  1.0000000000000000e+00
3653   3.4250000000000003e-01  1.1500000000000000e-01  8.3333333333333348e-01  1.0000000000000000e+00
3654   3.9500000000000002e-01  1.1499999999999999e-01  8.3333333333333348e-01  1.0000000000000000e+00
3655   4.4750000000000001e-01  1.1499999999999999e-01  8.3333333333333337e-01  1.0000000000000000e+00
3656   5.0000000000000000e-01  1.1499999999999999e-01  8.3333333333333337e-01  1.0000000000000000e+00
3657   5.5249999999999999e-01  1.1499999999999999e-01  8.3333333333333337e-01  1.0000000000000000e+00
3658   6.0499999999999998e-01  1.1499999999999999e-01  8.3333333333333337e-01  1.0000000000000000e+00
3659   6.5749999999999997e-01  1.1499999999999999e-01  8.3333333333333337e-01  1.0000000000000000e+00
3660   6.9250000000000000e-01  1.1499999999999999e-01  8.3333333333333337e-01  1.0000000000000000e+00
3661   3.0750000000000000e-01  1.2083333333333333e-01  8.3333333333333337e-01  1.0000000000000000e+00
3662   3.4250000000000003e-01  1.2083333333333333e-01  8.3333333333333348e-01  1.0000000000000000e+00
3663   3.9500000000000002e-01  1.2083333333333332e-01  8.3333333333333348e-01  1.0000000000000000e+00
3664   4.4750000000000001e-01  1.2083333333333332e-01  8.3333333333333337e-01  1.0000000000000000e+00
3665   5.0000000000000000e-01  1.2083333333333333e-01  8.3333333333333337e-01  1.0000000000000000e+00
3666   5.5249999999999999e-01  1.2083333333333332e-01  8.3333333333333337e-01  1.0000000000000000e+00
3667   6.0499999999999998e-01  1.2083333333333332e-01  8.3333333333333337e-01  1.0000000000000000e+00
3668   6.5749999999999997e-01  1.2083333333333332e-01  8.3333333333333337e-01  1.0000000000000000e+00
3669   6.9250000000000000e-01  1.2083333333333333e-01  8.3333333333333337e-01  1.0000000000000000e+00
3670   3.0749999999999994e-01  1.3249999999999998e-01  8.3333333333333348e-01  1.0000000000000000e+00
3671   3.4250000000000003e-01  1.3250000000000001e-01  8.3333333333333348e-01  1.0000000000000000e+00
3672   3.9500000000000002e-01  1.3249999999999998e-01  8.3333333333333348e-01  1.0000000000000000e+00
3673   4.4750000000000001e-01  1.3249999999999998e-01  8.3333333333333348e-01  1.0000000000000000e+00
3674   5.0000000000000000e-01  1.3249999999999998e-01  8.3333333333333348e-01  1.0000000000000000e+00
3675   5.5249999999999988e-01  1.3249999999999998e-01  8.3333333333333348e-01  1.0000000000000000e+00
3676   6.0499999999999998e-01  1.3249999999999998e-01  8.3333333333333348e-01  1.0000000000000000e+00
3677   6.5749999999999997e-01  1.3249999999999998e-01  8.3333333333333348e-01  1.0000000000000000e+00
3678   6.9250000000000000e-01  1.3249999999999998e-01  8.3333333333333348e-01  1.0000000000000000e+00
3679   3.0750000000000000e-01  1.4999999999999999e-01  8.3333333333333348e-01  1.0000000000000000e+00
3680   3.4250000000000003e-01  1.5000000000000002e-01  8.3333333333333348e-01  1.0000000000000000e+00
3681   3.9500000000000007e-01  1.4999999999999999e-01  8.3333333333333348e-01  1.0000000000000000e+00
3682   4.4750000000000001e-01  1.4999999999999999e-01  8.3333333333333348e-01  1.0000000000000000e+00
3683   5.0000000000000000e-01  1.4999999999999999e-01  8.3333333333333348e-01  1.0000000000000000e+00
3684   5.5249999999999999e-01  1.4999999999999999e-01  8.3333333333333348e-01  1.0000000000000000e+00
3685   6.0499999999999998e-01  1.4999999999999999e-01  8.3333333333333348e-01  1.0000000000000000e+00
3686   6.5749999999999986e-01  1.4999999999999999e-01  8.3333333333333348e-01  1.0000000000000000e+00
3687   6.9250000000000000e-01  1.4999999999999999e-01  8.3333333333333348e-01  1.0000000000000000e+00
3688   3.0750000000000000e-01  1.6750000000000001e-01  8.3333333333333337e-01  1.0000000000000000e+00
3689   3.4250000000000003e-01  1.6750000000000001e-01  8.3333333333333348e-01  1.0000000000000000e+00
3690   3.9500000000000002e-01  1.6749999999999998e-01  8.3333333333333348e-01  1.0000000000000000e+00
3691   4.4750000000000001e-01  1.6749999999999998e-01  8.3333333333333337e-01  1.0000000000000000e+00
3692   5.0000000000000000e-01  1.6750000000000001e-01  8.3333333333333337e-01  1.0000000000000000e+00
3693   5.5249999999999999e-01  1.6750000000000001e-01  8.3333333333333337e-01  1.0000000000000000e+00
3694   6.0499999999999998e-01  1.6750000000000001e-01  8.3333333333333337e-01  1.0000000000000000e+00
3695   6.5749999999999997e-01  1.6750000000000001e-01  8.3333333333333337e-01  1.0000000000000000e+00
3696   6.9250000000000000e-01  1.6750000000000001e-01  8.3333333333333337e-01  1.0000000000000000e+00
3697   3.0750000000000000e-01  1.8500000000000000e-01  8.3333333333333337e-01  1.0000000000000000e+00
3698   3.4250000000000003e-01  1.8500000000000000e-01  8.3333333333333348e-01  1.0000000000000000e+00
3699   3.9500000000000002e-01  1.8499999999999997e-01  8.3333333333333348e-01  1.0000000000000000e+00
3700   4.4750000000000001e-01  1.8499999999999997e-01  8.3333333333333337e-01  1.0000000000000000e+00
3701   5.0000000000000000e-01  1.8500000000000000e-01  8.3333333333333337e-01  1.0000000000000000e+00
3702   5.5249999999999999e-01  1.8500000000000000e-01  8.3333333333333337e-01  1.0000000000000000e+00
3703   6.0499999999999998e-01  1.8500000000000000e-01  8.3333333333333337e-01  1.0000000000000000e+00
3704   6.5749999999999997e-01  1.8500000000000000e-01  8.3333333333333337e-01  1.0000000000000000e+00
3705   6.9250000000000000e-01  1.8500000000000000e-01  8.3333333333333337e-01  1.0000000000000000e+00
3706   3.0750000000000000e-01  2.0250000000000001e-01  8.3333333333333337e-01  1.0000000000000000e+00
3707   3.4250000000000003e-01  2.0250000000000001e-01  8.3333333333333337e-01  1.0000000000000000e+00
3708   3.9500000000000002e-01  2.0249999999999996e-01  8.3333333333333337e-01  1.0000000000000000e+00
3709   4.4750000000000001e-01  2.0249999999999999e-01  8.3333333333333337e-01  1.0000000000000000e+00
3710   5.0000000000000000e-01  2.0250000000000001e-01  8.3333333333333337e-01  1.0000000000000000e+00
3711   5.5249999999999999e-01  2.0250000000000001e-01  8.3333333333333337e-01  1.0000000000000000e+00
3712   6.0499999999999998e-01  2.0250000000000001e-01  8.3333333333333337e-01  1.0000000000000000e+00
3713   6.5749999999999997e-01  2.0250000000000001e-01  8.3333333333333337e-01  1.0000000000000000e+00
3714   6.9250000000000012e-01  2.0250000000000001e-01  8.3333333333333337e-01  1.0000000000000000e+00
3715   3.0750000000000000e-01  2.2000000000000000e-01  8.3333333333333337e-01  1.0000000000000000e+00
3716   3.4250000000000003e-01  2.2000000000000000e-01  8.3333333333333348e-01  1.0000000000000000e+00
3717   3.9500000000000002e-01  2.1999999999999997e-01  8.3333333333333348e-01  1.0000000000000000e+00
3718   4.4750000000000001e-01  2.2000000000000000e-01  8.3333333333333337e-01  1.0000000000000000e+00
3719   5.0000000000000000e-01  2.2000000000000000e-01  8.3333333333333337e-01  1.0000000000000000e+00
3720   5.5249999999999999e-01  2.2000000000000000e-01  8.3333333333333337e-01  1.0000000000000000e+00
3721   6.0499999999999998e-01  2.2000000000000000e-01  8.3333333333333337e-01  1.0000000000000000e+00
3722   6.5749999999999997e-01  2.2000000000000000e-01  8.3333333333333337e-01  1.0000000000000000e+00
3723   6.9250000000000000e-01  2.2000000000000000e-01  8.3333333333333337e-01  1.0000000000000000e+00
3724   3.0750000000000000e-01  2.3749999999999999e-01  8.3333333333333337e-01  1.0000000000000000e+00
3725   3.4250000000000003e-01  2.3749999999999999e-01  8.3333333333333348e-01  1.0000000000000000e+00
3726   3.9500000000000002e-01  2.3749999999999999e-01  8.3333333333333348e-01  1.0000000000000000e+00
3727   4.4750000000000001e-01  2.3749999999999999e-01  8.3333333333333337e-01  1.0000000000000000e+00
3728   5.0000000000000000e-01  2.3749999999999999e-01  8.3333333333333337e-01  1.0000000000000000e+00
3729   5.5249999999999999e-01  2.3749999999999999e-01  8.3333333333333337e-01  1.0000000000000000e+00
3730   6.0499999999999998e-01  2.3749999999999999e-01  8.3333333333333337e-01  1.0000000000000000e+00
3731   6.5749999999999997e-01  2.3749999999999999e-01  8.3333333333333337e-01  1.0000000000000000e+00
3732   6.9250000000000000e-01  2.3749999999999999e-01  8.3333333333333337e-01  1.0000000000000000e+00
3733   3.0750000000000000e-01  2.4916666666666668e-01  8.3333333333333337e-01  1.0000000000000000e+00
3734   3.4250000000000003e-01  2.4916666666666668e-01  8.3333333333333348e-01  1.0000000000000000e+00
3735   3.9500000000000002e-01  2.4916666666666668e-01  8.3333333333333348e-01  1.0000000000000000e+00
3736   4.4750000000000001e-01  2.4916666666666668e-01  8.3333333333333337e-01  1.0000000000000000e+00
3737   5.0000000000000000e-01  2.4916666666666668e-01  8.3333333333333337e-01  1.0000000000000000e+00
3738   5.5249999999999999e-01  2.4916666666666668e-01  8.3333333333333337e-01  1.0000000000000000e+00
3739   6.0499999999999998e-01  2.4916666666666668e-01  8.3333333333333337e-01  1.0000000000000000e+00
3740   6.5749999999999997e-01  2.4916666666666668e-01  8.3333333333333337e-01  1.0000000000000000e+00
3741   6.9250000000000000e-01  2.4916666666666668e-01  8.3333333333333337e-01  1.0000000000000000e+00
3742   3.0750000000000000e-01  2.5500000000000000e-01  8.3333333333333337e-01  1.0000000000000000e+00
3743   3.4250000000000003e-01  2.5500000000000000e-01  8.3333333333333348e-01  1.0000000000000000e+00
3744   3.9500000000000002e-01  2.5500000000000000e-01  8.3333333333333348e-01  1.0000000000000000e+00
3745   4.4750000000000001e-01  2.5500000000000000e-01  8.3333333333333337e-01  1.0000000000000000e+00
3746   5.0000000000000000e-01  2.5500000000000000e-01  8.3333333333333337e-01  1.0000000000000000e+00
3747   5.5249999999999999e-01  2.5500000000000000e-01  8.3333333333333337e-01  1.0000000000000000e+00
3748   6.0499999999999998e-01  2.5500000000000000e-01  8.3333333333333337e-01  1.0000000000000000e+00
3749   6.5749999999999997e-01  2.5500000000000000e-01  8.3333333333333337e-01  1.0000000000000000e+00
3750   6.9250000000000000e-01  2.5500000000000000e-01  8.3333333333333337e-01  1.0000000000000000e+00
3751   3.0750000000000000e-01  1.1500000000000000e-01  1.0000000000000000e+00  1.0000000000000000e+00
3752   3.4250000000000003e-01  1.1500000000000002e-01  1.0000000000000000e+00  1.0000000000000000e+00
3753   3.9500000000000002e-01  1.1499999999999999e-01  1.0000000000000000e+00  1.0000000000000000e+00
3754   4.4750000000000001e-01  1.1500000000000000e-01  1.0000000000000000e+00  1.0000000000000000e+00
3755   5.0000000000000000e-01  1.1500000000000000e-01  1.0000000000000000e+00  1.0000000000000000e+00
3756   5.5249999999999999e-01  1.1499999999999999e-01  1.0000000000000000e+00  1.0000000000000000e+00
3757   6.0499999999999998e-01  1.1499999999999999e-01  1.0000000000000000e+00  1.0000000000000000e+00
3758   6.5749999999999997e-01  1.1499999999999999e-01  1.0000000000000000e+00  1.0000000000000000e+00
3759   6.9250000000000000e-01  1.1500000000000000e-01  1.0000000000000000e+00  1.0000000000000000e+00
3760   3.0750000000000000e-01  1.2083333333333335e-01  1.0000000000000000e+00  1.0000000000000000e+00
3761   3.4250000000000003e-01  1.2083333333333335e-01  1.0000000000000000e+00  1.0000000000000000e+00
3762   3.9500000000000002e-01  1.2083333333333332e-01  1.0000000000000000e+00  1.0000000000000000e+00
3763   4.4750000000000001e-01  1.2083333333333333e-01  1.0000000000000000e+00  1.0000000000000000e+00
3764   5.0000000000000000e-01  1.2083333333333335e-01  1.0000000000000000e+00  1.0000000000000000e+00
3765   5.5249999999999999e-01  1.2083333333333332e-01  1.0000000000000000e+00  1.0000000000000000e+00
3766   6.0499999999999998e-01  1.2083333333333332e-01  1.0000000000000000e+00  1.0000000000000000e+00
3767   6.5749999999999997e-01  1.2083333333333332e-01  1.0000000000000000e+00  1.0000000000000000e+00
3768   6.9250000000000000e-01  1.2083333333333335e-01  1.0000000000000000e+00  1.0000000000000000e+00
3769   3.0749999999999994e-01  1.3249999999999998e-01  1.0000000000000000e+00  1.0000000000000000e+00
3770   3.4250000000000003e-01  1.3250000000000001e-01  1.0000000000000000e+00  1.0000000000000000e+00
3771   3.9500000000000002e-01  1.3249999999999998e-01  1.0000000000000000e+00  1.0000000000000000e+00
3772   4.4750000000000001e-01  1.3249999999999998e-01  1.0000000000000000e+00  1.0000000000000000e+00
3773   5.0000000000000000e-01  1.3249999999999998e-01  1.0000000000000000e+00  1.0000000000000000e+00
3774   5.5249999999999988e-01  1.3249999999999998e-01  1.0000000000000000e+00  1.0000000000000000e+00
3775   6.0499999999999998e-01  1.3249999999999998e-01  1.0000000000000000e+00  1.0000000000000000e+00
3776   6.5749999999999997e-01  1.3249999999999998e-01  1.0000000000000000e+00  1.0000000000000000e+00
3777   6.9250000000000000e-01  1.3249999999999998e-01  1.0000000000000000e+00  1.0000000000000000e+00
3778   3.0750000000000000e-01  1.4999999999999999e-01  1.0000000000000000e+00  1.0000000000000000e+00
3779   3.4250000000000003e-01  1.5000000000000002e-01  1.0000000000000000e+00  1.0000000000000000e+00
3780   3.9500000000000007e-01  1.4999999999999999e-01  1.0000000000000000e+00  1.0000000000000000e+00
3781   4.4750000000000001e-01  1.4999999999999999e-01  1.0000000000000000e+00  1.0000000000000000e+00
3782   5.0000000000000000e-01  1.4999999999999999e-01  1.0000000000000000e+00  1.0000000000000000e+00
3783   5.5249999999999999e-01  1.4999999999999999e-01  1.0000000000000000e+00  1.0000000000000000e+00
3784   6.0499999999999998e-01  1.4999999999999999e-01  1.0000000000000000e+00  1.0000000000000000e+00
3785   6.5749999999999986e-01  1.4999999999999999e-01  1.0000000000000000e+00  1.0000000000000000e+00
3786   6.9250000000000000e-01  1.4999999999999999e-01  1.0000000000000000e+00  1.0000000000000000e+00
3787   3.0750000000000000e-01  1.6750000000000001e-01  1.0000000000000000e+00  1.0000000000000000e+00
3788   3.4250000000000003e-01  1.6750000000000001e-01  1.0000000000000000e+00  1.0000000000000000e+00
3789   3.9500000000000002e-01  1.6749999999999998e-01  1.0000000000000000e+00  1.0000000000000000e+00
3790   4.4750000000000001e-01  1.6749999999999998e-01  1.0000000000000000e+00  1.0000000000000000e+00
3791   5.0000000000000000e-01  1.6750000000000001e-01  1.0000000000000000e+00  1.0000000000000000e+00
3792   5.5249999999999999e-01  1.6750000000000001e-01  1.0000000000000000e+00  1.0000000000000000e+00
3793   6.0499999999999998e-01  1.6750000000000001e-01  1.0000000000000000e+00  1.0000000000000000e+00
3794   6.5749999999999997e-01  1.6750000000000001e-01  1.0000000000000000e+00  1.0000000000000000e+00
3795   6.9250000000000000e-01  1.6750000000000001e-01  1.0000000000000000e+00  1.0000000000000000e+00
3796   3.0750000000000000e-01  1.8500000000000000e-01  1.0000000000000000e+00  1.0000000000000000e+00
3797   3.4250000000000003e-01  1.8500000000000000e-01  1.0000000000000000e+00  1.0000000000000000e+00
3798   3.9500000000000002e-01  1.8499999999999997e-01  1.0000000000000000e+00  1.0000000000000000e+00
3799   4.4750000000000001e-01  1.8499999999999997e-01  1.0000000000000000e+00  1.0000000000000000e+00
3800   5.0000000000000000e-01  1.8500000000000000e-01  1.0000000000000000e+00  1.0000000000000000e+00
3801   5.5249999999999999e-01  1.8500000000000000e-01  1.0000000000000000e+00  1.0000000000000000e+00
3802   6.0499999999999998e-01  1.8500000000000000e-01  1.0000000000000000e+00  1.0000000000000000e+00
3803   6.5749999999999997e-01  1.8500000000000000e-01  1.0000000000000000e+00  1.0000000000000000e+00
3804   6.9250000000000000e-01  1.8500000000000000e-01  1.0000000000000000e+00  1.0000000000000000e+00
3805   3.0750000000000000e-01  2.0250000000000001e-01  1.0000000000000000e+00  1.0000000000000000e+00
3806   3.4250000000000003e-01  2.0250000000000001e-01  1.0000000000000000e+00  1.0000000000000000e+00
3807   3.9500000000000002e-01  2.0249999999999996e-01  1.0000000000000000e+00  1.0000000000000000e+00
3808   4.4750000000000001e-01  2.0250000000000001e-01  1.0000000000000000e+00  1.0000000000000000e+00
3809   5.0000000000000000e-01  2.0250000000000001e-01  1.0000000000000000e+00  1.0000000000000000e+00
3810   5.5249999999999999e-01  2.0250000000000001e-01  1.0000000000000000e+00  1.0000000000000000e+00
3811   6.0499999999999998e-01  2.0250000000000001e-01  1.0000000000000000e+00  1.0000000000000000e+00
3812   6.5749999999999997e-01  2.0250000000000001e-01  1.0000000000000000e+00  1.0000000000000000e+00
3813   6.9250000000000012e-01  2.0250000000000001e-01  1.0000000000000000e+00  1.0000000000000000e+00
3814   3.0750000000000000e-01  2.2000000000000000e-01  1.0000000000000000e+00  1.0000000000000000e+00
3815   3.4250000000000003e-01  2.2000000000000000e-01  1.0000000000000000e+00  1.0000000000000000e+00
3816   3.9500000000000002e-01  2.1999999999999997e-01  1.0000000000000000e+00  1.0000000000000000e+00
3817   4.4750000000000001e-01  2.2000000000000000e-01  1.0000000000000000e+00  1.0000000000000000e+00
3818   5.0000000000000000e-01  2.2000000000000000e-01  1.0000000000000000e+00  1.0000000000000000e+00
3819   5.5249999999999999e-01  2.2000000000000000e-01  1.0000000000000000e+00  1.0000000000000000e+00
3820   6.0499999999999998e-01  2.2000000000000000e-01  1.0000000000000000e+00  1.0000000000000000e+00
3821   6.5749999999999997e-01  2.2000000000000000e-01  1.0000000000000000e+00  1.0000000000000000e+00
3822   6.9250000000000000e-01  2.2000000000000000e-01  1.0000000000000000e+00  1.0000000000000000e+00
3823   3.0750000000000000e-01  2.3749999999999999e-01  1.0000000000000000e+00  1.0000000000000000e+00
3824   3.4250000000000003e-01  2.3749999999999999e-01  1.0000000000000000e+00  1.0000000000000000e+00
3825   3.9500000000000002e-01  2.3749999999999999e-01  1.0000000000000000e+00  1.0000000000000000e+00
3826   4.4750000000000001e-01  2.3749999999999999e-01  1.0000000000000000e+00  1.0000000000000000e+00
3827   5.0000000000000000e-01  2.3749999999999999e-01  1.0000000000000000e+00  1.0000000000000000e+00
3828   5.5249999999999999e-01  2.3749999999999999e-01  1.0000000000000000e+00  1.0000000000000000e+00
3829   6.0499999999999998e-01  2.3749999999999999e-01  1.0000000000000000e+00  1.0000000000000000e+00
3830   6.5749999999999997e-01  2.3749999999999999e-01  1.0000000000000000e+00  1.0000000000000000e+00
3831   6.9250000000000000e-01  2.3749999999999999e-01  1.0000000000000000e+00  1.0000000000000000e+00
3832   3.0750000000000000e-01  2.4916666666666668e-01  1.0000000000000000e+00  1.0000000000000000e+00
3833   3.4250000000000003e-01  2.4916666666666668e-01  1.0000000000000000e+00  1.0000000000000000e+00
3834   3.9500000000000002e-01  2.4916666666666668e-01  1.0000000000000000e+00  1.0000000000000000e+00
3835   4.4750000000000001e-01  2.4916666666666668e-01  1.0000000000000000e+00  1.0000000000000000e+00
3836   5.0000000000000000e-01  2.4916666666666668e-01  1.0000000000000000e+00  1.0000000000000000e+00
3837   5.5249999999999999e-01  2.4916666666666668e-01  1.0000000000000000e+00  1.0000000000000000e+00
3838   6.0499999999999998e-01  2.4916666666666668e-01  1.0000000000000000e+00  1.0000000000000000e+00
3839   6.5749999999999997e-01  2.4916666666666668e-01  1.0000000000000000e+00  1.0000000000000000e+00
3840   6.9250000000000000e-01  2.4916666666666668e-01  1.0000000000000000e+00  1.0000000000000000e+00
3841   3.0750000000000000e-01  2.5500000000000000e-01  1.0000000000000000e+00  1.0000000000000000e+00
3842   3.4250000000000003e-01  2.5500000000000000e-01  1.0000000000000000e+00  1.0000000000000000e+00
3843   3.9500000000000002e-01  2.5500000000000000e-01  1.0000000000000000e+00  1.0000000000000000e+00
3844   4.4750000000000001e-01  2.5500000000000000e-01  1.0000000000000000e+00  1.0000000000000000e+00
3845   5.0000000000000000e-01  2.5500000000000000e-01  1.0000000000000000e+00  1.0000000000000000e+00
3846   5.5249999999999999e-01  2.5500000000000000e-01  1.0000000000000000e+00  1.0000000000000000e+00
3847   6.0499999999999998e-01  2.5500000000000000e-01  1.0000000000000000e+00  1.0000000000000000e+00
3848   6.5749999999999997e-01  2.5500000000000000e-01  1.0000000000000000e+00  1.0000000000000000e+00
3849   6.9250000000000000e-01  2.5500000000000000e-01  1.0000000000000000e+00  1.0000000000000000e+00


