3

1000  3.000000e-01

1

1331

3     3     3

15    15    15

11    11    11

0     1     2     3     4     5     6     7     8     9     10    11    12    13    14    15    16    17    18    19    20    21    22    23    24    25    26    27    28    29    30    31    32    33    34    35    36    37    38    39    40    41    42    43    44    45    46    47    48    49    50    51    52    53    54    55    56    57    58    59    60    61    62    63    64    65    66    67    68    69    70    71    72    73    74    75    76    77    78    79    80    81    82    83    84    85    86    87    88    89    90    91    92    93    94    95    96    97    98    99    100   101   102   103   104   105   106   107   108   109   110   111   112   113   114   115   116   117   118   119   120   121   122   123   124   125   126   127   128   129   130   131   132   133   134   135   136   137   138   139   140   141   142   143   144   145   146   147   148   149   150   151   152   153   154   155   156   157   158   159   160   161   162   163   164   165   166   167   168   169   170   171   172   173   174   175   176   177   178   179   180   181   182   183   184   185   186   187   188   189   190   191   192   193   194   195   196   197   198   199   200   201   202   203   204   205   206   207   208   209   210   211   212   213   214   215   216   217   218   219   220   221   222   223   224   225   226   227   228   229   230   231   232   233   234   235   236   237   238   239   240   241   242   243   244   245   246   247   248   249   250   251   252   253   254   255   256   257   258   259   260   261   262   263   264   265   266   267   268   269   270   271   272   273   274   275   276   277   278   279   280   281   282   283   284   285   286   287   288   289   290   291   292   293   294   295   296   297   298   299   300   301   302   303   304   305   306   307   308   309   310   311   312   313   314   315   316   317   318   319   320   321   322   323   324   325   326   327   328   329   330   331   332   333   334   335   336   337   338   339   340   341   342   343   344   345   346   347   348   349   350   351   352   353   354   355   356   357   358   359   360   361   362   363   364   365   366   367   368   369   370   371   372   373   374   375   376   377   378   379   380   381   382   383   384   385   386   387   388   389   390   391   392   393   394   395   396   397   398   399   400   401   402   403   404   405   406   407   408   409   410   411   412   413   414   415   416   417   418   419   420   421   422   423   424   425   426   427   428   429   430   431   432   433   434   435   436   437   438   439   440   441   442   443   444   445   446   447   448   449   450   451   452   453   454   455   456   457   458   459   460   461   462   463   464   465   466   467   468   469   470   471   472   473   474   475   476   477   478   479   480   481   482   483   484   485   486   487   488   489   490   491   492   493   494   495   496   497   498   499   500   501   502   503   504   505   506   507   508   509   510   511   512   513   514   515   516   517   518   519   520   521   522   523   524   525   526   527   528   529   530   531   532   533   534   535   536   537   538   539   540   541   542   543   544   545   546   547   548   549   550   551   552   553   554   555   556   557   558   559   560   561   562   563   564   565   566   567   568   569   570   571   572   573   574   575   576   577   578   579   580   581   582   583   584   585   586   587   588   589   590   591   592   593   594   595   596   597   598   599   600   601   602   603   604   605   606   607   608   609   610   611   612   613   614   615   616   617   618   619   620   621   622   623   624   625   626   627   628   629   630   631   632   633   634   635   636   637   638   639   640   641   642   643   644   645   646   647   648   649   650   651   652   653   654   655   656   657   658   659   660   661   662   663   664   665   666   667   668   669   670   671   672   673   674   675   676   677   678   679   680   681   682   683   684   685   686   687   688   689   690   691   692   693   694   695   696   697   698   699   700   701   702   703   704   705   706   707   708   709   710   711   712   713   714   715   716   717   718   719   720   721   722   723   724   725   726   727   728   729   730   731   732   733   734   735   736   737   738   739   740   741   742   743   744   745   746   747   748   749   750   751   752   753   754   755   756   757   758   759   760   761   762   763   764   765   766   767   768   769   770   771   772   773   774   775   776   777   778   779   780   781   782   783   784   785   786   787   788   789   790   791   792   793   794   795   796   797   798   799   800   801   802   803   804   805   806   807   808   809   810   811   812   813   814   815   816   817   818   819   820   821   822   823   824   825   826   827   828   829   830   831   832   833   834   835   836   837   838   839   840   841   842   843   844   845   846   847   848   849   850   851   852   853   854   855   856   857   858   859   860   861   862   863   864   865   866   867   868   869   870   871   872   873   874   875   876   877   878   879   880   881   882   883   884   885   886   887   888   889   890   891   892   893   894   895   896   897   898   899   900   901   902   903   904   905   906   907   908   909   910   911   912   913   914   915   916   917   918   919   920   921   922   923   924   925   926   927   928   929   930   931   932   933   934   935   936   937   938   939   940   941   942   943   944   945   946   947   948   949   950   951   952   953   954   955   956   957   958   959   960   961   962   963   964   965   966   967   968   969   970   971   972   973   974   975   976   977   978   979   980   981   982   983   984   985   986   987   988   989   990   991   992   993   994   995   996   997   998   999   1000  1001  1002  1003  1004  1005  1006  1007  1008  1009  1010  1011  1012  1013  1014  1015  1016  1017  1018  1019  1020  1021  1022  1023  1024  1025  1026  1027  1028  1029  1030  1031  1032  1033  1034  1035  1036  1037  1038  1039  1040  1041  1042  1043  1044  1045  1046  1047  1048  1049  1050  1051  1052  1053  1054  1055  1056  1057  1058  1059  1060  1061  1062  1063  1064  1065  1066  1067  1068  1069  1070  1071  1072  1073  1074  1075  1076  1077  1078  1079  1080  1081  1082  1083  1084  1085  1086  1087  1088  1089  1090  1091  1092  1093  1094  1095  1096  1097  1098  1099  1100  1101  1102  1103  1104  1105  1106  1107  1108  1109  1110  1111  1112  1113  1114  1115  1116  1117  1118  1119  1120  1121  1122  1123  1124  1125  1126  1127  1128  1129  1130  1131  1132  1133  1134  1135  1136  1137  1138  1139  1140  1141  1142  1143  1144  1145  1146  1147  1148  1149  1150  1151  1152  1153  1154  1155  1156  1157  1158  1159  1160  1161  1162  1163  1164  1165  1166  1167  1168  1169  1170  1171  1172  1173  1174  1175  1176  1177  1178  1179  1180  1181  1182  1183  1184  1185  1186  1187  1188  1189  1190  1191  1192  1193  1194  1195  1196  1197  1198  1199  1200  1201  1202  1203  1204  1205  1206  1207  1208  1209  1210  1211  1212  1213  1214  1215  1216  1217  1218  1219  1220  1221  1222  1223  1224  1225  1226  1227  1228  1229  1230  1231  1232  1233  1234  1235  1236  1237  1238  1239  1240  1241  1242  1243  1244  1245  1246  1247  1248  1249  1250  1251  1252  1253  1254  1255  1256  1257  1258  1259  1260  1261  1262  1263  1264  1265  1266  1267  1268  1269  1270  1271  1272  1273  1274  1275  1276  1277  1278  1279  1280  1281  1282  1283  1284  1285  1286  1287  1288  1289  1290  1291  1292  1293  1294  1295  1296  1297  1298  1299  1300  1301  1302  1303  1304  1305  1306  1307  1308  1309  1310  1311  1312  1313  1314  1315  1316  1317  1318  1319  1320  1321  1322  1323  1324  1325  1326  1327  1328  1329  1330

1443  0     0

0.0000000000000000e+00  0.0000000000000000e+00  0.0000000000000000e+00  0.0000000000000000e+00  1.2500000000000000e-01  2.5000000000000000e-01  3.7500000000000000e-01  5.0000000000000000e-01  6.2500000000000000e-01  7.5000000000000000e-01  8.7500000000000000e-01  1.0000000000000000e+00  1.0000000000000000e+00  1.0000000000000000e+00  1.0000000000000000e+00
0.0000000000000000e+00  0.0000000000000000e+00  0.0000000000000000e+00  0.0000000000000000e+00  1.2500000000000000e-01  2.5000000000000000e-01  3.7500000000000000e-01  5.0000000000000000e-01  6.2500000000000000e-01  7.5000000000000000e-01  8.7500000000000000e-01  1.0000000000000000e+00  1.0000000000000000e+00  1.0000000000000000e+00  1.0000000000000000e+00
0.0000000000000000e+00  0.0000000000000000e+00  0.0000000000000000e+00  0.0000000000000000e+00  1.2500000000000000e-01  2.5000000000000000e-01  3.7500000000000000e-01  5.0000000000000000e-01  6.2500000000000000e-01  7.5000000000000000e-01  8.7500000000000000e-01  1.0000000000000000e+00  1.0000000000000000e+00  1.0000000000000000e+00  1.0000000000000000e+00

0      1.8000000000000000e+01  3.0000000000000000e+00  3.0000000000000000e+00  1.0000000000000000e+00
1      1.8250000000000000e+01  3.0000000000000000e+00  3.0000000000000000e+00  1.0000000000000000e+00
2      1.8750000000000000e+01  3.0000000000000000e+00  3.0000000000000000e+00  1.0000000000000000e+00
3      1.9500000000000000e+01  3.0000000000000000e+00  3.0000000000000000e+00  1.0000000000000000e+00
4      2.0250000000000000e+01  3.0000000000000000e+00  3.0000000000000000e+00  1.0000000000000000e+00
5      2.1000000000000000e+01  3.0000000000000000e+00  3.0000000000000000e+00  1.0000000000000000e+00
6      2.1750000000000000e+01  3.0000000000000000e+00  3.0000000000000000e+00  1.0000000000000000e+00
7      2.2500000000000000e+01  3.0000000000000000e+00  3.0000000000000000e+00  1.0000000000000000e+00
8      2.3250000000000000e+01  3.0000000000000000e+00  3.0000000000000000e+00  1.0000000000000000e+00
9      2.3750000000000000e+01  3.0000000000000000e+00  3.0000000000000000e+00  1.0000000000000000e+00
10     2.4000000000000000e+01  3.0000000000000000e+00  3.0000000000000000e+00  1.0000000000000000e+00
11     1.8000000000000000e+01  3.2500000000000000e+00  3.0000000000000000e+00  1.0000000000000000e+00
12     1.8250000000000000e+01  3.2500000000000000e+00  3.0000000000000000e+00  1.0000000000000000e+00
13     1.8750000000000000e+01  3.2500000000000000e+00  3.0000000000000000e+00  1.0000000000000000e+00
14     1.9500000000000000e+01  3.2500000000000000e+00  3.0000000000000000e+00  1.0000000000000000e+00
15     2.0250000000000000e+01  3.2500000000000000e+00  3.0000000000000000e+00  1.0000000000000000e+00
16     2.1000000000000000e+01  3.2500000000000000e+00  3.0000000000000000e+00  1.0000000000000000e+00
17     2.1750000000000000e+01  3.2500000000000000e+00  3.0000000000000000e+00  1.0000000000000000e+00
18     2.2500000000000000e+01  3.2500000000000000e+00  3.0000000000000000e+00  1.0000000000000000e+00
19     2.3250000000000000e+01  3.2500000000000000e+00  3.0000000000000000e+00  1.0000000000000000e+00
20     2.3750000000000000e+01  3.2500000000000000e+00  3.0000000000000000e+00  1.0000000000000000e+00
21     2.4000000000000000e+01  3.2500000000000000e+00  3.0000000000000000e+00  1.0000000000000000e+00
22     1.8000000000000000e+01  3.7500000000000000e+00  3.0000000000000000e+00  1.0000000000000000e+00
23     1.8250000000000000e+01  3.7500000000000000e+00  3.0000000000000000e+00  1.0000000000000000e+00
24     1.8750000000000000e+01  3.7500000000000000e+00  3.0000000000000000e+00  1.0000000000000000e+00
25     1.9500000000000000e+01  3.7500000000000000e+00  3.0000000000000000e+00  1.0000000000000000e+00
26     2.0250000000000000e+01  3.7500000000000000e+00  3.0000000000000000e+00  1.0000000000000000e+00
27     2.1000000000000000e+01  3.7500000000000000e+00  3.0000000000000000e+00  1.0000000000000000e+00
28     2.1750000000000000e+01  3.7500000000000000e+00  3.0000000000000000e+00  1.0000000000000000e+00
29     2.2500000000000000e+01  3.7500000000000000e+00  3.0000000000000000e+00  1.0000000000000000e+00
30     2.3250000000000000e+01  3.7500000000000000e+00  3.0000000000000000e+00  1.0000000000000000e+00
31     2.3750000000000000e+01  3.7500000000000000e+00  3.0000000000000000e+00  1.0000000000000000e+00
32     2.4000000000000000e+01  3.7500000000000000e+00  3.0000000000000000e+00  1.0000000000000000e+00
33     1.8000000000000000e+01  4.5000000000000000e+00  3.0000000000000000e+00  1.0000000000000000e+00
34     1.8250000000000000e+01  4.5000000000000000e+00  3.0000000000000000e+00  1.0000000000000000e+00
35     1.8750000000000000e+01  4.5000000000000000e+00  3.0000000000000000e+00  1.0000000000000000e+00
36     1.9500000000000000e+01  4.5000000000000000e+00  3.0000000000000000e+00  1.0000000000000000e+00
37     2.0250000000000000e+01  4.5000000000000000e+00  3.0000000000000000e+00  1.0000000000000000e+00
38     2.1000000000000000e+01  4.5000000000000000e+00  3.0000000000000000e+00  1.0000000000000000e+00
39     2.1750000000000000e+01  4.5000000000000000e+00  3.0000000000000000e+00  1.0000000000000000e+00
40     2.2500000000000000e+01  4.5000000000000000e+00  3.0000000000000000e+00  1.0000000000000000e+00
41     2.3250000000000000e+01  4.5000000000000000e+00  3.0000000000000000e+00  1.0000000000000000e+00
42     2.3750000000000000e+01  4.5000000000000000e+00  3.0000000000000000e+00  1.0000000000000000e+00
43     2.4000000000000000e+01  4.5000000000000000e+00  3.0000000000000000e+00  1.0000000000000000e+00
44     1.8000000000000000e+01  5.2500000000000000e+00  3.0000000000000000e+00  1.0000000000000000e+00
45     1.8250000000000000e+01  5.2500000000000000e+00  3.0000000000000000e+00  1.0000000000000000e+00
46     1.8750000000000000e+01  5.2500000000000000e+00  3.0000000000000000e+00  1.0000000000000000e+00
47     1.9500000000000000e+01  5.2500000000000000e+00  3.0000000000000000e+00  1.0000000000000000e+00
48     2.0250000000000000e+01  5.2500000000000000e+00  3.0000000000000000e+00  1.0000000000000000e+00
49     2.1000000000000000e+01  5.2500000000000000e+00  3.0000000000000000e+00  1.0000000000000000e+00
50     2.1750000000000000e+01  5.2500000000000000e+00  3.0000000000000000e+00  1.0000000000000000e+00
51     2.2500000000000000e+01  5.2500000000000000e+00  3.0000000000000000e+00  1.0000000000000000e+00
52     2.3250000000000000e+01  5.2500000000000000e+00  3.0000000000000000e+00  1.0000000000000000e+00
53     2.3750000000000000e+01  5.2500000000000000e+00  3.0000000000000000e+00  1.0000000000000000e+00
54     2.4000000000000000e+01  5.2500000000000000e+00  3.0000000000000000e+00  1.0000000000000000e+00
55     1.8000000000000000e+01  6.0000000000000000e+00  3.0000000000000000e+00  1.0000000000000000e+00
56     1.8250000000000000e+01  6.0000000000000000e+00  3.0000000000000000e+00  1.0000000000000000e+00
57     1.8750000000000000e+01  6.0000000000000000e+00  3.0000000000000000e+00  1.0000000000000000e+00
58     1.9500000000000000e+01  6.0000000000000000e+00  3.0000000000000000e+00  1.0000000000000000e+00
59     2.0250000000000000e+01  6.0000000000000000e+00  3.0000000000000000e+00  1.0000000000000000e+00
60     2.1000000000000000e+01  6.0000000000000000e+00  3.0000000000000000e+00  1.0000000000000000e+00
61     2.1750000000000000e+01  6.0000000000000000e+00  3.0000000000000000e+00  1.0000000000000000e+00
62     2.2500000000000000e+01  6.0000000000000000e+00  3.0000000000000000e+00  1.0000000000000000e+00
63     2.3250000000000000e+01  6.0000000000000000e+00  3.0000000000000000e+00  1.0000000000000000e+00
64     2.3750000000000000e+01  6.0000000000000000e+00  3.0000000000000000e+00  1.0000000000000000e+00
65     2.4000000000000000e+01  6.0000000000000000e+00  3.0000000000000000e+00  1.0000000000000000e+00
66     1.8000000000000000e+01  6.7500000000000000e+00  3.0000000000000000e+00  1.0000000000000000e+00
67     1.8250000000000000e+01  6.7500000000000000e+00  3.0000000000000000e+00  1.0000000000000000e+00
68     1.8750000000000000e+01  6.7500000000000000e+00  3.0000000000000000e+00  1.0000000000000000e+00
69     1.9500000000000000e+01  6.7500000000000000e+00  3.0000000000000000e+00  1.0000000000000000e+00
70     2.0250000000000000e+01  6.7500000000000000e+00  3.0000000000000000e+00  1.0000000000000000e+00
71     2.1000000000000000e+01  6.7500000000000000e+00  3.0000000000000000e+00  1.0000000000000000e+00
72     2.1750000000000000e+01  6.7500000000000000e+00  3.0000000000000000e+00  1.0000000000000000e+00
73     2.2500000000000000e+01  6.7500000000000000e+00  3.0000000000000000e+00  1.0000000000000000e+00
74     2.3250000000000000e+01  6.7500000000000000e+00  3.0000000000000000e+00  1.0000000000000000e+00
75     2.3750000000000000e+01  6.7500000000000000e+00  3.0000000000000000e+00  1.0000000000000000e+00
76     2.4000000000000000e+01  6.7500000000000000e+00  3.0000000000000000e+00  1.0000000000000000e+00
77     1.8000000000000000e+01  7.5000000000000000e+00  3.0000000000000000e+00  1.0000000000000000e+00
78     1.8250000000000000e+01  7.5000000000000000e+00  3.0000000000000000e+00  1.0000000000000000e+00
79     1.8750000000000000e+01  7.5000000000000000e+00  3.0000000000000000e+00  1.0000000000000000e+00
80     1.9500000000000000e+01  7.5000000000000000e+00  3.0000000000000000e+00  1.0000000000000000e+00
81     2.0250000000000000e+01  7.5000000000000000e+00  3.0000000000000000e+00  1.0000000000000000e+00
82     2.1000000000000000e+01  7.5000000000000000e+00  3.0000000000000000e+00  1.0000000000000000e+00
83     2.1750000000000000e+01  7.5000000000000000e+00  3.0000000000000000e+00  1.0000000000000000e+00
84     2.2500000000000000e+01  7.5000000000000000e+00  3.0000000000000000e+00  1.0000000000000000e+00
85     2.3250000000000000e+01  7.5000000000000000e+00  3.0000000000000000e+00  1.0000000000000000e+00
86     2.3750000000000000e+01  7.5000000000000000e+00  3.0000000000000000e+00  1.0000000000000000e+00
87     2.4000000000000000e+01  7.5000000000000000e+00  3.0000000000000000e+00  1.0000000000000000e+00
88     1.8000000000000000e+01  8.2500000000000000e+00  3.0000000000000000e+00  1.0000000000000000e+00
89     1.8250000000000000e+01  8.2500000000000000e+00  3.0000000000000000e+00  1.0000000000000000e+00
90     1.8750000000000000e+01  8.2500000000000000e+00  3.0000000000000000e+00  1.0000000000000000e+00
91     1.9500000000000000e+01  8.2500000000000000e+00  3.0000000000000000e+00  1.0000000000000000e+00
92     2.0250000000000000e+01  8.2500000000000000e+00  3.0000000000000000e+00  1.0000000000000000e+00
93     2.1000000000000000e+01  8.2500000000000000e+00  3.0000000000000000e+00  1.0000000000000000e+00
94     2.1750000000000000e+01  8.2500000000000000e+00  3.0000000000000000e+00  1.0000000000000000e+00
95     2.2500000000000000e+01  8.2500000000000000e+00  3.0000000000000000e+00  1.0000000000000000e+00
96     2.3250000000000000e+01  8.2500000000000000e+00  3.0000000000000000e+00  1.0000000000000000e+00
97     2.3750000000000000e+01  8.2500000000000000e+00  3.0000000000000000e+00  1.0000000000000000e+00
98     2.4000000000000000e+01  8.2500000000000000e+00  3.0000000000000000e+00  1.0000000000000000e+00
99     1.8000000000000000e+01  8.7500000000000000e+00  3.0000000000000000e+00  1.0000000000000000e+00
100    1.8250000000000000e+01  8.7500000000000000e+00  3.0000000000000000e+00  1.0000000000000000e+00
101    1.8750000000000000e+01  8.7500000000000000e+00  3.0000000000000000e+00  1.0000000000000000e+00
102    1.9500000000000000e+01  8.7500000000000000e+00  3.0000000000000000e+00  1.0000000000000000e+00
103    2.0250000000000000e+01  8.7500000000000000e+00  3.0000000000000000e+00  1.0000000000000000e+00
104    2.1000000000000000e+01  8.7500000000000000e+00  3.0000000000000000e+00  1.0000000000000000e+00
105    2.1750000000000000e+01  8.7500000000000000e+00  3.0000000000000000e+00  1.0000000000000000e+00
106    2.2500000000000000e+01  8.7500000000000000e+00  3.0000000000000000e+00  1.0000000000000000e+00
107    2.3250000000000000e+01  8.7500000000000000e+00  3.0000000000000000e+00  1.0000000000000000e+00
108    2.3750000000000000e+01  8.7500000000000000e+00  3.0000000000000000e+00  1.0000000000000000e+00
109    2.4000000000000000e+01  8.7500000000000000e+00  3.0000000000000000e+00  1.0000000000000000e+00
110    1.8000000000000000e+01  9.0000000000000000e+00  3.0000000000000000e+00  1.0000000000000000e+00
111    1.8250000000000000e+01  9.0000000000000000e+00  3.0000000000000000e+00  1.0000000000000000e+00
112    1.8750000000000000e+01  9.0000000000000000e+00  3.0000000000000000e+00  1.0000000000000000e+00
113    1.9500000000000000e+01  9.0000000000000000e+00  3.0000000000000000e+00  1.0000000000000000e+00
114    2.0250000000000000e+01  9.0000000000000000e+00  3.0000000000000000e+00  1.0000000000000000e+00
115    2.1000000000000000e+01  9.0000000000000000e+00  3.0000000000000000e+00  1.0000000000000000e+00
116    2.1750000000000000e+01  9.0000000000000000e+00  3.0000000000000000e+00  1.0000000000000000e+00
117    2.2500000000000000e+01  9.0000000000000000e+00  3.0000000000000000e+00  1.0000000000000000e+00
118    2.3250000000000000e+01  9.0000000000000000e+00  3.0000000000000000e+00  1.0000000000000000e+00
119    2.3750000000000000e+01  9.0000000000000000e+00  3.0000000000000000e+00  1.0000000000000000e+00
120    2.4000000000000000e+01  9.0000000000000000e+00  3.0000000000000000e+00  1.0000000000000000e+00
121    1.8000000000000000e+01  3.0000000000000000e+00  3.2500000000000000e+00  1.0000000000000000e+00
122    1.8250000000000000e+01  3.0000000000000000e+00  3.2500000000000000e+00  1.0000000000000000e+00
123    1.8750000000000000e+01  3.0000000000000000e+00  3.2500000000000000e+00  1.0000000000000000e+00
124    1.9500000000000000e+01  3.0000000000000000e+00  3.2500000000000000e+00  1.0000000000000000e+00
125    2.0250000000000000e+01  3.0000000000000000e+00  3.2500000000000000e+00  1.0000000000000000e+00
126    2.1000000000000000e+01  3.0000000000000000e+00  3.2500000000000000e+00  1.0000000000000000e+00
127    2.1750000000000000e+01  3.0000000000000000e+00  3.2500000000000000e+00  1.0000000000000000e+00
128    2.2500000000000000e+01  3.0000000000000000e+00  3.2500000000000000e+00  1.0000000000000000e+00
129    2.3250000000000000e+01  3.0000000000000000e+00  3.2500000000000000e+00  1.0000000000000000e+00
130    2.3750000000000000e+01  3.0000000000000000e+00  3.2500000000000000e+00  1.0000000000000000e+00
131    2.4000000000000000e+01  3.0000000000000000e+00  3.2500000000000000e+00  1.0000000000000000e+00
132    1.8000000000000000e+01  3.2500000000000000e+00  3.2500000000000000e+00  1.0000000000000000e+00
133    1.8250000000000000e+01  3.2500000000000000e+00  3.2500000000000000e+00  1.0000000000000000e+00
134    1.8750000000000000e+01  3.2500000000000000e+00  3.2500000000000000e+00  1.0000000000000000e+00
135    1.9500000000000000e+01  3.2500000000000000e+00  3.2500000000000000e+00  1.0000000000000000e+00
136    2.0250000000000000e+01  3.2500000000000000e+00  3.2500000000000000e+00  1.0000000000000000e+00
137    2.1000000000000000e+01  3.2500000000000000e+00  3.2500000000000000e+00  1.0000000000000000e+00
138    2.1750000000000000e+01  3.2500000000000000e+00  3.2500000000000000e+00  1.0000000000000000e+00
139    2.2500000000000000e+01  3.2500000000000000e+00  3.2500000000000000e+00  1.0000000000000000e+00
140    2.3250000000000000e+01  3.2500000000000000e+00  3.2500000000000000e+00  1.0000000000000000e+00
141    2.3750000000000000e+01  3.2500000000000000e+00  3.2500000000000000e+00  1.0000000000000000e+00
142    2.4000000000000000e+01  3.2500000000000000e+00  3.2500000000000000e+00  1.0000000000000000e+00
143    1.8000000000000000e+01  3.7500000000000000e+00  3.2500000000000000e+00  1.0000000000000000e+00
144    1.8250000000000000e+01  3.7500000000000000e+00  3.2500000000000000e+00  1.0000000000000000e+00
145    1.8750000000000000e+01  3.7500000000000000e+00  3.2500000000000000e+00  1.0000000000000000e+00
146    1.9500000000000000e+01  3.7500000000000000e+00  3.2500000000000000e+00  1.0000000000000000e+00
147    2.0250000000000000e+01  3.7500000000000000e+00  3.2500000000000000e+00  1.0000000000000000e+00
148    2.1000000000000000e+01  3.7500000000000000e+00  3.2500000000000000e+00  1.0000000000000000e+00
149    2.1750000000000000e+01  3.7500000000000000e+00  3.2500000000000000e+00  1.0000000000000000e+00
150    2.2500000000000000e+01  3.7500000000000000e+00  3.2500000000000000e+00  1.0000000000000000e+00
151    2.3250000000000000e+01  3.7500000000000000e+00  3.2500000000000000e+00  1.0000000000000000e+00
152    2.3750000000000000e+01  3.7500000000000000e+00  3.2500000000000000e+00  1.0000000000000000e+00
153    2.4000000000000000e+01  3.7500000000000000e+00  3.2500000000000000e+00  1.0000000000000000e+00
154    1.8000000000000000e+01  4.5000000000000000e+00  3.2500000000000000e+00  1.0000000000000000e+00
155    1.8250000000000000e+01  4.5000000000000000e+00  3.2500000000000000e+00  1.0000000000000000e+00
156    1.8750000000000000e+01  4.5000000000000000e+00  3.2500000000000000e+00  1.0000000000000000e+00
157    1.9500000000000000e+01  4.5000000000000000e+00  3.2500000000000000e+00  1.0000000000000000e+00
158    2.0250000000000000e+01  4.5000000000000000e+00  3.2500000000000000e+00  1.0000000000000000e+00
159    2.1000000000000000e+01  4.5000000000000000e+00  3.2500000000000000e+00  1.0000000000000000e+00
160    2.1750000000000000e+01  4.5000000000000000e+00  3.2500000000000000e+00  1.0000000000000000e+00
161    2.2500000000000000e+01  4.5000000000000000e+00  3.2500000000000000e+00  1.0000000000000000e+00
162    2.3250000000000000e+01  4.5000000000000000e+00  3.2500000000000000e+00  1.0000000000000000e+00
163    2.3750000000000000e+01  4.5000000000000000e+00  3.2500000000000000e+00  1.0000000000000000e+00
164    2.4000000000000000e+01  4.5000000000000000e+00  3.2500000000000000e+00  1.0000000000000000e+00
165    1.8000000000000000e+01  5.2500000000000000e+00  3.2500000000000000e+00  1.0000000000000000e+00
166    1.8250000000000000e+01  5.2500000000000000e+00  3.2500000000000000e+00  1.0000000000000000e+00
167    1.8750000000000000e+01  5.2500000000000000e+00  3.2500000000000000e+00  1.0000000000000000e+00
168    1.9500000000000000e+01  5.2500000000000000e+00  3.2500000000000000e+00  1.0000000000000000e+00
169    2.0250000000000000e+01  5.2500000000000000e+00  3.2500000000000000e+00  1.0000000000000000e+00
170    2.1000000000000000e+01  5.2500000000000000e+00  3.2500000000000000e+00  1.0000000000000000e+00
171    2.1750000000000000e+01  5.2500000000000000e+00  3.2500000000000000e+00  1.0000000000000000e+00
172    2.2500000000000000e+01  5.2500000000000000e+00  3.2500000000000000e+00  1.0000000000000000e+00
173    2.3250000000000000e+01  5.2500000000000000e+00  3.2500000000000000e+00  1.0000000000000000e+00
174    2.3750000000000000e+01  5.2500000000000000e+00  3.2500000000000000e+00  1.0000000000000000e+00
175    2.4000000000000000e+01  5.2500000000000000e+00  3.2500000000000000e+00  1.0000000000000000e+00
176    1.8000000000000000e+01  6.0000000000000000e+00  3.2500000000000000e+00  1.0000000000000000e+00
177    1.8250000000000000e+01  6.0000000000000000e+00  3.2500000000000000e+00  1.0000000000000000e+00
178    1.8750000000000000e+01  6.0000000000000000e+00  3.2500000000000000e+00  1.0000000000000000e+00
179    1.9500000000000000e+01  6.0000000000000000e+00  3.2500000000000000e+00  1.0000000000000000e+00
180    2.0250000000000000e+01  6.0000000000000000e+00  3.2500000000000000e+00  1.0000000000000000e+00
181    2.1000000000000000e+01  6.0000000000000000e+00  3.2500000000000000e+00  1.0000000000000000e+00
182    2.1750000000000000e+01  6.0000000000000000e+00  3.2500000000000000e+00  1.0000000000000000e+00
183    2.2500000000000000e+01  6.0000000000000000e+00  3.2500000000000000e+00  1.0000000000000000e+00
184    2.3250000000000000e+01  6.0000000000000000e+00  3.2500000000000000e+00  1.0000000000000000e+00
185    2.3750000000000000e+01  6.0000000000000000e+00  3.2500000000000000e+00  1.0000000000000000e+00
186    2.4000000000000000e+01  6.0000000000000000e+00  3.2500000000000000e+00  1.0000000000000000e+00
187    1.8000000000000000e+01  6.7500000000000000e+00  3.2500000000000000e+00  1.0000000000000000e+00
188    1.8250000000000000e+01  6.7500000000000000e+00  3.2500000000000000e+00  1.0000000000000000e+00
189    1.8750000000000000e+01  6.7500000000000000e+00  3.2500000000000000e+00  1.0000000000000000e+00
190    1.9500000000000000e+01  6.7500000000000000e+00  3.2500000000000000e+00  1.0000000000000000e+00
191    2.0250000000000000e+01  6.7500000000000000e+00  3.2500000000000000e+00  1.0000000000000000e+00
192    2.1000000000000000e+01  6.7500000000000000e+00  3.2500000000000000e+00  1.0000000000000000e+00
193    2.1750000000000000e+01  6.7500000000000000e+00  3.2500000000000000e+00  1.0000000000000000e+00
194    2.2500000000000000e+01  6.7500000000000000e+00  3.2500000000000000e+00  1.0000000000000000e+00
195    2.3250000000000000e+01  6.7500000000000000e+00  3.2500000000000000e+00  1.0000000000000000e+00
196    2.3750000000000000e+01  6.7500000000000000e+00  3.2500000000000000e+00  1.0000000000000000e+00
197    2.4000000000000000e+01  6.7500000000000000e+00  3.2500000000000000e+00  1.0000000000000000e+00
198    1.8000000000000000e+01  7.5000000000000000e+00  3.2500000000000000e+00  1.0000000000000000e+00
199    1.8250000000000000e+01  7.5000000000000000e+00  3.2500000000000000e+00  1.0000000000000000e+00
200    1.8750000000000000e+01  7.5000000000000000e+00  3.2500000000000000e+00  1.0000000000000000e+00
201    1.9500000000000000e+01  7.5000000000000000e+00  3.2500000000000000e+00  1.0000000000000000e+00
202    2.0250000000000000e+01  7.5000000000000000e+00  3.2500000000000000e+00  1.0000000000000000e+00
203    2.1000000000000000e+01  7.5000000000000000e+00  3.2500000000000000e+00  1.0000000000000000e+00
204    2.1750000000000000e+01  7.5000000000000000e+00  3.2500000000000000e+00  1.0000000000000000e+00
205    2.2500000000000000e+01  7.5000000000000000e+00  3.2500000000000000e+00  1.0000000000000000e+00
206    2.3250000000000000e+01  7.5000000000000000e+00  3.2500000000000000e+00  1.0000000000000000e+00
207    2.3750000000000000e+01  7.5000000000000000e+00  3.2500000000000000e+00  1.0000000000000000e+00
208    2.4000000000000000e+01  7.5000000000000000e+00  3.2500000000000000e+00  1.0000000000000000e+00
209    1.8000000000000000e+01  8.2500000000000000e+00  3.2500000000000000e+00  1.0000000000000000e+00
210    1.8250000000000000e+01  8.2500000000000000e+00  3.2500000000000000e+00  1.0000000000000000e+00
211    1.8750000000000000e+01  8.2500000000000000e+00  3.2500000000000000e+00  1.0000000000000000e+00
212    1.9500000000000000e+01  8.2500000000000000e+00  3.2500000000000000e+00  1.0000000000000000e+00
213    2.0250000000000000e+01  8.2500000000000000e+00  3.2500000000000000e+00  1.0000000000000000e+00
214    2.1000000000000000e+01  8.2500000000000000e+00  3.2500000000000000e+00  1.0000000000000000e+00
215    2.1750000000000000e+01  8.2500000000000000e+00  3.2500000000000000e+00  1.0000000000000000e+00
216    2.2500000000000000e+01  8.2500000000000000e+00  3.2500000000000000e+00  1.0000000000000000e+00
217    2.3250000000000000e+01  8.2500000000000000e+00  3.2500000000000000e+00  1.0000000000000000e+00
218    2.3750000000000000e+01  8.2500000000000000e+00  3.2500000000000000e+00  1.0000000000000000e+00
219    2.4000000000000000e+01  8.2500000000000000e+00  3.2500000000000000e+00  1.0000000000000000e+00
220    1.8000000000000000e+01  8.7500000000000000e+00  3.2500000000000000e+00  1.0000000000000000e+00
221    1.8250000000000000e+01  8.7500000000000000e+00  3.2500000000000000e+00  1.0000000000000000e+00
222    1.8750000000000000e+01  8.7500000000000000e+00  3.2500000000000000e+00  1.0000000000000000e+00
223    1.9500000000000000e+01  8.7500000000000000e+00  3.2500000000000000e+00  1.0000000000000000e+00
224    2.0250000000000000e+01  8.7500000000000000e+00  3.2500000000000000e+00  1.0000000000000000e+00
225    2.1000000000000000e+01  8.7500000000000000e+00  3.2500000000000000e+00  1.0000000000000000e+00
226    2.1750000000000000e+01  8.7500000000000000e+00  3.2500000000000000e+00  1.0000000000000000e+00
227    2.2500000000000000e+01  8.7500000000000000e+00  3.2500000000000000e+00  1.0000000000000000e+00
228    2.3250000000000000e+01  8.7500000000000000e+00  3.2500000000000000e+00  1.0000000000000000e+00
229    2.3750000000000000e+01  8.7500000000000000e+00  3.2500000000000000e+00  1.0000000000000000e+00
230    2.4000000000000000e+01  8.7500000000000000e+00  3.2500000000000000e+00  1.0000000000000000e+00
231    1.8000000000000000e+01  9.0000000000000000e+00  3.2500000000000000e+00  1.0000000000000000e+00
232    1.8250000000000000e+01  9.0000000000000000e+00  3.2500000000000000e+00  1.0000000000000000e+00
233    1.8750000000000000e+01  9.0000000000000000e+00  3.2500000000000000e+00  1.0000000000000000e+00
234    1.9500000000000000e+01  9.0000000000000000e+00  3.2500000000000000e+00  1.0000000000000000e+00
235    2.0250000000000000e+01  9.0000000000000000e+00  3.2500000000000000e+00  1.0000000000000000e+00
236    2.1000000000000000e+01  9.0000000000000000e+00  3.2500000000000000e+00  1.0000000000000000e+00
237    2.1750000000000000e+01  9.0000000000000000e+00  3.2500000000000000e+00  1.0000000000000000e+00
238    2.2500000000000000e+01  9.0000000000000000e+00  3.2500000000000000e+00  1.0000000000000000e+00
239    2.3250000000000000e+01  9.0000000000000000e+00  3.2500000000000000e+00  1.0000000000000000e+00
240    2.3750000000000000e+01  9.0000000000000000e+00  3.2500000000000000e+00  1.0000000000000000e+00
241    2.4000000000000000e+01  9.0000000000000000e+00  3.2500000000000000e+00  1.0000000000000000e+00
242    1.8000000000000000e+01  3.0000000000000000e+00  3.7500000000000000e+00  1.0000000000000000e+00
243    1.8250000000000000e+01  3.0000000000000000e+00  3.7500000000000000e+00  1.0000000000000000e+00
244    1.8750000000000000e+01  3.0000000000000000e+00  3.7500000000000000e+00  1.0000000000000000e+00
245    1.9500000000000000e+01  3.0000000000000000e+00  3.7500000000000000e+00  1.0000000000000000e+00
246    2.0250000000000000e+01  3.0000000000000000e+00  3.7500000000000000e+00  1.0000000000000000e+00
247    2.1000000000000000e+01  3.0000000000000000e+00  3.7500000000000000e+00  1.0000000000000000e+00
248    2.1750000000000000e+01  3.0000000000000000e+00  3.7500000000000000e+00  1.0000000000000000e+00
249    2.2500000000000000e+01  3.0000000000000000e+00  3.7500000000000000e+00  1.0000000000000000e+00
250    2.3250000000000000e+01  3.0000000000000000e+00  3.7500000000000000e+00  1.0000000000000000e+00
251    2.3750000000000000e+01  3.0000000000000000e+00  3.7500000000000000e+00  1.0000000000000000e+00
252    2.4000000000000000e+01  3.0000000000000000e+00  3.7500000000000000e+00  1.0000000000000000e+00
253    1.8000000000000000e+01  3.2500000000000000e+00  3.7500000000000000e+00  1.0000000000000000e+00
254    1.8250000000000000e+01  3.2500000000000000e+00  3.7500000000000000e+00  1.0000000000000000e+00
255    1.8750000000000000e+01  3.2500000000000000e+00  3.7500000000000000e+00  1.0000000000000000e+00
256    1.9500000000000000e+01  3.2500000000000000e+00  3.7500000000000000e+00  1.0000000000000000e+00
257    2.0250000000000000e+01  3.2500000000000000e+00  3.7500000000000000e+00  1.0000000000000000e+00
258    2.1000000000000000e+01  3.2500000000000000e+00  3.7500000000000000e+00  1.0000000000000000e+00
259    2.1750000000000000e+01  3.2500000000000000e+00  3.7500000000000000e+00  1.0000000000000000e+00
260    2.2500000000000000e+01  3.2500000000000000e+00  3.7500000000000000e+00  1.0000000000000000e+00
261    2.3250000000000000e+01  3.2500000000000000e+00  3.7500000000000000e+00  1.0000000000000000e+00
262    2.3750000000000000e+01  3.2500000000000000e+00  3.7500000000000000e+00  1.0000000000000000e+00
263    2.4000000000000000e+01  3.2500000000000000e+00  3.7500000000000000e+00  1.0000000000000000e+00
264    1.8000000000000000e+01  3.7500000000000000e+00  3.7500000000000000e+00  1.0000000000000000e+00
265    1.8250000000000000e+01  3.7500000000000000e+00  3.7500000000000000e+00  1.0000000000000000e+00
266    1.8750000000000000e+01  3.7500000000000000e+00  3.7500000000000000e+00  1.0000000000000000e+00
267    1.9500000000000000e+01  3.7500000000000000e+00  3.7500000000000000e+00  1.0000000000000000e+00
268    2.0250000000000000e+01  3.7500000000000000e+00  3.7500000000000000e+00  1.0000000000000000e+00
269    2.1000000000000000e+01  3.7500000000000000e+00  3.7500000000000000e+00  1.0000000000000000e+00
270    2.1750000000000000e+01  3.7500000000000000e+00  3.7500000000000000e+00  1.0000000000000000e+00
271    2.2500000000000000e+01  3.7500000000000000e+00  3.7500000000000000e+00  1.0000000000000000e+00
272    2.3250000000000000e+01  3.7500000000000000e+00  3.7500000000000000e+00  1.0000000000000000e+00
273    2.3750000000000000e+01  3.7500000000000000e+00  3.7500000000000000e+00  1.0000000000000000e+00
274    2.4000000000000000e+01  3.7500000000000000e+00  3.7500000000000000e+00  1.0000000000000000e+00
275    1.8000000000000000e+01  4.5000000000000000e+00  3.7500000000000000e+00  1.0000000000000000e+00
276    1.8250000000000000e+01  4.5000000000000000e+00  3.7500000000000000e+00  1.0000000000000000e+00
277    1.8750000000000000e+01  4.5000000000000000e+00  3.7500000000000000e+00  1.0000000000000000e+00
278    1.9500000000000000e+01  4.5000000000000000e+00  3.7500000000000000e+00  1.0000000000000000e+00
279    2.0250000000000000e+01  4.5000000000000000e+00  3.7500000000000000e+00  1.0000000000000000e+00
280    2.1000000000000000e+01  4.5000000000000000e+00  3.7500000000000000e+00  1.0000000000000000e+00
281    2.1750000000000000e+01  4.5000000000000000e+00  3.7500000000000000e+00  1.0000000000000000e+00
282    2.2500000000000000e+01  4.5000000000000000e+00  3.7500000000000000e+00  1.0000000000000000e+00
283    2.3250000000000000e+01  4.5000000000000000e+00  3.7500000000000000e+00  1.0000000000000000e+00
284    2.3750000000000000e+01  4.5000000000000000e+00  3.7500000000000000e+00  1.0000000000000000e+00
285    2.4000000000000000e+01  4.5000000000000000e+00  3.7500000000000000e+00  1.0000000000000000e+00
286    1.8000000000000000e+01  5.2500000000000000e+00  3.7500000000000000e+00  1.0000000000000000e+00
287    1.8250000000000000e+01  5.2500000000000000e+00  3.7500000000000000e+00  1.0000000000000000e+00
288    1.8750000000000000e+01  5.2500000000000000e+00  3.7500000000000000e+00  1.0000000000000000e+00
289    1.9500000000000000e+01  5.2500000000000000e+00  3.7500000000000000e+00  1.0000000000000000e+00
290    2.0250000000000000e+01  5.2500000000000000e+00  3.7500000000000000e+00  1.0000000000000000e+00
291    2.1000000000000000e+01  5.2500000000000000e+00  3.7500000000000000e+00  1.0000000000000000e+00
292    2.1750000000000000e+01  5.2500000000000000e+00  3.7500000000000000e+00  1.0000000000000000e+00
293    2.2500000000000000e+01  5.2500000000000000e+00  3.7500000000000000e+00  1.0000000000000000e+00
294    2.3250000000000000e+01  5.2500000000000000e+00  3.7500000000000000e+00  1.0000000000000000e+00
295    2.3750000000000000e+01  5.2500000000000000e+00  3.7500000000000000e+00  1.0000000000000000e+00
296    2.4000000000000000e+01  5.2500000000000000e+00  3.7500000000000000e+00  1.0000000000000000e+00
297    1.8000000000000000e+01  6.0000000000000000e+00  3.7500000000000000e+00  1.0000000000000000e+00
298    1.8250000000000000e+01  6.0000000000000000e+00  3.7500000000000000e+00  1.0000000000000000e+00
299    1.8750000000000000e+01  6.0000000000000000e+00  3.7500000000000000e+00  1.0000000000000000e+00
300    1.9500000000000000e+01  6.0000000000000000e+00  3.7500000000000000e+00  1.0000000000000000e+00
301    2.0250000000000000e+01  6.0000000000000000e+00  3.7500000000000000e+00  1.0000000000000000e+00
302    2.1000000000000000e+01  6.0000000000000000e+00  3.7500000000000000e+00  1.0000000000000000e+00
303    2.1750000000000000e+01  6.0000000000000000e+00  3.7500000000000000e+00  1.0000000000000000e+00
304    2.2500000000000000e+01  6.0000000000000000e+00  3.7500000000000000e+00  1.0000000000000000e+00
305    2.3250000000000000e+01  6.0000000000000000e+00  3.7500000000000000e+00  1.0000000000000000e+00
306    2.3750000000000000e+01  6.0000000000000000e+00  3.7500000000000000e+00  1.0000000000000000e+00
307    2.4000000000000000e+01  6.0000000000000000e+00  3.7500000000000000e+00  1.0000000000000000e+00
308    1.8000000000000000e+01  6.7500000000000000e+00  3.7500000000000000e+00  1.0000000000000000e+00
309    1.8250000000000000e+01  6.7500000000000000e+00  3.7500000000000000e+00  1.0000000000000000e+00
310    1.8750000000000000e+01  6.7500000000000000e+00  3.7500000000000000e+00  1.0000000000000000e+00
311    1.9500000000000000e+01  6.7500000000000000e+00  3.7500000000000000e+00  1.0000000000000000e+00
312    2.0250000000000000e+01  6.7500000000000000e+00  3.7500000000000000e+00  1.0000000000000000e+00
313    2.1000000000000000e+01  6.7500000000000000e+00  3.7500000000000000e+00  1.0000000000000000e+00
314    2.1750000000000000e+01  6.7500000000000000e+00  3.7500000000000000e+00  1.0000000000000000e+00
315    2.2500000000000000e+01  6.7500000000000000e+00  3.7500000000000000e+00  1.0000000000000000e+00
316    2.3250000000000000e+01  6.7500000000000000e+00  3.7500000000000000e+00  1.0000000000000000e+00
317    2.3750000000000000e+01  6.7500000000000000e+00  3.7500000000000000e+00  1.0000000000000000e+00
318    2.4000000000000000e+01  6.7500000000000000e+00  3.7500000000000000e+00  1.0000000000000000e+00
319    1.8000000000000000e+01  7.5000000000000000e+00  3.7500000000000000e+00  1.0000000000000000e+00
320    1.8250000000000000e+01  7.5000000000000000e+00  3.7500000000000000e+00  1.0000000000000000e+00
321    1.8750000000000000e+01  7.5000000000000000e+00  3.7500000000000000e+00  1.0000000000000000e+00
322    1.9500000000000000e+01  7.5000000000000000e+00  3.7500000000000000e+00  1.0000000000000000e+00
323    2.0250000000000000e+01  7.5000000000000000e+00  3.7500000000000000e+00  1.0000000000000000e+00
324    2.1000000000000000e+01  7.5000000000000000e+00  3.7500000000000000e+00  1.0000000000000000e+00
325    2.1750000000000000e+01  7.5000000000000000e+00  3.7500000000000000e+00  1.0000000000000000e+00
326    2.2500000000000000e+01  7.5000000000000000e+00  3.7500000000000000e+00  1.0000000000000000e+00
327    2.3250000000000000e+01  7.5000000000000000e+00  3.7500000000000000e+00  1.0000000000000000e+00
328    2.3750000000000000e+01  7.5000000000000000e+00  3.7500000000000000e+00  1.0000000000000000e+00
329    2.4000000000000000e+01  7.5000000000000000e+00  3.7500000000000000e+00  1.0000000000000000e+00
330    1.8000000000000000e+01  8.2500000000000000e+00  3.7500000000000000e+00  1.0000000000000000e+00
331    1.8250000000000000e+01  8.2500000000000000e+00  3.7500000000000000e+00  1.0000000000000000e+00
332    1.8750000000000000e+01  8.2500000000000000e+00  3.7500000000000000e+00  1.0000000000000000e+00
333    1.9500000000000000e+01  8.2500000000000000e+00  3.7500000000000000e+00  1.0000000000000000e+00
334    2.0250000000000000e+01  8.2500000000000000e+00  3.7500000000000000e+00  1.0000000000000000e+00
335    2.1000000000000000e+01  8.2500000000000000e+00  3.7500000000000000e+00  1.0000000000000000e+00
336    2.1750000000000000e+01  8.2500000000000000e+00  3.7500000000000000e+00  1.0000000000000000e+00
337    2.2500000000000000e+01  8.2500000000000000e+00  3.7500000000000000e+00  1.0000000000000000e+00
338    2.3250000000000000e+01  8.2500000000000000e+00  3.7500000000000000e+00  1.0000000000000000e+00
339    2.3750000000000000e+01  8.2500000000000000e+00  3.7500000000000000e+00  1.0000000000000000e+00
340    2.4000000000000000e+01  8.2500000000000000e+00  3.7500000000000000e+00  1.0000000000000000e+00
341    1.8000000000000000e+01  8.7500000000000000e+00  3.7500000000000000e+00  1.0000000000000000e+00
342    1.8250000000000000e+01  8.7500000000000000e+00  3.7500000000000000e+00  1.0000000000000000e+00
343    1.8750000000000000e+01  8.7500000000000000e+00  3.7500000000000000e+00  1.0000000000000000e+00
344    1.9500000000000000e+01  8.7500000000000000e+00  3.7500000000000000e+00  1.0000000000000000e+00
345    2.0250000000000000e+01  8.7500000000000000e+00  3.7500000000000000e+00  1.0000000000000000e+00
346    2.1000000000000000e+01  8.7500000000000000e+00  3.7500000000000000e+00  1.0000000000000000e+00
347    2.1750000000000000e+01  8.7500000000000000e+00  3.7500000000000000e+00  1.0000000000000000e+00
348    2.2500000000000000e+01  8.7500000000000000e+00  3.7500000000000000e+00  1.0000000000000000e+00
349    2.3250000000000000e+01  8.7500000000000000e+00  3.7500000000000000e+00  1.0000000000000000e+00
350    2.3750000000000000e+01  8.7500000000000000e+00  3.7500000000000000e+00  1.0000000000000000e+00
351    2.4000000000000000e+01  8.7500000000000000e+00  3.7500000000000000e+00  1.0000000000000000e+00
352    1.8000000000000000e+01  9.0000000000000000e+00  3.7500000000000000e+00  1.0000000000000000e+00
353    1.8250000000000000e+01  9.0000000000000000e+00  3.7500000000000000e+00  1.0000000000000000e+00
354    1.8750000000000000e+01  9.0000000000000000e+00  3.7500000000000000e+00  1.0000000000000000e+00
355    1.9500000000000000e+01  9.0000000000000000e+00  3.7500000000000000e+00  1.0000000000000000e+00
356    2.0250000000000000e+01  9.0000000000000000e+00  3.7500000000000000e+00  1.0000000000000000e+00
357    2.1000000000000000e+01  9.0000000000000000e+00  3.7500000000000000e+00  1.0000000000000000e+00
358    2.1750000000000000e+01  9.0000000000000000e+00  3.7500000000000000e+00  1.0000000000000000e+00
359    2.2500000000000000e+01  9.0000000000000000e+00  3.7500000000000000e+00  1.0000000000000000e+00
360    2.3250000000000000e+01  9.0000000000000000e+00  3.7500000000000000e+00  1.0000000000000000e+00
361    2.3750000000000000e+01  9.0000000000000000e+00  3.7500000000000000e+00  1.0000000000000000e+00
362    2.4000000000000000e+01  9.0000000000000000e+00  3.7500000000000000e+00  1.0000000000000000e+00
363    1.8000000000000000e+01  3.0000000000000000e+00  4.5000000000000000e+00  1.0000000000000000e+00
364    1.8250000000000000e+01  3.0000000000000000e+00  4.5000000000000000e+00  1.0000000000000000e+00
365    1.8750000000000000e+01  3.0000000000000000e+00  4.5000000000000000e+00  1.0000000000000000e+00
366    1.9500000000000000e+01  3.0000000000000000e+00  4.5000000000000000e+00  1.0000000000000000e+00
367    2.0250000000000000e+01  3.0000000000000000e+00  4.5000000000000000e+00  1.0000000000000000e+00
368    2.1000000000000000e+01  3.0000000000000000e+00  4.5000000000000000e+00  1.0000000000000000e+00
369    2.1750000000000000e+01  3.0000000000000000e+00  4.5000000000000000e+00  1.0000000000000000e+00
370    2.2500000000000000e+01  3.0000000000000000e+00  4.5000000000000000e+00  1.0000000000000000e+00
371    2.3250000000000000e+01  3.0000000000000000e+00  4.5000000000000000e+00  1.0000000000000000e+00
372    2.3750000000000000e+01  3.0000000000000000e+00  4.5000000000000000e+00  1.0000000000000000e+00
373    2.4000000000000000e+01  3.0000000000000000e+00  4.5000000000000000e+00  1.0000000000000000e+00
374    1.8000000000000000e+01  3.2500000000000000e+00  4.5000000000000000e+00  1.0000000000000000e+00
375    1.8250000000000000e+01  3.2500000000000000e+00  4.5000000000000000e+00  1.0000000000000000e+00
376    1.8750000000000000e+01  3.2500000000000000e+00  4.5000000000000000e+00  1.0000000000000000e+00
377    1.9500000000000000e+01  3.2500000000000000e+00  4.5000000000000000e+00  1.0000000000000000e+00
378    2.0250000000000000e+01  3.2500000000000000e+00  4.5000000000000000e+00  1.0000000000000000e+00
379    2.1000000000000000e+01  3.2500000000000000e+00  4.5000000000000000e+00  1.0000000000000000e+00
380    2.1750000000000000e+01  3.2500000000000000e+00  4.5000000000000000e+00  1.0000000000000000e+00
381    2.2500000000000000e+01  3.2500000000000000e+00  4.5000000000000000e+00  1.0000000000000000e+00
382    2.3250000000000000e+01  3.2500000000000000e+00  4.5000000000000000e+00  1.0000000000000000e+00
383    2.3750000000000000e+01  3.2500000000000000e+00  4.5000000000000000e+00  1.0000000000000000e+00
384    2.4000000000000000e+01  3.2500000000000000e+00  4.5000000000000000e+00  1.0000000000000000e+00
385    1.8000000000000000e+01  3.7500000000000000e+00  4.5000000000000000e+00  1.0000000000000000e+00
386    1.8250000000000000e+01  3.7500000000000000e+00  4.5000000000000000e+00  1.0000000000000000e+00
387    1.8750000000000000e+01  3.7500000000000000e+00  4.5000000000000000e+00  1.0000000000000000e+00
388    1.9500000000000000e+01  3.7500000000000000e+00  4.5000000000000000e+00  1.0000000000000000e+00
389    2.0250000000000000e+01  3.7500000000000000e+00  4.5000000000000000e+00  1.0000000000000000e+00
390    2.1000000000000000e+01  3.7500000000000000e+00  4.5000000000000000e+00  1.0000000000000000e+00
391    2.1750000000000000e+01  3.7500000000000000e+00  4.5000000000000000e+00  1.0000000000000000e+00
392    2.2500000000000000e+01  3.7500000000000000e+00  4.5000000000000000e+00  1.0000000000000000e+00
393    2.3250000000000000e+01  3.7500000000000000e+00  4.5000000000000000e+00  1.0000000000000000e+00
394    2.3750000000000000e+01  3.7500000000000000e+00  4.5000000000000000e+00  1.0000000000000000e+00
395    2.4000000000000000e+01  3.7500000000000000e+00  4.5000000000000000e+00  1.0000000000000000e+00
396    1.8000000000000000e+01  4.5000000000000000e+00  4.5000000000000000e+00  1.0000000000000000e+00
397    1.8250000000000000e+01  4.5000000000000000e+00  4.5000000000000000e+00  1.0000000000000000e+00
398    1.8750000000000000e+01  4.5000000000000000e+00  4.5000000000000000e+00  1.0000000000000000e+00
399    1.9500000000000000e+01  4.5000000000000000e+00  4.5000000000000000e+00  1.0000000000000000e+00
400    2.0250000000000000e+01  4.5000000000000000e+00  4.5000000000000000e+00  1.0000000000000000e+00
401    2.1000000000000000e+01  4.5000000000000000e+00  4.5000000000000000e+00  1.0000000000000000e+00
402    2.1750000000000000e+01  4.5000000000000000e+00  4.5000000000000000e+00  1.0000000000000000e+00
403    2.2500000000000000e+01  4.5000000000000000e+00  4.5000000000000000e+00  1.0000000000000000e+00
404    2.3250000000000000e+01  4.5000000000000000e+00  4.5000000000000000e+00  1.0000000000000000e+00
405    2.3750000000000000e+01  4.5000000000000000e+00  4.5000000000000000e+00  1.0000000000000000e+00
406    2.4000000000000000e+01  4.5000000000000000e+00  4.5000000000000000e+00  1.0000000000000000e+00
407    1.8000000000000000e+01  5.2500000000000000e+00  4.5000000000000000e+00  1.0000000000000000e+00
408    1.8250000000000000e+01  5.2500000000000000e+00  4.5000000000000000e+00  1.0000000000000000e+00
409    1.8750000000000000e+01  5.2500000000000000e+00  4.5000000000000000e+00  1.0000000000000000e+00
410    1.9500000000000000e+01  5.2500000000000000e+00  4.5000000000000000e+00  1.0000000000000000e+00
411    2.0250000000000000e+01  5.2500000000000000e+00  4.5000000000000000e+00  1.0000000000000000e+00
412    2.1000000000000000e+01  5.2500000000000000e+00  4.5000000000000000e+00  1.0000000000000000e+00
413    2.1750000000000000e+01  5.2500000000000000e+00  4.5000000000000000e+00  1.0000000000000000e+00
414    2.2500000000000000e+01  5.2500000000000000e+00  4.5000000000000000e+00  1.0000000000000000e+00
415    2.3250000000000000e+01  5.2500000000000000e+00  4.5000000000000000e+00  1.0000000000000000e+00
416    2.3750000000000000e+01  5.2500000000000000e+00  4.5000000000000000e+00  1.0000000000000000e+00
417    2.4000000000000000e+01  5.2500000000000000e+00  4.5000000000000000e+00  1.0000000000000000e+00
418    1.8000000000000000e+01  6.0000000000000000e+00  4.5000000000000000e+00  1.0000000000000000e+00
419    1.8250000000000000e+01  6.0000000000000000e+00  4.5000000000000000e+00  1.0000000000000000e+00
420    1.8750000000000000e+01  6.0000000000000000e+00  4.5000000000000000e+00  1.0000000000000000e+00
421    1.9500000000000000e+01  6.0000000000000000e+00  4.5000000000000000e+00  1.0000000000000000e+00
422    2.0250000000000000e+01  6.0000000000000000e+00  4.5000000000000000e+00  1.0000000000000000e+00
423    2.1000000000000000e+01  6.0000000000000000e+00  4.5000000000000000e+00  1.0000000000000000e+00
424    2.1750000000000000e+01  6.0000000000000000e+00  4.5000000000000000e+00  1.0000000000000000e+00
425    2.2500000000000000e+01  6.0000000000000000e+00  4.5000000000000000e+00  1.0000000000000000e+00
426    2.3250000000000000e+01  6.0000000000000000e+00  4.5000000000000000e+00  1.0000000000000000e+00
427    2.3750000000000000e+01  6.0000000000000000e+00  4.5000000000000000e+00  1.0000000000000000e+00
428    2.4000000000000000e+01  6.0000000000000000e+00  4.5000000000000000e+00  1.0000000000000000e+00
429    1.8000000000000000e+01  6.7500000000000000e+00  4.5000000000000000e+00  1.0000000000000000e+00
430    1.8250000000000000e+01  6.7500000000000000e+00  4.5000000000000000e+00  1.0000000000000000e+00
431    1.8750000000000000e+01  6.7500000000000000e+00  4.5000000000000000e+00  1.0000000000000000e+00
432    1.9500000000000000e+01  6.7500000000000000e+00  4.5000000000000000e+00  1.0000000000000000e+00
433    2.0250000000000000e+01  6.7500000000000000e+00  4.5000000000000000e+00  1.0000000000000000e+00
434    2.1000000000000000e+01  6.7500000000000000e+00  4.5000000000000000e+00  1.0000000000000000e+00
435    2.1750000000000000e+01  6.7500000000000000e+00  4.5000000000000000e+00  1.0000000000000000e+00
436    2.2500000000000000e+01  6.7500000000000000e+00  4.5000000000000000e+00  1.0000000000000000e+00
437    2.3250000000000000e+01  6.7500000000000000e+00  4.5000000000000000e+00  1.0000000000000000e+00
438    2.3750000000000000e+01  6.7500000000000000e+00  4.5000000000000000e+00  1.0000000000000000e+00
439    2.4000000000000000e+01  6.7500000000000000e+00  4.5000000000000000e+00  1.0000000000000000e+00
440    1.8000000000000000e+01  7.5000000000000000e+00  4.5000000000000000e+00  1.0000000000000000e+00
441    1.8250000000000000e+01  7.5000000000000000e+00  4.5000000000000000e+00  1.0000000000000000e+00
442    1.8750000000000000e+01  7.5000000000000000e+00  4.5000000000000000e+00  1.0000000000000000e+00
443    1.9500000000000000e+01  7.5000000000000000e+00  4.5000000000000000e+00  1.0000000000000000e+00
444    2.0250000000000000e+01  7.5000000000000000e+00  4.5000000000000000e+00  1.0000000000000000e+00
445    2.1000000000000000e+01  7.5000000000000000e+00  4.5000000000000000e+00  1.0000000000000000e+00
446    2.1750000000000000e+01  7.5000000000000000e+00  4.5000000000000000e+00  1.0000000000000000e+00
447    2.2500000000000000e+01  7.5000000000000000e+00  4.5000000000000000e+00  1.0000000000000000e+00
448    2.3250000000000000e+01  7.5000000000000000e+00  4.5000000000000000e+00  1.0000000000000000e+00
449    2.3750000000000000e+01  7.5000000000000000e+00  4.5000000000000000e+00  1.0000000000000000e+00
450    2.4000000000000000e+01  7.5000000000000000e+00  4.5000000000000000e+00  1.0000000000000000e+00
451    1.8000000000000000e+01  8.2500000000000000e+00  4.5000000000000000e+00  1.0000000000000000e+00
452    1.8250000000000000e+01  8.2500000000000000e+00  4.5000000000000000e+00  1.0000000000000000e+00
453    1.8750000000000000e+01  8.2500000000000000e+00  4.5000000000000000e+00  1.0000000000000000e+00
454    1.9500000000000000e+01  8.2500000000000000e+00  4.5000000000000000e+00  1.0000000000000000e+00
455    2.0250000000000000e+01  8.2500000000000000e+00  4.5000000000000000e+00  1.0000000000000000e+00
456    2.1000000000000000e+01  8.2500000000000000e+00  4.5000000000000000e+00  1.0000000000000000e+00
457    2.1750000000000000e+01  8.2500000000000000e+00  4.5000000000000000e+00  1.0000000000000000e+00
458    2.2500000000000000e+01  8.2500000000000000e+00  4.5000000000000000e+00  1.0000000000000000e+00
459    2.3250000000000000e+01  8.2500000000000000e+00  4.5000000000000000e+00  1.0000000000000000e+00
460    2.3750000000000000e+01  8.2500000000000000e+00  4.5000000000000000e+00  1.0000000000000000e+00
461    2.4000000000000000e+01  8.2500000000000000e+00  4.5000000000000000e+00  1.0000000000000000e+00
462    1.8000000000000000e+01  8.7500000000000000e+00  4.5000000000000000e+00  1.0000000000000000e+00
463    1.8250000000000000e+01  8.7500000000000000e+00  4.5000000000000000e+00  1.0000000000000000e+00
464    1.8750000000000000e+01  8.7500000000000000e+00  4.5000000000000000e+00  1.0000000000000000e+00
465    1.9500000000000000e+01  8.7500000000000000e+00  4.5000000000000000e+00  1.0000000000000000e+00
466    2.0250000000000000e+01  8.7500000000000000e+00  4.5000000000000000e+00  1.0000000000000000e+00
467    2.1000000000000000e+01  8.7500000000000000e+00  4.5000000000000000e+00  1.0000000000000000e+00
468    2.1750000000000000e+01  8.7500000000000000e+00  4.5000000000000000e+00  1.0000000000000000e+00
469    2.2500000000000000e+01  8.7500000000000000e+00  4.5000000000000000e+00  1.0000000000000000e+00
470    2.3250000000000000e+01  8.7500000000000000e+00  4.5000000000000000e+00  1.0000000000000000e+00
471    2.3750000000000000e+01  8.7500000000000000e+00  4.5000000000000000e+00  1.0000000000000000e+00
472    2.4000000000000000e+01  8.7500000000000000e+00  4.5000000000000000e+00  1.0000000000000000e+00
473    1.8000000000000000e+01  9.0000000000000000e+00  4.5000000000000000e+00  1.0000000000000000e+00
474    1.8250000000000000e+01  9.0000000000000000e+00  4.5000000000000000e+00  1.0000000000000000e+00
475    1.8750000000000000e+01  9.0000000000000000e+00  4.5000000000000000e+00  1.0000000000000000e+00
476    1.9500000000000000e+01  9.0000000000000000e+00  4.5000000000000000e+00  1.0000000000000000e+00
477    2.0250000000000000e+01  9.0000000000000000e+00  4.5000000000000000e+00  1.0000000000000000e+00
478    2.1000000000000000e+01  9.0000000000000000e+00  4.5000000000000000e+00  1.0000000000000000e+00
479    2.1750000000000000e+01  9.0000000000000000e+00  4.5000000000000000e+00  1.0000000000000000e+00
480    2.2500000000000000e+01  9.0000000000000000e+00  4.5000000000000000e+00  1.0000000000000000e+00
481    2.3250000000000000e+01  9.0000000000000000e+00  4.5000000000000000e+00  1.0000000000000000e+00
482    2.3750000000000000e+01  9.0000000000000000e+00  4.5000000000000000e+00  1.0000000000000000e+00
483    2.4000000000000000e+01  9.0000000000000000e+00  4.5000000000000000e+00  1.0000000000000000e+00
484    1.8000000000000000e+01  3.0000000000000000e+00  5.2500000000000000e+00  1.0000000000000000e+00
485    1.8250000000000000e+01  3.0000000000000000e+00  5.2500000000000000e+00  1.0000000000000000e+00
486    1.8750000000000000e+01  3.0000000000000000e+00  5.2500000000000000e+00  1.0000000000000000e+00
487    1.9500000000000000e+01  3.0000000000000000e+00  5.2500000000000000e+00  1.0000000000000000e+00
488    2.0250000000000000e+01  3.0000000000000000e+00  5.2500000000000000e+00  1.0000000000000000e+00
489    2.1000000000000000e+01  3.0000000000000000e+00  5.2500000000000000e+00  1.0000000000000000e+00
490    2.1750000000000000e+01  3.0000000000000000e+00  5.2500000000000000e+00  1.0000000000000000e+00
491    2.2500000000000000e+01  3.0000000000000000e+00  5.2500000000000000e+00  1.0000000000000000e+00
492    2.3250000000000000e+01  3.0000000000000000e+00  5.2500000000000000e+00  1.0000000000000000e+00
493    2.3750000000000000e+01  3.0000000000000000e+00  5.2500000000000000e+00  1.0000000000000000e+00
494    2.4000000000000000e+01  3.0000000000000000e+00  5.2500000000000000e+00  1.0000000000000000e+00
495    1.8000000000000000e+01  3.2500000000000000e+00  5.2500000000000000e+00  1.0000000000000000e+00
496    1.8250000000000000e+01  3.2500000000000000e+00  5.2500000000000000e+00  1.0000000000000000e+00
497    1.8750000000000000e+01  3.2500000000000000e+00  5.2500000000000000e+00  1.0000000000000000e+00
498    1.9500000000000000e+01  3.2500000000000000e+00  5.2500000000000000e+00  1.0000000000000000e+00
499    2.0250000000000000e+01  3.2500000000000000e+00  5.2500000000000000e+00  1.0000000000000000e+00
500    2.1000000000000000e+01  3.2500000000000000e+00  5.2500000000000000e+00  1.0000000000000000e+00
501    2.1750000000000000e+01  3.2500000000000000e+00  5.2500000000000000e+00  1.0000000000000000e+00
502    2.2500000000000000e+01  3.2500000000000000e+00  5.2500000000000000e+00  1.0000000000000000e+00
503    2.3250000000000000e+01  3.2500000000000000e+00  5.2500000000000000e+00  1.0000000000000000e+00
504    2.3750000000000000e+01  3.2500000000000000e+00  5.2500000000000000e+00  1.0000000000000000e+00
505    2.4000000000000000e+01  3.2500000000000000e+00  5.2500000000000000e+00  1.0000000000000000e+00
506    1.8000000000000000e+01  3.7500000000000000e+00  5.2500000000000000e+00  1.0000000000000000e+00
507    1.8250000000000000e+01  3.7500000000000000e+00  5.2500000000000000e+00  1.0000000000000000e+00
508    1.8750000000000000e+01  3.7500000000000000e+00  5.2500000000000000e+00  1.0000000000000000e+00
509    1.9500000000000000e+01  3.7500000000000000e+00  5.2500000000000000e+00  1.0000000000000000e+00
510    2.0250000000000000e+01  3.7500000000000000e+00  5.2500000000000000e+00  1.0000000000000000e+00
511    2.1000000000000000e+01  3.7500000000000000e+00  5.2500000000000000e+00  1.0000000000000000e+00
512    2.1750000000000000e+01  3.7500000000000000e+00  5.2500000000000000e+00  1.0000000000000000e+00
513    2.2500000000000000e+01  3.7500000000000000e+00  5.2500000000000000e+00  1.0000000000000000e+00
514    2.3250000000000000e+01  3.7500000000000000e+00  5.2500000000000000e+00  1.0000000000000000e+00
515    2.3750000000000000e+01  3.7500000000000000e+00  5.2500000000000000e+00  1.0000000000000000e+00
516    2.4000000000000000e+01  3.7500000000000000e+00  5.2500000000000000e+00  1.0000000000000000e+00
517    1.8000000000000000e+01  4.5000000000000000e+00  5.2500000000000000e+00  1.0000000000000000e+00
518    1.8250000000000000e+01  4.5000000000000000e+00  5.2500000000000000e+00  1.0000000000000000e+00
519    1.8750000000000000e+01  4.5000000000000000e+00  5.2500000000000000e+00  1.0000000000000000e+00
520    1.9500000000000000e+01  4.5000000000000000e+00  5.2500000000000000e+00  1.0000000000000000e+00
521    2.0250000000000000e+01  4.5000000000000000e+00  5.2500000000000000e+00  1.0000000000000000e+00
522    2.1000000000000000e+01  4.5000000000000000e+00  5.2500000000000000e+00  1.0000000000000000e+00
523    2.1750000000000000e+01  4.5000000000000000e+00  5.2500000000000000e+00  1.0000000000000000e+00
524    2.2500000000000000e+01  4.5000000000000000e+00  5.2500000000000000e+00  1.0000000000000000e+00
525    2.3250000000000000e+01  4.5000000000000000e+00  5.2500000000000000e+00  1.0000000000000000e+00
526    2.3750000000000000e+01  4.5000000000000000e+00  5.2500000000000000e+00  1.0000000000000000e+00
527    2.4000000000000000e+01  4.5000000000000000e+00  5.2500000000000000e+00  1.0000000000000000e+00
528    1.8000000000000000e+01  5.2500000000000000e+00  5.2500000000000000e+00  1.0000000000000000e+00
529    1.8250000000000000e+01  5.2500000000000000e+00  5.2500000000000000e+00  1.0000000000000000e+00
530    1.8750000000000000e+01  5.2500000000000000e+00  5.2500000000000000e+00  1.0000000000000000e+00
531    1.9500000000000000e+01  5.2500000000000000e+00  5.2500000000000000e+00  1.0000000000000000e+00
532    2.0250000000000000e+01  5.2500000000000000e+00  5.2500000000000000e+00  1.0000000000000000e+00
533    2.1000000000000000e+01  5.2500000000000000e+00  5.2500000000000000e+00  1.0000000000000000e+00
534    2.1750000000000000e+01  5.2500000000000000e+00  5.2500000000000000e+00  1.0000000000000000e+00
535    2.2500000000000000e+01  5.2500000000000000e+00  5.2500000000000000e+00  1.0000000000000000e+00
536    2.3250000000000000e+01  5.2500000000000000e+00  5.2500000000000000e+00  1.0000000000000000e+00
537    2.3750000000000000e+01  5.2500000000000000e+00  5.2500000000000000e+00  1.0000000000000000e+00
538    2.4000000000000000e+01  5.2500000000000000e+00  5.2500000000000000e+00  1.0000000000000000e+00
539    1.8000000000000000e+01  6.0000000000000000e+00  5.2500000000000000e+00  1.0000000000000000e+00
540    1.8250000000000000e+01  6.0000000000000000e+00  5.2500000000000000e+00  1.0000000000000000e+00
541    1.8750000000000000e+01  6.0000000000000000e+00  5.2500000000000000e+00  1.0000000000000000e+00
542    1.9500000000000000e+01  6.0000000000000000e+00  5.2500000000000000e+00  1.0000000000000000e+00
543    2.0250000000000000e+01  6.0000000000000000e+00  5.2500000000000000e+00  1.0000000000000000e+00
544    2.1000000000000000e+01  6.0000000000000000e+00  5.2500000000000000e+00  1.0000000000000000e+00
545    2.1750000000000000e+01  6.0000000000000000e+00  5.2500000000000000e+00  1.0000000000000000e+00
546    2.2500000000000000e+01  6.0000000000000000e+00  5.2500000000000000e+00  1.0000000000000000e+00
547    2.3250000000000000e+01  6.0000000000000000e+00  5.2500000000000000e+00  1.0000000000000000e+00
548    2.3750000000000000e+01  6.0000000000000000e+00  5.2500000000000000e+00  1.0000000000000000e+00
549    2.4000000000000000e+01  6.0000000000000000e+00  5.2500000000000000e+00  1.0000000000000000e+00
550    1.8000000000000000e+01  6.7500000000000000e+00  5.2500000000000000e+00  1.0000000000000000e+00
551    1.8250000000000000e+01  6.7500000000000000e+00  5.2500000000000000e+00  1.0000000000000000e+00
552    1.8750000000000000e+01  6.7500000000000000e+00  5.2500000000000000e+00  1.0000000000000000e+00
553    1.9500000000000000e+01  6.7500000000000000e+00  5.2500000000000000e+00  1.0000000000000000e+00
554    2.0250000000000000e+01  6.7500000000000000e+00  5.2500000000000000e+00  1.0000000000000000e+00
555    2.1000000000000000e+01  6.7500000000000000e+00  5.2500000000000000e+00  1.0000000000000000e+00
556    2.1750000000000000e+01  6.7500000000000000e+00  5.2500000000000000e+00  1.0000000000000000e+00
557    2.2500000000000000e+01  6.7500000000000000e+00  5.2500000000000000e+00  1.0000000000000000e+00
558    2.3250000000000000e+01  6.7500000000000000e+00  5.2500000000000000e+00  1.0000000000000000e+00
559    2.3750000000000000e+01  6.7500000000000000e+00  5.2500000000000000e+00  1.0000000000000000e+00
560    2.4000000000000000e+01  6.7500000000000000e+00  5.2500000000000000e+00  1.0000000000000000e+00
561    1.8000000000000000e+01  7.5000000000000000e+00  5.2500000000000000e+00  1.0000000000000000e+00
562    1.8250000000000000e+01  7.5000000000000000e+00  5.2500000000000000e+00  1.0000000000000000e+00
563    1.8750000000000000e+01  7.5000000000000000e+00  5.2500000000000000e+00  1.0000000000000000e+00
564    1.9500000000000000e+01  7.5000000000000000e+00  5.2500000000000000e+00  1.0000000000000000e+00
565    2.0250000000000000e+01  7.5000000000000000e+00  5.2500000000000000e+00  1.0000000000000000e+00
566    2.1000000000000000e+01  7.5000000000000000e+00  5.2500000000000000e+00  1.0000000000000000e+00
567    2.1750000000000000e+01  7.5000000000000000e+00  5.2500000000000000e+00  1.0000000000000000e+00
568    2.2500000000000000e+01  7.5000000000000000e+00  5.2500000000000000e+00  1.0000000000000000e+00
569    2.3250000000000000e+01  7.5000000000000000e+00  5.2500000000000000e+00  1.0000000000000000e+00
570    2.3750000000000000e+01  7.5000000000000000e+00  5.2500000000000000e+00  1.0000000000000000e+00
571    2.4000000000000000e+01  7.5000000000000000e+00  5.2500000000000000e+00  1.0000000000000000e+00
572    1.8000000000000000e+01  8.2500000000000000e+00  5.2500000000000000e+00  1.0000000000000000e+00
573    1.8250000000000000e+01  8.2500000000000000e+00  5.2500000000000000e+00  1.0000000000000000e+00
574    1.8750000000000000e+01  8.2500000000000000e+00  5.2500000000000000e+00  1.0000000000000000e+00
575    1.9500000000000000e+01  8.2500000000000000e+00  5.2500000000000000e+00  1.0000000000000000e+00
576    2.0250000000000000e+01  8.2500000000000000e+00  5.2500000000000000e+00  1.0000000000000000e+00
577    2.1000000000000000e+01  8.2500000000000000e+00  5.2500000000000000e+00  1.0000000000000000e+00
578    2.1750000000000000e+01  8.2500000000000000e+00  5.2500000000000000e+00  1.0000000000000000e+00
579    2.2500000000000000e+01  8.2500000000000000e+00  5.2500000000000000e+00  1.0000000000000000e+00
580    2.3250000000000000e+01  8.2500000000000000e+00  5.2500000000000000e+00  1.0000000000000000e+00
581    2.3750000000000000e+01  8.2500000000000000e+00  5.2500000000000000e+00  1.0000000000000000e+00
582    2.4000000000000000e+01  8.2500000000000000e+00  5.2500000000000000e+00  1.0000000000000000e+00
583    1.8000000000000000e+01  8.7500000000000000e+00  5.2500000000000000e+00  1.0000000000000000e+00
584    1.8250000000000000e+01  8.7500000000000000e+00  5.2500000000000000e+00  1.0000000000000000e+00
585    1.8750000000000000e+01  8.7500000000000000e+00  5.2500000000000000e+00  1.0000000000000000e+00
586    1.9500000000000000e+01  8.7500000000000000e+00  5.2500000000000000e+00  1.0000000000000000e+00
587    2.0250000000000000e+01  8.7500000000000000e+00  5.2500000000000000e+00  1.0000000000000000e+00
588    2.1000000000000000e+01  8.7500000000000000e+00  5.2500000000000000e+00  1.0000000000000000e+00
589    2.1750000000000000e+01  8.7500000000000000e+00  5.2500000000000000e+00  1.0000000000000000e+00
590    2.2500000000000000e+01  8.7500000000000000e+00  5.2500000000000000e+00  1.0000000000000000e+00
591    2.3250000000000000e+01  8.7500000000000000e+00  5.2500000000000000e+00  1.0000000000000000e+00
592    2.3750000000000000e+01  8.7500000000000000e+00  5.2500000000000000e+00  1.0000000000000000e+00
593    2.4000000000000000e+01  8.7500000000000000e+00  5.2500000000000000e+00  1.0000000000000000e+00
594    1.8000000000000000e+01  9.0000000000000000e+00  5.2500000000000000e+00  1.0000000000000000e+00
595    1.8250000000000000e+01  9.0000000000000000e+00  5.2500000000000000e+00  1.0000000000000000e+00
596    1.8750000000000000e+01  9.0000000000000000e+00  5.2500000000000000e+00  1.0000000000000000e+00
597    1.9500000000000000e+01  9.0000000000000000e+00  5.2500000000000000e+00  1.0000000000000000e+00
598    2.0250000000000000e+01  9.0000000000000000e+00  5.2500000000000000e+00  1.0000000000000000e+00
599    2.1000000000000000e+01  9.0000000000000000e+00  5.2500000000000000e+00  1.0000000000000000e+00
600    2.1750000000000000e+01  9.0000000000000000e+00  5.2500000000000000e+00  1.0000000000000000e+00
601    2.2500000000000000e+01  9.0000000000000000e+00  5.2500000000000000e+00  1.0000000000000000e+00
602    2.3250000000000000e+01  9.0000000000000000e+00  5.2500000000000000e+00  1.0000000000000000e+00
603    2.3750000000000000e+01  9.0000000000000000e+00  5.2500000000000000e+00  1.0000000000000000e+00
604    2.4000000000000000e+01  9.0000000000000000e+00  5.2500000000000000e+00  1.0000000000000000e+00
605    1.8000000000000000e+01  3.0000000000000000e+00  6.0000000000000000e+00  1.0000000000000000e+00
606    1.8250000000000000e+01  3.0000000000000000e+00  6.0000000000000000e+00  1.0000000000000000e+00
607    1.8750000000000000e+01  3.0000000000000000e+00  6.0000000000000000e+00  1.0000000000000000e+00
608    1.9500000000000000e+01  3.0000000000000000e+00  6.0000000000000000e+00  1.0000000000000000e+00
609    2.0250000000000000e+01  3.0000000000000000e+00  6.0000000000000000e+00  1.0000000000000000e+00
610    2.1000000000000000e+01  3.0000000000000000e+00  6.0000000000000000e+00  1.0000000000000000e+00
611    2.1750000000000000e+01  3.0000000000000000e+00  6.0000000000000000e+00  1.0000000000000000e+00
612    2.2500000000000000e+01  3.0000000000000000e+00  6.0000000000000000e+00  1.0000000000000000e+00
613    2.3250000000000000e+01  3.0000000000000000e+00  6.0000000000000000e+00  1.0000000000000000e+00
614    2.3750000000000000e+01  3.0000000000000000e+00  6.0000000000000000e+00  1.0000000000000000e+00
615    2.4000000000000000e+01  3.0000000000000000e+00  6.0000000000000000e+00  1.0000000000000000e+00
616    1.8000000000000000e+01  3.2500000000000000e+00  6.0000000000000000e+00  1.0000000000000000e+00
617    1.8250000000000000e+01  3.2500000000000000e+00  6.0000000000000000e+00  1.0000000000000000e+00
618    1.8750000000000000e+01  3.2500000000000000e+00  6.0000000000000000e+00  1.0000000000000000e+00
619    1.9500000000000000e+01  3.2500000000000000e+00  6.0000000000000000e+00  1.0000000000000000e+00
620    2.0250000000000000e+01  3.2500000000000000e+00  6.0000000000000000e+00  1.0000000000000000e+00
621    2.1000000000000000e+01  3.2500000000000000e+00  6.0000000000000000e+00  1.0000000000000000e+00
622    2.1750000000000000e+01  3.2500000000000000e+00  6.0000000000000000e+00  1.0000000000000000e+00
623    2.2500000000000000e+01  3.2500000000000000e+00  6.0000000000000000e+00  1.0000000000000000e+00
624    2.3250000000000000e+01  3.2500000000000000e+00  6.0000000000000000e+00  1.0000000000000000e+00
625    2.3750000000000000e+01  3.2500000000000000e+00  6.0000000000000000e+00  1.0000000000000000e+00
626    2.4000000000000000e+01  3.2500000000000000e+00  6.0000000000000000e+00  1.0000000000000000e+00
627    1.8000000000000000e+01  3.7500000000000000e+00  6.0000000000000000e+00  1.0000000000000000e+00
628    1.8250000000000000e+01  3.7500000000000000e+00  6.0000000000000000e+00  1.0000000000000000e+00
629    1.8750000000000000e+01  3.7500000000000000e+00  6.0000000000000000e+00  1.0000000000000000e+00
630    1.9500000000000000e+01  3.7500000000000000e+00  6.0000000000000000e+00  1.0000000000000000e+00
631    2.0250000000000000e+01  3.7500000000000000e+00  6.0000000000000000e+00  1.0000000000000000e+00
632    2.1000000000000000e+01  3.7500000000000000e+00  6.0000000000000000e+00  1.0000000000000000e+00
633    2.1750000000000000e+01  3.7500000000000000e+00  6.0000000000000000e+00  1.0000000000000000e+00
634    2.2500000000000000e+01  3.7500000000000000e+00  6.0000000000000000e+00  1.0000000000000000e+00
635    2.3250000000000000e+01  3.7500000000000000e+00  6.0000000000000000e+00  1.0000000000000000e+00
636    2.3750000000000000e+01  3.7500000000000000e+00  6.0000000000000000e+00  1.0000000000000000e+00
637    2.4000000000000000e+01  3.7500000000000000e+00  6.0000000000000000e+00  1.0000000000000000e+00
638    1.8000000000000000e+01  4.5000000000000000e+00  6.0000000000000000e+00  1.0000000000000000e+00
639    1.8250000000000000e+01  4.5000000000000000e+00  6.0000000000000000e+00  1.0000000000000000e+00
640    1.8750000000000000e+01  4.5000000000000000e+00  6.0000000000000000e+00  1.0000000000000000e+00
641    1.9500000000000000e+01  4.5000000000000000e+00  6.0000000000000000e+00  1.0000000000000000e+00
642    2.0250000000000000e+01  4.5000000000000000e+00  6.0000000000000000e+00  1.0000000000000000e+00
643    2.1000000000000000e+01  4.5000000000000000e+00  6.0000000000000000e+00  1.0000000000000000e+00
644    2.1750000000000000e+01  4.5000000000000000e+00  6.0000000000000000e+00  1.0000000000000000e+00
645    2.2500000000000000e+01  4.5000000000000000e+00  6.0000000000000000e+00  1.0000000000000000e+00
646    2.3250000000000000e+01  4.5000000000000000e+00  6.0000000000000000e+00  1.0000000000000000e+00
647    2.3750000000000000e+01  4.5000000000000000e+00  6.0000000000000000e+00  1.0000000000000000e+00
648    2.4000000000000000e+01  4.5000000000000000e+00  6.0000000000000000e+00  1.0000000000000000e+00
649    1.8000000000000000e+01  5.2500000000000000e+00  6.0000000000000000e+00  1.0000000000000000e+00
650    1.8250000000000000e+01  5.2500000000000000e+00  6.0000000000000000e+00  1.0000000000000000e+00
651    1.8750000000000000e+01  5.2500000000000000e+00  6.0000000000000000e+00  1.0000000000000000e+00
652    1.9500000000000000e+01  5.2500000000000000e+00  6.0000000000000000e+00  1.0000000000000000e+00
653    2.0250000000000000e+01  5.2500000000000000e+00  6.0000000000000000e+00  1.0000000000000000e+00
654    2.1000000000000000e+01  5.2500000000000000e+00  6.0000000000000000e+00  1.0000000000000000e+00
655    2.1750000000000000e+01  5.2500000000000000e+00  6.0000000000000000e+00  1.0000000000000000e+00
656    2.2500000000000000e+01  5.2500000000000000e+00  6.0000000000000000e+00  1.0000000000000000e+00
657    2.3250000000000000e+01  5.2500000000000000e+00  6.0000000000000000e+00  1.0000000000000000e+00
658    2.3750000000000000e+01  5.2500000000000000e+00  6.0000000000000000e+00  1.0000000000000000e+00
659    2.4000000000000000e+01  5.2500000000000000e+00  6.0000000000000000e+00  1.0000000000000000e+00
660    1.8000000000000000e+01  6.0000000000000000e+00  6.0000000000000000e+00  1.0000000000000000e+00
661    1.8250000000000000e+01  6.0000000000000000e+00  6.0000000000000000e+00  1.0000000000000000e+00
662    1.8750000000000000e+01  6.0000000000000000e+00  6.0000000000000000e+00  1.0000000000000000e+00
663    1.9500000000000000e+01  6.0000000000000000e+00  6.0000000000000000e+00  1.0000000000000000e+00
664    2.0250000000000000e+01  6.0000000000000000e+00  6.0000000000000000e+00  1.0000000000000000e+00
665    2.1000000000000000e+01  6.0000000000000000e+00  6.0000000000000000e+00  1.0000000000000000e+00
666    2.1750000000000000e+01  6.0000000000000000e+00  6.0000000000000000e+00  1.0000000000000000e+00
667    2.2500000000000000e+01  6.0000000000000000e+00  6.0000000000000000e+00  1.0000000000000000e+00
668    2.3250000000000000e+01  6.0000000000000000e+00  6.0000000000000000e+00  1.0000000000000000e+00
669    2.3750000000000000e+01  6.0000000000000000e+00  6.0000000000000000e+00  1.0000000000000000e+00
670    2.4000000000000000e+01  6.0000000000000000e+00  6.0000000000000000e+00  1.0000000000000000e+00
671    1.8000000000000000e+01  6.7500000000000000e+00  6.0000000000000000e+00  1.0000000000000000e+00
672    1.8250000000000000e+01  6.7500000000000000e+00  6.0000000000000000e+00  1.0000000000000000e+00
673    1.8750000000000000e+01  6.7500000000000000e+00  6.0000000000000000e+00  1.0000000000000000e+00
674    1.9500000000000000e+01  6.7500000000000000e+00  6.0000000000000000e+00  1.0000000000000000e+00
675    2.0250000000000000e+01  6.7500000000000000e+00  6.0000000000000000e+00  1.0000000000000000e+00
676    2.1000000000000000e+01  6.7500000000000000e+00  6.0000000000000000e+00  1.0000000000000000e+00
677    2.1750000000000000e+01  6.7500000000000000e+00  6.0000000000000000e+00  1.0000000000000000e+00
678    2.2500000000000000e+01  6.7500000000000000e+00  6.0000000000000000e+00  1.0000000000000000e+00
679    2.3250000000000000e+01  6.7500000000000000e+00  6.0000000000000000e+00  1.0000000000000000e+00
680    2.3750000000000000e+01  6.7500000000000000e+00  6.0000000000000000e+00  1.0000000000000000e+00
681    2.4000000000000000e+01  6.7500000000000000e+00  6.0000000000000000e+00  1.0000000000000000e+00
682    1.8000000000000000e+01  7.5000000000000000e+00  6.0000000000000000e+00  1.0000000000000000e+00
683    1.8250000000000000e+01  7.5000000000000000e+00  6.0000000000000000e+00  1.0000000000000000e+00
684    1.8750000000000000e+01  7.5000000000000000e+00  6.0000000000000000e+00  1.0000000000000000e+00
685    1.9500000000000000e+01  7.5000000000000000e+00  6.0000000000000000e+00  1.0000000000000000e+00
686    2.0250000000000000e+01  7.5000000000000000e+00  6.0000000000000000e+00  1.0000000000000000e+00
687    2.1000000000000000e+01  7.5000000000000000e+00  6.0000000000000000e+00  1.0000000000000000e+00
688    2.1750000000000000e+01  7.5000000000000000e+00  6.0000000000000000e+00  1.0000000000000000e+00
689    2.2500000000000000e+01  7.5000000000000000e+00  6.0000000000000000e+00  1.0000000000000000e+00
690    2.3250000000000000e+01  7.5000000000000000e+00  6.0000000000000000e+00  1.0000000000000000e+00
691    2.3750000000000000e+01  7.5000000000000000e+00  6.0000000000000000e+00  1.0000000000000000e+00
692    2.4000000000000000e+01  7.5000000000000000e+00  6.0000000000000000e+00  1.0000000000000000e+00
693    1.8000000000000000e+01  8.2500000000000000e+00  6.0000000000000000e+00  1.0000000000000000e+00
694    1.8250000000000000e+01  8.2500000000000000e+00  6.0000000000000000e+00  1.0000000000000000e+00
695    1.8750000000000000e+01  8.2500000000000000e+00  6.0000000000000000e+00  1.0000000000000000e+00
696    1.9500000000000000e+01  8.2500000000000000e+00  6.0000000000000000e+00  1.0000000000000000e+00
697    2.0250000000000000e+01  8.2500000000000000e+00  6.0000000000000000e+00  1.0000000000000000e+00
698    2.1000000000000000e+01  8.2500000000000000e+00  6.0000000000000000e+00  1.0000000000000000e+00
699    2.1750000000000000e+01  8.2500000000000000e+00  6.0000000000000000e+00  1.0000000000000000e+00
700    2.2500000000000000e+01  8.2500000000000000e+00  6.0000000000000000e+00  1.0000000000000000e+00
701    2.3250000000000000e+01  8.2500000000000000e+00  6.0000000000000000e+00  1.0000000000000000e+00
702    2.3750000000000000e+01  8.2500000000000000e+00  6.0000000000000000e+00  1.0000000000000000e+00
703    2.4000000000000000e+01  8.2500000000000000e+00  6.0000000000000000e+00  1.0000000000000000e+00
704    1.8000000000000000e+01  8.7500000000000000e+00  6.0000000000000000e+00  1.0000000000000000e+00
705    1.8250000000000000e+01  8.7500000000000000e+00  6.0000000000000000e+00  1.0000000000000000e+00
706    1.8750000000000000e+01  8.7500000000000000e+00  6.0000000000000000e+00  1.0000000000000000e+00
707    1.9500000000000000e+01  8.7500000000000000e+00  6.0000000000000000e+00  1.0000000000000000e+00
708    2.0250000000000000e+01  8.7500000000000000e+00  6.0000000000000000e+00  1.0000000000000000e+00
709    2.1000000000000000e+01  8.7500000000000000e+00  6.0000000000000000e+00  1.0000000000000000e+00
710    2.1750000000000000e+01  8.7500000000000000e+00  6.0000000000000000e+00  1.0000000000000000e+00
711    2.2500000000000000e+01  8.7500000000000000e+00  6.0000000000000000e+00  1.0000000000000000e+00
712    2.3250000000000000e+01  8.7500000000000000e+00  6.0000000000000000e+00  1.0000000000000000e+00
713    2.3750000000000000e+01  8.7500000000000000e+00  6.0000000000000000e+00  1.0000000000000000e+00
714    2.4000000000000000e+01  8.7500000000000000e+00  6.0000000000000000e+00  1.0000000000000000e+00
715    1.8000000000000000e+01  9.0000000000000000e+00  6.0000000000000000e+00  1.0000000000000000e+00
716    1.8250000000000000e+01  9.0000000000000000e+00  6.0000000000000000e+00  1.0000000000000000e+00
717    1.8750000000000000e+01  9.0000000000000000e+00  6.0000000000000000e+00  1.0000000000000000e+00
718    1.9500000000000000e+01  9.0000000000000000e+00  6.0000000000000000e+00  1.0000000000000000e+00
719    2.0250000000000000e+01  9.0000000000000000e+00  6.0000000000000000e+00  1.0000000000000000e+00
720    2.1000000000000000e+01  9.0000000000000000e+00  6.0000000000000000e+00  1.0000000000000000e+00
721    2.1750000000000000e+01  9.0000000000000000e+00  6.0000000000000000e+00  1.0000000000000000e+00
722    2.2500000000000000e+01  9.0000000000000000e+00  6.0000000000000000e+00  1.0000000000000000e+00
723    2.3250000000000000e+01  9.0000000000000000e+00  6.0000000000000000e+00  1.0000000000000000e+00
724    2.3750000000000000e+01  9.0000000000000000e+00  6.0000000000000000e+00  1.0000000000000000e+00
725    2.4000000000000000e+01  9.0000000000000000e+00  6.0000000000000000e+00  1.0000000000000000e+00
726    1.8000000000000000e+01  3.0000000000000000e+00  6.7500000000000000e+00  1.0000000000000000e+00
727    1.8250000000000000e+01  3.0000000000000000e+00  6.7500000000000000e+00  1.0000000000000000e+00
728    1.8750000000000000e+01  3.0000000000000000e+00  6.7500000000000000e+00  1.0000000000000000e+00
729    1.9500000000000000e+01  3.0000000000000000e+00  6.7500000000000000e+00  1.0000000000000000e+00
730    2.0250000000000000e+01  3.0000000000000000e+00  6.7500000000000000e+00  1.0000000000000000e+00
731    2.1000000000000000e+01  3.0000000000000000e+00  6.7500000000000000e+00  1.0000000000000000e+00
732    2.1750000000000000e+01  3.0000000000000000e+00  6.7500000000000000e+00  1.0000000000000000e+00
733    2.2500000000000000e+01  3.0000000000000000e+00  6.7500000000000000e+00  1.0000000000000000e+00
734    2.3250000000000000e+01  3.0000000000000000e+00  6.7500000000000000e+00  1.0000000000000000e+00
735    2.3750000000000000e+01  3.0000000000000000e+00  6.7500000000000000e+00  1.0000000000000000e+00
736    2.4000000000000000e+01  3.0000000000000000e+00  6.7500000000000000e+00  1.0000000000000000e+00
737    1.8000000000000000e+01  3.2500000000000000e+00  6.7500000000000000e+00  1.0000000000000000e+00
738    1.8250000000000000e+01  3.2500000000000000e+00  6.7500000000000000e+00  1.0000000000000000e+00
739    1.8750000000000000e+01  3.2500000000000000e+00  6.7500000000000000e+00  1.0000000000000000e+00
740    1.9500000000000000e+01  3.2500000000000000e+00  6.7500000000000000e+00  1.0000000000000000e+00
741    2.0250000000000000e+01  3.2500000000000000e+00  6.7500000000000000e+00  1.0000000000000000e+00
742    2.1000000000000000e+01  3.2500000000000000e+00  6.7500000000000000e+00  1.0000000000000000e+00
743    2.1750000000000000e+01  3.2500000000000000e+00  6.7500000000000000e+00  1.0000000000000000e+00
744    2.2500000000000000e+01  3.2500000000000000e+00  6.7500000000000000e+00  1.0000000000000000e+00
745    2.3250000000000000e+01  3.2500000000000000e+00  6.7500000000000000e+00  1.0000000000000000e+00
746    2.3750000000000000e+01  3.2500000000000000e+00  6.7500000000000000e+00  1.0000000000000000e+00
747    2.4000000000000000e+01  3.2500000000000000e+00  6.7500000000000000e+00  1.0000000000000000e+00
748    1.8000000000000000e+01  3.7500000000000000e+00  6.7500000000000000e+00  1.0000000000000000e+00
749    1.8250000000000000e+01  3.7500000000000000e+00  6.7500000000000000e+00  1.0000000000000000e+00
750    1.8750000000000000e+01  3.7500000000000000e+00  6.7500000000000000e+00  1.0000000000000000e+00
751    1.9500000000000000e+01  3.7500000000000000e+00  6.7500000000000000e+00  1.0000000000000000e+00
752    2.0250000000000000e+01  3.7500000000000000e+00  6.7500000000000000e+00  1.0000000000000000e+00
753    2.1000000000000000e+01  3.7500000000000000e+00  6.7500000000000000e+00  1.0000000000000000e+00
754    2.1750000000000000e+01  3.7500000000000000e+00  6.7500000000000000e+00  1.0000000000000000e+00
755    2.2500000000000000e+01  3.7500000000000000e+00  6.7500000000000000e+00  1.0000000000000000e+00
756    2.3250000000000000e+01  3.7500000000000000e+00  6.7500000000000000e+00  1.0000000000000000e+00
757    2.3750000000000000e+01  3.7500000000000000e+00  6.7500000000000000e+00  1.0000000000000000e+00
758    2.4000000000000000e+01  3.7500000000000000e+00  6.7500000000000000e+00  1.0000000000000000e+00
759    1.8000000000000000e+01  4.5000000000000000e+00  6.7500000000000000e+00  1.0000000000000000e+00
760    1.8250000000000000e+01  4.5000000000000000e+00  6.7500000000000000e+00  1.0000000000000000e+00
761    1.8750000000000000e+01  4.5000000000000000e+00  6.7500000000000000e+00  1.0000000000000000e+00
762    1.9500000000000000e+01  4.5000000000000000e+00  6.7500000000000000e+00  1.0000000000000000e+00
763    2.0250000000000000e+01  4.5000000000000000e+00  6.7500000000000000e+00  1.0000000000000000e+00
764    2.1000000000000000e+01  4.5000000000000000e+00  6.7500000000000000e+00  1.0000000000000000e+00
765    2.1750000000000000e+01  4.5000000000000000e+00  6.7500000000000000e+00  1.0000000000000000e+00
766    2.2500000000000000e+01  4.5000000000000000e+00  6.7500000000000000e+00  1.0000000000000000e+00
767    2.3250000000000000e+01  4.5000000000000000e+00  6.7500000000000000e+00  1.0000000000000000e+00
768    2.3750000000000000e+01  4.5000000000000000e+00  6.7500000000000000e+00  1.0000000000000000e+00
769    2.4000000000000000e+01  4.5000000000000000e+00  6.7500000000000000e+00  1.0000000000000000e+00
770    1.8000000000000000e+01  5.2500000000000000e+00  6.7500000000000000e+00  1.0000000000000000e+00
771    1.8250000000000000e+01  5.2500000000000000e+00  6.7500000000000000e+00  1.0000000000000000e+00
772    1.8750000000000000e+01  5.2500000000000000e+00  6.7500000000000000e+00  1.0000000000000000e+00
773    1.9500000000000000e+01  5.2500000000000000e+00  6.7500000000000000e+00  1.0000000000000000e+00
774    2.0250000000000000e+01  5.2500000000000000e+00  6.7500000000000000e+00  1.0000000000000000e+00
775    2.1000000000000000e+01  5.2500000000000000e+00  6.7500000000000000e+00  1.0000000000000000e+00
776    2.1750000000000000e+01  5.2500000000000000e+00  6.7500000000000000e+00  1.0000000000000000e+00
777    2.2500000000000000e+01  5.2500000000000000e+00  6.7500000000000000e+00  1.0000000000000000e+00
778    2.3250000000000000e+01  5.2500000000000000e+00  6.7500000000000000e+00  1.0000000000000000e+00
779    2.3750000000000000e+01  5.2500000000000000e+00  6.7500000000000000e+00  1.0000000000000000e+00
780    2.4000000000000000e+01  5.2500000000000000e+00  6.7500000000000000e+00  1.0000000000000000e+00
781    1.8000000000000000e+01  6.0000000000000000e+00  6.7500000000000000e+00  1.0000000000000000e+00
782    1.8250000000000000e+01  6.0000000000000000e+00  6.7500000000000000e+00  1.0000000000000000e+00
783    1.8750000000000000e+01  6.0000000000000000e+00  6.7500000000000000e+00  1.0000000000000000e+00
784    1.9500000000000000e+01  6.0000000000000000e+00  6.7500000000000000e+00  1.0000000000000000e+00
785    2.0250000000000000e+01  6.0000000000000000e+00  6.7500000000000000e+00  1.0000000000000000e+00
786    2.1000000000000000e+01  6.0000000000000000e+00  6.7500000000000000e+00  1.0000000000000000e+00
787    2.1750000000000000e+01  6.0000000000000000e+00  6.7500000000000000e+00  1.0000000000000000e+00
788    2.2500000000000000e+01  6.0000000000000000e+00  6.7500000000000000e+00  1.0000000000000000e+00
789    2.3250000000000000e+01  6.0000000000000000e+00  6.7500000000000000e+00  1.0000000000000000e+00
790    2.3750000000000000e+01  6.0000000000000000e+00  6.7500000000000000e+00  1.0000000000000000e+00
791    2.4000000000000000e+01  6.0000000000000000e+00  6.7500000000000000e+00  1.0000000000000000e+00
792    1.8000000000000000e+01  6.7500000000000000e+00  6.7500000000000000e+00  1.0000000000000000e+00
793    1.8250000000000000e+01  6.7500000000000000e+00  6.7500000000000000e+00  1.0000000000000000e+00
794    1.8750000000000000e+01  6.7500000000000000e+00  6.7500000000000000e+00  1.0000000000000000e+00
795    1.9500000000000000e+01  6.7500000000000000e+00  6.7500000000000000e+00  1.0000000000000000e+00
796    2.0250000000000000e+01  6.7500000000000000e+00  6.7500000000000000e+00  1.0000000000000000e+00
797    2.1000000000000000e+01  6.7500000000000000e+00  6.7500000000000000e+00  1.0000000000000000e+00
798    2.1750000000000000e+01  6.7500000000000000e+00  6.7500000000000000e+00  1.0000000000000000e+00
799    2.2500000000000000e+01  6.7500000000000000e+00  6.7500000000000000e+00  1.0000000000000000e+00
800    2.3250000000000000e+01  6.7500000000000000e+00  6.7500000000000000e+00  1.0000000000000000e+00
801    2.3750000000000000e+01  6.7500000000000000e+00  6.7500000000000000e+00  1.0000000000000000e+00
802    2.4000000000000000e+01  6.7500000000000000e+00  6.7500000000000000e+00  1.0000000000000000e+00
803    1.8000000000000000e+01  7.5000000000000000e+00  6.7500000000000000e+00  1.0000000000000000e+00
804    1.8250000000000000e+01  7.5000000000000000e+00  6.7500000000000000e+00  1.0000000000000000e+00
805    1.8750000000000000e+01  7.5000000000000000e+00  6.7500000000000000e+00  1.0000000000000000e+00
806    1.9500000000000000e+01  7.5000000000000000e+00  6.7500000000000000e+00  1.0000000000000000e+00
807    2.0250000000000000e+01  7.5000000000000000e+00  6.7500000000000000e+00  1.0000000000000000e+00
808    2.1000000000000000e+01  7.5000000000000000e+00  6.7500000000000000e+00  1.0000000000000000e+00
809    2.1750000000000000e+01  7.5000000000000000e+00  6.7500000000000000e+00  1.0000000000000000e+00
810    2.2500000000000000e+01  7.5000000000000000e+00  6.7500000000000000e+00  1.0000000000000000e+00
811    2.3250000000000000e+01  7.5000000000000000e+00  6.7500000000000000e+00  1.0000000000000000e+00
812    2.3750000000000000e+01  7.5000000000000000e+00  6.7500000000000000e+00  1.0000000000000000e+00
813    2.4000000000000000e+01  7.5000000000000000e+00  6.7500000000000000e+00  1.0000000000000000e+00
814    1.8000000000000000e+01  8.2500000000000000e+00  6.7500000000000000e+00  1.0000000000000000e+00
815    1.8250000000000000e+01  8.2500000000000000e+00  6.7500000000000000e+00  1.0000000000000000e+00
816    1.8750000000000000e+01  8.2500000000000000e+00  6.7500000000000000e+00  1.0000000000000000e+00
817    1.9500000000000000e+01  8.2500000000000000e+00  6.7500000000000000e+00  1.0000000000000000e+00
818    2.0250000000000000e+01  8.2500000000000000e+00  6.7500000000000000e+00  1.0000000000000000e+00
819    2.1000000000000000e+01  8.2500000000000000e+00  6.7500000000000000e+00  1.0000000000000000e+00
820    2.1750000000000000e+01  8.2500000000000000e+00  6.7500000000000000e+00  1.0000000000000000e+00
821    2.2500000000000000e+01  8.2500000000000000e+00  6.7500000000000000e+00  1.0000000000000000e+00
822    2.3250000000000000e+01  8.2500000000000000e+00  6.7500000000000000e+00  1.0000000000000000e+00
823    2.3750000000000000e+01  8.2500000000000000e+00  6.7500000000000000e+00  1.0000000000000000e+00
824    2.4000000000000000e+01  8.2500000000000000e+00  6.7500000000000000e+00  1.0000000000000000e+00
825    1.8000000000000000e+01  8.7500000000000000e+00  6.7500000000000000e+00  1.0000000000000000e+00
826    1.8250000000000000e+01  8.7500000000000000e+00  6.7500000000000000e+00  1.0000000000000000e+00
827    1.8750000000000000e+01  8.7500000000000000e+00  6.7500000000000000e+00  1.0000000000000000e+00
828    1.9500000000000000e+01  8.7500000000000000e+00  6.7500000000000000e+00  1.0000000000000000e+00
829    2.0250000000000000e+01  8.7500000000000000e+00  6.7500000000000000e+00  1.0000000000000000e+00
830    2.1000000000000000e+01  8.7500000000000000e+00  6.7500000000000000e+00  1.0000000000000000e+00
831    2.1750000000000000e+01  8.7500000000000000e+00  6.7500000000000000e+00  1.0000000000000000e+00
832    2.2500000000000000e+01  8.7500000000000000e+00  6.7500000000000000e+00  1.0000000000000000e+00
833    2.3250000000000000e+01  8.7500000000000000e+00  6.7500000000000000e+00  1.0000000000000000e+00
834    2.3750000000000000e+01  8.7500000000000000e+00  6.7500000000000000e+00  1.0000000000000000e+00
835    2.4000000000000000e+01  8.7500000000000000e+00  6.7500000000000000e+00  1.0000000000000000e+00
836    1.8000000000000000e+01  9.0000000000000000e+00  6.7500000000000000e+00  1.0000000000000000e+00
837    1.8250000000000000e+01  9.0000000000000000e+00  6.7500000000000000e+00  1.0000000000000000e+00
838    1.8750000000000000e+01  9.0000000000000000e+00  6.7500000000000000e+00  1.0000000000000000e+00
839    1.9500000000000000e+01  9.0000000000000000e+00  6.7500000000000000e+00  1.0000000000000000e+00
840    2.0250000000000000e+01  9.0000000000000000e+00  6.7500000000000000e+00  1.0000000000000000e+00
841    2.1000000000000000e+01  9.0000000000000000e+00  6.7500000000000000e+00  1.0000000000000000e+00
842    2.1750000000000000e+01  9.0000000000000000e+00  6.7500000000000000e+00  1.0000000000000000e+00
843    2.2500000000000000e+01  9.0000000000000000e+00  6.7500000000000000e+00  1.0000000000000000e+00
844    2.3250000000000000e+01  9.0000000000000000e+00  6.7500000000000000e+00  1.0000000000000000e+00
845    2.3750000000000000e+01  9.0000000000000000e+00  6.7500000000000000e+00  1.0000000000000000e+00
846    2.4000000000000000e+01  9.0000000000000000e+00  6.7500000000000000e+00  1.0000000000000000e+00
847    1.8000000000000000e+01  3.0000000000000000e+00  7.5000000000000000e+00  1.0000000000000000e+00
848    1.8250000000000000e+01  3.0000000000000000e+00  7.5000000000000000e+00  1.0000000000000000e+00
849    1.8750000000000000e+01  3.0000000000000000e+00  7.5000000000000000e+00  1.0000000000000000e+00
850    1.9500000000000000e+01  3.0000000000000000e+00  7.5000000000000000e+00  1.0000000000000000e+00
851    2.0250000000000000e+01  3.0000000000000000e+00  7.5000000000000000e+00  1.0000000000000000e+00
852    2.1000000000000000e+01  3.0000000000000000e+00  7.5000000000000000e+00  1.0000000000000000e+00
853    2.1750000000000000e+01  3.0000000000000000e+00  7.5000000000000000e+00  1.0000000000000000e+00
854    2.2500000000000000e+01  3.0000000000000000e+00  7.5000000000000000e+00  1.0000000000000000e+00
855    2.3250000000000000e+01  3.0000000000000000e+00  7.5000000000000000e+00  1.0000000000000000e+00
856    2.3750000000000000e+01  3.0000000000000000e+00  7.5000000000000000e+00  1.0000000000000000e+00
857    2.4000000000000000e+01  3.0000000000000000e+00  7.5000000000000000e+00  1.0000000000000000e+00
858    1.8000000000000000e+01  3.2500000000000000e+00  7.5000000000000000e+00  1.0000000000000000e+00
859    1.8250000000000000e+01  3.2500000000000000e+00  7.5000000000000000e+00  1.0000000000000000e+00
860    1.8750000000000000e+01  3.2500000000000000e+00  7.5000000000000000e+00  1.0000000000000000e+00
861    1.9500000000000000e+01  3.2500000000000000e+00  7.5000000000000000e+00  1.0000000000000000e+00
862    2.0250000000000000e+01  3.2500000000000000e+00  7.5000000000000000e+00  1.0000000000000000e+00
863    2.1000000000000000e+01  3.2500000000000000e+00  7.5000000000000000e+00  1.0000000000000000e+00
864    2.1750000000000000e+01  3.2500000000000000e+00  7.5000000000000000e+00  1.0000000000000000e+00
865    2.2500000000000000e+01  3.2500000000000000e+00  7.5000000000000000e+00  1.0000000000000000e+00
866    2.3250000000000000e+01  3.2500000000000000e+00  7.5000000000000000e+00  1.0000000000000000e+00
867    2.3750000000000000e+01  3.2500000000000000e+00  7.5000000000000000e+00  1.0000000000000000e+00
868    2.4000000000000000e+01  3.2500000000000000e+00  7.5000000000000000e+00  1.0000000000000000e+00
869    1.8000000000000000e+01  3.7500000000000000e+00  7.5000000000000000e+00  1.0000000000000000e+00
870    1.8250000000000000e+01  3.7500000000000000e+00  7.5000000000000000e+00  1.0000000000000000e+00
871    1.8750000000000000e+01  3.7500000000000000e+00  7.5000000000000000e+00  1.0000000000000000e+00
872    1.9500000000000000e+01  3.7500000000000000e+00  7.5000000000000000e+00  1.0000000000000000e+00
873    2.0250000000000000e+01  3.7500000000000000e+00  7.5000000000000000e+00  1.0000000000000000e+00
874    2.1000000000000000e+01  3.7500000000000000e+00  7.5000000000000000e+00  1.0000000000000000e+00
875    2.1750000000000000e+01  3.7500000000000000e+00  7.5000000000000000e+00  1.0000000000000000e+00
876    2.2500000000000000e+01  3.7500000000000000e+00  7.5000000000000000e+00  1.0000000000000000e+00
877    2.3250000000000000e+01  3.7500000000000000e+00  7.5000000000000000e+00  1.0000000000000000e+00
878    2.3750000000000000e+01  3.7500000000000000e+00  7.5000000000000000e+00  1.0000000000000000e+00
879    2.4000000000000000e+01  3.7500000000000000e+00  7.5000000000000000e+00  1.0000000000000000e+00
880    1.8000000000000000e+01  4.5000000000000000e+00  7.5000000000000000e+00  1.0000000000000000e+00
881    1.8250000000000000e+01  4.5000000000000000e+00  7.5000000000000000e+00  1.0000000000000000e+00
882    1.8750000000000000e+01  4.5000000000000000e+00  7.5000000000000000e+00  1.0000000000000000e+00
883    1.9500000000000000e+01  4.5000000000000000e+00  7.5000000000000000e+00  1.0000000000000000e+00
884    2.0250000000000000e+01  4.5000000000000000e+00  7.5000000000000000e+00  1.0000000000000000e+00
885    2.1000000000000000e+01  4.5000000000000000e+00  7.5000000000000000e+00  1.0000000000000000e+00
886    2.1750000000000000e+01  4.5000000000000000e+00  7.5000000000000000e+00  1.0000000000000000e+00
887    2.2500000000000000e+01  4.5000000000000000e+00  7.5000000000000000e+00  1.0000000000000000e+00
888    2.3250000000000000e+01  4.5000000000000000e+00  7.5000000000000000e+00  1.0000000000000000e+00
889    2.3750000000000000e+01  4.5000000000000000e+00  7.5000000000000000e+00  1.0000000000000000e+00
890    2.4000000000000000e+01  4.5000000000000000e+00  7.5000000000000000e+00  1.0000000000000000e+00
891    1.8000000000000000e+01  5.2500000000000000e+00  7.5000000000000000e+00  1.0000000000000000e+00
892    1.8250000000000000e+01  5.2500000000000000e+00  7.5000000000000000e+00  1.0000000000000000e+00
893    1.8750000000000000e+01  5.2500000000000000e+00  7.5000000000000000e+00  1.0000000000000000e+00
894    1.9500000000000000e+01  5.2500000000000000e+00  7.5000000000000000e+00  1.0000000000000000e+00
895    2.0250000000000000e+01  5.2500000000000000e+00  7.5000000000000000e+00  1.0000000000000000e+00
896    2.1000000000000000e+01  5.2500000000000000e+00  7.5000000000000000e+00  1.0000000000000000e+00
897    2.1750000000000000e+01  5.2500000000000000e+00  7.5000000000000000e+00  1.0000000000000000e+00
898    2.2500000000000000e+01  5.2500000000000000e+00  7.5000000000000000e+00  1.0000000000000000e+00
899    2.3250000000000000e+01  5.2500000000000000e+00  7.5000000000000000e+00  1.0000000000000000e+00
900    2.3750000000000000e+01  5.2500000000000000e+00  7.5000000000000000e+00  1.0000000000000000e+00
901    2.4000000000000000e+01  5.2500000000000000e+00  7.5000000000000000e+00  1.0000000000000000e+00
902    1.8000000000000000e+01  6.0000000000000000e+00  7.5000000000000000e+00  1.0000000000000000e+00
903    1.8250000000000000e+01  6.0000000000000000e+00  7.5000000000000000e+00  1.0000000000000000e+00
904    1.8750000000000000e+01  6.0000000000000000e+00  7.5000000000000000e+00  1.0000000000000000e+00
905    1.9500000000000000e+01  6.0000000000000000e+00  7.5000000000000000e+00  1.0000000000000000e+00
906    2.0250000000000000e+01  6.0000000000000000e+00  7.5000000000000000e+00  1.0000000000000000e+00
907    2.1000000000000000e+01  6.0000000000000000e+00  7.5000000000000000e+00  1.0000000000000000e+00
908    2.1750000000000000e+01  6.0000000000000000e+00  7.5000000000000000e+00  1.0000000000000000e+00
909    2.2500000000000000e+01  6.0000000000000000e+00  7.5000000000000000e+00  1.0000000000000000e+00
910    2.3250000000000000e+01  6.0000000000000000e+00  7.5000000000000000e+00  1.0000000000000000e+00
911    2.3750000000000000e+01  6.0000000000000000e+00  7.5000000000000000e+00  1.0000000000000000e+00
912    2.4000000000000000e+01  6.0000000000000000e+00  7.5000000000000000e+00  1.0000000000000000e+00
913    1.8000000000000000e+01  6.7500000000000000e+00  7.5000000000000000e+00  1.0000000000000000e+00
914    1.8250000000000000e+01  6.7500000000000000e+00  7.5000000000000000e+00  1.0000000000000000e+00
915    1.8750000000000000e+01  6.7500000000000000e+00  7.5000000000000000e+00  1.0000000000000000e+00
916    1.9500000000000000e+01  6.7500000000000000e+00  7.5000000000000000e+00  1.0000000000000000e+00
917    2.0250000000000000e+01  6.7500000000000000e+00  7.5000000000000000e+00  1.0000000000000000e+00
918    2.1000000000000000e+01  6.7500000000000000e+00  7.5000000000000000e+00  1.0000000000000000e+00
919    2.1750000000000000e+01  6.7500000000000000e+00  7.5000000000000000e+00  1.0000000000000000e+00
920    2.2500000000000000e+01  6.7500000000000000e+00  7.5000000000000000e+00  1.0000000000000000e+00
921    2.3250000000000000e+01  6.7500000000000000e+00  7.5000000000000000e+00  1.0000000000000000e+00
922    2.3750000000000000e+01  6.7500000000000000e+00  7.5000000000000000e+00  1.0000000000000000e+00
923    2.4000000000000000e+01  6.7500000000000000e+00  7.5000000000000000e+00  1.0000000000000000e+00
924    1.8000000000000000e+01  7.5000000000000000e+00  7.5000000000000000e+00  1.0000000000000000e+00
925    1.8250000000000000e+01  7.5000000000000000e+00  7.5000000000000000e+00  1.0000000000000000e+00
926    1.8750000000000000e+01  7.5000000000000000e+00  7.5000000000000000e+00  1.0000000000000000e+00
927    1.9500000000000000e+01  7.5000000000000000e+00  7.5000000000000000e+00  1.0000000000000000e+00
928    2.0250000000000000e+01  7.5000000000000000e+00  7.5000000000000000e+00  1.0000000000000000e+00
929    2.1000000000000000e+01  7.5000000000000000e+00  7.5000000000000000e+00  1.0000000000000000e+00
930    2.1750000000000000e+01  7.5000000000000000e+00  7.5000000000000000e+00  1.0000000000000000e+00
931    2.2500000000000000e+01  7.5000000000000000e+00  7.5000000000000000e+00  1.0000000000000000e+00
932    2.3250000000000000e+01  7.5000000000000000e+00  7.5000000000000000e+00  1.0000000000000000e+00
933    2.3750000000000000e+01  7.5000000000000000e+00  7.5000000000000000e+00  1.0000000000000000e+00
934    2.4000000000000000e+01  7.5000000000000000e+00  7.5000000000000000e+00  1.0000000000000000e+00
935    1.8000000000000000e+01  8.2500000000000000e+00  7.5000000000000000e+00  1.0000000000000000e+00
936    1.8250000000000000e+01  8.2500000000000000e+00  7.5000000000000000e+00  1.0000000000000000e+00
937    1.8750000000000000e+01  8.2500000000000000e+00  7.5000000000000000e+00  1.0000000000000000e+00
938    1.9500000000000000e+01  8.2500000000000000e+00  7.5000000000000000e+00  1.0000000000000000e+00
939    2.0250000000000000e+01  8.2500000000000000e+00  7.5000000000000000e+00  1.0000000000000000e+00
940    2.1000000000000000e+01  8.2500000000000000e+00  7.5000000000000000e+00  1.0000000000000000e+00
941    2.1750000000000000e+01  8.2500000000000000e+00  7.5000000000000000e+00  1.0000000000000000e+00
942    2.2500000000000000e+01  8.2500000000000000e+00  7.5000000000000000e+00  1.0000000000000000e+00
943    2.3250000000000000e+01  8.2500000000000000e+00  7.5000000000000000e+00  1.0000000000000000e+00
944    2.3750000000000000e+01  8.2500000000000000e+00  7.5000000000000000e+00  1.0000000000000000e+00
945    2.4000000000000000e+01  8.2500000000000000e+00  7.5000000000000000e+00  1.0000000000000000e+00
946    1.8000000000000000e+01  8.7500000000000000e+00  7.5000000000000000e+00  1.0000000000000000e+00
947    1.8250000000000000e+01  8.7500000000000000e+00  7.5000000000000000e+00  1.0000000000000000e+00
948    1.8750000000000000e+01  8.7500000000000000e+00  7.5000000000000000e+00  1.0000000000000000e+00
949    1.9500000000000000e+01  8.7500000000000000e+00  7.5000000000000000e+00  1.0000000000000000e+00
950    2.0250000000000000e+01  8.7500000000000000e+00  7.5000000000000000e+00  1.0000000000000000e+00
951    2.1000000000000000e+01  8.7500000000000000e+00  7.5000000000000000e+00  1.0000000000000000e+00
952    2.1750000000000000e+01  8.7500000000000000e+00  7.5000000000000000e+00  1.0000000000000000e+00
953    2.2500000000000000e+01  8.7500000000000000e+00  7.5000000000000000e+00  1.0000000000000000e+00
954    2.3250000000000000e+01  8.7500000000000000e+00  7.5000000000000000e+00  1.0000000000000000e+00
955    2.3750000000000000e+01  8.7500000000000000e+00  7.5000000000000000e+00  1.0000000000000000e+00
956    2.4000000000000000e+01  8.7500000000000000e+00  7.5000000000000000e+00  1.0000000000000000e+00
957    1.8000000000000000e+01  9.0000000000000000e+00  7.5000000000000000e+00  1.0000000000000000e+00
958    1.8250000000000000e+01  9.0000000000000000e+00  7.5000000000000000e+00  1.0000000000000000e+00
959    1.8750000000000000e+01  9.0000000000000000e+00  7.5000000000000000e+00  1.0000000000000000e+00
960    1.9500000000000000e+01  9.0000000000000000e+00  7.5000000000000000e+00  1.0000000000000000e+00
961    2.0250000000000000e+01  9.0000000000000000e+00  7.5000000000000000e+00  1.0000000000000000e+00
962    2.1000000000000000e+01  9.0000000000000000e+00  7.5000000000000000e+00  1.0000000000000000e+00
963    2.1750000000000000e+01  9.0000000000000000e+00  7.5000000000000000e+00  1.0000000000000000e+00
964    2.2500000000000000e+01  9.0000000000000000e+00  7.5000000000000000e+00  1.0000000000000000e+00
965    2.3250000000000000e+01  9.0000000000000000e+00  7.5000000000000000e+00  1.0000000000000000e+00
966    2.3750000000000000e+01  9.0000000000000000e+00  7.5000000000000000e+00  1.0000000000000000e+00
967    2.4000000000000000e+01  9.0000000000000000e+00  7.5000000000000000e+00  1.0000000000000000e+00
968    1.8000000000000000e+01  3.0000000000000000e+00  8.2500000000000000e+00  1.0000000000000000e+00
969    1.8250000000000000e+01  3.0000000000000000e+00  8.2500000000000000e+00  1.0000000000000000e+00
970    1.8750000000000000e+01  3.0000000000000000e+00  8.2500000000000000e+00  1.0000000000000000e+00
971    1.9500000000000000e+01  3.0000000000000000e+00  8.2500000000000000e+00  1.0000000000000000e+00
972    2.0250000000000000e+01  3.0000000000000000e+00  8.2500000000000000e+00  1.0000000000000000e+00
973    2.1000000000000000e+01  3.0000000000000000e+00  8.2500000000000000e+00  1.0000000000000000e+00
974    2.1750000000000000e+01  3.0000000000000000e+00  8.2500000000000000e+00  1.0000000000000000e+00
975    2.2500000000000000e+01  3.0000000000000000e+00  8.2500000000000000e+00  1.0000000000000000e+00
976    2.3250000000000000e+01  3.0000000000000000e+00  8.2500000000000000e+00  1.0000000000000000e+00
977    2.3750000000000000e+01  3.0000000000000000e+00  8.2500000000000000e+00  1.0000000000000000e+00
978    2.4000000000000000e+01  3.0000000000000000e+00  8.2500000000000000e+00  1.0000000000000000e+00
979    1.8000000000000000e+01  3.2500000000000000e+00  8.2500000000000000e+00  1.0000000000000000e+00
980    1.8250000000000000e+01  3.2500000000000000e+00  8.2500000000000000e+00  1.0000000000000000e+00
981    1.8750000000000000e+01  3.2500000000000000e+00  8.2500000000000000e+00  1.0000000000000000e+00
982    1.9500000000000000e+01  3.2500000000000000e+00  8.2500000000000000e+00  1.0000000000000000e+00
983    2.0250000000000000e+01  3.2500000000000000e+00  8.2500000000000000e+00  1.0000000000000000e+00
984    2.1000000000000000e+01  3.2500000000000000e+00  8.2500000000000000e+00  1.0000000000000000e+00
985    2.1750000000000000e+01  3.2500000000000000e+00  8.2500000000000000e+00  1.0000000000000000e+00
986    2.2500000000000000e+01  3.2500000000000000e+00  8.2500000000000000e+00  1.0000000000000000e+00
987    2.3250000000000000e+01  3.2500000000000000e+00  8.2500000000000000e+00  1.0000000000000000e+00
988    2.3750000000000000e+01  3.2500000000000000e+00  8.2500000000000000e+00  1.0000000000000000e+00
989    2.4000000000000000e+01  3.2500000000000000e+00  8.2500000000000000e+00  1.0000000000000000e+00
990    1.8000000000000000e+01  3.7500000000000000e+00  8.2500000000000000e+00  1.0000000000000000e+00
991    1.8250000000000000e+01  3.7500000000000000e+00  8.2500000000000000e+00  1.0000000000000000e+00
992    1.8750000000000000e+01  3.7500000000000000e+00  8.2500000000000000e+00  1.0000000000000000e+00
993    1.9500000000000000e+01  3.7500000000000000e+00  8.2500000000000000e+00  1.0000000000000000e+00
994    2.0250000000000000e+01  3.7500000000000000e+00  8.2500000000000000e+00  1.0000000000000000e+00
995    2.1000000000000000e+01  3.7500000000000000e+00  8.2500000000000000e+00  1.0000000000000000e+00
996    2.1750000000000000e+01  3.7500000000000000e+00  8.2500000000000000e+00  1.0000000000000000e+00
997    2.2500000000000000e+01  3.7500000000000000e+00  8.2500000000000000e+00  1.0000000000000000e+00
998    2.3250000000000000e+01  3.7500000000000000e+00  8.2500000000000000e+00  1.0000000000000000e+00
999    2.3750000000000000e+01  3.7500000000000000e+00  8.2500000000000000e+00  1.0000000000000000e+00
1000   2.4000000000000000e+01  3.7500000000000000e+00  8.2500000000000000e+00  1.0000000000000000e+00
1001   1.8000000000000000e+01  4.5000000000000000e+00  8.2500000000000000e+00  1.0000000000000000e+00
1002   1.8250000000000000e+01  4.5000000000000000e+00  8.2500000000000000e+00  1.0000000000000000e+00
1003   1.8750000000000000e+01  4.5000000000000000e+00  8.2500000000000000e+00  1.0000000000000000e+00
1004   1.9500000000000000e+01  4.5000000000000000e+00  8.2500000000000000e+00  1.0000000000000000e+00
1005   2.0250000000000000e+01  4.5000000000000000e+00  8.2500000000000000e+00  1.0000000000000000e+00
1006   2.1000000000000000e+01  4.5000000000000000e+00  8.2500000000000000e+00  1.0000000000000000e+00
1007   2.1750000000000000e+01  4.5000000000000000e+00  8.2500000000000000e+00  1.0000000000000000e+00
1008   2.2500000000000000e+01  4.5000000000000000e+00  8.2500000000000000e+00  1.0000000000000000e+00
1009   2.3250000000000000e+01  4.5000000000000000e+00  8.2500000000000000e+00  1.0000000000000000e+00
1010   2.3750000000000000e+01  4.5000000000000000e+00  8.2500000000000000e+00  1.0000000000000000e+00
1011   2.4000000000000000e+01  4.5000000000000000e+00  8.2500000000000000e+00  1.0000000000000000e+00
1012   1.8000000000000000e+01  5.2500000000000000e+00  8.2500000000000000e+00  1.0000000000000000e+00
1013   1.8250000000000000e+01  5.2500000000000000e+00  8.2500000000000000e+00  1.0000000000000000e+00
1014   1.8750000000000000e+01  5.2500000000000000e+00  8.2500000000000000e+00  1.0000000000000000e+00
1015   1.9500000000000000e+01  5.2500000000000000e+00  8.2500000000000000e+00  1.0000000000000000e+00
1016   2.0250000000000000e+01  5.2500000000000000e+00  8.2500000000000000e+00  1.0000000000000000e+00
1017   2.1000000000000000e+01  5.2500000000000000e+00  8.2500000000000000e+00  1.0000000000000000e+00
1018   2.1750000000000000e+01  5.2500000000000000e+00  8.2500000000000000e+00  1.0000000000000000e+00
1019   2.2500000000000000e+01  5.2500000000000000e+00  8.2500000000000000e+00  1.0000000000000000e+00
1020   2.3250000000000000e+01  5.2500000000000000e+00  8.2500000000000000e+00  1.0000000000000000e+00
1021   2.3750000000000000e+01  5.2500000000000000e+00  8.2500000000000000e+00  1.0000000000000000e+00
1022   2.4000000000000000e+01  5.2500000000000000e+00  8.2500000000000000e+00  1.0000000000000000e+00
1023   1.8000000000000000e+01  6.0000000000000000e+00  8.2500000000000000e+00  1.0000000000000000e+00
1024   1.8250000000000000e+01  6.0000000000000000e+00  8.2500000000000000e+00  1.0000000000000000e+00
1025   1.8750000000000000e+01  6.0000000000000000e+00  8.2500000000000000e+00  1.0000000000000000e+00
1026   1.9500000000000000e+01  6.0000000000000000e+00  8.2500000000000000e+00  1.0000000000000000e+00
1027   2.0250000000000000e+01  6.0000000000000000e+00  8.2500000000000000e+00  1.0000000000000000e+00
1028   2.1000000000000000e+01  6.0000000000000000e+00  8.2500000000000000e+00  1.0000000000000000e+00
1029   2.1750000000000000e+01  6.0000000000000000e+00  8.2500000000000000e+00  1.0000000000000000e+00
1030   2.2500000000000000e+01  6.0000000000000000e+00  8.2500000000000000e+00  1.0000000000000000e+00
1031   2.3250000000000000e+01  6.0000000000000000e+00  8.2500000000000000e+00  1.0000000000000000e+00
1032   2.3750000000000000e+01  6.0000000000000000e+00  8.2500000000000000e+00  1.0000000000000000e+00
1033   2.4000000000000000e+01  6.0000000000000000e+00  8.2500000000000000e+00  1.0000000000000000e+00
1034   1.8000000000000000e+01  6.7500000000000000e+00  8.2500000000000000e+00  1.0000000000000000e+00
1035   1.8250000000000000e+01  6.7500000000000000e+00  8.2500000000000000e+00  1.0000000000000000e+00
1036   1.8750000000000000e+01  6.7500000000000000e+00  8.2500000000000000e+00  1.0000000000000000e+00
1037   1.9500000000000000e+01  6.7500000000000000e+00  8.2500000000000000e+00  1.0000000000000000e+00
1038   2.0250000000000000e+01  6.7500000000000000e+00  8.2500000000000000e+00  1.0000000000000000e+00
1039   2.1000000000000000e+01  6.7500000000000000e+00  8.2500000000000000e+00  1.0000000000000000e+00
1040   2.1750000000000000e+01  6.7500000000000000e+00  8.2500000000000000e+00  1.0000000000000000e+00
1041   2.2500000000000000e+01  6.7500000000000000e+00  8.2500000000000000e+00  1.0000000000000000e+00
1042   2.3250000000000000e+01  6.7500000000000000e+00  8.2500000000000000e+00  1.0000000000000000e+00
1043   2.3750000000000000e+01  6.7500000000000000e+00  8.2500000000000000e+00  1.0000000000000000e+00
1044   2.4000000000000000e+01  6.7500000000000000e+00  8.2500000000000000e+00  1.0000000000000000e+00
1045   1.8000000000000000e+01  7.5000000000000000e+00  8.2500000000000000e+00  1.0000000000000000e+00
1046   1.8250000000000000e+01  7.5000000000000000e+00  8.2500000000000000e+00  1.0000000000000000e+00
1047   1.8750000000000000e+01  7.5000000000000000e+00  8.2500000000000000e+00  1.0000000000000000e+00
1048   1.9500000000000000e+01  7.5000000000000000e+00  8.2500000000000000e+00  1.0000000000000000e+00
1049   2.0250000000000000e+01  7.5000000000000000e+00  8.2500000000000000e+00  1.0000000000000000e+00
1050   2.1000000000000000e+01  7.5000000000000000e+00  8.2500000000000000e+00  1.0000000000000000e+00
1051   2.1750000000000000e+01  7.5000000000000000e+00  8.2500000000000000e+00  1.0000000000000000e+00
1052   2.2500000000000000e+01  7.5000000000000000e+00  8.2500000000000000e+00  1.0000000000000000e+00
1053   2.3250000000000000e+01  7.5000000000000000e+00  8.2500000000000000e+00  1.0000000000000000e+00
1054   2.3750000000000000e+01  7.5000000000000000e+00  8.2500000000000000e+00  1.0000000000000000e+00
1055   2.4000000000000000e+01  7.5000000000000000e+00  8.2500000000000000e+00  1.0000000000000000e+00
1056   1.8000000000000000e+01  8.2500000000000000e+00  8.2500000000000000e+00  1.0000000000000000e+00
1057   1.8250000000000000e+01  8.2500000000000000e+00  8.2500000000000000e+00  1.0000000000000000e+00
1058   1.8750000000000000e+01  8.2500000000000000e+00  8.2500000000000000e+00  1.0000000000000000e+00
1059   1.9500000000000000e+01  8.2500000000000000e+00  8.2500000000000000e+00  1.0000000000000000e+00
1060   2.0250000000000000e+01  8.2500000000000000e+00  8.2500000000000000e+00  1.0000000000000000e+00
1061   2.1000000000000000e+01  8.2500000000000000e+00  8.2500000000000000e+00  1.0000000000000000e+00
1062   2.1750000000000000e+01  8.2500000000000000e+00  8.2500000000000000e+00  1.0000000000000000e+00
1063   2.2500000000000000e+01  8.2500000000000000e+00  8.2500000000000000e+00  1.0000000000000000e+00
1064   2.3250000000000000e+01  8.2500000000000000e+00  8.2500000000000000e+00  1.0000000000000000e+00
1065   2.3750000000000000e+01  8.2500000000000000e+00  8.2500000000000000e+00  1.0000000000000000e+00
1066   2.4000000000000000e+01  8.2500000000000000e+00  8.2500000000000000e+00  1.0000000000000000e+00
1067   1.8000000000000000e+01  8.7500000000000000e+00  8.2500000000000000e+00  1.0000000000000000e+00
1068   1.8250000000000000e+01  8.7500000000000000e+00  8.2500000000000000e+00  1.0000000000000000e+00
1069   1.8750000000000000e+01  8.7500000000000000e+00  8.2500000000000000e+00  1.0000000000000000e+00
1070   1.9500000000000000e+01  8.7500000000000000e+00  8.2500000000000000e+00  1.0000000000000000e+00
1071   2.0250000000000000e+01  8.7500000000000000e+00  8.2500000000000000e+00  1.0000000000000000e+00
1072   2.1000000000000000e+01  8.7500000000000000e+00  8.2500000000000000e+00  1.0000000000000000e+00
1073   2.1750000000000000e+01  8.7500000000000000e+00  8.2500000000000000e+00  1.0000000000000000e+00
1074   2.2500000000000000e+01  8.7500000000000000e+00  8.2500000000000000e+00  1.0000000000000000e+00
1075   2.3250000000000000e+01  8.7500000000000000e+00  8.2500000000000000e+00  1.0000000000000000e+00
1076   2.3750000000000000e+01  8.7500000000000000e+00  8.2500000000000000e+00  1.0000000000000000e+00
1077   2.4000000000000000e+01  8.7500000000000000e+00  8.2500000000000000e+00  1.0000000000000000e+00
1078   1.8000000000000000e+01  9.0000000000000000e+00  8.2500000000000000e+00  1.0000000000000000e+00
1079   1.8250000000000000e+01  9.0000000000000000e+00  8.2500000000000000e+00  1.0000000000000000e+00
1080   1.8750000000000000e+01  9.0000000000000000e+00  8.2500000000000000e+00  1.0000000000000000e+00
1081   1.9500000000000000e+01  9.0000000000000000e+00  8.2500000000000000e+00  1.0000000000000000e+00
1082   2.0250000000000000e+01  9.0000000000000000e+00  8.2500000000000000e+00  1.0000000000000000e+00
1083   2.1000000000000000e+01  9.0000000000000000e+00  8.2500000000000000e+00  1.0000000000000000e+00
1084   2.1750000000000000e+01  9.0000000000000000e+00  8.2500000000000000e+00  1.0000000000000000e+00
1085   2.2500000000000000e+01  9.0000000000000000e+00  8.2500000000000000e+00  1.0000000000000000e+00
1086   2.3250000000000000e+01  9.0000000000000000e+00  8.2500000000000000e+00  1.0000000000000000e+00
1087   2.3750000000000000e+01  9.0000000000000000e+00  8.2500000000000000e+00  1.0000000000000000e+00
1088   2.4000000000000000e+01  9.0000000000000000e+00  8.2500000000000000e+00  1.0000000000000000e+00
1089   1.8000000000000000e+01  3.0000000000000000e+00  8.7500000000000000e+00  1.0000000000000000e+00
1090   1.8250000000000000e+01  3.0000000000000000e+00  8.7500000000000000e+00  1.0000000000000000e+00
1091   1.8750000000000000e+01  3.0000000000000000e+00  8.7500000000000000e+00  1.0000000000000000e+00
1092   1.9500000000000000e+01  3.0000000000000000e+00  8.7500000000000000e+00  1.0000000000000000e+00
1093   2.0250000000000000e+01  3.0000000000000000e+00  8.7500000000000000e+00  1.0000000000000000e+00
1094   2.1000000000000000e+01  3.0000000000000000e+00  8.7500000000000000e+00  1.0000000000000000e+00
1095   2.1750000000000000e+01  3.0000000000000000e+00  8.7500000000000000e+00  1.0000000000000000e+00
1096   2.2500000000000000e+01  3.0000000000000000e+00  8.7500000000000000e+00  1.0000000000000000e+00
1097   2.3250000000000000e+01  3.0000000000000000e+00  8.7500000000000000e+00  1.0000000000000000e+00
1098   2.3750000000000000e+01  3.0000000000000000e+00  8.7500000000000000e+00  1.0000000000000000e+00
1099   2.4000000000000000e+01  3.0000000000000000e+00  8.7500000000000000e+00  1.0000000000000000e+00
1100   1.8000000000000000e+01  3.2500000000000000e+00  8.7500000000000000e+00  1.0000000000000000e+00
1101   1.8250000000000000e+01  3.2500000000000000e+00  8.7500000000000000e+00  1.0000000000000000e+00
1102   1.8750000000000000e+01  3.2500000000000000e+00  8.7500000000000000e+00  1.0000000000000000e+00
1103   1.9500000000000000e+01  3.2500000000000000e+00  8.7500000000000000e+00  1.0000000000000000e+00
1104   2.0250000000000000e+01  3.2500000000000000e+00  8.7500000000000000e+00  1.0000000000000000e+00
1105   2.1000000000000000e+01  3.2500000000000000e+00  8.7500000000000000e+00  1.0000000000000000e+00
1106   2.1750000000000000e+01  3.2500000000000000e+00  8.7500000000000000e+00  1.0000000000000000e+00
1107   2.2500000000000000e+01  3.2500000000000000e+00  8.7500000000000000e+00  1.0000000000000000e+00
1108   2.3250000000000000e+01  3.2500000000000000e+00  8.7500000000000000e+00  1.0000000000000000e+00
1109   2.3750000000000000e+01  3.2500000000000000e+00  8.7500000000000000e+00  1.0000000000000000e+00
1110   2.4000000000000000e+01  3.2500000000000000e+00  8.7500000000000000e+00  1.0000000000000000e+00
1111   1.8000000000000000e+01  3.7500000000000000e+00  8.7500000000000000e+00  1.0000000000000000e+00
1112   1.8250000000000000e+01  3.7500000000000000e+00  8.7500000000000000e+00  1.0000000000000000e+00
1113   1.8750000000000000e+01  3.7500000000000000e+00  8.7500000000000000e+00  1.0000000000000000e+00
1114   1.9500000000000000e+01  3.7500000000000000e+00  8.7500000000000000e+00  1.0000000000000000e+00
1115   2.0250000000000000e+01  3.7500000000000000e+00  8.7500000000000000e+00  1.0000000000000000e+00
1116   2.1000000000000000e+01  3.7500000000000000e+00  8.7500000000000000e+00  1.0000000000000000e+00
1117   2.1750000000000000e+01  3.7500000000000000e+00  8.7500000000000000e+00  1.0000000000000000e+00
1118   2.2500000000000000e+01  3.7500000000000000e+00  8.7500000000000000e+00  1.0000000000000000e+00
1119   2.3250000000000000e+01  3.7500000000000000e+00  8.7500000000000000e+00  1.0000000000000000e+00
1120   2.3750000000000000e+01  3.7500000000000000e+00  8.7500000000000000e+00  1.0000000000000000e+00
1121   2.4000000000000000e+01  3.7500000000000000e+00  8.7500000000000000e+00  1.0000000000000000e+00
1122   1.8000000000000000e+01  4.5000000000000000e+00  8.7500000000000000e+00  1.0000000000000000e+00
1123   1.8250000000000000e+01  4.5000000000000000e+00  8.7500000000000000e+00  1.0000000000000000e+00
1124   1.8750000000000000e+01  4.5000000000000000e+00  8.7500000000000000e+00  1.0000000000000000e+00
1125   1.9500000000000000e+01  4.5000000000000000e+00  8.7500000000000000e+00  1.0000000000000000e+00
1126   2.0250000000000000e+01  4.5000000000000000e+00  8.7500000000000000e+00  1.0000000000000000e+00
1127   2.1000000000000000e+01  4.5000000000000000e+00  8.7500000000000000e+00  1.0000000000000000e+00
1128   2.1750000000000000e+01  4.5000000000000000e+00  8.7500000000000000e+00  1.0000000000000000e+00
1129   2.2500000000000000e+01  4.5000000000000000e+00  8.7500000000000000e+00  1.0000000000000000e+00
1130   2.3250000000000000e+01  4.5000000000000000e+00  8.7500000000000000e+00  1.0000000000000000e+00
1131   2.3750000000000000e+01  4.5000000000000000e+00  8.7500000000000000e+00  1.0000000000000000e+00
1132   2.4000000000000000e+01  4.5000000000000000e+00  8.7500000000000000e+00  1.0000000000000000e+00
1133   1.8000000000000000e+01  5.2500000000000000e+00  8.7500000000000000e+00  1.0000000000000000e+00
1134   1.8250000000000000e+01  5.2500000000000000e+00  8.7500000000000000e+00  1.0000000000000000e+00
1135   1.8750000000000000e+01  5.2500000000000000e+00  8.7500000000000000e+00  1.0000000000000000e+00
1136   1.9500000000000000e+01  5.2500000000000000e+00  8.7500000000000000e+00  1.0000000000000000e+00
1137   2.0250000000000000e+01  5.2500000000000000e+00  8.7500000000000000e+00  1.0000000000000000e+00
1138   2.1000000000000000e+01  5.2500000000000000e+00  8.7500000000000000e+00  1.0000000000000000e+00
1139   2.1750000000000000e+01  5.2500000000000000e+00  8.7500000000000000e+00  1.0000000000000000e+00
1140   2.2500000000000000e+01  5.2500000000000000e+00  8.7500000000000000e+00  1.0000000000000000e+00
1141   2.3250000000000000e+01  5.2500000000000000e+00  8.7500000000000000e+00  1.0000000000000000e+00
1142   2.3750000000000000e+01  5.2500000000000000e+00  8.7500000000000000e+00  1.0000000000000000e+00
1143   2.4000000000000000e+01  5.2500000000000000e+00  8.7500000000000000e+00  1.0000000000000000e+00
1144   1.8000000000000000e+01  6.0000000000000000e+00  8.7500000000000000e+00  1.0000000000000000e+00
1145   1.8250000000000000e+01  6.0000000000000000e+00  8.7500000000000000e+00  1.0000000000000000e+00
1146   1.8750000000000000e+01  6.0000000000000000e+00  8.7500000000000000e+00  1.0000000000000000e+00
1147   1.9500000000000000e+01  6.0000000000000000e+00  8.7500000000000000e+00  1.0000000000000000e+00
1148   2.0250000000000000e+01  6.0000000000000000e+00  8.7500000000000000e+00  1.0000000000000000e+00
1149   2.1000000000000000e+01  6.0000000000000000e+00  8.7500000000000000e+00  1.0000000000000000e+00
1150   2.1750000000000000e+01  6.0000000000000000e+00  8.7500000000000000e+00  1.0000000000000000e+00
1151   2.2500000000000000e+01  6.0000000000000000e+00  8.7500000000000000e+00  1.0000000000000000e+00
1152   2.3250000000000000e+01  6.0000000000000000e+00  8.7500000000000000e+00  1.0000000000000000e+00
1153   2.3750000000000000e+01  6.0000000000000000e+00  8.7500000000000000e+00  1.0000000000000000e+00
1154   2.4000000000000000e+01  6.0000000000000000e+00  8.7500000000000000e+00  1.0000000000000000e+00
1155   1.8000000000000000e+01  6.7500000000000000e+00  8.7500000000000000e+00  1.0000000000000000e+00
1156   1.8250000000000000e+01  6.7500000000000000e+00  8.7500000000000000e+00  1.0000000000000000e+00
1157   1.8750000000000000e+01  6.7500000000000000e+00  8.7500000000000000e+00  1.0000000000000000e+00
1158   1.9500000000000000e+01  6.7500000000000000e+00  8.7500000000000000e+00  1.0000000000000000e+00
1159   2.0250000000000000e+01  6.7500000000000000e+00  8.7500000000000000e+00  1.0000000000000000e+00
1160   2.1000000000000000e+01  6.7500000000000000e+00  8.7500000000000000e+00  1.0000000000000000e+00
1161   2.1750000000000000e+01  6.7500000000000000e+00  8.7500000000000000e+00  1.0000000000000000e+00
1162   2.2500000000000000e+01  6.7500000000000000e+00  8.7500000000000000e+00  1.0000000000000000e+00
1163   2.3250000000000000e+01  6.7500000000000000e+00  8.7500000000000000e+00  1.0000000000000000e+00
1164   2.3750000000000000e+01  6.7500000000000000e+00  8.7500000000000000e+00  1.0000000000000000e+00
1165   2.4000000000000000e+01  6.7500000000000000e+00  8.7500000000000000e+00  1.0000000000000000e+00
1166   1.8000000000000000e+01  7.5000000000000000e+00  8.7500000000000000e+00  1.0000000000000000e+00
1167   1.8250000000000000e+01  7.5000000000000000e+00  8.7500000000000000e+00  1.0000000000000000e+00
1168   1.8750000000000000e+01  7.5000000000000000e+00  8.7500000000000000e+00  1.0000000000000000e+00
1169   1.9500000000000000e+01  7.5000000000000000e+00  8.7500000000000000e+00  1.0000000000000000e+00
1170   2.0250000000000000e+01  7.5000000000000000e+00  8.7500000000000000e+00  1.0000000000000000e+00
1171   2.1000000000000000e+01  7.5000000000000000e+00  8.7500000000000000e+00  1.0000000000000000e+00
1172   2.1750000000000000e+01  7.5000000000000000e+00  8.7500000000000000e+00  1.0000000000000000e+00
1173   2.2500000000000000e+01  7.5000000000000000e+00  8.7500000000000000e+00  1.0000000000000000e+00
1174   2.3250000000000000e+01  7.5000000000000000e+00  8.7500000000000000e+00  1.0000000000000000e+00
1175   2.3750000000000000e+01  7.5000000000000000e+00  8.7500000000000000e+00  1.0000000000000000e+00
1176   2.4000000000000000e+01  7.5000000000000000e+00  8.7500000000000000e+00  1.0000000000000000e+00
1177   1.8000000000000000e+01  8.2500000000000000e+00  8.7500000000000000e+00  1.0000000000000000e+00
1178   1.8250000000000000e+01  8.2500000000000000e+00  8.7500000000000000e+00  1.0000000000000000e+00
1179   1.8750000000000000e+01  8.2500000000000000e+00  8.7500000000000000e+00  1.0000000000000000e+00
1180   1.9500000000000000e+01  8.2500000000000000e+00  8.7500000000000000e+00  1.0000000000000000e+00
1181   2.0250000000000000e+01  8.2500000000000000e+00  8.7500000000000000e+00  1.0000000000000000e+00
1182   2.1000000000000000e+01  8.2500000000000000e+00  8.7500000000000000e+00  1.0000000000000000e+00
1183   2.1750000000000000e+01  8.2500000000000000e+00  8.7500000000000000e+00  1.0000000000000000e+00
1184   2.2500000000000000e+01  8.2500000000000000e+00  8.7500000000000000e+00  1.0000000000000000e+00
1185   2.3250000000000000e+01  8.2500000000000000e+00  8.7500000000000000e+00  1.0000000000000000e+00
1186   2.3750000000000000e+01  8.2500000000000000e+00  8.7500000000000000e+00  1.0000000000000000e+00
1187   2.4000000000000000e+01  8.2500000000000000e+00  8.7500000000000000e+00  1.0000000000000000e+00
1188   1.8000000000000000e+01  8.7500000000000000e+00  8.7500000000000000e+00  1.0000000000000000e+00
1189   1.8250000000000000e+01  8.7500000000000000e+00  8.7500000000000000e+00  1.0000000000000000e+00
1190   1.8750000000000000e+01  8.7500000000000000e+00  8.7500000000000000e+00  1.0000000000000000e+00
1191   1.9500000000000000e+01  8.7500000000000000e+00  8.7500000000000000e+00  1.0000000000000000e+00
1192   2.0250000000000000e+01  8.7500000000000000e+00  8.7500000000000000e+00  1.0000000000000000e+00
1193   2.1000000000000000e+01  8.7500000000000000e+00  8.7500000000000000e+00  1.0000000000000000e+00
1194   2.1750000000000000e+01  8.7500000000000000e+00  8.7500000000000000e+00  1.0000000000000000e+00
1195   2.2500000000000000e+01  8.7500000000000000e+00  8.7500000000000000e+00  1.0000000000000000e+00
1196   2.3250000000000000e+01  8.7500000000000000e+00  8.7500000000000000e+00  1.0000000000000000e+00
1197   2.3750000000000000e+01  8.7500000000000000e+00  8.7500000000000000e+00  1.0000000000000000e+00
1198   2.4000000000000000e+01  8.7500000000000000e+00  8.7500000000000000e+00  1.0000000000000000e+00
1199   1.8000000000000000e+01  9.0000000000000000e+00  8.7500000000000000e+00  1.0000000000000000e+00
1200   1.8250000000000000e+01  9.0000000000000000e+00  8.7500000000000000e+00  1.0000000000000000e+00
1201   1.8750000000000000e+01  9.0000000000000000e+00  8.7500000000000000e+00  1.0000000000000000e+00
1202   1.9500000000000000e+01  9.0000000000000000e+00  8.7500000000000000e+00  1.0000000000000000e+00
1203   2.0250000000000000e+01  9.0000000000000000e+00  8.7500000000000000e+00  1.0000000000000000e+00
1204   2.1000000000000000e+01  9.0000000000000000e+00  8.7500000000000000e+00  1.0000000000000000e+00
1205   2.1750000000000000e+01  9.0000000000000000e+00  8.7500000000000000e+00  1.0000000000000000e+00
1206   2.2500000000000000e+01  9.0000000000000000e+00  8.7500000000000000e+00  1.0000000000000000e+00
1207   2.3250000000000000e+01  9.0000000000000000e+00  8.7500000000000000e+00  1.0000000000000000e+00
1208   2.3750000000000000e+01  9.0000000000000000e+00  8.7500000000000000e+00  1.0000000000000000e+00
1209   2.4000000000000000e+01  9.0000000000000000e+00  8.7500000000000000e+00  1.0000000000000000e+00
1210   1.8000000000000000e+01  3.0000000000000000e+00  9.0000000000000000e+00  1.0000000000000000e+00
1211   1.8250000000000000e+01  3.0000000000000000e+00  9.0000000000000000e+00  1.0000000000000000e+00
1212   1.8750000000000000e+01  3.0000000000000000e+00  9.0000000000000000e+00  1.0000000000000000e+00
1213   1.9500000000000000e+01  3.0000000000000000e+00  9.0000000000000000e+00  1.0000000000000000e+00
1214   2.0250000000000000e+01  3.0000000000000000e+00  9.0000000000000000e+00  1.0000000000000000e+00
1215   2.1000000000000000e+01  3.0000000000000000e+00  9.0000000000000000e+00  1.0000000000000000e+00
1216   2.1750000000000000e+01  3.0000000000000000e+00  9.0000000000000000e+00  1.0000000000000000e+00
1217   2.2500000000000000e+01  3.0000000000000000e+00  9.0000000000000000e+00  1.0000000000000000e+00
1218   2.3250000000000000e+01  3.0000000000000000e+00  9.0000000000000000e+00  1.0000000000000000e+00
1219   2.3750000000000000e+01  3.0000000000000000e+00  9.0000000000000000e+00  1.0000000000000000e+00
1220   2.4000000000000000e+01  3.0000000000000000e+00  9.0000000000000000e+00  1.0000000000000000e+00
1221   1.8000000000000000e+01  3.2500000000000000e+00  9.0000000000000000e+00  1.0000000000000000e+00
1222   1.8250000000000000e+01  3.2500000000000000e+00  9.0000000000000000e+00  1.0000000000000000e+00
1223   1.8750000000000000e+01  3.2500000000000000e+00  9.0000000000000000e+00  1.0000000000000000e+00
1224   1.9500000000000000e+01  3.2500000000000000e+00  9.0000000000000000e+00  1.0000000000000000e+00
1225   2.0250000000000000e+01  3.2500000000000000e+00  9.0000000000000000e+00  1.0000000000000000e+00
1226   2.1000000000000000e+01  3.2500000000000000e+00  9.0000000000000000e+00  1.0000000000000000e+00
1227   2.1750000000000000e+01  3.2500000000000000e+00  9.0000000000000000e+00  1.0000000000000000e+00
1228   2.2500000000000000e+01  3.2500000000000000e+00  9.0000000000000000e+00  1.0000000000000000e+00
1229   2.3250000000000000e+01  3.2500000000000000e+00  9.0000000000000000e+00  1.0000000000000000e+00
1230   2.3750000000000000e+01  3.2500000000000000e+00  9.0000000000000000e+00  1.0000000000000000e+00
1231   2.4000000000000000e+01  3.2500000000000000e+00  9.0000000000000000e+00  1.0000000000000000e+00
1232   1.8000000000000000e+01  3.7500000000000000e+00  9.0000000000000000e+00  1.0000000000000000e+00
1233   1.8250000000000000e+01  3.7500000000000000e+00  9.0000000000000000e+00  1.0000000000000000e+00
1234   1.8750000000000000e+01  3.7500000000000000e+00  9.0000000000000000e+00  1.0000000000000000e+00
1235   1.9500000000000000e+01  3.7500000000000000e+00  9.0000000000000000e+00  1.0000000000000000e+00
1236   2.0250000000000000e+01  3.7500000000000000e+00  9.0000000000000000e+00  1.0000000000000000e+00
1237   2.1000000000000000e+01  3.7500000000000000e+00  9.0000000000000000e+00  1.0000000000000000e+00
1238   2.1750000000000000e+01  3.7500000000000000e+00  9.0000000000000000e+00  1.0000000000000000e+00
1239   2.2500000000000000e+01  3.7500000000000000e+00  9.0000000000000000e+00  1.0000000000000000e+00
1240   2.3250000000000000e+01  3.7500000000000000e+00  9.0000000000000000e+00  1.0000000000000000e+00
1241   2.3750000000000000e+01  3.7500000000000000e+00  9.0000000000000000e+00  1.0000000000000000e+00
1242   2.4000000000000000e+01  3.7500000000000000e+00  9.0000000000000000e+00  1.0000000000000000e+00
1243   1.8000000000000000e+01  4.5000000000000000e+00  9.0000000000000000e+00  1.0000000000000000e+00
1244   1.8250000000000000e+01  4.5000000000000000e+00  9.0000000000000000e+00  1.0000000000000000e+00
1245   1.8750000000000000e+01  4.5000000000000000e+00  9.0000000000000000e+00  1.0000000000000000e+00
1246   1.9500000000000000e+01  4.5000000000000000e+00  9.0000000000000000e+00  1.0000000000000000e+00
1247   2.0250000000000000e+01  4.5000000000000000e+00  9.0000000000000000e+00  1.0000000000000000e+00
1248   2.1000000000000000e+01  4.5000000000000000e+00  9.0000000000000000e+00  1.0000000000000000e+00
1249   2.1750000000000000e+01  4.5000000000000000e+00  9.0000000000000000e+00  1.0000000000000000e+00
1250   2.2500000000000000e+01  4.5000000000000000e+00  9.0000000000000000e+00  1.0000000000000000e+00
1251   2.3250000000000000e+01  4.5000000000000000e+00  9.0000000000000000e+00  1.0000000000000000e+00
1252   2.3750000000000000e+01  4.5000000000000000e+00  9.0000000000000000e+00  1.0000000000000000e+00
1253   2.4000000000000000e+01  4.5000000000000000e+00  9.0000000000000000e+00  1.0000000000000000e+00
1254   1.8000000000000000e+01  5.2500000000000000e+00  9.0000000000000000e+00  1.0000000000000000e+00
1255   1.8250000000000000e+01  5.2500000000000000e+00  9.0000000000000000e+00  1.0000000000000000e+00
1256   1.8750000000000000e+01  5.2500000000000000e+00  9.0000000000000000e+00  1.0000000000000000e+00
1257   1.9500000000000000e+01  5.2500000000000000e+00  9.0000000000000000e+00  1.0000000000000000e+00
1258   2.0250000000000000e+01  5.2500000000000000e+00  9.0000000000000000e+00  1.0000000000000000e+00
1259   2.1000000000000000e+01  5.2500000000000000e+00  9.0000000000000000e+00  1.0000000000000000e+00
1260   2.1750000000000000e+01  5.2500000000000000e+00  9.0000000000000000e+00  1.0000000000000000e+00
1261   2.2500000000000000e+01  5.2500000000000000e+00  9.0000000000000000e+00  1.0000000000000000e+00
1262   2.3250000000000000e+01  5.2500000000000000e+00  9.0000000000000000e+00  1.0000000000000000e+00
1263   2.3750000000000000e+01  5.2500000000000000e+00  9.0000000000000000e+00  1.0000000000000000e+00
1264   2.4000000000000000e+01  5.2500000000000000e+00  9.0000000000000000e+00  1.0000000000000000e+00
1265   1.8000000000000000e+01  6.0000000000000000e+00  9.0000000000000000e+00  1.0000000000000000e+00
1266   1.8250000000000000e+01  6.0000000000000000e+00  9.0000000000000000e+00  1.0000000000000000e+00
1267   1.8750000000000000e+01  6.0000000000000000e+00  9.0000000000000000e+00  1.0000000000000000e+00
1268   1.9500000000000000e+01  6.0000000000000000e+00  9.0000000000000000e+00  1.0000000000000000e+00
1269   2.0250000000000000e+01  6.0000000000000000e+00  9.0000000000000000e+00  1.0000000000000000e+00
1270   2.1000000000000000e+01  6.0000000000000000e+00  9.0000000000000000e+00  1.0000000000000000e+00
1271   2.1750000000000000e+01  6.0000000000000000e+00  9.0000000000000000e+00  1.0000000000000000e+00
1272   2.2500000000000000e+01  6.0000000000000000e+00  9.0000000000000000e+00  1.0000000000000000e+00
1273   2.3250000000000000e+01  6.0000000000000000e+00  9.0000000000000000e+00  1.0000000000000000e+00
1274   2.3750000000000000e+01  6.0000000000000000e+00  9.0000000000000000e+00  1.0000000000000000e+00
1275   2.4000000000000000e+01  6.0000000000000000e+00  9.0000000000000000e+00  1.0000000000000000e+00
1276   1.8000000000000000e+01  6.7500000000000000e+00  9.0000000000000000e+00  1.0000000000000000e+00
1277   1.8250000000000000e+01  6.7500000000000000e+00  9.0000000000000000e+00  1.0000000000000000e+00
1278   1.8750000000000000e+01  6.7500000000000000e+00  9.0000000000000000e+00  1.0000000000000000e+00
1279   1.9500000000000000e+01  6.7500000000000000e+00  9.0000000000000000e+00  1.0000000000000000e+00
1280   2.0250000000000000e+01  6.7500000000000000e+00  9.0000000000000000e+00  1.0000000000000000e+00
1281   2.1000000000000000e+01  6.7500000000000000e+00  9.0000000000000000e+00  1.0000000000000000e+00
1282   2.1750000000000000e+01  6.7500000000000000e+00  9.0000000000000000e+00  1.0000000000000000e+00
1283   2.2500000000000000e+01  6.7500000000000000e+00  9.0000000000000000e+00  1.0000000000000000e+00
1284   2.3250000000000000e+01  6.7500000000000000e+00  9.0000000000000000e+00  1.0000000000000000e+00
1285   2.3750000000000000e+01  6.7500000000000000e+00  9.0000000000000000e+00  1.0000000000000000e+00
1286   2.4000000000000000e+01  6.7500000000000000e+00  9.0000000000000000e+00  1.0000000000000000e+00
1287   1.8000000000000000e+01  7.5000000000000000e+00  9.0000000000000000e+00  1.0000000000000000e+00
1288   1.8250000000000000e+01  7.5000000000000000e+00  9.0000000000000000e+00  1.0000000000000000e+00
1289   1.8750000000000000e+01  7.5000000000000000e+00  9.0000000000000000e+00  1.0000000000000000e+00
1290   1.9500000000000000e+01  7.5000000000000000e+00  9.0000000000000000e+00  1.0000000000000000e+00
1291   2.0250000000000000e+01  7.5000000000000000e+00  9.0000000000000000e+00  1.0000000000000000e+00
1292   2.1000000000000000e+01  7.5000000000000000e+00  9.0000000000000000e+00  1.0000000000000000e+00
1293   2.1750000000000000e+01  7.5000000000000000e+00  9.0000000000000000e+00  1.0000000000000000e+00
1294   2.2500000000000000e+01  7.5000000000000000e+00  9.0000000000000000e+00  1.0000000000000000e+00
1295   2.3250000000000000e+01  7.5000000000000000e+00  9.0000000000000000e+00  1.0000000000000000e+00
1296   2.3750000000000000e+01  7.5000000000000000e+00  9.0000000000000000e+00  1.0000000000000000e+00
1297   2.4000000000000000e+01  7.5000000000000000e+00  9.0000000000000000e+00  1.0000000000000000e+00
1298   1.8000000000000000e+01  8.2500000000000000e+00  9.0000000000000000e+00  1.0000000000000000e+00
1299   1.8250000000000000e+01  8.2500000000000000e+00  9.0000000000000000e+00  1.0000000000000000e+00
1300   1.8750000000000000e+01  8.2500000000000000e+00  9.0000000000000000e+00  1.0000000000000000e+00
1301   1.9500000000000000e+01  8.2500000000000000e+00  9.0000000000000000e+00  1.0000000000000000e+00
1302   2.0250000000000000e+01  8.2500000000000000e+00  9.0000000000000000e+00  1.0000000000000000e+00
1303   2.1000000000000000e+01  8.2500000000000000e+00  9.0000000000000000e+00  1.0000000000000000e+00
1304   2.1750000000000000e+01  8.2500000000000000e+00  9.0000000000000000e+00  1.0000000000000000e+00
1305   2.2500000000000000e+01  8.2500000000000000e+00  9.0000000000000000e+00  1.0000000000000000e+00
1306   2.3250000000000000e+01  8.2500000000000000e+00  9.0000000000000000e+00  1.0000000000000000e+00
1307   2.3750000000000000e+01  8.2500000000000000e+00  9.0000000000000000e+00  1.0000000000000000e+00
1308   2.4000000000000000e+01  8.2500000000000000e+00  9.0000000000000000e+00  1.0000000000000000e+00
1309   1.8000000000000000e+01  8.7500000000000000e+00  9.0000000000000000e+00  1.0000000000000000e+00
1310   1.8250000000000000e+01  8.7500000000000000e+00  9.0000000000000000e+00  1.0000000000000000e+00
1311   1.8750000000000000e+01  8.7500000000000000e+00  9.0000000000000000e+00  1.0000000000000000e+00
1312   1.9500000000000000e+01  8.7500000000000000e+00  9.0000000000000000e+00  1.0000000000000000e+00
1313   2.0250000000000000e+01  8.7500000000000000e+00  9.0000000000000000e+00  1.0000000000000000e+00
1314   2.1000000000000000e+01  8.7500000000000000e+00  9.0000000000000000e+00  1.0000000000000000e+00
1315   2.1750000000000000e+01  8.7500000000000000e+00  9.0000000000000000e+00  1.0000000000000000e+00
1316   2.2500000000000000e+01  8.7500000000000000e+00  9.0000000000000000e+00  1.0000000000000000e+00
1317   2.3250000000000000e+01  8.7500000000000000e+00  9.0000000000000000e+00  1.0000000000000000e+00
1318   2.3750000000000000e+01  8.7500000000000000e+00  9.0000000000000000e+00  1.0000000000000000e+00
1319   2.4000000000000000e+01  8.7500000000000000e+00  9.0000000000000000e+00  1.0000000000000000e+00
1320   1.8000000000000000e+01  9.0000000000000000e+00  9.0000000000000000e+00  1.0000000000000000e+00
1321   1.8250000000000000e+01  9.0000000000000000e+00  9.0000000000000000e+00  1.0000000000000000e+00
1322   1.8750000000000000e+01  9.0000000000000000e+00  9.0000000000000000e+00  1.0000000000000000e+00
1323   1.9500000000000000e+01  9.0000000000000000e+00  9.0000000000000000e+00  1.0000000000000000e+00
1324   2.0250000000000000e+01  9.0000000000000000e+00  9.0000000000000000e+00  1.0000000000000000e+00
1325   2.1000000000000000e+01  9.0000000000000000e+00  9.0000000000000000e+00  1.0000000000000000e+00
1326   2.1750000000000000e+01  9.0000000000000000e+00  9.0000000000000000e+00  1.0000000000000000e+00
1327   2.2500000000000000e+01  9.0000000000000000e+00  9.0000000000000000e+00  1.0000000000000000e+00
1328   2.3250000000000000e+01  9.0000000000000000e+00  9.0000000000000000e+00  1.0000000000000000e+00
1329   2.3750000000000000e+01  9.0000000000000000e+00  9.0000000000000000e+00  1.0000000000000000e+00
1330   2.4000000000000000e+01  9.0000000000000000e+00  9.0000000000000000e+00  1.0000000000000000e+00

0     0     0.000000e+00
1     0     0.000000e+00
2     0     0.000000e+00
3     0     0.000000e+00
4     0     0.000000e+00
5     0     0.000000e+00
6     0     0.000000e+00
7     0     0.000000e+00
8     0     0.000000e+00
9     0     0.000000e+00
11    0     0.000000e+00
12    0     0.000000e+00
13    0     0.000000e+00
14    0     0.000000e+00
15    0     0.000000e+00
16    0     0.000000e+00
17    0     0.000000e+00
18    0     0.000000e+00
19    0     0.000000e+00
20    0     0.000000e+00
22    0     0.000000e+00
23    0     0.000000e+00
24    0     0.000000e+00
25    0     0.000000e+00
26    0     0.000000e+00
27    0     0.000000e+00
28    0     0.000000e+00
29    0     0.000000e+00
30    0     0.000000e+00
31    0     0.000000e+00
33    0     0.000000e+00
34    0     0.000000e+00
35    0     0.000000e+00
36    0     0.000000e+00
37    0     0.000000e+00
38    0     0.000000e+00
39    0     0.000000e+00
40    0     0.000000e+00
41    0     0.000000e+00
42    0     0.000000e+00
44    0     0.000000e+00
45    0     0.000000e+00
46    0     0.000000e+00
47    0     0.000000e+00
48    0     0.000000e+00
49    0     0.000000e+00
50    0     0.000000e+00
51    0     0.000000e+00
52    0     0.000000e+00
53    0     0.000000e+00
55    0     0.000000e+00
56    0     0.000000e+00
57    0     0.000000e+00
58    0     0.000000e+00
59    0     0.000000e+00
60    0     0.000000e+00
61    0     0.000000e+00
62    0     0.000000e+00
63    0     0.000000e+00
64    0     0.000000e+00
66    0     0.000000e+00
67    0     0.000000e+00
68    0     0.000000e+00
69    0     0.000000e+00
70    0     0.000000e+00
71    0     0.000000e+00
72    0     0.000000e+00
73    0     0.000000e+00
74    0     0.000000e+00
75    0     0.000000e+00
77    0     0.000000e+00
78    0     0.000000e+00
79    0     0.000000e+00
80    0     0.000000e+00
81    0     0.000000e+00
82    0     0.000000e+00
83    0     0.000000e+00
84    0     0.000000e+00
85    0     0.000000e+00
86    0     0.000000e+00
88    0     0.000000e+00
89    0     0.000000e+00
90    0     0.000000e+00
91    0     0.000000e+00
92    0     0.000000e+00
93    0     0.000000e+00
94    0     0.000000e+00
95    0     0.000000e+00
96    0     0.000000e+00
97    0     0.000000e+00
99    0     0.000000e+00
100   0     0.000000e+00
101   0     0.000000e+00
102   0     0.000000e+00
103   0     0.000000e+00
104   0     0.000000e+00
105   0     0.000000e+00
106   0     0.000000e+00
107   0     0.000000e+00
108   0     0.000000e+00
110   0     0.000000e+00
111   0     0.000000e+00
112   0     0.000000e+00
113   0     0.000000e+00
114   0     0.000000e+00
115   0     0.000000e+00
116   0     0.000000e+00
117   0     0.000000e+00
118   0     0.000000e+00
119   0     0.000000e+00
121   0     0.000000e+00
122   0     0.000000e+00
123   0     0.000000e+00
124   0     0.000000e+00
125   0     0.000000e+00
126   0     0.000000e+00
127   0     0.000000e+00
128   0     0.000000e+00
129   0     0.000000e+00
130   0     0.000000e+00
132   0     0.000000e+00
143   0     0.000000e+00
154   0     0.000000e+00
165   0     0.000000e+00
176   0     0.000000e+00
187   0     0.000000e+00
198   0     0.000000e+00
209   0     0.000000e+00
220   0     0.000000e+00
231   0     0.000000e+00
232   0     0.000000e+00
233   0     0.000000e+00
234   0     0.000000e+00
235   0     0.000000e+00
236   0     0.000000e+00
237   0     0.000000e+00
238   0     0.000000e+00
239   0     0.000000e+00
240   0     0.000000e+00
242   0     0.000000e+00
243   0     0.000000e+00
244   0     0.000000e+00
245   0     0.000000e+00
246   0     0.000000e+00
247   0     0.000000e+00
248   0     0.000000e+00
249   0     0.000000e+00
250   0     0.000000e+00
251   0     0.000000e+00
253   0     0.000000e+00
264   0     0.000000e+00
275   0     0.000000e+00
286   0     0.000000e+00
297   0     0.000000e+00
308   0     0.000000e+00
319   0     0.000000e+00
330   0     0.000000e+00
341   0     0.000000e+00
352   0     0.000000e+00
353   0     0.000000e+00
354   0     0.000000e+00
355   0     0.000000e+00
356   0     0.000000e+00
357   0     0.000000e+00
358   0     0.000000e+00
359   0     0.000000e+00
360   0     0.000000e+00
361   0     0.000000e+00
363   0     0.000000e+00
364   0     0.000000e+00
365   0     0.000000e+00
366   0     0.000000e+00
367   0     0.000000e+00
368   0     0.000000e+00
369   0     0.000000e+00
370   0     0.000000e+00
371   0     0.000000e+00
372   0     0.000000e+00
374   0     0.000000e+00
385   0     0.000000e+00
396   0     0.000000e+00
407   0     0.000000e+00
418   0     0.000000e+00
429   0     0.000000e+00
440   0     0.000000e+00
451   0     0.000000e+00
462   0     0.000000e+00
473   0     0.000000e+00
474   0     0.000000e+00
475   0     0.000000e+00
476   0     0.000000e+00
477   0     0.000000e+00
478   0     0.000000e+00
479   0     0.000000e+00
480   0     0.000000e+00
481   0     0.000000e+00
482   0     0.000000e+00
484   0     0.000000e+00
485   0     0.000000e+00
486   0     0.000000e+00
487   0     0.000000e+00
488   0     0.000000e+00
489   0     0.000000e+00
490   0     0.000000e+00
491   0     0.000000e+00
492   0     0.000000e+00
493   0     0.000000e+00
495   0     0.000000e+00
506   0     0.000000e+00
517   0     0.000000e+00
528   0     0.000000e+00
539   0     0.000000e+00
550   0     0.000000e+00
561   0     0.000000e+00
572   0     0.000000e+00
583   0     0.000000e+00
594   0     0.000000e+00
595   0     0.000000e+00
596   0     0.000000e+00
597   0     0.000000e+00
598   0     0.000000e+00
599   0     0.000000e+00
600   0     0.000000e+00
601   0     0.000000e+00
602   0     0.000000e+00
603   0     0.000000e+00
605   0     0.000000e+00
606   0     0.000000e+00
607   0     0.000000e+00
608   0     0.000000e+00
609   0     0.000000e+00
610   0     0.000000e+00
611   0     0.000000e+00
612   0     0.000000e+00
613   0     0.000000e+00
614   0     0.000000e+00
616   0     0.000000e+00
627   0     0.000000e+00
638   0     0.000000e+00
649   0     0.000000e+00
660   0     0.000000e+00
671   0     0.000000e+00
682   0     0.000000e+00
693   0     0.000000e+00
704   0     0.000000e+00
715   0     0.000000e+00
716   0     0.000000e+00
717   0     0.000000e+00
718   0     0.000000e+00
719   0     0.000000e+00
720   0     0.000000e+00
721   0     0.000000e+00
722   0     0.000000e+00
723   0     0.000000e+00
724   0     0.000000e+00
726   0     0.000000e+00
727   0     0.000000e+00
728   0     0.000000e+00
729   0     0.000000e+00
730   0     0.000000e+00
731   0     0.000000e+00
732   0     0.000000e+00
733   0     0.000000e+00
734   0     0.000000e+00
735   0     0.000000e+00
737   0     0.000000e+00
748   0     0.000000e+00
759   0     0.000000e+00
770   0     0.000000e+00
781   0     0.000000e+00
792   0     0.000000e+00
803   0     0.000000e+00
814   0     0.000000e+00
825   0     0.000000e+00
836   0     0.000000e+00
837   0     0.000000e+00
838   0     0.000000e+00
839   0     0.000000e+00
840   0     0.000000e+00
841   0     0.000000e+00
842   0     0.000000e+00
843   0     0.000000e+00
844   0     0.000000e+00
845   0     0.000000e+00
847   0     0.000000e+00
848   0     0.000000e+00
849   0     0.000000e+00
850   0     0.000000e+00
851   0     0.000000e+00
852   0     0.000000e+00
853   0     0.000000e+00
854   0     0.000000e+00
855   0     0.000000e+00
856   0     0.000000e+00
858   0     0.000000e+00
869   0     0.000000e+00
880   0     0.000000e+00
891   0     0.000000e+00
902   0     0.000000e+00
913   0     0.000000e+00
924   0     0.000000e+00
935   0     0.000000e+00
946   0     0.000000e+00
957   0     0.000000e+00
958   0     0.000000e+00
959   0     0.000000e+00
960   0     0.000000e+00
961   0     0.000000e+00
962   0     0.000000e+00
963   0     0.000000e+00
964   0     0.000000e+00
965   0     0.000000e+00
966   0     0.000000e+00
968   0     0.000000e+00
969   0     0.000000e+00
970   0     0.000000e+00
971   0     0.000000e+00
972   0     0.000000e+00
973   0     0.000000e+00
974   0     0.000000e+00
975   0     0.000000e+00
976   0     0.000000e+00
977   0     0.000000e+00
979   0     0.000000e+00
990   0     0.000000e+00
1001  0     0.000000e+00
1012  0     0.000000e+00
1023  0     0.000000e+00
1034  0     0.000000e+00
1045  0     0.000000e+00
1056  0     0.000000e+00
1067  0     0.000000e+00
1078  0     0.000000e+00
1079  0     0.000000e+00
1080  0     0.000000e+00
1081  0     0.000000e+00
1082  0     0.000000e+00
1083  0     0.000000e+00
1084  0     0.000000e+00
1085  0     0.000000e+00
1086  0     0.000000e+00
1087  0     0.000000e+00
1089  0     0.000000e+00
1090  0     0.000000e+00
1091  0     0.000000e+00
1092  0     0.000000e+00
1093  0     0.000000e+00
1094  0     0.000000e+00
1095  0     0.000000e+00
1096  0     0.000000e+00
1097  0     0.000000e+00
1098  0     0.000000e+00
1100  0     0.000000e+00
1111  0     0.000000e+00
1122  0     0.000000e+00
1133  0     0.000000e+00
1144  0     0.000000e+00
1155  0     0.000000e+00
1166  0     0.000000e+00
1177  0     0.000000e+00
1188  0     0.000000e+00
1199  0     0.000000e+00
1200  0     0.000000e+00
1201  0     0.000000e+00
1202  0     0.000000e+00
1203  0     0.000000e+00
1204  0     0.000000e+00
1205  0     0.000000e+00
1206  0     0.000000e+00
1207  0     0.000000e+00
1208  0     0.000000e+00
1210  0     0.000000e+00
1211  0     0.000000e+00
1212  0     0.000000e+00
1213  0     0.000000e+00
1214  0     0.000000e+00
1215  0     0.000000e+00
1216  0     0.000000e+00
1217  0     0.000000e+00
1218  0     0.000000e+00
1219  0     0.000000e+00
1221  0     0.000000e+00
1222  0     0.000000e+00
1223  0     0.000000e+00
1224  0     0.000000e+00
1225  0     0.000000e+00
1226  0     0.000000e+00
1227  0     0.000000e+00
1228  0     0.000000e+00
1229  0     0.000000e+00
1230  0     0.000000e+00
1232  0     0.000000e+00
1233  0     0.000000e+00
1234  0     0.000000e+00
1235  0     0.000000e+00
1236  0     0.000000e+00
1237  0     0.000000e+00
1238  0     0.000000e+00
1239  0     0.000000e+00
1240  0     0.000000e+00
1241  0     0.000000e+00
1243  0     0.000000e+00
1244  0     0.000000e+00
1245  0     0.000000e+00
1246  0     0.000000e+00
1247  0     0.000000e+00
1248  0     0.000000e+00
1249  0     0.000000e+00
1250  0     0.000000e+00
1251  0     0.000000e+00
1252  0     0.000000e+00
1254  0     0.000000e+00
1255  0     0.000000e+00
1256  0     0.000000e+00
1257  0     0.000000e+00
1258  0     0.000000e+00
1259  0     0.000000e+00
1260  0     0.000000e+00
1261  0     0.000000e+00
1262  0     0.000000e+00
1263  0     0.000000e+00
1265  0     0.000000e+00
1266  0     0.000000e+00
1267  0     0.000000e+00
1268  0     0.000000e+00
1269  0     0.000000e+00
1270  0     0.000000e+00
1271  0     0.000000e+00
1272  0     0.000000e+00
1273  0     0.000000e+00
1274  0     0.000000e+00
1276  0     0.000000e+00
1277  0     0.000000e+00
1278  0     0.000000e+00
1279  0     0.000000e+00
1280  0     0.000000e+00
1281  0     0.000000e+00
1282  0     0.000000e+00
1283  0     0.000000e+00
1284  0     0.000000e+00
1285  0     0.000000e+00
1287  0     0.000000e+00
1288  0     0.000000e+00
1289  0     0.000000e+00
1290  0     0.000000e+00
1291  0     0.000000e+00
1292  0     0.000000e+00
1293  0     0.000000e+00
1294  0     0.000000e+00
1295  0     0.000000e+00
1296  0     0.000000e+00
1298  0     0.000000e+00
1299  0     0.000000e+00
1300  0     0.000000e+00
1301  0     0.000000e+00
1302  0     0.000000e+00
1303  0     0.000000e+00
1304  0     0.000000e+00
1305  0     0.000000e+00
1306  0     0.000000e+00
1307  0     0.000000e+00
1309  0     0.000000e+00
1310  0     0.000000e+00
1311  0     0.000000e+00
1312  0     0.000000e+00
1313  0     0.000000e+00
1314  0     0.000000e+00
1315  0     0.000000e+00
1316  0     0.000000e+00
1317  0     0.000000e+00
1318  0     0.000000e+00
1320  0     0.000000e+00
1321  0     0.000000e+00
1322  0     0.000000e+00
1323  0     0.000000e+00
1324  0     0.000000e+00
1325  0     0.000000e+00
1326  0     0.000000e+00
1327  0     0.000000e+00
1328  0     0.000000e+00
1329  0     0.000000e+00
0     1     0.000000e+00
1     1     0.000000e+00
2     1     0.000000e+00
3     1     0.000000e+00
4     1     0.000000e+00
5     1     0.000000e+00
6     1     0.000000e+00
7     1     0.000000e+00
8     1     0.000000e+00
9     1     0.000000e+00
11    1     0.000000e+00
12    1     0.000000e+00
13    1     0.000000e+00
14    1     0.000000e+00
15    1     0.000000e+00
16    1     0.000000e+00
17    1     0.000000e+00
18    1     0.000000e+00
19    1     0.000000e+00
20    1     0.000000e+00
22    1     0.000000e+00
23    1     0.000000e+00
24    1     0.000000e+00
25    1     0.000000e+00
26    1     0.000000e+00
27    1     0.000000e+00
28    1     0.000000e+00
29    1     0.000000e+00
30    1     0.000000e+00
31    1     0.000000e+00
33    1     0.000000e+00
34    1     0.000000e+00
35    1     0.000000e+00
36    1     0.000000e+00
37    1     0.000000e+00
38    1     0.000000e+00
39    1     0.000000e+00
40    1     0.000000e+00
41    1     0.000000e+00
42    1     0.000000e+00
44    1     0.000000e+00
45    1     0.000000e+00
46    1     0.000000e+00
47    1     0.000000e+00
48    1     0.000000e+00
49    1     0.000000e+00
50    1     0.000000e+00
51    1     0.000000e+00
52    1     0.000000e+00
53    1     0.000000e+00
55    1     0.000000e+00
56    1     0.000000e+00
57    1     0.000000e+00
58    1     0.000000e+00
59    1     0.000000e+00
60    1     0.000000e+00
61    1     0.000000e+00
62    1     0.000000e+00
63    1     0.000000e+00
64    1     0.000000e+00
66    1     0.000000e+00
67    1     0.000000e+00
68    1     0.000000e+00
69    1     0.000000e+00
70    1     0.000000e+00
71    1     0.000000e+00
72    1     0.000000e+00
73    1     0.000000e+00
74    1     0.000000e+00
75    1     0.000000e+00
77    1     0.000000e+00
78    1     0.000000e+00
79    1     0.000000e+00
80    1     0.000000e+00
81    1     0.000000e+00
82    1     0.000000e+00
83    1     0.000000e+00
84    1     0.000000e+00
85    1     0.000000e+00
86    1     0.000000e+00
88    1     0.000000e+00
89    1     0.000000e+00
90    1     0.000000e+00
91    1     0.000000e+00
92    1     0.000000e+00
93    1     0.000000e+00
94    1     0.000000e+00
95    1     0.000000e+00
96    1     0.000000e+00
97    1     0.000000e+00
99    1     0.000000e+00
100   1     0.000000e+00
101   1     0.000000e+00
102   1     0.000000e+00
103   1     0.000000e+00
104   1     0.000000e+00
105   1     0.000000e+00
106   1     0.000000e+00
107   1     0.000000e+00
108   1     0.000000e+00
110   1     0.000000e+00
111   1     0.000000e+00
112   1     0.000000e+00
113   1     0.000000e+00
114   1     0.000000e+00
115   1     0.000000e+00
116   1     0.000000e+00
117   1     0.000000e+00
118   1     0.000000e+00
119   1     0.000000e+00
121   1     0.000000e+00
122   1     0.000000e+00
123   1     0.000000e+00
124   1     0.000000e+00
125   1     0.000000e+00
126   1     0.000000e+00
127   1     0.000000e+00
128   1     0.000000e+00
129   1     0.000000e+00
130   1     0.000000e+00
132   1     0.000000e+00
143   1     0.000000e+00
154   1     0.000000e+00
165   1     0.000000e+00
176   1     0.000000e+00
187   1     0.000000e+00
198   1     0.000000e+00
209   1     0.000000e+00
220   1     0.000000e+00
231   1     0.000000e+00
232   1     0.000000e+00
233   1     0.000000e+00
234   1     0.000000e+00
235   1     0.000000e+00
236   1     0.000000e+00
237   1     0.000000e+00
238   1     0.000000e+00
239   1     0.000000e+00
240   1     0.000000e+00
242   1     0.000000e+00
243   1     0.000000e+00
244   1     0.000000e+00
245   1     0.000000e+00
246   1     0.000000e+00
247   1     0.000000e+00
248   1     0.000000e+00
249   1     0.000000e+00
250   1     0.000000e+00
251   1     0.000000e+00
253   1     0.000000e+00
264   1     0.000000e+00
275   1     0.000000e+00
286   1     0.000000e+00
297   1     0.000000e+00
308   1     0.000000e+00
319   1     0.000000e+00
330   1     0.000000e+00
341   1     0.000000e+00
352   1     0.000000e+00
353   1     0.000000e+00
354   1     0.000000e+00
355   1     0.000000e+00
356   1     0.000000e+00
357   1     0.000000e+00
358   1     0.000000e+00
359   1     0.000000e+00
360   1     0.000000e+00
361   1     0.000000e+00
363   1     0.000000e+00
364   1     0.000000e+00
365   1     0.000000e+00
366   1     0.000000e+00
367   1     0.000000e+00
368   1     0.000000e+00
369   1     0.000000e+00
370   1     0.000000e+00
371   1     0.000000e+00
372   1     0.000000e+00
374   1     0.000000e+00
385   1     0.000000e+00
396   1     0.000000e+00
407   1     0.000000e+00
418   1     0.000000e+00
429   1     0.000000e+00
440   1     0.000000e+00
451   1     0.000000e+00
462   1     0.000000e+00
473   1     0.000000e+00
474   1     0.000000e+00
475   1     0.000000e+00
476   1     0.000000e+00
477   1     0.000000e+00
478   1     0.000000e+00
479   1     0.000000e+00
480   1     0.000000e+00
481   1     0.000000e+00
482   1     0.000000e+00
484   1     0.000000e+00
485   1     0.000000e+00
486   1     0.000000e+00
487   1     0.000000e+00
488   1     0.000000e+00
489   1     0.000000e+00
490   1     0.000000e+00
491   1     0.000000e+00
492   1     0.000000e+00
493   1     0.000000e+00
495   1     0.000000e+00
506   1     0.000000e+00
517   1     0.000000e+00
528   1     0.000000e+00
539   1     0.000000e+00
550   1     0.000000e+00
561   1     0.000000e+00
572   1     0.000000e+00
583   1     0.000000e+00
594   1     0.000000e+00
595   1     0.000000e+00
596   1     0.000000e+00
597   1     0.000000e+00
598   1     0.000000e+00
599   1     0.000000e+00
600   1     0.000000e+00
601   1     0.000000e+00
602   1     0.000000e+00
603   1     0.000000e+00
605   1     0.000000e+00
606   1     0.000000e+00
607   1     0.000000e+00
608   1     0.000000e+00
609   1     0.000000e+00
610   1     0.000000e+00
611   1     0.000000e+00
612   1     0.000000e+00
613   1     0.000000e+00
614   1     0.000000e+00
616   1     0.000000e+00
627   1     0.000000e+00
638   1     0.000000e+00
649   1     0.000000e+00
660   1     0.000000e+00
671   1     0.000000e+00
682   1     0.000000e+00
693   1     0.000000e+00
704   1     0.000000e+00
715   1     0.000000e+00
716   1     0.000000e+00
717   1     0.000000e+00
718   1     0.000000e+00
719   1     0.000000e+00
720   1     0.000000e+00
721   1     0.000000e+00
722   1     0.000000e+00
723   1     0.000000e+00
724   1     0.000000e+00
726   1     0.000000e+00
727   1     0.000000e+00
728   1     0.000000e+00
729   1     0.000000e+00
730   1     0.000000e+00
731   1     0.000000e+00
732   1     0.000000e+00
733   1     0.000000e+00
734   1     0.000000e+00
735   1     0.000000e+00
737   1     0.000000e+00
748   1     0.000000e+00
759   1     0.000000e+00
770   1     0.000000e+00
781   1     0.000000e+00
792   1     0.000000e+00
803   1     0.000000e+00
814   1     0.000000e+00
825   1     0.000000e+00
836   1     0.000000e+00
837   1     0.000000e+00
838   1     0.000000e+00
839   1     0.000000e+00
840   1     0.000000e+00
841   1     0.000000e+00
842   1     0.000000e+00
843   1     0.000000e+00
844   1     0.000000e+00
845   1     0.000000e+00
847   1     0.000000e+00
848   1     0.000000e+00
849   1     0.000000e+00
850   1     0.000000e+00
851   1     0.000000e+00
852   1     0.000000e+00
853   1     0.000000e+00
854   1     0.000000e+00
855   1     0.000000e+00
856   1     0.000000e+00
858   1     0.000000e+00
869   1     0.000000e+00
880   1     0.000000e+00
891   1     0.000000e+00
902   1     0.000000e+00
913   1     0.000000e+00
924   1     0.000000e+00
935   1     0.000000e+00
946   1     0.000000e+00
957   1     0.000000e+00
958   1     0.000000e+00
959   1     0.000000e+00
960   1     0.000000e+00
961   1     0.000000e+00
962   1     0.000000e+00
963   1     0.000000e+00
964   1     0.000000e+00
965   1     0.000000e+00
966   1     0.000000e+00
968   1     0.000000e+00
969   1     0.000000e+00
970   1     0.000000e+00
971   1     0.000000e+00
972   1     0.000000e+00
973   1     0.000000e+00
974   1     0.000000e+00
975   1     0.000000e+00
976   1     0.000000e+00
977   1     0.000000e+00
979   1     0.000000e+00
990   1     0.000000e+00
1001  1     0.000000e+00
1012  1     0.000000e+00
1023  1     0.000000e+00
1034  1     0.000000e+00
1045  1     0.000000e+00
1056  1     0.000000e+00
1067  1     0.000000e+00
1078  1     0.000000e+00
1079  1     0.000000e+00
1080  1     0.000000e+00
1081  1     0.000000e+00
1082  1     0.000000e+00
1083  1     0.000000e+00
1084  1     0.000000e+00
1085  1     0.000000e+00
1086  1     0.000000e+00
1087  1     0.000000e+00
1089  1     0.000000e+00
1090  1     0.000000e+00
1091  1     0.000000e+00
1092  1     0.000000e+00
1093  1     0.000000e+00
1094  1     0.000000e+00
1095  1     0.000000e+00
1096  1     0.000000e+00
1097  1     0.000000e+00
1098  1     0.000000e+00
1100  1     0.000000e+00
1111  1     0.000000e+00
1122  1     0.000000e+00
1133  1     0.000000e+00
1144  1     0.000000e+00
1155  1     0.000000e+00
1166  1     0.000000e+00
1177  1     0.000000e+00
1188  1     0.000000e+00
1199  1     0.000000e+00
1200  1     0.000000e+00
1201  1     0.000000e+00
1202  1     0.000000e+00
1203  1     0.000000e+00
1204  1     0.000000e+00
1205  1     0.000000e+00
1206  1     0.000000e+00
1207  1     0.000000e+00
1208  1     0.000000e+00
1210  1     0.000000e+00
1211  1     0.000000e+00
1212  1     0.000000e+00
1213  1     0.000000e+00
1214  1     0.000000e+00
1215  1     0.000000e+00
1216  1     0.000000e+00
1217  1     0.000000e+00
1218  1     0.000000e+00
1219  1     0.000000e+00
1221  1     0.000000e+00
1222  1     0.000000e+00
1223  1     0.000000e+00
1224  1     0.000000e+00
1225  1     0.000000e+00
1226  1     0.000000e+00
1227  1     0.000000e+00
1228  1     0.000000e+00
1229  1     0.000000e+00
1230  1     0.000000e+00
1232  1     0.000000e+00
1233  1     0.000000e+00
1234  1     0.000000e+00
1235  1     0.000000e+00
1236  1     0.000000e+00
1237  1     0.000000e+00
1238  1     0.000000e+00
1239  1     0.000000e+00
1240  1     0.000000e+00
1241  1     0.000000e+00
1243  1     0.000000e+00
1244  1     0.000000e+00
1245  1     0.000000e+00
1246  1     0.000000e+00
1247  1     0.000000e+00
1248  1     0.000000e+00
1249  1     0.000000e+00
1250  1     0.000000e+00
1251  1     0.000000e+00
1252  1     0.000000e+00
1254  1     0.000000e+00
1255  1     0.000000e+00
1256  1     0.000000e+00
1257  1     0.000000e+00
1258  1     0.000000e+00
1259  1     0.000000e+00
1260  1     0.000000e+00
1261  1     0.000000e+00
1262  1     0.000000e+00
1263  1     0.000000e+00
1265  1     0.000000e+00
1266  1     0.000000e+00
1267  1     0.000000e+00
1268  1     0.000000e+00
1269  1     0.000000e+00
1270  1     0.000000e+00
1271  1     0.000000e+00
1272  1     0.000000e+00
1273  1     0.000000e+00
1274  1     0.000000e+00
1276  1     0.000000e+00
1277  1     0.000000e+00
1278  1     0.000000e+00
1279  1     0.000000e+00
1280  1     0.000000e+00
1281  1     0.000000e+00
1282  1     0.000000e+00
1283  1     0.000000e+00
1284  1     0.000000e+00
1285  1     0.000000e+00
1287  1     0.000000e+00
1288  1     0.000000e+00
1289  1     0.000000e+00
1290  1     0.000000e+00
1291  1     0.000000e+00
1292  1     0.000000e+00
1293  1     0.000000e+00
1294  1     0.000000e+00
1295  1     0.000000e+00
1296  1     0.000000e+00
1298  1     0.000000e+00
1299  1     0.000000e+00
1300  1     0.000000e+00
1301  1     0.000000e+00
1302  1     0.000000e+00
1303  1     0.000000e+00
1304  1     0.000000e+00
1305  1     0.000000e+00
1306  1     0.000000e+00
1307  1     0.000000e+00
1309  1     0.000000e+00
1310  1     0.000000e+00
1311  1     0.000000e+00
1312  1     0.000000e+00
1313  1     0.000000e+00
1314  1     0.000000e+00
1315  1     0.000000e+00
1316  1     0.000000e+00
1317  1     0.000000e+00
1318  1     0.000000e+00
1320  1     0.000000e+00
1321  1     0.000000e+00
1322  1     0.000000e+00
1323  1     0.000000e+00
1324  1     0.000000e+00
1325  1     0.000000e+00
1326  1     0.000000e+00
1327  1     0.000000e+00
1328  1     0.000000e+00
1329  1     0.000000e+00
0     2     0.000000e+00
1     2     0.000000e+00
2     2     0.000000e+00
3     2     0.000000e+00
4     2     0.000000e+00
5     2     0.000000e+00
6     2     0.000000e+00
7     2     0.000000e+00
8     2     0.000000e+00
9     2     0.000000e+00
11    2     0.000000e+00
12    2     0.000000e+00
13    2     0.000000e+00
14    2     0.000000e+00
15    2     0.000000e+00
16    2     0.000000e+00
17    2     0.000000e+00
18    2     0.000000e+00
19    2     0.000000e+00
20    2     0.000000e+00
22    2     0.000000e+00
23    2     0.000000e+00
24    2     0.000000e+00
25    2     0.000000e+00
26    2     0.000000e+00
27    2     0.000000e+00
28    2     0.000000e+00
29    2     0.000000e+00
30    2     0.000000e+00
31    2     0.000000e+00
33    2     0.000000e+00
34    2     0.000000e+00
35    2     0.000000e+00
36    2     0.000000e+00
37    2     0.000000e+00
38    2     0.000000e+00
39    2     0.000000e+00
40    2     0.000000e+00
41    2     0.000000e+00
42    2     0.000000e+00
44    2     0.000000e+00
45    2     0.000000e+00
46    2     0.000000e+00
47    2     0.000000e+00
48    2     0.000000e+00
49    2     0.000000e+00
50    2     0.000000e+00
51    2     0.000000e+00
52    2     0.000000e+00
53    2     0.000000e+00
55    2     0.000000e+00
56    2     0.000000e+00
57    2     0.000000e+00
58    2     0.000000e+00
59    2     0.000000e+00
60    2     0.000000e+00
61    2     0.000000e+00
62    2     0.000000e+00
63    2     0.000000e+00
64    2     0.000000e+00
66    2     0.000000e+00
67    2     0.000000e+00
68    2     0.000000e+00
69    2     0.000000e+00
70    2     0.000000e+00
71    2     0.000000e+00
72    2     0.000000e+00
73    2     0.000000e+00
74    2     0.000000e+00
75    2     0.000000e+00
77    2     0.000000e+00
78    2     0.000000e+00
79    2     0.000000e+00
80    2     0.000000e+00
81    2     0.000000e+00
82    2     0.000000e+00
83    2     0.000000e+00
84    2     0.000000e+00
85    2     0.000000e+00
86    2     0.000000e+00
88    2     0.000000e+00
89    2     0.000000e+00
90    2     0.000000e+00
91    2     0.000000e+00
92    2     0.000000e+00
93    2     0.000000e+00
94    2     0.000000e+00
95    2     0.000000e+00
96    2     0.000000e+00
97    2     0.000000e+00
99    2     0.000000e+00
100   2     0.000000e+00
101   2     0.000000e+00
102   2     0.000000e+00
103   2     0.000000e+00
104   2     0.000000e+00
105   2     0.000000e+00
106   2     0.000000e+00
107   2     0.000000e+00
108   2     0.000000e+00
110   2     0.000000e+00
111   2     0.000000e+00
112   2     0.000000e+00
113   2     0.000000e+00
114   2     0.000000e+00
115   2     0.000000e+00
116   2     0.000000e+00
117   2     0.000000e+00
118   2     0.000000e+00
119   2     0.000000e+00
121   2     0.000000e+00
122   2     0.000000e+00
123   2     0.000000e+00
124   2     0.000000e+00
125   2     0.000000e+00
126   2     0.000000e+00
127   2     0.000000e+00
128   2     0.000000e+00
129   2     0.000000e+00
130   2     0.000000e+00
132   2     0.000000e+00
143   2     0.000000e+00
154   2     0.000000e+00
165   2     0.000000e+00
176   2     0.000000e+00
187   2     0.000000e+00
198   2     0.000000e+00
209   2     0.000000e+00
220   2     0.000000e+00
231   2     0.000000e+00
232   2     0.000000e+00
233   2     0.000000e+00
234   2     0.000000e+00
235   2     0.000000e+00
236   2     0.000000e+00
237   2     0.000000e+00
238   2     0.000000e+00
239   2     0.000000e+00
240   2     0.000000e+00
242   2     0.000000e+00
243   2     0.000000e+00
244   2     0.000000e+00
245   2     0.000000e+00
246   2     0.000000e+00
247   2     0.000000e+00
248   2     0.000000e+00
249   2     0.000000e+00
250   2     0.000000e+00
251   2     0.000000e+00
253   2     0.000000e+00
264   2     0.000000e+00
275   2     0.000000e+00
286   2     0.000000e+00
297   2     0.000000e+00
308   2     0.000000e+00
319   2     0.000000e+00
330   2     0.000000e+00
341   2     0.000000e+00
352   2     0.000000e+00
353   2     0.000000e+00
354   2     0.000000e+00
355   2     0.000000e+00
356   2     0.000000e+00
357   2     0.000000e+00
358   2     0.000000e+00
359   2     0.000000e+00
360   2     0.000000e+00
361   2     0.000000e+00
363   2     0.000000e+00
364   2     0.000000e+00
365   2     0.000000e+00
366   2     0.000000e+00
367   2     0.000000e+00
368   2     0.000000e+00
369   2     0.000000e+00
370   2     0.000000e+00
371   2     0.000000e+00
372   2     0.000000e+00
374   2     0.000000e+00
385   2     0.000000e+00
396   2     0.000000e+00
407   2     0.000000e+00
418   2     0.000000e+00
429   2     0.000000e+00
440   2     0.000000e+00
451   2     0.000000e+00
462   2     0.000000e+00
473   2     0.000000e+00
474   2     0.000000e+00
475   2     0.000000e+00
476   2     0.000000e+00
477   2     0.000000e+00
478   2     0.000000e+00
479   2     0.000000e+00
480   2     0.000000e+00
481   2     0.000000e+00
482   2     0.000000e+00
484   2     0.000000e+00
485   2     0.000000e+00
486   2     0.000000e+00
487   2     0.000000e+00
488   2     0.000000e+00
489   2     0.000000e+00
490   2     0.000000e+00
491   2     0.000000e+00
492   2     0.000000e+00
493   2     0.000000e+00
495   2     0.000000e+00
506   2     0.000000e+00
517   2     0.000000e+00
528   2     0.000000e+00
539   2     0.000000e+00
550   2     0.000000e+00
561   2     0.000000e+00
572   2     0.000000e+00
583   2     0.000000e+00
594   2     0.000000e+00
595   2     0.000000e+00
596   2     0.000000e+00
597   2     0.000000e+00
598   2     0.000000e+00
599   2     0.000000e+00
600   2     0.000000e+00
601   2     0.000000e+00
602   2     0.000000e+00
603   2     0.000000e+00
605   2     0.000000e+00
606   2     0.000000e+00
607   2     0.000000e+00
608   2     0.000000e+00
609   2     0.000000e+00
610   2     0.000000e+00
611   2     0.000000e+00
612   2     0.000000e+00
613   2     0.000000e+00
614   2     0.000000e+00
616   2     0.000000e+00
627   2     0.000000e+00
638   2     0.000000e+00
649   2     0.000000e+00
660   2     0.000000e+00
671   2     0.000000e+00
682   2     0.000000e+00
693   2     0.000000e+00
704   2     0.000000e+00
715   2     0.000000e+00
716   2     0.000000e+00
717   2     0.000000e+00
718   2     0.000000e+00
719   2     0.000000e+00
720   2     0.000000e+00
721   2     0.000000e+00
722   2     0.000000e+00
723   2     0.000000e+00
724   2     0.000000e+00
726   2     0.000000e+00
727   2     0.000000e+00
728   2     0.000000e+00
729   2     0.000000e+00
730   2     0.000000e+00
731   2     0.000000e+00
732   2     0.000000e+00
733   2     0.000000e+00
734   2     0.000000e+00
735   2     0.000000e+00
737   2     0.000000e+00
748   2     0.000000e+00
759   2     0.000000e+00
770   2     0.000000e+00
781   2     0.000000e+00
792   2     0.000000e+00
803   2     0.000000e+00
814   2     0.000000e+00
825   2     0.000000e+00
836   2     0.000000e+00
837   2     0.000000e+00
838   2     0.000000e+00
839   2     0.000000e+00
840   2     0.000000e+00
841   2     0.000000e+00
842   2     0.000000e+00
843   2     0.000000e+00
844   2     0.000000e+00
845   2     0.000000e+00
847   2     0.000000e+00
848   2     0.000000e+00
849   2     0.000000e+00
850   2     0.000000e+00
851   2     0.000000e+00
852   2     0.000000e+00
853   2     0.000000e+00
854   2     0.000000e+00
855   2     0.000000e+00
856   2     0.000000e+00
858   2     0.000000e+00
869   2     0.000000e+00
880   2     0.000000e+00
891   2     0.000000e+00
902   2     0.000000e+00
913   2     0.000000e+00
924   2     0.000000e+00
935   2     0.000000e+00
946   2     0.000000e+00
957   2     0.000000e+00
958   2     0.000000e+00
959   2     0.000000e+00
960   2     0.000000e+00
961   2     0.000000e+00
962   2     0.000000e+00
963   2     0.000000e+00
964   2     0.000000e+00
965   2     0.000000e+00
966   2     0.000000e+00
968   2     0.000000e+00
969   2     0.000000e+00
970   2     0.000000e+00
971   2     0.000000e+00
972   2     0.000000e+00
973   2     0.000000e+00
974   2     0.000000e+00
975   2     0.000000e+00
976   2     0.000000e+00
977   2     0.000000e+00
979   2     0.000000e+00
990   2     0.000000e+00
1001  2     0.000000e+00
1012  2     0.000000e+00
1023  2     0.000000e+00
1034  2     0.000000e+00
1045  2     0.000000e+00
1056  2     0.000000e+00
1067  2     0.000000e+00
1078  2     0.000000e+00
1079  2     0.000000e+00
1080  2     0.000000e+00
1081  2     0.000000e+00
1082  2     0.000000e+00
1083  2     0.000000e+00
1084  2     0.000000e+00
1085  2     0.000000e+00
1086  2     0.000000e+00
1087  2     0.000000e+00
1089  2     0.000000e+00
1090  2     0.000000e+00
1091  2     0.000000e+00
1092  2     0.000000e+00
1093  2     0.000000e+00
1094  2     0.000000e+00
1095  2     0.000000e+00
1096  2     0.000000e+00
1097  2     0.000000e+00
1098  2     0.000000e+00
1100  2     0.000000e+00
1111  2     0.000000e+00
1122  2     0.000000e+00
1133  2     0.000000e+00
1144  2     0.000000e+00
1155  2     0.000000e+00
1166  2     0.000000e+00
1177  2     0.000000e+00
1188  2     0.000000e+00
1199  2     0.000000e+00
1200  2     0.000000e+00
1201  2     0.000000e+00
1202  2     0.000000e+00
1203  2     0.000000e+00
1204  2     0.000000e+00
1205  2     0.000000e+00
1206  2     0.000000e+00
1207  2     0.000000e+00
1208  2     0.000000e+00
1210  2     0.000000e+00
1211  2     0.000000e+00
1212  2     0.000000e+00
1213  2     0.000000e+00
1214  2     0.000000e+00
1215  2     0.000000e+00
1216  2     0.000000e+00
1217  2     0.000000e+00
1218  2     0.000000e+00
1219  2     0.000000e+00
1221  2     0.000000e+00
1222  2     0.000000e+00
1223  2     0.000000e+00
1224  2     0.000000e+00
1225  2     0.000000e+00
1226  2     0.000000e+00
1227  2     0.000000e+00
1228  2     0.000000e+00
1229  2     0.000000e+00
1230  2     0.000000e+00
1232  2     0.000000e+00
1233  2     0.000000e+00
1234  2     0.000000e+00
1235  2     0.000000e+00
1236  2     0.000000e+00
1237  2     0.000000e+00
1238  2     0.000000e+00
1239  2     0.000000e+00
1240  2     0.000000e+00
1241  2     0.000000e+00
1243  2     0.000000e+00
1244  2     0.000000e+00
1245  2     0.000000e+00
1246  2     0.000000e+00
1247  2     0.000000e+00
1248  2     0.000000e+00
1249  2     0.000000e+00
1250  2     0.000000e+00
1251  2     0.000000e+00
1252  2     0.000000e+00
1254  2     0.000000e+00
1255  2     0.000000e+00
1256  2     0.000000e+00
1257  2     0.000000e+00
1258  2     0.000000e+00
1259  2     0.000000e+00
1260  2     0.000000e+00
1261  2     0.000000e+00
1262  2     0.000000e+00
1263  2     0.000000e+00
1265  2     0.000000e+00
1266  2     0.000000e+00
1267  2     0.000000e+00
1268  2     0.000000e+00
1269  2     0.000000e+00
1270  2     0.000000e+00
1271  2     0.000000e+00
1272  2     0.000000e+00
1273  2     0.000000e+00
1274  2     0.000000e+00
1276  2     0.000000e+00
1277  2     0.000000e+00
1278  2     0.000000e+00
1279  2     0.000000e+00
1280  2     0.000000e+00
1281  2     0.000000e+00
1282  2     0.000000e+00
1283  2     0.000000e+00
1284  2     0.000000e+00
1285  2     0.000000e+00
1287  2     0.000000e+00
1288  2     0.000000e+00
1289  2     0.000000e+00
1290  2     0.000000e+00
1291  2     0.000000e+00
1292  2     0.000000e+00
1293  2     0.000000e+00
1294  2     0.000000e+00
1295  2     0.000000e+00
1296  2     0.000000e+00
1298  2     0.000000e+00
1299  2     0.000000e+00
1300  2     0.000000e+00
1301  2     0.000000e+00
1302  2     0.000000e+00
1303  2     0.000000e+00
1304  2     0.000000e+00
1305  2     0.000000e+00
1306  2     0.000000e+00
1307  2     0.000000e+00
1309  2     0.000000e+00
1310  2     0.000000e+00
1311  2     0.000000e+00
1312  2     0.000000e+00
1313  2     0.000000e+00
1314  2     0.000000e+00
1315  2     0.000000e+00
1316  2     0.000000e+00
1317  2     0.000000e+00
1318  2     0.000000e+00
1320  2     0.000000e+00
1321  2     0.000000e+00
1322  2     0.000000e+00
1323  2     0.000000e+00
1324  2     0.000000e+00
1325  2     0.000000e+00
1326  2     0.000000e+00
1327  2     0.000000e+00
1328  2     0.000000e+00
1329  2     0.000000e+00

