3

1000  3.000000e-01

1

1331

3     3     3

15    15    15

11    11    11

0     1     2     3     4     5     6     7     8     9     10    11    12    13    14    15    16    17    18    19    20    21    22    23    24    25    26    27    28    29    30    31    32    33    34    35    36    37    38    39    40    41    42    43    44    45    46    47    48    49    50    51    52    53    54    55    56    57    58    59    60    61    62    63    64    65    66    67    68    69    70    71    72    73    74    75    76    77    78    79    80    81    82    83    84    85    86    87    88    89    90    91    92    93    94    95    96    97    98    99    100   101   102   103   104   105   106   107   108   109   110   111   112   113   114   115   116   117   118   119   120   121   122   123   124   125   126   127   128   129   130   131   132   133   134   135   136   137   138   139   140   141   142   143   144   145   146   147   148   149   150   151   152   153   154   155   156   157   158   159   160   161   162   163   164   165   166   167   168   169   170   171   172   173   174   175   176   177   178   179   180   181   182   183   184   185   186   187   188   189   190   191   192   193   194   195   196   197   198   199   200   201   202   203   204   205   206   207   208   209   210   211   212   213   214   215   216   217   218   219   220   221   222   223   224   225   226   227   228   229   230   231   232   233   234   235   236   237   238   239   240   241   242   243   244   245   246   247   248   249   250   251   252   253   254   255   256   257   258   259   260   261   262   263   264   265   266   267   268   269   270   271   272   273   274   275   276   277   278   279   280   281   282   283   284   285   286   287   288   289   290   291   292   293   294   295   296   297   298   299   300   301   302   303   304   305   306   307   308   309   310   311   312   313   314   315   316   317   318   319   320   321   322   323   324   325   326   327   328   329   330   331   332   333   334   335   336   337   338   339   340   341   342   343   344   345   346   347   348   349   350   351   352   353   354   355   356   357   358   359   360   361   362   363   364   365   366   367   368   369   370   371   372   373   374   375   376   377   378   379   380   381   382   383   384   385   386   387   388   389   390   391   392   393   394   395   396   397   398   399   400   401   402   403   404   405   406   407   408   409   410   411   412   413   414   415   416   417   418   419   420   421   422   423   424   425   426   427   428   429   430   431   432   433   434   435   436   437   438   439   440   441   442   443   444   445   446   447   448   449   450   451   452   453   454   455   456   457   458   459   460   461   462   463   464   465   466   467   468   469   470   471   472   473   474   475   476   477   478   479   480   481   482   483   484   485   486   487   488   489   490   491   492   493   494   495   496   497   498   499   500   501   502   503   504   505   506   507   508   509   510   511   512   513   514   515   516   517   518   519   520   521   522   523   524   525   526   527   528   529   530   531   532   533   534   535   536   537   538   539   540   541   542   543   544   545   546   547   548   549   550   551   552   553   554   555   556   557   558   559   560   561   562   563   564   565   566   567   568   569   570   571   572   573   574   575   576   577   578   579   580   581   582   583   584   585   586   587   588   589   590   591   592   593   594   595   596   597   598   599   600   601   602   603   604   605   606   607   608   609   610   611   612   613   614   615   616   617   618   619   620   621   622   623   624   625   626   627   628   629   630   631   632   633   634   635   636   637   638   639   640   641   642   643   644   645   646   647   648   649   650   651   652   653   654   655   656   657   658   659   660   661   662   663   664   665   666   667   668   669   670   671   672   673   674   675   676   677   678   679   680   681   682   683   684   685   686   687   688   689   690   691   692   693   694   695   696   697   698   699   700   701   702   703   704   705   706   707   708   709   710   711   712   713   714   715   716   717   718   719   720   721   722   723   724   725   726   727   728   729   730   731   732   733   734   735   736   737   738   739   740   741   742   743   744   745   746   747   748   749   750   751   752   753   754   755   756   757   758   759   760   761   762   763   764   765   766   767   768   769   770   771   772   773   774   775   776   777   778   779   780   781   782   783   784   785   786   787   788   789   790   791   792   793   794   795   796   797   798   799   800   801   802   803   804   805   806   807   808   809   810   811   812   813   814   815   816   817   818   819   820   821   822   823   824   825   826   827   828   829   830   831   832   833   834   835   836   837   838   839   840   841   842   843   844   845   846   847   848   849   850   851   852   853   854   855   856   857   858   859   860   861   862   863   864   865   866   867   868   869   870   871   872   873   874   875   876   877   878   879   880   881   882   883   884   885   886   887   888   889   890   891   892   893   894   895   896   897   898   899   900   901   902   903   904   905   906   907   908   909   910   911   912   913   914   915   916   917   918   919   920   921   922   923   924   925   926   927   928   929   930   931   932   933   934   935   936   937   938   939   940   941   942   943   944   945   946   947   948   949   950   951   952   953   954   955   956   957   958   959   960   961   962   963   964   965   966   967   968   969   970   971   972   973   974   975   976   977   978   979   980   981   982   983   984   985   986   987   988   989   990   991   992   993   994   995   996   997   998   999   1000  1001  1002  1003  1004  1005  1006  1007  1008  1009  1010  1011  1012  1013  1014  1015  1016  1017  1018  1019  1020  1021  1022  1023  1024  1025  1026  1027  1028  1029  1030  1031  1032  1033  1034  1035  1036  1037  1038  1039  1040  1041  1042  1043  1044  1045  1046  1047  1048  1049  1050  1051  1052  1053  1054  1055  1056  1057  1058  1059  1060  1061  1062  1063  1064  1065  1066  1067  1068  1069  1070  1071  1072  1073  1074  1075  1076  1077  1078  1079  1080  1081  1082  1083  1084  1085  1086  1087  1088  1089  1090  1091  1092  1093  1094  1095  1096  1097  1098  1099  1100  1101  1102  1103  1104  1105  1106  1107  1108  1109  1110  1111  1112  1113  1114  1115  1116  1117  1118  1119  1120  1121  1122  1123  1124  1125  1126  1127  1128  1129  1130  1131  1132  1133  1134  1135  1136  1137  1138  1139  1140  1141  1142  1143  1144  1145  1146  1147  1148  1149  1150  1151  1152  1153  1154  1155  1156  1157  1158  1159  1160  1161  1162  1163  1164  1165  1166  1167  1168  1169  1170  1171  1172  1173  1174  1175  1176  1177  1178  1179  1180  1181  1182  1183  1184  1185  1186  1187  1188  1189  1190  1191  1192  1193  1194  1195  1196  1197  1198  1199  1200  1201  1202  1203  1204  1205  1206  1207  1208  1209  1210  1211  1212  1213  1214  1215  1216  1217  1218  1219  1220  1221  1222  1223  1224  1225  1226  1227  1228  1229  1230  1231  1232  1233  1234  1235  1236  1237  1238  1239  1240  1241  1242  1243  1244  1245  1246  1247  1248  1249  1250  1251  1252  1253  1254  1255  1256  1257  1258  1259  1260  1261  1262  1263  1264  1265  1266  1267  1268  1269  1270  1271  1272  1273  1274  1275  1276  1277  1278  1279  1280  1281  1282  1283  1284  1285  1286  1287  1288  1289  1290  1291  1292  1293  1294  1295  1296  1297  1298  1299  1300  1301  1302  1303  1304  1305  1306  1307  1308  1309  1310  1311  1312  1313  1314  1315  1316  1317  1318  1319  1320  1321  1322  1323  1324  1325  1326  1327  1328  1329  1330

124   0     1

0.0000000000000000e+00  0.0000000000000000e+00  0.0000000000000000e+00  0.0000000000000000e+00  1.2500000000000000e-01  2.5000000000000000e-01  3.7500000000000000e-01  5.0000000000000000e-01  6.2500000000000000e-01  7.5000000000000000e-01  8.7500000000000000e-01  1.0000000000000000e+00  1.0000000000000000e+00  1.0000000000000000e+00  1.0000000000000000e+00
0.0000000000000000e+00  0.0000000000000000e+00  0.0000000000000000e+00  0.0000000000000000e+00  1.2500000000000000e-01  2.5000000000000000e-01  3.7500000000000000e-01  5.0000000000000000e-01  6.2500000000000000e-01  7.5000000000000000e-01  8.7500000000000000e-01  1.0000000000000000e+00  1.0000000000000000e+00  1.0000000000000000e+00  1.0000000000000000e+00
0.0000000000000000e+00  0.0000000000000000e+00  0.0000000000000000e+00  0.0000000000000000e+00  1.2500000000000000e-01  2.5000000000000000e-01  3.7500000000000000e-01  5.0000000000000000e-01  6.2500000000000000e-01  7.5000000000000000e-01  8.7500000000000000e-01  1.0000000000000000e+00  1.0000000000000000e+00  1.0000000000000000e+00  1.0000000000000000e+00

0      0.0000000000000000e+00  0.0000000000000000e+00  0.0000000000000000e+00  1.0000000000000000e+00
1      1.0000000000000000e+00  0.0000000000000000e+00  0.0000000000000000e+00  1.0000000000000000e+00
2      3.0000000000000000e+00  0.0000000000000000e+00  0.0000000000000000e+00  1.0000000000000000e+00
3      6.0000000000000000e+00  0.0000000000000000e+00  0.0000000000000000e+00  1.0000000000000000e+00
4      9.0000000000000000e+00  0.0000000000000000e+00  0.0000000000000000e+00  1.0000000000000000e+00
5      1.2000000000000000e+01  0.0000000000000000e+00  0.0000000000000000e+00  1.0000000000000000e+00
6      1.5000000000000000e+01  0.0000000000000000e+00  0.0000000000000000e+00  1.0000000000000000e+00
7      1.8000000000000000e+01  0.0000000000000000e+00  0.0000000000000000e+00  1.0000000000000000e+00
8      2.1000000000000000e+01  0.0000000000000000e+00  0.0000000000000000e+00  1.0000000000000000e+00
9      2.3000000000000000e+01  0.0000000000000000e+00  0.0000000000000000e+00  1.0000000000000000e+00
10     2.4000000000000000e+01  0.0000000000000000e+00  0.0000000000000000e+00  1.0000000000000000e+00
11     0.0000000000000000e+00  5.0000000000000000e-01  0.0000000000000000e+00  1.0000000000000000e+00
12     1.0000000000000000e+00  5.0000000000000000e-01  0.0000000000000000e+00  1.0000000000000000e+00
13     3.0000000000000000e+00  5.0000000000000000e-01  0.0000000000000000e+00  1.0000000000000000e+00
14     6.0000000000000000e+00  5.0000000000000000e-01  0.0000000000000000e+00  1.0000000000000000e+00
15     9.0000000000000000e+00  5.0000000000000000e-01  0.0000000000000000e+00  1.0000000000000000e+00
16     1.2000000000000000e+01  5.0000000000000000e-01  0.0000000000000000e+00  1.0000000000000000e+00
17     1.5000000000000000e+01  5.0000000000000000e-01  0.0000000000000000e+00  1.0000000000000000e+00
18     1.8000000000000000e+01  5.0000000000000000e-01  0.0000000000000000e+00  1.0000000000000000e+00
19     2.1000000000000000e+01  5.0000000000000000e-01  0.0000000000000000e+00  1.0000000000000000e+00
20     2.3000000000000000e+01  5.0000000000000000e-01  0.0000000000000000e+00  1.0000000000000000e+00
21     2.4000000000000000e+01  5.0000000000000000e-01  0.0000000000000000e+00  1.0000000000000000e+00
22     0.0000000000000000e+00  1.5000000000000000e+00  0.0000000000000000e+00  1.0000000000000000e+00
23     1.0000000000000000e+00  1.5000000000000000e+00  0.0000000000000000e+00  1.0000000000000000e+00
24     3.0000000000000000e+00  1.5000000000000000e+00  0.0000000000000000e+00  1.0000000000000000e+00
25     6.0000000000000000e+00  1.5000000000000000e+00  0.0000000000000000e+00  1.0000000000000000e+00
26     9.0000000000000000e+00  1.5000000000000000e+00  0.0000000000000000e+00  1.0000000000000000e+00
27     1.2000000000000000e+01  1.5000000000000000e+00  0.0000000000000000e+00  1.0000000000000000e+00
28     1.5000000000000000e+01  1.5000000000000000e+00  0.0000000000000000e+00  1.0000000000000000e+00
29     1.8000000000000000e+01  1.5000000000000000e+00  0.0000000000000000e+00  1.0000000000000000e+00
30     2.1000000000000000e+01  1.5000000000000000e+00  0.0000000000000000e+00  1.0000000000000000e+00
31     2.3000000000000000e+01  1.5000000000000000e+00  0.0000000000000000e+00  1.0000000000000000e+00
32     2.4000000000000000e+01  1.5000000000000000e+00  0.0000000000000000e+00  1.0000000000000000e+00
33     0.0000000000000000e+00  3.0000000000000000e+00  0.0000000000000000e+00  1.0000000000000000e+00
34     1.0000000000000000e+00  3.0000000000000000e+00  0.0000000000000000e+00  1.0000000000000000e+00
35     3.0000000000000000e+00  3.0000000000000000e+00  0.0000000000000000e+00  1.0000000000000000e+00
36     6.0000000000000000e+00  3.0000000000000000e+00  0.0000000000000000e+00  1.0000000000000000e+00
37     9.0000000000000000e+00  3.0000000000000000e+00  0.0000000000000000e+00  1.0000000000000000e+00
38     1.2000000000000000e+01  3.0000000000000000e+00  0.0000000000000000e+00  1.0000000000000000e+00
39     1.5000000000000000e+01  3.0000000000000000e+00  0.0000000000000000e+00  1.0000000000000000e+00
40     1.8000000000000000e+01  3.0000000000000000e+00  0.0000000000000000e+00  1.0000000000000000e+00
41     2.1000000000000000e+01  3.0000000000000000e+00  0.0000000000000000e+00  1.0000000000000000e+00
42     2.3000000000000000e+01  3.0000000000000000e+00  0.0000000000000000e+00  1.0000000000000000e+00
43     2.4000000000000000e+01  3.0000000000000000e+00  0.0000000000000000e+00  1.0000000000000000e+00
44     0.0000000000000000e+00  4.5000000000000000e+00  0.0000000000000000e+00  1.0000000000000000e+00
45     1.0000000000000000e+00  4.5000000000000000e+00  0.0000000000000000e+00  1.0000000000000000e+00
46     3.0000000000000000e+00  4.5000000000000000e+00  0.0000000000000000e+00  1.0000000000000000e+00
47     6.0000000000000000e+00  4.5000000000000000e+00  0.0000000000000000e+00  1.0000000000000000e+00
48     9.0000000000000000e+00  4.5000000000000000e+00  0.0000000000000000e+00  1.0000000000000000e+00
49     1.2000000000000000e+01  4.5000000000000000e+00  0.0000000000000000e+00  1.0000000000000000e+00
50     1.5000000000000000e+01  4.5000000000000000e+00  0.0000000000000000e+00  1.0000000000000000e+00
51     1.8000000000000000e+01  4.5000000000000000e+00  0.0000000000000000e+00  1.0000000000000000e+00
52     2.1000000000000000e+01  4.5000000000000000e+00  0.0000000000000000e+00  1.0000000000000000e+00
53     2.3000000000000000e+01  4.5000000000000000e+00  0.0000000000000000e+00  1.0000000000000000e+00
54     2.4000000000000000e+01  4.5000000000000000e+00  0.0000000000000000e+00  1.0000000000000000e+00
55     0.0000000000000000e+00  6.0000000000000000e+00  0.0000000000000000e+00  1.0000000000000000e+00
56     1.0000000000000000e+00  6.0000000000000000e+00  0.0000000000000000e+00  1.0000000000000000e+00
57     3.0000000000000000e+00  6.0000000000000000e+00  0.0000000000000000e+00  1.0000000000000000e+00
58     6.0000000000000000e+00  6.0000000000000000e+00  0.0000000000000000e+00  1.0000000000000000e+00
59     9.0000000000000000e+00  6.0000000000000000e+00  0.0000000000000000e+00  1.0000000000000000e+00
60     1.2000000000000000e+01  6.0000000000000000e+00  0.0000000000000000e+00  1.0000000000000000e+00
61     1.5000000000000000e+01  6.0000000000000000e+00  0.0000000000000000e+00  1.0000000000000000e+00
62     1.8000000000000000e+01  6.0000000000000000e+00  0.0000000000000000e+00  1.0000000000000000e+00
63     2.1000000000000000e+01  6.0000000000000000e+00  0.0000000000000000e+00  1.0000000000000000e+00
64     2.3000000000000000e+01  6.0000000000000000e+00  0.0000000000000000e+00  1.0000000000000000e+00
65     2.4000000000000000e+01  6.0000000000000000e+00  0.0000000000000000e+00  1.0000000000000000e+00
66     0.0000000000000000e+00  7.5000000000000000e+00  0.0000000000000000e+00  1.0000000000000000e+00
67     1.0000000000000000e+00  7.5000000000000000e+00  0.0000000000000000e+00  1.0000000000000000e+00
68     3.0000000000000000e+00  7.5000000000000000e+00  0.0000000000000000e+00  1.0000000000000000e+00
69     6.0000000000000000e+00  7.5000000000000000e+00  0.0000000000000000e+00  1.0000000000000000e+00
70     9.0000000000000000e+00  7.5000000000000000e+00  0.0000000000000000e+00  1.0000000000000000e+00
71     1.2000000000000000e+01  7.5000000000000000e+00  0.0000000000000000e+00  1.0000000000000000e+00
72     1.5000000000000000e+01  7.5000000000000000e+00  0.0000000000000000e+00  1.0000000000000000e+00
73     1.8000000000000000e+01  7.5000000000000000e+00  0.0000000000000000e+00  1.0000000000000000e+00
74     2.1000000000000000e+01  7.5000000000000000e+00  0.0000000000000000e+00  1.0000000000000000e+00
75     2.3000000000000000e+01  7.5000000000000000e+00  0.0000000000000000e+00  1.0000000000000000e+00
76     2.4000000000000000e+01  7.5000000000000000e+00  0.0000000000000000e+00  1.0000000000000000e+00
77     0.0000000000000000e+00  9.0000000000000000e+00  0.0000000000000000e+00  1.0000000000000000e+00
78     1.0000000000000000e+00  9.0000000000000000e+00  0.0000000000000000e+00  1.0000000000000000e+00
79     3.0000000000000000e+00  9.0000000000000000e+00  0.0000000000000000e+00  1.0000000000000000e+00
80     6.0000000000000000e+00  9.0000000000000000e+00  0.0000000000000000e+00  1.0000000000000000e+00
81     9.0000000000000000e+00  9.0000000000000000e+00  0.0000000000000000e+00  1.0000000000000000e+00
82     1.2000000000000000e+01  9.0000000000000000e+00  0.0000000000000000e+00  1.0000000000000000e+00
83     1.5000000000000000e+01  9.0000000000000000e+00  0.0000000000000000e+00  1.0000000000000000e+00
84     1.8000000000000000e+01  9.0000000000000000e+00  0.0000000000000000e+00  1.0000000000000000e+00
85     2.1000000000000000e+01  9.0000000000000000e+00  0.0000000000000000e+00  1.0000000000000000e+00
86     2.3000000000000000e+01  9.0000000000000000e+00  0.0000000000000000e+00  1.0000000000000000e+00
87     2.4000000000000000e+01  9.0000000000000000e+00  0.0000000000000000e+00  1.0000000000000000e+00
88     0.0000000000000000e+00  1.0500000000000000e+01  0.0000000000000000e+00  1.0000000000000000e+00
89     1.0000000000000000e+00  1.0500000000000000e+01  0.0000000000000000e+00  1.0000000000000000e+00
90     3.0000000000000000e+00  1.0500000000000000e+01  0.0000000000000000e+00  1.0000000000000000e+00
91     6.0000000000000000e+00  1.0500000000000000e+01  0.0000000000000000e+00  1.0000000000000000e+00
92     9.0000000000000000e+00  1.0500000000000000e+01  0.0000000000000000e+00  1.0000000000000000e+00
93     1.2000000000000000e+01  1.0500000000000000e+01  0.0000000000000000e+00  1.0000000000000000e+00
94     1.5000000000000000e+01  1.0500000000000000e+01  0.0000000000000000e+00  1.0000000000000000e+00
95     1.8000000000000000e+01  1.0500000000000000e+01  0.0000000000000000e+00  1.0000000000000000e+00
96     2.1000000000000000e+01  1.0500000000000000e+01  0.0000000000000000e+00  1.0000000000000000e+00
97     2.3000000000000000e+01  1.0500000000000000e+01  0.0000000000000000e+00  1.0000000000000000e+00
98     2.4000000000000000e+01  1.0500000000000000e+01  0.0000000000000000e+00  1.0000000000000000e+00
99     0.0000000000000000e+00  1.1500000000000000e+01  0.0000000000000000e+00  1.0000000000000000e+00
100    1.0000000000000000e+00  1.1500000000000000e+01  0.0000000000000000e+00  1.0000000000000000e+00
101    3.0000000000000000e+00  1.1500000000000000e+01  0.0000000000000000e+00  1.0000000000000000e+00
102    6.0000000000000000e+00  1.1500000000000000e+01  0.0000000000000000e+00  1.0000000000000000e+00
103    9.0000000000000000e+00  1.1500000000000000e+01  0.0000000000000000e+00  1.0000000000000000e+00
104    1.2000000000000000e+01  1.1500000000000000e+01  0.0000000000000000e+00  1.0000000000000000e+00
105    1.5000000000000000e+01  1.1500000000000000e+01  0.0000000000000000e+00  1.0000000000000000e+00
106    1.8000000000000000e+01  1.1500000000000000e+01  0.0000000000000000e+00  1.0000000000000000e+00
107    2.1000000000000000e+01  1.1500000000000000e+01  0.0000000000000000e+00  1.0000000000000000e+00
108    2.3000000000000000e+01  1.1500000000000000e+01  0.0000000000000000e+00  1.0000000000000000e+00
109    2.4000000000000000e+01  1.1500000000000000e+01  0.0000000000000000e+00  1.0000000000000000e+00
110    0.0000000000000000e+00  1.2000000000000000e+01  0.0000000000000000e+00  1.0000000000000000e+00
111    1.0000000000000000e+00  1.2000000000000000e+01  0.0000000000000000e+00  1.0000000000000000e+00
112    3.0000000000000000e+00  1.2000000000000000e+01  0.0000000000000000e+00  1.0000000000000000e+00
113    6.0000000000000000e+00  1.2000000000000000e+01  0.0000000000000000e+00  1.0000000000000000e+00
114    9.0000000000000000e+00  1.2000000000000000e+01  0.0000000000000000e+00  1.0000000000000000e+00
115    1.2000000000000000e+01  1.2000000000000000e+01  0.0000000000000000e+00  1.0000000000000000e+00
116    1.5000000000000000e+01  1.2000000000000000e+01  0.0000000000000000e+00  1.0000000000000000e+00
117    1.8000000000000000e+01  1.2000000000000000e+01  0.0000000000000000e+00  1.0000000000000000e+00
118    2.1000000000000000e+01  1.2000000000000000e+01  0.0000000000000000e+00  1.0000000000000000e+00
119    2.3000000000000000e+01  1.2000000000000000e+01  0.0000000000000000e+00  1.0000000000000000e+00
120    2.4000000000000000e+01  1.2000000000000000e+01  0.0000000000000000e+00  1.0000000000000000e+00
121    0.0000000000000000e+00  0.0000000000000000e+00  5.0000000000000000e-01  1.0000000000000000e+00
122    1.0000000000000000e+00  0.0000000000000000e+00  5.0000000000000000e-01  1.0000000000000000e+00
123    3.0000000000000000e+00  0.0000000000000000e+00  5.0000000000000000e-01  1.0000000000000000e+00
124    6.0000000000000000e+00  0.0000000000000000e+00  5.0000000000000000e-01  1.0000000000000000e+00
125    9.0000000000000000e+00  0.0000000000000000e+00  5.0000000000000000e-01  1.0000000000000000e+00
126    1.2000000000000000e+01  0.0000000000000000e+00  5.0000000000000000e-01  1.0000000000000000e+00
127    1.5000000000000000e+01  0.0000000000000000e+00  5.0000000000000000e-01  1.0000000000000000e+00
128    1.8000000000000000e+01  0.0000000000000000e+00  5.0000000000000000e-01  1.0000000000000000e+00
129    2.1000000000000000e+01  0.0000000000000000e+00  5.0000000000000000e-01  1.0000000000000000e+00
130    2.3000000000000000e+01  0.0000000000000000e+00  5.0000000000000000e-01  1.0000000000000000e+00
131    2.4000000000000000e+01  0.0000000000000000e+00  5.0000000000000000e-01  1.0000000000000000e+00
132    0.0000000000000000e+00  5.0000000000000000e-01  5.0000000000000000e-01  1.0000000000000000e+00
133    1.0000000000000000e+00  5.0000000000000000e-01  5.0000000000000000e-01  1.0000000000000000e+00
134    3.0000000000000000e+00  5.0000000000000000e-01  5.0000000000000000e-01  1.0000000000000000e+00
135    6.0000000000000000e+00  5.0000000000000000e-01  5.0000000000000000e-01  1.0000000000000000e+00
136    9.0000000000000000e+00  5.0000000000000000e-01  5.0000000000000000e-01  1.0000000000000000e+00
137    1.2000000000000000e+01  5.0000000000000000e-01  5.0000000000000000e-01  1.0000000000000000e+00
138    1.5000000000000000e+01  5.0000000000000000e-01  5.0000000000000000e-01  1.0000000000000000e+00
139    1.8000000000000000e+01  5.0000000000000000e-01  5.0000000000000000e-01  1.0000000000000000e+00
140    2.1000000000000000e+01  5.0000000000000000e-01  5.0000000000000000e-01  1.0000000000000000e+00
141    2.3000000000000000e+01  5.0000000000000000e-01  5.0000000000000000e-01  1.0000000000000000e+00
142    2.4000000000000000e+01  5.0000000000000000e-01  5.0000000000000000e-01  1.0000000000000000e+00
143    0.0000000000000000e+00  1.5000000000000000e+00  5.0000000000000000e-01  1.0000000000000000e+00
144    1.0000000000000000e+00  1.5000000000000000e+00  5.0000000000000000e-01  1.0000000000000000e+00
145    3.0000000000000000e+00  1.5000000000000000e+00  5.0000000000000000e-01  1.0000000000000000e+00
146    6.0000000000000000e+00  1.5000000000000000e+00  5.0000000000000000e-01  1.0000000000000000e+00
147    9.0000000000000000e+00  1.5000000000000000e+00  5.0000000000000000e-01  1.0000000000000000e+00
148    1.2000000000000000e+01  1.5000000000000000e+00  5.0000000000000000e-01  1.0000000000000000e+00
149    1.5000000000000000e+01  1.5000000000000000e+00  5.0000000000000000e-01  1.0000000000000000e+00
150    1.8000000000000000e+01  1.5000000000000000e+00  5.0000000000000000e-01  1.0000000000000000e+00
151    2.1000000000000000e+01  1.5000000000000000e+00  5.0000000000000000e-01  1.0000000000000000e+00
152    2.3000000000000000e+01  1.5000000000000000e+00  5.0000000000000000e-01  1.0000000000000000e+00
153    2.4000000000000000e+01  1.5000000000000000e+00  5.0000000000000000e-01  1.0000000000000000e+00
154    0.0000000000000000e+00  3.0000000000000000e+00  5.0000000000000000e-01  1.0000000000000000e+00
155    1.0000000000000000e+00  3.0000000000000000e+00  5.0000000000000000e-01  1.0000000000000000e+00
156    3.0000000000000000e+00  3.0000000000000000e+00  5.0000000000000000e-01  1.0000000000000000e+00
157    6.0000000000000000e+00  3.0000000000000000e+00  5.0000000000000000e-01  1.0000000000000000e+00
158    9.0000000000000000e+00  3.0000000000000000e+00  5.0000000000000000e-01  1.0000000000000000e+00
159    1.2000000000000000e+01  3.0000000000000000e+00  5.0000000000000000e-01  1.0000000000000000e+00
160    1.5000000000000000e+01  3.0000000000000000e+00  5.0000000000000000e-01  1.0000000000000000e+00
161    1.8000000000000000e+01  3.0000000000000000e+00  5.0000000000000000e-01  1.0000000000000000e+00
162    2.1000000000000000e+01  3.0000000000000000e+00  5.0000000000000000e-01  1.0000000000000000e+00
163    2.3000000000000000e+01  3.0000000000000000e+00  5.0000000000000000e-01  1.0000000000000000e+00
164    2.4000000000000000e+01  3.0000000000000000e+00  5.0000000000000000e-01  1.0000000000000000e+00
165    0.0000000000000000e+00  4.5000000000000000e+00  5.0000000000000000e-01  1.0000000000000000e+00
166    1.0000000000000000e+00  4.5000000000000000e+00  5.0000000000000000e-01  1.0000000000000000e+00
167    3.0000000000000000e+00  4.5000000000000000e+00  5.0000000000000000e-01  1.0000000000000000e+00
168    6.0000000000000000e+00  4.5000000000000000e+00  5.0000000000000000e-01  1.0000000000000000e+00
169    9.0000000000000000e+00  4.5000000000000000e+00  5.0000000000000000e-01  1.0000000000000000e+00
170    1.2000000000000000e+01  4.5000000000000000e+00  5.0000000000000000e-01  1.0000000000000000e+00
171    1.5000000000000000e+01  4.5000000000000000e+00  5.0000000000000000e-01  1.0000000000000000e+00
172    1.8000000000000000e+01  4.5000000000000000e+00  5.0000000000000000e-01  1.0000000000000000e+00
173    2.1000000000000000e+01  4.5000000000000000e+00  5.0000000000000000e-01  1.0000000000000000e+00
174    2.3000000000000000e+01  4.5000000000000000e+00  5.0000000000000000e-01  1.0000000000000000e+00
175    2.4000000000000000e+01  4.5000000000000000e+00  5.0000000000000000e-01  1.0000000000000000e+00
176    0.0000000000000000e+00  6.0000000000000000e+00  5.0000000000000000e-01  1.0000000000000000e+00
177    1.0000000000000000e+00  6.0000000000000000e+00  5.0000000000000000e-01  1.0000000000000000e+00
178    3.0000000000000000e+00  6.0000000000000000e+00  5.0000000000000000e-01  1.0000000000000000e+00
179    6.0000000000000000e+00  6.0000000000000000e+00  5.0000000000000000e-01  1.0000000000000000e+00
180    9.0000000000000000e+00  6.0000000000000000e+00  5.0000000000000000e-01  1.0000000000000000e+00
181    1.2000000000000000e+01  6.0000000000000000e+00  5.0000000000000000e-01  1.0000000000000000e+00
182    1.5000000000000000e+01  6.0000000000000000e+00  5.0000000000000000e-01  1.0000000000000000e+00
183    1.8000000000000000e+01  6.0000000000000000e+00  5.0000000000000000e-01  1.0000000000000000e+00
184    2.1000000000000000e+01  6.0000000000000000e+00  5.0000000000000000e-01  1.0000000000000000e+00
185    2.3000000000000000e+01  6.0000000000000000e+00  5.0000000000000000e-01  1.0000000000000000e+00
186    2.4000000000000000e+01  6.0000000000000000e+00  5.0000000000000000e-01  1.0000000000000000e+00
187    0.0000000000000000e+00  7.5000000000000000e+00  5.0000000000000000e-01  1.0000000000000000e+00
188    1.0000000000000000e+00  7.5000000000000000e+00  5.0000000000000000e-01  1.0000000000000000e+00
189    3.0000000000000000e+00  7.5000000000000000e+00  5.0000000000000000e-01  1.0000000000000000e+00
190    6.0000000000000000e+00  7.5000000000000000e+00  5.0000000000000000e-01  1.0000000000000000e+00
191    9.0000000000000000e+00  7.5000000000000000e+00  5.0000000000000000e-01  1.0000000000000000e+00
192    1.2000000000000000e+01  7.5000000000000000e+00  5.0000000000000000e-01  1.0000000000000000e+00
193    1.5000000000000000e+01  7.5000000000000000e+00  5.0000000000000000e-01  1.0000000000000000e+00
194    1.8000000000000000e+01  7.5000000000000000e+00  5.0000000000000000e-01  1.0000000000000000e+00
195    2.1000000000000000e+01  7.5000000000000000e+00  5.0000000000000000e-01  1.0000000000000000e+00
196    2.3000000000000000e+01  7.5000000000000000e+00  5.0000000000000000e-01  1.0000000000000000e+00
197    2.4000000000000000e+01  7.5000000000000000e+00  5.0000000000000000e-01  1.0000000000000000e+00
198    0.0000000000000000e+00  9.0000000000000000e+00  5.0000000000000000e-01  1.0000000000000000e+00
199    1.0000000000000000e+00  9.0000000000000000e+00  5.0000000000000000e-01  1.0000000000000000e+00
200    3.0000000000000000e+00  9.0000000000000000e+00  5.0000000000000000e-01  1.0000000000000000e+00
201    6.0000000000000000e+00  9.0000000000000000e+00  5.0000000000000000e-01  1.0000000000000000e+00
202    9.0000000000000000e+00  9.0000000000000000e+00  5.0000000000000000e-01  1.0000000000000000e+00
203    1.2000000000000000e+01  9.0000000000000000e+00  5.0000000000000000e-01  1.0000000000000000e+00
204    1.5000000000000000e+01  9.0000000000000000e+00  5.0000000000000000e-01  1.0000000000000000e+00
205    1.8000000000000000e+01  9.0000000000000000e+00  5.0000000000000000e-01  1.0000000000000000e+00
206    2.1000000000000000e+01  9.0000000000000000e+00  5.0000000000000000e-01  1.0000000000000000e+00
207    2.3000000000000000e+01  9.0000000000000000e+00  5.0000000000000000e-01  1.0000000000000000e+00
208    2.4000000000000000e+01  9.0000000000000000e+00  5.0000000000000000e-01  1.0000000000000000e+00
209    0.0000000000000000e+00  1.0500000000000000e+01  5.0000000000000000e-01  1.0000000000000000e+00
210    1.0000000000000000e+00  1.0500000000000000e+01  5.0000000000000000e-01  1.0000000000000000e+00
211    3.0000000000000000e+00  1.0500000000000000e+01  5.0000000000000000e-01  1.0000000000000000e+00
212    6.0000000000000000e+00  1.0500000000000000e+01  5.0000000000000000e-01  1.0000000000000000e+00
213    9.0000000000000000e+00  1.0500000000000000e+01  5.0000000000000000e-01  1.0000000000000000e+00
214    1.2000000000000000e+01  1.0500000000000000e+01  5.0000000000000000e-01  1.0000000000000000e+00
215    1.5000000000000000e+01  1.0500000000000000e+01  5.0000000000000000e-01  1.0000000000000000e+00
216    1.8000000000000000e+01  1.0500000000000000e+01  5.0000000000000000e-01  1.0000000000000000e+00
217    2.1000000000000000e+01  1.0500000000000000e+01  5.0000000000000000e-01  1.0000000000000000e+00
218    2.3000000000000000e+01  1.0500000000000000e+01  5.0000000000000000e-01  1.0000000000000000e+00
219    2.4000000000000000e+01  1.0500000000000000e+01  5.0000000000000000e-01  1.0000000000000000e+00
220    0.0000000000000000e+00  1.1500000000000000e+01  5.0000000000000000e-01  1.0000000000000000e+00
221    1.0000000000000000e+00  1.1500000000000000e+01  5.0000000000000000e-01  1.0000000000000000e+00
222    3.0000000000000000e+00  1.1500000000000000e+01  5.0000000000000000e-01  1.0000000000000000e+00
223    6.0000000000000000e+00  1.1500000000000000e+01  5.0000000000000000e-01  1.0000000000000000e+00
224    9.0000000000000000e+00  1.1500000000000000e+01  5.0000000000000000e-01  1.0000000000000000e+00
225    1.2000000000000000e+01  1.1500000000000000e+01  5.0000000000000000e-01  1.0000000000000000e+00
226    1.5000000000000000e+01  1.1500000000000000e+01  5.0000000000000000e-01  1.0000000000000000e+00
227    1.8000000000000000e+01  1.1500000000000000e+01  5.0000000000000000e-01  1.0000000000000000e+00
228    2.1000000000000000e+01  1.1500000000000000e+01  5.0000000000000000e-01  1.0000000000000000e+00
229    2.3000000000000000e+01  1.1500000000000000e+01  5.0000000000000000e-01  1.0000000000000000e+00
230    2.4000000000000000e+01  1.1500000000000000e+01  5.0000000000000000e-01  1.0000000000000000e+00
231    0.0000000000000000e+00  1.2000000000000000e+01  5.0000000000000000e-01  1.0000000000000000e+00
232    1.0000000000000000e+00  1.2000000000000000e+01  5.0000000000000000e-01  1.0000000000000000e+00
233    3.0000000000000000e+00  1.2000000000000000e+01  5.0000000000000000e-01  1.0000000000000000e+00
234    6.0000000000000000e+00  1.2000000000000000e+01  5.0000000000000000e-01  1.0000000000000000e+00
235    9.0000000000000000e+00  1.2000000000000000e+01  5.0000000000000000e-01  1.0000000000000000e+00
236    1.2000000000000000e+01  1.2000000000000000e+01  5.0000000000000000e-01  1.0000000000000000e+00
237    1.5000000000000000e+01  1.2000000000000000e+01  5.0000000000000000e-01  1.0000000000000000e+00
238    1.8000000000000000e+01  1.2000000000000000e+01  5.0000000000000000e-01  1.0000000000000000e+00
239    2.1000000000000000e+01  1.2000000000000000e+01  5.0000000000000000e-01  1.0000000000000000e+00
240    2.3000000000000000e+01  1.2000000000000000e+01  5.0000000000000000e-01  1.0000000000000000e+00
241    2.4000000000000000e+01  1.2000000000000000e+01  5.0000000000000000e-01  1.0000000000000000e+00
242    0.0000000000000000e+00  0.0000000000000000e+00  1.5000000000000000e+00  1.0000000000000000e+00
243    1.0000000000000000e+00  0.0000000000000000e+00  1.5000000000000000e+00  1.0000000000000000e+00
244    3.0000000000000000e+00  0.0000000000000000e+00  1.5000000000000000e+00  1.0000000000000000e+00
245    6.0000000000000000e+00  0.0000000000000000e+00  1.5000000000000000e+00  1.0000000000000000e+00
246    9.0000000000000000e+00  0.0000000000000000e+00  1.5000000000000000e+00  1.0000000000000000e+00
247    1.2000000000000000e+01  0.0000000000000000e+00  1.5000000000000000e+00  1.0000000000000000e+00
248    1.5000000000000000e+01  0.0000000000000000e+00  1.5000000000000000e+00  1.0000000000000000e+00
249    1.8000000000000000e+01  0.0000000000000000e+00  1.5000000000000000e+00  1.0000000000000000e+00
250    2.1000000000000000e+01  0.0000000000000000e+00  1.5000000000000000e+00  1.0000000000000000e+00
251    2.3000000000000000e+01  0.0000000000000000e+00  1.5000000000000000e+00  1.0000000000000000e+00
252    2.4000000000000000e+01  0.0000000000000000e+00  1.5000000000000000e+00  1.0000000000000000e+00
253    0.0000000000000000e+00  5.0000000000000000e-01  1.5000000000000000e+00  1.0000000000000000e+00
254    1.0000000000000000e+00  5.0000000000000000e-01  1.5000000000000000e+00  1.0000000000000000e+00
255    3.0000000000000000e+00  5.0000000000000000e-01  1.5000000000000000e+00  1.0000000000000000e+00
256    6.0000000000000000e+00  5.0000000000000000e-01  1.5000000000000000e+00  1.0000000000000000e+00
257    9.0000000000000000e+00  5.0000000000000000e-01  1.5000000000000000e+00  1.0000000000000000e+00
258    1.2000000000000000e+01  5.0000000000000000e-01  1.5000000000000000e+00  1.0000000000000000e+00
259    1.5000000000000000e+01  5.0000000000000000e-01  1.5000000000000000e+00  1.0000000000000000e+00
260    1.8000000000000000e+01  5.0000000000000000e-01  1.5000000000000000e+00  1.0000000000000000e+00
261    2.1000000000000000e+01  5.0000000000000000e-01  1.5000000000000000e+00  1.0000000000000000e+00
262    2.3000000000000000e+01  5.0000000000000000e-01  1.5000000000000000e+00  1.0000000000000000e+00
263    2.4000000000000000e+01  5.0000000000000000e-01  1.5000000000000000e+00  1.0000000000000000e+00
264    0.0000000000000000e+00  1.5000000000000000e+00  1.5000000000000000e+00  1.0000000000000000e+00
265    1.0000000000000000e+00  1.5000000000000000e+00  1.5000000000000000e+00  1.0000000000000000e+00
266    3.0000000000000000e+00  1.5000000000000000e+00  1.5000000000000000e+00  1.0000000000000000e+00
267    6.0000000000000000e+00  1.5000000000000000e+00  1.5000000000000000e+00  1.0000000000000000e+00
268    9.0000000000000000e+00  1.5000000000000000e+00  1.5000000000000000e+00  1.0000000000000000e+00
269    1.2000000000000000e+01  1.5000000000000000e+00  1.5000000000000000e+00  1.0000000000000000e+00
270    1.5000000000000000e+01  1.5000000000000000e+00  1.5000000000000000e+00  1.0000000000000000e+00
271    1.8000000000000000e+01  1.5000000000000000e+00  1.5000000000000000e+00  1.0000000000000000e+00
272    2.1000000000000000e+01  1.5000000000000000e+00  1.5000000000000000e+00  1.0000000000000000e+00
273    2.3000000000000000e+01  1.5000000000000000e+00  1.5000000000000000e+00  1.0000000000000000e+00
274    2.4000000000000000e+01  1.5000000000000000e+00  1.5000000000000000e+00  1.0000000000000000e+00
275    0.0000000000000000e+00  3.0000000000000000e+00  1.5000000000000000e+00  1.0000000000000000e+00
276    1.0000000000000000e+00  3.0000000000000000e+00  1.5000000000000000e+00  1.0000000000000000e+00
277    3.0000000000000000e+00  3.0000000000000000e+00  1.5000000000000000e+00  1.0000000000000000e+00
278    6.0000000000000000e+00  3.0000000000000000e+00  1.5000000000000000e+00  1.0000000000000000e+00
279    9.0000000000000000e+00  3.0000000000000000e+00  1.5000000000000000e+00  1.0000000000000000e+00
280    1.2000000000000000e+01  3.0000000000000000e+00  1.5000000000000000e+00  1.0000000000000000e+00
281    1.5000000000000000e+01  3.0000000000000000e+00  1.5000000000000000e+00  1.0000000000000000e+00
282    1.8000000000000000e+01  3.0000000000000000e+00  1.5000000000000000e+00  1.0000000000000000e+00
283    2.1000000000000000e+01  3.0000000000000000e+00  1.5000000000000000e+00  1.0000000000000000e+00
284    2.3000000000000000e+01  3.0000000000000000e+00  1.5000000000000000e+00  1.0000000000000000e+00
285    2.4000000000000000e+01  3.0000000000000000e+00  1.5000000000000000e+00  1.0000000000000000e+00
286    0.0000000000000000e+00  4.5000000000000000e+00  1.5000000000000000e+00  1.0000000000000000e+00
287    1.0000000000000000e+00  4.5000000000000000e+00  1.5000000000000000e+00  1.0000000000000000e+00
288    3.0000000000000000e+00  4.5000000000000000e+00  1.5000000000000000e+00  1.0000000000000000e+00
289    6.0000000000000000e+00  4.5000000000000000e+00  1.5000000000000000e+00  1.0000000000000000e+00
290    9.0000000000000000e+00  4.5000000000000000e+00  1.5000000000000000e+00  1.0000000000000000e+00
291    1.2000000000000000e+01  4.5000000000000000e+00  1.5000000000000000e+00  1.0000000000000000e+00
292    1.5000000000000000e+01  4.5000000000000000e+00  1.5000000000000000e+00  1.0000000000000000e+00
293    1.8000000000000000e+01  4.5000000000000000e+00  1.5000000000000000e+00  1.0000000000000000e+00
294    2.1000000000000000e+01  4.5000000000000000e+00  1.5000000000000000e+00  1.0000000000000000e+00
295    2.3000000000000000e+01  4.5000000000000000e+00  1.5000000000000000e+00  1.0000000000000000e+00
296    2.4000000000000000e+01  4.5000000000000000e+00  1.5000000000000000e+00  1.0000000000000000e+00
297    0.0000000000000000e+00  6.0000000000000000e+00  1.5000000000000000e+00  1.0000000000000000e+00
298    1.0000000000000000e+00  6.0000000000000000e+00  1.5000000000000000e+00  1.0000000000000000e+00
299    3.0000000000000000e+00  6.0000000000000000e+00  1.5000000000000000e+00  1.0000000000000000e+00
300    6.0000000000000000e+00  6.0000000000000000e+00  1.5000000000000000e+00  1.0000000000000000e+00
301    9.0000000000000000e+00  6.0000000000000000e+00  1.5000000000000000e+00  1.0000000000000000e+00
302    1.2000000000000000e+01  6.0000000000000000e+00  1.5000000000000000e+00  1.0000000000000000e+00
303    1.5000000000000000e+01  6.0000000000000000e+00  1.5000000000000000e+00  1.0000000000000000e+00
304    1.8000000000000000e+01  6.0000000000000000e+00  1.5000000000000000e+00  1.0000000000000000e+00
305    2.1000000000000000e+01  6.0000000000000000e+00  1.5000000000000000e+00  1.0000000000000000e+00
306    2.3000000000000000e+01  6.0000000000000000e+00  1.5000000000000000e+00  1.0000000000000000e+00
307    2.4000000000000000e+01  6.0000000000000000e+00  1.5000000000000000e+00  1.0000000000000000e+00
308    0.0000000000000000e+00  7.5000000000000000e+00  1.5000000000000000e+00  1.0000000000000000e+00
309    1.0000000000000000e+00  7.5000000000000000e+00  1.5000000000000000e+00  1.0000000000000000e+00
310    3.0000000000000000e+00  7.5000000000000000e+00  1.5000000000000000e+00  1.0000000000000000e+00
311    6.0000000000000000e+00  7.5000000000000000e+00  1.5000000000000000e+00  1.0000000000000000e+00
312    9.0000000000000000e+00  7.5000000000000000e+00  1.5000000000000000e+00  1.0000000000000000e+00
313    1.2000000000000000e+01  7.5000000000000000e+00  1.5000000000000000e+00  1.0000000000000000e+00
314    1.5000000000000000e+01  7.5000000000000000e+00  1.5000000000000000e+00  1.0000000000000000e+00
315    1.8000000000000000e+01  7.5000000000000000e+00  1.5000000000000000e+00  1.0000000000000000e+00
316    2.1000000000000000e+01  7.5000000000000000e+00  1.5000000000000000e+00  1.0000000000000000e+00
317    2.3000000000000000e+01  7.5000000000000000e+00  1.5000000000000000e+00  1.0000000000000000e+00
318    2.4000000000000000e+01  7.5000000000000000e+00  1.5000000000000000e+00  1.0000000000000000e+00
319    0.0000000000000000e+00  9.0000000000000000e+00  1.5000000000000000e+00  1.0000000000000000e+00
320    1.0000000000000000e+00  9.0000000000000000e+00  1.5000000000000000e+00  1.0000000000000000e+00
321    3.0000000000000000e+00  9.0000000000000000e+00  1.5000000000000000e+00  1.0000000000000000e+00
322    6.0000000000000000e+00  9.0000000000000000e+00  1.5000000000000000e+00  1.0000000000000000e+00
323    9.0000000000000000e+00  9.0000000000000000e+00  1.5000000000000000e+00  1.0000000000000000e+00
324    1.2000000000000000e+01  9.0000000000000000e+00  1.5000000000000000e+00  1.0000000000000000e+00
325    1.5000000000000000e+01  9.0000000000000000e+00  1.5000000000000000e+00  1.0000000000000000e+00
326    1.8000000000000000e+01  9.0000000000000000e+00  1.5000000000000000e+00  1.0000000000000000e+00
327    2.1000000000000000e+01  9.0000000000000000e+00  1.5000000000000000e+00  1.0000000000000000e+00
328    2.3000000000000000e+01  9.0000000000000000e+00  1.5000000000000000e+00  1.0000000000000000e+00
329    2.4000000000000000e+01  9.0000000000000000e+00  1.5000000000000000e+00  1.0000000000000000e+00
330    0.0000000000000000e+00  1.0500000000000000e+01  1.5000000000000000e+00  1.0000000000000000e+00
331    1.0000000000000000e+00  1.0500000000000000e+01  1.5000000000000000e+00  1.0000000000000000e+00
332    3.0000000000000000e+00  1.0500000000000000e+01  1.5000000000000000e+00  1.0000000000000000e+00
333    6.0000000000000000e+00  1.0500000000000000e+01  1.5000000000000000e+00  1.0000000000000000e+00
334    9.0000000000000000e+00  1.0500000000000000e+01  1.5000000000000000e+00  1.0000000000000000e+00
335    1.2000000000000000e+01  1.0500000000000000e+01  1.5000000000000000e+00  1.0000000000000000e+00
336    1.5000000000000000e+01  1.0500000000000000e+01  1.5000000000000000e+00  1.0000000000000000e+00
337    1.8000000000000000e+01  1.0500000000000000e+01  1.5000000000000000e+00  1.0000000000000000e+00
338    2.1000000000000000e+01  1.0500000000000000e+01  1.5000000000000000e+00  1.0000000000000000e+00
339    2.3000000000000000e+01  1.0500000000000000e+01  1.5000000000000000e+00  1.0000000000000000e+00
340    2.4000000000000000e+01  1.0500000000000000e+01  1.5000000000000000e+00  1.0000000000000000e+00
341    0.0000000000000000e+00  1.1500000000000000e+01  1.5000000000000000e+00  1.0000000000000000e+00
342    1.0000000000000000e+00  1.1500000000000000e+01  1.5000000000000000e+00  1.0000000000000000e+00
343    3.0000000000000000e+00  1.1500000000000000e+01  1.5000000000000000e+00  1.0000000000000000e+00
344    6.0000000000000000e+00  1.1500000000000000e+01  1.5000000000000000e+00  1.0000000000000000e+00
345    9.0000000000000000e+00  1.1500000000000000e+01  1.5000000000000000e+00  1.0000000000000000e+00
346    1.2000000000000000e+01  1.1500000000000000e+01  1.5000000000000000e+00  1.0000000000000000e+00
347    1.5000000000000000e+01  1.1500000000000000e+01  1.5000000000000000e+00  1.0000000000000000e+00
348    1.8000000000000000e+01  1.1500000000000000e+01  1.5000000000000000e+00  1.0000000000000000e+00
349    2.1000000000000000e+01  1.1500000000000000e+01  1.5000000000000000e+00  1.0000000000000000e+00
350    2.3000000000000000e+01  1.1500000000000000e+01  1.5000000000000000e+00  1.0000000000000000e+00
351    2.4000000000000000e+01  1.1500000000000000e+01  1.5000000000000000e+00  1.0000000000000000e+00
352    0.0000000000000000e+00  1.2000000000000000e+01  1.5000000000000000e+00  1.0000000000000000e+00
353    1.0000000000000000e+00  1.2000000000000000e+01  1.5000000000000000e+00  1.0000000000000000e+00
354    3.0000000000000000e+00  1.2000000000000000e+01  1.5000000000000000e+00  1.0000000000000000e+00
355    6.0000000000000000e+00  1.2000000000000000e+01  1.5000000000000000e+00  1.0000000000000000e+00
356    9.0000000000000000e+00  1.2000000000000000e+01  1.5000000000000000e+00  1.0000000000000000e+00
357    1.2000000000000000e+01  1.2000000000000000e+01  1.5000000000000000e+00  1.0000000000000000e+00
358    1.5000000000000000e+01  1.2000000000000000e+01  1.5000000000000000e+00  1.0000000000000000e+00
359    1.8000000000000000e+01  1.2000000000000000e+01  1.5000000000000000e+00  1.0000000000000000e+00
360    2.1000000000000000e+01  1.2000000000000000e+01  1.5000000000000000e+00  1.0000000000000000e+00
361    2.3000000000000000e+01  1.2000000000000000e+01  1.5000000000000000e+00  1.0000000000000000e+00
362    2.4000000000000000e+01  1.2000000000000000e+01  1.5000000000000000e+00  1.0000000000000000e+00
363    0.0000000000000000e+00  0.0000000000000000e+00  3.0000000000000000e+00  1.0000000000000000e+00
364    1.0000000000000000e+00  0.0000000000000000e+00  3.0000000000000000e+00  1.0000000000000000e+00
365    3.0000000000000000e+00  0.0000000000000000e+00  3.0000000000000000e+00  1.0000000000000000e+00
366    6.0000000000000000e+00  0.0000000000000000e+00  3.0000000000000000e+00  1.0000000000000000e+00
367    9.0000000000000000e+00  0.0000000000000000e+00  3.0000000000000000e+00  1.0000000000000000e+00
368    1.2000000000000000e+01  0.0000000000000000e+00  3.0000000000000000e+00  1.0000000000000000e+00
369    1.5000000000000000e+01  0.0000000000000000e+00  3.0000000000000000e+00  1.0000000000000000e+00
370    1.8000000000000000e+01  0.0000000000000000e+00  3.0000000000000000e+00  1.0000000000000000e+00
371    2.1000000000000000e+01  0.0000000000000000e+00  3.0000000000000000e+00  1.0000000000000000e+00
372    2.3000000000000000e+01  0.0000000000000000e+00  3.0000000000000000e+00  1.0000000000000000e+00
373    2.4000000000000000e+01  0.0000000000000000e+00  3.0000000000000000e+00  1.0000000000000000e+00
374    0.0000000000000000e+00  5.0000000000000000e-01  3.0000000000000000e+00  1.0000000000000000e+00
375    1.0000000000000000e+00  5.0000000000000000e-01  3.0000000000000000e+00  1.0000000000000000e+00
376    3.0000000000000000e+00  5.0000000000000000e-01  3.0000000000000000e+00  1.0000000000000000e+00
377    6.0000000000000000e+00  5.0000000000000000e-01  3.0000000000000000e+00  1.0000000000000000e+00
378    9.0000000000000000e+00  5.0000000000000000e-01  3.0000000000000000e+00  1.0000000000000000e+00
379    1.2000000000000000e+01  5.0000000000000000e-01  3.0000000000000000e+00  1.0000000000000000e+00
380    1.5000000000000000e+01  5.0000000000000000e-01  3.0000000000000000e+00  1.0000000000000000e+00
381    1.8000000000000000e+01  5.0000000000000000e-01  3.0000000000000000e+00  1.0000000000000000e+00
382    2.1000000000000000e+01  5.0000000000000000e-01  3.0000000000000000e+00  1.0000000000000000e+00
383    2.3000000000000000e+01  5.0000000000000000e-01  3.0000000000000000e+00  1.0000000000000000e+00
384    2.4000000000000000e+01  5.0000000000000000e-01  3.0000000000000000e+00  1.0000000000000000e+00
385    0.0000000000000000e+00  1.5000000000000000e+00  3.0000000000000000e+00  1.0000000000000000e+00
386    1.0000000000000000e+00  1.5000000000000000e+00  3.0000000000000000e+00  1.0000000000000000e+00
387    3.0000000000000000e+00  1.5000000000000000e+00  3.0000000000000000e+00  1.0000000000000000e+00
388    6.0000000000000000e+00  1.5000000000000000e+00  3.0000000000000000e+00  1.0000000000000000e+00
389    9.0000000000000000e+00  1.5000000000000000e+00  3.0000000000000000e+00  1.0000000000000000e+00
390    1.2000000000000000e+01  1.5000000000000000e+00  3.0000000000000000e+00  1.0000000000000000e+00
391    1.5000000000000000e+01  1.5000000000000000e+00  3.0000000000000000e+00  1.0000000000000000e+00
392    1.8000000000000000e+01  1.5000000000000000e+00  3.0000000000000000e+00  1.0000000000000000e+00
393    2.1000000000000000e+01  1.5000000000000000e+00  3.0000000000000000e+00  1.0000000000000000e+00
394    2.3000000000000000e+01  1.5000000000000000e+00  3.0000000000000000e+00  1.0000000000000000e+00
395    2.4000000000000000e+01  1.5000000000000000e+00  3.0000000000000000e+00  1.0000000000000000e+00
396    0.0000000000000000e+00  3.0000000000000000e+00  3.0000000000000000e+00  1.0000000000000000e+00
397    1.0000000000000000e+00  3.0000000000000000e+00  3.0000000000000000e+00  1.0000000000000000e+00
398    3.0000000000000000e+00  3.0000000000000000e+00  3.0000000000000000e+00  1.0000000000000000e+00
399    6.0000000000000000e+00  3.0000000000000000e+00  3.0000000000000000e+00  1.0000000000000000e+00
400    9.0000000000000000e+00  3.0000000000000000e+00  3.0000000000000000e+00  1.0000000000000000e+00
401    1.2000000000000000e+01  3.0000000000000000e+00  3.0000000000000000e+00  1.0000000000000000e+00
402    1.5000000000000000e+01  3.0000000000000000e+00  3.0000000000000000e+00  1.0000000000000000e+00
403    1.8000000000000000e+01  3.0000000000000000e+00  3.0000000000000000e+00  1.0000000000000000e+00
404    2.1000000000000000e+01  3.0000000000000000e+00  3.0000000000000000e+00  1.0000000000000000e+00
405    2.3000000000000000e+01  3.0000000000000000e+00  3.0000000000000000e+00  1.0000000000000000e+00
406    2.4000000000000000e+01  3.0000000000000000e+00  3.0000000000000000e+00  1.0000000000000000e+00
407    0.0000000000000000e+00  4.5000000000000000e+00  3.0000000000000000e+00  1.0000000000000000e+00
408    1.0000000000000000e+00  4.5000000000000000e+00  3.0000000000000000e+00  1.0000000000000000e+00
409    3.0000000000000000e+00  4.5000000000000000e+00  3.0000000000000000e+00  1.0000000000000000e+00
410    6.0000000000000000e+00  4.5000000000000000e+00  3.0000000000000000e+00  1.0000000000000000e+00
411    9.0000000000000000e+00  4.5000000000000000e+00  3.0000000000000000e+00  1.0000000000000000e+00
412    1.2000000000000000e+01  4.5000000000000000e+00  3.0000000000000000e+00  1.0000000000000000e+00
413    1.5000000000000000e+01  4.5000000000000000e+00  3.0000000000000000e+00  1.0000000000000000e+00
414    1.8000000000000000e+01  4.5000000000000000e+00  3.0000000000000000e+00  1.0000000000000000e+00
415    2.1000000000000000e+01  4.5000000000000000e+00  3.0000000000000000e+00  1.0000000000000000e+00
416    2.3000000000000000e+01  4.5000000000000000e+00  3.0000000000000000e+00  1.0000000000000000e+00
417    2.4000000000000000e+01  4.5000000000000000e+00  3.0000000000000000e+00  1.0000000000000000e+00
418    0.0000000000000000e+00  6.0000000000000000e+00  3.0000000000000000e+00  1.0000000000000000e+00
419    1.0000000000000000e+00  6.0000000000000000e+00  3.0000000000000000e+00  1.0000000000000000e+00
420    3.0000000000000000e+00  6.0000000000000000e+00  3.0000000000000000e+00  1.0000000000000000e+00
421    6.0000000000000000e+00  6.0000000000000000e+00  3.0000000000000000e+00  1.0000000000000000e+00
422    9.0000000000000000e+00  6.0000000000000000e+00  3.0000000000000000e+00  1.0000000000000000e+00
423    1.2000000000000000e+01  6.0000000000000000e+00  3.0000000000000000e+00  1.0000000000000000e+00
424    1.5000000000000000e+01  6.0000000000000000e+00  3.0000000000000000e+00  1.0000000000000000e+00
425    1.8000000000000000e+01  6.0000000000000000e+00  3.0000000000000000e+00  1.0000000000000000e+00
426    2.1000000000000000e+01  6.0000000000000000e+00  3.0000000000000000e+00  1.0000000000000000e+00
427    2.3000000000000000e+01  6.0000000000000000e+00  3.0000000000000000e+00  1.0000000000000000e+00
428    2.4000000000000000e+01  6.0000000000000000e+00  3.0000000000000000e+00  1.0000000000000000e+00
429    0.0000000000000000e+00  7.5000000000000000e+00  3.0000000000000000e+00  1.0000000000000000e+00
430    1.0000000000000000e+00  7.5000000000000000e+00  3.0000000000000000e+00  1.0000000000000000e+00
431    3.0000000000000000e+00  7.5000000000000000e+00  3.0000000000000000e+00  1.0000000000000000e+00
432    6.0000000000000000e+00  7.5000000000000000e+00  3.0000000000000000e+00  1.0000000000000000e+00
433    9.0000000000000000e+00  7.5000000000000000e+00  3.0000000000000000e+00  1.0000000000000000e+00
434    1.2000000000000000e+01  7.5000000000000000e+00  3.0000000000000000e+00  1.0000000000000000e+00
435    1.5000000000000000e+01  7.5000000000000000e+00  3.0000000000000000e+00  1.0000000000000000e+00
436    1.8000000000000000e+01  7.5000000000000000e+00  3.0000000000000000e+00  1.0000000000000000e+00
437    2.1000000000000000e+01  7.5000000000000000e+00  3.0000000000000000e+00  1.0000000000000000e+00
438    2.3000000000000000e+01  7.5000000000000000e+00  3.0000000000000000e+00  1.0000000000000000e+00
439    2.4000000000000000e+01  7.5000000000000000e+00  3.0000000000000000e+00  1.0000000000000000e+00
440    0.0000000000000000e+00  9.0000000000000000e+00  3.0000000000000000e+00  1.0000000000000000e+00
441    1.0000000000000000e+00  9.0000000000000000e+00  3.0000000000000000e+00  1.0000000000000000e+00
442    3.0000000000000000e+00  9.0000000000000000e+00  3.0000000000000000e+00  1.0000000000000000e+00
443    6.0000000000000000e+00  9.0000000000000000e+00  3.0000000000000000e+00  1.0000000000000000e+00
444    9.0000000000000000e+00  9.0000000000000000e+00  3.0000000000000000e+00  1.0000000000000000e+00
445    1.2000000000000000e+01  9.0000000000000000e+00  3.0000000000000000e+00  1.0000000000000000e+00
446    1.5000000000000000e+01  9.0000000000000000e+00  3.0000000000000000e+00  1.0000000000000000e+00
447    1.8000000000000000e+01  9.0000000000000000e+00  3.0000000000000000e+00  1.0000000000000000e+00
448    2.1000000000000000e+01  9.0000000000000000e+00  3.0000000000000000e+00  1.0000000000000000e+00
449    2.3000000000000000e+01  9.0000000000000000e+00  3.0000000000000000e+00  1.0000000000000000e+00
450    2.4000000000000000e+01  9.0000000000000000e+00  3.0000000000000000e+00  1.0000000000000000e+00
451    0.0000000000000000e+00  1.0500000000000000e+01  3.0000000000000000e+00  1.0000000000000000e+00
452    1.0000000000000000e+00  1.0500000000000000e+01  3.0000000000000000e+00  1.0000000000000000e+00
453    3.0000000000000000e+00  1.0500000000000000e+01  3.0000000000000000e+00  1.0000000000000000e+00
454    6.0000000000000000e+00  1.0500000000000000e+01  3.0000000000000000e+00  1.0000000000000000e+00
455    9.0000000000000000e+00  1.0500000000000000e+01  3.0000000000000000e+00  1.0000000000000000e+00
456    1.2000000000000000e+01  1.0500000000000000e+01  3.0000000000000000e+00  1.0000000000000000e+00
457    1.5000000000000000e+01  1.0500000000000000e+01  3.0000000000000000e+00  1.0000000000000000e+00
458    1.8000000000000000e+01  1.0500000000000000e+01  3.0000000000000000e+00  1.0000000000000000e+00
459    2.1000000000000000e+01  1.0500000000000000e+01  3.0000000000000000e+00  1.0000000000000000e+00
460    2.3000000000000000e+01  1.0500000000000000e+01  3.0000000000000000e+00  1.0000000000000000e+00
461    2.4000000000000000e+01  1.0500000000000000e+01  3.0000000000000000e+00  1.0000000000000000e+00
462    0.0000000000000000e+00  1.1500000000000000e+01  3.0000000000000000e+00  1.0000000000000000e+00
463    1.0000000000000000e+00  1.1500000000000000e+01  3.0000000000000000e+00  1.0000000000000000e+00
464    3.0000000000000000e+00  1.1500000000000000e+01  3.0000000000000000e+00  1.0000000000000000e+00
465    6.0000000000000000e+00  1.1500000000000000e+01  3.0000000000000000e+00  1.0000000000000000e+00
466    9.0000000000000000e+00  1.1500000000000000e+01  3.0000000000000000e+00  1.0000000000000000e+00
467    1.2000000000000000e+01  1.1500000000000000e+01  3.0000000000000000e+00  1.0000000000000000e+00
468    1.5000000000000000e+01  1.1500000000000000e+01  3.0000000000000000e+00  1.0000000000000000e+00
469    1.8000000000000000e+01  1.1500000000000000e+01  3.0000000000000000e+00  1.0000000000000000e+00
470    2.1000000000000000e+01  1.1500000000000000e+01  3.0000000000000000e+00  1.0000000000000000e+00
471    2.3000000000000000e+01  1.1500000000000000e+01  3.0000000000000000e+00  1.0000000000000000e+00
472    2.4000000000000000e+01  1.1500000000000000e+01  3.0000000000000000e+00  1.0000000000000000e+00
473    0.0000000000000000e+00  1.2000000000000000e+01  3.0000000000000000e+00  1.0000000000000000e+00
474    1.0000000000000000e+00  1.2000000000000000e+01  3.0000000000000000e+00  1.0000000000000000e+00
475    3.0000000000000000e+00  1.2000000000000000e+01  3.0000000000000000e+00  1.0000000000000000e+00
476    6.0000000000000000e+00  1.2000000000000000e+01  3.0000000000000000e+00  1.0000000000000000e+00
477    9.0000000000000000e+00  1.2000000000000000e+01  3.0000000000000000e+00  1.0000000000000000e+00
478    1.2000000000000000e+01  1.2000000000000000e+01  3.0000000000000000e+00  1.0000000000000000e+00
479    1.5000000000000000e+01  1.2000000000000000e+01  3.0000000000000000e+00  1.0000000000000000e+00
480    1.8000000000000000e+01  1.2000000000000000e+01  3.0000000000000000e+00  1.0000000000000000e+00
481    2.1000000000000000e+01  1.2000000000000000e+01  3.0000000000000000e+00  1.0000000000000000e+00
482    2.3000000000000000e+01  1.2000000000000000e+01  3.0000000000000000e+00  1.0000000000000000e+00
483    2.4000000000000000e+01  1.2000000000000000e+01  3.0000000000000000e+00  1.0000000000000000e+00
484    0.0000000000000000e+00  0.0000000000000000e+00  4.5000000000000000e+00  1.0000000000000000e+00
485    1.0000000000000000e+00  0.0000000000000000e+00  4.5000000000000000e+00  1.0000000000000000e+00
486    3.0000000000000000e+00  0.0000000000000000e+00  4.5000000000000000e+00  1.0000000000000000e+00
487    6.0000000000000000e+00  0.0000000000000000e+00  4.5000000000000000e+00  1.0000000000000000e+00
488    9.0000000000000000e+00  0.0000000000000000e+00  4.5000000000000000e+00  1.0000000000000000e+00
489    1.2000000000000000e+01  0.0000000000000000e+00  4.5000000000000000e+00  1.0000000000000000e+00
490    1.5000000000000000e+01  0.0000000000000000e+00  4.5000000000000000e+00  1.0000000000000000e+00
491    1.8000000000000000e+01  0.0000000000000000e+00  4.5000000000000000e+00  1.0000000000000000e+00
492    2.1000000000000000e+01  0.0000000000000000e+00  4.5000000000000000e+00  1.0000000000000000e+00
493    2.3000000000000000e+01  0.0000000000000000e+00  4.5000000000000000e+00  1.0000000000000000e+00
494    2.4000000000000000e+01  0.0000000000000000e+00  4.5000000000000000e+00  1.0000000000000000e+00
495    0.0000000000000000e+00  5.0000000000000000e-01  4.5000000000000000e+00  1.0000000000000000e+00
496    1.0000000000000000e+00  5.0000000000000000e-01  4.5000000000000000e+00  1.0000000000000000e+00
497    3.0000000000000000e+00  5.0000000000000000e-01  4.5000000000000000e+00  1.0000000000000000e+00
498    6.0000000000000000e+00  5.0000000000000000e-01  4.5000000000000000e+00  1.0000000000000000e+00
499    9.0000000000000000e+00  5.0000000000000000e-01  4.5000000000000000e+00  1.0000000000000000e+00
500    1.2000000000000000e+01  5.0000000000000000e-01  4.5000000000000000e+00  1.0000000000000000e+00
501    1.5000000000000000e+01  5.0000000000000000e-01  4.5000000000000000e+00  1.0000000000000000e+00
502    1.8000000000000000e+01  5.0000000000000000e-01  4.5000000000000000e+00  1.0000000000000000e+00
503    2.1000000000000000e+01  5.0000000000000000e-01  4.5000000000000000e+00  1.0000000000000000e+00
504    2.3000000000000000e+01  5.0000000000000000e-01  4.5000000000000000e+00  1.0000000000000000e+00
505    2.4000000000000000e+01  5.0000000000000000e-01  4.5000000000000000e+00  1.0000000000000000e+00
506    0.0000000000000000e+00  1.5000000000000000e+00  4.5000000000000000e+00  1.0000000000000000e+00
507    1.0000000000000000e+00  1.5000000000000000e+00  4.5000000000000000e+00  1.0000000000000000e+00
508    3.0000000000000000e+00  1.5000000000000000e+00  4.5000000000000000e+00  1.0000000000000000e+00
509    6.0000000000000000e+00  1.5000000000000000e+00  4.5000000000000000e+00  1.0000000000000000e+00
510    9.0000000000000000e+00  1.5000000000000000e+00  4.5000000000000000e+00  1.0000000000000000e+00
511    1.2000000000000000e+01  1.5000000000000000e+00  4.5000000000000000e+00  1.0000000000000000e+00
512    1.5000000000000000e+01  1.5000000000000000e+00  4.5000000000000000e+00  1.0000000000000000e+00
513    1.8000000000000000e+01  1.5000000000000000e+00  4.5000000000000000e+00  1.0000000000000000e+00
514    2.1000000000000000e+01  1.5000000000000000e+00  4.5000000000000000e+00  1.0000000000000000e+00
515    2.3000000000000000e+01  1.5000000000000000e+00  4.5000000000000000e+00  1.0000000000000000e+00
516    2.4000000000000000e+01  1.5000000000000000e+00  4.5000000000000000e+00  1.0000000000000000e+00
517    0.0000000000000000e+00  3.0000000000000000e+00  4.5000000000000000e+00  1.0000000000000000e+00
518    1.0000000000000000e+00  3.0000000000000000e+00  4.5000000000000000e+00  1.0000000000000000e+00
519    3.0000000000000000e+00  3.0000000000000000e+00  4.5000000000000000e+00  1.0000000000000000e+00
520    6.0000000000000000e+00  3.0000000000000000e+00  4.5000000000000000e+00  1.0000000000000000e+00
521    9.0000000000000000e+00  3.0000000000000000e+00  4.5000000000000000e+00  1.0000000000000000e+00
522    1.2000000000000000e+01  3.0000000000000000e+00  4.5000000000000000e+00  1.0000000000000000e+00
523    1.5000000000000000e+01  3.0000000000000000e+00  4.5000000000000000e+00  1.0000000000000000e+00
524    1.8000000000000000e+01  3.0000000000000000e+00  4.5000000000000000e+00  1.0000000000000000e+00
525    2.1000000000000000e+01  3.0000000000000000e+00  4.5000000000000000e+00  1.0000000000000000e+00
526    2.3000000000000000e+01  3.0000000000000000e+00  4.5000000000000000e+00  1.0000000000000000e+00
527    2.4000000000000000e+01  3.0000000000000000e+00  4.5000000000000000e+00  1.0000000000000000e+00
528    0.0000000000000000e+00  4.5000000000000000e+00  4.5000000000000000e+00  1.0000000000000000e+00
529    1.0000000000000000e+00  4.5000000000000000e+00  4.5000000000000000e+00  1.0000000000000000e+00
530    3.0000000000000000e+00  4.5000000000000000e+00  4.5000000000000000e+00  1.0000000000000000e+00
531    6.0000000000000000e+00  4.5000000000000000e+00  4.5000000000000000e+00  1.0000000000000000e+00
532    9.0000000000000000e+00  4.5000000000000000e+00  4.5000000000000000e+00  1.0000000000000000e+00
533    1.2000000000000000e+01  4.5000000000000000e+00  4.5000000000000000e+00  1.0000000000000000e+00
534    1.5000000000000000e+01  4.5000000000000000e+00  4.5000000000000000e+00  1.0000000000000000e+00
535    1.8000000000000000e+01  4.5000000000000000e+00  4.5000000000000000e+00  1.0000000000000000e+00
536    2.1000000000000000e+01  4.5000000000000000e+00  4.5000000000000000e+00  1.0000000000000000e+00
537    2.3000000000000000e+01  4.5000000000000000e+00  4.5000000000000000e+00  1.0000000000000000e+00
538    2.4000000000000000e+01  4.5000000000000000e+00  4.5000000000000000e+00  1.0000000000000000e+00
539    0.0000000000000000e+00  6.0000000000000000e+00  4.5000000000000000e+00  1.0000000000000000e+00
540    1.0000000000000000e+00  6.0000000000000000e+00  4.5000000000000000e+00  1.0000000000000000e+00
541    3.0000000000000000e+00  6.0000000000000000e+00  4.5000000000000000e+00  1.0000000000000000e+00
542    6.0000000000000000e+00  6.0000000000000000e+00  4.5000000000000000e+00  1.0000000000000000e+00
543    9.0000000000000000e+00  6.0000000000000000e+00  4.5000000000000000e+00  1.0000000000000000e+00
544    1.2000000000000000e+01  6.0000000000000000e+00  4.5000000000000000e+00  1.0000000000000000e+00
545    1.5000000000000000e+01  6.0000000000000000e+00  4.5000000000000000e+00  1.0000000000000000e+00
546    1.8000000000000000e+01  6.0000000000000000e+00  4.5000000000000000e+00  1.0000000000000000e+00
547    2.1000000000000000e+01  6.0000000000000000e+00  4.5000000000000000e+00  1.0000000000000000e+00
548    2.3000000000000000e+01  6.0000000000000000e+00  4.5000000000000000e+00  1.0000000000000000e+00
549    2.4000000000000000e+01  6.0000000000000000e+00  4.5000000000000000e+00  1.0000000000000000e+00
550    0.0000000000000000e+00  7.5000000000000000e+00  4.5000000000000000e+00  1.0000000000000000e+00
551    1.0000000000000000e+00  7.5000000000000000e+00  4.5000000000000000e+00  1.0000000000000000e+00
552    3.0000000000000000e+00  7.5000000000000000e+00  4.5000000000000000e+00  1.0000000000000000e+00
553    6.0000000000000000e+00  7.5000000000000000e+00  4.5000000000000000e+00  1.0000000000000000e+00
554    9.0000000000000000e+00  7.5000000000000000e+00  4.5000000000000000e+00  1.0000000000000000e+00
555    1.2000000000000000e+01  7.5000000000000000e+00  4.5000000000000000e+00  1.0000000000000000e+00
556    1.5000000000000000e+01  7.5000000000000000e+00  4.5000000000000000e+00  1.0000000000000000e+00
557    1.8000000000000000e+01  7.5000000000000000e+00  4.5000000000000000e+00  1.0000000000000000e+00
558    2.1000000000000000e+01  7.5000000000000000e+00  4.5000000000000000e+00  1.0000000000000000e+00
559    2.3000000000000000e+01  7.5000000000000000e+00  4.5000000000000000e+00  1.0000000000000000e+00
560    2.4000000000000000e+01  7.5000000000000000e+00  4.5000000000000000e+00  1.0000000000000000e+00
561    0.0000000000000000e+00  9.0000000000000000e+00  4.5000000000000000e+00  1.0000000000000000e+00
562    1.0000000000000000e+00  9.0000000000000000e+00  4.5000000000000000e+00  1.0000000000000000e+00
563    3.0000000000000000e+00  9.0000000000000000e+00  4.5000000000000000e+00  1.0000000000000000e+00
564    6.0000000000000000e+00  9.0000000000000000e+00  4.5000000000000000e+00  1.0000000000000000e+00
565    9.0000000000000000e+00  9.0000000000000000e+00  4.5000000000000000e+00  1.0000000000000000e+00
566    1.2000000000000000e+01  9.0000000000000000e+00  4.5000000000000000e+00  1.0000000000000000e+00
567    1.5000000000000000e+01  9.0000000000000000e+00  4.5000000000000000e+00  1.0000000000000000e+00
568    1.8000000000000000e+01  9.0000000000000000e+00  4.5000000000000000e+00  1.0000000000000000e+00
569    2.1000000000000000e+01  9.0000000000000000e+00  4.5000000000000000e+00  1.0000000000000000e+00
570    2.3000000000000000e+01  9.0000000000000000e+00  4.5000000000000000e+00  1.0000000000000000e+00
571    2.4000000000000000e+01  9.0000000000000000e+00  4.5000000000000000e+00  1.0000000000000000e+00
572    0.0000000000000000e+00  1.0500000000000000e+01  4.5000000000000000e+00  1.0000000000000000e+00
573    1.0000000000000000e+00  1.0500000000000000e+01  4.5000000000000000e+00  1.0000000000000000e+00
574    3.0000000000000000e+00  1.0500000000000000e+01  4.5000000000000000e+00  1.0000000000000000e+00
575    6.0000000000000000e+00  1.0500000000000000e+01  4.5000000000000000e+00  1.0000000000000000e+00
576    9.0000000000000000e+00  1.0500000000000000e+01  4.5000000000000000e+00  1.0000000000000000e+00
577    1.2000000000000000e+01  1.0500000000000000e+01  4.5000000000000000e+00  1.0000000000000000e+00
578    1.5000000000000000e+01  1.0500000000000000e+01  4.5000000000000000e+00  1.0000000000000000e+00
579    1.8000000000000000e+01  1.0500000000000000e+01  4.5000000000000000e+00  1.0000000000000000e+00
580    2.1000000000000000e+01  1.0500000000000000e+01  4.5000000000000000e+00  1.0000000000000000e+00
581    2.3000000000000000e+01  1.0500000000000000e+01  4.5000000000000000e+00  1.0000000000000000e+00
582    2.4000000000000000e+01  1.0500000000000000e+01  4.5000000000000000e+00  1.0000000000000000e+00
583    0.0000000000000000e+00  1.1500000000000000e+01  4.5000000000000000e+00  1.0000000000000000e+00
584    1.0000000000000000e+00  1.1500000000000000e+01  4.5000000000000000e+00  1.0000000000000000e+00
585    3.0000000000000000e+00  1.1500000000000000e+01  4.5000000000000000e+00  1.0000000000000000e+00
586    6.0000000000000000e+00  1.1500000000000000e+01  4.5000000000000000e+00  1.0000000000000000e+00
587    9.0000000000000000e+00  1.1500000000000000e+01  4.5000000000000000e+00  1.0000000000000000e+00
588    1.2000000000000000e+01  1.1500000000000000e+01  4.5000000000000000e+00  1.0000000000000000e+00
589    1.5000000000000000e+01  1.1500000000000000e+01  4.5000000000000000e+00  1.0000000000000000e+00
590    1.8000000000000000e+01  1.1500000000000000e+01  4.5000000000000000e+00  1.0000000000000000e+00
591    2.1000000000000000e+01  1.1500000000000000e+01  4.5000000000000000e+00  1.0000000000000000e+00
592    2.3000000000000000e+01  1.1500000000000000e+01  4.5000000000000000e+00  1.0000000000000000e+00
593    2.4000000000000000e+01  1.1500000000000000e+01  4.5000000000000000e+00  1.0000000000000000e+00
594    0.0000000000000000e+00  1.2000000000000000e+01  4.5000000000000000e+00  1.0000000000000000e+00
595    1.0000000000000000e+00  1.2000000000000000e+01  4.5000000000000000e+00  1.0000000000000000e+00
596    3.0000000000000000e+00  1.2000000000000000e+01  4.5000000000000000e+00  1.0000000000000000e+00
597    6.0000000000000000e+00  1.2000000000000000e+01  4.5000000000000000e+00  1.0000000000000000e+00
598    9.0000000000000000e+00  1.2000000000000000e+01  4.5000000000000000e+00  1.0000000000000000e+00
599    1.2000000000000000e+01  1.2000000000000000e+01  4.5000000000000000e+00  1.0000000000000000e+00
600    1.5000000000000000e+01  1.2000000000000000e+01  4.5000000000000000e+00  1.0000000000000000e+00
601    1.8000000000000000e+01  1.2000000000000000e+01  4.5000000000000000e+00  1.0000000000000000e+00
602    2.1000000000000000e+01  1.2000000000000000e+01  4.5000000000000000e+00  1.0000000000000000e+00
603    2.3000000000000000e+01  1.2000000000000000e+01  4.5000000000000000e+00  1.0000000000000000e+00
604    2.4000000000000000e+01  1.2000000000000000e+01  4.5000000000000000e+00  1.0000000000000000e+00
605    0.0000000000000000e+00  0.0000000000000000e+00  6.0000000000000000e+00  1.0000000000000000e+00
606    1.0000000000000000e+00  0.0000000000000000e+00  6.0000000000000000e+00  1.0000000000000000e+00
607    3.0000000000000000e+00  0.0000000000000000e+00  6.0000000000000000e+00  1.0000000000000000e+00
608    6.0000000000000000e+00  0.0000000000000000e+00  6.0000000000000000e+00  1.0000000000000000e+00
609    9.0000000000000000e+00  0.0000000000000000e+00  6.0000000000000000e+00  1.0000000000000000e+00
610    1.2000000000000000e+01  0.0000000000000000e+00  6.0000000000000000e+00  1.0000000000000000e+00
611    1.5000000000000000e+01  0.0000000000000000e+00  6.0000000000000000e+00  1.0000000000000000e+00
612    1.8000000000000000e+01  0.0000000000000000e+00  6.0000000000000000e+00  1.0000000000000000e+00
613    2.1000000000000000e+01  0.0000000000000000e+00  6.0000000000000000e+00  1.0000000000000000e+00
614    2.3000000000000000e+01  0.0000000000000000e+00  6.0000000000000000e+00  1.0000000000000000e+00
615    2.4000000000000000e+01  0.0000000000000000e+00  6.0000000000000000e+00  1.0000000000000000e+00
616    0.0000000000000000e+00  5.0000000000000000e-01  6.0000000000000000e+00  1.0000000000000000e+00
617    1.0000000000000000e+00  5.0000000000000000e-01  6.0000000000000000e+00  1.0000000000000000e+00
618    3.0000000000000000e+00  5.0000000000000000e-01  6.0000000000000000e+00  1.0000000000000000e+00
619    6.0000000000000000e+00  5.0000000000000000e-01  6.0000000000000000e+00  1.0000000000000000e+00
620    9.0000000000000000e+00  5.0000000000000000e-01  6.0000000000000000e+00  1.0000000000000000e+00
621    1.2000000000000000e+01  5.0000000000000000e-01  6.0000000000000000e+00  1.0000000000000000e+00
622    1.5000000000000000e+01  5.0000000000000000e-01  6.0000000000000000e+00  1.0000000000000000e+00
623    1.8000000000000000e+01  5.0000000000000000e-01  6.0000000000000000e+00  1.0000000000000000e+00
624    2.1000000000000000e+01  5.0000000000000000e-01  6.0000000000000000e+00  1.0000000000000000e+00
625    2.3000000000000000e+01  5.0000000000000000e-01  6.0000000000000000e+00  1.0000000000000000e+00
626    2.4000000000000000e+01  5.0000000000000000e-01  6.0000000000000000e+00  1.0000000000000000e+00
627    0.0000000000000000e+00  1.5000000000000000e+00  6.0000000000000000e+00  1.0000000000000000e+00
628    1.0000000000000000e+00  1.5000000000000000e+00  6.0000000000000000e+00  1.0000000000000000e+00
629    3.0000000000000000e+00  1.5000000000000000e+00  6.0000000000000000e+00  1.0000000000000000e+00
630    6.0000000000000000e+00  1.5000000000000000e+00  6.0000000000000000e+00  1.0000000000000000e+00
631    9.0000000000000000e+00  1.5000000000000000e+00  6.0000000000000000e+00  1.0000000000000000e+00
632    1.2000000000000000e+01  1.5000000000000000e+00  6.0000000000000000e+00  1.0000000000000000e+00
633    1.5000000000000000e+01  1.5000000000000000e+00  6.0000000000000000e+00  1.0000000000000000e+00
634    1.8000000000000000e+01  1.5000000000000000e+00  6.0000000000000000e+00  1.0000000000000000e+00
635    2.1000000000000000e+01  1.5000000000000000e+00  6.0000000000000000e+00  1.0000000000000000e+00
636    2.3000000000000000e+01  1.5000000000000000e+00  6.0000000000000000e+00  1.0000000000000000e+00
637    2.4000000000000000e+01  1.5000000000000000e+00  6.0000000000000000e+00  1.0000000000000000e+00
638    0.0000000000000000e+00  3.0000000000000000e+00  6.0000000000000000e+00  1.0000000000000000e+00
639    1.0000000000000000e+00  3.0000000000000000e+00  6.0000000000000000e+00  1.0000000000000000e+00
640    3.0000000000000000e+00  3.0000000000000000e+00  6.0000000000000000e+00  1.0000000000000000e+00
641    6.0000000000000000e+00  3.0000000000000000e+00  6.0000000000000000e+00  1.0000000000000000e+00
642    9.0000000000000000e+00  3.0000000000000000e+00  6.0000000000000000e+00  1.0000000000000000e+00
643    1.2000000000000000e+01  3.0000000000000000e+00  6.0000000000000000e+00  1.0000000000000000e+00
644    1.5000000000000000e+01  3.0000000000000000e+00  6.0000000000000000e+00  1.0000000000000000e+00
645    1.8000000000000000e+01  3.0000000000000000e+00  6.0000000000000000e+00  1.0000000000000000e+00
646    2.1000000000000000e+01  3.0000000000000000e+00  6.0000000000000000e+00  1.0000000000000000e+00
647    2.3000000000000000e+01  3.0000000000000000e+00  6.0000000000000000e+00  1.0000000000000000e+00
648    2.4000000000000000e+01  3.0000000000000000e+00  6.0000000000000000e+00  1.0000000000000000e+00
649    0.0000000000000000e+00  4.5000000000000000e+00  6.0000000000000000e+00  1.0000000000000000e+00
650    1.0000000000000000e+00  4.5000000000000000e+00  6.0000000000000000e+00  1.0000000000000000e+00
651    3.0000000000000000e+00  4.5000000000000000e+00  6.0000000000000000e+00  1.0000000000000000e+00
652    6.0000000000000000e+00  4.5000000000000000e+00  6.0000000000000000e+00  1.0000000000000000e+00
653    9.0000000000000000e+00  4.5000000000000000e+00  6.0000000000000000e+00  1.0000000000000000e+00
654    1.2000000000000000e+01  4.5000000000000000e+00  6.0000000000000000e+00  1.0000000000000000e+00
655    1.5000000000000000e+01  4.5000000000000000e+00  6.0000000000000000e+00  1.0000000000000000e+00
656    1.8000000000000000e+01  4.5000000000000000e+00  6.0000000000000000e+00  1.0000000000000000e+00
657    2.1000000000000000e+01  4.5000000000000000e+00  6.0000000000000000e+00  1.0000000000000000e+00
658    2.3000000000000000e+01  4.5000000000000000e+00  6.0000000000000000e+00  1.0000000000000000e+00
659    2.4000000000000000e+01  4.5000000000000000e+00  6.0000000000000000e+00  1.0000000000000000e+00
660    0.0000000000000000e+00  6.0000000000000000e+00  6.0000000000000000e+00  1.0000000000000000e+00
661    1.0000000000000000e+00  6.0000000000000000e+00  6.0000000000000000e+00  1.0000000000000000e+00
662    3.0000000000000000e+00  6.0000000000000000e+00  6.0000000000000000e+00  1.0000000000000000e+00
663    6.0000000000000000e+00  6.0000000000000000e+00  6.0000000000000000e+00  1.0000000000000000e+00
664    9.0000000000000000e+00  6.0000000000000000e+00  6.0000000000000000e+00  1.0000000000000000e+00
665    1.2000000000000000e+01  6.0000000000000000e+00  6.0000000000000000e+00  1.0000000000000000e+00
666    1.5000000000000000e+01  6.0000000000000000e+00  6.0000000000000000e+00  1.0000000000000000e+00
667    1.8000000000000000e+01  6.0000000000000000e+00  6.0000000000000000e+00  1.0000000000000000e+00
668    2.1000000000000000e+01  6.0000000000000000e+00  6.0000000000000000e+00  1.0000000000000000e+00
669    2.3000000000000000e+01  6.0000000000000000e+00  6.0000000000000000e+00  1.0000000000000000e+00
670    2.4000000000000000e+01  6.0000000000000000e+00  6.0000000000000000e+00  1.0000000000000000e+00
671    0.0000000000000000e+00  7.5000000000000000e+00  6.0000000000000000e+00  1.0000000000000000e+00
672    1.0000000000000000e+00  7.5000000000000000e+00  6.0000000000000000e+00  1.0000000000000000e+00
673    3.0000000000000000e+00  7.5000000000000000e+00  6.0000000000000000e+00  1.0000000000000000e+00
674    6.0000000000000000e+00  7.5000000000000000e+00  6.0000000000000000e+00  1.0000000000000000e+00
675    9.0000000000000000e+00  7.5000000000000000e+00  6.0000000000000000e+00  1.0000000000000000e+00
676    1.2000000000000000e+01  7.5000000000000000e+00  6.0000000000000000e+00  1.0000000000000000e+00
677    1.5000000000000000e+01  7.5000000000000000e+00  6.0000000000000000e+00  1.0000000000000000e+00
678    1.8000000000000000e+01  7.5000000000000000e+00  6.0000000000000000e+00  1.0000000000000000e+00
679    2.1000000000000000e+01  7.5000000000000000e+00  6.0000000000000000e+00  1.0000000000000000e+00
680    2.3000000000000000e+01  7.5000000000000000e+00  6.0000000000000000e+00  1.0000000000000000e+00
681    2.4000000000000000e+01  7.5000000000000000e+00  6.0000000000000000e+00  1.0000000000000000e+00
682    0.0000000000000000e+00  9.0000000000000000e+00  6.0000000000000000e+00  1.0000000000000000e+00
683    1.0000000000000000e+00  9.0000000000000000e+00  6.0000000000000000e+00  1.0000000000000000e+00
684    3.0000000000000000e+00  9.0000000000000000e+00  6.0000000000000000e+00  1.0000000000000000e+00
685    6.0000000000000000e+00  9.0000000000000000e+00  6.0000000000000000e+00  1.0000000000000000e+00
686    9.0000000000000000e+00  9.0000000000000000e+00  6.0000000000000000e+00  1.0000000000000000e+00
687    1.2000000000000000e+01  9.0000000000000000e+00  6.0000000000000000e+00  1.0000000000000000e+00
688    1.5000000000000000e+01  9.0000000000000000e+00  6.0000000000000000e+00  1.0000000000000000e+00
689    1.8000000000000000e+01  9.0000000000000000e+00  6.0000000000000000e+00  1.0000000000000000e+00
690    2.1000000000000000e+01  9.0000000000000000e+00  6.0000000000000000e+00  1.0000000000000000e+00
691    2.3000000000000000e+01  9.0000000000000000e+00  6.0000000000000000e+00  1.0000000000000000e+00
692    2.4000000000000000e+01  9.0000000000000000e+00  6.0000000000000000e+00  1.0000000000000000e+00
693    0.0000000000000000e+00  1.0500000000000000e+01  6.0000000000000000e+00  1.0000000000000000e+00
694    1.0000000000000000e+00  1.0500000000000000e+01  6.0000000000000000e+00  1.0000000000000000e+00
695    3.0000000000000000e+00  1.0500000000000000e+01  6.0000000000000000e+00  1.0000000000000000e+00
696    6.0000000000000000e+00  1.0500000000000000e+01  6.0000000000000000e+00  1.0000000000000000e+00
697    9.0000000000000000e+00  1.0500000000000000e+01  6.0000000000000000e+00  1.0000000000000000e+00
698    1.2000000000000000e+01  1.0500000000000000e+01  6.0000000000000000e+00  1.0000000000000000e+00
699    1.5000000000000000e+01  1.0500000000000000e+01  6.0000000000000000e+00  1.0000000000000000e+00
700    1.8000000000000000e+01  1.0500000000000000e+01  6.0000000000000000e+00  1.0000000000000000e+00
701    2.1000000000000000e+01  1.0500000000000000e+01  6.0000000000000000e+00  1.0000000000000000e+00
702    2.3000000000000000e+01  1.0500000000000000e+01  6.0000000000000000e+00  1.0000000000000000e+00
703    2.4000000000000000e+01  1.0500000000000000e+01  6.0000000000000000e+00  1.0000000000000000e+00
704    0.0000000000000000e+00  1.1500000000000000e+01  6.0000000000000000e+00  1.0000000000000000e+00
705    1.0000000000000000e+00  1.1500000000000000e+01  6.0000000000000000e+00  1.0000000000000000e+00
706    3.0000000000000000e+00  1.1500000000000000e+01  6.0000000000000000e+00  1.0000000000000000e+00
707    6.0000000000000000e+00  1.1500000000000000e+01  6.0000000000000000e+00  1.0000000000000000e+00
708    9.0000000000000000e+00  1.1500000000000000e+01  6.0000000000000000e+00  1.0000000000000000e+00
709    1.2000000000000000e+01  1.1500000000000000e+01  6.0000000000000000e+00  1.0000000000000000e+00
710    1.5000000000000000e+01  1.1500000000000000e+01  6.0000000000000000e+00  1.0000000000000000e+00
711    1.8000000000000000e+01  1.1500000000000000e+01  6.0000000000000000e+00  1.0000000000000000e+00
712    2.1000000000000000e+01  1.1500000000000000e+01  6.0000000000000000e+00  1.0000000000000000e+00
713    2.3000000000000000e+01  1.1500000000000000e+01  6.0000000000000000e+00  1.0000000000000000e+00
714    2.4000000000000000e+01  1.1500000000000000e+01  6.0000000000000000e+00  1.0000000000000000e+00
715    0.0000000000000000e+00  1.2000000000000000e+01  6.0000000000000000e+00  1.0000000000000000e+00
716    1.0000000000000000e+00  1.2000000000000000e+01  6.0000000000000000e+00  1.0000000000000000e+00
717    3.0000000000000000e+00  1.2000000000000000e+01  6.0000000000000000e+00  1.0000000000000000e+00
718    6.0000000000000000e+00  1.2000000000000000e+01  6.0000000000000000e+00  1.0000000000000000e+00
719    9.0000000000000000e+00  1.2000000000000000e+01  6.0000000000000000e+00  1.0000000000000000e+00
720    1.2000000000000000e+01  1.2000000000000000e+01  6.0000000000000000e+00  1.0000000000000000e+00
721    1.5000000000000000e+01  1.2000000000000000e+01  6.0000000000000000e+00  1.0000000000000000e+00
722    1.8000000000000000e+01  1.2000000000000000e+01  6.0000000000000000e+00  1.0000000000000000e+00
723    2.1000000000000000e+01  1.2000000000000000e+01  6.0000000000000000e+00  1.0000000000000000e+00
724    2.3000000000000000e+01  1.2000000000000000e+01  6.0000000000000000e+00  1.0000000000000000e+00
725    2.4000000000000000e+01  1.2000000000000000e+01  6.0000000000000000e+00  1.0000000000000000e+00
726    0.0000000000000000e+00  0.0000000000000000e+00  7.5000000000000000e+00  1.0000000000000000e+00
727    1.0000000000000000e+00  0.0000000000000000e+00  7.5000000000000000e+00  1.0000000000000000e+00
728    3.0000000000000000e+00  0.0000000000000000e+00  7.5000000000000000e+00  1.0000000000000000e+00
729    6.0000000000000000e+00  0.0000000000000000e+00  7.5000000000000000e+00  1.0000000000000000e+00
730    9.0000000000000000e+00  0.0000000000000000e+00  7.5000000000000000e+00  1.0000000000000000e+00
731    1.2000000000000000e+01  0.0000000000000000e+00  7.5000000000000000e+00  1.0000000000000000e+00
732    1.5000000000000000e+01  0.0000000000000000e+00  7.5000000000000000e+00  1.0000000000000000e+00
733    1.8000000000000000e+01  0.0000000000000000e+00  7.5000000000000000e+00  1.0000000000000000e+00
734    2.1000000000000000e+01  0.0000000000000000e+00  7.5000000000000000e+00  1.0000000000000000e+00
735    2.3000000000000000e+01  0.0000000000000000e+00  7.5000000000000000e+00  1.0000000000000000e+00
736    2.4000000000000000e+01  0.0000000000000000e+00  7.5000000000000000e+00  1.0000000000000000e+00
737    0.0000000000000000e+00  5.0000000000000000e-01  7.5000000000000000e+00  1.0000000000000000e+00
738    1.0000000000000000e+00  5.0000000000000000e-01  7.5000000000000000e+00  1.0000000000000000e+00
739    3.0000000000000000e+00  5.0000000000000000e-01  7.5000000000000000e+00  1.0000000000000000e+00
740    6.0000000000000000e+00  5.0000000000000000e-01  7.5000000000000000e+00  1.0000000000000000e+00
741    9.0000000000000000e+00  5.0000000000000000e-01  7.5000000000000000e+00  1.0000000000000000e+00
742    1.2000000000000000e+01  5.0000000000000000e-01  7.5000000000000000e+00  1.0000000000000000e+00
743    1.5000000000000000e+01  5.0000000000000000e-01  7.5000000000000000e+00  1.0000000000000000e+00
744    1.8000000000000000e+01  5.0000000000000000e-01  7.5000000000000000e+00  1.0000000000000000e+00
745    2.1000000000000000e+01  5.0000000000000000e-01  7.5000000000000000e+00  1.0000000000000000e+00
746    2.3000000000000000e+01  5.0000000000000000e-01  7.5000000000000000e+00  1.0000000000000000e+00
747    2.4000000000000000e+01  5.0000000000000000e-01  7.5000000000000000e+00  1.0000000000000000e+00
748    0.0000000000000000e+00  1.5000000000000000e+00  7.5000000000000000e+00  1.0000000000000000e+00
749    1.0000000000000000e+00  1.5000000000000000e+00  7.5000000000000000e+00  1.0000000000000000e+00
750    3.0000000000000000e+00  1.5000000000000000e+00  7.5000000000000000e+00  1.0000000000000000e+00
751    6.0000000000000000e+00  1.5000000000000000e+00  7.5000000000000000e+00  1.0000000000000000e+00
752    9.0000000000000000e+00  1.5000000000000000e+00  7.5000000000000000e+00  1.0000000000000000e+00
753    1.2000000000000000e+01  1.5000000000000000e+00  7.5000000000000000e+00  1.0000000000000000e+00
754    1.5000000000000000e+01  1.5000000000000000e+00  7.5000000000000000e+00  1.0000000000000000e+00
755    1.8000000000000000e+01  1.5000000000000000e+00  7.5000000000000000e+00  1.0000000000000000e+00
756    2.1000000000000000e+01  1.5000000000000000e+00  7.5000000000000000e+00  1.0000000000000000e+00
757    2.3000000000000000e+01  1.5000000000000000e+00  7.5000000000000000e+00  1.0000000000000000e+00
758    2.4000000000000000e+01  1.5000000000000000e+00  7.5000000000000000e+00  1.0000000000000000e+00
759    0.0000000000000000e+00  3.0000000000000000e+00  7.5000000000000000e+00  1.0000000000000000e+00
760    1.0000000000000000e+00  3.0000000000000000e+00  7.5000000000000000e+00  1.0000000000000000e+00
761    3.0000000000000000e+00  3.0000000000000000e+00  7.5000000000000000e+00  1.0000000000000000e+00
762    6.0000000000000000e+00  3.0000000000000000e+00  7.5000000000000000e+00  1.0000000000000000e+00
763    9.0000000000000000e+00  3.0000000000000000e+00  7.5000000000000000e+00  1.0000000000000000e+00
764    1.2000000000000000e+01  3.0000000000000000e+00  7.5000000000000000e+00  1.0000000000000000e+00
765    1.5000000000000000e+01  3.0000000000000000e+00  7.5000000000000000e+00  1.0000000000000000e+00
766    1.8000000000000000e+01  3.0000000000000000e+00  7.5000000000000000e+00  1.0000000000000000e+00
767    2.1000000000000000e+01  3.0000000000000000e+00  7.5000000000000000e+00  1.0000000000000000e+00
768    2.3000000000000000e+01  3.0000000000000000e+00  7.5000000000000000e+00  1.0000000000000000e+00
769    2.4000000000000000e+01  3.0000000000000000e+00  7.5000000000000000e+00  1.0000000000000000e+00
770    0.0000000000000000e+00  4.5000000000000000e+00  7.5000000000000000e+00  1.0000000000000000e+00
771    1.0000000000000000e+00  4.5000000000000000e+00  7.5000000000000000e+00  1.0000000000000000e+00
772    3.0000000000000000e+00  4.5000000000000000e+00  7.5000000000000000e+00  1.0000000000000000e+00
773    6.0000000000000000e+00  4.5000000000000000e+00  7.5000000000000000e+00  1.0000000000000000e+00
774    9.0000000000000000e+00  4.5000000000000000e+00  7.5000000000000000e+00  1.0000000000000000e+00
775    1.2000000000000000e+01  4.5000000000000000e+00  7.5000000000000000e+00  1.0000000000000000e+00
776    1.5000000000000000e+01  4.5000000000000000e+00  7.5000000000000000e+00  1.0000000000000000e+00
777    1.8000000000000000e+01  4.5000000000000000e+00  7.5000000000000000e+00  1.0000000000000000e+00
778    2.1000000000000000e+01  4.5000000000000000e+00  7.5000000000000000e+00  1.0000000000000000e+00
779    2.3000000000000000e+01  4.5000000000000000e+00  7.5000000000000000e+00  1.0000000000000000e+00
780    2.4000000000000000e+01  4.5000000000000000e+00  7.5000000000000000e+00  1.0000000000000000e+00
781    0.0000000000000000e+00  6.0000000000000000e+00  7.5000000000000000e+00  1.0000000000000000e+00
782    1.0000000000000000e+00  6.0000000000000000e+00  7.5000000000000000e+00  1.0000000000000000e+00
783    3.0000000000000000e+00  6.0000000000000000e+00  7.5000000000000000e+00  1.0000000000000000e+00
784    6.0000000000000000e+00  6.0000000000000000e+00  7.5000000000000000e+00  1.0000000000000000e+00
785    9.0000000000000000e+00  6.0000000000000000e+00  7.5000000000000000e+00  1.0000000000000000e+00
786    1.2000000000000000e+01  6.0000000000000000e+00  7.5000000000000000e+00  1.0000000000000000e+00
787    1.5000000000000000e+01  6.0000000000000000e+00  7.5000000000000000e+00  1.0000000000000000e+00
788    1.8000000000000000e+01  6.0000000000000000e+00  7.5000000000000000e+00  1.0000000000000000e+00
789    2.1000000000000000e+01  6.0000000000000000e+00  7.5000000000000000e+00  1.0000000000000000e+00
790    2.3000000000000000e+01  6.0000000000000000e+00  7.5000000000000000e+00  1.0000000000000000e+00
791    2.4000000000000000e+01  6.0000000000000000e+00  7.5000000000000000e+00  1.0000000000000000e+00
792    0.0000000000000000e+00  7.5000000000000000e+00  7.5000000000000000e+00  1.0000000000000000e+00
793    1.0000000000000000e+00  7.5000000000000000e+00  7.5000000000000000e+00  1.0000000000000000e+00
794    3.0000000000000000e+00  7.5000000000000000e+00  7.5000000000000000e+00  1.0000000000000000e+00
795    6.0000000000000000e+00  7.5000000000000000e+00  7.5000000000000000e+00  1.0000000000000000e+00
796    9.0000000000000000e+00  7.5000000000000000e+00  7.5000000000000000e+00  1.0000000000000000e+00
797    1.2000000000000000e+01  7.5000000000000000e+00  7.5000000000000000e+00  1.0000000000000000e+00
798    1.5000000000000000e+01  7.5000000000000000e+00  7.5000000000000000e+00  1.0000000000000000e+00
799    1.8000000000000000e+01  7.5000000000000000e+00  7.5000000000000000e+00  1.0000000000000000e+00
800    2.1000000000000000e+01  7.5000000000000000e+00  7.5000000000000000e+00  1.0000000000000000e+00
801    2.3000000000000000e+01  7.5000000000000000e+00  7.5000000000000000e+00  1.0000000000000000e+00
802    2.4000000000000000e+01  7.5000000000000000e+00  7.5000000000000000e+00  1.0000000000000000e+00
803    0.0000000000000000e+00  9.0000000000000000e+00  7.5000000000000000e+00  1.0000000000000000e+00
804    1.0000000000000000e+00  9.0000000000000000e+00  7.5000000000000000e+00  1.0000000000000000e+00
805    3.0000000000000000e+00  9.0000000000000000e+00  7.5000000000000000e+00  1.0000000000000000e+00
806    6.0000000000000000e+00  9.0000000000000000e+00  7.5000000000000000e+00  1.0000000000000000e+00
807    9.0000000000000000e+00  9.0000000000000000e+00  7.5000000000000000e+00  1.0000000000000000e+00
808    1.2000000000000000e+01  9.0000000000000000e+00  7.5000000000000000e+00  1.0000000000000000e+00
809    1.5000000000000000e+01  9.0000000000000000e+00  7.5000000000000000e+00  1.0000000000000000e+00
810    1.8000000000000000e+01  9.0000000000000000e+00  7.5000000000000000e+00  1.0000000000000000e+00
811    2.1000000000000000e+01  9.0000000000000000e+00  7.5000000000000000e+00  1.0000000000000000e+00
812    2.3000000000000000e+01  9.0000000000000000e+00  7.5000000000000000e+00  1.0000000000000000e+00
813    2.4000000000000000e+01  9.0000000000000000e+00  7.5000000000000000e+00  1.0000000000000000e+00
814    0.0000000000000000e+00  1.0500000000000000e+01  7.5000000000000000e+00  1.0000000000000000e+00
815    1.0000000000000000e+00  1.0500000000000000e+01  7.5000000000000000e+00  1.0000000000000000e+00
816    3.0000000000000000e+00  1.0500000000000000e+01  7.5000000000000000e+00  1.0000000000000000e+00
817    6.0000000000000000e+00  1.0500000000000000e+01  7.5000000000000000e+00  1.0000000000000000e+00
818    9.0000000000000000e+00  1.0500000000000000e+01  7.5000000000000000e+00  1.0000000000000000e+00
819    1.2000000000000000e+01  1.0500000000000000e+01  7.5000000000000000e+00  1.0000000000000000e+00
820    1.5000000000000000e+01  1.0500000000000000e+01  7.5000000000000000e+00  1.0000000000000000e+00
821    1.8000000000000000e+01  1.0500000000000000e+01  7.5000000000000000e+00  1.0000000000000000e+00
822    2.1000000000000000e+01  1.0500000000000000e+01  7.5000000000000000e+00  1.0000000000000000e+00
823    2.3000000000000000e+01  1.0500000000000000e+01  7.5000000000000000e+00  1.0000000000000000e+00
824    2.4000000000000000e+01  1.0500000000000000e+01  7.5000000000000000e+00  1.0000000000000000e+00
825    0.0000000000000000e+00  1.1500000000000000e+01  7.5000000000000000e+00  1.0000000000000000e+00
826    1.0000000000000000e+00  1.1500000000000000e+01  7.5000000000000000e+00  1.0000000000000000e+00
827    3.0000000000000000e+00  1.1500000000000000e+01  7.5000000000000000e+00  1.0000000000000000e+00
828    6.0000000000000000e+00  1.1500000000000000e+01  7.5000000000000000e+00  1.0000000000000000e+00
829    9.0000000000000000e+00  1.1500000000000000e+01  7.5000000000000000e+00  1.0000000000000000e+00
830    1.2000000000000000e+01  1.1500000000000000e+01  7.5000000000000000e+00  1.0000000000000000e+00
831    1.5000000000000000e+01  1.1500000000000000e+01  7.5000000000000000e+00  1.0000000000000000e+00
832    1.8000000000000000e+01  1.1500000000000000e+01  7.5000000000000000e+00  1.0000000000000000e+00
833    2.1000000000000000e+01  1.1500000000000000e+01  7.5000000000000000e+00  1.0000000000000000e+00
834    2.3000000000000000e+01  1.1500000000000000e+01  7.5000000000000000e+00  1.0000000000000000e+00
835    2.4000000000000000e+01  1.1500000000000000e+01  7.5000000000000000e+00  1.0000000000000000e+00
836    0.0000000000000000e+00  1.2000000000000000e+01  7.5000000000000000e+00  1.0000000000000000e+00
837    1.0000000000000000e+00  1.2000000000000000e+01  7.5000000000000000e+00  1.0000000000000000e+00
838    3.0000000000000000e+00  1.2000000000000000e+01  7.5000000000000000e+00  1.0000000000000000e+00
839    6.0000000000000000e+00  1.2000000000000000e+01  7.5000000000000000e+00  1.0000000000000000e+00
840    9.0000000000000000e+00  1.2000000000000000e+01  7.5000000000000000e+00  1.0000000000000000e+00
841    1.2000000000000000e+01  1.2000000000000000e+01  7.5000000000000000e+00  1.0000000000000000e+00
842    1.5000000000000000e+01  1.2000000000000000e+01  7.5000000000000000e+00  1.0000000000000000e+00
843    1.8000000000000000e+01  1.2000000000000000e+01  7.5000000000000000e+00  1.0000000000000000e+00
844    2.1000000000000000e+01  1.2000000000000000e+01  7.5000000000000000e+00  1.0000000000000000e+00
845    2.3000000000000000e+01  1.2000000000000000e+01  7.5000000000000000e+00  1.0000000000000000e+00
846    2.4000000000000000e+01  1.2000000000000000e+01  7.5000000000000000e+00  1.0000000000000000e+00
847    0.0000000000000000e+00  0.0000000000000000e+00  9.0000000000000000e+00  1.0000000000000000e+00
848    1.0000000000000000e+00  0.0000000000000000e+00  9.0000000000000000e+00  1.0000000000000000e+00
849    3.0000000000000000e+00  0.0000000000000000e+00  9.0000000000000000e+00  1.0000000000000000e+00
850    6.0000000000000000e+00  0.0000000000000000e+00  9.0000000000000000e+00  1.0000000000000000e+00
851    9.0000000000000000e+00  0.0000000000000000e+00  9.0000000000000000e+00  1.0000000000000000e+00
852    1.2000000000000000e+01  0.0000000000000000e+00  9.0000000000000000e+00  1.0000000000000000e+00
853    1.5000000000000000e+01  0.0000000000000000e+00  9.0000000000000000e+00  1.0000000000000000e+00
854    1.8000000000000000e+01  0.0000000000000000e+00  9.0000000000000000e+00  1.0000000000000000e+00
855    2.1000000000000000e+01  0.0000000000000000e+00  9.0000000000000000e+00  1.0000000000000000e+00
856    2.3000000000000000e+01  0.0000000000000000e+00  9.0000000000000000e+00  1.0000000000000000e+00
857    2.4000000000000000e+01  0.0000000000000000e+00  9.0000000000000000e+00  1.0000000000000000e+00
858    0.0000000000000000e+00  5.0000000000000000e-01  9.0000000000000000e+00  1.0000000000000000e+00
859    1.0000000000000000e+00  5.0000000000000000e-01  9.0000000000000000e+00  1.0000000000000000e+00
860    3.0000000000000000e+00  5.0000000000000000e-01  9.0000000000000000e+00  1.0000000000000000e+00
861    6.0000000000000000e+00  5.0000000000000000e-01  9.0000000000000000e+00  1.0000000000000000e+00
862    9.0000000000000000e+00  5.0000000000000000e-01  9.0000000000000000e+00  1.0000000000000000e+00
863    1.2000000000000000e+01  5.0000000000000000e-01  9.0000000000000000e+00  1.0000000000000000e+00
864    1.5000000000000000e+01  5.0000000000000000e-01  9.0000000000000000e+00  1.0000000000000000e+00
865    1.8000000000000000e+01  5.0000000000000000e-01  9.0000000000000000e+00  1.0000000000000000e+00
866    2.1000000000000000e+01  5.0000000000000000e-01  9.0000000000000000e+00  1.0000000000000000e+00
867    2.3000000000000000e+01  5.0000000000000000e-01  9.0000000000000000e+00  1.0000000000000000e+00
868    2.4000000000000000e+01  5.0000000000000000e-01  9.0000000000000000e+00  1.0000000000000000e+00
869    0.0000000000000000e+00  1.5000000000000000e+00  9.0000000000000000e+00  1.0000000000000000e+00
870    1.0000000000000000e+00  1.5000000000000000e+00  9.0000000000000000e+00  1.0000000000000000e+00
871    3.0000000000000000e+00  1.5000000000000000e+00  9.0000000000000000e+00  1.0000000000000000e+00
872    6.0000000000000000e+00  1.5000000000000000e+00  9.0000000000000000e+00  1.0000000000000000e+00
873    9.0000000000000000e+00  1.5000000000000000e+00  9.0000000000000000e+00  1.0000000000000000e+00
874    1.2000000000000000e+01  1.5000000000000000e+00  9.0000000000000000e+00  1.0000000000000000e+00
875    1.5000000000000000e+01  1.5000000000000000e+00  9.0000000000000000e+00  1.0000000000000000e+00
876    1.8000000000000000e+01  1.5000000000000000e+00  9.0000000000000000e+00  1.0000000000000000e+00
877    2.1000000000000000e+01  1.5000000000000000e+00  9.0000000000000000e+00  1.0000000000000000e+00
878    2.3000000000000000e+01  1.5000000000000000e+00  9.0000000000000000e+00  1.0000000000000000e+00
879    2.4000000000000000e+01  1.5000000000000000e+00  9.0000000000000000e+00  1.0000000000000000e+00
880    0.0000000000000000e+00  3.0000000000000000e+00  9.0000000000000000e+00  1.0000000000000000e+00
881    1.0000000000000000e+00  3.0000000000000000e+00  9.0000000000000000e+00  1.0000000000000000e+00
882    3.0000000000000000e+00  3.0000000000000000e+00  9.0000000000000000e+00  1.0000000000000000e+00
883    6.0000000000000000e+00  3.0000000000000000e+00  9.0000000000000000e+00  1.0000000000000000e+00
884    9.0000000000000000e+00  3.0000000000000000e+00  9.0000000000000000e+00  1.0000000000000000e+00
885    1.2000000000000000e+01  3.0000000000000000e+00  9.0000000000000000e+00  1.0000000000000000e+00
886    1.5000000000000000e+01  3.0000000000000000e+00  9.0000000000000000e+00  1.0000000000000000e+00
887    1.8000000000000000e+01  3.0000000000000000e+00  9.0000000000000000e+00  1.0000000000000000e+00
888    2.1000000000000000e+01  3.0000000000000000e+00  9.0000000000000000e+00  1.0000000000000000e+00
889    2.3000000000000000e+01  3.0000000000000000e+00  9.0000000000000000e+00  1.0000000000000000e+00
890    2.4000000000000000e+01  3.0000000000000000e+00  9.0000000000000000e+00  1.0000000000000000e+00
891    0.0000000000000000e+00  4.5000000000000000e+00  9.0000000000000000e+00  1.0000000000000000e+00
892    1.0000000000000000e+00  4.5000000000000000e+00  9.0000000000000000e+00  1.0000000000000000e+00
893    3.0000000000000000e+00  4.5000000000000000e+00  9.0000000000000000e+00  1.0000000000000000e+00
894    6.0000000000000000e+00  4.5000000000000000e+00  9.0000000000000000e+00  1.0000000000000000e+00
895    9.0000000000000000e+00  4.5000000000000000e+00  9.0000000000000000e+00  1.0000000000000000e+00
896    1.2000000000000000e+01  4.5000000000000000e+00  9.0000000000000000e+00  1.0000000000000000e+00
897    1.5000000000000000e+01  4.5000000000000000e+00  9.0000000000000000e+00  1.0000000000000000e+00
898    1.8000000000000000e+01  4.5000000000000000e+00  9.0000000000000000e+00  1.0000000000000000e+00
899    2.1000000000000000e+01  4.5000000000000000e+00  9.0000000000000000e+00  1.0000000000000000e+00
900    2.3000000000000000e+01  4.5000000000000000e+00  9.0000000000000000e+00  1.0000000000000000e+00
901    2.4000000000000000e+01  4.5000000000000000e+00  9.0000000000000000e+00  1.0000000000000000e+00
902    0.0000000000000000e+00  6.0000000000000000e+00  9.0000000000000000e+00  1.0000000000000000e+00
903    1.0000000000000000e+00  6.0000000000000000e+00  9.0000000000000000e+00  1.0000000000000000e+00
904    3.0000000000000000e+00  6.0000000000000000e+00  9.0000000000000000e+00  1.0000000000000000e+00
905    6.0000000000000000e+00  6.0000000000000000e+00  9.0000000000000000e+00  1.0000000000000000e+00
906    9.0000000000000000e+00  6.0000000000000000e+00  9.0000000000000000e+00  1.0000000000000000e+00
907    1.2000000000000000e+01  6.0000000000000000e+00  9.0000000000000000e+00  1.0000000000000000e+00
908    1.5000000000000000e+01  6.0000000000000000e+00  9.0000000000000000e+00  1.0000000000000000e+00
909    1.8000000000000000e+01  6.0000000000000000e+00  9.0000000000000000e+00  1.0000000000000000e+00
910    2.1000000000000000e+01  6.0000000000000000e+00  9.0000000000000000e+00  1.0000000000000000e+00
911    2.3000000000000000e+01  6.0000000000000000e+00  9.0000000000000000e+00  1.0000000000000000e+00
912    2.4000000000000000e+01  6.0000000000000000e+00  9.0000000000000000e+00  1.0000000000000000e+00
913    0.0000000000000000e+00  7.5000000000000000e+00  9.0000000000000000e+00  1.0000000000000000e+00
914    1.0000000000000000e+00  7.5000000000000000e+00  9.0000000000000000e+00  1.0000000000000000e+00
915    3.0000000000000000e+00  7.5000000000000000e+00  9.0000000000000000e+00  1.0000000000000000e+00
916    6.0000000000000000e+00  7.5000000000000000e+00  9.0000000000000000e+00  1.0000000000000000e+00
917    9.0000000000000000e+00  7.5000000000000000e+00  9.0000000000000000e+00  1.0000000000000000e+00
918    1.2000000000000000e+01  7.5000000000000000e+00  9.0000000000000000e+00  1.0000000000000000e+00
919    1.5000000000000000e+01  7.5000000000000000e+00  9.0000000000000000e+00  1.0000000000000000e+00
920    1.8000000000000000e+01  7.5000000000000000e+00  9.0000000000000000e+00  1.0000000000000000e+00
921    2.1000000000000000e+01  7.5000000000000000e+00  9.0000000000000000e+00  1.0000000000000000e+00
922    2.3000000000000000e+01  7.5000000000000000e+00  9.0000000000000000e+00  1.0000000000000000e+00
923    2.4000000000000000e+01  7.5000000000000000e+00  9.0000000000000000e+00  1.0000000000000000e+00
924    0.0000000000000000e+00  9.0000000000000000e+00  9.0000000000000000e+00  1.0000000000000000e+00
925    1.0000000000000000e+00  9.0000000000000000e+00  9.0000000000000000e+00  1.0000000000000000e+00
926    3.0000000000000000e+00  9.0000000000000000e+00  9.0000000000000000e+00  1.0000000000000000e+00
927    6.0000000000000000e+00  9.0000000000000000e+00  9.0000000000000000e+00  1.0000000000000000e+00
928    9.0000000000000000e+00  9.0000000000000000e+00  9.0000000000000000e+00  1.0000000000000000e+00
929    1.2000000000000000e+01  9.0000000000000000e+00  9.0000000000000000e+00  1.0000000000000000e+00
930    1.5000000000000000e+01  9.0000000000000000e+00  9.0000000000000000e+00  1.0000000000000000e+00
931    1.8000000000000000e+01  9.0000000000000000e+00  9.0000000000000000e+00  1.0000000000000000e+00
932    2.1000000000000000e+01  9.0000000000000000e+00  9.0000000000000000e+00  1.0000000000000000e+00
933    2.3000000000000000e+01  9.0000000000000000e+00  9.0000000000000000e+00  1.0000000000000000e+00
934    2.4000000000000000e+01  9.0000000000000000e+00  9.0000000000000000e+00  1.0000000000000000e+00
935    0.0000000000000000e+00  1.0500000000000000e+01  9.0000000000000000e+00  1.0000000000000000e+00
936    1.0000000000000000e+00  1.0500000000000000e+01  9.0000000000000000e+00  1.0000000000000000e+00
937    3.0000000000000000e+00  1.0500000000000000e+01  9.0000000000000000e+00  1.0000000000000000e+00
938    6.0000000000000000e+00  1.0500000000000000e+01  9.0000000000000000e+00  1.0000000000000000e+00
939    9.0000000000000000e+00  1.0500000000000000e+01  9.0000000000000000e+00  1.0000000000000000e+00
940    1.2000000000000000e+01  1.0500000000000000e+01  9.0000000000000000e+00  1.0000000000000000e+00
941    1.5000000000000000e+01  1.0500000000000000e+01  9.0000000000000000e+00  1.0000000000000000e+00
942    1.8000000000000000e+01  1.0500000000000000e+01  9.0000000000000000e+00  1.0000000000000000e+00
943    2.1000000000000000e+01  1.0500000000000000e+01  9.0000000000000000e+00  1.0000000000000000e+00
944    2.3000000000000000e+01  1.0500000000000000e+01  9.0000000000000000e+00  1.0000000000000000e+00
945    2.4000000000000000e+01  1.0500000000000000e+01  9.0000000000000000e+00  1.0000000000000000e+00
946    0.0000000000000000e+00  1.1500000000000000e+01  9.0000000000000000e+00  1.0000000000000000e+00
947    1.0000000000000000e+00  1.1500000000000000e+01  9.0000000000000000e+00  1.0000000000000000e+00
948    3.0000000000000000e+00  1.1500000000000000e+01  9.0000000000000000e+00  1.0000000000000000e+00
949    6.0000000000000000e+00  1.1500000000000000e+01  9.0000000000000000e+00  1.0000000000000000e+00
950    9.0000000000000000e+00  1.1500000000000000e+01  9.0000000000000000e+00  1.0000000000000000e+00
951    1.2000000000000000e+01  1.1500000000000000e+01  9.0000000000000000e+00  1.0000000000000000e+00
952    1.5000000000000000e+01  1.1500000000000000e+01  9.0000000000000000e+00  1.0000000000000000e+00
953    1.8000000000000000e+01  1.1500000000000000e+01  9.0000000000000000e+00  1.0000000000000000e+00
954    2.1000000000000000e+01  1.1500000000000000e+01  9.0000000000000000e+00  1.0000000000000000e+00
955    2.3000000000000000e+01  1.1500000000000000e+01  9.0000000000000000e+00  1.0000000000000000e+00
956    2.4000000000000000e+01  1.1500000000000000e+01  9.0000000000000000e+00  1.0000000000000000e+00
957    0.0000000000000000e+00  1.2000000000000000e+01  9.0000000000000000e+00  1.0000000000000000e+00
958    1.0000000000000000e+00  1.2000000000000000e+01  9.0000000000000000e+00  1.0000000000000000e+00
959    3.0000000000000000e+00  1.2000000000000000e+01  9.0000000000000000e+00  1.0000000000000000e+00
960    6.0000000000000000e+00  1.2000000000000000e+01  9.0000000000000000e+00  1.0000000000000000e+00
961    9.0000000000000000e+00  1.2000000000000000e+01  9.0000000000000000e+00  1.0000000000000000e+00
962    1.2000000000000000e+01  1.2000000000000000e+01  9.0000000000000000e+00  1.0000000000000000e+00
963    1.5000000000000000e+01  1.2000000000000000e+01  9.0000000000000000e+00  1.0000000000000000e+00
964    1.8000000000000000e+01  1.2000000000000000e+01  9.0000000000000000e+00  1.0000000000000000e+00
965    2.1000000000000000e+01  1.2000000000000000e+01  9.0000000000000000e+00  1.0000000000000000e+00
966    2.3000000000000000e+01  1.2000000000000000e+01  9.0000000000000000e+00  1.0000000000000000e+00
967    2.4000000000000000e+01  1.2000000000000000e+01  9.0000000000000000e+00  1.0000000000000000e+00
968    0.0000000000000000e+00  0.0000000000000000e+00  1.0500000000000000e+01  1.0000000000000000e+00
969    1.0000000000000000e+00  0.0000000000000000e+00  1.0500000000000000e+01  1.0000000000000000e+00
970    3.0000000000000000e+00  0.0000000000000000e+00  1.0500000000000000e+01  1.0000000000000000e+00
971    6.0000000000000000e+00  0.0000000000000000e+00  1.0500000000000000e+01  1.0000000000000000e+00
972    9.0000000000000000e+00  0.0000000000000000e+00  1.0500000000000000e+01  1.0000000000000000e+00
973    1.2000000000000000e+01  0.0000000000000000e+00  1.0500000000000000e+01  1.0000000000000000e+00
974    1.5000000000000000e+01  0.0000000000000000e+00  1.0500000000000000e+01  1.0000000000000000e+00
975    1.8000000000000000e+01  0.0000000000000000e+00  1.0500000000000000e+01  1.0000000000000000e+00
976    2.1000000000000000e+01  0.0000000000000000e+00  1.0500000000000000e+01  1.0000000000000000e+00
977    2.3000000000000000e+01  0.0000000000000000e+00  1.0500000000000000e+01  1.0000000000000000e+00
978    2.4000000000000000e+01  0.0000000000000000e+00  1.0500000000000000e+01  1.0000000000000000e+00
979    0.0000000000000000e+00  5.0000000000000000e-01  1.0500000000000000e+01  1.0000000000000000e+00
980    1.0000000000000000e+00  5.0000000000000000e-01  1.0500000000000000e+01  1.0000000000000000e+00
981    3.0000000000000000e+00  5.0000000000000000e-01  1.0500000000000000e+01  1.0000000000000000e+00
982    6.0000000000000000e+00  5.0000000000000000e-01  1.0500000000000000e+01  1.0000000000000000e+00
983    9.0000000000000000e+00  5.0000000000000000e-01  1.0500000000000000e+01  1.0000000000000000e+00
984    1.2000000000000000e+01  5.0000000000000000e-01  1.0500000000000000e+01  1.0000000000000000e+00
985    1.5000000000000000e+01  5.0000000000000000e-01  1.0500000000000000e+01  1.0000000000000000e+00
986    1.8000000000000000e+01  5.0000000000000000e-01  1.0500000000000000e+01  1.0000000000000000e+00
987    2.1000000000000000e+01  5.0000000000000000e-01  1.0500000000000000e+01  1.0000000000000000e+00
988    2.3000000000000000e+01  5.0000000000000000e-01  1.0500000000000000e+01  1.0000000000000000e+00
989    2.4000000000000000e+01  5.0000000000000000e-01  1.0500000000000000e+01  1.0000000000000000e+00
990    0.0000000000000000e+00  1.5000000000000000e+00  1.0500000000000000e+01  1.0000000000000000e+00
991    1.0000000000000000e+00  1.5000000000000000e+00  1.0500000000000000e+01  1.0000000000000000e+00
992    3.0000000000000000e+00  1.5000000000000000e+00  1.0500000000000000e+01  1.0000000000000000e+00
993    6.0000000000000000e+00  1.5000000000000000e+00  1.0500000000000000e+01  1.0000000000000000e+00
994    9.0000000000000000e+00  1.5000000000000000e+00  1.0500000000000000e+01  1.0000000000000000e+00
995    1.2000000000000000e+01  1.5000000000000000e+00  1.0500000000000000e+01  1.0000000000000000e+00
996    1.5000000000000000e+01  1.5000000000000000e+00  1.0500000000000000e+01  1.0000000000000000e+00
997    1.8000000000000000e+01  1.5000000000000000e+00  1.0500000000000000e+01  1.0000000000000000e+00
998    2.1000000000000000e+01  1.5000000000000000e+00  1.0500000000000000e+01  1.0000000000000000e+00
999    2.3000000000000000e+01  1.5000000000000000e+00  1.0500000000000000e+01  1.0000000000000000e+00
1000   2.4000000000000000e+01  1.5000000000000000e+00  1.0500000000000000e+01  1.0000000000000000e+00
1001   0.0000000000000000e+00  3.0000000000000000e+00  1.0500000000000000e+01  1.0000000000000000e+00
1002   1.0000000000000000e+00  3.0000000000000000e+00  1.0500000000000000e+01  1.0000000000000000e+00
1003   3.0000000000000000e+00  3.0000000000000000e+00  1.0500000000000000e+01  1.0000000000000000e+00
1004   6.0000000000000000e+00  3.0000000000000000e+00  1.0500000000000000e+01  1.0000000000000000e+00
1005   9.0000000000000000e+00  3.0000000000000000e+00  1.0500000000000000e+01  1.0000000000000000e+00
1006   1.2000000000000000e+01  3.0000000000000000e+00  1.0500000000000000e+01  1.0000000000000000e+00
1007   1.5000000000000000e+01  3.0000000000000000e+00  1.0500000000000000e+01  1.0000000000000000e+00
1008   1.8000000000000000e+01  3.0000000000000000e+00  1.0500000000000000e+01  1.0000000000000000e+00
1009   2.1000000000000000e+01  3.0000000000000000e+00  1.0500000000000000e+01  1.0000000000000000e+00
1010   2.3000000000000000e+01  3.0000000000000000e+00  1.0500000000000000e+01  1.0000000000000000e+00
1011   2.4000000000000000e+01  3.0000000000000000e+00  1.0500000000000000e+01  1.0000000000000000e+00
1012   0.0000000000000000e+00  4.5000000000000000e+00  1.0500000000000000e+01  1.0000000000000000e+00
1013   1.0000000000000000e+00  4.5000000000000000e+00  1.0500000000000000e+01  1.0000000000000000e+00
1014   3.0000000000000000e+00  4.5000000000000000e+00  1.0500000000000000e+01  1.0000000000000000e+00
1015   6.0000000000000000e+00  4.5000000000000000e+00  1.0500000000000000e+01  1.0000000000000000e+00
1016   9.0000000000000000e+00  4.5000000000000000e+00  1.0500000000000000e+01  1.0000000000000000e+00
1017   1.2000000000000000e+01  4.5000000000000000e+00  1.0500000000000000e+01  1.0000000000000000e+00
1018   1.5000000000000000e+01  4.5000000000000000e+00  1.0500000000000000e+01  1.0000000000000000e+00
1019   1.8000000000000000e+01  4.5000000000000000e+00  1.0500000000000000e+01  1.0000000000000000e+00
1020   2.1000000000000000e+01  4.5000000000000000e+00  1.0500000000000000e+01  1.0000000000000000e+00
1021   2.3000000000000000e+01  4.5000000000000000e+00  1.0500000000000000e+01  1.0000000000000000e+00
1022   2.4000000000000000e+01  4.5000000000000000e+00  1.0500000000000000e+01  1.0000000000000000e+00
1023   0.0000000000000000e+00  6.0000000000000000e+00  1.0500000000000000e+01  1.0000000000000000e+00
1024   1.0000000000000000e+00  6.0000000000000000e+00  1.0500000000000000e+01  1.0000000000000000e+00
1025   3.0000000000000000e+00  6.0000000000000000e+00  1.0500000000000000e+01  1.0000000000000000e+00
1026   6.0000000000000000e+00  6.0000000000000000e+00  1.0500000000000000e+01  1.0000000000000000e+00
1027   9.0000000000000000e+00  6.0000000000000000e+00  1.0500000000000000e+01  1.0000000000000000e+00
1028   1.2000000000000000e+01  6.0000000000000000e+00  1.0500000000000000e+01  1.0000000000000000e+00
1029   1.5000000000000000e+01  6.0000000000000000e+00  1.0500000000000000e+01  1.0000000000000000e+00
1030   1.8000000000000000e+01  6.0000000000000000e+00  1.0500000000000000e+01  1.0000000000000000e+00
1031   2.1000000000000000e+01  6.0000000000000000e+00  1.0500000000000000e+01  1.0000000000000000e+00
1032   2.3000000000000000e+01  6.0000000000000000e+00  1.0500000000000000e+01  1.0000000000000000e+00
1033   2.4000000000000000e+01  6.0000000000000000e+00  1.0500000000000000e+01  1.0000000000000000e+00
1034   0.0000000000000000e+00  7.5000000000000000e+00  1.0500000000000000e+01  1.0000000000000000e+00
1035   1.0000000000000000e+00  7.5000000000000000e+00  1.0500000000000000e+01  1.0000000000000000e+00
1036   3.0000000000000000e+00  7.5000000000000000e+00  1.0500000000000000e+01  1.0000000000000000e+00
1037   6.0000000000000000e+00  7.5000000000000000e+00  1.0500000000000000e+01  1.0000000000000000e+00
1038   9.0000000000000000e+00  7.5000000000000000e+00  1.0500000000000000e+01  1.0000000000000000e+00
1039   1.2000000000000000e+01  7.5000000000000000e+00  1.0500000000000000e+01  1.0000000000000000e+00
1040   1.5000000000000000e+01  7.5000000000000000e+00  1.0500000000000000e+01  1.0000000000000000e+00
1041   1.8000000000000000e+01  7.5000000000000000e+00  1.0500000000000000e+01  1.0000000000000000e+00
1042   2.1000000000000000e+01  7.5000000000000000e+00  1.0500000000000000e+01  1.0000000000000000e+00
1043   2.3000000000000000e+01  7.5000000000000000e+00  1.0500000000000000e+01  1.0000000000000000e+00
1044   2.4000000000000000e+01  7.5000000000000000e+00  1.0500000000000000e+01  1.0000000000000000e+00
1045   0.0000000000000000e+00  9.0000000000000000e+00  1.0500000000000000e+01  1.0000000000000000e+00
1046   1.0000000000000000e+00  9.0000000000000000e+00  1.0500000000000000e+01  1.0000000000000000e+00
1047   3.0000000000000000e+00  9.0000000000000000e+00  1.0500000000000000e+01  1.0000000000000000e+00
1048   6.0000000000000000e+00  9.0000000000000000e+00  1.0500000000000000e+01  1.0000000000000000e+00
1049   9.0000000000000000e+00  9.0000000000000000e+00  1.0500000000000000e+01  1.0000000000000000e+00
1050   1.2000000000000000e+01  9.0000000000000000e+00  1.0500000000000000e+01  1.0000000000000000e+00
1051   1.5000000000000000e+01  9.0000000000000000e+00  1.0500000000000000e+01  1.0000000000000000e+00
1052   1.8000000000000000e+01  9.0000000000000000e+00  1.0500000000000000e+01  1.0000000000000000e+00
1053   2.1000000000000000e+01  9.0000000000000000e+00  1.0500000000000000e+01  1.0000000000000000e+00
1054   2.3000000000000000e+01  9.0000000000000000e+00  1.0500000000000000e+01  1.0000000000000000e+00
1055   2.4000000000000000e+01  9.0000000000000000e+00  1.0500000000000000e+01  1.0000000000000000e+00
1056   0.0000000000000000e+00  1.0500000000000000e+01  1.0500000000000000e+01  1.0000000000000000e+00
1057   1.0000000000000000e+00  1.0500000000000000e+01  1.0500000000000000e+01  1.0000000000000000e+00
1058   3.0000000000000000e+00  1.0500000000000000e+01  1.0500000000000000e+01  1.0000000000000000e+00
1059   6.0000000000000000e+00  1.0500000000000000e+01  1.0500000000000000e+01  1.0000000000000000e+00
1060   9.0000000000000000e+00  1.0500000000000000e+01  1.0500000000000000e+01  1.0000000000000000e+00
1061   1.2000000000000000e+01  1.0500000000000000e+01  1.0500000000000000e+01  1.0000000000000000e+00
1062   1.5000000000000000e+01  1.0500000000000000e+01  1.0500000000000000e+01  1.0000000000000000e+00
1063   1.8000000000000000e+01  1.0500000000000000e+01  1.0500000000000000e+01  1.0000000000000000e+00
1064   2.1000000000000000e+01  1.0500000000000000e+01  1.0500000000000000e+01  1.0000000000000000e+00
1065   2.3000000000000000e+01  1.0500000000000000e+01  1.0500000000000000e+01  1.0000000000000000e+00
1066   2.4000000000000000e+01  1.0500000000000000e+01  1.0500000000000000e+01  1.0000000000000000e+00
1067   0.0000000000000000e+00  1.1500000000000000e+01  1.0500000000000000e+01  1.0000000000000000e+00
1068   1.0000000000000000e+00  1.1500000000000000e+01  1.0500000000000000e+01  1.0000000000000000e+00
1069   3.0000000000000000e+00  1.1500000000000000e+01  1.0500000000000000e+01  1.0000000000000000e+00
1070   6.0000000000000000e+00  1.1500000000000000e+01  1.0500000000000000e+01  1.0000000000000000e+00
1071   9.0000000000000000e+00  1.1500000000000000e+01  1.0500000000000000e+01  1.0000000000000000e+00
1072   1.2000000000000000e+01  1.1500000000000000e+01  1.0500000000000000e+01  1.0000000000000000e+00
1073   1.5000000000000000e+01  1.1500000000000000e+01  1.0500000000000000e+01  1.0000000000000000e+00
1074   1.8000000000000000e+01  1.1500000000000000e+01  1.0500000000000000e+01  1.0000000000000000e+00
1075   2.1000000000000000e+01  1.1500000000000000e+01  1.0500000000000000e+01  1.0000000000000000e+00
1076   2.3000000000000000e+01  1.1500000000000000e+01  1.0500000000000000e+01  1.0000000000000000e+00
1077   2.4000000000000000e+01  1.1500000000000000e+01  1.0500000000000000e+01  1.0000000000000000e+00
1078   0.0000000000000000e+00  1.2000000000000000e+01  1.0500000000000000e+01  1.0000000000000000e+00
1079   1.0000000000000000e+00  1.2000000000000000e+01  1.0500000000000000e+01  1.0000000000000000e+00
1080   3.0000000000000000e+00  1.2000000000000000e+01  1.0500000000000000e+01  1.0000000000000000e+00
1081   6.0000000000000000e+00  1.2000000000000000e+01  1.0500000000000000e+01  1.0000000000000000e+00
1082   9.0000000000000000e+00  1.2000000000000000e+01  1.0500000000000000e+01  1.0000000000000000e+00
1083   1.2000000000000000e+01  1.2000000000000000e+01  1.0500000000000000e+01  1.0000000000000000e+00
1084   1.5000000000000000e+01  1.2000000000000000e+01  1.0500000000000000e+01  1.0000000000000000e+00
1085   1.8000000000000000e+01  1.2000000000000000e+01  1.0500000000000000e+01  1.0000000000000000e+00
1086   2.1000000000000000e+01  1.2000000000000000e+01  1.0500000000000000e+01  1.0000000000000000e+00
1087   2.3000000000000000e+01  1.2000000000000000e+01  1.0500000000000000e+01  1.0000000000000000e+00
1088   2.4000000000000000e+01  1.2000000000000000e+01  1.0500000000000000e+01  1.0000000000000000e+00
1089   0.0000000000000000e+00  0.0000000000000000e+00  1.1500000000000000e+01  1.0000000000000000e+00
1090   1.0000000000000000e+00  0.0000000000000000e+00  1.1500000000000000e+01  1.0000000000000000e+00
1091   3.0000000000000000e+00  0.0000000000000000e+00  1.1500000000000000e+01  1.0000000000000000e+00
1092   6.0000000000000000e+00  0.0000000000000000e+00  1.1500000000000000e+01  1.0000000000000000e+00
1093   9.0000000000000000e+00  0.0000000000000000e+00  1.1500000000000000e+01  1.0000000000000000e+00
1094   1.2000000000000000e+01  0.0000000000000000e+00  1.1500000000000000e+01  1.0000000000000000e+00
1095   1.5000000000000000e+01  0.0000000000000000e+00  1.1500000000000000e+01  1.0000000000000000e+00
1096   1.8000000000000000e+01  0.0000000000000000e+00  1.1500000000000000e+01  1.0000000000000000e+00
1097   2.1000000000000000e+01  0.0000000000000000e+00  1.1500000000000000e+01  1.0000000000000000e+00
1098   2.3000000000000000e+01  0.0000000000000000e+00  1.1500000000000000e+01  1.0000000000000000e+00
1099   2.4000000000000000e+01  0.0000000000000000e+00  1.1500000000000000e+01  1.0000000000000000e+00
1100   0.0000000000000000e+00  5.0000000000000000e-01  1.1500000000000000e+01  1.0000000000000000e+00
1101   1.0000000000000000e+00  5.0000000000000000e-01  1.1500000000000000e+01  1.0000000000000000e+00
1102   3.0000000000000000e+00  5.0000000000000000e-01  1.1500000000000000e+01  1.0000000000000000e+00
1103   6.0000000000000000e+00  5.0000000000000000e-01  1.1500000000000000e+01  1.0000000000000000e+00
1104   9.0000000000000000e+00  5.0000000000000000e-01  1.1500000000000000e+01  1.0000000000000000e+00
1105   1.2000000000000000e+01  5.0000000000000000e-01  1.1500000000000000e+01  1.0000000000000000e+00
1106   1.5000000000000000e+01  5.0000000000000000e-01  1.1500000000000000e+01  1.0000000000000000e+00
1107   1.8000000000000000e+01  5.0000000000000000e-01  1.1500000000000000e+01  1.0000000000000000e+00
1108   2.1000000000000000e+01  5.0000000000000000e-01  1.1500000000000000e+01  1.0000000000000000e+00
1109   2.3000000000000000e+01  5.0000000000000000e-01  1.1500000000000000e+01  1.0000000000000000e+00
1110   2.4000000000000000e+01  5.0000000000000000e-01  1.1500000000000000e+01  1.0000000000000000e+00
1111   0.0000000000000000e+00  1.5000000000000000e+00  1.1500000000000000e+01  1.0000000000000000e+00
1112   1.0000000000000000e+00  1.5000000000000000e+00  1.1500000000000000e+01  1.0000000000000000e+00
1113   3.0000000000000000e+00  1.5000000000000000e+00  1.1500000000000000e+01  1.0000000000000000e+00
1114   6.0000000000000000e+00  1.5000000000000000e+00  1.1500000000000000e+01  1.0000000000000000e+00
1115   9.0000000000000000e+00  1.5000000000000000e+00  1.1500000000000000e+01  1.0000000000000000e+00
1116   1.2000000000000000e+01  1.5000000000000000e+00  1.1500000000000000e+01  1.0000000000000000e+00
1117   1.5000000000000000e+01  1.5000000000000000e+00  1.1500000000000000e+01  1.0000000000000000e+00
1118   1.8000000000000000e+01  1.5000000000000000e+00  1.1500000000000000e+01  1.0000000000000000e+00
1119   2.1000000000000000e+01  1.5000000000000000e+00  1.1500000000000000e+01  1.0000000000000000e+00
1120   2.3000000000000000e+01  1.5000000000000000e+00  1.1500000000000000e+01  1.0000000000000000e+00
1121   2.4000000000000000e+01  1.5000000000000000e+00  1.1500000000000000e+01  1.0000000000000000e+00
1122   0.0000000000000000e+00  3.0000000000000000e+00  1.1500000000000000e+01  1.0000000000000000e+00
1123   1.0000000000000000e+00  3.0000000000000000e+00  1.1500000000000000e+01  1.0000000000000000e+00
1124   3.0000000000000000e+00  3.0000000000000000e+00  1.1500000000000000e+01  1.0000000000000000e+00
1125   6.0000000000000000e+00  3.0000000000000000e+00  1.1500000000000000e+01  1.0000000000000000e+00
1126   9.0000000000000000e+00  3.0000000000000000e+00  1.1500000000000000e+01  1.0000000000000000e+00
1127   1.2000000000000000e+01  3.0000000000000000e+00  1.1500000000000000e+01  1.0000000000000000e+00
1128   1.5000000000000000e+01  3.0000000000000000e+00  1.1500000000000000e+01  1.0000000000000000e+00
1129   1.8000000000000000e+01  3.0000000000000000e+00  1.1500000000000000e+01  1.0000000000000000e+00
1130   2.1000000000000000e+01  3.0000000000000000e+00  1.1500000000000000e+01  1.0000000000000000e+00
1131   2.3000000000000000e+01  3.0000000000000000e+00  1.1500000000000000e+01  1.0000000000000000e+00
1132   2.4000000000000000e+01  3.0000000000000000e+00  1.1500000000000000e+01  1.0000000000000000e+00
1133   0.0000000000000000e+00  4.5000000000000000e+00  1.1500000000000000e+01  1.0000000000000000e+00
1134   1.0000000000000000e+00  4.5000000000000000e+00  1.1500000000000000e+01  1.0000000000000000e+00
1135   3.0000000000000000e+00  4.5000000000000000e+00  1.1500000000000000e+01  1.0000000000000000e+00
1136   6.0000000000000000e+00  4.5000000000000000e+00  1.1500000000000000e+01  1.0000000000000000e+00
1137   9.0000000000000000e+00  4.5000000000000000e+00  1.1500000000000000e+01  1.0000000000000000e+00
1138   1.2000000000000000e+01  4.5000000000000000e+00  1.1500000000000000e+01  1.0000000000000000e+00
1139   1.5000000000000000e+01  4.5000000000000000e+00  1.1500000000000000e+01  1.0000000000000000e+00
1140   1.8000000000000000e+01  4.5000000000000000e+00  1.1500000000000000e+01  1.0000000000000000e+00
1141   2.1000000000000000e+01  4.5000000000000000e+00  1.1500000000000000e+01  1.0000000000000000e+00
1142   2.3000000000000000e+01  4.5000000000000000e+00  1.1500000000000000e+01  1.0000000000000000e+00
1143   2.4000000000000000e+01  4.5000000000000000e+00  1.1500000000000000e+01  1.0000000000000000e+00
1144   0.0000000000000000e+00  6.0000000000000000e+00  1.1500000000000000e+01  1.0000000000000000e+00
1145   1.0000000000000000e+00  6.0000000000000000e+00  1.1500000000000000e+01  1.0000000000000000e+00
1146   3.0000000000000000e+00  6.0000000000000000e+00  1.1500000000000000e+01  1.0000000000000000e+00
1147   6.0000000000000000e+00  6.0000000000000000e+00  1.1500000000000000e+01  1.0000000000000000e+00
1148   9.0000000000000000e+00  6.0000000000000000e+00  1.1500000000000000e+01  1.0000000000000000e+00
1149   1.2000000000000000e+01  6.0000000000000000e+00  1.1500000000000000e+01  1.0000000000000000e+00
1150   1.5000000000000000e+01  6.0000000000000000e+00  1.1500000000000000e+01  1.0000000000000000e+00
1151   1.8000000000000000e+01  6.0000000000000000e+00  1.1500000000000000e+01  1.0000000000000000e+00
1152   2.1000000000000000e+01  6.0000000000000000e+00  1.1500000000000000e+01  1.0000000000000000e+00
1153   2.3000000000000000e+01  6.0000000000000000e+00  1.1500000000000000e+01  1.0000000000000000e+00
1154   2.4000000000000000e+01  6.0000000000000000e+00  1.1500000000000000e+01  1.0000000000000000e+00
1155   0.0000000000000000e+00  7.5000000000000000e+00  1.1500000000000000e+01  1.0000000000000000e+00
1156   1.0000000000000000e+00  7.5000000000000000e+00  1.1500000000000000e+01  1.0000000000000000e+00
1157   3.0000000000000000e+00  7.5000000000000000e+00  1.1500000000000000e+01  1.0000000000000000e+00
1158   6.0000000000000000e+00  7.5000000000000000e+00  1.1500000000000000e+01  1.0000000000000000e+00
1159   9.0000000000000000e+00  7.5000000000000000e+00  1.1500000000000000e+01  1.0000000000000000e+00
1160   1.2000000000000000e+01  7.5000000000000000e+00  1.1500000000000000e+01  1.0000000000000000e+00
1161   1.5000000000000000e+01  7.5000000000000000e+00  1.1500000000000000e+01  1.0000000000000000e+00
1162   1.8000000000000000e+01  7.5000000000000000e+00  1.1500000000000000e+01  1.0000000000000000e+00
1163   2.1000000000000000e+01  7.5000000000000000e+00  1.1500000000000000e+01  1.0000000000000000e+00
1164   2.3000000000000000e+01  7.5000000000000000e+00  1.1500000000000000e+01  1.0000000000000000e+00
1165   2.4000000000000000e+01  7.5000000000000000e+00  1.1500000000000000e+01  1.0000000000000000e+00
1166   0.0000000000000000e+00  9.0000000000000000e+00  1.1500000000000000e+01  1.0000000000000000e+00
1167   1.0000000000000000e+00  9.0000000000000000e+00  1.1500000000000000e+01  1.0000000000000000e+00
1168   3.0000000000000000e+00  9.0000000000000000e+00  1.1500000000000000e+01  1.0000000000000000e+00
1169   6.0000000000000000e+00  9.0000000000000000e+00  1.1500000000000000e+01  1.0000000000000000e+00
1170   9.0000000000000000e+00  9.0000000000000000e+00  1.1500000000000000e+01  1.0000000000000000e+00
1171   1.2000000000000000e+01  9.0000000000000000e+00  1.1500000000000000e+01  1.0000000000000000e+00
1172   1.5000000000000000e+01  9.0000000000000000e+00  1.1500000000000000e+01  1.0000000000000000e+00
1173   1.8000000000000000e+01  9.0000000000000000e+00  1.1500000000000000e+01  1.0000000000000000e+00
1174   2.1000000000000000e+01  9.0000000000000000e+00  1.1500000000000000e+01  1.0000000000000000e+00
1175   2.3000000000000000e+01  9.0000000000000000e+00  1.1500000000000000e+01  1.0000000000000000e+00
1176   2.4000000000000000e+01  9.0000000000000000e+00  1.1500000000000000e+01  1.0000000000000000e+00
1177   0.0000000000000000e+00  1.0500000000000000e+01  1.1500000000000000e+01  1.0000000000000000e+00
1178   1.0000000000000000e+00  1.0500000000000000e+01  1.1500000000000000e+01  1.0000000000000000e+00
1179   3.0000000000000000e+00  1.0500000000000000e+01  1.1500000000000000e+01  1.0000000000000000e+00
1180   6.0000000000000000e+00  1.0500000000000000e+01  1.1500000000000000e+01  1.0000000000000000e+00
1181   9.0000000000000000e+00  1.0500000000000000e+01  1.1500000000000000e+01  1.0000000000000000e+00
1182   1.2000000000000000e+01  1.0500000000000000e+01  1.1500000000000000e+01  1.0000000000000000e+00
1183   1.5000000000000000e+01  1.0500000000000000e+01  1.1500000000000000e+01  1.0000000000000000e+00
1184   1.8000000000000000e+01  1.0500000000000000e+01  1.1500000000000000e+01  1.0000000000000000e+00
1185   2.1000000000000000e+01  1.0500000000000000e+01  1.1500000000000000e+01  1.0000000000000000e+00
1186   2.3000000000000000e+01  1.0500000000000000e+01  1.1500000000000000e+01  1.0000000000000000e+00
1187   2.4000000000000000e+01  1.0500000000000000e+01  1.1500000000000000e+01  1.0000000000000000e+00
1188   0.0000000000000000e+00  1.1500000000000000e+01  1.1500000000000000e+01  1.0000000000000000e+00
1189   1.0000000000000000e+00  1.1500000000000000e+01  1.1500000000000000e+01  1.0000000000000000e+00
1190   3.0000000000000000e+00  1.1500000000000000e+01  1.1500000000000000e+01  1.0000000000000000e+00
1191   6.0000000000000000e+00  1.1500000000000000e+01  1.1500000000000000e+01  1.0000000000000000e+00
1192   9.0000000000000000e+00  1.1500000000000000e+01  1.1500000000000000e+01  1.0000000000000000e+00
1193   1.2000000000000000e+01  1.1500000000000000e+01  1.1500000000000000e+01  1.0000000000000000e+00
1194   1.5000000000000000e+01  1.1500000000000000e+01  1.1500000000000000e+01  1.0000000000000000e+00
1195   1.8000000000000000e+01  1.1500000000000000e+01  1.1500000000000000e+01  1.0000000000000000e+00
1196   2.1000000000000000e+01  1.1500000000000000e+01  1.1500000000000000e+01  1.0000000000000000e+00
1197   2.3000000000000000e+01  1.1500000000000000e+01  1.1500000000000000e+01  1.0000000000000000e+00
1198   2.4000000000000000e+01  1.1500000000000000e+01  1.1500000000000000e+01  1.0000000000000000e+00
1199   0.0000000000000000e+00  1.2000000000000000e+01  1.1500000000000000e+01  1.0000000000000000e+00
1200   1.0000000000000000e+00  1.2000000000000000e+01  1.1500000000000000e+01  1.0000000000000000e+00
1201   3.0000000000000000e+00  1.2000000000000000e+01  1.1500000000000000e+01  1.0000000000000000e+00
1202   6.0000000000000000e+00  1.2000000000000000e+01  1.1500000000000000e+01  1.0000000000000000e+00
1203   9.0000000000000000e+00  1.2000000000000000e+01  1.1500000000000000e+01  1.0000000000000000e+00
1204   1.2000000000000000e+01  1.2000000000000000e+01  1.1500000000000000e+01  1.0000000000000000e+00
1205   1.5000000000000000e+01  1.2000000000000000e+01  1.1500000000000000e+01  1.0000000000000000e+00
1206   1.8000000000000000e+01  1.2000000000000000e+01  1.1500000000000000e+01  1.0000000000000000e+00
1207   2.1000000000000000e+01  1.2000000000000000e+01  1.1500000000000000e+01  1.0000000000000000e+00
1208   2.3000000000000000e+01  1.2000000000000000e+01  1.1500000000000000e+01  1.0000000000000000e+00
1209   2.4000000000000000e+01  1.2000000000000000e+01  1.1500000000000000e+01  1.0000000000000000e+00
1210   0.0000000000000000e+00  0.0000000000000000e+00  1.2000000000000000e+01  1.0000000000000000e+00
1211   1.0000000000000000e+00  0.0000000000000000e+00  1.2000000000000000e+01  1.0000000000000000e+00
1212   3.0000000000000000e+00  0.0000000000000000e+00  1.2000000000000000e+01  1.0000000000000000e+00
1213   6.0000000000000000e+00  0.0000000000000000e+00  1.2000000000000000e+01  1.0000000000000000e+00
1214   9.0000000000000000e+00  0.0000000000000000e+00  1.2000000000000000e+01  1.0000000000000000e+00
1215   1.2000000000000000e+01  0.0000000000000000e+00  1.2000000000000000e+01  1.0000000000000000e+00
1216   1.5000000000000000e+01  0.0000000000000000e+00  1.2000000000000000e+01  1.0000000000000000e+00
1217   1.8000000000000000e+01  0.0000000000000000e+00  1.2000000000000000e+01  1.0000000000000000e+00
1218   2.1000000000000000e+01  0.0000000000000000e+00  1.2000000000000000e+01  1.0000000000000000e+00
1219   2.3000000000000000e+01  0.0000000000000000e+00  1.2000000000000000e+01  1.0000000000000000e+00
1220   2.4000000000000000e+01  0.0000000000000000e+00  1.2000000000000000e+01  1.0000000000000000e+00
1221   0.0000000000000000e+00  5.0000000000000000e-01  1.2000000000000000e+01  1.0000000000000000e+00
1222   1.0000000000000000e+00  5.0000000000000000e-01  1.2000000000000000e+01  1.0000000000000000e+00
1223   3.0000000000000000e+00  5.0000000000000000e-01  1.2000000000000000e+01  1.0000000000000000e+00
1224   6.0000000000000000e+00  5.0000000000000000e-01  1.2000000000000000e+01  1.0000000000000000e+00
1225   9.0000000000000000e+00  5.0000000000000000e-01  1.2000000000000000e+01  1.0000000000000000e+00
1226   1.2000000000000000e+01  5.0000000000000000e-01  1.2000000000000000e+01  1.0000000000000000e+00
1227   1.5000000000000000e+01  5.0000000000000000e-01  1.2000000000000000e+01  1.0000000000000000e+00
1228   1.8000000000000000e+01  5.0000000000000000e-01  1.2000000000000000e+01  1.0000000000000000e+00
1229   2.1000000000000000e+01  5.0000000000000000e-01  1.2000000000000000e+01  1.0000000000000000e+00
1230   2.3000000000000000e+01  5.0000000000000000e-01  1.2000000000000000e+01  1.0000000000000000e+00
1231   2.4000000000000000e+01  5.0000000000000000e-01  1.2000000000000000e+01  1.0000000000000000e+00
1232   0.0000000000000000e+00  1.5000000000000000e+00  1.2000000000000000e+01  1.0000000000000000e+00
1233   1.0000000000000000e+00  1.5000000000000000e+00  1.2000000000000000e+01  1.0000000000000000e+00
1234   3.0000000000000000e+00  1.5000000000000000e+00  1.2000000000000000e+01  1.0000000000000000e+00
1235   6.0000000000000000e+00  1.5000000000000000e+00  1.2000000000000000e+01  1.0000000000000000e+00
1236   9.0000000000000000e+00  1.5000000000000000e+00  1.2000000000000000e+01  1.0000000000000000e+00
1237   1.2000000000000000e+01  1.5000000000000000e+00  1.2000000000000000e+01  1.0000000000000000e+00
1238   1.5000000000000000e+01  1.5000000000000000e+00  1.2000000000000000e+01  1.0000000000000000e+00
1239   1.8000000000000000e+01  1.5000000000000000e+00  1.2000000000000000e+01  1.0000000000000000e+00
1240   2.1000000000000000e+01  1.5000000000000000e+00  1.2000000000000000e+01  1.0000000000000000e+00
1241   2.3000000000000000e+01  1.5000000000000000e+00  1.2000000000000000e+01  1.0000000000000000e+00
1242   2.4000000000000000e+01  1.5000000000000000e+00  1.2000000000000000e+01  1.0000000000000000e+00
1243   0.0000000000000000e+00  3.0000000000000000e+00  1.2000000000000000e+01  1.0000000000000000e+00
1244   1.0000000000000000e+00  3.0000000000000000e+00  1.2000000000000000e+01  1.0000000000000000e+00
1245   3.0000000000000000e+00  3.0000000000000000e+00  1.2000000000000000e+01  1.0000000000000000e+00
1246   6.0000000000000000e+00  3.0000000000000000e+00  1.2000000000000000e+01  1.0000000000000000e+00
1247   9.0000000000000000e+00  3.0000000000000000e+00  1.2000000000000000e+01  1.0000000000000000e+00
1248   1.2000000000000000e+01  3.0000000000000000e+00  1.2000000000000000e+01  1.0000000000000000e+00
1249   1.5000000000000000e+01  3.0000000000000000e+00  1.2000000000000000e+01  1.0000000000000000e+00
1250   1.8000000000000000e+01  3.0000000000000000e+00  1.2000000000000000e+01  1.0000000000000000e+00
1251   2.1000000000000000e+01  3.0000000000000000e+00  1.2000000000000000e+01  1.0000000000000000e+00
1252   2.3000000000000000e+01  3.0000000000000000e+00  1.2000000000000000e+01  1.0000000000000000e+00
1253   2.4000000000000000e+01  3.0000000000000000e+00  1.2000000000000000e+01  1.0000000000000000e+00
1254   0.0000000000000000e+00  4.5000000000000000e+00  1.2000000000000000e+01  1.0000000000000000e+00
1255   1.0000000000000000e+00  4.5000000000000000e+00  1.2000000000000000e+01  1.0000000000000000e+00
1256   3.0000000000000000e+00  4.5000000000000000e+00  1.2000000000000000e+01  1.0000000000000000e+00
1257   6.0000000000000000e+00  4.5000000000000000e+00  1.2000000000000000e+01  1.0000000000000000e+00
1258   9.0000000000000000e+00  4.5000000000000000e+00  1.2000000000000000e+01  1.0000000000000000e+00
1259   1.2000000000000000e+01  4.5000000000000000e+00  1.2000000000000000e+01  1.0000000000000000e+00
1260   1.5000000000000000e+01  4.5000000000000000e+00  1.2000000000000000e+01  1.0000000000000000e+00
1261   1.8000000000000000e+01  4.5000000000000000e+00  1.2000000000000000e+01  1.0000000000000000e+00
1262   2.1000000000000000e+01  4.5000000000000000e+00  1.2000000000000000e+01  1.0000000000000000e+00
1263   2.3000000000000000e+01  4.5000000000000000e+00  1.2000000000000000e+01  1.0000000000000000e+00
1264   2.4000000000000000e+01  4.5000000000000000e+00  1.2000000000000000e+01  1.0000000000000000e+00
1265   0.0000000000000000e+00  6.0000000000000000e+00  1.2000000000000000e+01  1.0000000000000000e+00
1266   1.0000000000000000e+00  6.0000000000000000e+00  1.2000000000000000e+01  1.0000000000000000e+00
1267   3.0000000000000000e+00  6.0000000000000000e+00  1.2000000000000000e+01  1.0000000000000000e+00
1268   6.0000000000000000e+00  6.0000000000000000e+00  1.2000000000000000e+01  1.0000000000000000e+00
1269   9.0000000000000000e+00  6.0000000000000000e+00  1.2000000000000000e+01  1.0000000000000000e+00
1270   1.2000000000000000e+01  6.0000000000000000e+00  1.2000000000000000e+01  1.0000000000000000e+00
1271   1.5000000000000000e+01  6.0000000000000000e+00  1.2000000000000000e+01  1.0000000000000000e+00
1272   1.8000000000000000e+01  6.0000000000000000e+00  1.2000000000000000e+01  1.0000000000000000e+00
1273   2.1000000000000000e+01  6.0000000000000000e+00  1.2000000000000000e+01  1.0000000000000000e+00
1274   2.3000000000000000e+01  6.0000000000000000e+00  1.2000000000000000e+01  1.0000000000000000e+00
1275   2.4000000000000000e+01  6.0000000000000000e+00  1.2000000000000000e+01  1.0000000000000000e+00
1276   0.0000000000000000e+00  7.5000000000000000e+00  1.2000000000000000e+01  1.0000000000000000e+00
1277   1.0000000000000000e+00  7.5000000000000000e+00  1.2000000000000000e+01  1.0000000000000000e+00
1278   3.0000000000000000e+00  7.5000000000000000e+00  1.2000000000000000e+01  1.0000000000000000e+00
1279   6.0000000000000000e+00  7.5000000000000000e+00  1.2000000000000000e+01  1.0000000000000000e+00
1280   9.0000000000000000e+00  7.5000000000000000e+00  1.2000000000000000e+01  1.0000000000000000e+00
1281   1.2000000000000000e+01  7.5000000000000000e+00  1.2000000000000000e+01  1.0000000000000000e+00
1282   1.5000000000000000e+01  7.5000000000000000e+00  1.2000000000000000e+01  1.0000000000000000e+00
1283   1.8000000000000000e+01  7.5000000000000000e+00  1.2000000000000000e+01  1.0000000000000000e+00
1284   2.1000000000000000e+01  7.5000000000000000e+00  1.2000000000000000e+01  1.0000000000000000e+00
1285   2.3000000000000000e+01  7.5000000000000000e+00  1.2000000000000000e+01  1.0000000000000000e+00
1286   2.4000000000000000e+01  7.5000000000000000e+00  1.2000000000000000e+01  1.0000000000000000e+00
1287   0.0000000000000000e+00  9.0000000000000000e+00  1.2000000000000000e+01  1.0000000000000000e+00
1288   1.0000000000000000e+00  9.0000000000000000e+00  1.2000000000000000e+01  1.0000000000000000e+00
1289   3.0000000000000000e+00  9.0000000000000000e+00  1.2000000000000000e+01  1.0000000000000000e+00
1290   6.0000000000000000e+00  9.0000000000000000e+00  1.2000000000000000e+01  1.0000000000000000e+00
1291   9.0000000000000000e+00  9.0000000000000000e+00  1.2000000000000000e+01  1.0000000000000000e+00
1292   1.2000000000000000e+01  9.0000000000000000e+00  1.2000000000000000e+01  1.0000000000000000e+00
1293   1.5000000000000000e+01  9.0000000000000000e+00  1.2000000000000000e+01  1.0000000000000000e+00
1294   1.8000000000000000e+01  9.0000000000000000e+00  1.2000000000000000e+01  1.0000000000000000e+00
1295   2.1000000000000000e+01  9.0000000000000000e+00  1.2000000000000000e+01  1.0000000000000000e+00
1296   2.3000000000000000e+01  9.0000000000000000e+00  1.2000000000000000e+01  1.0000000000000000e+00
1297   2.4000000000000000e+01  9.0000000000000000e+00  1.2000000000000000e+01  1.0000000000000000e+00
1298   0.0000000000000000e+00  1.0500000000000000e+01  1.2000000000000000e+01  1.0000000000000000e+00
1299   1.0000000000000000e+00  1.0500000000000000e+01  1.2000000000000000e+01  1.0000000000000000e+00
1300   3.0000000000000000e+00  1.0500000000000000e+01  1.2000000000000000e+01  1.0000000000000000e+00
1301   6.0000000000000000e+00  1.0500000000000000e+01  1.2000000000000000e+01  1.0000000000000000e+00
1302   9.0000000000000000e+00  1.0500000000000000e+01  1.2000000000000000e+01  1.0000000000000000e+00
1303   1.2000000000000000e+01  1.0500000000000000e+01  1.2000000000000000e+01  1.0000000000000000e+00
1304   1.5000000000000000e+01  1.0500000000000000e+01  1.2000000000000000e+01  1.0000000000000000e+00
1305   1.8000000000000000e+01  1.0500000000000000e+01  1.2000000000000000e+01  1.0000000000000000e+00
1306   2.1000000000000000e+01  1.0500000000000000e+01  1.2000000000000000e+01  1.0000000000000000e+00
1307   2.3000000000000000e+01  1.0500000000000000e+01  1.2000000000000000e+01  1.0000000000000000e+00
1308   2.4000000000000000e+01  1.0500000000000000e+01  1.2000000000000000e+01  1.0000000000000000e+00
1309   0.0000000000000000e+00  1.1500000000000000e+01  1.2000000000000000e+01  1.0000000000000000e+00
1310   1.0000000000000000e+00  1.1500000000000000e+01  1.2000000000000000e+01  1.0000000000000000e+00
1311   3.0000000000000000e+00  1.1500000000000000e+01  1.2000000000000000e+01  1.0000000000000000e+00
1312   6.0000000000000000e+00  1.1500000000000000e+01  1.2000000000000000e+01  1.0000000000000000e+00
1313   9.0000000000000000e+00  1.1500000000000000e+01  1.2000000000000000e+01  1.0000000000000000e+00
1314   1.2000000000000000e+01  1.1500000000000000e+01  1.2000000000000000e+01  1.0000000000000000e+00
1315   1.5000000000000000e+01  1.1500000000000000e+01  1.2000000000000000e+01  1.0000000000000000e+00
1316   1.8000000000000000e+01  1.1500000000000000e+01  1.2000000000000000e+01  1.0000000000000000e+00
1317   2.1000000000000000e+01  1.1500000000000000e+01  1.2000000000000000e+01  1.0000000000000000e+00
1318   2.3000000000000000e+01  1.1500000000000000e+01  1.2000000000000000e+01  1.0000000000000000e+00
1319   2.4000000000000000e+01  1.1500000000000000e+01  1.2000000000000000e+01  1.0000000000000000e+00
1320   0.0000000000000000e+00  1.2000000000000000e+01  1.2000000000000000e+01  1.0000000000000000e+00
1321   1.0000000000000000e+00  1.2000000000000000e+01  1.2000000000000000e+01  1.0000000000000000e+00
1322   3.0000000000000000e+00  1.2000000000000000e+01  1.2000000000000000e+01  1.0000000000000000e+00
1323   6.0000000000000000e+00  1.2000000000000000e+01  1.2000000000000000e+01  1.0000000000000000e+00
1324   9.0000000000000000e+00  1.2000000000000000e+01  1.2000000000000000e+01  1.0000000000000000e+00
1325   1.2000000000000000e+01  1.2000000000000000e+01  1.2000000000000000e+01  1.0000000000000000e+00
1326   1.5000000000000000e+01  1.2000000000000000e+01  1.2000000000000000e+01  1.0000000000000000e+00
1327   1.8000000000000000e+01  1.2000000000000000e+01  1.2000000000000000e+01  1.0000000000000000e+00
1328   2.1000000000000000e+01  1.2000000000000000e+01  1.2000000000000000e+01  1.0000000000000000e+00
1329   2.3000000000000000e+01  1.2000000000000000e+01  1.2000000000000000e+01  1.0000000000000000e+00
1330   2.4000000000000000e+01  1.2000000000000000e+01  1.2000000000000000e+01  1.0000000000000000e+00

0     0     0.000000e+00
11    0     0.000000e+00
22    0     0.000000e+00
33    0     0.000000e+00
44    0     0.000000e+00
55    0     0.000000e+00
66    0     0.000000e+00
77    0     0.000000e+00
88    0     0.000000e+00
99    0     0.000000e+00
110   0     0.000000e+00
121   0     0.000000e+00
132   0     0.000000e+00
143   0     0.000000e+00
154   0     0.000000e+00
165   0     0.000000e+00
176   0     0.000000e+00
187   0     0.000000e+00
198   0     0.000000e+00
209   0     0.000000e+00
220   0     0.000000e+00
231   0     0.000000e+00
242   0     0.000000e+00
253   0     0.000000e+00
264   0     0.000000e+00
275   0     0.000000e+00
286   0     0.000000e+00
297   0     0.000000e+00
308   0     0.000000e+00
319   0     0.000000e+00
330   0     0.000000e+00
341   0     0.000000e+00
352   0     0.000000e+00
363   0     0.000000e+00
374   0     0.000000e+00
385   0     0.000000e+00
396   0     0.000000e+00
407   0     0.000000e+00
418   0     0.000000e+00
429   0     0.000000e+00
440   0     0.000000e+00
451   0     0.000000e+00
462   0     0.000000e+00
473   0     0.000000e+00
484   0     0.000000e+00
495   0     0.000000e+00
506   0     0.000000e+00
517   0     0.000000e+00
528   0     0.000000e+00
539   0     0.000000e+00
550   0     0.000000e+00
561   0     0.000000e+00
572   0     0.000000e+00
583   0     0.000000e+00
594   0     0.000000e+00
605   0     0.000000e+00
616   0     0.000000e+00
627   0     0.000000e+00
638   0     0.000000e+00
649   0     0.000000e+00
660   0     0.000000e+00
671   0     0.000000e+00
682   0     0.000000e+00
693   0     0.000000e+00
704   0     0.000000e+00
715   0     0.000000e+00
726   0     0.000000e+00
737   0     0.000000e+00
748   0     0.000000e+00
759   0     0.000000e+00
770   0     0.000000e+00
781   0     0.000000e+00
792   0     0.000000e+00
803   0     0.000000e+00
814   0     0.000000e+00
825   0     0.000000e+00
836   0     0.000000e+00
847   0     0.000000e+00
858   0     0.000000e+00
869   0     0.000000e+00
880   0     0.000000e+00
891   0     0.000000e+00
902   0     0.000000e+00
913   0     0.000000e+00
924   0     0.000000e+00
935   0     0.000000e+00
946   0     0.000000e+00
957   0     0.000000e+00
968   0     0.000000e+00
979   0     0.000000e+00
990   0     0.000000e+00
1001  0     0.000000e+00
1012  0     0.000000e+00
1023  0     0.000000e+00
1034  0     0.000000e+00
1045  0     0.000000e+00
1056  0     0.000000e+00
1067  0     0.000000e+00
1078  0     0.000000e+00
1089  0     0.000000e+00
1100  0     0.000000e+00
1111  0     0.000000e+00
1122  0     0.000000e+00
1133  0     0.000000e+00
1144  0     0.000000e+00
1155  0     0.000000e+00
1166  0     0.000000e+00
1177  0     0.000000e+00
1188  0     0.000000e+00
1199  0     0.000000e+00
1210  0     0.000000e+00
1221  0     0.000000e+00
1232  0     0.000000e+00
1243  0     0.000000e+00
1254  0     0.000000e+00
1265  0     0.000000e+00
1276  0     0.000000e+00
1287  0     0.000000e+00
1298  0     0.000000e+00
1309  0     0.000000e+00
1320  0     0.000000e+00
0     1     0.000000e+00
0     2     0.000000e+00
1210  1     0.000000e+00

0     0     1 2     1.000000e+00   0.000000e+00 1.000000e+00   0.000000e+00 1.000000e+00   1.000000e+00 0.000000e+00 0.000000e+00   1.000000e+01 0.000000e+00 0.000000e+00