3

200000  3.000000e-01

1

5031

3     3     3

13    17    47

9     13    43

0     1     2     3     4     5     6     7     8     9     10    11    12    13    14    15    16    17    18    19    20    21    22    23    24    25    26    27    28    29    30    31    32    33    34    35    36    37    38    39    40    41    42    43    44    45    46    47    48    49    50    51    52    53    54    55    56    57    58    59    60    61    62    63    64    65    66    67    68    69    70    71    72    73    74    75    76    77    78    79    80    81    82    83    84    85    86    87    88    89    90    91    92    93    94    95    96    97    98    99    100   101   102   103   104   105   106   107   108   109   110   111   112   113   114   115   116   117   118   119   120   121   122   123   124   125   126   127   128   129   130   131   132   133   134   135   136   137   138   139   140   141   142   143   144   145   146   147   148   149   150   151   152   153   154   155   156   157   158   159   160   161   162   163   164   165   166   167   168   169   170   171   172   173   174   175   176   177   178   179   180   181   182   183   184   185   186   187   188   189   190   191   192   193   194   195   196   197   198   199   200   201   202   203   204   205   206   207   208   209   210   211   212   213   214   215   216   217   218   219   220   221   222   223   224   225   226   227   228   229   230   231   232   233   234   235   236   237   238   239   240   241   242   243   244   245   246   247   248   249   250   251   252   253   254   255   256   257   258   259   260   261   262   263   264   265   266   267   268   269   270   271   272   273   274   275   276   277   278   279   280   281   282   283   284   285   286   287   288   289   290   291   292   293   294   295   296   297   298   299   300   301   302   303   304   305   306   307   308   309   310   311   312   313   314   315   316   317   318   319   320   321   322   323   324   325   326   327   328   329   330   331   332   333   334   335   336   337   338   339   340   341   342   343   344   345   346   347   348   349   350   351   352   353   354   355   356   357   358   359   360   361   362   363   364   365   366   367   368   369   370   371   372   373   374   375   376   377   378   379   380   381   382   383   384   385   386   387   388   389   390   391   392   393   394   395   396   397   398   399   400   401   402   403   404   405   406   407   408   409   410   411   412   413   414   415   416   417   418   419   420   421   422   423   424   425   426   427   428   429   430   431   432   433   434   435   436   437   438   439   440   441   442   443   444   445   446   447   448   449   450   451   452   453   454   455   456   457   458   459   460   461   462   463   464   465   466   467   468   469   470   471   472   473   474   475   476   477   478   479   480   481   482   483   484   485   486   487   488   489   490   491   492   493   494   495   496   497   498   499   500   501   502   503   504   505   506   507   508   509   510   511   512   513   514   515   516   517   518   519   520   521   522   523   524   525   526   527   528   529   530   531   532   533   534   535   536   537   538   539   540   541   542   543   544   545   546   547   548   549   550   551   552   553   554   555   556   557   558   559   560   561   562   563   564   565   566   567   568   569   570   571   572   573   574   575   576   577   578   579   580   581   582   583   584   585   586   587   588   589   590   591   592   593   594   595   596   597   598   599   600   601   602   603   604   605   606   607   608   609   610   611   612   613   614   615   616   617   618   619   620   621   622   623   624   625   626   627   628   629   630   631   632   633   634   635   636   637   638   639   640   641   642   643   644   645   646   647   648   649   650   651   652   653   654   655   656   657   658   659   660   661   662   663   664   665   666   667   668   669   670   671   672   673   674   675   676   677   678   679   680   681   682   683   684   685   686   687   688   689   690   691   692   693   694   695   696   697   698   699   700   701   702   703   704   705   706   707   708   709   710   711   712   713   714   715   716   717   718   719   720   721   722   723   724   725   726   727   728   729   730   731   732   733   734   735   736   737   738   739   740   741   742   743   744   745   746   747   748   749   750   751   752   753   754   755   756   757   758   759   760   761   762   763   764   765   766   767   768   769   770   771   772   773   774   775   776   777   778   779   780   781   782   783   784   785   786   787   788   789   790   791   792   793   794   795   796   797   798   799   800   801   802   803   804   805   806   807   808   809   810   811   812   813   814   815   816   817   818   819   820   821   822   823   824   825   826   827   828   829   830   831   832   833   834   835   836   837   838   839   840   841   842   843   844   845   846   847   848   849   850   851   852   853   854   855   856   857   858   859   860   861   862   863   864   865   866   867   868   869   870   871   872   873   874   875   876   877   878   879   880   881   882   883   884   885   886   887   888   889   890   891   892   893   894   895   896   897   898   899   900   901   902   903   904   905   906   907   908   909   910   911   912   913   914   915   916   917   918   919   920   921   922   923   924   925   926   927   928   929   930   931   932   933   934   935   936   937   938   939   940   941   942   943   944   945   946   947   948   949   950   951   952   953   954   955   956   957   958   959   960   961   962   963   964   965   966   967   968   969   970   971   972   973   974   975   976   977   978   979   980   981   982   983   984   985   986   987   988   989   990   991   992   993   994   995   996   997   998   999   1000  1001  1002  1003  1004  1005  1006  1007  1008  1009  1010  1011  1012  1013  1014  1015  1016  1017  1018  1019  1020  1021  1022  1023  1024  1025  1026  1027  1028  1029  1030  1031  1032  1033  1034  1035  1036  1037  1038  1039  1040  1041  1042  1043  1044  1045  1046  1047  1048  1049  1050  1051  1052  1053  1054  1055  1056  1057  1058  1059  1060  1061  1062  1063  1064  1065  1066  1067  1068  1069  1070  1071  1072  1073  1074  1075  1076  1077  1078  1079  1080  1081  1082  1083  1084  1085  1086  1087  1088  1089  1090  1091  1092  1093  1094  1095  1096  1097  1098  1099  1100  1101  1102  1103  1104  1105  1106  1107  1108  1109  1110  1111  1112  1113  1114  1115  1116  1117  1118  1119  1120  1121  1122  1123  1124  1125  1126  1127  1128  1129  1130  1131  1132  1133  1134  1135  1136  1137  1138  1139  1140  1141  1142  1143  1144  1145  1146  1147  1148  1149  1150  1151  1152  1153  1154  1155  1156  1157  1158  1159  1160  1161  1162  1163  1164  1165  1166  1167  1168  1169  1170  1171  1172  1173  1174  1175  1176  1177  1178  1179  1180  1181  1182  1183  1184  1185  1186  1187  1188  1189  1190  1191  1192  1193  1194  1195  1196  1197  1198  1199  1200  1201  1202  1203  1204  1205  1206  1207  1208  1209  1210  1211  1212  1213  1214  1215  1216  1217  1218  1219  1220  1221  1222  1223  1224  1225  1226  1227  1228  1229  1230  1231  1232  1233  1234  1235  1236  1237  1238  1239  1240  1241  1242  1243  1244  1245  1246  1247  1248  1249  1250  1251  1252  1253  1254  1255  1256  1257  1258  1259  1260  1261  1262  1263  1264  1265  1266  1267  1268  1269  1270  1271  1272  1273  1274  1275  1276  1277  1278  1279  1280  1281  1282  1283  1284  1285  1286  1287  1288  1289  1290  1291  1292  1293  1294  1295  1296  1297  1298  1299  1300  1301  1302  1303  1304  1305  1306  1307  1308  1309  1310  1311  1312  1313  1314  1315  1316  1317  1318  1319  1320  1321  1322  1323  1324  1325  1326  1327  1328  1329  1330  1331  1332  1333  1334  1335  1336  1337  1338  1339  1340  1341  1342  1343  1344  1345  1346  1347  1348  1349  1350  1351  1352  1353  1354  1355  1356  1357  1358  1359  1360  1361  1362  1363  1364  1365  1366  1367  1368  1369  1370  1371  1372  1373  1374  1375  1376  1377  1378  1379  1380  1381  1382  1383  1384  1385  1386  1387  1388  1389  1390  1391  1392  1393  1394  1395  1396  1397  1398  1399  1400  1401  1402  1403  1404  1405  1406  1407  1408  1409  1410  1411  1412  1413  1414  1415  1416  1417  1418  1419  1420  1421  1422  1423  1424  1425  1426  1427  1428  1429  1430  1431  1432  1433  1434  1435  1436  1437  1438  1439  1440  1441  1442  1443  1444  1445  1446  1447  1448  1449  1450  1451  1452  1453  1454  1455  1456  1457  1458  1459  1460  1461  1462  1463  1464  1465  1466  1467  1468  1469  1470  1471  1472  1473  1474  1475  1476  1477  1478  1479  1480  1481  1482  1483  1484  1485  1486  1487  1488  1489  1490  1491  1492  1493  1494  1495  1496  1497  1498  1499  1500  1501  1502  1503  1504  1505  1506  1507  1508  1509  1510  1511  1512  1513  1514  1515  1516  1517  1518  1519  1520  1521  1522  1523  1524  1525  1526  1527  1528  1529  1530  1531  1532  1533  1534  1535  1536  1537  1538  1539  1540  1541  1542  1543  1544  1545  1546  1547  1548  1549  1550  1551  1552  1553  1554  1555  1556  1557  1558  1559  1560  1561  1562  1563  1564  1565  1566  1567  1568  1569  1570  1571  1572  1573  1574  1575  1576  1577  1578  1579  1580  1581  1582  1583  1584  1585  1586  1587  1588  1589  1590  1591  1592  1593  1594  1595  1596  1597  1598  1599  1600  1601  1602  1603  1604  1605  1606  1607  1608  1609  1610  1611  1612  1613  1614  1615  1616  1617  1618  1619  1620  1621  1622  1623  1624  1625  1626  1627  1628  1629  1630  1631  1632  1633  1634  1635  1636  1637  1638  1639  1640  1641  1642  1643  1644  1645  1646  1647  1648  1649  1650  1651  1652  1653  1654  1655  1656  1657  1658  1659  1660  1661  1662  1663  1664  1665  1666  1667  1668  1669  1670  1671  1672  1673  1674  1675  1676  1677  1678  1679  1680  1681  1682  1683  1684  1685  1686  1687  1688  1689  1690  1691  1692  1693  1694  1695  1696  1697  1698  1699  1700  1701  1702  1703  1704  1705  1706  1707  1708  1709  1710  1711  1712  1713  1714  1715  1716  1717  1718  1719  1720  1721  1722  1723  1724  1725  1726  1727  1728  1729  1730  1731  1732  1733  1734  1735  1736  1737  1738  1739  1740  1741  1742  1743  1744  1745  1746  1747  1748  1749  1750  1751  1752  1753  1754  1755  1756  1757  1758  1759  1760  1761  1762  1763  1764  1765  1766  1767  1768  1769  1770  1771  1772  1773  1774  1775  1776  1777  1778  1779  1780  1781  1782  1783  1784  1785  1786  1787  1788  1789  1790  1791  1792  1793  1794  1795  1796  1797  1798  1799  1800  1801  1802  1803  1804  1805  1806  1807  1808  1809  1810  1811  1812  1813  1814  1815  1816  1817  1818  1819  1820  1821  1822  1823  1824  1825  1826  1827  1828  1829  1830  1831  1832  1833  1834  1835  1836  1837  1838  1839  1840  1841  1842  1843  1844  1845  1846  1847  1848  1849  1850  1851  1852  1853  1854  1855  1856  1857  1858  1859  1860  1861  1862  1863  1864  1865  1866  1867  1868  1869  1870  1871  1872  1873  1874  1875  1876  1877  1878  1879  1880  1881  1882  1883  1884  1885  1886  1887  1888  1889  1890  1891  1892  1893  1894  1895  1896  1897  1898  1899  1900  1901  1902  1903  1904  1905  1906  1907  1908  1909  1910  1911  1912  1913  1914  1915  1916  1917  1918  1919  1920  1921  1922  1923  1924  1925  1926  1927  1928  1929  1930  1931  1932  1933  1934  1935  1936  1937  1938  1939  1940  1941  1942  1943  1944  1945  1946  1947  1948  1949  1950  1951  1952  1953  1954  1955  1956  1957  1958  1959  1960  1961  1962  1963  1964  1965  1966  1967  1968  1969  1970  1971  1972  1973  1974  1975  1976  1977  1978  1979  1980  1981  1982  1983  1984  1985  1986  1987  1988  1989  1990  1991  1992  1993  1994  1995  1996  1997  1998  1999  2000  2001  2002  2003  2004  2005  2006  2007  2008  2009  2010  2011  2012  2013  2014  2015  2016  2017  2018  2019  2020  2021  2022  2023  2024  2025  2026  2027  2028  2029  2030  2031  2032  2033  2034  2035  2036  2037  2038  2039  2040  2041  2042  2043  2044  2045  2046  2047  2048  2049  2050  2051  2052  2053  2054  2055  2056  2057  2058  2059  2060  2061  2062  2063  2064  2065  2066  2067  2068  2069  2070  2071  2072  2073  2074  2075  2076  2077  2078  2079  2080  2081  2082  2083  2084  2085  2086  2087  2088  2089  2090  2091  2092  2093  2094  2095  2096  2097  2098  2099  2100  2101  2102  2103  2104  2105  2106  2107  2108  2109  2110  2111  2112  2113  2114  2115  2116  2117  2118  2119  2120  2121  2122  2123  2124  2125  2126  2127  2128  2129  2130  2131  2132  2133  2134  2135  2136  2137  2138  2139  2140  2141  2142  2143  2144  2145  2146  2147  2148  2149  2150  2151  2152  2153  2154  2155  2156  2157  2158  2159  2160  2161  2162  2163  2164  2165  2166  2167  2168  2169  2170  2171  2172  2173  2174  2175  2176  2177  2178  2179  2180  2181  2182  2183  2184  2185  2186  2187  2188  2189  2190  2191  2192  2193  2194  2195  2196  2197  2198  2199  2200  2201  2202  2203  2204  2205  2206  2207  2208  2209  2210  2211  2212  2213  2214  2215  2216  2217  2218  2219  2220  2221  2222  2223  2224  2225  2226  2227  2228  2229  2230  2231  2232  2233  2234  2235  2236  2237  2238  2239  2240  2241  2242  2243  2244  2245  2246  2247  2248  2249  2250  2251  2252  2253  2254  2255  2256  2257  2258  2259  2260  2261  2262  2263  2264  2265  2266  2267  2268  2269  2270  2271  2272  2273  2274  2275  2276  2277  2278  2279  2280  2281  2282  2283  2284  2285  2286  2287  2288  2289  2290  2291  2292  2293  2294  2295  2296  2297  2298  2299  2300  2301  2302  2303  2304  2305  2306  2307  2308  2309  2310  2311  2312  2313  2314  2315  2316  2317  2318  2319  2320  2321  2322  2323  2324  2325  2326  2327  2328  2329  2330  2331  2332  2333  2334  2335  2336  2337  2338  2339  2340  2341  2342  2343  2344  2345  2346  2347  2348  2349  2350  2351  2352  2353  2354  2355  2356  2357  2358  2359  2360  2361  2362  2363  2364  2365  2366  2367  2368  2369  2370  2371  2372  2373  2374  2375  2376  2377  2378  2379  2380  2381  2382  2383  2384  2385  2386  2387  2388  2389  2390  2391  2392  2393  2394  2395  2396  2397  2398  2399  2400  2401  2402  2403  2404  2405  2406  2407  2408  2409  2410  2411  2412  2413  2414  2415  2416  2417  2418  2419  2420  2421  2422  2423  2424  2425  2426  2427  2428  2429  2430  2431  2432  2433  2434  2435  2436  2437  2438  2439  2440  2441  2442  2443  2444  2445  2446  2447  2448  2449  2450  2451  2452  2453  2454  2455  2456  2457  2458  2459  2460  2461  2462  2463  2464  2465  2466  2467  2468  2469  2470  2471  2472  2473  2474  2475  2476  2477  2478  2479  2480  2481  2482  2483  2484  2485  2486  2487  2488  2489  2490  2491  2492  2493  2494  2495  2496  2497  2498  2499  2500  2501  2502  2503  2504  2505  2506  2507  2508  2509  2510  2511  2512  2513  2514  2515  2516  2517  2518  2519  2520  2521  2522  2523  2524  2525  2526  2527  2528  2529  2530  2531  2532  2533  2534  2535  2536  2537  2538  2539  2540  2541  2542  2543  2544  2545  2546  2547  2548  2549  2550  2551  2552  2553  2554  2555  2556  2557  2558  2559  2560  2561  2562  2563  2564  2565  2566  2567  2568  2569  2570  2571  2572  2573  2574  2575  2576  2577  2578  2579  2580  2581  2582  2583  2584  2585  2586  2587  2588  2589  2590  2591  2592  2593  2594  2595  2596  2597  2598  2599  2600  2601  2602  2603  2604  2605  2606  2607  2608  2609  2610  2611  2612  2613  2614  2615  2616  2617  2618  2619  2620  2621  2622  2623  2624  2625  2626  2627  2628  2629  2630  2631  2632  2633  2634  2635  2636  2637  2638  2639  2640  2641  2642  2643  2644  2645  2646  2647  2648  2649  2650  2651  2652  2653  2654  2655  2656  2657  2658  2659  2660  2661  2662  2663  2664  2665  2666  2667  2668  2669  2670  2671  2672  2673  2674  2675  2676  2677  2678  2679  2680  2681  2682  2683  2684  2685  2686  2687  2688  2689  2690  2691  2692  2693  2694  2695  2696  2697  2698  2699  2700  2701  2702  2703  2704  2705  2706  2707  2708  2709  2710  2711  2712  2713  2714  2715  2716  2717  2718  2719  2720  2721  2722  2723  2724  2725  2726  2727  2728  2729  2730  2731  2732  2733  2734  2735  2736  2737  2738  2739  2740  2741  2742  2743  2744  2745  2746  2747  2748  2749  2750  2751  2752  2753  2754  2755  2756  2757  2758  2759  2760  2761  2762  2763  2764  2765  2766  2767  2768  2769  2770  2771  2772  2773  2774  2775  2776  2777  2778  2779  2780  2781  2782  2783  2784  2785  2786  2787  2788  2789  2790  2791  2792  2793  2794  2795  2796  2797  2798  2799  2800  2801  2802  2803  2804  2805  2806  2807  2808  2809  2810  2811  2812  2813  2814  2815  2816  2817  2818  2819  2820  2821  2822  2823  2824  2825  2826  2827  2828  2829  2830  2831  2832  2833  2834  2835  2836  2837  2838  2839  2840  2841  2842  2843  2844  2845  2846  2847  2848  2849  2850  2851  2852  2853  2854  2855  2856  2857  2858  2859  2860  2861  2862  2863  2864  2865  2866  2867  2868  2869  2870  2871  2872  2873  2874  2875  2876  2877  2878  2879  2880  2881  2882  2883  2884  2885  2886  2887  2888  2889  2890  2891  2892  2893  2894  2895  2896  2897  2898  2899  2900  2901  2902  2903  2904  2905  2906  2907  2908  2909  2910  2911  2912  2913  2914  2915  2916  2917  2918  2919  2920  2921  2922  2923  2924  2925  2926  2927  2928  2929  2930  2931  2932  2933  2934  2935  2936  2937  2938  2939  2940  2941  2942  2943  2944  2945  2946  2947  2948  2949  2950  2951  2952  2953  2954  2955  2956  2957  2958  2959  2960  2961  2962  2963  2964  2965  2966  2967  2968  2969  2970  2971  2972  2973  2974  2975  2976  2977  2978  2979  2980  2981  2982  2983  2984  2985  2986  2987  2988  2989  2990  2991  2992  2993  2994  2995  2996  2997  2998  2999  3000  3001  3002  3003  3004  3005  3006  3007  3008  3009  3010  3011  3012  3013  3014  3015  3016  3017  3018  3019  3020  3021  3022  3023  3024  3025  3026  3027  3028  3029  3030  3031  3032  3033  3034  3035  3036  3037  3038  3039  3040  3041  3042  3043  3044  3045  3046  3047  3048  3049  3050  3051  3052  3053  3054  3055  3056  3057  3058  3059  3060  3061  3062  3063  3064  3065  3066  3067  3068  3069  3070  3071  3072  3073  3074  3075  3076  3077  3078  3079  3080  3081  3082  3083  3084  3085  3086  3087  3088  3089  3090  3091  3092  3093  3094  3095  3096  3097  3098  3099  3100  3101  3102  3103  3104  3105  3106  3107  3108  3109  3110  3111  3112  3113  3114  3115  3116  3117  3118  3119  3120  3121  3122  3123  3124  3125  3126  3127  3128  3129  3130  3131  3132  3133  3134  3135  3136  3137  3138  3139  3140  3141  3142  3143  3144  3145  3146  3147  3148  3149  3150  3151  3152  3153  3154  3155  3156  3157  3158  3159  3160  3161  3162  3163  3164  3165  3166  3167  3168  3169  3170  3171  3172  3173  3174  3175  3176  3177  3178  3179  3180  3181  3182  3183  3184  3185  3186  3187  3188  3189  3190  3191  3192  3193  3194  3195  3196  3197  3198  3199  3200  3201  3202  3203  3204  3205  3206  3207  3208  3209  3210  3211  3212  3213  3214  3215  3216  3217  3218  3219  3220  3221  3222  3223  3224  3225  3226  3227  3228  3229  3230  3231  3232  3233  3234  3235  3236  3237  3238  3239  3240  3241  3242  3243  3244  3245  3246  3247  3248  3249  3250  3251  3252  3253  3254  3255  3256  3257  3258  3259  3260  3261  3262  3263  3264  3265  3266  3267  3268  3269  3270  3271  3272  3273  3274  3275  3276  3277  3278  3279  3280  3281  3282  3283  3284  3285  3286  3287  3288  3289  3290  3291  3292  3293  3294  3295  3296  3297  3298  3299  3300  3301  3302  3303  3304  3305  3306  3307  3308  3309  3310  3311  3312  3313  3314  3315  3316  3317  3318  3319  3320  3321  3322  3323  3324  3325  3326  3327  3328  3329  3330  3331  3332  3333  3334  3335  3336  3337  3338  3339  3340  3341  3342  3343  3344  3345  3346  3347  3348  3349  3350  3351  3352  3353  3354  3355  3356  3357  3358  3359  3360  3361  3362  3363  3364  3365  3366  3367  3368  3369  3370  3371  3372  3373  3374  3375  3376  3377  3378  3379  3380  3381  3382  3383  3384  3385  3386  3387  3388  3389  3390  3391  3392  3393  3394  3395  3396  3397  3398  3399  3400  3401  3402  3403  3404  3405  3406  3407  3408  3409  3410  3411  3412  3413  3414  3415  3416  3417  3418  3419  3420  3421  3422  3423  3424  3425  3426  3427  3428  3429  3430  3431  3432  3433  3434  3435  3436  3437  3438  3439  3440  3441  3442  3443  3444  3445  3446  3447  3448  3449  3450  3451  3452  3453  3454  3455  3456  3457  3458  3459  3460  3461  3462  3463  3464  3465  3466  3467  3468  3469  3470  3471  3472  3473  3474  3475  3476  3477  3478  3479  3480  3481  3482  3483  3484  3485  3486  3487  3488  3489  3490  3491  3492  3493  3494  3495  3496  3497  3498  3499  3500  3501  3502  3503  3504  3505  3506  3507  3508  3509  3510  3511  3512  3513  3514  3515  3516  3517  3518  3519  3520  3521  3522  3523  3524  3525  3526  3527  3528  3529  3530  3531  3532  3533  3534  3535  3536  3537  3538  3539  3540  3541  3542  3543  3544  3545  3546  3547  3548  3549  3550  3551  3552  3553  3554  3555  3556  3557  3558  3559  3560  3561  3562  3563  3564  3565  3566  3567  3568  3569  3570  3571  3572  3573  3574  3575  3576  3577  3578  3579  3580  3581  3582  3583  3584  3585  3586  3587  3588  3589  3590  3591  3592  3593  3594  3595  3596  3597  3598  3599  3600  3601  3602  3603  3604  3605  3606  3607  3608  3609  3610  3611  3612  3613  3614  3615  3616  3617  3618  3619  3620  3621  3622  3623  3624  3625  3626  3627  3628  3629  3630  3631  3632  3633  3634  3635  3636  3637  3638  3639  3640  3641  3642  3643  3644  3645  3646  3647  3648  3649  3650  3651  3652  3653  3654  3655  3656  3657  3658  3659  3660  3661  3662  3663  3664  3665  3666  3667  3668  3669  3670  3671  3672  3673  3674  3675  3676  3677  3678  3679  3680  3681  3682  3683  3684  3685  3686  3687  3688  3689  3690  3691  3692  3693  3694  3695  3696  3697  3698  3699  3700  3701  3702  3703  3704  3705  3706  3707  3708  3709  3710  3711  3712  3713  3714  3715  3716  3717  3718  3719  3720  3721  3722  3723  3724  3725  3726  3727  3728  3729  3730  3731  3732  3733  3734  3735  3736  3737  3738  3739  3740  3741  3742  3743  3744  3745  3746  3747  3748  3749  3750  3751  3752  3753  3754  3755  3756  3757  3758  3759  3760  3761  3762  3763  3764  3765  3766  3767  3768  3769  3770  3771  3772  3773  3774  3775  3776  3777  3778  3779  3780  3781  3782  3783  3784  3785  3786  3787  3788  3789  3790  3791  3792  3793  3794  3795  3796  3797  3798  3799  3800  3801  3802  3803  3804  3805  3806  3807  3808  3809  3810  3811  3812  3813  3814  3815  3816  3817  3818  3819  3820  3821  3822  3823  3824  3825  3826  3827  3828  3829  3830  3831  3832  3833  3834  3835  3836  3837  3838  3839  3840  3841  3842  3843  3844  3845  3846  3847  3848  3849  3850  3851  3852  3853  3854  3855  3856  3857  3858  3859  3860  3861  3862  3863  3864  3865  3866  3867  3868  3869  3870  3871  3872  3873  3874  3875  3876  3877  3878  3879  3880  3881  3882  3883  3884  3885  3886  3887  3888  3889  3890  3891  3892  3893  3894  3895  3896  3897  3898  3899  3900  3901  3902  3903  3904  3905  3906  3907  3908  3909  3910  3911  3912  3913  3914  3915  3916  3917  3918  3919  3920  3921  3922  3923  3924  3925  3926  3927  3928  3929  3930  3931  3932  3933  3934  3935  3936  3937  3938  3939  3940  3941  3942  3943  3944  3945  3946  3947  3948  3949  3950  3951  3952  3953  3954  3955  3956  3957  3958  3959  3960  3961  3962  3963  3964  3965  3966  3967  3968  3969  3970  3971  3972  3973  3974  3975  3976  3977  3978  3979  3980  3981  3982  3983  3984  3985  3986  3987  3988  3989  3990  3991  3992  3993  3994  3995  3996  3997  3998  3999  4000  4001  4002  4003  4004  4005  4006  4007  4008  4009  4010  4011  4012  4013  4014  4015  4016  4017  4018  4019  4020  4021  4022  4023  4024  4025  4026  4027  4028  4029  4030  4031  4032  4033  4034  4035  4036  4037  4038  4039  4040  4041  4042  4043  4044  4045  4046  4047  4048  4049  4050  4051  4052  4053  4054  4055  4056  4057  4058  4059  4060  4061  4062  4063  4064  4065  4066  4067  4068  4069  4070  4071  4072  4073  4074  4075  4076  4077  4078  4079  4080  4081  4082  4083  4084  4085  4086  4087  4088  4089  4090  4091  4092  4093  4094  4095  4096  4097  4098  4099  4100  4101  4102  4103  4104  4105  4106  4107  4108  4109  4110  4111  4112  4113  4114  4115  4116  4117  4118  4119  4120  4121  4122  4123  4124  4125  4126  4127  4128  4129  4130  4131  4132  4133  4134  4135  4136  4137  4138  4139  4140  4141  4142  4143  4144  4145  4146  4147  4148  4149  4150  4151  4152  4153  4154  4155  4156  4157  4158  4159  4160  4161  4162  4163  4164  4165  4166  4167  4168  4169  4170  4171  4172  4173  4174  4175  4176  4177  4178  4179  4180  4181  4182  4183  4184  4185  4186  4187  4188  4189  4190  4191  4192  4193  4194  4195  4196  4197  4198  4199  4200  4201  4202  4203  4204  4205  4206  4207  4208  4209  4210  4211  4212  4213  4214  4215  4216  4217  4218  4219  4220  4221  4222  4223  4224  4225  4226  4227  4228  4229  4230  4231  4232  4233  4234  4235  4236  4237  4238  4239  4240  4241  4242  4243  4244  4245  4246  4247  4248  4249  4250  4251  4252  4253  4254  4255  4256  4257  4258  4259  4260  4261  4262  4263  4264  4265  4266  4267  4268  4269  4270  4271  4272  4273  4274  4275  4276  4277  4278  4279  4280  4281  4282  4283  4284  4285  4286  4287  4288  4289  4290  4291  4292  4293  4294  4295  4296  4297  4298  4299  4300  4301  4302  4303  4304  4305  4306  4307  4308  4309  4310  4311  4312  4313  4314  4315  4316  4317  4318  4319  4320  4321  4322  4323  4324  4325  4326  4327  4328  4329  4330  4331  4332  4333  4334  4335  4336  4337  4338  4339  4340  4341  4342  4343  4344  4345  4346  4347  4348  4349  4350  4351  4352  4353  4354  4355  4356  4357  4358  4359  4360  4361  4362  4363  4364  4365  4366  4367  4368  4369  4370  4371  4372  4373  4374  4375  4376  4377  4378  4379  4380  4381  4382  4383  4384  4385  4386  4387  4388  4389  4390  4391  4392  4393  4394  4395  4396  4397  4398  4399  4400  4401  4402  4403  4404  4405  4406  4407  4408  4409  4410  4411  4412  4413  4414  4415  4416  4417  4418  4419  4420  4421  4422  4423  4424  4425  4426  4427  4428  4429  4430  4431  4432  4433  4434  4435  4436  4437  4438  4439  4440  4441  4442  4443  4444  4445  4446  4447  4448  4449  4450  4451  4452  4453  4454  4455  4456  4457  4458  4459  4460  4461  4462  4463  4464  4465  4466  4467  4468  4469  4470  4471  4472  4473  4474  4475  4476  4477  4478  4479  4480  4481  4482  4483  4484  4485  4486  4487  4488  4489  4490  4491  4492  4493  4494  4495  4496  4497  4498  4499  4500  4501  4502  4503  4504  4505  4506  4507  4508  4509  4510  4511  4512  4513  4514  4515  4516  4517  4518  4519  4520  4521  4522  4523  4524  4525  4526  4527  4528  4529  4530  4531  4532  4533  4534  4535  4536  4537  4538  4539  4540  4541  4542  4543  4544  4545  4546  4547  4548  4549  4550  4551  4552  4553  4554  4555  4556  4557  4558  4559  4560  4561  4562  4563  4564  4565  4566  4567  4568  4569  4570  4571  4572  4573  4574  4575  4576  4577  4578  4579  4580  4581  4582  4583  4584  4585  4586  4587  4588  4589  4590  4591  4592  4593  4594  4595  4596  4597  4598  4599  4600  4601  4602  4603  4604  4605  4606  4607  4608  4609  4610  4611  4612  4613  4614  4615  4616  4617  4618  4619  4620  4621  4622  4623  4624  4625  4626  4627  4628  4629  4630  4631  4632  4633  4634  4635  4636  4637  4638  4639  4640  4641  4642  4643  4644  4645  4646  4647  4648  4649  4650  4651  4652  4653  4654  4655  4656  4657  4658  4659  4660  4661  4662  4663  4664  4665  4666  4667  4668  4669  4670  4671  4672  4673  4674  4675  4676  4677  4678  4679  4680  4681  4682  4683  4684  4685  4686  4687  4688  4689  4690  4691  4692  4693  4694  4695  4696  4697  4698  4699  4700  4701  4702  4703  4704  4705  4706  4707  4708  4709  4710  4711  4712  4713  4714  4715  4716  4717  4718  4719  4720  4721  4722  4723  4724  4725  4726  4727  4728  4729  4730  4731  4732  4733  4734  4735  4736  4737  4738  4739  4740  4741  4742  4743  4744  4745  4746  4747  4748  4749  4750  4751  4752  4753  4754  4755  4756  4757  4758  4759  4760  4761  4762  4763  4764  4765  4766  4767  4768  4769  4770  4771  4772  4773  4774  4775  4776  4777  4778  4779  4780  4781  4782  4783  4784  4785  4786  4787  4788  4789  4790  4791  4792  4793  4794  4795  4796  4797  4798  4799  4800  4801  4802  4803  4804  4805  4806  4807  4808  4809  4810  4811  4812  4813  4814  4815  4816  4817  4818  4819  4820  4821  4822  4823  4824  4825  4826  4827  4828  4829  4830  4831  4832  4833  4834  4835  4836  4837  4838  4839  4840  4841  4842  4843  4844  4845  4846  4847  4848  4849  4850  4851  4852  4853  4854  4855  4856  4857  4858  4859  4860  4861  4862  4863  4864  4865  4866  4867  4868  4869  4870  4871  4872  4873  4874  4875  4876  4877  4878  4879  4880  4881  4882  4883  4884  4885  4886  4887  4888  4889  4890  4891  4892  4893  4894  4895  4896  4897  4898  4899  4900  4901  4902  4903  4904  4905  4906  4907  4908  4909  4910  4911  4912  4913  4914  4915  4916  4917  4918  4919  4920  4921  4922  4923  4924  4925  4926  4927  4928  4929  4930  4931  4932  4933  4934  4935  4936  4937  4938  4939  4940  4941  4942  4943  4944  4945  4946  4947  4948  4949  4950  4951  4952  4953  4954  4955  4956  4957  4958  4959  4960  4961  4962  4963  4964  4965  4966  4967  4968  4969  4970  4971  4972  4973  4974  4975  4976  4977  4978  4979  4980  4981  4982  4983  4984  4985  4986  4987  4988  4989  4990  4991  4992  4993  4994  4995  4996  4997  4998  4999  5000  5001  5002  5003  5004  5005  5006  5007  5008  5009  5010  5011  5012  5013  5014  5015  5016  5017  5018  5019  5020  5021  5022  5023  5024  5025  5026  5027  5028  5029  5030

1893  0     0

0.0000000000000000e+00  0.0000000000000000e+00  0.0000000000000000e+00  0.0000000000000000e+00  1.6666666666666666e-01  3.3333333333333331e-01  5.0000000000000000e-01  6.6666666666666663e-01  8.3333333333333337e-01  1.0000000000000000e+00  1.0000000000000000e+00  1.0000000000000000e+00  1.0000000000000000e+00
0.0000000000000000e+00  0.0000000000000000e+00  0.0000000000000000e+00  0.0000000000000000e+00  1.0000000000000001e-01  2.0000000000000001e-01  2.9999999999999999e-01  4.0000000000000002e-01  5.0000000000000000e-01  5.9999999999999998e-01  6.9999999999999996e-01  8.0000000000000004e-01  9.0000000000000002e-01  1.0000000000000000e+00  1.0000000000000000e+00  1.0000000000000000e+00  1.0000000000000000e+00
0.0000000000000000e+00  0.0000000000000000e+00  0.0000000000000000e+00  0.0000000000000000e+00  2.5000000000000001e-02  5.0000000000000003e-02  7.4999999999999997e-02  1.0000000000000001e-01  1.2500000000000000e-01  1.4999999999999999e-01  1.7499999999999999e-01  2.0000000000000001e-01  2.2500000000000001e-01  2.5000000000000000e-01  2.7500000000000002e-01  2.9999999999999999e-01  3.2500000000000001e-01  3.4999999999999998e-01  3.7500000000000000e-01  4.0000000000000002e-01  4.2499999999999999e-01  4.5000000000000001e-01  4.7499999999999998e-01  5.0000000000000000e-01  5.2500000000000002e-01  5.5000000000000004e-01  5.7499999999999996e-01  5.9999999999999998e-01  6.2500000000000000e-01  6.5000000000000002e-01  6.7500000000000004e-01  6.9999999999999996e-01  7.2499999999999998e-01  7.5000000000000000e-01  7.7500000000000002e-01  8.0000000000000004e-01  8.2499999999999996e-01  8.4999999999999998e-01  8.7500000000000000e-01  9.0000000000000002e-01  9.2500000000000004e-01  9.4999999999999996e-01  9.7499999999999998e-01  1.0000000000000000e+00  1.0000000000000000e+00  1.0000000000000000e+00  1.0000000000000000e+00

0      0.0000000000000000e+00  1.0000000000000000e+00  0.0000000000000000e+00  1.0000000000000000e+00
1      5.5555555555555559e-02  1.0000000000000000e+00  0.0000000000000000e+00  1.0000000000000000e+00
2      1.6666666666666666e-01  1.0000000000000000e+00  0.0000000000000000e+00  1.0000000000000002e+00
3      3.3333333333333337e-01  1.0000000000000000e+00  0.0000000000000000e+00  1.0000000000000002e+00
4      4.9999999999999989e-01  1.0000000000000000e+00  0.0000000000000000e+00  1.0000000000000002e+00
5      6.6666666666666674e-01  1.0000000000000000e+00  0.0000000000000000e+00  1.0000000000000000e+00
6      8.3333333333333348e-01  1.0000000000000000e+00  0.0000000000000000e+00  1.0000000000000000e+00
7      9.4444444444444442e-01  1.0000000000000000e+00  0.0000000000000000e+00  1.0000000000000000e+00
8      1.0000000000000000e+00  1.0000000000000000e+00  0.0000000000000000e+00  1.0000000000000000e+00
9      0.0000000000000000e+00  1.0333333333333334e+00  0.0000000000000000e+00  1.0000000000000000e+00
10     5.5555555555555559e-02  1.0333333333333334e+00  0.0000000000000000e+00  1.0000000000000000e+00
11     1.6666666666666666e-01  1.0333333333333334e+00  0.0000000000000000e+00  1.0000000000000002e+00
12     3.3333333333333337e-01  1.0333333333333334e+00  0.0000000000000000e+00  1.0000000000000002e+00
13     4.9999999999999989e-01  1.0333333333333334e+00  0.0000000000000000e+00  1.0000000000000002e+00
14     6.6666666666666674e-01  1.0333333333333332e+00  0.0000000000000000e+00  1.0000000000000000e+00
15     8.3333333333333348e-01  1.0333333333333334e+00  0.0000000000000000e+00  1.0000000000000000e+00
16     9.4444444444444442e-01  1.0333333333333334e+00  0.0000000000000000e+00  1.0000000000000000e+00
17     1.0000000000000000e+00  1.0333333333333334e+00  0.0000000000000000e+00  1.0000000000000000e+00
18     0.0000000000000000e+00  1.1000000000000003e+00  0.0000000000000000e+00  1.0000000000000000e+00
19     5.5555555555555566e-02  1.1000000000000003e+00  0.0000000000000000e+00  1.0000000000000000e+00
20     1.6666666666666666e-01  1.1000000000000001e+00  0.0000000000000000e+00  1.0000000000000002e+00
21     3.3333333333333337e-01  1.1000000000000001e+00  0.0000000000000000e+00  1.0000000000000002e+00
22     4.9999999999999989e-01  1.1000000000000001e+00  0.0000000000000000e+00  1.0000000000000002e+00
23     6.6666666666666674e-01  1.1000000000000001e+00  0.0000000000000000e+00  1.0000000000000000e+00
24     8.3333333333333359e-01  1.1000000000000003e+00  0.0000000000000000e+00  1.0000000000000000e+00
25     9.4444444444444442e-01  1.1000000000000003e+00  0.0000000000000000e+00  1.0000000000000000e+00
26     1.0000000000000000e+00  1.1000000000000003e+00  0.0000000000000000e+00  1.0000000000000000e+00
27     0.0000000000000000e+00  1.2000000000000000e+00  0.0000000000000000e+00  1.0000000000000000e+00
28     5.5555555555555559e-02  1.2000000000000002e+00  0.0000000000000000e+00  1.0000000000000000e+00
29     1.6666666666666666e-01  1.2000000000000000e+00  0.0000000000000000e+00  1.0000000000000002e+00
30     3.3333333333333337e-01  1.2000000000000000e+00  0.0000000000000000e+00  1.0000000000000002e+00
31     4.9999999999999989e-01  1.2000000000000000e+00  0.0000000000000000e+00  1.0000000000000002e+00
32     6.6666666666666674e-01  1.2000000000000000e+00  0.0000000000000000e+00  1.0000000000000000e+00
33     8.3333333333333348e-01  1.2000000000000002e+00  0.0000000000000000e+00  1.0000000000000000e+00
34     9.4444444444444453e-01  1.2000000000000000e+00  0.0000000000000000e+00  1.0000000000000000e+00
35     1.0000000000000000e+00  1.2000000000000000e+00  0.0000000000000000e+00  1.0000000000000000e+00
36     0.0000000000000000e+00  1.3000000000000000e+00  0.0000000000000000e+00  1.0000000000000000e+00
37     5.5555555555555559e-02  1.3000000000000003e+00  0.0000000000000000e+00  1.0000000000000000e+00
38     1.6666666666666669e-01  1.3000000000000003e+00  0.0000000000000000e+00  1.0000000000000000e+00
39     3.3333333333333343e-01  1.3000000000000003e+00  0.0000000000000000e+00  1.0000000000000000e+00
40     5.0000000000000000e-01  1.3000000000000000e+00  0.0000000000000000e+00  1.0000000000000000e+00
41     6.6666666666666674e-01  1.2999999999999998e+00  0.0000000000000000e+00  1.0000000000000000e+00
42     8.3333333333333348e-01  1.3000000000000003e+00  0.0000000000000000e+00  1.0000000000000000e+00
43     9.4444444444444431e-01  1.3000000000000000e+00  0.0000000000000000e+00  1.0000000000000000e+00
44     1.0000000000000000e+00  1.3000000000000000e+00  0.0000000000000000e+00  1.0000000000000000e+00
45     0.0000000000000000e+00  1.3999999999999999e+00  0.0000000000000000e+00  1.0000000000000000e+00
46     5.5555555555555552e-02  1.3999999999999999e+00  0.0000000000000000e+00  1.0000000000000000e+00
47     1.6666666666666666e-01  1.4000000000000001e+00  0.0000000000000000e+00  1.0000000000000002e+00
48     3.3333333333333337e-01  1.4000000000000001e+00  0.0000000000000000e+00  1.0000000000000002e+00
49     4.9999999999999989e-01  1.3999999999999999e+00  0.0000000000000000e+00  1.0000000000000002e+00
50     6.6666666666666674e-01  1.3999999999999999e+00  0.0000000000000000e+00  1.0000000000000000e+00
51     8.3333333333333348e-01  1.3999999999999999e+00  0.0000000000000000e+00  1.0000000000000000e+00
52     9.4444444444444431e-01  1.3999999999999999e+00  0.0000000000000000e+00  1.0000000000000000e+00
53     1.0000000000000000e+00  1.3999999999999999e+00  0.0000000000000000e+00  1.0000000000000000e+00
54     0.0000000000000000e+00  1.5000000000000000e+00  0.0000000000000000e+00  1.0000000000000000e+00
55     5.5555555555555559e-02  1.5000000000000002e+00  0.0000000000000000e+00  1.0000000000000000e+00
56     1.6666666666666663e-01  1.5000000000000000e+00  0.0000000000000000e+00  1.0000000000000002e+00
57     3.3333333333333343e-01  1.5000000000000000e+00  0.0000000000000000e+00  1.0000000000000002e+00
58     4.9999999999999989e-01  1.4999999999999998e+00  0.0000000000000000e+00  1.0000000000000002e+00
59     6.6666666666666663e-01  1.5000000000000000e+00  0.0000000000000000e+00  1.0000000000000000e+00
60     8.3333333333333337e-01  1.5000000000000002e+00  0.0000000000000000e+00  1.0000000000000000e+00
61     9.4444444444444442e-01  1.5000000000000000e+00  0.0000000000000000e+00  1.0000000000000000e+00
62     1.0000000000000000e+00  1.5000000000000000e+00  0.0000000000000000e+00  1.0000000000000000e+00
63     0.0000000000000000e+00  1.6000000000000001e+00  0.0000000000000000e+00  1.0000000000000000e+00
64     5.5555555555555559e-02  1.6000000000000001e+00  0.0000000000000000e+00  1.0000000000000000e+00
65     1.6666666666666669e-01  1.5999999999999999e+00  0.0000000000000000e+00  1.0000000000000002e+00
66     3.3333333333333337e-01  1.5999999999999999e+00  0.0000000000000000e+00  1.0000000000000002e+00
67     4.9999999999999989e-01  1.5999999999999999e+00  0.0000000000000000e+00  1.0000000000000002e+00
68     6.6666666666666685e-01  1.5999999999999999e+00  0.0000000000000000e+00  1.0000000000000000e+00
69     8.3333333333333348e-01  1.6000000000000001e+00  0.0000000000000000e+00  1.0000000000000000e+00
70     9.4444444444444453e-01  1.6000000000000001e+00  0.0000000000000000e+00  1.0000000000000000e+00
71     1.0000000000000000e+00  1.6000000000000001e+00  0.0000000000000000e+00  1.0000000000000000e+00
72     0.0000000000000000e+00  1.7000000000000002e+00  0.0000000000000000e+00  1.0000000000000000e+00
73     5.5555555555555552e-02  1.7000000000000002e+00  0.0000000000000000e+00  1.0000000000000000e+00
74     1.6666666666666666e-01  1.6999999999999997e+00  0.0000000000000000e+00  1.0000000000000002e+00
75     3.3333333333333337e-01  1.6999999999999997e+00  0.0000000000000000e+00  1.0000000000000002e+00
76     4.9999999999999989e-01  1.6999999999999997e+00  0.0000000000000000e+00  1.0000000000000002e+00
77     6.6666666666666674e-01  1.7000000000000002e+00  0.0000000000000000e+00  1.0000000000000000e+00
78     8.3333333333333348e-01  1.7000000000000002e+00  0.0000000000000000e+00  1.0000000000000000e+00
79     9.4444444444444442e-01  1.7000000000000002e+00  0.0000000000000000e+00  1.0000000000000000e+00
80     1.0000000000000000e+00  1.7000000000000002e+00  0.0000000000000000e+00  1.0000000000000000e+00
81     0.0000000000000000e+00  1.8000000000000000e+00  0.0000000000000000e+00  1.0000000000000000e+00
82     5.5555555555555552e-02  1.8000000000000003e+00  0.0000000000000000e+00  1.0000000000000000e+00
83     1.6666666666666666e-01  1.7999999999999998e+00  0.0000000000000000e+00  1.0000000000000002e+00
84     3.3333333333333337e-01  1.7999999999999998e+00  0.0000000000000000e+00  1.0000000000000002e+00
85     4.9999999999999989e-01  1.7999999999999998e+00  0.0000000000000000e+00  1.0000000000000002e+00
86     6.6666666666666674e-01  1.8000000000000000e+00  0.0000000000000000e+00  1.0000000000000000e+00
87     8.3333333333333348e-01  1.8000000000000003e+00  0.0000000000000000e+00  1.0000000000000000e+00
88     9.4444444444444442e-01  1.8000000000000000e+00  0.0000000000000000e+00  1.0000000000000000e+00
89     1.0000000000000000e+00  1.8000000000000000e+00  0.0000000000000000e+00  1.0000000000000000e+00
90     0.0000000000000000e+00  1.9000000000000001e+00  0.0000000000000000e+00  1.0000000000000000e+00
91     5.5555555555555559e-02  1.9000000000000001e+00  0.0000000000000000e+00  1.0000000000000000e+00
92     1.6666666666666666e-01  1.8999999999999999e+00  0.0000000000000000e+00  1.0000000000000002e+00
93     3.3333333333333337e-01  1.8999999999999999e+00  0.0000000000000000e+00  1.0000000000000002e+00
94     4.9999999999999989e-01  1.8999999999999999e+00  0.0000000000000000e+00  1.0000000000000002e+00
95     6.6666666666666674e-01  1.9000000000000001e+00  0.0000000000000000e+00  1.0000000000000000e+00
96     8.3333333333333348e-01  1.9000000000000001e+00  0.0000000000000000e+00  1.0000000000000000e+00
97     9.4444444444444442e-01  1.9000000000000001e+00  0.0000000000000000e+00  1.0000000000000000e+00
98     1.0000000000000000e+00  1.9000000000000001e+00  0.0000000000000000e+00  1.0000000000000000e+00
99     0.0000000000000000e+00  1.9666666666666668e+00  0.0000000000000000e+00  1.0000000000000000e+00
100    5.5555555555555559e-02  1.9666666666666668e+00  0.0000000000000000e+00  1.0000000000000000e+00
101    1.6666666666666666e-01  1.9666666666666668e+00  0.0000000000000000e+00  1.0000000000000002e+00
102    3.3333333333333337e-01  1.9666666666666668e+00  0.0000000000000000e+00  1.0000000000000002e+00
103    4.9999999999999989e-01  1.9666666666666668e+00  0.0000000000000000e+00  1.0000000000000002e+00
104    6.6666666666666674e-01  1.9666666666666668e+00  0.0000000000000000e+00  1.0000000000000000e+00
105    8.3333333333333348e-01  1.9666666666666668e+00  0.0000000000000000e+00  1.0000000000000000e+00
106    9.4444444444444442e-01  1.9666666666666668e+00  0.0000000000000000e+00  1.0000000000000000e+00
107    1.0000000000000000e+00  1.9666666666666668e+00  0.0000000000000000e+00  1.0000000000000000e+00
108    0.0000000000000000e+00  2.0000000000000000e+00  0.0000000000000000e+00  1.0000000000000000e+00
109    5.5555555555555559e-02  2.0000000000000000e+00  0.0000000000000000e+00  1.0000000000000000e+00
110    1.6666666666666666e-01  2.0000000000000000e+00  0.0000000000000000e+00  1.0000000000000002e+00
111    3.3333333333333337e-01  2.0000000000000000e+00  0.0000000000000000e+00  1.0000000000000002e+00
112    4.9999999999999989e-01  2.0000000000000000e+00  0.0000000000000000e+00  1.0000000000000002e+00
113    6.6666666666666674e-01  2.0000000000000000e+00  0.0000000000000000e+00  1.0000000000000000e+00
114    8.3333333333333348e-01  2.0000000000000000e+00  0.0000000000000000e+00  1.0000000000000000e+00
115    9.4444444444444442e-01  2.0000000000000000e+00  0.0000000000000000e+00  1.0000000000000000e+00
116    1.0000000000000000e+00  2.0000000000000000e+00  0.0000000000000000e+00  1.0000000000000000e+00
117    0.0000000000000000e+00  1.0000000000000000e+00  1.1842924892976963e-02  9.9511844635310909e-01
118    5.5555555555555559e-02  1.0000000000000000e+00  1.1842924892976963e-02  9.9511844635310909e-01
119    1.6666666666666663e-01  1.0000000000000000e+00  1.1842924892976961e-02  9.9511844635310931e-01
120    3.3333333333333331e-01  1.0000000000000000e+00  1.1842924892976963e-02  9.9511844635310931e-01
121    4.9999999999999989e-01  1.0000000000000000e+00  1.1842924892976961e-02  9.9511844635310931e-01
122    6.6666666666666674e-01  1.0000000000000000e+00  1.1842924892976963e-02  9.9511844635310909e-01
123    8.3333333333333348e-01  1.0000000000000000e+00  1.1842924892976963e-02  9.9511844635310909e-01
124    9.4444444444444442e-01  1.0000000000000000e+00  1.1842924892976963e-02  9.9511844635310909e-01
125    1.0000000000000000e+00  1.0000000000000000e+00  1.1842924892976963e-02  9.9511844635310909e-01
126    0.0000000000000000e+00  1.0333333333333334e+00  1.2237689056076194e-02  9.9511844635310909e-01
127    5.5555555555555559e-02  1.0333333333333334e+00  1.2237689056076194e-02  9.9511844635310909e-01
128    1.6666666666666663e-01  1.0333333333333334e+00  1.2237689056076195e-02  9.9511844635310931e-01
129    3.3333333333333331e-01  1.0333333333333334e+00  1.2237689056076197e-02  9.9511844635310931e-01
130    4.9999999999999989e-01  1.0333333333333334e+00  1.2237689056076195e-02  9.9511844635310931e-01
131    6.6666666666666674e-01  1.0333333333333332e+00  1.2237689056076194e-02  9.9511844635310909e-01
132    8.3333333333333348e-01  1.0333333333333334e+00  1.2237689056076194e-02  9.9511844635310909e-01
133    9.4444444444444442e-01  1.0333333333333334e+00  1.2237689056076194e-02  9.9511844635310909e-01
134    1.0000000000000000e+00  1.0333333333333334e+00  1.2237689056076194e-02  9.9511844635310909e-01
135    0.0000000000000000e+00  1.1000000000000003e+00  1.3027217382274659e-02  9.9511844635310909e-01
136    5.5555555555555566e-02  1.1000000000000003e+00  1.3027217382274659e-02  9.9511844635310909e-01
137    1.6666666666666663e-01  1.1000000000000001e+00  1.3027217382274657e-02  9.9511844635310931e-01
138    3.3333333333333331e-01  1.1000000000000001e+00  1.3027217382274661e-02  9.9511844635310931e-01
139    4.9999999999999989e-01  1.1000000000000001e+00  1.3027217382274657e-02  9.9511844635310931e-01
140    6.6666666666666674e-01  1.1000000000000001e+00  1.3027217382274659e-02  9.9511844635310909e-01
141    8.3333333333333359e-01  1.1000000000000003e+00  1.3027217382274659e-02  9.9511844635310909e-01
142    9.4444444444444442e-01  1.1000000000000003e+00  1.3027217382274659e-02  9.9511844635310909e-01
143    1.0000000000000000e+00  1.1000000000000003e+00  1.3027217382274659e-02  9.9511844635310909e-01
144    0.0000000000000000e+00  1.2000000000000000e+00  1.4211509871572355e-02  9.9511844635310909e-01
145    5.5555555555555559e-02  1.2000000000000002e+00  1.4211509871572355e-02  9.9511844635310909e-01
146    1.6666666666666663e-01  1.2000000000000000e+00  1.4211509871572353e-02  9.9511844635310931e-01
147    3.3333333333333331e-01  1.2000000000000000e+00  1.4211509871572353e-02  9.9511844635310931e-01
148    4.9999999999999989e-01  1.2000000000000000e+00  1.4211509871572353e-02  9.9511844635310931e-01
149    6.6666666666666674e-01  1.2000000000000000e+00  1.4211509871572355e-02  9.9511844635310909e-01
150    8.3333333333333348e-01  1.2000000000000002e+00  1.4211509871572357e-02  9.9511844635310909e-01
151    9.4444444444444453e-01  1.2000000000000000e+00  1.4211509871572355e-02  9.9511844635310909e-01
152    1.0000000000000000e+00  1.2000000000000000e+00  1.4211509871572355e-02  9.9511844635310909e-01
153    0.0000000000000000e+00  1.3000000000000000e+00  1.5395802360870051e-02  9.9511844635310909e-01
154    5.5555555555555559e-02  1.3000000000000003e+00  1.5395802360870051e-02  9.9511844635310909e-01
155    1.6666666666666669e-01  1.3000000000000003e+00  1.5395802360870051e-02  9.9511844635310909e-01
156    3.3333333333333343e-01  1.3000000000000003e+00  1.5395802360870054e-02  9.9511844635310909e-01
157    5.0000000000000000e-01  1.3000000000000000e+00  1.5395802360870054e-02  9.9511844635310909e-01
158    6.6666666666666674e-01  1.2999999999999998e+00  1.5395802360870051e-02  9.9511844635310909e-01
159    8.3333333333333348e-01  1.3000000000000003e+00  1.5395802360870054e-02  9.9511844635310909e-01
160    9.4444444444444431e-01  1.3000000000000000e+00  1.5395802360870047e-02  9.9511844635310909e-01
161    1.0000000000000000e+00  1.3000000000000000e+00  1.5395802360870051e-02  9.9511844635310909e-01
162    0.0000000000000000e+00  1.4000000000000001e+00  1.6580094850167745e-02  9.9511844635310909e-01
163    5.5555555555555552e-02  1.4000000000000001e+00  1.6580094850167745e-02  9.9511844635310909e-01
164    1.6666666666666663e-01  1.3999999999999999e+00  1.6580094850167745e-02  9.9511844635310931e-01
165    3.3333333333333331e-01  1.3999999999999999e+00  1.6580094850167742e-02  9.9511844635310931e-01
166    4.9999999999999989e-01  1.3999999999999997e+00  1.6580094850167745e-02  9.9511844635310931e-01
167    6.6666666666666674e-01  1.4000000000000001e+00  1.6580094850167745e-02  9.9511844635310909e-01
168    8.3333333333333348e-01  1.4000000000000001e+00  1.6580094850167749e-02  9.9511844635310909e-01
169    9.4444444444444431e-01  1.4000000000000001e+00  1.6580094850167745e-02  9.9511844635310909e-01
170    1.0000000000000000e+00  1.4000000000000001e+00  1.6580094850167745e-02  9.9511844635310909e-01
171    0.0000000000000000e+00  1.4999999999999998e+00  1.7764387339465441e-02  9.9511844635310909e-01
172    5.5555555555555559e-02  1.5000000000000002e+00  1.7764387339465441e-02  9.9511844635310909e-01
173    1.6666666666666660e-01  1.5000000000000000e+00  1.7764387339465441e-02  9.9511844635310931e-01
174    3.3333333333333337e-01  1.5000000000000000e+00  1.7764387339465441e-02  9.9511844635310931e-01
175    4.9999999999999989e-01  1.4999999999999996e+00  1.7764387339465441e-02  9.9511844635310931e-01
176    6.6666666666666663e-01  1.4999999999999998e+00  1.7764387339465441e-02  9.9511844635310909e-01
177    8.3333333333333337e-01  1.5000000000000002e+00  1.7764387339465445e-02  9.9511844635310909e-01
178    9.4444444444444442e-01  1.4999999999999998e+00  1.7764387339465441e-02  9.9511844635310909e-01
179    1.0000000000000000e+00  1.4999999999999998e+00  1.7764387339465441e-02  9.9511844635310909e-01
180    0.0000000000000000e+00  1.6000000000000001e+00  1.8948679828763141e-02  9.9511844635310909e-01
181    5.5555555555555559e-02  1.6000000000000001e+00  1.8948679828763141e-02  9.9511844635310909e-01
182    1.6666666666666666e-01  1.6000000000000001e+00  1.8948679828763141e-02  9.9511844635310931e-01
183    3.3333333333333331e-01  1.6000000000000001e+00  1.8948679828763141e-02  9.9511844635310931e-01
184    4.9999999999999989e-01  1.6000000000000001e+00  1.8948679828763141e-02  9.9511844635310931e-01
185    6.6666666666666685e-01  1.5999999999999999e+00  1.8948679828763141e-02  9.9511844635310909e-01
186    8.3333333333333348e-01  1.6000000000000001e+00  1.8948679828763144e-02  9.9511844635310909e-01
187    9.4444444444444453e-01  1.6000000000000001e+00  1.8948679828763141e-02  9.9511844635310909e-01
188    1.0000000000000000e+00  1.6000000000000001e+00  1.8948679828763141e-02  9.9511844635310909e-01
189    0.0000000000000000e+00  1.7000000000000002e+00  2.0132972318060837e-02  9.9511844635310909e-01
190    5.5555555555555552e-02  1.7000000000000002e+00  2.0132972318060837e-02  9.9511844635310909e-01
191    1.6666666666666663e-01  1.6999999999999997e+00  2.0132972318060834e-02  9.9511844635310931e-01
192    3.3333333333333331e-01  1.7000000000000000e+00  2.0132972318060837e-02  9.9511844635310931e-01
193    4.9999999999999989e-01  1.6999999999999997e+00  2.0132972318060834e-02  9.9511844635310931e-01
194    6.6666666666666674e-01  1.7000000000000002e+00  2.0132972318060837e-02  9.9511844635310909e-01
195    8.3333333333333348e-01  1.7000000000000002e+00  2.0132972318060841e-02  9.9511844635310909e-01
196    9.4444444444444442e-01  1.7000000000000002e+00  2.0132972318060837e-02  9.9511844635310909e-01
197    1.0000000000000000e+00  1.7000000000000002e+00  2.0132972318060837e-02  9.9511844635310909e-01
198    0.0000000000000000e+00  1.8000000000000000e+00  2.1317264807358526e-02  9.9511844635310909e-01
199    5.5555555555555552e-02  1.8000000000000003e+00  2.1317264807358526e-02  9.9511844635310909e-01
200    1.6666666666666663e-01  1.7999999999999998e+00  2.1317264807358530e-02  9.9511844635310931e-01
201    3.3333333333333331e-01  1.7999999999999998e+00  2.1317264807358530e-02  9.9511844635310931e-01
202    4.9999999999999989e-01  1.7999999999999998e+00  2.1317264807358530e-02  9.9511844635310931e-01
203    6.6666666666666674e-01  1.8000000000000000e+00  2.1317264807358526e-02  9.9511844635310909e-01
204    8.3333333333333348e-01  1.8000000000000003e+00  2.1317264807358537e-02  9.9511844635310909e-01
205    9.4444444444444442e-01  1.8000000000000000e+00  2.1317264807358526e-02  9.9511844635310909e-01
206    1.0000000000000000e+00  1.8000000000000000e+00  2.1317264807358526e-02  9.9511844635310909e-01
207    0.0000000000000000e+00  1.9000000000000001e+00  2.2501557296656229e-02  9.9511844635310909e-01
208    5.5555555555555559e-02  1.9000000000000001e+00  2.2501557296656229e-02  9.9511844635310909e-01
209    1.6666666666666663e-01  1.8999999999999999e+00  2.2501557296656229e-02  9.9511844635310931e-01
210    3.3333333333333331e-01  1.8999999999999999e+00  2.2501557296656233e-02  9.9511844635310931e-01
211    4.9999999999999989e-01  1.8999999999999999e+00  2.2501557296656229e-02  9.9511844635310931e-01
212    6.6666666666666674e-01  1.9000000000000001e+00  2.2501557296656229e-02  9.9511844635310909e-01
213    8.3333333333333348e-01  1.9000000000000001e+00  2.2501557296656229e-02  9.9511844635310909e-01
214    9.4444444444444442e-01  1.9000000000000001e+00  2.2501557296656229e-02  9.9511844635310909e-01
215    1.0000000000000000e+00  1.9000000000000001e+00  2.2501557296656229e-02  9.9511844635310909e-01
216    0.0000000000000000e+00  1.9666666666666666e+00  2.3291085622854691e-02  9.9511844635310909e-01
217    5.5555555555555559e-02  1.9666666666666666e+00  2.3291085622854691e-02  9.9511844635310909e-01
218    1.6666666666666663e-01  1.9666666666666666e+00  2.3291085622854691e-02  9.9511844635310931e-01
219    3.3333333333333331e-01  1.9666666666666666e+00  2.3291085622854694e-02  9.9511844635310931e-01
220    4.9999999999999989e-01  1.9666666666666666e+00  2.3291085622854691e-02  9.9511844635310931e-01
221    6.6666666666666674e-01  1.9666666666666666e+00  2.3291085622854691e-02  9.9511844635310909e-01
222    8.3333333333333348e-01  1.9666666666666666e+00  2.3291085622854691e-02  9.9511844635310909e-01
223    9.4444444444444442e-01  1.9666666666666666e+00  2.3291085622854691e-02  9.9511844635310909e-01
224    1.0000000000000000e+00  1.9666666666666666e+00  2.3291085622854691e-02  9.9511844635310909e-01
225    0.0000000000000000e+00  2.0000000000000000e+00  2.3685849785953925e-02  9.9511844635310909e-01
226    5.5555555555555559e-02  2.0000000000000000e+00  2.3685849785953925e-02  9.9511844635310909e-01
227    1.6666666666666663e-01  2.0000000000000000e+00  2.3685849785953922e-02  9.9511844635310931e-01
228    3.3333333333333331e-01  2.0000000000000000e+00  2.3685849785953925e-02  9.9511844635310931e-01
229    4.9999999999999989e-01  2.0000000000000000e+00  2.3685849785953922e-02  9.9511844635310931e-01
230    6.6666666666666674e-01  2.0000000000000000e+00  2.3685849785953925e-02  9.9511844635310909e-01
231    8.3333333333333348e-01  2.0000000000000000e+00  2.3685849785953925e-02  9.9511844635310909e-01
232    9.4444444444444442e-01  2.0000000000000000e+00  2.3685849785953925e-02  9.9511844635310909e-01
233    1.0000000000000000e+00  2.0000000000000000e+00  2.3685849785953925e-02  9.9511844635310909e-01
234    0.0000000000000000e+00  9.9957724542081794e-01  3.5696804885819805e-02  9.8559941674167184e-01
235    5.5555555555555566e-02  9.9957724542081794e-01  3.5696804885819805e-02  9.8559941674167184e-01
236    1.6666666666666666e-01  9.9957724542081794e-01  3.5696804885819805e-02  9.8559941674167217e-01
237    3.3333333333333337e-01  9.9957724542081794e-01  3.5696804885819812e-02  9.8559941674167217e-01
238    4.9999999999999989e-01  9.9957724542081794e-01  3.5696804885819805e-02  9.8559941674167217e-01
239    6.6666666666666685e-01  9.9957724542081794e-01  3.5696804885819805e-02  9.8559941674167184e-01
240    8.3333333333333359e-01  9.9957724542081794e-01  3.5696804885819805e-02  9.8559941674167184e-01
241    9.4444444444444442e-01  9.9957724542081794e-01  3.5696804885819805e-02  9.8559941674167184e-01
242    1.0000000000000000e+00  9.9957724542081794e-01  3.5696804885819805e-02  9.8559941674167184e-01
243    0.0000000000000000e+00  1.0328964869348451e+00  3.6886698382013798e-02  9.8559941674167195e-01
244    5.5555555555555559e-02  1.0328964869348451e+00  3.6886698382013798e-02  9.8559941674167195e-01
245    1.6666666666666666e-01  1.0328964869348451e+00  3.6886698382013805e-02  9.8559941674167217e-01
246    3.3333333333333337e-01  1.0328964869348451e+00  3.6886698382013805e-02  9.8559941674167217e-01
247    4.9999999999999989e-01  1.0328964869348451e+00  3.6886698382013805e-02  9.8559941674167217e-01
248    6.6666666666666674e-01  1.0328964869348449e+00  3.6886698382013798e-02  9.8559941674167195e-01
249    8.3333333333333348e-01  1.0328964869348451e+00  3.6886698382013798e-02  9.8559941674167195e-01
250    9.4444444444444431e-01  1.0328964869348451e+00  3.6886698382013798e-02  9.8559941674167195e-01
251    1.0000000000000000e+00  1.0328964869348451e+00  3.6886698382013798e-02  9.8559941674167195e-01
252    0.0000000000000000e+00  1.0995349699629000e+00  3.9266485374401791e-02  9.8559941674167195e-01
253    5.5555555555555559e-02  1.0995349699629000e+00  3.9266485374401791e-02  9.8559941674167195e-01
254    1.6666666666666666e-01  1.0995349699628998e+00  3.9266485374401784e-02  9.8559941674167217e-01
255    3.3333333333333337e-01  1.0995349699628998e+00  3.9266485374401791e-02  9.8559941674167217e-01
256    4.9999999999999989e-01  1.0995349699628998e+00  3.9266485374401784e-02  9.8559941674167217e-01
257    6.6666666666666674e-01  1.0995349699628998e+00  3.9266485374401791e-02  9.8559941674167195e-01
258    8.3333333333333359e-01  1.0995349699629000e+00  3.9266485374401791e-02  9.8559941674167195e-01
259    9.4444444444444431e-01  1.0995349699629000e+00  3.9266485374401791e-02  9.8559941674167195e-01
260    1.0000000000000000e+00  1.0995349699629000e+00  3.9266485374401791e-02  9.8559941674167195e-01
261    0.0000000000000000e+00  1.1994926945049815e+00  4.2836165862983763e-02  9.8559941674167195e-01
262    5.5555555555555559e-02  1.1994926945049817e+00  4.2836165862983763e-02  9.8559941674167195e-01
263    1.6666666666666666e-01  1.1994926945049815e+00  4.2836165862983763e-02  9.8559941674167217e-01
264    3.3333333333333337e-01  1.1994926945049815e+00  4.2836165862983763e-02  9.8559941674167217e-01
265    4.9999999999999989e-01  1.1994926945049815e+00  4.2836165862983763e-02  9.8559941674167217e-01
266    6.6666666666666674e-01  1.1994926945049815e+00  4.2836165862983763e-02  9.8559941674167195e-01
267    8.3333333333333348e-01  1.1994926945049817e+00  4.2836165862983770e-02  9.8559941674167195e-01
268    9.4444444444444431e-01  1.1994926945049815e+00  4.2836165862983763e-02  9.8559941674167195e-01
269    1.0000000000000000e+00  1.1994926945049815e+00  4.2836165862983763e-02  9.8559941674167195e-01
270    0.0000000000000000e+00  1.2994504190470635e+00  4.6405846351565749e-02  9.8559941674167184e-01
271    5.5555555555555566e-02  1.2994504190470637e+00  4.6405846351565749e-02  9.8559941674167184e-01
272    1.6666666666666669e-01  1.2994504190470635e+00  4.6405846351565749e-02  9.8559941674167195e-01
273    3.3333333333333343e-01  1.2994504190470635e+00  4.6405846351565756e-02  9.8559941674167195e-01
274    4.9999999999999994e-01  1.2994504190470633e+00  4.6405846351565756e-02  9.8559941674167195e-01
275    6.6666666666666685e-01  1.2994504190470633e+00  4.6405846351565749e-02  9.8559941674167184e-01
276    8.3333333333333359e-01  1.2994504190470637e+00  4.6405846351565756e-02  9.8559941674167184e-01
277    9.4444444444444420e-01  1.2994504190470635e+00  4.6405846351565742e-02  9.8559941674167184e-01
278    1.0000000000000000e+00  1.2994504190470635e+00  4.6405846351565749e-02  9.8559941674167184e-01
279    0.0000000000000000e+00  1.3994081435891452e+00  4.9975526840147728e-02  9.8559941674167184e-01
280    5.5555555555555559e-02  1.3994081435891452e+00  4.9975526840147728e-02  9.8559941674167184e-01
281    1.6666666666666666e-01  1.3994081435891452e+00  4.9975526840147728e-02  9.8559941674167217e-01
282    3.3333333333333337e-01  1.3994081435891452e+00  4.9975526840147715e-02  9.8559941674167217e-01
283    4.9999999999999989e-01  1.3994081435891450e+00  4.9975526840147728e-02  9.8559941674167217e-01
284    6.6666666666666685e-01  1.3994081435891452e+00  4.9975526840147728e-02  9.8559941674167184e-01
285    8.3333333333333359e-01  1.3994081435891452e+00  4.9975526840147742e-02  9.8559941674167184e-01
286    9.4444444444444420e-01  1.3994081435891452e+00  4.9975526840147728e-02  9.8559941674167184e-01
287    1.0000000000000000e+00  1.3994081435891452e+00  4.9975526840147728e-02  9.8559941674167184e-01
288    0.0000000000000000e+00  1.4993658681312270e+00  5.3545207328729715e-02  9.8559941674167184e-01
289    5.5555555555555566e-02  1.4993658681312272e+00  5.3545207328729715e-02  9.8559941674167184e-01
290    1.6666666666666663e-01  1.4993658681312270e+00  5.3545207328729701e-02  9.8559941674167217e-01
291    3.3333333333333337e-01  1.4993658681312270e+00  5.3545207328729701e-02  9.8559941674167217e-01
292    4.9999999999999989e-01  1.4993658681312265e+00  5.3545207328729701e-02  9.8559941674167217e-01
293    6.6666666666666674e-01  1.4993658681312270e+00  5.3545207328729715e-02  9.8559941674167184e-01
294    8.3333333333333337e-01  1.4993658681312272e+00  5.3545207328729715e-02  9.8559941674167195e-01
295    9.4444444444444442e-01  1.4993658681312270e+00  5.3545207328729715e-02  9.8559941674167184e-01
296    1.0000000000000000e+00  1.4993658681312270e+00  5.3545207328729715e-02  9.8559941674167184e-01
297    0.0000000000000000e+00  1.5993235926733087e+00  5.7114887817311687e-02  9.8559941674167195e-01
298    5.5555555555555559e-02  1.5993235926733087e+00  5.7114887817311687e-02  9.8559941674167195e-01
299    1.6666666666666669e-01  1.5993235926733087e+00  5.7114887817311687e-02  9.8559941674167217e-01
300    3.3333333333333337e-01  1.5993235926733087e+00  5.7114887817311687e-02  9.8559941674167217e-01
301    4.9999999999999989e-01  1.5993235926733087e+00  5.7114887817311687e-02  9.8559941674167217e-01
302    6.6666666666666685e-01  1.5993235926733085e+00  5.7114887817311687e-02  9.8559941674167195e-01
303    8.3333333333333348e-01  1.5993235926733087e+00  5.7114887817311694e-02  9.8559941674167195e-01
304    9.4444444444444442e-01  1.5993235926733087e+00  5.7114887817311687e-02  9.8559941674167195e-01
305    1.0000000000000000e+00  1.5993235926733087e+00  5.7114887817311687e-02  9.8559941674167195e-01
306    0.0000000000000000e+00  1.6992813172153907e+00  6.0684568305893673e-02  9.8559941674167184e-01
307    5.5555555555555559e-02  1.6992813172153907e+00  6.0684568305893673e-02  9.8559941674167184e-01
308    1.6666666666666666e-01  1.6992813172153902e+00  6.0684568305893673e-02  9.8559941674167206e-01
309    3.3333333333333337e-01  1.6992813172153902e+00  6.0684568305893673e-02  9.8559941674167217e-01
310    4.9999999999999989e-01  1.6992813172153902e+00  6.0684568305893673e-02  9.8559941674167206e-01
311    6.6666666666666685e-01  1.6992813172153907e+00  6.0684568305893673e-02  9.8559941674167184e-01
312    8.3333333333333359e-01  1.6992813172153907e+00  6.0684568305893687e-02  9.8559941674167184e-01
313    9.4444444444444442e-01  1.6992813172153907e+00  6.0684568305893673e-02  9.8559941674167184e-01
314    1.0000000000000000e+00  1.6992813172153907e+00  6.0684568305893673e-02  9.8559941674167184e-01
315    0.0000000000000000e+00  1.7992390417574724e+00  6.4254248794475638e-02  9.8559941674167184e-01
316    5.5555555555555559e-02  1.7992390417574726e+00  6.4254248794475638e-02  9.8559941674167184e-01
317    1.6666666666666666e-01  1.7992390417574720e+00  6.4254248794475638e-02  9.8559941674167217e-01
318    3.3333333333333337e-01  1.7992390417574720e+00  6.4254248794475638e-02  9.8559941674167217e-01
319    4.9999999999999989e-01  1.7992390417574720e+00  6.4254248794475638e-02  9.8559941674167217e-01
320    6.6666666666666685e-01  1.7992390417574724e+00  6.4254248794475638e-02  9.8559941674167184e-01
321    8.3333333333333359e-01  1.7992390417574726e+00  6.4254248794475680e-02  9.8559941674167184e-01
322    9.4444444444444442e-01  1.7992390417574724e+00  6.4254248794475638e-02  9.8559941674167184e-01
323    1.0000000000000000e+00  1.7992390417574724e+00  6.4254248794475638e-02  9.8559941674167184e-01
324    0.0000000000000000e+00  1.8991967662995541e+00  6.7823929283057652e-02  9.8559941674167184e-01
325    5.5555555555555566e-02  1.8991967662995541e+00  6.7823929283057652e-02  9.8559941674167184e-01
326    1.6666666666666666e-01  1.8991967662995537e+00  6.7823929283057624e-02  9.8559941674167217e-01
327    3.3333333333333337e-01  1.8991967662995537e+00  6.7823929283057638e-02  9.8559941674167217e-01
328    4.9999999999999989e-01  1.8991967662995537e+00  6.7823929283057624e-02  9.8559941674167217e-01
329    6.6666666666666685e-01  1.8991967662995541e+00  6.7823929283057652e-02  9.8559941674167184e-01
330    8.3333333333333359e-01  1.8991967662995541e+00  6.7823929283057652e-02  9.8559941674167184e-01
331    9.4444444444444442e-01  1.8991967662995541e+00  6.7823929283057652e-02  9.8559941674167184e-01
332    1.0000000000000000e+00  1.8991967662995541e+00  6.7823929283057652e-02  9.8559941674167184e-01
333    0.0000000000000000e+00  1.9658352493276088e+00  7.0203716275445624e-02  9.8559941674167184e-01
334    5.5555555555555566e-02  1.9658352493276088e+00  7.0203716275445624e-02  9.8559941674167184e-01
335    1.6666666666666666e-01  1.9658352493276088e+00  7.0203716275445624e-02  9.8559941674167206e-01
336    3.3333333333333337e-01  1.9658352493276086e+00  7.0203716275445624e-02  9.8559941674167217e-01
337    4.9999999999999989e-01  1.9658352493276088e+00  7.0203716275445624e-02  9.8559941674167206e-01
338    6.6666666666666685e-01  1.9658352493276088e+00  7.0203716275445624e-02  9.8559941674167184e-01
339    8.3333333333333359e-01  1.9658352493276088e+00  7.0203716275445624e-02  9.8559941674167184e-01
340    9.4444444444444442e-01  1.9658352493276088e+00  7.0203716275445624e-02  9.8559941674167184e-01
341    1.0000000000000000e+00  1.9658352493276088e+00  7.0203716275445624e-02  9.8559941674167184e-01
342    0.0000000000000000e+00  1.9991544908416359e+00  7.1393609771639610e-02  9.8559941674167184e-01
343    5.5555555555555566e-02  1.9991544908416359e+00  7.1393609771639610e-02  9.8559941674167184e-01
344    1.6666666666666666e-01  1.9991544908416359e+00  7.1393609771639610e-02  9.8559941674167217e-01
345    3.3333333333333337e-01  1.9991544908416359e+00  7.1393609771639624e-02  9.8559941674167217e-01
346    4.9999999999999989e-01  1.9991544908416359e+00  7.1393609771639610e-02  9.8559941674167217e-01
347    6.6666666666666685e-01  1.9991544908416359e+00  7.1393609771639610e-02  9.8559941674167184e-01
348    8.3333333333333359e-01  1.9991544908416359e+00  7.1393609771639610e-02  9.8559941674167184e-01
349    9.4444444444444442e-01  1.9991544908416359e+00  7.1393609771639610e-02  9.8559941674167184e-01
350    1.0000000000000000e+00  1.9991544908416359e+00  7.1393609771639610e-02  9.8559941674167184e-01
351    0.0000000000000000e+00  9.9764244704944305e-01  7.1767106467108141e-02  9.7205310537154965e-01
352    5.5555555555555552e-02  9.9764244704944305e-01  7.1767106467108141e-02  9.7205310537154965e-01
353    1.6666666666666666e-01  9.9764244704944305e-01  7.1767106467108127e-02  9.7205310537154987e-01
354    3.3333333333333326e-01  9.9764244704944305e-01  7.1767106467108127e-02  9.7205310537154999e-01
355    4.9999999999999989e-01  9.9764244704944305e-01  7.1767106467108127e-02  9.7205310537154987e-01
356    6.6666666666666674e-01  9.9764244704944305e-01  7.1767106467108141e-02  9.7205310537154965e-01
357    8.3333333333333370e-01  9.9764244704944305e-01  7.1767106467108141e-02  9.7205310537154965e-01
358    9.4444444444444453e-01  9.9764244704944305e-01  7.1767106467108141e-02  9.7205310537154965e-01
359    1.0000000000000000e+00  9.9764244704944305e-01  7.1767106467108141e-02  9.7205310537154965e-01
360    0.0000000000000000e+00  1.0308971952844248e+00  7.4159343349345083e-02  9.7205310537154965e-01
361    5.5555555555555552e-02  1.0308971952844248e+00  7.4159343349345083e-02  9.7205310537154965e-01
362    1.6666666666666666e-01  1.0308971952844248e+00  7.4159343349345069e-02  9.7205310537154987e-01
363    3.3333333333333326e-01  1.0308971952844246e+00  7.4159343349345069e-02  9.7205310537154999e-01
364    4.9999999999999989e-01  1.0308971952844248e+00  7.4159343349345069e-02  9.7205310537154987e-01
365    6.6666666666666674e-01  1.0308971952844246e+00  7.4159343349345083e-02  9.7205310537154965e-01
366    8.3333333333333370e-01  1.0308971952844248e+00  7.4159343349345083e-02  9.7205310537154965e-01
367    9.4444444444444453e-01  1.0308971952844248e+00  7.4159343349345083e-02  9.7205310537154965e-01
368    1.0000000000000000e+00  1.0308971952844248e+00  7.4159343349345083e-02  9.7205310537154965e-01
369    0.0000000000000000e+00  1.0974066917543877e+00  7.8943817113818940e-02  9.7205310537154965e-01
370    5.5555555555555559e-02  1.0974066917543877e+00  7.8943817113818940e-02  9.7205310537154965e-01
371    1.6666666666666666e-01  1.0974066917543874e+00  7.8943817113818926e-02  9.7205310537154987e-01
372    3.3333333333333326e-01  1.0974066917543874e+00  7.8943817113818926e-02  9.7205310537154999e-01
373    4.9999999999999989e-01  1.0974066917543874e+00  7.8943817113818926e-02  9.7205310537154987e-01
374    6.6666666666666674e-01  1.0974066917543874e+00  7.8943817113818940e-02  9.7205310537154965e-01
375    8.3333333333333370e-01  1.0974066917543877e+00  7.8943817113818940e-02  9.7205310537154965e-01
376    9.4444444444444453e-01  1.0974066917543877e+00  7.8943817113818940e-02  9.7205310537154965e-01
377    1.0000000000000000e+00  1.0974066917543877e+00  7.8943817113818940e-02  9.7205310537154965e-01
378    0.0000000000000000e+00  1.1971709364593319e+00  8.6120527760529766e-02  9.7205310537154965e-01
379    5.5555555555555552e-02  1.1971709364593321e+00  8.6120527760529766e-02  9.7205310537154965e-01
380    1.6666666666666666e-01  1.1971709364593319e+00  8.6120527760529766e-02  9.7205310537154987e-01
381    3.3333333333333326e-01  1.1971709364593317e+00  8.6120527760529753e-02  9.7205310537154999e-01
382    4.9999999999999989e-01  1.1971709364593319e+00  8.6120527760529766e-02  9.7205310537154987e-01
383    6.6666666666666674e-01  1.1971709364593319e+00  8.6120527760529766e-02  9.7205310537154965e-01
384    8.3333333333333370e-01  1.1971709364593321e+00  8.6120527760529780e-02  9.7205310537154965e-01
385    9.4444444444444464e-01  1.1971709364593319e+00  8.6120527760529766e-02  9.7205310537154965e-01
386    1.0000000000000000e+00  1.1971709364593319e+00  8.6120527760529766e-02  9.7205310537154965e-01
387    0.0000000000000000e+00  1.2969351811642760e+00  9.3297238407240565e-02  9.7205310537154965e-01
388    5.5555555555555552e-02  1.2969351811642762e+00  9.3297238407240565e-02  9.7205310537154965e-01
389    1.6666666666666666e-01  1.2969351811642762e+00  9.3297238407240565e-02  9.7205310537154976e-01
390    3.3333333333333331e-01  1.2969351811642762e+00  9.3297238407240579e-02  9.7205310537154976e-01
391    4.9999999999999994e-01  1.2969351811642758e+00  9.3297238407240579e-02  9.7205310537154976e-01
392    6.6666666666666674e-01  1.2969351811642758e+00  9.3297238407240565e-02  9.7205310537154965e-01
393    8.3333333333333370e-01  1.2969351811642762e+00  9.3297238407240593e-02  9.7205310537154965e-01
394    9.4444444444444431e-01  1.2969351811642760e+00  9.3297238407240551e-02  9.7205310537154965e-01
395    1.0000000000000000e+00  1.2969351811642760e+00  9.3297238407240565e-02  9.7205310537154965e-01
396    0.0000000000000000e+00  1.3966994258692205e+00  1.0047394905395139e-01  9.7205310537154965e-01
397    5.5555555555555552e-02  1.3966994258692205e+00  1.0047394905395139e-01  9.7205310537154965e-01
398    1.6666666666666666e-01  1.3966994258692205e+00  1.0047394905395138e-01  9.7205310537154987e-01
399    3.3333333333333331e-01  1.3966994258692205e+00  1.0047394905395136e-01  9.7205310537154987e-01
400    4.9999999999999989e-01  1.3966994258692202e+00  1.0047394905395138e-01  9.7205310537154987e-01
401    6.6666666666666674e-01  1.3966994258692205e+00  1.0047394905395139e-01  9.7205310537154965e-01
402    8.3333333333333370e-01  1.3966994258692205e+00  1.0047394905395141e-01  9.7205310537154965e-01
403    9.4444444444444420e-01  1.3966994258692205e+00  1.0047394905395139e-01  9.7205310537154965e-01
404    1.0000000000000000e+00  1.3966994258692205e+00  1.0047394905395139e-01  9.7205310537154965e-01
405    0.0000000000000000e+00  1.4964636705741645e+00  1.0765065970066220e-01  9.7205310537154965e-01
406    5.5555555555555552e-02  1.4964636705741647e+00  1.0765065970066220e-01  9.7205310537154965e-01
407    1.6666666666666660e-01  1.4964636705741645e+00  1.0765065970066218e-01  9.7205310537154999e-01
408    3.3333333333333331e-01  1.4964636705741645e+00  1.0765065970066218e-01  9.7205310537154999e-01
409    4.9999999999999989e-01  1.4964636705741641e+00  1.0765065970066218e-01  9.7205310537154999e-01
410    6.6666666666666663e-01  1.4964636705741645e+00  1.0765065970066220e-01  9.7205310537154965e-01
411    8.3333333333333348e-01  1.4964636705741645e+00  1.0765065970066220e-01  9.7205310537154976e-01
412    9.4444444444444453e-01  1.4964636705741645e+00  1.0765065970066220e-01  9.7205310537154965e-01
413    1.0000000000000000e+00  1.4964636705741645e+00  1.0765065970066220e-01  9.7205310537154965e-01
414    0.0000000000000000e+00  1.5962279152791090e+00  1.1482737034737302e-01  9.7205310537154976e-01
415    5.5555555555555546e-02  1.5962279152791090e+00  1.1482737034737302e-01  9.7205310537154976e-01
416    1.6666666666666663e-01  1.5962279152791088e+00  1.1482737034737300e-01  9.7205310537154999e-01
417    3.3333333333333326e-01  1.5962279152791088e+00  1.1482737034737300e-01  9.7205310537154999e-01
418    4.9999999999999989e-01  1.5962279152791088e+00  1.1482737034737300e-01  9.7205310537154999e-01
419    6.6666666666666663e-01  1.5962279152791088e+00  1.1482737034737302e-01  9.7205310537154976e-01
420    8.3333333333333359e-01  1.5962279152791090e+00  1.1482737034737303e-01  9.7205310537154976e-01
421    9.4444444444444453e-01  1.5962279152791090e+00  1.1482737034737302e-01  9.7205310537154976e-01
422    1.0000000000000000e+00  1.5962279152791090e+00  1.1482737034737302e-01  9.7205310537154976e-01
423    0.0000000000000000e+00  1.6959921599840535e+00  1.2200408099408383e-01  9.7205310537154965e-01
424    5.5555555555555552e-02  1.6959921599840535e+00  1.2200408099408383e-01  9.7205310537154965e-01
425    1.6666666666666666e-01  1.6959921599840531e+00  1.2200408099408382e-01  9.7205310537154987e-01
426    3.3333333333333326e-01  1.6959921599840528e+00  1.2200408099408382e-01  9.7205310537154999e-01
427    4.9999999999999989e-01  1.6959921599840531e+00  1.2200408099408382e-01  9.7205310537154987e-01
428    6.6666666666666674e-01  1.6959921599840535e+00  1.2200408099408383e-01  9.7205310537154965e-01
429    8.3333333333333370e-01  1.6959921599840535e+00  1.2200408099408384e-01  9.7205310537154965e-01
430    9.4444444444444453e-01  1.6959921599840535e+00  1.2200408099408383e-01  9.7205310537154965e-01
431    1.0000000000000000e+00  1.6959921599840535e+00  1.2200408099408383e-01  9.7205310537154965e-01
432    0.0000000000000000e+00  1.7957564046889980e+00  1.2918079164079463e-01  9.7205310537154965e-01
433    5.5555555555555552e-02  1.7957564046889980e+00  1.2918079164079463e-01  9.7205310537154965e-01
434    1.6666666666666663e-01  1.7957564046889976e+00  1.2918079164079463e-01  9.7205310537154999e-01
435    3.3333333333333326e-01  1.7957564046889976e+00  1.2918079164079463e-01  9.7205310537154999e-01
436    4.9999999999999989e-01  1.7957564046889976e+00  1.2918079164079463e-01  9.7205310537154999e-01
437    6.6666666666666674e-01  1.7957564046889980e+00  1.2918079164079463e-01  9.7205310537154965e-01
438    8.3333333333333370e-01  1.7957564046889980e+00  1.2918079164079468e-01  9.7205310537154965e-01
439    9.4444444444444453e-01  1.7957564046889980e+00  1.2918079164079463e-01  9.7205310537154965e-01
440    1.0000000000000000e+00  1.7957564046889980e+00  1.2918079164079463e-01  9.7205310537154965e-01
441    0.0000000000000000e+00  1.8955206493939423e+00  1.3635750228750546e-01  9.7205310537154965e-01
442    5.5555555555555552e-02  1.8955206493939423e+00  1.3635750228750546e-01  9.7205310537154965e-01
443    1.6666666666666666e-01  1.8955206493939420e+00  1.3635750228750546e-01  9.7205310537154987e-01
444    3.3333333333333326e-01  1.8955206493939418e+00  1.3635750228750546e-01  9.7205310537154999e-01
445    4.9999999999999989e-01  1.8955206493939420e+00  1.3635750228750546e-01  9.7205310537154987e-01
446    6.6666666666666674e-01  1.8955206493939423e+00  1.3635750228750546e-01  9.7205310537154965e-01
447    8.3333333333333370e-01  1.8955206493939423e+00  1.3635750228750546e-01  9.7205310537154965e-01
448    9.4444444444444453e-01  1.8955206493939423e+00  1.3635750228750546e-01  9.7205310537154965e-01
449    1.0000000000000000e+00  1.8955206493939423e+00  1.3635750228750546e-01  9.7205310537154965e-01
450    0.0000000000000000e+00  1.9620301458639051e+00  1.4114197605197928e-01  9.7205310537154965e-01
451    5.5555555555555552e-02  1.9620301458639051e+00  1.4114197605197928e-01  9.7205310537154965e-01
452    1.6666666666666666e-01  1.9620301458639051e+00  1.4114197605197928e-01  9.7205310537154987e-01
453    3.3333333333333326e-01  1.9620301458639049e+00  1.4114197605197931e-01  9.7205310537154999e-01
454    4.9999999999999989e-01  1.9620301458639051e+00  1.4114197605197928e-01  9.7205310537154987e-01
455    6.6666666666666674e-01  1.9620301458639051e+00  1.4114197605197928e-01  9.7205310537154965e-01
456    8.3333333333333370e-01  1.9620301458639051e+00  1.4114197605197928e-01  9.7205310537154965e-01
457    9.4444444444444453e-01  1.9620301458639051e+00  1.4114197605197928e-01  9.7205310537154965e-01
458    1.0000000000000000e+00  1.9620301458639051e+00  1.4114197605197928e-01  9.7205310537154965e-01
459    0.0000000000000000e+00  1.9952848940988861e+00  1.4353421293421628e-01  9.7205310537154965e-01
460    5.5555555555555552e-02  1.9952848940988861e+00  1.4353421293421628e-01  9.7205310537154965e-01
461    1.6666666666666666e-01  1.9952848940988861e+00  1.4353421293421625e-01  9.7205310537154987e-01
462    3.3333333333333326e-01  1.9952848940988861e+00  1.4353421293421625e-01  9.7205310537154999e-01
463    4.9999999999999989e-01  1.9952848940988861e+00  1.4353421293421625e-01  9.7205310537154987e-01
464    6.6666666666666674e-01  1.9952848940988861e+00  1.4353421293421628e-01  9.7205310537154965e-01
465    8.3333333333333370e-01  1.9952848940988861e+00  1.4353421293421628e-01  9.7205310537154965e-01
466    9.4444444444444453e-01  1.9952848940988861e+00  1.4353421293421628e-01  9.7205310537154965e-01
467    1.0000000000000000e+00  1.9952848940988861e+00  1.4353421293421628e-01  9.7205310537154965e-01
468    0.0000000000000000e+00  9.9435316275304864e-01  1.0823408707759906e-01  9.5923902704846120e-01
469    5.5555555555555559e-02  9.9435316275304864e-01  1.0823408707759906e-01  9.5923902704846120e-01
470    1.6666666666666666e-01  9.9435316275304864e-01  1.0823408707759904e-01  9.5923902704846142e-01
471    3.3333333333333331e-01  9.9435316275304864e-01  1.0823408707759907e-01  9.5923902704846142e-01
472    4.9999999999999989e-01  9.9435316275304864e-01  1.0823408707759904e-01  9.5923902704846142e-01
473    6.6666666666666674e-01  9.9435316275304864e-01  1.0823408707759906e-01  9.5923902704846120e-01
474    8.3333333333333348e-01  9.9435316275304864e-01  1.0823408707759906e-01  9.5923902704846120e-01
475    9.4444444444444442e-01  9.9435316275304864e-01  1.0823408707759906e-01  9.5923902704846120e-01
476    1.0000000000000000e+00  9.9435316275304864e-01  1.0823408707759906e-01  9.5923902704846120e-01
477    0.0000000000000000e+00  1.0274982681781502e+00  1.1184188998018571e-01  9.5923902704846120e-01
478    5.5555555555555559e-02  1.0274982681781502e+00  1.1184188998018571e-01  9.5923902704846120e-01
479    1.6666666666666666e-01  1.0274982681781502e+00  1.1184188998018570e-01  9.5923902704846142e-01
480    3.3333333333333331e-01  1.0274982681781502e+00  1.1184188998018571e-01  9.5923902704846142e-01
481    4.9999999999999989e-01  1.0274982681781502e+00  1.1184188998018570e-01  9.5923902704846142e-01
482    6.6666666666666674e-01  1.0274982681781502e+00  1.1184188998018571e-01  9.5923902704846120e-01
483    8.3333333333333359e-01  1.0274982681781502e+00  1.1184188998018571e-01  9.5923902704846120e-01
484    9.4444444444444442e-01  1.0274982681781502e+00  1.1184188998018571e-01  9.5923902704846120e-01
485    1.0000000000000000e+00  1.0274982681781502e+00  1.1184188998018571e-01  9.5923902704846120e-01
486    0.0000000000000000e+00  1.0937884790283539e+00  1.1905749578535899e-01  9.5923902704846120e-01
487    5.5555555555555566e-02  1.0937884790283539e+00  1.1905749578535899e-01  9.5923902704846120e-01
488    1.6666666666666666e-01  1.0937884790283536e+00  1.1905749578535896e-01  9.5923902704846142e-01
489    3.3333333333333331e-01  1.0937884790283536e+00  1.1905749578535897e-01  9.5923902704846142e-01
490    4.9999999999999989e-01  1.0937884790283536e+00  1.1905749578535896e-01  9.5923902704846142e-01
491    6.6666666666666674e-01  1.0937884790283536e+00  1.1905749578535899e-01  9.5923902704846120e-01
492    8.3333333333333370e-01  1.0937884790283539e+00  1.1905749578535899e-01  9.5923902704846120e-01
493    9.4444444444444442e-01  1.0937884790283539e+00  1.1905749578535899e-01  9.5923902704846120e-01
494    1.0000000000000000e+00  1.0937884790283539e+00  1.1905749578535899e-01  9.5923902704846120e-01
495    0.0000000000000000e+00  1.1932237953036582e+00  1.2988090449311887e-01  9.5923902704846120e-01
496    5.5555555555555559e-02  1.1932237953036584e+00  1.2988090449311887e-01  9.5923902704846120e-01
497    1.6666666666666666e-01  1.1932237953036582e+00  1.2988090449311887e-01  9.5923902704846142e-01
498    3.3333333333333331e-01  1.1932237953036582e+00  1.2988090449311887e-01  9.5923902704846142e-01
499    4.9999999999999989e-01  1.1932237953036582e+00  1.2988090449311887e-01  9.5923902704846142e-01
500    6.6666666666666674e-01  1.1932237953036582e+00  1.2988090449311887e-01  9.5923902704846120e-01
501    8.3333333333333348e-01  1.1932237953036584e+00  1.2988090449311890e-01  9.5923902704846120e-01
502    9.4444444444444453e-01  1.1932237953036582e+00  1.2988090449311887e-01  9.5923902704846120e-01
503    1.0000000000000000e+00  1.1932237953036582e+00  1.2988090449311887e-01  9.5923902704846120e-01
504    0.0000000000000000e+00  1.2926591115789632e+00  1.4070431320087878e-01  9.5923902704846120e-01
505    5.5555555555555559e-02  1.2926591115789632e+00  1.4070431320087878e-01  9.5923902704846120e-01
506    1.6666666666666669e-01  1.2926591115789632e+00  1.4070431320087878e-01  9.5923902704846120e-01
507    3.3333333333333337e-01  1.2926591115789632e+00  1.4070431320087881e-01  9.5923902704846120e-01
508    5.0000000000000000e-01  1.2926591115789632e+00  1.4070431320087881e-01  9.5923902704846120e-01
509    6.6666666666666674e-01  1.2926591115789632e+00  1.4070431320087878e-01  9.5923902704846120e-01
510    8.3333333333333348e-01  1.2926591115789632e+00  1.4070431320087881e-01  9.5923902704846120e-01
511    9.4444444444444442e-01  1.2926591115789632e+00  1.4070431320087876e-01  9.5923902704846120e-01
512    1.0000000000000000e+00  1.2926591115789632e+00  1.4070431320087878e-01  9.5923902704846120e-01
513    0.0000000000000000e+00  1.3920944278542680e+00  1.5152772190863867e-01  9.5923902704846120e-01
514    5.5555555555555546e-02  1.3920944278542680e+00  1.5152772190863867e-01  9.5923902704846120e-01
515    1.6666666666666666e-01  1.3920944278542680e+00  1.5152772190863867e-01  9.5923902704846142e-01
516    3.3333333333333331e-01  1.3920944278542680e+00  1.5152772190863864e-01  9.5923902704846142e-01
517    4.9999999999999989e-01  1.3920944278542677e+00  1.5152772190863867e-01  9.5923902704846142e-01
518    6.6666666666666674e-01  1.3920944278542680e+00  1.5152772190863867e-01  9.5923902704846120e-01
519    8.3333333333333348e-01  1.3920944278542680e+00  1.5152772190863870e-01  9.5923902704846120e-01
520    9.4444444444444442e-01  1.3920944278542680e+00  1.5152772190863867e-01  9.5923902704846120e-01
521    1.0000000000000000e+00  1.3920944278542680e+00  1.5152772190863867e-01  9.5923902704846120e-01
522    0.0000000000000000e+00  1.4915297441295732e+00  1.6235113061639858e-01  9.5923902704846120e-01
523    5.5555555555555559e-02  1.4915297441295732e+00  1.6235113061639858e-01  9.5923902704846120e-01
524    1.6666666666666663e-01  1.4915297441295730e+00  1.6235113061639858e-01  9.5923902704846142e-01
525    3.3333333333333337e-01  1.4915297441295730e+00  1.6235113061639858e-01  9.5923902704846142e-01
526    4.9999999999999989e-01  1.4915297441295727e+00  1.6235113061639858e-01  9.5923902704846142e-01
527    6.6666666666666663e-01  1.4915297441295732e+00  1.6235113061639858e-01  9.5923902704846120e-01
528    8.3333333333333348e-01  1.4915297441295732e+00  1.6235113061639861e-01  9.5923902704846120e-01
529    9.4444444444444442e-01  1.4915297441295732e+00  1.6235113061639858e-01  9.5923902704846120e-01
530    1.0000000000000000e+00  1.4915297441295732e+00  1.6235113061639858e-01  9.5923902704846120e-01
531    0.0000000000000000e+00  1.5909650604048777e+00  1.7317453932415849e-01  9.5923902704846120e-01
532    5.5555555555555559e-02  1.5909650604048777e+00  1.7317453932415849e-01  9.5923902704846120e-01
533    1.6666666666666666e-01  1.5909650604048777e+00  1.7317453932415847e-01  9.5923902704846142e-01
534    3.3333333333333331e-01  1.5909650604048777e+00  1.7317453932415847e-01  9.5923902704846142e-01
535    4.9999999999999989e-01  1.5909650604048777e+00  1.7317453932415847e-01  9.5923902704846142e-01
536    6.6666666666666674e-01  1.5909650604048775e+00  1.7317453932415849e-01  9.5923902704846120e-01
537    8.3333333333333348e-01  1.5909650604048777e+00  1.7317453932415849e-01  9.5923902704846120e-01
538    9.4444444444444453e-01  1.5909650604048777e+00  1.7317453932415849e-01  9.5923902704846120e-01
539    1.0000000000000000e+00  1.5909650604048777e+00  1.7317453932415849e-01  9.5923902704846120e-01
540    0.0000000000000000e+00  1.6904003766801827e+00  1.8399794803191841e-01  9.5923902704846120e-01
541    5.5555555555555552e-02  1.6904003766801827e+00  1.8399794803191841e-01  9.5923902704846120e-01
542    1.6666666666666666e-01  1.6904003766801823e+00  1.8399794803191841e-01  9.5923902704846142e-01
543    3.3333333333333331e-01  1.6904003766801823e+00  1.8399794803191843e-01  9.5923902704846142e-01
544    4.9999999999999989e-01  1.6904003766801823e+00  1.8399794803191841e-01  9.5923902704846142e-01
545    6.6666666666666674e-01  1.6904003766801827e+00  1.8399794803191841e-01  9.5923902704846120e-01
546    8.3333333333333348e-01  1.6904003766801827e+00  1.8399794803191843e-01  9.5923902704846120e-01
547    9.4444444444444442e-01  1.6904003766801827e+00  1.8399794803191841e-01  9.5923902704846120e-01
548    1.0000000000000000e+00  1.6904003766801827e+00  1.8399794803191841e-01  9.5923902704846120e-01
549    0.0000000000000000e+00  1.7898356929554875e+00  1.9482135673967826e-01  9.5923902704846120e-01
550    5.5555555555555552e-02  1.7898356929554877e+00  1.9482135673967826e-01  9.5923902704846120e-01
551    1.6666666666666666e-01  1.7898356929554873e+00  1.9482135673967829e-01  9.5923902704846142e-01
552    3.3333333333333331e-01  1.7898356929554873e+00  1.9482135673967829e-01  9.5923902704846142e-01
553    4.9999999999999989e-01  1.7898356929554873e+00  1.9482135673967829e-01  9.5923902704846142e-01
554    6.6666666666666674e-01  1.7898356929554875e+00  1.9482135673967826e-01  9.5923902704846120e-01
555    8.3333333333333348e-01  1.7898356929554877e+00  1.9482135673967838e-01  9.5923902704846120e-01
556    9.4444444444444442e-01  1.7898356929554875e+00  1.9482135673967826e-01  9.5923902704846120e-01
557    1.0000000000000000e+00  1.7898356929554875e+00  1.9482135673967826e-01  9.5923902704846120e-01
558    0.0000000000000000e+00  1.8892710092307923e+00  2.0564476544743823e-01  9.5923902704846120e-01
559    5.5555555555555559e-02  1.8892710092307923e+00  2.0564476544743823e-01  9.5923902704846120e-01
560    1.6666666666666666e-01  1.8892710092307921e+00  2.0564476544743820e-01  9.5923902704846142e-01
561    3.3333333333333331e-01  1.8892710092307921e+00  2.0564476544743823e-01  9.5923902704846142e-01
562    4.9999999999999989e-01  1.8892710092307921e+00  2.0564476544743820e-01  9.5923902704846142e-01
563    6.6666666666666674e-01  1.8892710092307923e+00  2.0564476544743823e-01  9.5923902704846120e-01
564    8.3333333333333348e-01  1.8892710092307923e+00  2.0564476544743823e-01  9.5923902704846120e-01
565    9.4444444444444442e-01  1.8892710092307923e+00  2.0564476544743823e-01  9.5923902704846120e-01
566    1.0000000000000000e+00  1.8892710092307923e+00  2.0564476544743823e-01  9.5923902704846120e-01
567    0.0000000000000000e+00  1.9555612200809958e+00  2.1286037125261145e-01  9.5923902704846120e-01
568    5.5555555555555559e-02  1.9555612200809958e+00  2.1286037125261145e-01  9.5923902704846120e-01
569    1.6666666666666666e-01  1.9555612200809955e+00  2.1286037125261145e-01  9.5923902704846142e-01
570    3.3333333333333331e-01  1.9555612200809955e+00  2.1286037125261148e-01  9.5923902704846142e-01
571    4.9999999999999989e-01  1.9555612200809955e+00  2.1286037125261145e-01  9.5923902704846142e-01
572    6.6666666666666674e-01  1.9555612200809958e+00  2.1286037125261145e-01  9.5923902704846120e-01
573    8.3333333333333348e-01  1.9555612200809958e+00  2.1286037125261145e-01  9.5923902704846120e-01
574    9.4444444444444442e-01  1.9555612200809958e+00  2.1286037125261145e-01  9.5923902704846120e-01
575    1.0000000000000000e+00  1.9555612200809958e+00  2.1286037125261145e-01  9.5923902704846120e-01
576    0.0000000000000000e+00  1.9887063255060973e+00  2.1646817415519812e-01  9.5923902704846120e-01
577    5.5555555555555559e-02  1.9887063255060973e+00  2.1646817415519812e-01  9.5923902704846120e-01
578    1.6666666666666666e-01  1.9887063255060973e+00  2.1646817415519809e-01  9.5923902704846142e-01
579    3.3333333333333331e-01  1.9887063255060973e+00  2.1646817415519815e-01  9.5923902704846142e-01
580    4.9999999999999989e-01  1.9887063255060973e+00  2.1646817415519809e-01  9.5923902704846142e-01
581    6.6666666666666674e-01  1.9887063255060973e+00  2.1646817415519812e-01  9.5923902704846120e-01
582    8.3333333333333348e-01  1.9887063255060973e+00  2.1646817415519812e-01  9.5923902704846120e-01
583    9.4444444444444442e-01  1.9887063255060973e+00  2.1646817415519812e-01  9.5923902704846120e-01
584    1.0000000000000000e+00  1.9887063255060973e+00  2.1646817415519812e-01  9.5923902704846120e-01
585    0.0000000000000000e+00  9.8966204674883673e-01  1.4502927048358422e-01  9.4715718177240638e-01
586    5.5555555555555559e-02  9.8966204674883673e-01  1.4502927048358422e-01  9.4715718177240638e-01
587    1.6666666666666666e-01  9.8966204674883673e-01  1.4502927048358422e-01  9.4715718177240660e-01
588    3.3333333333333337e-01  9.8966204674883673e-01  1.4502927048358424e-01  9.4715718177240660e-01
589    4.9999999999999989e-01  9.8966204674883673e-01  1.4502927048358422e-01  9.4715718177240660e-01
590    6.6666666666666663e-01  9.8966204674883673e-01  1.4502927048358422e-01  9.4715718177240638e-01
591    8.3333333333333337e-01  9.8966204674883673e-01  1.4502927048358422e-01  9.4715718177240638e-01
592    9.4444444444444442e-01  9.8966204674883673e-01  1.4502927048358422e-01  9.4715718177240638e-01
593    1.0000000000000000e+00  9.8966204674883673e-01  1.4502927048358422e-01  9.4715718177240638e-01
594    0.0000000000000000e+00  1.0226507816404646e+00  1.4986357949970366e-01  9.4715718177240638e-01
595    5.5555555555555559e-02  1.0226507816404646e+00  1.4986357949970366e-01  9.4715718177240638e-01
596    1.6666666666666666e-01  1.0226507816404646e+00  1.4986357949970366e-01  9.4715718177240660e-01
597    3.3333333333333337e-01  1.0226507816404646e+00  1.4986357949970369e-01  9.4715718177240660e-01
598    4.9999999999999989e-01  1.0226507816404646e+00  1.4986357949970366e-01  9.4715718177240660e-01
599    6.6666666666666663e-01  1.0226507816404646e+00  1.4986357949970366e-01  9.4715718177240638e-01
600    8.3333333333333337e-01  1.0226507816404646e+00  1.4986357949970366e-01  9.4715718177240638e-01
601    9.4444444444444442e-01  1.0226507816404646e+00  1.4986357949970366e-01  9.4715718177240638e-01
602    1.0000000000000000e+00  1.0226507816404646e+00  1.4986357949970366e-01  9.4715718177240638e-01
603    0.0000000000000000e+00  1.0886282514237207e+00  1.5953219753194264e-01  9.4715718177240638e-01
604    5.5555555555555566e-02  1.0886282514237207e+00  1.5953219753194264e-01  9.4715718177240638e-01
605    1.6666666666666666e-01  1.0886282514237204e+00  1.5953219753194262e-01  9.4715718177240660e-01
606    3.3333333333333337e-01  1.0886282514237204e+00  1.5953219753194264e-01  9.4715718177240660e-01
607    4.9999999999999989e-01  1.0886282514237204e+00  1.5953219753194262e-01  9.4715718177240660e-01
608    6.6666666666666674e-01  1.0886282514237204e+00  1.5953219753194264e-01  9.4715718177240638e-01
609    8.3333333333333348e-01  1.0886282514237207e+00  1.5953219753194264e-01  9.4715718177240638e-01
610    9.4444444444444442e-01  1.0886282514237207e+00  1.5953219753194264e-01  9.4715718177240638e-01
611    1.0000000000000000e+00  1.0886282514237207e+00  1.5953219753194264e-01  9.4715718177240638e-01
612    0.0000000000000000e+00  1.1875944560986038e+00  1.7403512458030104e-01  9.4715718177240638e-01
613    5.5555555555555559e-02  1.1875944560986040e+00  1.7403512458030104e-01  9.4715718177240638e-01
614    1.6666666666666666e-01  1.1875944560986040e+00  1.7403512458030101e-01  9.4715718177240660e-01
615    3.3333333333333337e-01  1.1875944560986040e+00  1.7403512458030101e-01  9.4715718177240660e-01
616    4.9999999999999989e-01  1.1875944560986038e+00  1.7403512458030101e-01  9.4715718177240660e-01
617    6.6666666666666663e-01  1.1875944560986038e+00  1.7403512458030104e-01  9.4715718177240638e-01
618    8.3333333333333337e-01  1.1875944560986040e+00  1.7403512458030107e-01  9.4715718177240638e-01
619    9.4444444444444442e-01  1.1875944560986038e+00  1.7403512458030104e-01  9.4715718177240638e-01
620    1.0000000000000000e+00  1.1875944560986038e+00  1.7403512458030104e-01  9.4715718177240638e-01
621    0.0000000000000000e+00  1.2865606607734881e+00  1.8853805162865944e-01  9.4715718177240638e-01
622    5.5555555555555559e-02  1.2865606607734881e+00  1.8853805162865944e-01  9.4715718177240638e-01
623    1.6666666666666669e-01  1.2865606607734879e+00  1.8853805162865941e-01  9.4715718177240649e-01
624    3.3333333333333343e-01  1.2865606607734879e+00  1.8853805162865944e-01  9.4715718177240649e-01
625    4.9999999999999994e-01  1.2865606607734879e+00  1.8853805162865944e-01  9.4715718177240649e-01
626    6.6666666666666674e-01  1.2865606607734874e+00  1.8853805162865944e-01  9.4715718177240638e-01
627    8.3333333333333337e-01  1.2865606607734881e+00  1.8853805162865947e-01  9.4715718177240638e-01
628    9.4444444444444442e-01  1.2865606607734881e+00  1.8853805162865941e-01  9.4715718177240638e-01
629    1.0000000000000000e+00  1.2865606607734881e+00  1.8853805162865944e-01  9.4715718177240638e-01
630    0.0000000000000000e+00  1.3855268654483714e+00  2.0304097867701790e-01  9.4715718177240638e-01
631    5.5555555555555559e-02  1.3855268654483714e+00  2.0304097867701790e-01  9.4715718177240638e-01
632    1.6666666666666666e-01  1.3855268654483714e+00  2.0304097867701787e-01  9.4715718177240660e-01
633    3.3333333333333337e-01  1.3855268654483714e+00  2.0304097867701784e-01  9.4715718177240660e-01
634    4.9999999999999989e-01  1.3855268654483712e+00  2.0304097867701787e-01  9.4715718177240660e-01
635    6.6666666666666663e-01  1.3855268654483714e+00  2.0304097867701790e-01  9.4715718177240638e-01
636    8.3333333333333337e-01  1.3855268654483714e+00  2.0304097867701792e-01  9.4715718177240638e-01
637    9.4444444444444431e-01  1.3855268654483714e+00  2.0304097867701790e-01  9.4715718177240638e-01
638    1.0000000000000000e+00  1.3855268654483714e+00  2.0304097867701790e-01  9.4715718177240638e-01
639    0.0000000000000000e+00  1.4844930701232553e+00  2.1754390572537630e-01  9.4715718177240638e-01
640    5.5555555555555559e-02  1.4844930701232555e+00  2.1754390572537630e-01  9.4715718177240638e-01
641    1.6666666666666663e-01  1.4844930701232550e+00  2.1754390572537627e-01  9.4715718177240660e-01
642    3.3333333333333337e-01  1.4844930701232550e+00  2.1754390572537627e-01  9.4715718177240660e-01
643    4.9999999999999994e-01  1.4844930701232548e+00  2.1754390572537627e-01  9.4715718177240660e-01
644    6.6666666666666663e-01  1.4844930701232553e+00  2.1754390572537630e-01  9.4715718177240638e-01
645    8.3333333333333326e-01  1.4844930701232553e+00  2.1754390572537630e-01  9.4715718177240649e-01
646    9.4444444444444442e-01  1.4844930701232553e+00  2.1754390572537630e-01  9.4715718177240638e-01
647    1.0000000000000000e+00  1.4844930701232553e+00  2.1754390572537630e-01  9.4715718177240638e-01
648    0.0000000000000000e+00  1.5834592747981386e+00  2.3204683277373472e-01  9.4715718177240649e-01
649    5.5555555555555552e-02  1.5834592747981386e+00  2.3204683277373472e-01  9.4715718177240649e-01
650    1.6666666666666669e-01  1.5834592747981386e+00  2.3204683277373472e-01  9.4715718177240660e-01
651    3.3333333333333337e-01  1.5834592747981389e+00  2.3204683277373472e-01  9.4715718177240660e-01
652    4.9999999999999994e-01  1.5834592747981389e+00  2.3204683277373472e-01  9.4715718177240660e-01
653    6.6666666666666685e-01  1.5834592747981384e+00  2.3204683277373472e-01  9.4715718177240649e-01
654    8.3333333333333326e-01  1.5834592747981386e+00  2.3204683277373475e-01  9.4715718177240649e-01
655    9.4444444444444442e-01  1.5834592747981386e+00  2.3204683277373472e-01  9.4715718177240649e-01
656    1.0000000000000000e+00  1.5834592747981386e+00  2.3204683277373472e-01  9.4715718177240649e-01
657    0.0000000000000000e+00  1.6824254794730227e+00  2.4654975982209312e-01  9.4715718177240638e-01
658    5.5555555555555559e-02  1.6824254794730227e+00  2.4654975982209312e-01  9.4715718177240638e-01
659    1.6666666666666669e-01  1.6824254794730225e+00  2.4654975982209315e-01  9.4715718177240649e-01
660    3.3333333333333337e-01  1.6824254794730222e+00  2.4654975982209312e-01  9.4715718177240660e-01
661    4.9999999999999994e-01  1.6824254794730225e+00  2.4654975982209315e-01  9.4715718177240649e-01
662    6.6666666666666663e-01  1.6824254794730227e+00  2.4654975982209312e-01  9.4715718177240638e-01
663    8.3333333333333337e-01  1.6824254794730227e+00  2.4654975982209318e-01  9.4715718177240638e-01
664    9.4444444444444442e-01  1.6824254794730227e+00  2.4654975982209312e-01  9.4715718177240638e-01
665    1.0000000000000000e+00  1.6824254794730227e+00  2.4654975982209312e-01  9.4715718177240638e-01
666    0.0000000000000000e+00  1.7813916841479063e+00  2.6105268687045152e-01  9.4715718177240638e-01
667    5.5555555555555559e-02  1.7813916841479065e+00  2.6105268687045152e-01  9.4715718177240638e-01
668    1.6666666666666666e-01  1.7813916841479061e+00  2.6105268687045158e-01  9.4715718177240660e-01
669    3.3333333333333337e-01  1.7813916841479063e+00  2.6105268687045158e-01  9.4715718177240660e-01
670    4.9999999999999994e-01  1.7813916841479061e+00  2.6105268687045158e-01  9.4715718177240660e-01
671    6.6666666666666663e-01  1.7813916841479063e+00  2.6105268687045152e-01  9.4715718177240638e-01
672    8.3333333333333337e-01  1.7813916841479065e+00  2.6105268687045163e-01  9.4715718177240638e-01
673    9.4444444444444442e-01  1.7813916841479063e+00  2.6105268687045152e-01  9.4715718177240638e-01
674    1.0000000000000000e+00  1.7813916841479063e+00  2.6105268687045152e-01  9.4715718177240638e-01
675    0.0000000000000000e+00  1.8803578888227899e+00  2.7555561391881001e-01  9.4715718177240638e-01
676    5.5555555555555559e-02  1.8803578888227899e+00  2.7555561391881001e-01  9.4715718177240638e-01
677    1.6666666666666666e-01  1.8803578888227899e+00  2.7555561391880995e-01  9.4715718177240660e-01
678    3.3333333333333337e-01  1.8803578888227899e+00  2.7555561391881001e-01  9.4715718177240660e-01
679    4.9999999999999989e-01  1.8803578888227899e+00  2.7555561391880995e-01  9.4715718177240660e-01
680    6.6666666666666663e-01  1.8803578888227899e+00  2.7555561391881001e-01  9.4715718177240638e-01
681    8.3333333333333337e-01  1.8803578888227899e+00  2.7555561391881001e-01  9.4715718177240638e-01
682    9.4444444444444442e-01  1.8803578888227899e+00  2.7555561391881001e-01  9.4715718177240638e-01
683    1.0000000000000000e+00  1.8803578888227899e+00  2.7555561391881001e-01  9.4715718177240638e-01
684    0.0000000000000000e+00  1.9463353586060457e+00  2.8522423195104890e-01  9.4715718177240638e-01
685    5.5555555555555559e-02  1.9463353586060457e+00  2.8522423195104890e-01  9.4715718177240638e-01
686    1.6666666666666669e-01  1.9463353586060459e+00  2.8522423195104890e-01  9.4715718177240649e-01
687    3.3333333333333337e-01  1.9463353586060457e+00  2.8522423195104890e-01  9.4715718177240660e-01
688    4.9999999999999994e-01  1.9463353586060459e+00  2.8522423195104890e-01  9.4715718177240649e-01
689    6.6666666666666663e-01  1.9463353586060457e+00  2.8522423195104890e-01  9.4715718177240638e-01
690    8.3333333333333337e-01  1.9463353586060457e+00  2.8522423195104890e-01  9.4715718177240638e-01
691    9.4444444444444442e-01  1.9463353586060457e+00  2.8522423195104890e-01  9.4715718177240638e-01
692    1.0000000000000000e+00  1.9463353586060457e+00  2.8522423195104890e-01  9.4715718177240638e-01
693    0.0000000000000000e+00  1.9793240934976735e+00  2.9005854096716843e-01  9.4715718177240638e-01
694    5.5555555555555559e-02  1.9793240934976735e+00  2.9005854096716843e-01  9.4715718177240638e-01
695    1.6666666666666666e-01  1.9793240934976735e+00  2.9005854096716843e-01  9.4715718177240660e-01
696    3.3333333333333337e-01  1.9793240934976735e+00  2.9005854096716849e-01  9.4715718177240660e-01
697    4.9999999999999989e-01  1.9793240934976735e+00  2.9005854096716843e-01  9.4715718177240660e-01
698    6.6666666666666663e-01  1.9793240934976735e+00  2.9005854096716843e-01  9.4715718177240638e-01
699    8.3333333333333337e-01  1.9793240934976735e+00  2.9005854096716843e-01  9.4715718177240638e-01
700    9.4444444444444442e-01  1.9793240934976735e+00  2.9005854096716843e-01  9.4715718177240638e-01
701    1.0000000000000000e+00  1.9793240934976735e+00  2.9005854096716843e-01  9.4715718177240638e-01
702    0.0000000000000000e+00  9.8352581538297557e-01  1.8207899617638096e-01  9.3580756954338495e-01
703    5.5555555555555566e-02  9.8352581538297557e-01  1.8207899617638096e-01  9.3580756954338495e-01
704    1.6666666666666663e-01  9.8352581538297557e-01  1.8207899617638099e-01  9.3580756954338518e-01
705    3.3333333333333331e-01  9.8352581538297557e-01  1.8207899617638101e-01  9.3580756954338518e-01
706    4.9999999999999989e-01  9.8352581538297557e-01  1.8207899617638099e-01  9.3580756954338518e-01
707    6.6666666666666663e-01  9.8352581538297557e-01  1.8207899617638096e-01  9.3580756954338495e-01
708    8.3333333333333359e-01  9.8352581538297557e-01  1.8207899617638096e-01  9.3580756954338495e-01
709    9.4444444444444453e-01  9.8352581538297557e-01  1.8207899617638096e-01  9.3580756954338495e-01
710    1.0000000000000000e+00  9.8352581538297557e-01  1.8207899617638096e-01  9.3580756954338495e-01
711    0.0000000000000000e+00  1.0163100092290749e+00  1.8814829604892702e-01  9.3580756954338495e-01
712    5.5555555555555566e-02  1.0163100092290749e+00  1.8814829604892702e-01  9.3580756954338495e-01
713    1.6666666666666663e-01  1.0163100092290747e+00  1.8814829604892705e-01  9.3580756954338518e-01
714    3.3333333333333331e-01  1.0163100092290747e+00  1.8814829604892708e-01  9.3580756954338518e-01
715    4.9999999999999989e-01  1.0163100092290747e+00  1.8814829604892705e-01  9.3580756954338518e-01
716    6.6666666666666663e-01  1.0163100092290747e+00  1.8814829604892702e-01  9.3580756954338495e-01
717    8.3333333333333359e-01  1.0163100092290749e+00  1.8814829604892702e-01  9.3580756954338495e-01
718    9.4444444444444453e-01  1.0163100092290749e+00  1.8814829604892702e-01  9.3580756954338495e-01
719    1.0000000000000000e+00  1.0163100092290749e+00  1.8814829604892702e-01  9.3580756954338495e-01
720    0.0000000000000000e+00  1.0818783969212733e+00  2.0028689579401909e-01  9.3580756954338495e-01
721    5.5555555555555573e-02  1.0818783969212733e+00  2.0028689579401909e-01  9.3580756954338495e-01
722    1.6666666666666663e-01  1.0818783969212731e+00  2.0028689579401904e-01  9.3580756954338518e-01
723    3.3333333333333331e-01  1.0818783969212733e+00  2.0028689579401909e-01  9.3580756954338518e-01
724    4.9999999999999989e-01  1.0818783969212731e+00  2.0028689579401904e-01  9.3580756954338518e-01
725    6.6666666666666663e-01  1.0818783969212733e+00  2.0028689579401909e-01  9.3580756954338495e-01
726    8.3333333333333370e-01  1.0818783969212733e+00  2.0028689579401909e-01  9.3580756954338495e-01
727    9.4444444444444453e-01  1.0818783969212733e+00  2.0028689579401909e-01  9.3580756954338495e-01
728    1.0000000000000000e+00  1.0818783969212733e+00  2.0028689579401909e-01  9.3580756954338495e-01
729    0.0000000000000000e+00  1.1802309784595708e+00  2.1849479541165720e-01  9.3580756954338495e-01
730    5.5555555555555573e-02  1.1802309784595708e+00  2.1849479541165720e-01  9.3580756954338495e-01
731    1.6666666666666663e-01  1.1802309784595706e+00  2.1849479541165717e-01  9.3580756954338518e-01
732    3.3333333333333331e-01  1.1802309784595706e+00  2.1849479541165717e-01  9.3580756954338518e-01
733    4.9999999999999989e-01  1.1802309784595706e+00  2.1849479541165717e-01  9.3580756954338518e-01
734    6.6666666666666663e-01  1.1802309784595708e+00  2.1849479541165720e-01  9.3580756954338495e-01
735    8.3333333333333359e-01  1.1802309784595708e+00  2.1849479541165723e-01  9.3580756954338495e-01
736    9.4444444444444464e-01  1.1802309784595708e+00  2.1849479541165720e-01  9.3580756954338495e-01
737    1.0000000000000000e+00  1.1802309784595708e+00  2.1849479541165720e-01  9.3580756954338495e-01
738    0.0000000000000000e+00  1.2785835599978683e+00  2.3670269502929528e-01  9.3580756954338495e-01
739    5.5555555555555566e-02  1.2785835599978685e+00  2.3670269502929528e-01  9.3580756954338495e-01
740    1.6666666666666666e-01  1.2785835599978683e+00  2.3670269502929525e-01  9.3580756954338506e-01
741    3.3333333333333337e-01  1.2785835599978683e+00  2.3670269502929528e-01  9.3580756954338506e-01
742    4.9999999999999994e-01  1.2785835599978681e+00  2.3670269502929528e-01  9.3580756954338506e-01
743    6.6666666666666663e-01  1.2785835599978683e+00  2.3670269502929528e-01  9.3580756954338495e-01
744    8.3333333333333359e-01  1.2785835599978685e+00  2.3670269502929531e-01  9.3580756954338495e-01
745    9.4444444444444453e-01  1.2785835599978683e+00  2.3670269502929525e-01  9.3580756954338495e-01
746    1.0000000000000000e+00  1.2785835599978683e+00  2.3670269502929528e-01  9.3580756954338495e-01
747    0.0000000000000000e+00  1.3769361415361658e+00  2.5491059464693339e-01  9.3580756954338495e-01
748    5.5555555555555559e-02  1.3769361415361658e+00  2.5491059464693339e-01  9.3580756954338495e-01
749    1.6666666666666663e-01  1.3769361415361658e+00  2.5491059464693333e-01  9.3580756954338518e-01
750    3.3333333333333331e-01  1.3769361415361658e+00  2.5491059464693333e-01  9.3580756954338518e-01
751    4.9999999999999989e-01  1.3769361415361656e+00  2.5491059464693333e-01  9.3580756954338518e-01
752    6.6666666666666663e-01  1.3769361415361658e+00  2.5491059464693339e-01  9.3580756954338495e-01
753    8.3333333333333359e-01  1.3769361415361658e+00  2.5491059464693344e-01  9.3580756954338495e-01
754    9.4444444444444453e-01  1.3769361415361658e+00  2.5491059464693339e-01  9.3580756954338495e-01
755    1.0000000000000000e+00  1.3769361415361658e+00  2.5491059464693339e-01  9.3580756954338495e-01
756    0.0000000000000000e+00  1.4752887230744636e+00  2.7311849426457152e-01  9.3580756954338495e-01
757    5.5555555555555566e-02  1.4752887230744638e+00  2.7311849426457152e-01  9.3580756954338495e-01
758    1.6666666666666663e-01  1.4752887230744636e+00  2.7311849426457147e-01  9.3580756954338518e-01
759    3.3333333333333337e-01  1.4752887230744636e+00  2.7311849426457147e-01  9.3580756954338518e-01
760    4.9999999999999994e-01  1.4752887230744631e+00  2.7311849426457147e-01  9.3580756954338518e-01
761    6.6666666666666663e-01  1.4752887230744636e+00  2.7311849426457152e-01  9.3580756954338495e-01
762    8.3333333333333337e-01  1.4752887230744636e+00  2.7311849426457147e-01  9.3580756954338506e-01
763    9.4444444444444453e-01  1.4752887230744636e+00  2.7311849426457152e-01  9.3580756954338495e-01
764    1.0000000000000000e+00  1.4752887230744636e+00  2.7311849426457152e-01  9.3580756954338495e-01
765    0.0000000000000000e+00  1.5736413046127611e+00  2.9132639388220960e-01  9.3580756954338506e-01
766    5.5555555555555566e-02  1.5736413046127611e+00  2.9132639388220960e-01  9.3580756954338506e-01
767    1.6666666666666666e-01  1.5736413046127609e+00  2.9132639388220960e-01  9.3580756954338518e-01
768    3.3333333333333331e-01  1.5736413046127609e+00  2.9132639388220960e-01  9.3580756954338518e-01
769    4.9999999999999994e-01  1.5736413046127609e+00  2.9132639388220960e-01  9.3580756954338518e-01
770    6.6666666666666663e-01  1.5736413046127606e+00  2.9132639388220960e-01  9.3580756954338506e-01
771    8.3333333333333348e-01  1.5736413046127611e+00  2.9132639388220960e-01  9.3580756954338506e-01
772    9.4444444444444453e-01  1.5736413046127611e+00  2.9132639388220960e-01  9.3580756954338506e-01
773    1.0000000000000000e+00  1.5736413046127611e+00  2.9132639388220960e-01  9.3580756954338506e-01
774    0.0000000000000000e+00  1.6719938861510588e+00  3.0953429349984773e-01  9.3580756954338495e-01
775    5.5555555555555559e-02  1.6719938861510588e+00  3.0953429349984773e-01  9.3580756954338495e-01
776    1.6666666666666666e-01  1.6719938861510586e+00  3.0953429349984768e-01  9.3580756954338506e-01
777    3.3333333333333331e-01  1.6719938861510584e+00  3.0953429349984768e-01  9.3580756954338518e-01
778    4.9999999999999994e-01  1.6719938861510586e+00  3.0953429349984768e-01  9.3580756954338506e-01
779    6.6666666666666663e-01  1.6719938861510588e+00  3.0953429349984773e-01  9.3580756954338495e-01
780    8.3333333333333359e-01  1.6719938861510588e+00  3.0953429349984773e-01  9.3580756954338495e-01
781    9.4444444444444453e-01  1.6719938861510588e+00  3.0953429349984773e-01  9.3580756954338495e-01
782    1.0000000000000000e+00  1.6719938861510588e+00  3.0953429349984773e-01  9.3580756954338495e-01
783    0.0000000000000000e+00  1.7703464676893561e+00  3.2774219311748570e-01  9.3580756954338495e-01
784    5.5555555555555559e-02  1.7703464676893563e+00  3.2774219311748570e-01  9.3580756954338495e-01
785    1.6666666666666666e-01  1.7703464676893561e+00  3.2774219311748576e-01  9.3580756954338518e-01
786    3.3333333333333331e-01  1.7703464676893563e+00  3.2774219311748576e-01  9.3580756954338518e-01
787    4.9999999999999994e-01  1.7703464676893561e+00  3.2774219311748576e-01  9.3580756954338518e-01
788    6.6666666666666663e-01  1.7703464676893561e+00  3.2774219311748570e-01  9.3580756954338495e-01
789    8.3333333333333359e-01  1.7703464676893563e+00  3.2774219311748592e-01  9.3580756954338495e-01
790    9.4444444444444453e-01  1.7703464676893561e+00  3.2774219311748570e-01  9.3580756954338495e-01
791    1.0000000000000000e+00  1.7703464676893561e+00  3.2774219311748570e-01  9.3580756954338495e-01
792    0.0000000000000000e+00  1.8686990492276536e+00  3.4595009273512389e-01  9.3580756954338495e-01
793    5.5555555555555573e-02  1.8686990492276538e+00  3.4595009273512395e-01  9.3580756954338495e-01
794    1.6666666666666663e-01  1.8686990492276536e+00  3.4595009273512389e-01  9.3580756954338518e-01
795    3.3333333333333331e-01  1.8686990492276536e+00  3.4595009273512395e-01  9.3580756954338518e-01
796    4.9999999999999989e-01  1.8686990492276536e+00  3.4595009273512389e-01  9.3580756954338518e-01
797    6.6666666666666663e-01  1.8686990492276536e+00  3.4595009273512389e-01  9.3580756954338495e-01
798    8.3333333333333359e-01  1.8686990492276536e+00  3.4595009273512389e-01  9.3580756954338495e-01
799    9.4444444444444453e-01  1.8686990492276536e+00  3.4595009273512389e-01  9.3580756954338495e-01
800    1.0000000000000000e+00  1.8686990492276536e+00  3.4595009273512389e-01  9.3580756954338495e-01
801    0.0000000000000000e+00  1.9342674369198520e+00  3.5808869248021596e-01  9.3580756954338495e-01
802    5.5555555555555566e-02  1.9342674369198520e+00  3.5808869248021596e-01  9.3580756954338495e-01
803    1.6666666666666666e-01  1.9342674369198523e+00  3.5808869248021596e-01  9.3580756954338506e-01
804    3.3333333333333331e-01  1.9342674369198523e+00  3.5808869248021602e-01  9.3580756954338518e-01
805    4.9999999999999994e-01  1.9342674369198523e+00  3.5808869248021596e-01  9.3580756954338506e-01
806    6.6666666666666663e-01  1.9342674369198520e+00  3.5808869248021596e-01  9.3580756954338495e-01
807    8.3333333333333359e-01  1.9342674369198520e+00  3.5808869248021596e-01  9.3580756954338495e-01
808    9.4444444444444453e-01  1.9342674369198520e+00  3.5808869248021596e-01  9.3580756954338495e-01
809    1.0000000000000000e+00  1.9342674369198520e+00  3.5808869248021596e-01  9.3580756954338495e-01
810    0.0000000000000000e+00  1.9670516307659511e+00  3.6415799235276192e-01  9.3580756954338495e-01
811    5.5555555555555566e-02  1.9670516307659511e+00  3.6415799235276192e-01  9.3580756954338495e-01
812    1.6666666666666663e-01  1.9670516307659511e+00  3.6415799235276197e-01  9.3580756954338518e-01
813    3.3333333333333331e-01  1.9670516307659511e+00  3.6415799235276203e-01  9.3580756954338518e-01
814    4.9999999999999989e-01  1.9670516307659511e+00  3.6415799235276197e-01  9.3580756954338518e-01
815    6.6666666666666663e-01  1.9670516307659511e+00  3.6415799235276192e-01  9.3580756954338495e-01
816    8.3333333333333359e-01  1.9670516307659511e+00  3.6415799235276192e-01  9.3580756954338495e-01
817    9.4444444444444453e-01  1.9670516307659511e+00  3.6415799235276192e-01  9.3580756954338495e-01
818    1.0000000000000000e+00  1.9670516307659511e+00  3.6415799235276192e-01  9.3580756954338495e-01
819    0.0000000000000000e+00  9.7590585492701865e-01  2.1930466385022371e-01  9.2519019036139727e-01
820    5.5555555555555559e-02  9.7590585492701865e-01  2.1930466385022371e-01  9.2519019036139727e-01
821    1.6666666666666669e-01  9.7590585492701865e-01  2.1930466385022368e-01  9.2519019036139738e-01
822    3.3333333333333337e-01  9.7590585492701865e-01  2.1930466385022374e-01  9.2519019036139738e-01
823    5.0000000000000000e-01  9.7590585492701865e-01  2.1930466385022368e-01  9.2519019036139738e-01
824    6.6666666666666663e-01  9.7590585492701865e-01  2.1930466385022371e-01  9.2519019036139727e-01
825    8.3333333333333337e-01  9.7590585492701865e-01  2.1930466385022371e-01  9.2519019036139727e-01
826    9.4444444444444453e-01  9.7590585492701865e-01  2.1930466385022371e-01  9.2519019036139727e-01
827    1.0000000000000000e+00  9.7590585492701865e-01  2.1930466385022371e-01  9.2519019036139727e-01
828    0.0000000000000000e+00  1.0084360500912526e+00  2.2661481931189781e-01  9.2519019036139738e-01
829    5.5555555555555552e-02  1.0084360500912526e+00  2.2661481931189781e-01  9.2519019036139738e-01
830    1.6666666666666669e-01  1.0084360500912528e+00  2.2661481931189784e-01  9.2519019036139738e-01
831    3.3333333333333337e-01  1.0084360500912528e+00  2.2661481931189786e-01  9.2519019036139738e-01
832    5.0000000000000000e-01  1.0084360500912528e+00  2.2661481931189784e-01  9.2519019036139738e-01
833    6.6666666666666663e-01  1.0084360500912526e+00  2.2661481931189781e-01  9.2519019036139738e-01
834    8.3333333333333337e-01  1.0084360500912526e+00  2.2661481931189781e-01  9.2519019036139738e-01
835    9.4444444444444442e-01  1.0084360500912526e+00  2.2661481931189781e-01  9.2519019036139738e-01
836    1.0000000000000000e+00  1.0084360500912526e+00  2.2661481931189781e-01  9.2519019036139738e-01
837    0.0000000000000000e+00  1.0734964404197207e+00  2.4123513023524606e-01  9.2519019036139738e-01
838    5.5555555555555559e-02  1.0734964404197207e+00  2.4123513023524606e-01  9.2519019036139738e-01
839    1.6666666666666669e-01  1.0734964404197207e+00  2.4123513023524606e-01  9.2519019036139738e-01
840    3.3333333333333331e-01  1.0734964404197205e+00  2.4123513023524606e-01  9.2519019036139749e-01
841    5.0000000000000000e-01  1.0734964404197207e+00  2.4123513023524606e-01  9.2519019036139738e-01
842    6.6666666666666674e-01  1.0734964404197205e+00  2.4123513023524606e-01  9.2519019036139738e-01
843    8.3333333333333348e-01  1.0734964404197207e+00  2.4123513023524606e-01  9.2519019036139738e-01
844    9.4444444444444442e-01  1.0734964404197207e+00  2.4123513023524606e-01  9.2519019036139738e-01
845    1.0000000000000000e+00  1.0734964404197207e+00  2.4123513023524606e-01  9.2519019036139738e-01
846    0.0000000000000000e+00  1.1710870259124224e+00  2.6316559662026839e-01  9.2519019036139738e-01
847    5.5555555555555552e-02  1.1710870259124224e+00  2.6316559662026839e-01  9.2519019036139738e-01
848    1.6666666666666669e-01  1.1710870259124224e+00  2.6316559662026845e-01  9.2519019036139738e-01
849    3.3333333333333337e-01  1.1710870259124224e+00  2.6316559662026845e-01  9.2519019036139738e-01
850    5.0000000000000000e-01  1.1710870259124224e+00  2.6316559662026845e-01  9.2519019036139738e-01
851    6.6666666666666663e-01  1.1710870259124224e+00  2.6316559662026839e-01  9.2519019036139738e-01
852    8.3333333333333326e-01  1.1710870259124224e+00  2.6316559662026845e-01  9.2519019036139738e-01
853    9.4444444444444442e-01  1.1710870259124224e+00  2.6316559662026839e-01  9.2519019036139738e-01
854    1.0000000000000000e+00  1.1710870259124224e+00  2.6316559662026839e-01  9.2519019036139738e-01
855    0.0000000000000000e+00  1.2686776114051246e+00  2.8509606300529083e-01  9.2519019036139716e-01
856    5.5555555555555566e-02  1.2686776114051248e+00  2.8509606300529083e-01  9.2519019036139716e-01
857    1.6666666666666669e-01  1.2686776114051246e+00  2.8509606300529078e-01  9.2519019036139738e-01
858    3.3333333333333337e-01  1.2686776114051246e+00  2.8509606300529083e-01  9.2519019036139738e-01
859    4.9999999999999994e-01  1.2686776114051244e+00  2.8509606300529083e-01  9.2519019036139738e-01
860    6.6666666666666685e-01  1.2686776114051244e+00  2.8509606300529083e-01  9.2519019036139716e-01
861    8.3333333333333337e-01  1.2686776114051246e+00  2.8509606300529083e-01  9.2519019036139727e-01
862    9.4444444444444453e-01  1.2686776114051246e+00  2.8509606300529083e-01  9.2519019036139716e-01
863    1.0000000000000000e+00  1.2686776114051246e+00  2.8509606300529083e-01  9.2519019036139716e-01
864    0.0000000000000000e+00  1.3662681968978261e+00  3.0702652939031322e-01  9.2519019036139727e-01
865    5.5555555555555552e-02  1.3662681968978261e+00  3.0702652939031322e-01  9.2519019036139727e-01
866    1.6666666666666669e-01  1.3662681968978263e+00  3.0702652939031316e-01  9.2519019036139738e-01
867    3.3333333333333337e-01  1.3662681968978263e+00  3.0702652939031316e-01  9.2519019036139738e-01
868    5.0000000000000000e-01  1.3662681968978261e+00  3.0702652939031316e-01  9.2519019036139738e-01
869    6.6666666666666663e-01  1.3662681968978261e+00  3.0702652939031322e-01  9.2519019036139727e-01
870    8.3333333333333337e-01  1.3662681968978261e+00  3.0702652939031322e-01  9.2519019036139727e-01
871    9.4444444444444442e-01  1.3662681968978261e+00  3.0702652939031322e-01  9.2519019036139727e-01
872    1.0000000000000000e+00  1.3662681968978261e+00  3.0702652939031322e-01  9.2519019036139727e-01
873    0.0000000000000000e+00  1.4638587823905282e+00  3.2895699577533555e-01  9.2519019036139727e-01
874    5.5555555555555552e-02  1.4638587823905285e+00  3.2895699577533555e-01  9.2519019036139727e-01
875    1.6666666666666666e-01  1.4638587823905282e+00  3.2895699577533560e-01  9.2519019036139738e-01
876    3.3333333333333343e-01  1.4638587823905282e+00  3.2895699577533560e-01  9.2519019036139738e-01
877    5.0000000000000000e-01  1.4638587823905280e+00  3.2895699577533560e-01  9.2519019036139738e-01
878    6.6666666666666663e-01  1.4638587823905282e+00  3.2895699577533555e-01  9.2519019036139727e-01
879    8.3333333333333337e-01  1.4638587823905282e+00  3.2895699577533560e-01  9.2519019036139738e-01
880    9.4444444444444453e-01  1.4638587823905282e+00  3.2895699577533555e-01  9.2519019036139727e-01
881    1.0000000000000000e+00  1.4638587823905282e+00  3.2895699577533555e-01  9.2519019036139727e-01
882    0.0000000000000000e+00  1.5614493678832300e+00  3.5088746216035782e-01  9.2519019036139738e-01
883    5.5555555555555552e-02  1.5614493678832300e+00  3.5088746216035782e-01  9.2519019036139738e-01
884    1.6666666666666669e-01  1.5614493678832300e+00  3.5088746216035793e-01  9.2519019036139738e-01
885    3.3333333333333337e-01  1.5614493678832300e+00  3.5088746216035793e-01  9.2519019036139738e-01
886    5.0000000000000000e-01  1.5614493678832300e+00  3.5088746216035793e-01  9.2519019036139738e-01
887    6.6666666666666674e-01  1.5614493678832297e+00  3.5088746216035782e-01  9.2519019036139738e-01
888    8.3333333333333326e-01  1.5614493678832300e+00  3.5088746216035793e-01  9.2519019036139738e-01
889    9.4444444444444442e-01  1.5614493678832300e+00  3.5088746216035782e-01  9.2519019036139738e-01
890    1.0000000000000000e+00  1.5614493678832300e+00  3.5088746216035782e-01  9.2519019036139738e-01
891    0.0000000000000000e+00  1.6590399533759321e+00  3.7281792854538026e-01  9.2519019036139727e-01
892    5.5555555555555552e-02  1.6590399533759321e+00  3.7281792854538026e-01  9.2519019036139727e-01
893    1.6666666666666669e-01  1.6590399533759319e+00  3.7281792854538026e-01  9.2519019036139738e-01
894    3.3333333333333337e-01  1.6590399533759319e+00  3.7281792854538032e-01  9.2519019036139738e-01
895    4.9999999999999994e-01  1.6590399533759319e+00  3.7281792854538026e-01  9.2519019036139738e-01
896    6.6666666666666663e-01  1.6590399533759321e+00  3.7281792854538026e-01  9.2519019036139727e-01
897    8.3333333333333337e-01  1.6590399533759321e+00  3.7281792854538026e-01  9.2519019036139727e-01
898    9.4444444444444453e-01  1.6590399533759321e+00  3.7281792854538026e-01  9.2519019036139727e-01
899    1.0000000000000000e+00  1.6590399533759321e+00  3.7281792854538026e-01  9.2519019036139727e-01
900    0.0000000000000000e+00  1.7566305388686336e+00  3.9474839493040259e-01  9.2519019036139727e-01
901    5.5555555555555552e-02  1.7566305388686339e+00  3.9474839493040259e-01  9.2519019036139727e-01
902    1.6666666666666669e-01  1.7566305388686339e+00  3.9474839493040265e-01  9.2519019036139738e-01
903    3.3333333333333343e-01  1.7566305388686339e+00  3.9474839493040265e-01  9.2519019036139738e-01
904    5.0000000000000000e-01  1.7566305388686339e+00  3.9474839493040265e-01  9.2519019036139738e-01
905    6.6666666666666663e-01  1.7566305388686336e+00  3.9474839493040259e-01  9.2519019036139727e-01
906    8.3333333333333337e-01  1.7566305388686339e+00  3.9474839493040276e-01  9.2519019036139727e-01
907    9.4444444444444453e-01  1.7566305388686336e+00  3.9474839493040259e-01  9.2519019036139727e-01
908    1.0000000000000000e+00  1.7566305388686336e+00  3.9474839493040259e-01  9.2519019036139727e-01
909    0.0000000000000000e+00  1.8542211243613358e+00  4.1667886131542509e-01  9.2519019036139727e-01
910    5.5555555555555559e-02  1.8542211243613358e+00  4.1667886131542509e-01  9.2519019036139727e-01
911    1.6666666666666669e-01  1.8542211243613356e+00  4.1667886131542503e-01  9.2519019036139738e-01
912    3.3333333333333337e-01  1.8542211243613358e+00  4.1667886131542509e-01  9.2519019036139738e-01
913    5.0000000000000000e-01  1.8542211243613356e+00  4.1667886131542503e-01  9.2519019036139738e-01
914    6.6666666666666663e-01  1.8542211243613358e+00  4.1667886131542509e-01  9.2519019036139727e-01
915    8.3333333333333337e-01  1.8542211243613358e+00  4.1667886131542509e-01  9.2519019036139727e-01
916    9.4444444444444453e-01  1.8542211243613358e+00  4.1667886131542509e-01  9.2519019036139727e-01
917    1.0000000000000000e+00  1.8542211243613358e+00  4.1667886131542509e-01  9.2519019036139727e-01
918    0.0000000000000000e+00  1.9192815146898035e+00  4.3129917223877323e-01  9.2519019036139727e-01
919    5.5555555555555559e-02  1.9192815146898035e+00  4.3129917223877323e-01  9.2519019036139727e-01
920    1.6666666666666669e-01  1.9192815146898037e+00  4.3129917223877323e-01  9.2519019036139738e-01
921    3.3333333333333337e-01  1.9192815146898037e+00  4.3129917223877329e-01  9.2519019036139738e-01
922    4.9999999999999994e-01  1.9192815146898037e+00  4.3129917223877323e-01  9.2519019036139738e-01
923    6.6666666666666663e-01  1.9192815146898035e+00  4.3129917223877323e-01  9.2519019036139727e-01
924    8.3333333333333337e-01  1.9192815146898035e+00  4.3129917223877323e-01  9.2519019036139727e-01
925    9.4444444444444453e-01  1.9192815146898035e+00  4.3129917223877323e-01  9.2519019036139727e-01
926    1.0000000000000000e+00  1.9192815146898035e+00  4.3129917223877323e-01  9.2519019036139727e-01
927    0.0000000000000000e+00  1.9518117098540373e+00  4.3860932770044742e-01  9.2519019036139727e-01
928    5.5555555555555559e-02  1.9518117098540373e+00  4.3860932770044742e-01  9.2519019036139727e-01
929    1.6666666666666669e-01  1.9518117098540373e+00  4.3860932770044736e-01  9.2519019036139738e-01
930    3.3333333333333337e-01  1.9518117098540373e+00  4.3860932770044747e-01  9.2519019036139738e-01
931    5.0000000000000000e-01  1.9518117098540373e+00  4.3860932770044736e-01  9.2519019036139738e-01
932    6.6666666666666663e-01  1.9518117098540373e+00  4.3860932770044742e-01  9.2519019036139727e-01
933    8.3333333333333337e-01  1.9518117098540373e+00  4.3860932770044742e-01  9.2519019036139727e-01
934    9.4444444444444453e-01  1.9518117098540373e+00  4.3860932770044742e-01  9.2519019036139727e-01
935    1.0000000000000000e+00  1.9518117098540373e+00  4.3860932770044742e-01  9.2519019036139727e-01
936    0.0000000000000000e+00  9.6676882001412667e-01  2.5662305593245055e-01  9.1530504422644332e-01
937    5.5555555555555559e-02  9.6676882001412667e-01  2.5662305593245055e-01  9.1530504422644332e-01
938    1.6666666666666666e-01  9.6676882001412667e-01  2.5662305593245055e-01  9.1530504422644332e-01
939    3.3333333333333337e-01  9.6676882001412667e-01  2.5662305593245061e-01  9.1530504422644343e-01
940    5.0000000000000000e-01  9.6676882001412667e-01  2.5662305593245055e-01  9.1530504422644332e-01
941    6.6666666666666663e-01  9.6676882001412667e-01  2.5662305593245055e-01  9.1530504422644332e-01
942    8.3333333333333348e-01  9.6676882001412667e-01  2.5662305593245055e-01  9.1530504422644332e-01
943    9.4444444444444431e-01  9.6676882001412667e-01  2.5662305593245055e-01  9.1530504422644332e-01
944    1.0000000000000000e+00  9.6676882001412667e-01  2.5662305593245055e-01  9.1530504422644332e-01
945    0.0000000000000000e+00  9.9899444734793086e-01  2.6517715779686557e-01  9.1530504422644332e-01
946    5.5555555555555559e-02  9.9899444734793086e-01  2.6517715779686557e-01  9.1530504422644332e-01
947    1.6666666666666666e-01  9.9899444734793097e-01  2.6517715779686563e-01  9.1530504422644332e-01
948    3.3333333333333337e-01  9.9899444734793086e-01  2.6517715779686563e-01  9.1530504422644343e-01
949    5.0000000000000000e-01  9.9899444734793097e-01  2.6517715779686563e-01  9.1530504422644332e-01
950    6.6666666666666663e-01  9.9899444734793075e-01  2.6517715779686557e-01  9.1530504422644332e-01
951    8.3333333333333348e-01  9.9899444734793086e-01  2.6517715779686557e-01  9.1530504422644332e-01
952    9.4444444444444431e-01  9.9899444734793086e-01  2.6517715779686557e-01  9.1530504422644332e-01
953    1.0000000000000000e+00  9.9899444734793086e-01  2.6517715779686557e-01  9.1530504422644332e-01
954    0.0000000000000000e+00  1.0634457020155395e+00  2.8228536152569567e-01  9.1530504422644332e-01
955    5.5555555555555566e-02  1.0634457020155395e+00  2.8228536152569567e-01  9.1530504422644332e-01
956    1.6666666666666666e-01  1.0634457020155395e+00  2.8228536152569567e-01  9.1530504422644332e-01
957    3.3333333333333331e-01  1.0634457020155392e+00  2.8228536152569561e-01  9.1530504422644354e-01
958    5.0000000000000000e-01  1.0634457020155395e+00  2.8228536152569567e-01  9.1530504422644332e-01
959    6.6666666666666663e-01  1.0634457020155392e+00  2.8228536152569561e-01  9.1530504422644332e-01
960    8.3333333333333348e-01  1.0634457020155395e+00  2.8228536152569567e-01  9.1530504422644332e-01
961    9.4444444444444431e-01  1.0634457020155395e+00  2.8228536152569567e-01  9.1530504422644332e-01
962    1.0000000000000000e+00  1.0634457020155395e+00  2.8228536152569567e-01  9.1530504422644332e-01
963    0.0000000000000000e+00  1.1601225840169520e+00  3.0794766711894056e-01  9.1530504422644332e-01
964    5.5555555555555559e-02  1.1601225840169520e+00  3.0794766711894067e-01  9.1530504422644332e-01
965    1.6666666666666666e-01  1.1601225840169522e+00  3.0794766711894078e-01  9.1530504422644332e-01
966    3.3333333333333337e-01  1.1601225840169520e+00  3.0794766711894073e-01  9.1530504422644343e-01
967    5.0000000000000000e-01  1.1601225840169520e+00  3.0794766711894078e-01  9.1530504422644332e-01
968    6.6666666666666663e-01  1.1601225840169520e+00  3.0794766711894056e-01  9.1530504422644332e-01
969    8.3333333333333348e-01  1.1601225840169520e+00  3.0794766711894078e-01  9.1530504422644332e-01
970    9.4444444444444442e-01  1.1601225840169520e+00  3.0794766711894056e-01  9.1530504422644332e-01
971    1.0000000000000000e+00  1.1601225840169520e+00  3.0794766711894056e-01  9.1530504422644332e-01
972    0.0000000000000000e+00  1.2567994660183650e+00  3.3360997271218579e-01  9.1530504422644321e-01
973    5.5555555555555566e-02  1.2567994660183652e+00  3.3360997271218579e-01  9.1530504422644321e-01
974    1.6666666666666666e-01  1.2567994660183650e+00  3.3360997271218573e-01  9.1530504422644332e-01
975    3.3333333333333337e-01  1.2567994660183650e+00  3.3360997271218579e-01  9.1530504422644332e-01
976    5.0000000000000000e-01  1.2567994660183648e+00  3.3360997271218579e-01  9.1530504422644332e-01
977    6.6666666666666674e-01  1.2567994660183646e+00  3.3360997271218579e-01  9.1530504422644321e-01
978    8.3333333333333348e-01  1.2567994660183650e+00  3.3360997271218579e-01  9.1530504422644332e-01
979    9.4444444444444431e-01  1.2567994660183650e+00  3.3360997271218573e-01  9.1530504422644321e-01
980    1.0000000000000000e+00  1.2567994660183650e+00  3.3360997271218579e-01  9.1530504422644321e-01
981    0.0000000000000000e+00  1.3534763480197773e+00  3.5927227830543079e-01  9.1530504422644332e-01
982    5.5555555555555552e-02  1.3534763480197773e+00  3.5927227830543079e-01  9.1530504422644332e-01
983    1.6666666666666666e-01  1.3534763480197776e+00  3.5927227830543085e-01  9.1530504422644332e-01
984    3.3333333333333337e-01  1.3534763480197776e+00  3.5927227830543079e-01  9.1530504422644332e-01
985    5.0000000000000000e-01  1.3534763480197776e+00  3.5927227830543085e-01  9.1530504422644332e-01
986    6.6666666666666663e-01  1.3534763480197773e+00  3.5927227830543079e-01  9.1530504422644332e-01
987    8.3333333333333348e-01  1.3534763480197773e+00  3.5927227830543085e-01  9.1530504422644332e-01
988    9.4444444444444420e-01  1.3534763480197773e+00  3.5927227830543079e-01  9.1530504422644332e-01
989    1.0000000000000000e+00  1.3534763480197773e+00  3.5927227830543079e-01  9.1530504422644332e-01
990    0.0000000000000000e+00  1.4501532300211901e+00  3.8493458389867591e-01  9.1530504422644332e-01
991    5.5555555555555559e-02  1.4501532300211901e+00  3.8493458389867591e-01  9.1530504422644332e-01
992    1.6666666666666666e-01  1.4501532300211901e+00  3.8493458389867585e-01  9.1530504422644343e-01
993    3.3333333333333337e-01  1.4501532300211901e+00  3.8493458389867585e-01  9.1530504422644343e-01
994    4.9999999999999994e-01  1.4501532300211901e+00  3.8493458389867585e-01  9.1530504422644343e-01
995    6.6666666666666663e-01  1.4501532300211901e+00  3.8493458389867591e-01  9.1530504422644332e-01
996    8.3333333333333337e-01  1.4501532300211901e+00  3.8493458389867591e-01  9.1530504422644332e-01
997    9.4444444444444431e-01  1.4501532300211901e+00  3.8493458389867591e-01  9.1530504422644332e-01
998    1.0000000000000000e+00  1.4501532300211901e+00  3.8493458389867591e-01  9.1530504422644332e-01
999    0.0000000000000000e+00  1.5468301120226029e+00  4.1059688949192091e-01  9.1530504422644332e-01
1000   5.5555555555555559e-02  1.5468301120226029e+00  4.1059688949192091e-01  9.1530504422644332e-01
1001   1.6666666666666669e-01  1.5468301120226027e+00  4.1059688949192091e-01  9.1530504422644343e-01
1002   3.3333333333333337e-01  1.5468301120226027e+00  4.1059688949192091e-01  9.1530504422644343e-01
1003   4.9999999999999994e-01  1.5468301120226027e+00  4.1059688949192091e-01  9.1530504422644343e-01
1004   6.6666666666666663e-01  1.5468301120226025e+00  4.1059688949192091e-01  9.1530504422644332e-01
1005   8.3333333333333348e-01  1.5468301120226029e+00  4.1059688949192097e-01  9.1530504422644332e-01
1006   9.4444444444444453e-01  1.5468301120226029e+00  4.1059688949192091e-01  9.1530504422644332e-01
1007   1.0000000000000000e+00  1.5468301120226029e+00  4.1059688949192091e-01  9.1530504422644332e-01
1008   0.0000000000000000e+00  1.6435069940240155e+00  4.3625919508516597e-01  9.1530504422644332e-01
1009   5.5555555555555559e-02  1.6435069940240155e+00  4.3625919508516597e-01  9.1530504422644332e-01
1010   1.6666666666666666e-01  1.6435069940240155e+00  4.3625919508516597e-01  9.1530504422644332e-01
1011   3.3333333333333337e-01  1.6435069940240152e+00  4.3625919508516603e-01  9.1530504422644343e-01
1012   5.0000000000000000e-01  1.6435069940240155e+00  4.3625919508516597e-01  9.1530504422644332e-01
1013   6.6666666666666663e-01  1.6435069940240155e+00  4.3625919508516597e-01  9.1530504422644332e-01
1014   8.3333333333333348e-01  1.6435069940240155e+00  4.3625919508516597e-01  9.1530504422644332e-01
1015   9.4444444444444431e-01  1.6435069940240155e+00  4.3625919508516597e-01  9.1530504422644332e-01
1016   1.0000000000000000e+00  1.6435069940240155e+00  4.3625919508516597e-01  9.1530504422644332e-01
1017   0.0000000000000000e+00  1.7401838760254282e+00  4.6192150067841092e-01  9.1530504422644332e-01
1018   5.5555555555555559e-02  1.7401838760254282e+00  4.6192150067841092e-01  9.1530504422644332e-01
1019   1.6666666666666666e-01  1.7401838760254280e+00  4.6192150067841098e-01  9.1530504422644343e-01
1020   3.3333333333333337e-01  1.7401838760254280e+00  4.6192150067841109e-01  9.1530504422644343e-01
1021   4.9999999999999994e-01  1.7401838760254280e+00  4.6192150067841098e-01  9.1530504422644343e-01
1022   6.6666666666666663e-01  1.7401838760254282e+00  4.6192150067841092e-01  9.1530504422644332e-01
1023   8.3333333333333348e-01  1.7401838760254282e+00  4.6192150067841103e-01  9.1530504422644332e-01
1024   9.4444444444444431e-01  1.7401838760254282e+00  4.6192150067841092e-01  9.1530504422644332e-01
1025   1.0000000000000000e+00  1.7401838760254282e+00  4.6192150067841092e-01  9.1530504422644332e-01
1026   0.0000000000000000e+00  1.8368607580268408e+00  4.8758380627165609e-01  9.1530504422644332e-01
1027   5.5555555555555559e-02  1.8368607580268408e+00  4.8758380627165609e-01  9.1530504422644332e-01
1028   1.6666666666666666e-01  1.8368607580268408e+00  4.8758380627165609e-01  9.1530504422644332e-01
1029   3.3333333333333337e-01  1.8368607580268408e+00  4.8758380627165609e-01  9.1530504422644343e-01
1030   5.0000000000000000e-01  1.8368607580268408e+00  4.8758380627165609e-01  9.1530504422644332e-01
1031   6.6666666666666663e-01  1.8368607580268408e+00  4.8758380627165609e-01  9.1530504422644332e-01
1032   8.3333333333333348e-01  1.8368607580268408e+00  4.8758380627165609e-01  9.1530504422644332e-01
1033   9.4444444444444431e-01  1.8368607580268408e+00  4.8758380627165609e-01  9.1530504422644332e-01
1034   1.0000000000000000e+00  1.8368607580268408e+00  4.8758380627165609e-01  9.1530504422644332e-01
1035   0.0000000000000000e+00  1.9013120126944492e+00  5.0469201000048602e-01  9.1530504422644332e-01
1036   5.5555555555555559e-02  1.9013120126944492e+00  5.0469201000048602e-01  9.1530504422644332e-01
1037   1.6666666666666666e-01  1.9013120126944494e+00  5.0469201000048614e-01  9.1530504422644332e-01
1038   3.3333333333333337e-01  1.9013120126944492e+00  5.0469201000048614e-01  9.1530504422644343e-01
1039   5.0000000000000000e-01  1.9013120126944494e+00  5.0469201000048614e-01  9.1530504422644332e-01
1040   6.6666666666666663e-01  1.9013120126944492e+00  5.0469201000048602e-01  9.1530504422644332e-01
1041   8.3333333333333348e-01  1.9013120126944492e+00  5.0469201000048602e-01  9.1530504422644332e-01
1042   9.4444444444444431e-01  1.9013120126944492e+00  5.0469201000048602e-01  9.1530504422644332e-01
1043   1.0000000000000000e+00  1.9013120126944492e+00  5.0469201000048602e-01  9.1530504422644332e-01
1044   0.0000000000000000e+00  1.9335376400282533e+00  5.1324611186490110e-01  9.1530504422644332e-01
1045   5.5555555555555559e-02  1.9335376400282533e+00  5.1324611186490110e-01  9.1530504422644332e-01
1046   1.6666666666666666e-01  1.9335376400282533e+00  5.1324611186490110e-01  9.1530504422644332e-01
1047   3.3333333333333337e-01  1.9335376400282533e+00  5.1324611186490121e-01  9.1530504422644343e-01
1048   5.0000000000000000e-01  1.9335376400282533e+00  5.1324611186490110e-01  9.1530504422644332e-01
1049   6.6666666666666663e-01  1.9335376400282533e+00  5.1324611186490110e-01  9.1530504422644332e-01
1050   8.3333333333333348e-01  1.9335376400282533e+00  5.1324611186490110e-01  9.1530504422644332e-01
1051   9.4444444444444431e-01  1.9335376400282533e+00  5.1324611186490110e-01  9.1530504422644332e-01
1052   1.0000000000000000e+00  1.9335376400282533e+00  5.1324611186490110e-01  9.1530504422644332e-01
1053   0.0000000000000000e+00  9.5608721173930156e-01  2.9394673953609896e-01  9.0615213113852289e-01
1054   5.5555555555555573e-02  9.5608721173930156e-01  2.9394673953609896e-01  9.0615213113852289e-01
1055   1.6666666666666666e-01  9.5608721173930145e-01  2.9394673953609890e-01  9.0615213113852322e-01
1056   3.3333333333333337e-01  9.5608721173930145e-01  2.9394673953609890e-01  9.0615213113852322e-01
1057   4.9999999999999994e-01  9.5608721173930145e-01  2.9394673953609890e-01  9.0615213113852322e-01
1058   6.6666666666666685e-01  9.5608721173930156e-01  2.9394673953609896e-01  9.0615213113852289e-01
1059   8.3333333333333359e-01  9.5608721173930156e-01  2.9394673953609896e-01  9.0615213113852289e-01
1060   9.4444444444444442e-01  9.5608721173930156e-01  2.9394673953609896e-01  9.0615213113852289e-01
1061   1.0000000000000000e+00  9.5608721173930156e-01  2.9394673953609896e-01  9.0615213113852289e-01
1062   0.0000000000000000e+00  9.8795678546394483e-01  3.0374496418730212e-01  9.0615213113852311e-01
1063   5.5555555555555559e-02  9.8795678546394483e-01  3.0374496418730212e-01  9.0615213113852311e-01
1064   1.6666666666666666e-01  9.8795678546394483e-01  3.0374496418730218e-01  9.0615213113852322e-01
1065   3.3333333333333337e-01  9.8795678546394494e-01  3.0374496418730218e-01  9.0615213113852322e-01
1066   4.9999999999999994e-01  9.8795678546394483e-01  3.0374496418730218e-01  9.0615213113852322e-01
1067   6.6666666666666663e-01  9.8795678546394472e-01  3.0374496418730212e-01  9.0615213113852311e-01
1068   8.3333333333333348e-01  9.8795678546394483e-01  3.0374496418730212e-01  9.0615213113852311e-01
1069   9.4444444444444420e-01  9.8795678546394483e-01  3.0374496418730212e-01  9.0615213113852311e-01
1070   1.0000000000000000e+00  9.8795678546394483e-01  3.0374496418730212e-01  9.0615213113852311e-01
1071   0.0000000000000000e+00  1.0516959329132316e+00  3.2334141348970874e-01  9.0615213113852311e-01
1072   5.5555555555555566e-02  1.0516959329132316e+00  3.2334141348970874e-01  9.0615213113852311e-01
1073   1.6666666666666666e-01  1.0516959329132316e+00  3.2334141348970874e-01  9.0615213113852322e-01
1074   3.3333333333333337e-01  1.0516959329132316e+00  3.2334141348970880e-01  9.0615213113852322e-01
1075   4.9999999999999994e-01  1.0516959329132316e+00  3.2334141348970874e-01  9.0615213113852322e-01
1076   6.6666666666666663e-01  1.0516959329132316e+00  3.2334141348970874e-01  9.0615213113852311e-01
1077   8.3333333333333348e-01  1.0516959329132316e+00  3.2334141348970874e-01  9.0615213113852311e-01
1078   9.4444444444444431e-01  1.0516959329132316e+00  3.2334141348970874e-01  9.0615213113852311e-01
1079   1.0000000000000000e+00  1.0516959329132316e+00  3.2334141348970874e-01  9.0615213113852311e-01
1080   0.0000000000000000e+00  1.1473046540871616e+00  3.5273608744331858e-01  9.0615213113852311e-01
1081   5.5555555555555559e-02  1.1473046540871619e+00  3.5273608744331858e-01  9.0615213113852311e-01
1082   1.6666666666666666e-01  1.1473046540871616e+00  3.5273608744331869e-01  9.0615213113852322e-01
1083   3.3333333333333337e-01  1.1473046540871616e+00  3.5273608744331864e-01  9.0615213113852322e-01
1084   4.9999999999999994e-01  1.1473046540871616e+00  3.5273608744331864e-01  9.0615213113852322e-01
1085   6.6666666666666663e-01  1.1473046540871616e+00  3.5273608744331858e-01  9.0615213113852311e-01
1086   8.3333333333333337e-01  1.1473046540871619e+00  3.5273608744331864e-01  9.0615213113852311e-01
1087   9.4444444444444431e-01  1.1473046540871616e+00  3.5273608744331858e-01  9.0615213113852311e-01
1088   1.0000000000000000e+00  1.1473046540871616e+00  3.5273608744331858e-01  9.0615213113852311e-01
1089   0.0000000000000000e+00  1.2429133752610921e+00  3.8213076139692859e-01  9.0615213113852289e-01
1090   5.5555555555555573e-02  1.2429133752610921e+00  3.8213076139692859e-01  9.0615213113852289e-01
1091   1.6666666666666666e-01  1.2429133752610917e+00  3.8213076139692848e-01  9.0615213113852322e-01
1092   3.3333333333333337e-01  1.2429133752610917e+00  3.8213076139692853e-01  9.0615213113852322e-01
1093   4.9999999999999983e-01  1.2429133752610917e+00  3.8213076139692853e-01  9.0615213113852322e-01
1094   6.6666666666666685e-01  1.2429133752610921e+00  3.8213076139692859e-01  9.0615213113852289e-01
1095   8.3333333333333359e-01  1.2429133752610921e+00  3.8213076139692864e-01  9.0615213113852289e-01
1096   9.4444444444444442e-01  1.2429133752610921e+00  3.8213076139692853e-01  9.0615213113852289e-01
1097   1.0000000000000000e+00  1.2429133752610921e+00  3.8213076139692859e-01  9.0615213113852289e-01
1098   0.0000000000000000e+00  1.3385220964350224e+00  4.1152543535053848e-01  9.0615213113852289e-01
1099   5.5555555555555566e-02  1.3385220964350224e+00  4.1152543535053848e-01  9.0615213113852289e-01
1100   1.6666666666666666e-01  1.3385220964350220e+00  4.1152543535053832e-01  9.0615213113852322e-01
1101   3.3333333333333337e-01  1.3385220964350220e+00  4.1152543535053832e-01  9.0615213113852322e-01
1102   4.9999999999999994e-01  1.3385220964350217e+00  4.1152543535053832e-01  9.0615213113852322e-01
1103   6.6666666666666685e-01  1.3385220964350224e+00  4.1152543535053848e-01  9.0615213113852289e-01
1104   8.3333333333333359e-01  1.3385220964350224e+00  4.1152543535053848e-01  9.0615213113852289e-01
1105   9.4444444444444442e-01  1.3385220964350224e+00  4.1152543535053848e-01  9.0615213113852289e-01
1106   1.0000000000000000e+00  1.3385220964350224e+00  4.1152543535053848e-01  9.0615213113852289e-01
1107   0.0000000000000000e+00  1.4341308176089524e+00  4.4092010930414838e-01  9.0615213113852289e-01
1108   5.5555555555555573e-02  1.4341308176089527e+00  4.4092010930414838e-01  9.0615213113852289e-01
1109   1.6666666666666660e-01  1.4341308176089524e+00  4.4092010930414832e-01  9.0615213113852322e-01
1110   3.3333333333333337e-01  1.4341308176089527e+00  4.4092010930414832e-01  9.0615213113852322e-01
1111   4.9999999999999994e-01  1.4341308176089522e+00  4.4092010930414832e-01  9.0615213113852322e-01
1112   6.6666666666666674e-01  1.4341308176089524e+00  4.4092010930414838e-01  9.0615213113852289e-01
1113   8.3333333333333326e-01  1.4341308176089522e+00  4.4092010930414832e-01  9.0615213113852322e-01
1114   9.4444444444444453e-01  1.4341308176089524e+00  4.4092010930414838e-01  9.0615213113852289e-01
1115   1.0000000000000000e+00  1.4341308176089524e+00  4.4092010930414838e-01  9.0615213113852289e-01
1116   0.0000000000000000e+00  1.5297395387828820e+00  4.7031478325775811e-01  9.0615213113852322e-01
1117   5.5555555555555552e-02  1.5297395387828823e+00  4.7031478325775811e-01  9.0615213113852322e-01
1118   1.6666666666666669e-01  1.5297395387828825e+00  4.7031478325775822e-01  9.0615213113852322e-01
1119   3.3333333333333337e-01  1.5297395387828825e+00  4.7031478325775822e-01  9.0615213113852322e-01
1120   4.9999999999999994e-01  1.5297395387828825e+00  4.7031478325775822e-01  9.0615213113852322e-01
1121   6.6666666666666663e-01  1.5297395387828823e+00  4.7031478325775811e-01  9.0615213113852322e-01
1122   8.3333333333333326e-01  1.5297395387828823e+00  4.7031478325775822e-01  9.0615213113852322e-01
1123   9.4444444444444431e-01  1.5297395387828820e+00  4.7031478325775811e-01  9.0615213113852322e-01
1124   1.0000000000000000e+00  1.5297395387828820e+00  4.7031478325775811e-01  9.0615213113852322e-01
1125   0.0000000000000000e+00  1.6253482599568130e+00  4.9970945721136817e-01  9.0615213113852289e-01
1126   5.5555555555555573e-02  1.6253482599568130e+00  4.9970945721136817e-01  9.0615213113852289e-01
1127   1.6666666666666666e-01  1.6253482599568125e+00  4.9970945721136800e-01  9.0615213113852311e-01
1128   3.3333333333333337e-01  1.6253482599568125e+00  4.9970945721136811e-01  9.0615213113852322e-01
1129   4.9999999999999989e-01  1.6253482599568125e+00  4.9970945721136800e-01  9.0615213113852311e-01
1130   6.6666666666666685e-01  1.6253482599568130e+00  4.9970945721136817e-01  9.0615213113852289e-01
1131   8.3333333333333359e-01  1.6253482599568130e+00  4.9970945721136817e-01  9.0615213113852289e-01
1132   9.4444444444444453e-01  1.6253482599568130e+00  4.9970945721136817e-01  9.0615213113852289e-01
1133   1.0000000000000000e+00  1.6253482599568130e+00  4.9970945721136817e-01  9.0615213113852289e-01
1134   0.0000000000000000e+00  1.7209569811307432e+00  5.2910413116497790e-01  9.0615213113852289e-01
1135   5.5555555555555573e-02  1.7209569811307435e+00  5.2910413116497790e-01  9.0615213113852289e-01
1136   1.6666666666666669e-01  1.7209569811307428e+00  5.2910413116497790e-01  9.0615213113852322e-01
1137   3.3333333333333337e-01  1.7209569811307428e+00  5.2910413116497790e-01  9.0615213113852322e-01
1138   4.9999999999999994e-01  1.7209569811307428e+00  5.2910413116497790e-01  9.0615213113852322e-01
1139   6.6666666666666685e-01  1.7209569811307432e+00  5.2910413116497790e-01  9.0615213113852289e-01
1140   8.3333333333333359e-01  1.7209569811307435e+00  5.2910413116497812e-01  9.0615213113852289e-01
1141   9.4444444444444442e-01  1.7209569811307432e+00  5.2910413116497790e-01  9.0615213113852289e-01
1142   1.0000000000000000e+00  1.7209569811307432e+00  5.2910413116497790e-01  9.0615213113852289e-01
1143   0.0000000000000000e+00  1.8165657023046733e+00  5.5849880511858796e-01  9.0615213113852289e-01
1144   5.5555555555555573e-02  1.8165657023046735e+00  5.5849880511858796e-01  9.0615213113852289e-01
1145   1.6666666666666666e-01  1.8165657023046728e+00  5.5849880511858785e-01  9.0615213113852322e-01
1146   3.3333333333333337e-01  1.8165657023046728e+00  5.5849880511858785e-01  9.0615213113852322e-01
1147   4.9999999999999994e-01  1.8165657023046728e+00  5.5849880511858785e-01  9.0615213113852322e-01
1148   6.6666666666666685e-01  1.8165657023046733e+00  5.5849880511858796e-01  9.0615213113852289e-01
1149   8.3333333333333359e-01  1.8165657023046733e+00  5.5849880511858796e-01  9.0615213113852289e-01
1150   9.4444444444444453e-01  1.8165657023046733e+00  5.5849880511858796e-01  9.0615213113852289e-01
1151   1.0000000000000000e+00  1.8165657023046733e+00  5.5849880511858796e-01  9.0615213113852289e-01
1152   0.0000000000000000e+00  1.8803048497539598e+00  5.7809525442099452e-01  9.0615213113852289e-01
1153   5.5555555555555573e-02  1.8803048497539598e+00  5.7809525442099452e-01  9.0615213113852289e-01
1154   1.6666666666666666e-01  1.8803048497539598e+00  5.7809525442099441e-01  9.0615213113852311e-01
1155   3.3333333333333337e-01  1.8803048497539598e+00  5.7809525442099452e-01  9.0615213113852322e-01
1156   4.9999999999999989e-01  1.8803048497539598e+00  5.7809525442099441e-01  9.0615213113852311e-01
1157   6.6666666666666685e-01  1.8803048497539598e+00  5.7809525442099452e-01  9.0615213113852289e-01
1158   8.3333333333333359e-01  1.8803048497539598e+00  5.7809525442099452e-01  9.0615213113852289e-01
1159   9.4444444444444442e-01  1.8803048497539598e+00  5.7809525442099452e-01  9.0615213113852289e-01
1160   1.0000000000000000e+00  1.8803048497539598e+00  5.7809525442099452e-01  9.0615213113852289e-01
1161   0.0000000000000000e+00  1.9121744234786031e+00  5.8789347907219791e-01  9.0615213113852289e-01
1162   5.5555555555555573e-02  1.9121744234786031e+00  5.8789347907219791e-01  9.0615213113852289e-01
1163   1.6666666666666666e-01  1.9121744234786029e+00  5.8789347907219780e-01  9.0615213113852322e-01
1164   3.3333333333333337e-01  1.9121744234786029e+00  5.8789347907219780e-01  9.0615213113852322e-01
1165   4.9999999999999994e-01  1.9121744234786029e+00  5.8789347907219780e-01  9.0615213113852322e-01
1166   6.6666666666666685e-01  1.9121744234786031e+00  5.8789347907219791e-01  9.0615213113852289e-01
1167   8.3333333333333359e-01  1.9121744234786031e+00  5.8789347907219791e-01  9.0615213113852289e-01
1168   9.4444444444444442e-01  1.9121744234786031e+00  5.8789347907219791e-01  9.0615213113852289e-01
1169   1.0000000000000000e+00  1.9121744234786031e+00  5.8789347907219791e-01  9.0615213113852289e-01
1170   0.0000000000000000e+00  9.4383992383799931e-01  3.3118454752526422e-01  8.9773145109763641e-01
1171   5.5555555555555559e-02  9.4383992383799931e-01  3.3118454752526422e-01  8.9773145109763641e-01
1172   1.6666666666666666e-01  9.4383992383799931e-01  3.3118454752526427e-01  8.9773145109763652e-01
1173   3.3333333333333326e-01  9.4383992383799931e-01  3.3118454752526427e-01  8.9773145109763663e-01
1174   4.9999999999999994e-01  9.4383992383799931e-01  3.3118454752526427e-01  8.9773145109763652e-01
1175   6.6666666666666663e-01  9.4383992383799931e-01  3.3118454752526422e-01  8.9773145109763641e-01
1176   8.3333333333333359e-01  9.4383992383799931e-01  3.3118454752526422e-01  8.9773145109763641e-01
1177   9.4444444444444431e-01  9.4383992383799931e-01  3.3118454752526422e-01  8.9773145109763641e-01
1178   1.0000000000000000e+00  9.4383992383799931e-01  3.3118454752526422e-01  8.9773145109763641e-01
1179   0.0000000000000000e+00  9.7530125463259920e-01  3.4222403244277305e-01  8.9773145109763652e-01
1180   5.5555555555555552e-02  9.7530125463259920e-01  3.4222403244277305e-01  8.9773145109763652e-01
1181   1.6666666666666666e-01  9.7530125463259931e-01  3.4222403244277311e-01  8.9773145109763652e-01
1182   3.3333333333333326e-01  9.7530125463259920e-01  3.4222403244277305e-01  8.9773145109763663e-01
1183   5.0000000000000000e-01  9.7530125463259931e-01  3.4222403244277311e-01  8.9773145109763652e-01
1184   6.6666666666666652e-01  9.7530125463259909e-01  3.4222403244277305e-01  8.9773145109763652e-01
1185   8.3333333333333348e-01  9.7530125463259920e-01  3.4222403244277305e-01  8.9773145109763652e-01
1186   9.4444444444444420e-01  9.7530125463259920e-01  3.4222403244277305e-01  8.9773145109763652e-01
1187   1.0000000000000000e+00  9.7530125463259920e-01  3.4222403244277305e-01  8.9773145109763652e-01
1188   0.0000000000000000e+00  1.0382239162217992e+00  3.6430300227779072e-01  8.9773145109763652e-01
1189   5.5555555555555559e-02  1.0382239162217992e+00  3.6430300227779072e-01  8.9773145109763652e-01
1190   1.6666666666666666e-01  1.0382239162217992e+00  3.6430300227779072e-01  8.9773145109763652e-01
1191   3.3333333333333326e-01  1.0382239162217992e+00  3.6430300227779072e-01  8.9773145109763663e-01
1192   5.0000000000000000e-01  1.0382239162217992e+00  3.6430300227779072e-01  8.9773145109763652e-01
1193   6.6666666666666663e-01  1.0382239162217992e+00  3.6430300227779072e-01  8.9773145109763652e-01
1194   8.3333333333333348e-01  1.0382239162217992e+00  3.6430300227779072e-01  8.9773145109763652e-01
1195   9.4444444444444431e-01  1.0382239162217992e+00  3.6430300227779072e-01  8.9773145109763652e-01
1196   1.0000000000000000e+00  1.0382239162217992e+00  3.6430300227779072e-01  8.9773145109763652e-01
1197   0.0000000000000000e+00  1.1326079086055987e+00  3.9742145703031706e-01  8.9773145109763652e-01
1198   5.5555555555555552e-02  1.1326079086055991e+00  3.9742145703031706e-01  8.9773145109763652e-01
1199   1.6666666666666666e-01  1.1326079086055991e+00  3.9742145703031717e-01  8.9773145109763652e-01
1200   3.3333333333333326e-01  1.1326079086055991e+00  3.9742145703031712e-01  8.9773145109763663e-01
1201   5.0000000000000000e-01  1.1326079086055991e+00  3.9742145703031717e-01  8.9773145109763652e-01
1202   6.6666666666666652e-01  1.1326079086055987e+00  3.9742145703031706e-01  8.9773145109763652e-01
1203   8.3333333333333348e-01  1.1326079086055991e+00  3.9742145703031717e-01  8.9773145109763652e-01
1204   9.4444444444444420e-01  1.1326079086055987e+00  3.9742145703031706e-01  8.9773145109763652e-01
1205   1.0000000000000000e+00  1.1326079086055987e+00  3.9742145703031706e-01  8.9773145109763652e-01
1206   0.0000000000000000e+00  1.2269919009893995e+00  4.3053991178284368e-01  8.9773145109763619e-01
1207   5.5555555555555573e-02  1.2269919009893997e+00  4.3053991178284368e-01  8.9773145109763619e-01
1208   1.6666666666666666e-01  1.2269919009893993e+00  4.3053991178284351e-01  8.9773145109763652e-01
1209   3.3333333333333331e-01  1.2269919009893993e+00  4.3053991178284351e-01  8.9773145109763652e-01
1210   4.9999999999999994e-01  1.2269919009893990e+00  4.3053991178284351e-01  8.9773145109763652e-01
1211   6.6666666666666685e-01  1.2269919009893993e+00  4.3053991178284368e-01  8.9773145109763619e-01
1212   8.3333333333333359e-01  1.2269919009893995e+00  4.3053991178284357e-01  8.9773145109763641e-01
1213   9.4444444444444453e-01  1.2269919009893995e+00  4.3053991178284362e-01  8.9773145109763619e-01
1214   1.0000000000000000e+00  1.2269919009893995e+00  4.3053991178284368e-01  8.9773145109763619e-01
1215   0.0000000000000000e+00  1.3213758933731989e+00  4.6365836653536996e-01  8.9773145109763641e-01
1216   5.5555555555555546e-02  1.3213758933731989e+00  4.6365836653536996e-01  8.9773145109763641e-01
1217   1.6666666666666666e-01  1.3213758933731989e+00  4.6365836653536996e-01  8.9773145109763652e-01
1218   3.3333333333333331e-01  1.3213758933731989e+00  4.6365836653536990e-01  8.9773145109763652e-01
1219   4.9999999999999994e-01  1.3213758933731989e+00  4.6365836653536996e-01  8.9773145109763652e-01
1220   6.6666666666666663e-01  1.3213758933731989e+00  4.6365836653536996e-01  8.9773145109763641e-01
1221   8.3333333333333359e-01  1.3213758933731989e+00  4.6365836653537001e-01  8.9773145109763641e-01
1222   9.4444444444444420e-01  1.3213758933731989e+00  4.6365836653536996e-01  8.9773145109763641e-01
1223   1.0000000000000000e+00  1.3213758933731989e+00  4.6365836653536996e-01  8.9773145109763641e-01
1224   0.0000000000000000e+00  1.4157598857569988e+00  4.9677682128789646e-01  8.9773145109763641e-01
1225   5.5555555555555559e-02  1.4157598857569991e+00  4.9677682128789652e-01  8.9773145109763641e-01
1226   1.6666666666666660e-01  1.4157598857569988e+00  4.9677682128789641e-01  8.9773145109763663e-01
1227   3.3333333333333326e-01  1.4157598857569988e+00  4.9677682128789641e-01  8.9773145109763663e-01
1228   4.9999999999999989e-01  1.4157598857569986e+00  4.9677682128789635e-01  8.9773145109763663e-01
1229   6.6666666666666663e-01  1.4157598857569988e+00  4.9677682128789646e-01  8.9773145109763641e-01
1230   8.3333333333333348e-01  1.4157598857569991e+00  4.9677682128789646e-01  8.9773145109763652e-01
1231   9.4444444444444442e-01  1.4157598857569988e+00  4.9677682128789646e-01  8.9773145109763641e-01
1232   1.0000000000000000e+00  1.4157598857569988e+00  4.9677682128789646e-01  8.9773145109763641e-01
1233   0.0000000000000000e+00  1.5101438781407988e+00  5.2989527604042286e-01  8.9773145109763652e-01
1234   5.5555555555555552e-02  1.5101438781407990e+00  5.2989527604042286e-01  8.9773145109763652e-01
1235   1.6666666666666663e-01  1.5101438781407988e+00  5.2989527604042275e-01  8.9773145109763663e-01
1236   3.3333333333333326e-01  1.5101438781407988e+00  5.2989527604042275e-01  8.9773145109763663e-01
1237   4.9999999999999989e-01  1.5101438781407988e+00  5.2989527604042275e-01  8.9773145109763663e-01
1238   6.6666666666666663e-01  1.5101438781407990e+00  5.2989527604042286e-01  8.9773145109763652e-01
1239   8.3333333333333348e-01  1.5101438781407990e+00  5.2989527604042286e-01  8.9773145109763652e-01
1240   9.4444444444444453e-01  1.5101438781407988e+00  5.2989527604042286e-01  8.9773145109763652e-01
1241   1.0000000000000000e+00  1.5101438781407988e+00  5.2989527604042286e-01  8.9773145109763652e-01
1242   0.0000000000000000e+00  1.6045278705245991e+00  5.6301373079294925e-01  8.9773145109763641e-01
1243   5.5555555555555559e-02  1.6045278705245991e+00  5.6301373079294925e-01  8.9773145109763641e-01
1244   1.6666666666666669e-01  1.6045278705245991e+00  5.6301373079294925e-01  8.9773145109763641e-01
1245   3.3333333333333326e-01  1.6045278705245987e+00  5.6301373079294936e-01  8.9773145109763663e-01
1246   5.0000000000000000e-01  1.6045278705245991e+00  5.6301373079294925e-01  8.9773145109763641e-01
1247   6.6666666666666663e-01  1.6045278705245991e+00  5.6301373079294925e-01  8.9773145109763641e-01
1248   8.3333333333333359e-01  1.6045278705245991e+00  5.6301373079294925e-01  8.9773145109763641e-01
1249   9.4444444444444442e-01  1.6045278705245991e+00  5.6301373079294925e-01  8.9773145109763641e-01
1250   1.0000000000000000e+00  1.6045278705245991e+00  5.6301373079294925e-01  8.9773145109763641e-01
1251   0.0000000000000000e+00  1.6989118629083986e+00  5.9613218554547553e-01  8.9773145109763641e-01
1252   5.5555555555555559e-02  1.6989118629083988e+00  5.9613218554547553e-01  8.9773145109763641e-01
1253   1.6666666666666663e-01  1.6989118629083988e+00  5.9613218554547553e-01  8.9773145109763663e-01
1254   3.3333333333333326e-01  1.6989118629083988e+00  5.9613218554547565e-01  8.9773145109763663e-01
1255   4.9999999999999989e-01  1.6989118629083988e+00  5.9613218554547553e-01  8.9773145109763663e-01
1256   6.6666666666666663e-01  1.6989118629083986e+00  5.9613218554547553e-01  8.9773145109763641e-01
1257   8.3333333333333359e-01  1.6989118629083988e+00  5.9613218554547587e-01  8.9773145109763641e-01
1258   9.4444444444444431e-01  1.6989118629083986e+00  5.9613218554547553e-01  8.9773145109763641e-01
1259   1.0000000000000000e+00  1.6989118629083986e+00  5.9613218554547553e-01  8.9773145109763641e-01
1260   0.0000000000000000e+00  1.7932958552921987e+00  6.2925064029800215e-01  8.9773145109763641e-01
1261   5.5555555555555559e-02  1.7932958552921987e+00  6.2925064029800226e-01  8.9773145109763641e-01
1262   1.6666666666666666e-01  1.7932958552921985e+00  6.2925064029800215e-01  8.9773145109763652e-01
1263   3.3333333333333326e-01  1.7932958552921987e+00  6.2925064029800226e-01  8.9773145109763663e-01
1264   4.9999999999999994e-01  1.7932958552921985e+00  6.2925064029800215e-01  8.9773145109763652e-01
1265   6.6666666666666663e-01  1.7932958552921987e+00  6.2925064029800215e-01  8.9773145109763641e-01
1266   8.3333333333333359e-01  1.7932958552921987e+00  6.2925064029800215e-01  8.9773145109763641e-01
1267   9.4444444444444442e-01  1.7932958552921987e+00  6.2925064029800215e-01  8.9773145109763641e-01
1268   1.0000000000000000e+00  1.7932958552921987e+00  6.2925064029800215e-01  8.9773145109763641e-01
1269   0.0000000000000000e+00  1.8562185168813987e+00  6.5132961013301960e-01  8.9773145109763641e-01
1270   5.5555555555555559e-02  1.8562185168813987e+00  6.5132961013301971e-01  8.9773145109763641e-01
1271   1.6666666666666669e-01  1.8562185168813989e+00  6.5132961013301982e-01  8.9773145109763641e-01
1272   3.3333333333333326e-01  1.8562185168813985e+00  6.5132961013301993e-01  8.9773145109763663e-01
1273   5.0000000000000000e-01  1.8562185168813989e+00  6.5132961013301982e-01  8.9773145109763641e-01
1274   6.6666666666666663e-01  1.8562185168813987e+00  6.5132961013301960e-01  8.9773145109763641e-01
1275   8.3333333333333359e-01  1.8562185168813987e+00  6.5132961013301960e-01  8.9773145109763641e-01
1276   9.4444444444444431e-01  1.8562185168813987e+00  6.5132961013301960e-01  8.9773145109763641e-01
1277   1.0000000000000000e+00  1.8562185168813987e+00  6.5132961013301960e-01  8.9773145109763641e-01
1278   0.0000000000000000e+00  1.8876798476759986e+00  6.6236909505052843e-01  8.9773145109763641e-01
1279   5.5555555555555559e-02  1.8876798476759986e+00  6.6236909505052843e-01  8.9773145109763641e-01
1280   1.6666666666666666e-01  1.8876798476759986e+00  6.6236909505052854e-01  8.9773145109763652e-01
1281   3.3333333333333326e-01  1.8876798476759986e+00  6.6236909505052854e-01  8.9773145109763663e-01
1282   4.9999999999999994e-01  1.8876798476759986e+00  6.6236909505052854e-01  8.9773145109763652e-01
1283   6.6666666666666663e-01  1.8876798476759986e+00  6.6236909505052843e-01  8.9773145109763641e-01
1284   8.3333333333333359e-01  1.8876798476759986e+00  6.6236909505052843e-01  8.9773145109763641e-01
1285   9.4444444444444431e-01  1.8876798476759986e+00  6.6236909505052843e-01  8.9773145109763641e-01
1286   1.0000000000000000e+00  1.8876798476759986e+00  6.6236909505052843e-01  8.9773145109763641e-01
1287   0.0000000000000000e+00  9.3001274502529185e-01  3.6824213653265131e-01  8.9004300410378312e-01
1288   5.5555555555555559e-02  9.3001274502529185e-01  3.6824213653265131e-01  8.9004300410378312e-01
1289   1.6666666666666666e-01  9.3001274502529196e-01  3.6824213653265137e-01  8.9004300410378334e-01
1290   3.3333333333333337e-01  9.3001274502529196e-01  3.6824213653265142e-01  8.9004300410378334e-01
1291   4.9999999999999994e-01  9.3001274502529196e-01  3.6824213653265137e-01  8.9004300410378334e-01
1292   6.6666666666666674e-01  9.3001274502529185e-01  3.6824213653265131e-01  8.9004300410378312e-01
1293   8.3333333333333359e-01  9.3001274502529185e-01  3.6824213653265131e-01  8.9004300410378312e-01
1294   9.4444444444444453e-01  9.3001274502529185e-01  3.6824213653265131e-01  8.9004300410378312e-01
1295   1.0000000000000000e+00  9.3001274502529185e-01  3.6824213653265131e-01  8.9004300410378312e-01
1296   0.0000000000000000e+00  9.6101316985946827e-01  3.8051687441707305e-01  8.9004300410378323e-01
1297   5.5555555555555552e-02  9.6101316985946827e-01  3.8051687441707305e-01  8.9004300410378323e-01
1298   1.6666666666666666e-01  9.6101316985946827e-01  3.8051687441707305e-01  8.9004300410378334e-01
1299   3.3333333333333337e-01  9.6101316985946839e-01  3.8051687441707305e-01  8.9004300410378334e-01
1300   4.9999999999999994e-01  9.6101316985946827e-01  3.8051687441707305e-01  8.9004300410378334e-01
1301   6.6666666666666663e-01  9.6101316985946827e-01  3.8051687441707305e-01  8.9004300410378323e-01
1302   8.3333333333333359e-01  9.6101316985946827e-01  3.8051687441707305e-01  8.9004300410378323e-01
1303   9.4444444444444442e-01  9.6101316985946827e-01  3.8051687441707305e-01  8.9004300410378323e-01
1304   1.0000000000000000e+00  9.6101316985946827e-01  3.8051687441707305e-01  8.9004300410378323e-01
1305   0.0000000000000000e+00  1.0230140195278212e+00  4.0506635018591647e-01  8.9004300410378323e-01
1306   5.5555555555555566e-02  1.0230140195278212e+00  4.0506635018591647e-01  8.9004300410378323e-01
1307   1.6666666666666666e-01  1.0230140195278210e+00  4.0506635018591641e-01  8.9004300410378334e-01
1308   3.3333333333333326e-01  1.0230140195278210e+00  4.0506635018591641e-01  8.9004300410378356e-01
1309   4.9999999999999994e-01  1.0230140195278210e+00  4.0506635018591641e-01  8.9004300410378334e-01
1310   6.6666666666666663e-01  1.0230140195278212e+00  4.0506635018591647e-01  8.9004300410378323e-01
1311   8.3333333333333359e-01  1.0230140195278212e+00  4.0506635018591647e-01  8.9004300410378323e-01
1312   9.4444444444444453e-01  1.0230140195278212e+00  4.0506635018591647e-01  8.9004300410378323e-01
1313   1.0000000000000000e+00  1.0230140195278212e+00  4.0506635018591647e-01  8.9004300410378323e-01
1314   0.0000000000000000e+00  1.1160152940303503e+00  4.4189056383918157e-01  8.9004300410378323e-01
1315   5.5555555555555552e-02  1.1160152940303503e+00  4.4189056383918157e-01  8.9004300410378323e-01
1316   1.6666666666666666e-01  1.1160152940303503e+00  4.4189056383918163e-01  8.9004300410378334e-01
1317   3.3333333333333337e-01  1.1160152940303503e+00  4.4189056383918163e-01  8.9004300410378334e-01
1318   4.9999999999999994e-01  1.1160152940303500e+00  4.4189056383918157e-01  8.9004300410378334e-01
1319   6.6666666666666663e-01  1.1160152940303503e+00  4.4189056383918157e-01  8.9004300410378323e-01
1320   8.3333333333333348e-01  1.1160152940303503e+00  4.4189056383918163e-01  8.9004300410378323e-01
1321   9.4444444444444453e-01  1.1160152940303503e+00  4.4189056383918157e-01  8.9004300410378323e-01
1322   1.0000000000000000e+00  1.1160152940303503e+00  4.4189056383918157e-01  8.9004300410378323e-01
1323   0.0000000000000000e+00  1.2090165685328795e+00  4.7871477749244684e-01  8.9004300410378312e-01
1324   5.5555555555555559e-02  1.2090165685328795e+00  4.7871477749244684e-01  8.9004300410378312e-01
1325   1.6666666666666666e-01  1.2090165685328793e+00  4.7871477749244667e-01  8.9004300410378334e-01
1326   3.3333333333333337e-01  1.2090165685328793e+00  4.7871477749244667e-01  8.9004300410378334e-01
1327   4.9999999999999989e-01  1.2090165685328793e+00  4.7871477749244667e-01  8.9004300410378334e-01
1328   6.6666666666666674e-01  1.2090165685328795e+00  4.7871477749244684e-01  8.9004300410378312e-01
1329   8.3333333333333359e-01  1.2090165685328795e+00  4.7871477749244684e-01  8.9004300410378312e-01
1330   9.4444444444444442e-01  1.2090165685328795e+00  4.7871477749244667e-01  8.9004300410378312e-01
1331   1.0000000000000000e+00  1.2090165685328795e+00  4.7871477749244684e-01  8.9004300410378312e-01
1332   0.0000000000000000e+00  1.3020178430354088e+00  5.1553899114571189e-01  8.9004300410378312e-01
1333   5.5555555555555559e-02  1.3020178430354088e+00  5.1553899114571189e-01  8.9004300410378312e-01
1334   1.6666666666666666e-01  1.3020178430354088e+00  5.1553899114571189e-01  8.9004300410378334e-01
1335   3.3333333333333337e-01  1.3020178430354088e+00  5.1553899114571178e-01  8.9004300410378334e-01
1336   4.9999999999999994e-01  1.3020178430354088e+00  5.1553899114571189e-01  8.9004300410378334e-01
1337   6.6666666666666674e-01  1.3020178430354088e+00  5.1553899114571189e-01  8.9004300410378312e-01
1338   8.3333333333333359e-01  1.3020178430354088e+00  5.1553899114571200e-01  8.9004300410378312e-01
1339   9.4444444444444442e-01  1.3020178430354088e+00  5.1553899114571189e-01  8.9004300410378312e-01
1340   1.0000000000000000e+00  1.3020178430354088e+00  5.1553899114571189e-01  8.9004300410378312e-01
1341   0.0000000000000000e+00  1.3950191175379381e+00  5.5236320479897716e-01  8.9004300410378312e-01
1342   5.5555555555555559e-02  1.3950191175379381e+00  5.5236320479897716e-01  8.9004300410378312e-01
1343   1.6666666666666666e-01  1.3950191175379376e+00  5.5236320479897694e-01  8.9004300410378334e-01
1344   3.3333333333333348e-01  1.3950191175379378e+00  5.5236320479897694e-01  8.9004300410378334e-01
1345   5.0000000000000000e-01  1.3950191175379378e+00  5.5236320479897694e-01  8.9004300410378334e-01
1346   6.6666666666666674e-01  1.3950191175379381e+00  5.5236320479897716e-01  8.9004300410378312e-01
1347   8.3333333333333337e-01  1.3950191175379376e+00  5.5236320479897694e-01  8.9004300410378334e-01
1348   9.4444444444444464e-01  1.3950191175379381e+00  5.5236320479897716e-01  8.9004300410378312e-01
1349   1.0000000000000000e+00  1.3950191175379381e+00  5.5236320479897716e-01  8.9004300410378312e-01
1350   0.0000000000000000e+00  1.4880203920404669e+00  5.8918741845224210e-01  8.9004300410378334e-01
1351   5.5555555555555546e-02  1.4880203920404669e+00  5.8918741845224210e-01  8.9004300410378334e-01
1352   1.6666666666666669e-01  1.4880203920404669e+00  5.8918741845224221e-01  8.9004300410378334e-01
1353   3.3333333333333337e-01  1.4880203920404669e+00  5.8918741845224221e-01  8.9004300410378334e-01
1354   5.0000000000000000e-01  1.4880203920404669e+00  5.8918741845224221e-01  8.9004300410378334e-01
1355   6.6666666666666674e-01  1.4880203920404667e+00  5.8918741845224210e-01  8.9004300410378334e-01
1356   8.3333333333333337e-01  1.4880203920404669e+00  5.8918741845224221e-01  8.9004300410378334e-01
1357   9.4444444444444442e-01  1.4880203920404669e+00  5.8918741845224210e-01  8.9004300410378334e-01
1358   1.0000000000000000e+00  1.4880203920404669e+00  5.8918741845224210e-01  8.9004300410378334e-01
1359   0.0000000000000000e+00  1.5810216665429966e+00  6.2601163210550737e-01  8.9004300410378312e-01
1360   5.5555555555555559e-02  1.5810216665429966e+00  6.2601163210550737e-01  8.9004300410378312e-01
1361   1.6666666666666666e-01  1.5810216665429961e+00  6.2601163210550725e-01  8.9004300410378334e-01
1362   3.3333333333333337e-01  1.5810216665429961e+00  6.2601163210550737e-01  8.9004300410378334e-01
1363   4.9999999999999989e-01  1.5810216665429961e+00  6.2601163210550725e-01  8.9004300410378334e-01
1364   6.6666666666666674e-01  1.5810216665429966e+00  6.2601163210550737e-01  8.9004300410378312e-01
1365   8.3333333333333359e-01  1.5810216665429966e+00  6.2601163210550737e-01  8.9004300410378312e-01
1366   9.4444444444444464e-01  1.5810216665429966e+00  6.2601163210550737e-01  8.9004300410378312e-01
1367   1.0000000000000000e+00  1.5810216665429966e+00  6.2601163210550737e-01  8.9004300410378312e-01
1368   0.0000000000000000e+00  1.6740229410455256e+00  6.6283584575877241e-01  8.9004300410378312e-01
1369   5.5555555555555559e-02  1.6740229410455258e+00  6.6283584575877241e-01  8.9004300410378312e-01
1370   1.6666666666666666e-01  1.6740229410455254e+00  6.6283584575877252e-01  8.9004300410378334e-01
1371   3.3333333333333348e-01  1.6740229410455254e+00  6.6283584575877252e-01  8.9004300410378334e-01
1372   5.0000000000000000e-01  1.6740229410455254e+00  6.6283584575877252e-01  8.9004300410378334e-01
1373   6.6666666666666674e-01  1.6740229410455256e+00  6.6283584575877241e-01  8.9004300410378312e-01
1374   8.3333333333333359e-01  1.6740229410455258e+00  6.6283584575877263e-01  8.9004300410378312e-01
1375   9.4444444444444453e-01  1.6740229410455256e+00  6.6283584575877241e-01  8.9004300410378312e-01
1376   1.0000000000000000e+00  1.6740229410455256e+00  6.6283584575877241e-01  8.9004300410378312e-01
1377   0.0000000000000000e+00  1.7670242155480549e+00  6.9966005941203757e-01  8.9004300410378312e-01
1378   5.5555555555555559e-02  1.7670242155480551e+00  6.9966005941203768e-01  8.9004300410378312e-01
1379   1.6666666666666666e-01  1.7670242155480547e+00  6.9966005941203757e-01  8.9004300410378334e-01
1380   3.3333333333333337e-01  1.7670242155480547e+00  6.9966005941203768e-01  8.9004300410378334e-01
1381   4.9999999999999994e-01  1.7670242155480547e+00  6.9966005941203757e-01  8.9004300410378334e-01
1382   6.6666666666666674e-01  1.7670242155480549e+00  6.9966005941203757e-01  8.9004300410378312e-01
1383   8.3333333333333359e-01  1.7670242155480549e+00  6.9966005941203757e-01  8.9004300410378312e-01
1384   9.4444444444444464e-01  1.7670242155480549e+00  6.9966005941203757e-01  8.9004300410378312e-01
1385   1.0000000000000000e+00  1.7670242155480549e+00  6.9966005941203757e-01  8.9004300410378312e-01
1386   0.0000000000000000e+00  1.8290250652164075e+00  7.2420953518088105e-01  8.9004300410378312e-01
1387   5.5555555555555559e-02  1.8290250652164077e+00  7.2420953518088105e-01  8.9004300410378312e-01
1388   1.6666666666666666e-01  1.8290250652164075e+00  7.2420953518088094e-01  8.9004300410378334e-01
1389   3.3333333333333337e-01  1.8290250652164075e+00  7.2420953518088105e-01  8.9004300410378334e-01
1390   4.9999999999999989e-01  1.8290250652164075e+00  7.2420953518088094e-01  8.9004300410378334e-01
1391   6.6666666666666674e-01  1.8290250652164075e+00  7.2420953518088105e-01  8.9004300410378312e-01
1392   8.3333333333333359e-01  1.8290250652164075e+00  7.2420953518088105e-01  8.9004300410378312e-01
1393   9.4444444444444453e-01  1.8290250652164075e+00  7.2420953518088105e-01  8.9004300410378312e-01
1394   1.0000000000000000e+00  1.8290250652164075e+00  7.2420953518088105e-01  8.9004300410378312e-01
1395   0.0000000000000000e+00  1.8600254900505837e+00  7.3648427306530262e-01  8.9004300410378312e-01
1396   5.5555555555555559e-02  1.8600254900505837e+00  7.3648427306530262e-01  8.9004300410378312e-01
1397   1.6666666666666666e-01  1.8600254900505839e+00  7.3648427306530273e-01  8.9004300410378334e-01
1398   3.3333333333333337e-01  1.8600254900505839e+00  7.3648427306530284e-01  8.9004300410378334e-01
1399   4.9999999999999994e-01  1.8600254900505839e+00  7.3648427306530273e-01  8.9004300410378334e-01
1400   6.6666666666666674e-01  1.8600254900505837e+00  7.3648427306530262e-01  8.9004300410378312e-01
1401   8.3333333333333359e-01  1.8600254900505837e+00  7.3648427306530262e-01  8.9004300410378312e-01
1402   9.4444444444444453e-01  1.8600254900505837e+00  7.3648427306530262e-01  8.9004300410378312e-01
1403   1.0000000000000000e+00  1.8600254900505837e+00  7.3648427306530262e-01  8.9004300410378312e-01
1404   0.0000000000000000e+00  9.1459880556784023e-01  4.0502261779583770e-01  8.8308679015696345e-01
1405   5.5555555555555559e-02  9.1459880556784023e-01  4.0502261779583770e-01  8.8308679015696345e-01
1406   1.6666666666666666e-01  9.1459880556784023e-01  4.0502261779583765e-01  8.8308679015696367e-01
1407   3.3333333333333337e-01  9.1459880556784023e-01  4.0502261779583770e-01  8.8308679015696367e-01
1408   4.9999999999999994e-01  9.1459880556784023e-01  4.0502261779583765e-01  8.8308679015696367e-01
1409   6.6666666666666674e-01  9.1459880556784023e-01  4.0502261779583770e-01  8.8308679015696345e-01
1410   8.3333333333333348e-01  9.1459880556784023e-01  4.0502261779583770e-01  8.8308679015696345e-01
1411   9.4444444444444442e-01  9.1459880556784023e-01  4.0502261779583770e-01  8.8308679015696345e-01
1412   1.0000000000000000e+00  9.1459880556784023e-01  4.0502261779583770e-01  8.8308679015696345e-01
1413   0.0000000000000000e+00  9.4508543242010146e-01  4.1852337172236559e-01  8.8308679015696356e-01
1414   5.5555555555555552e-02  9.4508543242010157e-01  4.1852337172236559e-01  8.8308679015696356e-01
1415   1.6666666666666666e-01  9.4508543242010157e-01  4.1852337172236553e-01  8.8308679015696367e-01
1416   3.3333333333333337e-01  9.4508543242010168e-01  4.1852337172236564e-01  8.8308679015696367e-01
1417   4.9999999999999994e-01  9.4508543242010157e-01  4.1852337172236553e-01  8.8308679015696367e-01
1418   6.6666666666666663e-01  9.4508543242010157e-01  4.1852337172236559e-01  8.8308679015696356e-01
1419   8.3333333333333348e-01  9.4508543242010157e-01  4.1852337172236559e-01  8.8308679015696356e-01
1420   9.4444444444444431e-01  9.4508543242010146e-01  4.1852337172236559e-01  8.8308679015696356e-01
1421   1.0000000000000000e+00  9.4508543242010146e-01  4.1852337172236559e-01  8.8308679015696356e-01
1422   0.0000000000000000e+00  1.0060586861246243e+00  4.4552487957542142e-01  8.8308679015696356e-01
1423   5.5555555555555552e-02  1.0060586861246243e+00  4.4552487957542142e-01  8.8308679015696356e-01
1424   1.6666666666666666e-01  1.0060586861246243e+00  4.4552487957542136e-01  8.8308679015696367e-01
1425   3.3333333333333337e-01  1.0060586861246243e+00  4.4552487957542153e-01  8.8308679015696367e-01
1426   4.9999999999999994e-01  1.0060586861246243e+00  4.4552487957542136e-01  8.8308679015696367e-01
1427   6.6666666666666663e-01  1.0060586861246243e+00  4.4552487957542142e-01  8.8308679015696356e-01
1428   8.3333333333333348e-01  1.0060586861246243e+00  4.4552487957542142e-01  8.8308679015696356e-01
1429   9.4444444444444442e-01  1.0060586861246243e+00  4.4552487957542142e-01  8.8308679015696356e-01
1430   1.0000000000000000e+00  1.0060586861246243e+00  4.4552487957542142e-01  8.8308679015696356e-01
1431   0.0000000000000000e+00  1.0975185666814082e+00  4.8602714135500519e-01  8.8308679015696356e-01
1432   5.5555555555555552e-02  1.0975185666814085e+00  4.8602714135500519e-01  8.8308679015696356e-01
1433   1.6666666666666666e-01  1.0975185666814082e+00  4.8602714135500513e-01  8.8308679015696367e-01
1434   3.3333333333333337e-01  1.0975185666814082e+00  4.8602714135500513e-01  8.8308679015696367e-01
1435   4.9999999999999994e-01  1.0975185666814082e+00  4.8602714135500513e-01  8.8308679015696367e-01
1436   6.6666666666666663e-01  1.0975185666814082e+00  4.8602714135500519e-01  8.8308679015696356e-01
1437   8.3333333333333337e-01  1.0975185666814085e+00  4.8602714135500519e-01  8.8308679015696356e-01
1438   9.4444444444444442e-01  1.0975185666814082e+00  4.8602714135500519e-01  8.8308679015696356e-01
1439   1.0000000000000000e+00  1.0975185666814082e+00  4.8602714135500519e-01  8.8308679015696356e-01
1440   0.0000000000000000e+00  1.1889784472381926e+00  5.2652940313458907e-01  8.8308679015696334e-01
1441   5.5555555555555566e-02  1.1889784472381928e+00  5.2652940313458907e-01  8.8308679015696334e-01
1442   1.6666666666666666e-01  1.1889784472381923e+00  5.2652940313458885e-01  8.8308679015696367e-01
1443   3.3333333333333337e-01  1.1889784472381923e+00  5.2652940313458896e-01  8.8308679015696367e-01
1444   4.9999999999999983e-01  1.1889784472381921e+00  5.2652940313458896e-01  8.8308679015696367e-01
1445   6.6666666666666685e-01  1.1889784472381926e+00  5.2652940313458907e-01  8.8308679015696334e-01
1446   8.3333333333333348e-01  1.1889784472381926e+00  5.2652940313458907e-01  8.8308679015696345e-01
1447   9.4444444444444453e-01  1.1889784472381926e+00  5.2652940313458896e-01  8.8308679015696334e-01
1448   1.0000000000000000e+00  1.1889784472381926e+00  5.2652940313458907e-01  8.8308679015696334e-01
1449   0.0000000000000000e+00  1.2804383277949765e+00  5.6703166491417267e-01  8.8308679015696345e-01
1450   5.5555555555555552e-02  1.2804383277949765e+00  5.6703166491417267e-01  8.8308679015696345e-01
1451   1.6666666666666666e-01  1.2804383277949762e+00  5.6703166491417267e-01  8.8308679015696367e-01
1452   3.3333333333333337e-01  1.2804383277949762e+00  5.6703166491417256e-01  8.8308679015696367e-01
1453   4.9999999999999994e-01  1.2804383277949762e+00  5.6703166491417267e-01  8.8308679015696367e-01
1454   6.6666666666666674e-01  1.2804383277949765e+00  5.6703166491417267e-01  8.8308679015696345e-01
1455   8.3333333333333348e-01  1.2804383277949765e+00  5.6703166491417278e-01  8.8308679015696345e-01
1456   9.4444444444444442e-01  1.2804383277949765e+00  5.6703166491417267e-01  8.8308679015696345e-01
1457   1.0000000000000000e+00  1.2804383277949765e+00  5.6703166491417267e-01  8.8308679015696345e-01
1458   0.0000000000000000e+00  1.3718982083517608e+00  6.0753392669375661e-01  8.8308679015696345e-01
1459   5.5555555555555559e-02  1.3718982083517608e+00  6.0753392669375661e-01  8.8308679015696345e-01
1460   1.6666666666666666e-01  1.3718982083517604e+00  6.0753392669375661e-01  8.8308679015696367e-01
1461   3.3333333333333337e-01  1.3718982083517604e+00  6.0753392669375661e-01  8.8308679015696367e-01
1462   5.0000000000000000e-01  1.3718982083517604e+00  6.0753392669375639e-01  8.8308679015696367e-01
1463   6.6666666666666674e-01  1.3718982083517608e+00  6.0753392669375661e-01  8.8308679015696345e-01
1464   8.3333333333333326e-01  1.3718982083517604e+00  6.0753392669375639e-01  8.8308679015696367e-01
1465   9.4444444444444453e-01  1.3718982083517608e+00  6.0753392669375661e-01  8.8308679015696345e-01
1466   1.0000000000000000e+00  1.3718982083517608e+00  6.0753392669375661e-01  8.8308679015696345e-01
1467   0.0000000000000000e+00  1.4633580889085442e+00  6.4803618847334021e-01  8.8308679015696367e-01
1468   5.5555555555555546e-02  1.4633580889085442e+00  6.4803618847334021e-01  8.8308679015696367e-01
1469   1.6666666666666669e-01  1.4633580889085442e+00  6.4803618847334032e-01  8.8308679015696367e-01
1470   3.3333333333333337e-01  1.4633580889085442e+00  6.4803618847334032e-01  8.8308679015696367e-01
1471   5.0000000000000000e-01  1.4633580889085442e+00  6.4803618847334032e-01  8.8308679015696367e-01
1472   6.6666666666666663e-01  1.4633580889085440e+00  6.4803618847334021e-01  8.8308679015696367e-01
1473   8.3333333333333326e-01  1.4633580889085442e+00  6.4803618847334032e-01  8.8308679015696367e-01
1474   9.4444444444444442e-01  1.4633580889085442e+00  6.4803618847334021e-01  8.8308679015696367e-01
1475   1.0000000000000000e+00  1.4633580889085442e+00  6.4803618847334021e-01  8.8308679015696367e-01
1476   0.0000000000000000e+00  1.5548179694653286e+00  6.8853845025292404e-01  8.8308679015696345e-01
1477   5.5555555555555559e-02  1.5548179694653286e+00  6.8853845025292404e-01  8.8308679015696345e-01
1478   1.6666666666666666e-01  1.5548179694653284e+00  6.8853845025292393e-01  8.8308679015696367e-01
1479   3.3333333333333337e-01  1.5548179694653286e+00  6.8853845025292404e-01  8.8308679015696367e-01
1480   4.9999999999999989e-01  1.5548179694653284e+00  6.8853845025292393e-01  8.8308679015696367e-01
1481   6.6666666666666674e-01  1.5548179694653286e+00  6.8853845025292404e-01  8.8308679015696345e-01
1482   8.3333333333333348e-01  1.5548179694653286e+00  6.8853845025292404e-01  8.8308679015696345e-01
1483   9.4444444444444453e-01  1.5548179694653286e+00  6.8853845025292404e-01  8.8308679015696345e-01
1484   1.0000000000000000e+00  1.5548179694653286e+00  6.8853845025292404e-01  8.8308679015696345e-01
1485   0.0000000000000000e+00  1.6462778500221127e+00  7.2904071203250775e-01  8.8308679015696345e-01
1486   5.5555555555555559e-02  1.6462778500221127e+00  7.2904071203250775e-01  8.8308679015696345e-01
1487   1.6666666666666669e-01  1.6462778500221122e+00  7.2904071203250775e-01  8.8308679015696367e-01
1488   3.3333333333333337e-01  1.6462778500221127e+00  7.2904071203250775e-01  8.8308679015696367e-01
1489   5.0000000000000000e-01  1.6462778500221122e+00  7.2904071203250775e-01  8.8308679015696367e-01
1490   6.6666666666666674e-01  1.6462778500221127e+00  7.2904071203250775e-01  8.8308679015696345e-01
1491   8.3333333333333348e-01  1.6462778500221127e+00  7.2904071203250798e-01  8.8308679015696345e-01
1492   9.4444444444444442e-01  1.6462778500221127e+00  7.2904071203250775e-01  8.8308679015696345e-01
1493   1.0000000000000000e+00  1.6462778500221127e+00  7.2904071203250775e-01  8.8308679015696345e-01
1494   0.0000000000000000e+00  1.7377377305788968e+00  7.6954297381209169e-01  8.8308679015696345e-01
1495   5.5555555555555559e-02  1.7377377305788968e+00  7.6954297381209169e-01  8.8308679015696345e-01
1496   1.6666666666666666e-01  1.7377377305788964e+00  7.6954297381209158e-01  8.8308679015696367e-01
1497   3.3333333333333337e-01  1.7377377305788964e+00  7.6954297381209169e-01  8.8308679015696367e-01
1498   4.9999999999999994e-01  1.7377377305788964e+00  7.6954297381209158e-01  8.8308679015696367e-01
1499   6.6666666666666674e-01  1.7377377305788968e+00  7.6954297381209169e-01  8.8308679015696345e-01
1500   8.3333333333333348e-01  1.7377377305788968e+00  7.6954297381209169e-01  8.8308679015696345e-01
1501   9.4444444444444453e-01  1.7377377305788968e+00  7.6954297381209169e-01  8.8308679015696345e-01
1502   1.0000000000000000e+00  1.7377377305788968e+00  7.6954297381209169e-01  8.8308679015696345e-01
1503   0.0000000000000000e+00  1.7987109842834195e+00  7.9654448166514735e-01  8.8308679015696345e-01
1504   5.5555555555555559e-02  1.7987109842834195e+00  7.9654448166514735e-01  8.8308679015696345e-01
1505   1.6666666666666666e-01  1.7987109842834192e+00  7.9654448166514746e-01  8.8308679015696367e-01
1506   3.3333333333333337e-01  1.7987109842834192e+00  7.9654448166514757e-01  8.8308679015696367e-01
1507   4.9999999999999989e-01  1.7987109842834192e+00  7.9654448166514746e-01  8.8308679015696367e-01
1508   6.6666666666666674e-01  1.7987109842834195e+00  7.9654448166514735e-01  8.8308679015696345e-01
1509   8.3333333333333348e-01  1.7987109842834195e+00  7.9654448166514735e-01  8.8308679015696345e-01
1510   9.4444444444444442e-01  1.7987109842834195e+00  7.9654448166514735e-01  8.8308679015696345e-01
1511   1.0000000000000000e+00  1.7987109842834195e+00  7.9654448166514735e-01  8.8308679015696345e-01
1512   0.0000000000000000e+00  1.8291976111356805e+00  8.1004523559167541e-01  8.8308679015696345e-01
1513   5.5555555555555559e-02  1.8291976111356805e+00  8.1004523559167541e-01  8.8308679015696345e-01
1514   1.6666666666666666e-01  1.8291976111356805e+00  8.1004523559167529e-01  8.8308679015696367e-01
1515   3.3333333333333337e-01  1.8291976111356805e+00  8.1004523559167541e-01  8.8308679015696367e-01
1516   4.9999999999999994e-01  1.8291976111356805e+00  8.1004523559167529e-01  8.8308679015696367e-01
1517   6.6666666666666674e-01  1.8291976111356805e+00  8.1004523559167541e-01  8.8308679015696345e-01
1518   8.3333333333333348e-01  1.8291976111356805e+00  8.1004523559167541e-01  8.8308679015696345e-01
1519   9.4444444444444442e-01  1.8291976111356805e+00  8.1004523559167541e-01  8.8308679015696345e-01
1520   1.0000000000000000e+00  1.8291976111356805e+00  8.1004523559167541e-01  8.8308679015696345e-01
1521   0.0000000000000000e+00  8.9759895650867849e-01  4.4142725464478660e-01  8.7686280925717763e-01
1522   5.5555555555555566e-02  8.9759895650867849e-01  4.4142725464478660e-01  8.7686280925717763e-01
1523   1.6666666666666666e-01  8.9759895650867849e-01  4.4142725464478649e-01  8.7686280925717786e-01
1524   3.3333333333333326e-01  8.9759895650867838e-01  4.4142725464478660e-01  8.7686280925717797e-01
1525   4.9999999999999994e-01  8.9759895650867849e-01  4.4142725464478649e-01  8.7686280925717786e-01
1526   6.6666666666666674e-01  8.9759895650867849e-01  4.4142725464478660e-01  8.7686280925717763e-01
1527   8.3333333333333337e-01  8.9759895650867849e-01  4.4142725464478660e-01  8.7686280925717763e-01
1528   9.4444444444444453e-01  8.9759895650867849e-01  4.4142725464478660e-01  8.7686280925717763e-01
1529   1.0000000000000000e+00  8.9759895650867849e-01  4.4142725464478660e-01  8.7686280925717763e-01
1530   0.0000000000000000e+00  9.2751892172563422e-01  4.5614149646627938e-01  8.7686280925717786e-01
1531   5.5555555555555552e-02  9.2751892172563422e-01  4.5614149646627938e-01  8.7686280925717786e-01
1532   1.6666666666666666e-01  9.2751892172563433e-01  4.5614149646627938e-01  8.7686280925717786e-01
1533   3.3333333333333326e-01  9.2751892172563422e-01  4.5614149646627938e-01  8.7686280925717797e-01
1534   5.0000000000000000e-01  9.2751892172563433e-01  4.5614149646627938e-01  8.7686280925717786e-01
1535   6.6666666666666663e-01  9.2751892172563410e-01  4.5614149646627938e-01  8.7686280925717786e-01
1536   8.3333333333333348e-01  9.2751892172563422e-01  4.5614149646627938e-01  8.7686280925717786e-01
1537   9.4444444444444431e-01  9.2751892172563422e-01  4.5614149646627938e-01  8.7686280925717786e-01
1538   1.0000000000000000e+00  9.2751892172563422e-01  4.5614149646627938e-01  8.7686280925717786e-01
1539   0.0000000000000000e+00  9.8735885215954633e-01  4.8556998010926522e-01  8.7686280925717786e-01
1540   5.5555555555555552e-02  9.8735885215954633e-01  4.8556998010926522e-01  8.7686280925717786e-01
1541   1.6666666666666666e-01  9.8735885215954633e-01  4.8556998010926522e-01  8.7686280925717786e-01
1542   3.3333333333333326e-01  9.8735885215954622e-01  4.8556998010926516e-01  8.7686280925717797e-01
1543   5.0000000000000000e-01  9.8735885215954633e-01  4.8556998010926522e-01  8.7686280925717786e-01
1544   6.6666666666666663e-01  9.8735885215954622e-01  4.8556998010926516e-01  8.7686280925717786e-01
1545   8.3333333333333348e-01  9.8735885215954633e-01  4.8556998010926522e-01  8.7686280925717786e-01
1546   9.4444444444444442e-01  9.8735885215954633e-01  4.8556998010926522e-01  8.7686280925717786e-01
1547   1.0000000000000000e+00  9.8735885215954633e-01  4.8556998010926522e-01  8.7686280925717786e-01
1548   0.0000000000000000e+00  1.0771187478104141e+00  5.2971270557374384e-01  8.7686280925717786e-01
1549   5.5555555555555552e-02  1.0771187478104141e+00  5.2971270557374384e-01  8.7686280925717786e-01
1550   1.6666666666666666e-01  1.0771187478104143e+00  5.2971270557374395e-01  8.7686280925717786e-01
1551   3.3333333333333326e-01  1.0771187478104141e+00  5.2971270557374384e-01  8.7686280925717797e-01
1552   5.0000000000000000e-01  1.0771187478104141e+00  5.2971270557374384e-01  8.7686280925717786e-01
1553   6.6666666666666663e-01  1.0771187478104141e+00  5.2971270557374384e-01  8.7686280925717786e-01
1554   8.3333333333333315e-01  1.0771187478104141e+00  5.2971270557374384e-01  8.7686280925717786e-01
1555   9.4444444444444442e-01  1.0771187478104141e+00  5.2971270557374384e-01  8.7686280925717786e-01
1556   1.0000000000000000e+00  1.0771187478104141e+00  5.2971270557374384e-01  8.7686280925717786e-01
1557   0.0000000000000000e+00  1.1668786434612821e+00  5.7385543103822256e-01  8.7686280925717763e-01
1558   5.5555555555555566e-02  1.1668786434612823e+00  5.7385543103822256e-01  8.7686280925717763e-01
1559   1.6666666666666663e-01  1.1668786434612819e+00  5.7385543103822234e-01  8.7686280925717797e-01
1560   3.3333333333333326e-01  1.1668786434612819e+00  5.7385543103822245e-01  8.7686280925717797e-01
1561   4.9999999999999983e-01  1.1668786434612817e+00  5.7385543103822245e-01  8.7686280925717797e-01
1562   6.6666666666666674e-01  1.1668786434612821e+00  5.7385543103822256e-01  8.7686280925717763e-01
1563   8.3333333333333348e-01  1.1668786434612823e+00  5.7385543103822267e-01  8.7686280925717763e-01
1564   9.4444444444444442e-01  1.1668786434612821e+00  5.7385543103822256e-01  8.7686280925717763e-01
1565   1.0000000000000000e+00  1.1668786434612821e+00  5.7385543103822256e-01  8.7686280925717763e-01
1566   0.0000000000000000e+00  1.2566385391121500e+00  6.1799815650270118e-01  8.7686280925717763e-01
1567   5.5555555555555559e-02  1.2566385391121500e+00  6.1799815650270118e-01  8.7686280925717763e-01
1568   1.6666666666666666e-01  1.2566385391121497e+00  6.1799815650270118e-01  8.7686280925717786e-01
1569   3.3333333333333331e-01  1.2566385391121497e+00  6.1799815650270107e-01  8.7686280925717786e-01
1570   4.9999999999999994e-01  1.2566385391121497e+00  6.1799815650270118e-01  8.7686280925717786e-01
1571   6.6666666666666674e-01  1.2566385391121500e+00  6.1799815650270118e-01  8.7686280925717763e-01
1572   8.3333333333333337e-01  1.2566385391121500e+00  6.1799815650270140e-01  8.7686280925717763e-01
1573   9.4444444444444442e-01  1.2566385391121500e+00  6.1799815650270118e-01  8.7686280925717763e-01
1574   1.0000000000000000e+00  1.2566385391121500e+00  6.1799815650270118e-01  8.7686280925717763e-01
1575   0.0000000000000000e+00  1.3463984347630180e+00  6.6214088196717991e-01  8.7686280925717763e-01
1576   5.5555555555555559e-02  1.3463984347630180e+00  6.6214088196717991e-01  8.7686280925717763e-01
1577   1.6666666666666663e-01  1.3463984347630176e+00  6.6214088196717968e-01  8.7686280925717797e-01
1578   3.3333333333333331e-01  1.3463984347630176e+00  6.6214088196717968e-01  8.7686280925717797e-01
1579   4.9999999999999994e-01  1.3463984347630176e+00  6.6214088196717968e-01  8.7686280925717797e-01
1580   6.6666666666666674e-01  1.3463984347630180e+00  6.6214088196717991e-01  8.7686280925717763e-01
1581   8.3333333333333326e-01  1.3463984347630176e+00  6.6214088196717968e-01  8.7686280925717797e-01
1582   9.4444444444444464e-01  1.3463984347630180e+00  6.6214088196717991e-01  8.7686280925717763e-01
1583   1.0000000000000000e+00  1.3463984347630180e+00  6.6214088196717991e-01  8.7686280925717763e-01
1584   0.0000000000000000e+00  1.4361583304138852e+00  7.0628360743165841e-01  8.7686280925717797e-01
1585   5.5555555555555546e-02  1.4361583304138852e+00  7.0628360743165841e-01  8.7686280925717797e-01
1586   1.6666666666666663e-01  1.4361583304138852e+00  7.0628360743165852e-01  8.7686280925717797e-01
1587   3.3333333333333326e-01  1.4361583304138854e+00  7.0628360743165852e-01  8.7686280925717797e-01
1588   4.9999999999999994e-01  1.4361583304138854e+00  7.0628360743165852e-01  8.7686280925717797e-01
1589   6.6666666666666652e-01  1.4361583304138852e+00  7.0628360743165841e-01  8.7686280925717797e-01
1590   8.3333333333333326e-01  1.4361583304138852e+00  7.0628360743165852e-01  8.7686280925717797e-01
1591   9.4444444444444431e-01  1.4361583304138852e+00  7.0628360743165841e-01  8.7686280925717797e-01
1592   1.0000000000000000e+00  1.4361583304138852e+00  7.0628360743165841e-01  8.7686280925717797e-01
1593   0.0000000000000000e+00  1.5259182260647537e+00  7.5042633289613725e-01  8.7686280925717763e-01
1594   5.5555555555555566e-02  1.5259182260647537e+00  7.5042633289613725e-01  8.7686280925717763e-01
1595   1.6666666666666669e-01  1.5259182260647535e+00  7.5042633289613714e-01  8.7686280925717774e-01
1596   3.3333333333333326e-01  1.5259182260647530e+00  7.5042633289613725e-01  8.7686280925717797e-01
1597   4.9999999999999994e-01  1.5259182260647535e+00  7.5042633289613714e-01  8.7686280925717774e-01
1598   6.6666666666666674e-01  1.5259182260647537e+00  7.5042633289613725e-01  8.7686280925717763e-01
1599   8.3333333333333337e-01  1.5259182260647537e+00  7.5042633289613725e-01  8.7686280925717763e-01
1600   9.4444444444444464e-01  1.5259182260647537e+00  7.5042633289613725e-01  8.7686280925717763e-01
1601   1.0000000000000000e+00  1.5259182260647537e+00  7.5042633289613725e-01  8.7686280925717763e-01
1602   0.0000000000000000e+00  1.6156781217156213e+00  7.9456905836061575e-01  8.7686280925717763e-01
1603   5.5555555555555566e-02  1.6156781217156215e+00  7.9456905836061575e-01  8.7686280925717763e-01
1604   1.6666666666666663e-01  1.6156781217156213e+00  7.9456905836061564e-01  8.7686280925717797e-01
1605   3.3333333333333331e-01  1.6156781217156213e+00  7.9456905836061564e-01  8.7686280925717797e-01
1606   4.9999999999999994e-01  1.6156781217156213e+00  7.9456905836061564e-01  8.7686280925717797e-01
1607   6.6666666666666674e-01  1.6156781217156213e+00  7.9456905836061575e-01  8.7686280925717763e-01
1608   8.3333333333333337e-01  1.6156781217156215e+00  7.9456905836061598e-01  8.7686280925717763e-01
1609   9.4444444444444453e-01  1.6156781217156213e+00  7.9456905836061575e-01  8.7686280925717763e-01
1610   1.0000000000000000e+00  1.6156781217156213e+00  7.9456905836061575e-01  8.7686280925717763e-01
1611   0.0000000000000000e+00  1.7054380173664889e+00  8.3871178382509459e-01  8.7686280925717763e-01
1612   5.5555555555555566e-02  1.7054380173664894e+00  8.3871178382509459e-01  8.7686280925717763e-01
1613   1.6666666666666666e-01  1.7054380173664891e+00  8.3871178382509459e-01  8.7686280925717786e-01
1614   3.3333333333333326e-01  1.7054380173664889e+00  8.3871178382509448e-01  8.7686280925717797e-01
1615   4.9999999999999994e-01  1.7054380173664891e+00  8.3871178382509459e-01  8.7686280925717786e-01
1616   6.6666666666666674e-01  1.7054380173664889e+00  8.3871178382509459e-01  8.7686280925717763e-01
1617   8.3333333333333337e-01  1.7054380173664889e+00  8.3871178382509459e-01  8.7686280925717763e-01
1618   9.4444444444444464e-01  1.7054380173664889e+00  8.3871178382509459e-01  8.7686280925717763e-01
1619   1.0000000000000000e+00  1.7054380173664889e+00  8.3871178382509459e-01  8.7686280925717763e-01
1620   0.0000000000000000e+00  1.7652779478004013e+00  8.6814026746808026e-01  8.7686280925717763e-01
1621   5.5555555555555566e-02  1.7652779478004015e+00  8.6814026746808026e-01  8.7686280925717763e-01
1622   1.6666666666666669e-01  1.7652779478004013e+00  8.6814026746808037e-01  8.7686280925717774e-01
1623   3.3333333333333326e-01  1.7652779478004008e+00  8.6814026746808026e-01  8.7686280925717797e-01
1624   4.9999999999999994e-01  1.7652779478004013e+00  8.6814026746808037e-01  8.7686280925717774e-01
1625   6.6666666666666674e-01  1.7652779478004013e+00  8.6814026746808026e-01  8.7686280925717763e-01
1626   8.3333333333333337e-01  1.7652779478004013e+00  8.6814026746808026e-01  8.7686280925717763e-01
1627   9.4444444444444453e-01  1.7652779478004013e+00  8.6814026746808026e-01  8.7686280925717763e-01
1628   1.0000000000000000e+00  1.7652779478004013e+00  8.6814026746808026e-01  8.7686280925717763e-01
1629   0.0000000000000000e+00  1.7951979130173570e+00  8.8285450928957321e-01  8.7686280925717763e-01
1630   5.5555555555555566e-02  1.7951979130173570e+00  8.8285450928957321e-01  8.7686280925717763e-01
1631   1.6666666666666666e-01  1.7951979130173570e+00  8.8285450928957299e-01  8.7686280925717786e-01
1632   3.3333333333333326e-01  1.7951979130173568e+00  8.8285450928957321e-01  8.7686280925717797e-01
1633   4.9999999999999994e-01  1.7951979130173570e+00  8.8285450928957299e-01  8.7686280925717786e-01
1634   6.6666666666666674e-01  1.7951979130173570e+00  8.8285450928957321e-01  8.7686280925717763e-01
1635   8.3333333333333337e-01  1.7951979130173570e+00  8.8285450928957321e-01  8.7686280925717763e-01
1636   9.4444444444444453e-01  1.7951979130173570e+00  8.8285450928957321e-01  8.7686280925717763e-01
1637   1.0000000000000000e+00  1.7951979130173570e+00  8.8285450928957321e-01  8.7686280925717763e-01
1638   0.0000000000000000e+00  8.7902207069309579e-01  4.7735621844882897e-01  8.7137106140442544e-01
1639   5.5555555555555566e-02  8.7902207069309579e-01  4.7735621844882897e-01  8.7137106140442544e-01
1640   1.6666666666666669e-01  8.7902207069309590e-01  4.7735621844882897e-01  8.7137106140442555e-01
1641   3.3333333333333337e-01  8.7902207069309590e-01  4.7735621844882897e-01  8.7137106140442566e-01
1642   4.9999999999999994e-01  8.7902207069309590e-01  4.7735621844882897e-01  8.7137106140442555e-01
1643   6.6666666666666674e-01  8.7902207069309579e-01  4.7735621844882897e-01  8.7137106140442544e-01
1644   8.3333333333333348e-01  8.7902207069309579e-01  4.7735621844882897e-01  8.7137106140442544e-01
1645   9.4444444444444442e-01  8.7902207069309579e-01  4.7735621844882897e-01  8.7137106140442544e-01
1646   1.0000000000000000e+00  8.7902207069309579e-01  4.7735621844882897e-01  8.7137106140442544e-01
1647   0.0000000000000000e+00  9.0832280638286556e-01  4.9326809239712321e-01  8.7137106140442544e-01
1648   5.5555555555555566e-02  9.0832280638286578e-01  4.9326809239712321e-01  8.7137106140442544e-01
1649   1.6666666666666669e-01  9.0832280638286589e-01  4.9326809239712327e-01  8.7137106140442555e-01
1650   3.3333333333333337e-01  9.0832280638286578e-01  4.9326809239712327e-01  8.7137106140442566e-01
1651   4.9999999999999994e-01  9.0832280638286589e-01  4.9326809239712327e-01  8.7137106140442555e-01
1652   6.6666666666666674e-01  9.0832280638286578e-01  4.9326809239712321e-01  8.7137106140442544e-01
1653   8.3333333333333370e-01  9.0832280638286578e-01  4.9326809239712321e-01  8.7137106140442544e-01
1654   9.4444444444444442e-01  9.0832280638286556e-01  4.9326809239712321e-01  8.7137106140442544e-01
1655   1.0000000000000000e+00  9.0832280638286556e-01  4.9326809239712321e-01  8.7137106140442544e-01
1656   0.0000000000000000e+00  9.6692427776240564e-01  5.2509184029371192e-01  8.7137106140442544e-01
1657   5.5555555555555566e-02  9.6692427776240564e-01  5.2509184029371192e-01  8.7137106140442544e-01
1658   1.6666666666666669e-01  9.6692427776240542e-01  5.2509184029371181e-01  8.7137106140442555e-01
1659   3.3333333333333337e-01  9.6692427776240530e-01  5.2509184029371181e-01  8.7137106140442566e-01
1660   4.9999999999999994e-01  9.6692427776240542e-01  5.2509184029371181e-01  8.7137106140442555e-01
1661   6.6666666666666674e-01  9.6692427776240564e-01  5.2509184029371192e-01  8.7137106140442544e-01
1662   8.3333333333333348e-01  9.6692427776240564e-01  5.2509184029371192e-01  8.7137106140442544e-01
1663   9.4444444444444453e-01  9.6692427776240564e-01  5.2509184029371192e-01  8.7137106140442544e-01
1664   1.0000000000000000e+00  9.6692427776240564e-01  5.2509184029371192e-01  8.7137106140442544e-01
1665   0.0000000000000000e+00  1.0548264848317150e+00  5.7282746213859481e-01  8.7137106140442544e-01
1666   5.5555555555555566e-02  1.0548264848317153e+00  5.7282746213859481e-01  8.7137106140442544e-01
1667   1.6666666666666669e-01  1.0548264848317150e+00  5.7282746213859470e-01  8.7137106140442555e-01
1668   3.3333333333333337e-01  1.0548264848317148e+00  5.7282746213859459e-01  8.7137106140442566e-01
1669   4.9999999999999994e-01  1.0548264848317150e+00  5.7282746213859470e-01  8.7137106140442555e-01
1670   6.6666666666666674e-01  1.0548264848317150e+00  5.7282746213859481e-01  8.7137106140442544e-01
1671   8.3333333333333348e-01  1.0548264848317153e+00  5.7282746213859481e-01  8.7137106140442544e-01
1672   9.4444444444444442e-01  1.0548264848317150e+00  5.7282746213859481e-01  8.7137106140442544e-01
1673   1.0000000000000000e+00  1.0548264848317150e+00  5.7282746213859481e-01  8.7137106140442544e-01
1674   0.0000000000000000e+00  1.1427286919010247e+00  6.2056308398347759e-01  8.7137106140442533e-01
1675   5.5555555555555573e-02  1.1427286919010249e+00  6.2056308398347759e-01  8.7137106140442533e-01
1676   1.6666666666666669e-01  1.1427286919010244e+00  6.2056308398347748e-01  8.7137106140442555e-01
1677   3.3333333333333343e-01  1.1427286919010244e+00  6.2056308398347759e-01  8.7137106140442555e-01
1678   4.9999999999999989e-01  1.1427286919010244e+00  6.2056308398347759e-01  8.7137106140442555e-01
1679   6.6666666666666685e-01  1.1427286919010247e+00  6.2056308398347759e-01  8.7137106140442533e-01
1680   8.3333333333333348e-01  1.1427286919010247e+00  6.2056308398347770e-01  8.7137106140442544e-01
1681   9.4444444444444442e-01  1.1427286919010247e+00  6.2056308398347759e-01  8.7137106140442533e-01
1682   1.0000000000000000e+00  1.1427286919010247e+00  6.2056308398347759e-01  8.7137106140442533e-01
1683   0.0000000000000000e+00  1.2306308989703341e+00  6.6829870582836060e-01  8.7137106140442544e-01
1684   5.5555555555555552e-02  1.2306308989703341e+00  6.6829870582836060e-01  8.7137106140442544e-01
1685   1.6666666666666669e-01  1.2306308989703343e+00  6.6829870582836048e-01  8.7137106140442555e-01
1686   3.3333333333333343e-01  1.2306308989703343e+00  6.6829870582836048e-01  8.7137106140442555e-01
1687   4.9999999999999994e-01  1.2306308989703341e+00  6.6829870582836048e-01  8.7137106140442555e-01
1688   6.6666666666666674e-01  1.2306308989703341e+00  6.6829870582836060e-01  8.7137106140442544e-01
1689   8.3333333333333348e-01  1.2306308989703341e+00  6.6829870582836060e-01  8.7137106140442544e-01
1690   9.4444444444444431e-01  1.2306308989703341e+00  6.6829870582836060e-01  8.7137106140442544e-01
1691   1.0000000000000000e+00  1.2306308989703341e+00  6.6829870582836060e-01  8.7137106140442544e-01
1692   0.0000000000000000e+00  1.3185331060396439e+00  7.1603432767324360e-01  8.7137106140442544e-01
1693   5.5555555555555566e-02  1.3185331060396439e+00  7.1603432767324360e-01  8.7137106140442544e-01
1694   1.6666666666666666e-01  1.3185331060396437e+00  7.1603432767324349e-01  8.7137106140442566e-01
1695   3.3333333333333337e-01  1.3185331060396437e+00  7.1603432767324349e-01  8.7137106140442566e-01
1696   4.9999999999999989e-01  1.3185331060396435e+00  7.1603432767324338e-01  8.7137106140442566e-01
1697   6.6666666666666674e-01  1.3185331060396439e+00  7.1603432767324360e-01  8.7137106140442544e-01
1698   8.3333333333333337e-01  1.3185331060396437e+00  7.1603432767324360e-01  8.7137106140442555e-01
1699   9.4444444444444453e-01  1.3185331060396439e+00  7.1603432767324360e-01  8.7137106140442544e-01
1700   1.0000000000000000e+00  1.3185331060396439e+00  7.1603432767324360e-01  8.7137106140442544e-01
1701   0.0000000000000000e+00  1.4064353131089531e+00  7.6376994951812638e-01  8.7137106140442555e-01
1702   5.5555555555555559e-02  1.4064353131089531e+00  7.6376994951812638e-01  8.7137106140442555e-01
1703   1.6666666666666669e-01  1.4064353131089529e+00  7.6376994951812627e-01  8.7137106140442566e-01
1704   3.3333333333333337e-01  1.4064353131089529e+00  7.6376994951812627e-01  8.7137106140442566e-01
1705   4.9999999999999989e-01  1.4064353131089529e+00  7.6376994951812627e-01  8.7137106140442566e-01
1706   6.6666666666666674e-01  1.4064353131089531e+00  7.6376994951812638e-01  8.7137106140442555e-01
1707   8.3333333333333337e-01  1.4064353131089531e+00  7.6376994951812638e-01  8.7137106140442555e-01
1708   9.4444444444444442e-01  1.4064353131089531e+00  7.6376994951812638e-01  8.7137106140442555e-01
1709   1.0000000000000000e+00  1.4064353131089531e+00  7.6376994951812638e-01  8.7137106140442555e-01
1710   0.0000000000000000e+00  1.4943375201782627e+00  8.1150557136300927e-01  8.7137106140442544e-01
1711   5.5555555555555566e-02  1.4943375201782632e+00  8.1150557136300927e-01  8.7137106140442544e-01
1712   1.6666666666666669e-01  1.4943375201782632e+00  8.1150557136300927e-01  8.7137106140442544e-01
1713   3.3333333333333337e-01  1.4943375201782629e+00  8.1150557136300927e-01  8.7137106140442566e-01
1714   5.0000000000000000e-01  1.4943375201782632e+00  8.1150557136300927e-01  8.7137106140442544e-01
1715   6.6666666666666674e-01  1.4943375201782632e+00  8.1150557136300927e-01  8.7137106140442544e-01
1716   8.3333333333333348e-01  1.4943375201782627e+00  8.1150557136300927e-01  8.7137106140442544e-01
1717   9.4444444444444453e-01  1.4943375201782627e+00  8.1150557136300927e-01  8.7137106140442544e-01
1718   1.0000000000000000e+00  1.4943375201782627e+00  8.1150557136300927e-01  8.7137106140442544e-01
1719   0.0000000000000000e+00  1.5822397272475726e+00  8.5924119320789205e-01  8.7137106140442544e-01
1720   5.5555555555555566e-02  1.5822397272475726e+00  8.5924119320789205e-01  8.7137106140442544e-01
1721   1.6666666666666669e-01  1.5822397272475723e+00  8.5924119320789194e-01  8.7137106140442566e-01
1722   3.3333333333333337e-01  1.5822397272475726e+00  8.5924119320789205e-01  8.7137106140442566e-01
1723   4.9999999999999989e-01  1.5822397272475723e+00  8.5924119320789194e-01  8.7137106140442566e-01
1724   6.6666666666666674e-01  1.5822397272475726e+00  8.5924119320789205e-01  8.7137106140442544e-01
1725   8.3333333333333348e-01  1.5822397272475726e+00  8.5924119320789216e-01  8.7137106140442544e-01
1726   9.4444444444444442e-01  1.5822397272475726e+00  8.5924119320789205e-01  8.7137106140442544e-01
1727   1.0000000000000000e+00  1.5822397272475726e+00  8.5924119320789205e-01  8.7137106140442544e-01
1728   0.0000000000000000e+00  1.6701419343168820e+00  9.0697681505277505e-01  8.7137106140442544e-01
1729   5.5555555555555566e-02  1.6701419343168822e+00  9.0697681505277505e-01  8.7137106140442544e-01
1730   1.6666666666666669e-01  1.6701419343168820e+00  9.0697681505277505e-01  8.7137106140442555e-01
1731   3.3333333333333337e-01  1.6701419343168822e+00  9.0697681505277494e-01  8.7137106140442566e-01
1732   4.9999999999999994e-01  1.6701419343168820e+00  9.0697681505277505e-01  8.7137106140442555e-01
1733   6.6666666666666674e-01  1.6701419343168820e+00  9.0697681505277505e-01  8.7137106140442544e-01
1734   8.3333333333333348e-01  1.6701419343168820e+00  9.0697681505277505e-01  8.7137106140442544e-01
1735   9.4444444444444453e-01  1.6701419343168820e+00  9.0697681505277505e-01  8.7137106140442544e-01
1736   1.0000000000000000e+00  1.6701419343168820e+00  9.0697681505277505e-01  8.7137106140442544e-01
1737   0.0000000000000000e+00  1.7287434056964217e+00  9.3880056294936354e-01  8.7137106140442544e-01
1738   5.5555555555555566e-02  1.7287434056964217e+00  9.3880056294936365e-01  8.7137106140442544e-01
1739   1.6666666666666669e-01  1.7287434056964222e+00  9.3880056294936365e-01  8.7137106140442544e-01
1740   3.3333333333333337e-01  1.7287434056964217e+00  9.3880056294936365e-01  8.7137106140442566e-01
1741   5.0000000000000000e-01  1.7287434056964222e+00  9.3880056294936365e-01  8.7137106140442544e-01
1742   6.6666666666666674e-01  1.7287434056964217e+00  9.3880056294936354e-01  8.7137106140442544e-01
1743   8.3333333333333348e-01  1.7287434056964217e+00  9.3880056294936354e-01  8.7137106140442544e-01
1744   9.4444444444444442e-01  1.7287434056964217e+00  9.3880056294936354e-01  8.7137106140442544e-01
1745   1.0000000000000000e+00  1.7287434056964217e+00  9.3880056294936354e-01  8.7137106140442544e-01
1746   0.0000000000000000e+00  1.7580441413861916e+00  9.5471243689765795e-01  8.7137106140442544e-01
1747   5.5555555555555566e-02  1.7580441413861916e+00  9.5471243689765795e-01  8.7137106140442544e-01
1748   1.6666666666666669e-01  1.7580441413861918e+00  9.5471243689765795e-01  8.7137106140442555e-01
1749   3.3333333333333337e-01  1.7580441413861918e+00  9.5471243689765795e-01  8.7137106140442566e-01
1750   4.9999999999999994e-01  1.7580441413861918e+00  9.5471243689765795e-01  8.7137106140442555e-01
1751   6.6666666666666674e-01  1.7580441413861916e+00  9.5471243689765795e-01  8.7137106140442544e-01
1752   8.3333333333333348e-01  1.7580441413861916e+00  9.5471243689765795e-01  8.7137106140442544e-01
1753   9.4444444444444442e-01  1.7580441413861916e+00  9.5471243689765795e-01  8.7137106140442544e-01
1754   1.0000000000000000e+00  1.7580441413861916e+00  9.5471243689765795e-01  8.7137106140442544e-01
1755   0.0000000000000000e+00  8.5888525586043796e-01  5.1270939289456174e-01  8.6661154659870687e-01
1756   5.5555555555555559e-02  8.5888525586043796e-01  5.1270939289456174e-01  8.6661154659870687e-01
1757   1.6666666666666666e-01  8.5888525586043796e-01  5.1270939289456174e-01  8.6661154659870698e-01
1758   3.3333333333333331e-01  8.5888525586043796e-01  5.1270939289456186e-01  8.6661154659870698e-01
1759   4.9999999999999994e-01  8.5888525586043796e-01  5.1270939289456174e-01  8.6661154659870698e-01
1760   6.6666666666666663e-01  8.5888525586043796e-01  5.1270939289456174e-01  8.6661154659870687e-01
1761   8.3333333333333348e-01  8.5888525586043796e-01  5.1270939289456174e-01  8.6661154659870687e-01
1762   9.4444444444444431e-01  8.5888525586043796e-01  5.1270939289456174e-01  8.6661154659870687e-01
1763   1.0000000000000000e+00  8.5888525586043796e-01  5.1270939289456174e-01  8.6661154659870687e-01
1764   0.0000000000000000e+00  8.8751476438911925e-01  5.2979970599104709e-01  8.6661154659870698e-01
1765   5.5555555555555552e-02  8.8751476438911925e-01  5.2979970599104709e-01  8.6661154659870698e-01
1766   1.6666666666666666e-01  8.8751476438911925e-01  5.2979970599104720e-01  8.6661154659870698e-01
1767   3.3333333333333331e-01  8.8751476438911925e-01  5.2979970599104720e-01  8.6661154659870698e-01
1768   5.0000000000000000e-01  8.8751476438911925e-01  5.2979970599104720e-01  8.6661154659870698e-01
1769   6.6666666666666652e-01  8.8751476438911914e-01  5.2979970599104709e-01  8.6661154659870698e-01
1770   8.3333333333333348e-01  8.8751476438911925e-01  5.2979970599104709e-01  8.6661154659870698e-01
1771   9.4444444444444420e-01  8.8751476438911925e-01  5.2979970599104709e-01  8.6661154659870698e-01
1772   1.0000000000000000e+00  8.8751476438911925e-01  5.2979970599104709e-01  8.6661154659870698e-01
1773   0.0000000000000000e+00  9.4477378144648172e-01  5.6398033218401789e-01  8.6661154659870698e-01
1774   5.5555555555555566e-02  9.4477378144648172e-01  5.6398033218401789e-01  8.6661154659870698e-01
1775   1.6666666666666666e-01  9.4477378144648172e-01  5.6398033218401789e-01  8.6661154659870698e-01
1776   3.3333333333333331e-01  9.4477378144648161e-01  5.6398033218401800e-01  8.6661154659870709e-01
1777   5.0000000000000000e-01  9.4477378144648172e-01  5.6398033218401789e-01  8.6661154659870698e-01
1778   6.6666666666666663e-01  9.4477378144648172e-01  5.6398033218401789e-01  8.6661154659870698e-01
1779   8.3333333333333337e-01  9.4477378144648172e-01  5.6398033218401789e-01  8.6661154659870698e-01
1780   9.4444444444444442e-01  9.4477378144648172e-01  5.6398033218401789e-01  8.6661154659870698e-01
1781   1.0000000000000000e+00  9.4477378144648172e-01  5.6398033218401789e-01  8.6661154659870698e-01
1782   0.0000000000000000e+00  1.0306623070325254e+00  6.1525127147347403e-01  8.6661154659870698e-01
1783   5.5555555555555566e-02  1.0306623070325256e+00  6.1525127147347403e-01  8.6661154659870698e-01
1784   1.6666666666666666e-01  1.0306623070325256e+00  6.1525127147347425e-01  8.6661154659870698e-01
1785   3.3333333333333331e-01  1.0306623070325258e+00  6.1525127147347403e-01  8.6661154659870698e-01
1786   5.0000000000000000e-01  1.0306623070325256e+00  6.1525127147347403e-01  8.6661154659870698e-01
1787   6.6666666666666652e-01  1.0306623070325254e+00  6.1525127147347403e-01  8.6661154659870698e-01
1788   8.3333333333333337e-01  1.0306623070325256e+00  6.1525127147347403e-01  8.6661154659870698e-01
1789   9.4444444444444431e-01  1.0306623070325254e+00  6.1525127147347403e-01  8.6661154659870698e-01
1790   1.0000000000000000e+00  1.0306623070325254e+00  6.1525127147347403e-01  8.6661154659870698e-01
1791   0.0000000000000000e+00  1.1165508326185696e+00  6.6652221076293050e-01  8.6661154659870665e-01
1792   5.5555555555555580e-02  1.1165508326185696e+00  6.6652221076293050e-01  8.6661154659870665e-01
1793   1.6666666666666666e-01  1.1165508326185691e+00  6.6652221076293028e-01  8.6661154659870698e-01
1794   3.3333333333333331e-01  1.1165508326185691e+00  6.6652221076293028e-01  8.6661154659870698e-01
1795   4.9999999999999989e-01  1.1165508326185691e+00  6.6652221076293028e-01  8.6661154659870698e-01
1796   6.6666666666666696e-01  1.1165508326185696e+00  6.6652221076293050e-01  8.6661154659870665e-01
1797   8.3333333333333348e-01  1.1165508326185694e+00  6.6652221076293039e-01  8.6661154659870687e-01
1798   9.4444444444444453e-01  1.1165508326185696e+00  6.6652221076293039e-01  8.6661154659870665e-01
1799   1.0000000000000000e+00  1.1165508326185696e+00  6.6652221076293050e-01  8.6661154659870665e-01
1800   0.0000000000000000e+00  1.2024393582046131e+00  7.1779315005238653e-01  8.6661154659870687e-01
1801   5.5555555555555552e-02  1.2024393582046131e+00  7.1779315005238653e-01  8.6661154659870687e-01
1802   1.6666666666666666e-01  1.2024393582046133e+00  7.1779315005238653e-01  8.6661154659870698e-01
1803   3.3333333333333331e-01  1.2024393582046133e+00  7.1779315005238642e-01  8.6661154659870698e-01
1804   4.9999999999999994e-01  1.2024393582046129e+00  7.1779315005238653e-01  8.6661154659870698e-01
1805   6.6666666666666663e-01  1.2024393582046131e+00  7.1779315005238653e-01  8.6661154659870687e-01
1806   8.3333333333333348e-01  1.2024393582046131e+00  7.1779315005238653e-01  8.6661154659870687e-01
1807   9.4444444444444431e-01  1.2024393582046131e+00  7.1779315005238653e-01  8.6661154659870687e-01
1808   1.0000000000000000e+00  1.2024393582046131e+00  7.1779315005238653e-01  8.6661154659870687e-01
1809   0.0000000000000000e+00  1.2883278837906573e+00  7.6906408934184267e-01  8.6661154659870687e-01
1810   5.5555555555555552e-02  1.2883278837906573e+00  7.6906408934184267e-01  8.6661154659870687e-01
1811   1.6666666666666663e-01  1.2883278837906571e+00  7.6906408934184256e-01  8.6661154659870698e-01
1812   3.3333333333333337e-01  1.2883278837906571e+00  7.6906408934184256e-01  8.6661154659870698e-01
1813   4.9999999999999994e-01  1.2883278837906571e+00  7.6906408934184256e-01  8.6661154659870698e-01
1814   6.6666666666666663e-01  1.2883278837906573e+00  7.6906408934184267e-01  8.6661154659870687e-01
1815   8.3333333333333337e-01  1.2883278837906571e+00  7.6906408934184256e-01  8.6661154659870698e-01
1816   9.4444444444444453e-01  1.2883278837906573e+00  7.6906408934184267e-01  8.6661154659870687e-01
1817   1.0000000000000000e+00  1.2883278837906573e+00  7.6906408934184267e-01  8.6661154659870687e-01
1818   0.0000000000000000e+00  1.3742164093767006e+00  8.2033502863129892e-01  8.6661154659870698e-01
1819   5.5555555555555566e-02  1.3742164093767006e+00  8.2033502863129892e-01  8.6661154659870698e-01
1820   1.6666666666666666e-01  1.3742164093767006e+00  8.2033502863129892e-01  8.6661154659870698e-01
1821   3.3333333333333331e-01  1.3742164093767006e+00  8.2033502863129892e-01  8.6661154659870698e-01
1822   4.9999999999999994e-01  1.3742164093767006e+00  8.2033502863129892e-01  8.6661154659870698e-01
1823   6.6666666666666663e-01  1.3742164093767006e+00  8.2033502863129881e-01  8.6661154659870698e-01
1824   8.3333333333333337e-01  1.3742164093767006e+00  8.2033502863129892e-01  8.6661154659870698e-01
1825   9.4444444444444442e-01  1.3742164093767006e+00  8.2033502863129892e-01  8.6661154659870698e-01
1826   1.0000000000000000e+00  1.3742164093767006e+00  8.2033502863129892e-01  8.6661154659870698e-01
1827   0.0000000000000000e+00  1.4601049349627446e+00  8.7160596792075495e-01  8.6661154659870687e-01
1828   5.5555555555555559e-02  1.4601049349627446e+00  8.7160596792075495e-01  8.6661154659870687e-01
1829   1.6666666666666669e-01  1.4601049349627446e+00  8.7160596792075506e-01  8.6661154659870687e-01
1830   3.3333333333333331e-01  1.4601049349627446e+00  8.7160596792075506e-01  8.6661154659870698e-01
1831   5.0000000000000000e-01  1.4601049349627448e+00  8.7160596792075506e-01  8.6661154659870687e-01
1832   6.6666666666666663e-01  1.4601049349627446e+00  8.7160596792075495e-01  8.6661154659870687e-01
1833   8.3333333333333348e-01  1.4601049349627446e+00  8.7160596792075506e-01  8.6661154659870687e-01
1834   9.4444444444444453e-01  1.4601049349627446e+00  8.7160596792075495e-01  8.6661154659870687e-01
1835   1.0000000000000000e+00  1.4601049349627446e+00  8.7160596792075495e-01  8.6661154659870687e-01
1836   0.0000000000000000e+00  1.5459934605487884e+00  9.2287690721021109e-01  8.6661154659870687e-01
1837   5.5555555555555559e-02  1.5459934605487884e+00  9.2287690721021109e-01  8.6661154659870687e-01
1838   1.6666666666666666e-01  1.5459934605487882e+00  9.2287690721021121e-01  8.6661154659870698e-01
1839   3.3333333333333337e-01  1.5459934605487888e+00  9.2287690721021143e-01  8.6661154659870698e-01
1840   4.9999999999999994e-01  1.5459934605487882e+00  9.2287690721021121e-01  8.6661154659870698e-01
1841   6.6666666666666663e-01  1.5459934605487884e+00  9.2287690721021109e-01  8.6661154659870687e-01
1842   8.3333333333333348e-01  1.5459934605487884e+00  9.2287690721021132e-01  8.6661154659870687e-01
1843   9.4444444444444431e-01  1.5459934605487884e+00  9.2287690721021109e-01  8.6661154659870687e-01
1844   1.0000000000000000e+00  1.5459934605487884e+00  9.2287690721021109e-01  8.6661154659870687e-01
1845   0.0000000000000000e+00  1.6318819861348319e+00  9.7414784649966746e-01  8.6661154659870687e-01
1846   5.5555555555555573e-02  1.6318819861348326e+00  9.7414784649966746e-01  8.6661154659870687e-01
1847   1.6666666666666666e-01  1.6318819861348324e+00  9.7414784649966724e-01  8.6661154659870698e-01
1848   3.3333333333333331e-01  1.6318819861348324e+00  9.7414784649966757e-01  8.6661154659870698e-01
1849   4.9999999999999994e-01  1.6318819861348324e+00  9.7414784649966724e-01  8.6661154659870698e-01
1850   6.6666666666666663e-01  1.6318819861348319e+00  9.7414784649966746e-01  8.6661154659870687e-01
1851   8.3333333333333348e-01  1.6318819861348319e+00  9.7414784649966746e-01  8.6661154659870687e-01
1852   9.4444444444444453e-01  1.6318819861348319e+00  9.7414784649966746e-01  8.6661154659870687e-01
1853   1.0000000000000000e+00  1.6318819861348319e+00  9.7414784649966746e-01  8.6661154659870687e-01
1854   0.0000000000000000e+00  1.6891410031921945e+00  1.0083284726926383e+00  8.6661154659870687e-01
1855   5.5555555555555559e-02  1.6891410031921950e+00  1.0083284726926383e+00  8.6661154659870687e-01
1856   1.6666666666666669e-01  1.6891410031921952e+00  1.0083284726926383e+00  8.6661154659870687e-01
1857   3.3333333333333331e-01  1.6891410031921950e+00  1.0083284726926383e+00  8.6661154659870698e-01
1858   5.0000000000000000e-01  1.6891410031921952e+00  1.0083284726926383e+00  8.6661154659870687e-01
1859   6.6666666666666663e-01  1.6891410031921945e+00  1.0083284726926383e+00  8.6661154659870687e-01
1860   8.3333333333333348e-01  1.6891410031921945e+00  1.0083284726926383e+00  8.6661154659870687e-01
1861   9.4444444444444431e-01  1.6891410031921945e+00  1.0083284726926383e+00  8.6661154659870687e-01
1862   1.0000000000000000e+00  1.6891410031921945e+00  1.0083284726926383e+00  8.6661154659870687e-01
1863   0.0000000000000000e+00  1.7177705117208759e+00  1.0254187857891235e+00  8.6661154659870687e-01
1864   5.5555555555555559e-02  1.7177705117208759e+00  1.0254187857891235e+00  8.6661154659870687e-01
1865   1.6666666666666666e-01  1.7177705117208759e+00  1.0254187857891235e+00  8.6661154659870698e-01
1866   3.3333333333333331e-01  1.7177705117208759e+00  1.0254187857891237e+00  8.6661154659870698e-01
1867   4.9999999999999994e-01  1.7177705117208759e+00  1.0254187857891235e+00  8.6661154659870698e-01
1868   6.6666666666666663e-01  1.7177705117208759e+00  1.0254187857891235e+00  8.6661154659870687e-01
1869   8.3333333333333348e-01  1.7177705117208759e+00  1.0254187857891235e+00  8.6661154659870687e-01
1870   9.4444444444444431e-01  1.7177705117208759e+00  1.0254187857891235e+00  8.6661154659870687e-01
1871   1.0000000000000000e+00  1.7177705117208759e+00  1.0254187857891235e+00  8.6661154659870687e-01
1872   0.0000000000000000e+00  8.3721397156171307e-01  5.4738721469829410e-01  8.6258426484002193e-01
1873   5.5555555555555552e-02  8.3721397156171307e-01  5.4738721469829410e-01  8.6258426484002193e-01
1874   1.6666666666666669e-01  8.3721397156171307e-01  5.4738721469829421e-01  8.6258426484002204e-01
1875   3.3333333333333331e-01  8.3721397156171307e-01  5.4738721469829421e-01  8.6258426484002215e-01
1876   5.0000000000000000e-01  8.3721397156171307e-01  5.4738721469829421e-01  8.6258426484002204e-01
1877   6.6666666666666674e-01  8.3721397156171307e-01  5.4738721469829410e-01  8.6258426484002193e-01
1878   8.3333333333333337e-01  8.3721397156171307e-01  5.4738721469829410e-01  8.6258426484002193e-01
1879   9.4444444444444453e-01  8.3721397156171307e-01  5.4738721469829410e-01  8.6258426484002193e-01
1880   1.0000000000000000e+00  8.3721397156171307e-01  5.4738721469829410e-01  8.6258426484002193e-01
1881   0.0000000000000000e+00  8.6512110394710329e-01  5.6563345518823727e-01  8.6258426484002204e-01
1882   5.5555555555555546e-02  8.6512110394710329e-01  5.6563345518823727e-01  8.6258426484002204e-01
1883   1.6666666666666669e-01  8.6512110394710362e-01  5.6563345518823727e-01  8.6258426484002204e-01
1884   3.3333333333333331e-01  8.6512110394710351e-01  5.6563345518823738e-01  8.6258426484002215e-01
1885   5.0000000000000000e-01  8.6512110394710362e-01  5.6563345518823727e-01  8.6258426484002204e-01
1886   6.6666666666666674e-01  8.6512110394710329e-01  5.6563345518823727e-01  8.6258426484002204e-01
1887   8.3333333333333348e-01  8.6512110394710329e-01  5.6563345518823727e-01  8.6258426484002204e-01
1888   9.4444444444444442e-01  8.6512110394710329e-01  5.6563345518823727e-01  8.6258426484002204e-01
1889   1.0000000000000000e+00  8.6512110394710329e-01  5.6563345518823727e-01  8.6258426484002204e-01
1890   0.0000000000000000e+00  9.2093536871788451e-01  6.0212593616812360e-01  8.6258426484002204e-01
1891   5.5555555555555559e-02  9.2093536871788451e-01  6.0212593616812360e-01  8.6258426484002204e-01
1892   1.6666666666666669e-01  9.2093536871788451e-01  6.0212593616812360e-01  8.6258426484002204e-01
1893   3.3333333333333326e-01  9.2093536871788428e-01  6.0212593616812360e-01  8.6258426484002226e-01
1894   5.0000000000000000e-01  9.2093536871788451e-01  6.0212593616812360e-01  8.6258426484002204e-01
1895   6.6666666666666674e-01  9.2093536871788440e-01  6.0212593616812360e-01  8.6258426484002204e-01
1896   8.3333333333333337e-01  9.2093536871788451e-01  6.0212593616812360e-01  8.6258426484002204e-01
1897   9.4444444444444442e-01  9.2093536871788451e-01  6.0212593616812360e-01  8.6258426484002204e-01
1898   1.0000000000000000e+00  9.2093536871788451e-01  6.0212593616812360e-01  8.6258426484002204e-01
1899   0.0000000000000000e+00  1.0046567658740555e+00  6.5686465763795288e-01  8.6258426484002204e-01
1900   5.5555555555555559e-02  1.0046567658740555e+00  6.5686465763795288e-01  8.6258426484002204e-01
1901   1.6666666666666669e-01  1.0046567658740559e+00  6.5686465763795310e-01  8.6258426484002204e-01
1902   3.3333333333333331e-01  1.0046567658740555e+00  6.5686465763795276e-01  8.6258426484002215e-01
1903   5.0000000000000000e-01  1.0046567658740555e+00  6.5686465763795288e-01  8.6258426484002204e-01
1904   6.6666666666666674e-01  1.0046567658740555e+00  6.5686465763795288e-01  8.6258426484002204e-01
1905   8.3333333333333326e-01  1.0046567658740555e+00  6.5686465763795288e-01  8.6258426484002204e-01
1906   9.4444444444444442e-01  1.0046567658740555e+00  6.5686465763795288e-01  8.6258426484002204e-01
1907   1.0000000000000000e+00  1.0046567658740555e+00  6.5686465763795288e-01  8.6258426484002204e-01
1908   0.0000000000000000e+00  1.0883781630302269e+00  7.1160337910778249e-01  8.6258426484002193e-01
1909   5.5555555555555552e-02  1.0883781630302272e+00  7.1160337910778249e-01  8.6258426484002193e-01
1910   1.6666666666666666e-01  1.0883781630302267e+00  7.1160337910778237e-01  8.6258426484002215e-01
1911   3.3333333333333331e-01  1.0883781630302267e+00  7.1160337910778249e-01  8.6258426484002215e-01
1912   4.9999999999999989e-01  1.0883781630302267e+00  7.1160337910778249e-01  8.6258426484002215e-01
1913   6.6666666666666674e-01  1.0883781630302269e+00  7.1160337910778249e-01  8.6258426484002193e-01
1914   8.3333333333333348e-01  1.0883781630302272e+00  7.1160337910778260e-01  8.6258426484002193e-01
1915   9.4444444444444453e-01  1.0883781630302269e+00  7.1160337910778237e-01  8.6258426484002193e-01
1916   1.0000000000000000e+00  1.0883781630302269e+00  7.1160337910778249e-01  8.6258426484002193e-01
1917   0.0000000000000000e+00  1.1720995601863984e+00  7.6634210057761187e-01  8.6258426484002193e-01
1918   5.5555555555555552e-02  1.1720995601863984e+00  7.6634210057761187e-01  8.6258426484002193e-01
1919   1.6666666666666669e-01  1.1720995601863982e+00  7.6634210057761187e-01  8.6258426484002204e-01
1920   3.3333333333333337e-01  1.1720995601863982e+00  7.6634210057761187e-01  8.6258426484002204e-01
1921   5.0000000000000000e-01  1.1720995601863982e+00  7.6634210057761187e-01  8.6258426484002204e-01
1922   6.6666666666666674e-01  1.1720995601863984e+00  7.6634210057761187e-01  8.6258426484002193e-01
1923   8.3333333333333337e-01  1.1720995601863984e+00  7.6634210057761187e-01  8.6258426484002193e-01
1924   9.4444444444444431e-01  1.1720995601863984e+00  7.6634210057761187e-01  8.6258426484002193e-01
1925   1.0000000000000000e+00  1.1720995601863984e+00  7.6634210057761187e-01  8.6258426484002193e-01
1926   0.0000000000000000e+00  1.2558209573425698e+00  8.2108082204744137e-01  8.6258426484002193e-01
1927   5.5555555555555552e-02  1.2558209573425700e+00  8.2108082204744137e-01  8.6258426484002193e-01
1928   1.6666666666666666e-01  1.2558209573425696e+00  8.2108082204744126e-01  8.6258426484002215e-01
1929   3.3333333333333337e-01  1.2558209573425696e+00  8.2108082204744126e-01  8.6258426484002215e-01
1930   4.9999999999999994e-01  1.2558209573425694e+00  8.2108082204744126e-01  8.6258426484002215e-01
1931   6.6666666666666674e-01  1.2558209573425698e+00  8.2108082204744137e-01  8.6258426484002193e-01
1932   8.3333333333333326e-01  1.2558209573425696e+00  8.2108082204744126e-01  8.6258426484002215e-01
1933   9.4444444444444453e-01  1.2558209573425698e+00  8.2108082204744137e-01  8.6258426484002193e-01
1934   1.0000000000000000e+00  1.2558209573425698e+00  8.2108082204744137e-01  8.6258426484002193e-01
1935   0.0000000000000000e+00  1.3395423544987408e+00  8.7581954351727054e-01  8.6258426484002215e-01
1936   5.5555555555555552e-02  1.3395423544987408e+00  8.7581954351727054e-01  8.6258426484002215e-01
1937   1.6666666666666666e-01  1.3395423544987408e+00  8.7581954351727054e-01  8.6258426484002215e-01
1938   3.3333333333333331e-01  1.3395423544987408e+00  8.7581954351727054e-01  8.6258426484002215e-01
1939   4.9999999999999994e-01  1.3395423544987408e+00  8.7581954351727054e-01  8.6258426484002215e-01
1940   6.6666666666666663e-01  1.3395423544987408e+00  8.7581954351727054e-01  8.6258426484002215e-01
1941   8.3333333333333326e-01  1.3395423544987408e+00  8.7581954351727054e-01  8.6258426484002215e-01
1942   9.4444444444444431e-01  1.3395423544987408e+00  8.7581954351727054e-01  8.6258426484002215e-01
1943   1.0000000000000000e+00  1.3395423544987408e+00  8.7581954351727054e-01  8.6258426484002215e-01
1944   0.0000000000000000e+00  1.4232637516549120e+00  9.3055826498710015e-01  8.6258426484002193e-01
1945   5.5555555555555552e-02  1.4232637516549120e+00  9.3055826498710015e-01  8.6258426484002193e-01
1946   1.6666666666666669e-01  1.4232637516549120e+00  9.3055826498710004e-01  8.6258426484002204e-01
1947   3.3333333333333331e-01  1.4232637516549120e+00  9.3055826498710015e-01  8.6258426484002215e-01
1948   4.9999999999999994e-01  1.4232637516549123e+00  9.3055826498710004e-01  8.6258426484002204e-01
1949   6.6666666666666674e-01  1.4232637516549120e+00  9.3055826498710015e-01  8.6258426484002193e-01
1950   8.3333333333333337e-01  1.4232637516549120e+00  9.3055826498710015e-01  8.6258426484002193e-01
1951   9.4444444444444453e-01  1.4232637516549120e+00  9.3055826498710015e-01  8.6258426484002193e-01
1952   1.0000000000000000e+00  1.4232637516549120e+00  9.3055826498710015e-01  8.6258426484002193e-01
1953   0.0000000000000000e+00  1.5069851488110835e+00  9.8529698645692942e-01  8.6258426484002193e-01
1954   5.5555555555555566e-02  1.5069851488110837e+00  9.8529698645692942e-01  8.6258426484002193e-01
1955   1.6666666666666666e-01  1.5069851488110833e+00  9.8529698645692942e-01  8.6258426484002215e-01
1956   3.3333333333333337e-01  1.5069851488110837e+00  9.8529698645692942e-01  8.6258426484002215e-01
1957   4.9999999999999994e-01  1.5069851488110833e+00  9.8529698645692942e-01  8.6258426484002215e-01
1958   6.6666666666666674e-01  1.5069851488110835e+00  9.8529698645692942e-01  8.6258426484002193e-01
1959   8.3333333333333337e-01  1.5069851488110837e+00  9.8529698645692976e-01  8.6258426484002193e-01
1960   9.4444444444444453e-01  1.5069851488110835e+00  9.8529698645692942e-01  8.6258426484002193e-01
1961   1.0000000000000000e+00  1.5069851488110835e+00  9.8529698645692942e-01  8.6258426484002193e-01
1962   0.0000000000000000e+00  1.5907065459672549e+00  1.0400357079267590e+00  8.6258426484002193e-01
1963   5.5555555555555566e-02  1.5907065459672551e+00  1.0400357079267590e+00  8.6258426484002193e-01
1964   1.6666666666666669e-01  1.5907065459672549e+00  1.0400357079267590e+00  8.6258426484002204e-01
1965   3.3333333333333331e-01  1.5907065459672547e+00  1.0400357079267590e+00  8.6258426484002215e-01
1966   5.0000000000000000e-01  1.5907065459672549e+00  1.0400357079267590e+00  8.6258426484002204e-01
1967   6.6666666666666674e-01  1.5907065459672549e+00  1.0400357079267590e+00  8.6258426484002193e-01
1968   8.3333333333333337e-01  1.5907065459672549e+00  1.0400357079267590e+00  8.6258426484002193e-01
1969   9.4444444444444453e-01  1.5907065459672549e+00  1.0400357079267590e+00  8.6258426484002193e-01
1970   1.0000000000000000e+00  1.5907065459672549e+00  1.0400357079267590e+00  8.6258426484002193e-01
1971   0.0000000000000000e+00  1.6465208107380358e+00  1.0765281889066451e+00  8.6258426484002193e-01
1972   5.5555555555555552e-02  1.6465208107380358e+00  1.0765281889066451e+00  8.6258426484002193e-01
1973   1.6666666666666669e-01  1.6465208107380358e+00  1.0765281889066454e+00  8.6258426484002204e-01
1974   3.3333333333333331e-01  1.6465208107380358e+00  1.0765281889066454e+00  8.6258426484002215e-01
1975   4.9999999999999994e-01  1.6465208107380358e+00  1.0765281889066454e+00  8.6258426484002204e-01
1976   6.6666666666666674e-01  1.6465208107380358e+00  1.0765281889066451e+00  8.6258426484002193e-01
1977   8.3333333333333337e-01  1.6465208107380358e+00  1.0765281889066451e+00  8.6258426484002193e-01
1978   9.4444444444444453e-01  1.6465208107380358e+00  1.0765281889066451e+00  8.6258426484002193e-01
1979   1.0000000000000000e+00  1.6465208107380358e+00  1.0765281889066451e+00  8.6258426484002193e-01
1980   0.0000000000000000e+00  1.6744279431234261e+00  1.0947744293965882e+00  8.6258426484002193e-01
1981   5.5555555555555552e-02  1.6744279431234261e+00  1.0947744293965882e+00  8.6258426484002193e-01
1982   1.6666666666666669e-01  1.6744279431234261e+00  1.0947744293965884e+00  8.6258426484002204e-01
1983   3.3333333333333331e-01  1.6744279431234261e+00  1.0947744293965884e+00  8.6258426484002215e-01
1984   5.0000000000000000e-01  1.6744279431234261e+00  1.0947744293965884e+00  8.6258426484002204e-01
1985   6.6666666666666674e-01  1.6744279431234261e+00  1.0947744293965882e+00  8.6258426484002193e-01
1986   8.3333333333333337e-01  1.6744279431234261e+00  1.0947744293965882e+00  8.6258426484002193e-01
1987   9.4444444444444453e-01  1.6744279431234261e+00  1.0947744293965882e+00  8.6258426484002193e-01
1988   1.0000000000000000e+00  1.6744279431234261e+00  1.0947744293965882e+00  8.6258426484002193e-01
1989   0.0000000000000000e+00  8.1404204350820675e-01  5.8129153733855676e-01  8.5928921612837050e-01
1990   5.5555555555555566e-02  8.1404204350820686e-01  5.8129153733855676e-01  8.5928921612837050e-01
1991   1.6666666666666666e-01  8.1404204350820664e-01  5.8129153733855687e-01  8.5928921612837073e-01
1992   3.3333333333333331e-01  8.1404204350820675e-01  5.8129153733855687e-01  8.5928921612837073e-01
1993   4.9999999999999989e-01  8.1404204350820664e-01  5.8129153733855687e-01  8.5928921612837073e-01
1994   6.6666666666666674e-01  8.1404204350820686e-01  5.8129153733855676e-01  8.5928921612837050e-01
1995   8.3333333333333348e-01  8.1404204350820686e-01  5.8129153733855676e-01  8.5928921612837050e-01
1996   9.4444444444444442e-01  8.1404204350820675e-01  5.8129153733855676e-01  8.5928921612837050e-01
1997   1.0000000000000000e+00  8.1404204350820675e-01  5.8129153733855676e-01  8.5928921612837050e-01
1998   0.0000000000000000e+00  8.4117677829181359e-01  6.0066792191650875e-01  8.5928921612837050e-01
1999   5.5555555555555566e-02  8.4117677829181359e-01  6.0066792191650875e-01  8.5928921612837050e-01
2000   1.6666666666666666e-01  8.4117677829181359e-01  6.0066792191650864e-01  8.5928921612837073e-01
2001   3.3333333333333331e-01  8.4117677829181359e-01  6.0066792191650875e-01  8.5928921612837073e-01
2002   4.9999999999999989e-01  8.4117677829181359e-01  6.0066792191650864e-01  8.5928921612837073e-01
2003   6.6666666666666674e-01  8.4117677829181359e-01  6.0066792191650875e-01  8.5928921612837050e-01
2004   8.3333333333333348e-01  8.4117677829181359e-01  6.0066792191650875e-01  8.5928921612837050e-01
2005   9.4444444444444442e-01  8.4117677829181359e-01  6.0066792191650875e-01  8.5928921612837050e-01
2006   1.0000000000000000e+00  8.4117677829181359e-01  6.0066792191650875e-01  8.5928921612837050e-01
2007   0.0000000000000000e+00  8.9544624785902771e-01  6.3942069107241262e-01  8.5928921612837050e-01
2008   5.5555555555555566e-02  8.9544624785902771e-01  6.3942069107241262e-01  8.5928921612837050e-01
2009   1.6666666666666666e-01  8.9544624785902749e-01  6.3942069107241239e-01  8.5928921612837073e-01
2010   3.3333333333333326e-01  8.9544624785902738e-01  6.3942069107241251e-01  8.5928921612837084e-01
2011   4.9999999999999989e-01  8.9544624785902749e-01  6.3942069107241239e-01  8.5928921612837073e-01
2012   6.6666666666666674e-01  8.9544624785902760e-01  6.3942069107241262e-01  8.5928921612837050e-01
2013   8.3333333333333348e-01  8.9544624785902771e-01  6.3942069107241262e-01  8.5928921612837050e-01
2014   9.4444444444444442e-01  8.9544624785902771e-01  6.3942069107241262e-01  8.5928921612837050e-01
2015   1.0000000000000000e+00  8.9544624785902771e-01  6.3942069107241262e-01  8.5928921612837050e-01
2016   0.0000000000000000e+00  9.7685045220984812e-01  6.9754984480626825e-01  8.5928921612837050e-01
2017   5.5555555555555566e-02  9.7685045220984823e-01  6.9754984480626825e-01  8.5928921612837050e-01
2018   1.6666666666666666e-01  9.7685045220984812e-01  6.9754984480626825e-01  8.5928921612837073e-01
2019   3.3333333333333331e-01  9.7685045220984812e-01  6.9754984480626803e-01  8.5928921612837073e-01
2020   4.9999999999999989e-01  9.7685045220984801e-01  6.9754984480626803e-01  8.5928921612837073e-01
2021   6.6666666666666674e-01  9.7685045220984812e-01  6.9754984480626825e-01  8.5928921612837050e-01
2022   8.3333333333333348e-01  9.7685045220984823e-01  6.9754984480626825e-01  8.5928921612837050e-01
2023   9.4444444444444442e-01  9.7685045220984812e-01  6.9754984480626825e-01  8.5928921612837050e-01
2024   1.0000000000000000e+00  9.7685045220984812e-01  6.9754984480626825e-01  8.5928921612837050e-01
2025   0.0000000000000000e+00  1.0582546565606690e+00  7.5567899854012410e-01  8.5928921612837039e-01
2026   5.5555555555555573e-02  1.0582546565606690e+00  7.5567899854012410e-01  8.5928921612837039e-01
2027   1.6666666666666666e-01  1.0582546565606685e+00  7.5567899854012388e-01  8.5928921612837073e-01
2028   3.3333333333333331e-01  1.0582546565606685e+00  7.5567899854012388e-01  8.5928921612837073e-01
2029   4.9999999999999989e-01  1.0582546565606685e+00  7.5567899854012388e-01  8.5928921612837073e-01
2030   6.6666666666666685e-01  1.0582546565606690e+00  7.5567899854012410e-01  8.5928921612837039e-01
2031   8.3333333333333348e-01  1.0582546565606687e+00  7.5567899854012410e-01  8.5928921612837050e-01
2032   9.4444444444444442e-01  1.0582546565606690e+00  7.5567899854012399e-01  8.5928921612837039e-01
2033   1.0000000000000000e+00  1.0582546565606690e+00  7.5567899854012410e-01  8.5928921612837039e-01
2034   0.0000000000000000e+00  1.1396588609114897e+00  8.1380815227397962e-01  8.5928921612837050e-01
2035   5.5555555555555559e-02  1.1396588609114897e+00  8.1380815227397962e-01  8.5928921612837050e-01
2036   1.6666666666666666e-01  1.1396588609114893e+00  8.1380815227397951e-01  8.5928921612837073e-01
2037   3.3333333333333331e-01  1.1396588609114893e+00  8.1380815227397940e-01  8.5928921612837073e-01
2038   4.9999999999999989e-01  1.1396588609114893e+00  8.1380815227397951e-01  8.5928921612837073e-01
2039   6.6666666666666674e-01  1.1396588609114897e+00  8.1380815227397962e-01  8.5928921612837050e-01
2040   8.3333333333333348e-01  1.1396588609114897e+00  8.1380815227397962e-01  8.5928921612837050e-01
2041   9.4444444444444431e-01  1.1396588609114897e+00  8.1380815227397962e-01  8.5928921612837050e-01
2042   1.0000000000000000e+00  1.1396588609114897e+00  8.1380815227397962e-01  8.5928921612837050e-01
2043   0.0000000000000000e+00  1.2210630652623102e+00  8.7193730600783526e-01  8.5928921612837050e-01
2044   5.5555555555555559e-02  1.2210630652623105e+00  8.7193730600783537e-01  8.5928921612837050e-01
2045   1.6666666666666666e-01  1.2210630652623100e+00  8.7193730600783526e-01  8.5928921612837073e-01
2046   3.3333333333333331e-01  1.2210630652623100e+00  8.7193730600783526e-01  8.5928921612837073e-01
2047   4.9999999999999994e-01  1.2210630652623100e+00  8.7193730600783514e-01  8.5928921612837073e-01
2048   6.6666666666666674e-01  1.2210630652623102e+00  8.7193730600783526e-01  8.5928921612837050e-01
2049   8.3333333333333326e-01  1.2210630652623100e+00  8.7193730600783514e-01  8.5928921612837073e-01
2050   9.4444444444444442e-01  1.2210630652623102e+00  8.7193730600783526e-01  8.5928921612837050e-01
2051   1.0000000000000000e+00  1.2210630652623102e+00  8.7193730600783526e-01  8.5928921612837050e-01
2052   0.0000000000000000e+00  1.3024672696131305e+00  9.3006645974169078e-01  8.5928921612837073e-01
2053   5.5555555555555552e-02  1.3024672696131305e+00  9.3006645974169078e-01  8.5928921612837073e-01
2054   1.6666666666666666e-01  1.3024672696131305e+00  9.3006645974169078e-01  8.5928921612837073e-01
2055   3.3333333333333331e-01  1.3024672696131305e+00  9.3006645974169078e-01  8.5928921612837073e-01
2056   4.9999999999999994e-01  1.3024672696131305e+00  9.3006645974169078e-01  8.5928921612837073e-01
2057   6.6666666666666663e-01  1.3024672696131305e+00  9.3006645974169078e-01  8.5928921612837073e-01
2058   8.3333333333333326e-01  1.3024672696131305e+00  9.3006645974169078e-01  8.5928921612837073e-01
2059   9.4444444444444420e-01  1.3024672696131305e+00  9.3006645974169078e-01  8.5928921612837073e-01
2060   1.0000000000000000e+00  1.3024672696131305e+00  9.3006645974169078e-01  8.5928921612837073e-01
2061   0.0000000000000000e+00  1.3838714739639515e+00  9.8819561347554674e-01  8.5928921612837050e-01
2062   5.5555555555555566e-02  1.3838714739639517e+00  9.8819561347554674e-01  8.5928921612837050e-01
2063   1.6666666666666669e-01  1.3838714739639517e+00  9.8819561347554685e-01  8.5928921612837050e-01
2064   3.3333333333333331e-01  1.3838714739639515e+00  9.8819561347554663e-01  8.5928921612837073e-01
2065   5.0000000000000000e-01  1.3838714739639517e+00  9.8819561347554685e-01  8.5928921612837050e-01
2066   6.6666666666666674e-01  1.3838714739639517e+00  9.8819561347554674e-01  8.5928921612837050e-01
2067   8.3333333333333348e-01  1.3838714739639515e+00  9.8819561347554685e-01  8.5928921612837050e-01
2068   9.4444444444444442e-01  1.3838714739639515e+00  9.8819561347554674e-01  8.5928921612837050e-01
2069   1.0000000000000000e+00  1.3838714739639515e+00  9.8819561347554674e-01  8.5928921612837050e-01
2070   0.0000000000000000e+00  1.4652756783147720e+00  1.0463247672094023e+00  8.5928921612837050e-01
2071   5.5555555555555566e-02  1.4652756783147725e+00  1.0463247672094023e+00  8.5928921612837050e-01
2072   1.6666666666666666e-01  1.4652756783147720e+00  1.0463247672094023e+00  8.5928921612837073e-01
2073   3.3333333333333331e-01  1.4652756783147720e+00  1.0463247672094025e+00  8.5928921612837073e-01
2074   4.9999999999999994e-01  1.4652756783147720e+00  1.0463247672094023e+00  8.5928921612837073e-01
2075   6.6666666666666674e-01  1.4652756783147720e+00  1.0463247672094023e+00  8.5928921612837050e-01
2076   8.3333333333333348e-01  1.4652756783147725e+00  1.0463247672094025e+00  8.5928921612837050e-01
2077   9.4444444444444442e-01  1.4652756783147720e+00  1.0463247672094023e+00  8.5928921612837050e-01
2078   1.0000000000000000e+00  1.4652756783147720e+00  1.0463247672094023e+00  8.5928921612837050e-01
2079   0.0000000000000000e+00  1.5466798826655930e+00  1.1044539209432582e+00  8.5928921612837050e-01
2080   5.5555555555555566e-02  1.5466798826655930e+00  1.1044539209432582e+00  8.5928921612837050e-01
2081   1.6666666666666666e-01  1.5466798826655928e+00  1.1044539209432580e+00  8.5928921612837073e-01
2082   3.3333333333333331e-01  1.5466798826655928e+00  1.1044539209432580e+00  8.5928921612837073e-01
2083   4.9999999999999989e-01  1.5466798826655928e+00  1.1044539209432580e+00  8.5928921612837073e-01
2084   6.6666666666666674e-01  1.5466798826655930e+00  1.1044539209432582e+00  8.5928921612837050e-01
2085   8.3333333333333348e-01  1.5466798826655930e+00  1.1044539209432582e+00  8.5928921612837050e-01
2086   9.4444444444444442e-01  1.5466798826655930e+00  1.1044539209432582e+00  8.5928921612837050e-01
2087   1.0000000000000000e+00  1.5466798826655930e+00  1.1044539209432582e+00  8.5928921612837050e-01
2088   0.0000000000000000e+00  1.6009493522328064e+00  1.1432066900991618e+00  8.5928921612837050e-01
2089   5.5555555555555566e-02  1.6009493522328067e+00  1.1432066900991618e+00  8.5928921612837050e-01
2090   1.6666666666666669e-01  1.6009493522328067e+00  1.1432066900991620e+00  8.5928921612837050e-01
2091   3.3333333333333331e-01  1.6009493522328069e+00  1.1432066900991618e+00  8.5928921612837073e-01
2092   5.0000000000000000e-01  1.6009493522328067e+00  1.1432066900991620e+00  8.5928921612837050e-01
2093   6.6666666666666674e-01  1.6009493522328064e+00  1.1432066900991618e+00  8.5928921612837050e-01
2094   8.3333333333333348e-01  1.6009493522328064e+00  1.1432066900991618e+00  8.5928921612837050e-01
2095   9.4444444444444442e-01  1.6009493522328064e+00  1.1432066900991618e+00  8.5928921612837050e-01
2096   1.0000000000000000e+00  1.6009493522328064e+00  1.1432066900991618e+00  8.5928921612837050e-01
2097   0.0000000000000000e+00  1.6280840870164135e+00  1.1625830746771135e+00  8.5928921612837050e-01
2098   5.5555555555555566e-02  1.6280840870164137e+00  1.1625830746771135e+00  8.5928921612837050e-01
2099   1.6666666666666666e-01  1.6280840870164133e+00  1.1625830746771137e+00  8.5928921612837073e-01
2100   3.3333333333333331e-01  1.6280840870164135e+00  1.1625830746771137e+00  8.5928921612837073e-01
2101   4.9999999999999989e-01  1.6280840870164133e+00  1.1625830746771137e+00  8.5928921612837073e-01
2102   6.6666666666666674e-01  1.6280840870164137e+00  1.1625830746771135e+00  8.5928921612837050e-01
2103   8.3333333333333348e-01  1.6280840870164137e+00  1.1625830746771135e+00  8.5928921612837050e-01
2104   9.4444444444444442e-01  1.6280840870164135e+00  1.1625830746771135e+00  8.5928921612837050e-01
2105   1.0000000000000000e+00  1.6280840870164135e+00  1.1625830746771135e+00  8.5928921612837050e-01
2106   0.0000000000000000e+00  7.8941157110484073e-01  6.1432650320124427e-01  8.5672640046375292e-01
2107   5.5555555555555559e-02  7.8941157110484084e-01  6.1432650320124427e-01  8.5672640046375292e-01
2108   1.6666666666666669e-01  7.8941157110484084e-01  6.1432650320124449e-01  8.5672640046375292e-01
2109   3.3333333333333331e-01  7.8941157110484095e-01  6.1432650320124427e-01  8.5672640046375315e-01
2110   5.0000000000000000e-01  7.8941157110484084e-01  6.1432650320124449e-01  8.5672640046375292e-01
2111   6.6666666666666674e-01  7.8941157110484084e-01  6.1432650320124427e-01  8.5672640046375292e-01
2112   8.3333333333333337e-01  7.8941157110484084e-01  6.1432650320124427e-01  8.5672640046375292e-01
2113   9.4444444444444442e-01  7.8941157110484073e-01  6.1432650320124427e-01  8.5672640046375292e-01
2114   1.0000000000000000e+00  7.8941157110484073e-01  6.1432650320124427e-01  8.5672640046375292e-01
2115   0.0000000000000000e+00  8.1572529014166884e-01  6.3480405330795253e-01  8.5672640046375292e-01
2116   5.5555555555555559e-02  8.1572529014166884e-01  6.3480405330795253e-01  8.5672640046375292e-01
2117   1.6666666666666669e-01  8.1572529014166884e-01  6.3480405330795253e-01  8.5672640046375292e-01
2118   3.3333333333333331e-01  8.1572529014166884e-01  6.3480405330795242e-01  8.5672640046375315e-01
2119   5.0000000000000000e-01  8.1572529014166884e-01  6.3480405330795253e-01  8.5672640046375292e-01
2120   6.6666666666666674e-01  8.1572529014166872e-01  6.3480405330795253e-01  8.5672640046375292e-01
2121   8.3333333333333348e-01  8.1572529014166884e-01  6.3480405330795253e-01  8.5672640046375292e-01
2122   9.4444444444444442e-01  8.1572529014166884e-01  6.3480405330795253e-01  8.5672640046375292e-01
2123   1.0000000000000000e+00  8.1572529014166884e-01  6.3480405330795253e-01  8.5672640046375292e-01
2124   0.0000000000000000e+00  8.6835272821532505e-01  6.7575915352136895e-01  8.5672640046375292e-01
2125   5.5555555555555573e-02  8.6835272821532505e-01  6.7575915352136895e-01  8.5672640046375292e-01
2126   1.6666666666666669e-01  8.6835272821532505e-01  6.7575915352136895e-01  8.5672640046375292e-01
2127   3.3333333333333331e-01  8.6835272821532494e-01  6.7575915352136873e-01  8.5672640046375315e-01
2128   5.0000000000000000e-01  8.6835272821532505e-01  6.7575915352136895e-01  8.5672640046375292e-01
2129   6.6666666666666674e-01  8.6835272821532505e-01  6.7575915352136895e-01  8.5672640046375292e-01
2130   8.3333333333333348e-01  8.6835272821532505e-01  6.7575915352136895e-01  8.5672640046375292e-01
2131   9.4444444444444453e-01  8.6835272821532505e-01  6.7575915352136895e-01  8.5672640046375292e-01
2132   1.0000000000000000e+00  8.6835272821532505e-01  6.7575915352136895e-01  8.5672640046375292e-01
2133   0.0000000000000000e+00  9.4729388532580894e-01  7.3719180384149319e-01  8.5672640046375292e-01
2134   5.5555555555555559e-02  9.4729388532580905e-01  7.3719180384149319e-01  8.5672640046375292e-01
2135   1.6666666666666669e-01  9.4729388532580916e-01  7.3719180384149330e-01  8.5672640046375292e-01
2136   3.3333333333333331e-01  9.4729388532580894e-01  7.3719180384149308e-01  8.5672640046375315e-01
2137   5.0000000000000000e-01  9.4729388532580905e-01  7.3719180384149330e-01  8.5672640046375292e-01
2138   6.6666666666666674e-01  9.4729388532580894e-01  7.3719180384149319e-01  8.5672640046375292e-01
2139   8.3333333333333337e-01  9.4729388532580905e-01  7.3719180384149330e-01  8.5672640046375292e-01
2140   9.4444444444444442e-01  9.4729388532580894e-01  7.3719180384149319e-01  8.5672640046375292e-01
2141   1.0000000000000000e+00  9.4729388532580894e-01  7.3719180384149319e-01  8.5672640046375292e-01
2142   0.0000000000000000e+00  1.0262350424362932e+00  7.9862445416161776e-01  8.5672640046375281e-01
2143   5.5555555555555573e-02  1.0262350424362932e+00  7.9862445416161776e-01  8.5672640046375281e-01
2144   1.6666666666666666e-01  1.0262350424362929e+00  7.9862445416161754e-01  8.5672640046375304e-01
2145   3.3333333333333331e-01  1.0262350424362929e+00  7.9862445416161776e-01  8.5672640046375304e-01
2146   4.9999999999999989e-01  1.0262350424362929e+00  7.9862445416161776e-01  8.5672640046375304e-01
2147   6.6666666666666685e-01  1.0262350424362932e+00  7.9862445416161776e-01  8.5672640046375281e-01
2148   8.3333333333333348e-01  1.0262350424362932e+00  7.9862445416161776e-01  8.5672640046375292e-01
2149   9.4444444444444453e-01  1.0262350424362932e+00  7.9862445416161765e-01  8.5672640046375281e-01
2150   1.0000000000000000e+00  1.0262350424362932e+00  7.9862445416161776e-01  8.5672640046375281e-01
2151   0.0000000000000000e+00  1.1051761995467773e+00  8.6005710448174200e-01  8.5672640046375292e-01
2152   5.5555555555555546e-02  1.1051761995467773e+00  8.6005710448174200e-01  8.5672640046375292e-01
2153   1.6666666666666669e-01  1.1051761995467775e+00  8.6005710448174233e-01  8.5672640046375292e-01
2154   3.3333333333333337e-01  1.1051761995467775e+00  8.6005710448174222e-01  8.5672640046375292e-01
2155   5.0000000000000000e-01  1.1051761995467775e+00  8.6005710448174222e-01  8.5672640046375292e-01
2156   6.6666666666666674e-01  1.1051761995467773e+00  8.6005710448174200e-01  8.5672640046375292e-01
2157   8.3333333333333337e-01  1.1051761995467773e+00  8.6005710448174222e-01  8.5672640046375292e-01
2158   9.4444444444444420e-01  1.1051761995467773e+00  8.6005710448174200e-01  8.5672640046375292e-01
2159   1.0000000000000000e+00  1.1051761995467773e+00  8.6005710448174200e-01  8.5672640046375292e-01
2160   0.0000000000000000e+00  1.1841173566572614e+00  9.2148975480186668e-01  8.5672640046375292e-01
2161   5.5555555555555559e-02  1.1841173566572614e+00  9.2148975480186668e-01  8.5672640046375292e-01
2162   1.6666666666666666e-01  1.1841173566572611e+00  9.2148975480186646e-01  8.5672640046375315e-01
2163   3.3333333333333331e-01  1.1841173566572611e+00  9.2148975480186646e-01  8.5672640046375315e-01
2164   4.9999999999999989e-01  1.1841173566572611e+00  9.2148975480186646e-01  8.5672640046375315e-01
2165   6.6666666666666674e-01  1.1841173566572614e+00  9.2148975480186668e-01  8.5672640046375292e-01
2166   8.3333333333333337e-01  1.1841173566572614e+00  9.2148975480186657e-01  8.5672640046375304e-01
2167   9.4444444444444453e-01  1.1841173566572614e+00  9.2148975480186668e-01  8.5672640046375292e-01
2168   1.0000000000000000e+00  1.1841173566572614e+00  9.2148975480186668e-01  8.5672640046375292e-01
2169   0.0000000000000000e+00  1.2630585137677455e+00  9.8292240512199103e-01  8.5672640046375304e-01
2170   5.5555555555555552e-02  1.2630585137677455e+00  9.8292240512199103e-01  8.5672640046375304e-01
2171   1.6666666666666666e-01  1.2630585137677453e+00  9.8292240512199092e-01  8.5672640046375315e-01
2172   3.3333333333333331e-01  1.2630585137677453e+00  9.8292240512199092e-01  8.5672640046375315e-01
2173   4.9999999999999989e-01  1.2630585137677453e+00  9.8292240512199092e-01  8.5672640046375315e-01
2174   6.6666666666666663e-01  1.2630585137677453e+00  9.8292240512199103e-01  8.5672640046375304e-01
2175   8.3333333333333337e-01  1.2630585137677455e+00  9.8292240512199103e-01  8.5672640046375304e-01
2176   9.4444444444444442e-01  1.2630585137677455e+00  9.8292240512199103e-01  8.5672640046375304e-01
2177   1.0000000000000000e+00  1.2630585137677455e+00  9.8292240512199103e-01  8.5672640046375304e-01
2178   0.0000000000000000e+00  1.3419996708782296e+00  1.0443550554421155e+00  8.5672640046375292e-01
2179   5.5555555555555559e-02  1.3419996708782296e+00  1.0443550554421155e+00  8.5672640046375292e-01
2180   1.6666666666666669e-01  1.3419996708782296e+00  1.0443550554421155e+00  8.5672640046375292e-01
2181   3.3333333333333331e-01  1.3419996708782294e+00  1.0443550554421153e+00  8.5672640046375315e-01
2182   5.0000000000000000e-01  1.3419996708782298e+00  1.0443550554421155e+00  8.5672640046375292e-01
2183   6.6666666666666674e-01  1.3419996708782296e+00  1.0443550554421155e+00  8.5672640046375292e-01
2184   8.3333333333333337e-01  1.3419996708782296e+00  1.0443550554421155e+00  8.5672640046375292e-01
2185   9.4444444444444453e-01  1.3419996708782296e+00  1.0443550554421155e+00  8.5672640046375292e-01
2186   1.0000000000000000e+00  1.3419996708782296e+00  1.0443550554421155e+00  8.5672640046375292e-01
2187   0.0000000000000000e+00  1.4209408279887135e+00  1.1057877057622398e+00  8.5672640046375292e-01
2188   5.5555555555555559e-02  1.4209408279887137e+00  1.1057877057622398e+00  8.5672640046375292e-01
2189   1.6666666666666669e-01  1.4209408279887132e+00  1.1057877057622398e+00  8.5672640046375315e-01
2190   3.3333333333333337e-01  1.4209408279887135e+00  1.1057877057622398e+00  8.5672640046375315e-01
2191   4.9999999999999989e-01  1.4209408279887132e+00  1.1057877057622398e+00  8.5672640046375315e-01
2192   6.6666666666666674e-01  1.4209408279887135e+00  1.1057877057622398e+00  8.5672640046375292e-01
2193   8.3333333333333337e-01  1.4209408279887137e+00  1.1057877057622401e+00  8.5672640046375292e-01
2194   9.4444444444444442e-01  1.4209408279887135e+00  1.1057877057622398e+00  8.5672640046375292e-01
2195   1.0000000000000000e+00  1.4209408279887135e+00  1.1057877057622398e+00  8.5672640046375292e-01
2196   0.0000000000000000e+00  1.4998819850991976e+00  1.1672203560823642e+00  8.5672640046375292e-01
2197   5.5555555555555559e-02  1.4998819850991978e+00  1.1672203560823646e+00  8.5672640046375292e-01
2198   1.6666666666666669e-01  1.4998819850991978e+00  1.1672203560823646e+00  8.5672640046375292e-01
2199   3.3333333333333331e-01  1.4998819850991978e+00  1.1672203560823642e+00  8.5672640046375315e-01
2200   5.0000000000000000e-01  1.4998819850991978e+00  1.1672203560823646e+00  8.5672640046375292e-01
2201   6.6666666666666674e-01  1.4998819850991976e+00  1.1672203560823642e+00  8.5672640046375292e-01
2202   8.3333333333333337e-01  1.4998819850991976e+00  1.1672203560823642e+00  8.5672640046375292e-01
2203   9.4444444444444453e-01  1.4998819850991976e+00  1.1672203560823642e+00  8.5672640046375292e-01
2204   1.0000000000000000e+00  1.4998819850991976e+00  1.1672203560823642e+00  8.5672640046375292e-01
2205   0.0000000000000000e+00  1.5525094231728536e+00  1.2081754562957805e+00  8.5672640046375292e-01
2206   5.5555555555555559e-02  1.5525094231728538e+00  1.2081754562957805e+00  8.5672640046375292e-01
2207   1.6666666666666669e-01  1.5525094231728538e+00  1.2081754562957805e+00  8.5672640046375292e-01
2208   3.3333333333333331e-01  1.5525094231728533e+00  1.2081754562957805e+00  8.5672640046375315e-01
2209   5.0000000000000000e-01  1.5525094231728538e+00  1.2081754562957805e+00  8.5672640046375292e-01
2210   6.6666666666666674e-01  1.5525094231728536e+00  1.2081754562957805e+00  8.5672640046375292e-01
2211   8.3333333333333337e-01  1.5525094231728536e+00  1.2081754562957805e+00  8.5672640046375292e-01
2212   9.4444444444444442e-01  1.5525094231728536e+00  1.2081754562957805e+00  8.5672640046375292e-01
2213   1.0000000000000000e+00  1.5525094231728536e+00  1.2081754562957805e+00  8.5672640046375292e-01
2214   0.0000000000000000e+00  1.5788231422096815e+00  1.2286530064024885e+00  8.5672640046375292e-01
2215   5.5555555555555559e-02  1.5788231422096817e+00  1.2286530064024885e+00  8.5672640046375292e-01
2216   1.6666666666666669e-01  1.5788231422096817e+00  1.2286530064024890e+00  8.5672640046375292e-01
2217   3.3333333333333331e-01  1.5788231422096819e+00  1.2286530064024885e+00  8.5672640046375315e-01
2218   5.0000000000000000e-01  1.5788231422096817e+00  1.2286530064024890e+00  8.5672640046375292e-01
2219   6.6666666666666674e-01  1.5788231422096817e+00  1.2286530064024885e+00  8.5672640046375292e-01
2220   8.3333333333333337e-01  1.5788231422096817e+00  1.2286530064024885e+00  8.5672640046375292e-01
2221   9.4444444444444442e-01  1.5788231422096815e+00  1.2286530064024885e+00  8.5672640046375292e-01
2222   1.0000000000000000e+00  1.5788231422096815e+00  1.2286530064024885e+00  8.5672640046375292e-01
2223   0.0000000000000000e+00  7.6337272630912867e-01  6.4639940872764745e-01  8.5489581784616875e-01
2224   5.5555555555555552e-02  7.6337272630912867e-01  6.4639940872764745e-01  8.5489581784616875e-01
2225   1.6666666666666666e-01  7.6337272630912867e-01  6.4639940872764756e-01  8.5489581784616886e-01
2226   3.3333333333333331e-01  7.6337272630912856e-01  6.4639940872764756e-01  8.5489581784616897e-01
2227   5.0000000000000000e-01  7.6337272630912867e-01  6.4639940872764756e-01  8.5489581784616886e-01
2228   6.6666666666666663e-01  7.6337272630912867e-01  6.4639940872764745e-01  8.5489581784616875e-01
2229   8.3333333333333337e-01  7.6337272630912867e-01  6.4639940872764745e-01  8.5489581784616875e-01
2230   9.4444444444444453e-01  7.6337272630912867e-01  6.4639940872764745e-01  8.5489581784616875e-01
2231   1.0000000000000000e+00  7.6337272630912867e-01  6.4639940872764745e-01  8.5489581784616875e-01
2232   0.0000000000000000e+00  7.8881848385276621e-01  6.6794605568523568e-01  8.5489581784616886e-01
2233   5.5555555555555546e-02  7.8881848385276621e-01  6.6794605568523568e-01  8.5489581784616886e-01
2234   1.6666666666666666e-01  7.8881848385276632e-01  6.6794605568523568e-01  8.5489581784616886e-01
2235   3.3333333333333331e-01  7.8881848385276632e-01  6.6794605568523580e-01  8.5489581784616897e-01
2236   5.0000000000000000e-01  7.8881848385276632e-01  6.6794605568523568e-01  8.5489581784616886e-01
2237   6.6666666666666652e-01  7.8881848385276621e-01  6.6794605568523568e-01  8.5489581784616886e-01
2238   8.3333333333333337e-01  7.8881848385276621e-01  6.6794605568523568e-01  8.5489581784616886e-01
2239   9.4444444444444442e-01  7.8881848385276621e-01  6.6794605568523568e-01  8.5489581784616886e-01
2240   1.0000000000000000e+00  7.8881848385276621e-01  6.6794605568523568e-01  8.5489581784616886e-01
2241   0.0000000000000000e+00  8.3970999894004161e-01  7.1103934960041226e-01  8.5489581784616886e-01
2242   5.5555555555555552e-02  8.3970999894004161e-01  7.1103934960041226e-01  8.5489581784616886e-01
2243   1.6666666666666666e-01  8.3970999894004161e-01  7.1103934960041226e-01  8.5489581784616886e-01
2244   3.3333333333333326e-01  8.3970999894004139e-01  7.1103934960041226e-01  8.5489581784616908e-01
2245   5.0000000000000000e-01  8.3970999894004161e-01  7.1103934960041226e-01  8.5489581784616886e-01
2246   6.6666666666666663e-01  8.3970999894004150e-01  7.1103934960041226e-01  8.5489581784616886e-01
2247   8.3333333333333326e-01  8.3970999894004161e-01  7.1103934960041226e-01  8.5489581784616886e-01
2248   9.4444444444444442e-01  8.3970999894004161e-01  7.1103934960041226e-01  8.5489581784616886e-01
2249   1.0000000000000000e+00  8.3970999894004161e-01  7.1103934960041226e-01  8.5489581784616886e-01
2250   0.0000000000000000e+00  9.1604727157095434e-01  7.7567929047317685e-01  8.5489581784616886e-01
2251   5.5555555555555552e-02  9.1604727157095434e-01  7.7567929047317685e-01  8.5489581784616886e-01
2252   1.6666666666666666e-01  9.1604727157095445e-01  7.7567929047317719e-01  8.5489581784616886e-01
2253   3.3333333333333331e-01  9.1604727157095434e-01  7.7567929047317685e-01  8.5489581784616897e-01
2254   5.0000000000000000e-01  9.1604727157095434e-01  7.7567929047317685e-01  8.5489581784616886e-01
2255   6.6666666666666652e-01  9.1604727157095434e-01  7.7567929047317685e-01  8.5489581784616886e-01
2256   8.3333333333333326e-01  9.1604727157095434e-01  7.7567929047317685e-01  8.5489581784616886e-01
2257   9.4444444444444442e-01  9.1604727157095434e-01  7.7567929047317685e-01  8.5489581784616886e-01
2258   1.0000000000000000e+00  9.1604727157095434e-01  7.7567929047317685e-01  8.5489581784616886e-01
2259   0.0000000000000000e+00  9.9238454420186750e-01  8.4031923134594189e-01  8.5489581784616864e-01
2260   5.5555555555555559e-02  9.9238454420186761e-01  8.4031923134594189e-01  8.5489581784616864e-01
2261   1.6666666666666666e-01  9.9238454420186728e-01  8.4031923134594166e-01  8.5489581784616886e-01
2262   3.3333333333333331e-01  9.9238454420186728e-01  8.4031923134594178e-01  8.5489581784616886e-01
2263   4.9999999999999989e-01  9.9238454420186728e-01  8.4031923134594178e-01  8.5489581784616886e-01
2264   6.6666666666666685e-01  9.9238454420186750e-01  8.4031923134594189e-01  8.5489581784616864e-01
2265   8.3333333333333337e-01  9.9238454420186728e-01  8.4031923134594189e-01  8.5489581784616875e-01
2266   9.4444444444444453e-01  9.9238454420186750e-01  8.4031923134594189e-01  8.5489581784616864e-01
2267   1.0000000000000000e+00  9.9238454420186750e-01  8.4031923134594189e-01  8.5489581784616864e-01
2268   0.0000000000000000e+00  1.0687218168327801e+00  9.0495917221870659e-01  8.5489581784616875e-01
2269   5.5555555555555552e-02  1.0687218168327801e+00  9.0495917221870659e-01  8.5489581784616875e-01
2270   1.6666666666666666e-01  1.0687218168327801e+00  9.0495917221870670e-01  8.5489581784616886e-01
2271   3.3333333333333331e-01  1.0687218168327801e+00  9.0495917221870648e-01  8.5489581784616886e-01
2272   5.0000000000000000e-01  1.0687218168327801e+00  9.0495917221870670e-01  8.5489581784616886e-01
2273   6.6666666666666663e-01  1.0687218168327801e+00  9.0495917221870659e-01  8.5489581784616875e-01
2274   8.3333333333333337e-01  1.0687218168327801e+00  9.0495917221870681e-01  8.5489581784616875e-01
2275   9.4444444444444442e-01  1.0687218168327801e+00  9.0495917221870659e-01  8.5489581784616875e-01
2276   1.0000000000000000e+00  1.0687218168327801e+00  9.0495917221870659e-01  8.5489581784616875e-01
2277   0.0000000000000000e+00  1.1450590894636932e+00  9.6959911309147140e-01  8.5489581784616875e-01
2278   5.5555555555555552e-02  1.1450590894636932e+00  9.6959911309147140e-01  8.5489581784616875e-01
2279   1.6666666666666660e-01  1.1450590894636929e+00  9.6959911309147129e-01  8.5489581784616897e-01
2280   3.3333333333333337e-01  1.1450590894636929e+00  9.6959911309147129e-01  8.5489581784616897e-01
2281   4.9999999999999994e-01  1.1450590894636929e+00  9.6959911309147118e-01  8.5489581784616897e-01
2282   6.6666666666666663e-01  1.1450590894636932e+00  9.6959911309147140e-01  8.5489581784616875e-01
2283   8.3333333333333337e-01  1.1450590894636932e+00  9.6959911309147140e-01  8.5489581784616886e-01
2284   9.4444444444444453e-01  1.1450590894636932e+00  9.6959911309147140e-01  8.5489581784616875e-01
2285   1.0000000000000000e+00  1.1450590894636932e+00  9.6959911309147140e-01  8.5489581784616875e-01
2286   0.0000000000000000e+00  1.2213963620946060e+00  1.0342390539642361e+00  8.5489581784616886e-01
2287   5.5555555555555552e-02  1.2213963620946060e+00  1.0342390539642361e+00  8.5489581784616886e-01
2288   1.6666666666666666e-01  1.2213963620946058e+00  1.0342390539642361e+00  8.5489581784616897e-01
2289   3.3333333333333331e-01  1.2213963620946058e+00  1.0342390539642361e+00  8.5489581784616897e-01
2290   4.9999999999999994e-01  1.2213963620946058e+00  1.0342390539642361e+00  8.5489581784616897e-01
2291   6.6666666666666663e-01  1.2213963620946060e+00  1.0342390539642361e+00  8.5489581784616886e-01
2292   8.3333333333333326e-01  1.2213963620946060e+00  1.0342390539642361e+00  8.5489581784616886e-01
2293   9.4444444444444453e-01  1.2213963620946060e+00  1.0342390539642361e+00  8.5489581784616886e-01
2294   1.0000000000000000e+00  1.2213963620946060e+00  1.0342390539642361e+00  8.5489581784616886e-01
2295   0.0000000000000000e+00  1.2977336347255188e+00  1.0988789948370008e+00  8.5489581784616875e-01
2296   5.5555555555555552e-02  1.2977336347255188e+00  1.0988789948370008e+00  8.5489581784616875e-01
2297   1.6666666666666666e-01  1.2977336347255186e+00  1.0988789948370008e+00  8.5489581784616886e-01
2298   3.3333333333333331e-01  1.2977336347255186e+00  1.0988789948370008e+00  8.5489581784616897e-01
2299   4.9999999999999994e-01  1.2977336347255186e+00  1.0988789948370008e+00  8.5489581784616886e-01
2300   6.6666666666666663e-01  1.2977336347255188e+00  1.0988789948370008e+00  8.5489581784616875e-01
2301   8.3333333333333337e-01  1.2977336347255188e+00  1.0988789948370008e+00  8.5489581784616875e-01
2302   9.4444444444444453e-01  1.2977336347255188e+00  1.0988789948370008e+00  8.5489581784616875e-01
2303   1.0000000000000000e+00  1.2977336347255188e+00  1.0988789948370008e+00  8.5489581784616875e-01
2304   0.0000000000000000e+00  1.3740709073564317e+00  1.1635189357097655e+00  8.5489581784616875e-01
2305   5.5555555555555559e-02  1.3740709073564317e+00  1.1635189357097655e+00  8.5489581784616875e-01
2306   1.6666666666666666e-01  1.3740709073564314e+00  1.1635189357097655e+00  8.5489581784616897e-01
2307   3.3333333333333331e-01  1.3740709073564317e+00  1.1635189357097655e+00  8.5489581784616897e-01
2308   4.9999999999999994e-01  1.3740709073564314e+00  1.1635189357097655e+00  8.5489581784616897e-01
2309   6.6666666666666663e-01  1.3740709073564317e+00  1.1635189357097655e+00  8.5489581784616875e-01
2310   8.3333333333333337e-01  1.3740709073564317e+00  1.1635189357097657e+00  8.5489581784616875e-01
2311   9.4444444444444453e-01  1.3740709073564317e+00  1.1635189357097655e+00  8.5489581784616875e-01
2312   1.0000000000000000e+00  1.3740709073564317e+00  1.1635189357097655e+00  8.5489581784616875e-01
2313   0.0000000000000000e+00  1.4504081799873445e+00  1.2281588765825304e+00  8.5489581784616875e-01
2314   5.5555555555555559e-02  1.4504081799873445e+00  1.2281588765825304e+00  8.5489581784616875e-01
2315   1.6666666666666666e-01  1.4504081799873447e+00  1.2281588765825304e+00  8.5489581784616886e-01
2316   3.3333333333333331e-01  1.4504081799873445e+00  1.2281588765825304e+00  8.5489581784616897e-01
2317   5.0000000000000000e-01  1.4504081799873447e+00  1.2281588765825304e+00  8.5489581784616886e-01
2318   6.6666666666666663e-01  1.4504081799873445e+00  1.2281588765825304e+00  8.5489581784616875e-01
2319   8.3333333333333337e-01  1.4504081799873445e+00  1.2281588765825304e+00  8.5489581784616875e-01
2320   9.4444444444444453e-01  1.4504081799873445e+00  1.2281588765825304e+00  8.5489581784616875e-01
2321   1.0000000000000000e+00  1.4504081799873445e+00  1.2281588765825304e+00  8.5489581784616875e-01
2322   0.0000000000000000e+00  1.5012996950746198e+00  1.2712521704977067e+00  8.5489581784616875e-01
2323   5.5555555555555552e-02  1.5012996950746198e+00  1.2712521704977067e+00  8.5489581784616875e-01
2324   1.6666666666666666e-01  1.5012996950746196e+00  1.2712521704977069e+00  8.5489581784616886e-01
2325   3.3333333333333331e-01  1.5012996950746198e+00  1.2712521704977069e+00  8.5489581784616897e-01
2326   4.9999999999999994e-01  1.5012996950746196e+00  1.2712521704977069e+00  8.5489581784616886e-01
2327   6.6666666666666663e-01  1.5012996950746198e+00  1.2712521704977067e+00  8.5489581784616875e-01
2328   8.3333333333333337e-01  1.5012996950746198e+00  1.2712521704977067e+00  8.5489581784616875e-01
2329   9.4444444444444453e-01  1.5012996950746198e+00  1.2712521704977067e+00  8.5489581784616875e-01
2330   1.0000000000000000e+00  1.5012996950746198e+00  1.2712521704977067e+00  8.5489581784616875e-01
2331   0.0000000000000000e+00  1.5267454526182573e+00  1.2927988174552949e+00  8.5489581784616875e-01
2332   5.5555555555555552e-02  1.5267454526182573e+00  1.2927988174552949e+00  8.5489581784616875e-01
2333   1.6666666666666666e-01  1.5267454526182573e+00  1.2927988174552951e+00  8.5489581784616886e-01
2334   3.3333333333333331e-01  1.5267454526182571e+00  1.2927988174552951e+00  8.5489581784616897e-01
2335   5.0000000000000000e-01  1.5267454526182573e+00  1.2927988174552951e+00  8.5489581784616886e-01
2336   6.6666666666666663e-01  1.5267454526182573e+00  1.2927988174552949e+00  8.5489581784616875e-01
2337   8.3333333333333337e-01  1.5267454526182573e+00  1.2927988174552949e+00  8.5489581784616875e-01
2338   9.4444444444444453e-01  1.5267454526182573e+00  1.2927988174552949e+00  8.5489581784616875e-01
2339   1.0000000000000000e+00  1.5267454526182573e+00  1.2927988174552949e+00  8.5489581784616875e-01
2340   0.0000000000000000e+00  7.3598344450243935e-01  6.7742154679503208e-01  8.5379746827561842e-01
2341   5.5555555555555552e-02  7.3598344450243935e-01  6.7742154679503208e-01  8.5379746827561842e-01
2342   1.6666666666666669e-01  7.3598344450243924e-01  6.7742154679503197e-01  8.5379746827561853e-01
2343   3.3333333333333331e-01  7.3598344450243913e-01  6.7742154679503208e-01  8.5379746827561864e-01
2344   4.9999999999999994e-01  7.3598344450243924e-01  6.7742154679503197e-01  8.5379746827561853e-01
2345   6.6666666666666663e-01  7.3598344450243935e-01  6.7742154679503208e-01  8.5379746827561842e-01
2346   8.3333333333333348e-01  7.3598344450243935e-01  6.7742154679503208e-01  8.5379746827561842e-01
2347   9.4444444444444431e-01  7.3598344450243935e-01  6.7742154679503208e-01  8.5379746827561842e-01
2348   1.0000000000000000e+00  7.3598344450243935e-01  6.7742154679503208e-01  8.5379746827561842e-01
2349   0.0000000000000000e+00  7.6051622598585389e-01  7.0000226502153307e-01  8.5379746827561842e-01
2350   5.5555555555555552e-02  7.6051622598585389e-01  7.0000226502153307e-01  8.5379746827561842e-01
2351   1.6666666666666669e-01  7.6051622598585378e-01  7.0000226502153307e-01  8.5379746827561853e-01
2352   3.3333333333333331e-01  7.6051622598585389e-01  7.0000226502153318e-01  8.5379746827561864e-01
2353   4.9999999999999994e-01  7.6051622598585378e-01  7.0000226502153307e-01  8.5379746827561853e-01
2354   6.6666666666666663e-01  7.6051622598585389e-01  7.0000226502153307e-01  8.5379746827561842e-01
2355   8.3333333333333348e-01  7.6051622598585389e-01  7.0000226502153307e-01  8.5379746827561842e-01
2356   9.4444444444444431e-01  7.6051622598585389e-01  7.0000226502153307e-01  8.5379746827561842e-01
2357   1.0000000000000000e+00  7.6051622598585389e-01  7.0000226502153307e-01  8.5379746827561842e-01
2358   0.0000000000000000e+00  8.0958178895268329e-01  7.4516370147453537e-01  8.5379746827561842e-01
2359   5.5555555555555559e-02  8.0958178895268329e-01  7.4516370147453537e-01  8.5379746827561842e-01
2360   1.6666666666666669e-01  8.0958178895268318e-01  7.4516370147453526e-01  8.5379746827561853e-01
2361   3.3333333333333326e-01  8.0958178895268296e-01  7.4516370147453515e-01  8.5379746827561875e-01
2362   4.9999999999999994e-01  8.0958178895268318e-01  7.4516370147453526e-01  8.5379746827561853e-01
2363   6.6666666666666685e-01  8.0958178895268329e-01  7.4516370147453537e-01  8.5379746827561842e-01
2364   8.3333333333333348e-01  8.0958178895268329e-01  7.4516370147453537e-01  8.5379746827561842e-01
2365   9.4444444444444453e-01  8.0958178895268329e-01  7.4516370147453537e-01  8.5379746827561842e-01
2366   1.0000000000000000e+00  8.0958178895268329e-01  7.4516370147453537e-01  8.5379746827561842e-01
2367   0.0000000000000000e+00  8.8318013340292723e-01  8.1290585615403843e-01  8.5379746827561842e-01
2368   5.5555555555555559e-02  8.8318013340292723e-01  8.1290585615403843e-01  8.5379746827561842e-01
2369   1.6666666666666669e-01  8.8318013340292711e-01  8.1290585615403843e-01  8.5379746827561853e-01
2370   3.3333333333333331e-01  8.8318013340292711e-01  8.1290585615403832e-01  8.5379746827561864e-01
2371   4.9999999999999994e-01  8.8318013340292711e-01  8.1290585615403832e-01  8.5379746827561853e-01
2372   6.6666666666666663e-01  8.8318013340292723e-01  8.1290585615403843e-01  8.5379746827561842e-01
2373   8.3333333333333348e-01  8.8318013340292723e-01  8.1290585615403843e-01  8.5379746827561842e-01
2374   9.4444444444444453e-01  8.8318013340292723e-01  8.1290585615403843e-01  8.5379746827561842e-01
2375   1.0000000000000000e+00  8.8318013340292723e-01  8.1290585615403843e-01  8.5379746827561842e-01
2376   0.0000000000000000e+00  9.5677847785317094e-01  8.8064801083354172e-01  8.5379746827561842e-01
2377   5.5555555555555552e-02  9.5677847785317105e-01  8.8064801083354172e-01  8.5379746827561842e-01
2378   1.6666666666666666e-01  9.5677847785317083e-01  8.8064801083354149e-01  8.5379746827561864e-01
2379   3.3333333333333331e-01  9.5677847785317083e-01  8.8064801083354149e-01  8.5379746827561864e-01
2380   4.9999999999999989e-01  9.5677847785317083e-01  8.8064801083354149e-01  8.5379746827561864e-01
2381   6.6666666666666685e-01  9.5677847785317094e-01  8.8064801083354172e-01  8.5379746827561842e-01
2382   8.3333333333333348e-01  9.5677847785317094e-01  8.8064801083354172e-01  8.5379746827561842e-01
2383   9.4444444444444431e-01  9.5677847785317094e-01  8.8064801083354138e-01  8.5379746827561842e-01
2384   1.0000000000000000e+00  9.5677847785317094e-01  8.8064801083354172e-01  8.5379746827561842e-01
2385   0.0000000000000000e+00  1.0303768223034151e+00  9.4839016551304489e-01  8.5379746827561842e-01
2386   5.5555555555555546e-02  1.0303768223034151e+00  9.4839016551304489e-01  8.5379746827561842e-01
2387   1.6666666666666669e-01  1.0303768223034149e+00  9.4839016551304478e-01  8.5379746827561853e-01
2388   3.3333333333333337e-01  1.0303768223034149e+00  9.4839016551304478e-01  8.5379746827561853e-01
2389   4.9999999999999994e-01  1.0303768223034149e+00  9.4839016551304478e-01  8.5379746827561853e-01
2390   6.6666666666666663e-01  1.0303768223034151e+00  9.4839016551304489e-01  8.5379746827561842e-01
2391   8.3333333333333348e-01  1.0303768223034151e+00  9.4839016551304489e-01  8.5379746827561842e-01
2392   9.4444444444444420e-01  1.0303768223034151e+00  9.4839016551304489e-01  8.5379746827561842e-01
2393   1.0000000000000000e+00  1.0303768223034151e+00  9.4839016551304489e-01  8.5379746827561842e-01
2394   0.0000000000000000e+00  1.1039751667536590e+00  1.0161323201925481e+00  8.5379746827561842e-01
2395   5.5555555555555552e-02  1.1039751667536590e+00  1.0161323201925481e+00  8.5379746827561842e-01
2396   1.6666666666666663e-01  1.1039751667536588e+00  1.0161323201925481e+00  8.5379746827561864e-01
2397   3.3333333333333331e-01  1.1039751667536588e+00  1.0161323201925481e+00  8.5379746827561864e-01
2398   4.9999999999999989e-01  1.1039751667536588e+00  1.0161323201925478e+00  8.5379746827561864e-01
2399   6.6666666666666663e-01  1.1039751667536590e+00  1.0161323201925481e+00  8.5379746827561842e-01
2400   8.3333333333333326e-01  1.1039751667536588e+00  1.0161323201925478e+00  8.5379746827561864e-01
2401   9.4444444444444453e-01  1.1039751667536590e+00  1.0161323201925481e+00  8.5379746827561842e-01
2402   1.0000000000000000e+00  1.1039751667536590e+00  1.0161323201925481e+00  8.5379746827561842e-01
2403   0.0000000000000000e+00  1.1775735112039025e+00  1.0838744748720510e+00  8.5379746827561864e-01
2404   5.5555555555555546e-02  1.1775735112039027e+00  1.0838744748720510e+00  8.5379746827561864e-01
2405   1.6666666666666666e-01  1.1775735112039027e+00  1.0838744748720512e+00  8.5379746827561864e-01
2406   3.3333333333333331e-01  1.1775735112039027e+00  1.0838744748720512e+00  8.5379746827561864e-01
2407   4.9999999999999989e-01  1.1775735112039027e+00  1.0838744748720512e+00  8.5379746827561864e-01
2408   6.6666666666666652e-01  1.1775735112039027e+00  1.0838744748720510e+00  8.5379746827561864e-01
2409   8.3333333333333326e-01  1.1775735112039025e+00  1.0838744748720512e+00  8.5379746827561864e-01
2410   9.4444444444444420e-01  1.1775735112039025e+00  1.0838744748720510e+00  8.5379746827561864e-01
2411   1.0000000000000000e+00  1.1775735112039025e+00  1.0838744748720510e+00  8.5379746827561864e-01
2412   0.0000000000000000e+00  1.2511718556541469e+00  1.1516166295515544e+00  8.5379746827561842e-01
2413   5.5555555555555552e-02  1.2511718556541469e+00  1.1516166295515544e+00  8.5379746827561842e-01
2414   1.6666666666666669e-01  1.2511718556541467e+00  1.1516166295515544e+00  8.5379746827561853e-01
2415   3.3333333333333331e-01  1.2511718556541467e+00  1.1516166295515544e+00  8.5379746827561864e-01
2416   4.9999999999999994e-01  1.2511718556541469e+00  1.1516166295515544e+00  8.5379746827561853e-01
2417   6.6666666666666663e-01  1.2511718556541469e+00  1.1516166295515544e+00  8.5379746827561842e-01
2418   8.3333333333333348e-01  1.2511718556541469e+00  1.1516166295515546e+00  8.5379746827561842e-01
2419   9.4444444444444453e-01  1.2511718556541469e+00  1.1516166295515544e+00  8.5379746827561842e-01
2420   1.0000000000000000e+00  1.2511718556541469e+00  1.1516166295515544e+00  8.5379746827561842e-01
2421   0.0000000000000000e+00  1.3247702001043908e+00  1.2193587842310574e+00  8.5379746827561842e-01
2422   5.5555555555555559e-02  1.3247702001043908e+00  1.2193587842310574e+00  8.5379746827561842e-01
2423   1.6666666666666666e-01  1.3247702001043904e+00  1.2193587842310576e+00  8.5379746827561864e-01
2424   3.3333333333333331e-01  1.3247702001043906e+00  1.2193587842310576e+00  8.5379746827561864e-01
2425   4.9999999999999989e-01  1.3247702001043904e+00  1.2193587842310576e+00  8.5379746827561864e-01
2426   6.6666666666666663e-01  1.3247702001043908e+00  1.2193587842310574e+00  8.5379746827561842e-01
2427   8.3333333333333348e-01  1.3247702001043908e+00  1.2193587842310578e+00  8.5379746827561842e-01
2428   9.4444444444444431e-01  1.3247702001043908e+00  1.2193587842310574e+00  8.5379746827561842e-01
2429   1.0000000000000000e+00  1.3247702001043908e+00  1.2193587842310574e+00  8.5379746827561842e-01
2430   0.0000000000000000e+00  1.3983685445546346e+00  1.2871009389105608e+00  8.5379746827561842e-01
2431   5.5555555555555559e-02  1.3983685445546348e+00  1.2871009389105608e+00  8.5379746827561842e-01
2432   1.6666666666666669e-01  1.3983685445546348e+00  1.2871009389105610e+00  8.5379746827561853e-01
2433   3.3333333333333331e-01  1.3983685445546346e+00  1.2871009389105608e+00  8.5379746827561864e-01
2434   4.9999999999999994e-01  1.3983685445546348e+00  1.2871009389105610e+00  8.5379746827561853e-01
2435   6.6666666666666663e-01  1.3983685445546346e+00  1.2871009389105608e+00  8.5379746827561842e-01
2436   8.3333333333333348e-01  1.3983685445546346e+00  1.2871009389105608e+00  8.5379746827561842e-01
2437   9.4444444444444453e-01  1.3983685445546346e+00  1.2871009389105608e+00  8.5379746827561842e-01
2438   1.0000000000000000e+00  1.3983685445546346e+00  1.2871009389105608e+00  8.5379746827561842e-01
2439   0.0000000000000000e+00  1.4474341075214638e+00  1.3322623753635630e+00  8.5379746827561842e-01
2440   5.5555555555555552e-02  1.4474341075214641e+00  1.3322623753635630e+00  8.5379746827561842e-01
2441   1.6666666666666669e-01  1.4474341075214638e+00  1.3322623753635632e+00  8.5379746827561853e-01
2442   3.3333333333333331e-01  1.4474341075214641e+00  1.3322623753635630e+00  8.5379746827561864e-01
2443   4.9999999999999994e-01  1.4474341075214638e+00  1.3322623753635632e+00  8.5379746827561853e-01
2444   6.6666666666666663e-01  1.4474341075214638e+00  1.3322623753635630e+00  8.5379746827561842e-01
2445   8.3333333333333348e-01  1.4474341075214638e+00  1.3322623753635630e+00  8.5379746827561842e-01
2446   9.4444444444444431e-01  1.4474341075214638e+00  1.3322623753635630e+00  8.5379746827561842e-01
2447   1.0000000000000000e+00  1.4474341075214638e+00  1.3322623753635630e+00  8.5379746827561842e-01
2448   0.0000000000000000e+00  1.4719668890048787e+00  1.3548430935900642e+00  8.5379746827561842e-01
2449   5.5555555555555552e-02  1.4719668890048787e+00  1.3548430935900642e+00  8.5379746827561842e-01
2450   1.6666666666666669e-01  1.4719668890048785e+00  1.3548430935900639e+00  8.5379746827561853e-01
2451   3.3333333333333331e-01  1.4719668890048783e+00  1.3548430935900642e+00  8.5379746827561864e-01
2452   4.9999999999999994e-01  1.4719668890048785e+00  1.3548430935900639e+00  8.5379746827561853e-01
2453   6.6666666666666663e-01  1.4719668890048787e+00  1.3548430935900642e+00  8.5379746827561842e-01
2454   8.3333333333333348e-01  1.4719668890048787e+00  1.3548430935900642e+00  8.5379746827561842e-01
2455   9.4444444444444431e-01  1.4719668890048787e+00  1.3548430935900642e+00  8.5379746827561842e-01
2456   1.0000000000000000e+00  1.4719668890048787e+00  1.3548430935900642e+00  8.5379746827561842e-01
2457   0.0000000000000000e+00  7.0730901067339247e-01  7.0730901067339247e-01  8.5343135175210139e-01
2458   5.5555555555555559e-02  7.0730901067339247e-01  7.0730901067339247e-01  8.5343135175210139e-01
2459   1.6666666666666666e-01  7.0730901067339225e-01  7.0730901067339236e-01  8.5343135175210172e-01
2460   3.3333333333333331e-01  7.0730901067339236e-01  7.0730901067339247e-01  8.5343135175210172e-01
2461   4.9999999999999989e-01  7.0730901067339225e-01  7.0730901067339236e-01  8.5343135175210172e-01
2462   6.6666666666666685e-01  7.0730901067339247e-01  7.0730901067339247e-01  8.5343135175210139e-01
2463   8.3333333333333348e-01  7.0730901067339247e-01  7.0730901067339247e-01  8.5343135175210139e-01
2464   9.4444444444444464e-01  7.0730901067339247e-01  7.0730901067339247e-01  8.5343135175210139e-01
2465   1.0000000000000000e+00  7.0730901067339247e-01  7.0730901067339247e-01  8.5343135175210139e-01
2466   0.0000000000000000e+00  7.3088597769583874e-01  7.3088597769583874e-01  8.5343135175210161e-01
2467   5.5555555555555546e-02  7.3088597769583874e-01  7.3088597769583874e-01  8.5343135175210161e-01
2468   1.6666666666666666e-01  7.3088597769583863e-01  7.3088597769583863e-01  8.5343135175210172e-01
2469   3.3333333333333331e-01  7.3088597769583874e-01  7.3088597769583874e-01  8.5343135175210172e-01
2470   4.9999999999999994e-01  7.3088597769583863e-01  7.3088597769583863e-01  8.5343135175210172e-01
2471   6.6666666666666663e-01  7.3088597769583874e-01  7.3088597769583874e-01  8.5343135175210161e-01
2472   8.3333333333333326e-01  7.3088597769583874e-01  7.3088597769583874e-01  8.5343135175210161e-01
2473   9.4444444444444442e-01  7.3088597769583874e-01  7.3088597769583874e-01  8.5343135175210161e-01
2474   1.0000000000000000e+00  7.3088597769583874e-01  7.3088597769583874e-01  8.5343135175210161e-01
2475   0.0000000000000000e+00  7.7803991174073162e-01  7.7803991174073162e-01  8.5343135175210161e-01
2476   5.5555555555555559e-02  7.7803991174073162e-01  7.7803991174073162e-01  8.5343135175210161e-01
2477   1.6666666666666666e-01  7.7803991174073150e-01  7.7803991174073150e-01  8.5343135175210172e-01
2478   3.3333333333333331e-01  7.7803991174073162e-01  7.7803991174073173e-01  8.5343135175210172e-01
2479   4.9999999999999994e-01  7.7803991174073150e-01  7.7803991174073150e-01  8.5343135175210172e-01
2480   6.6666666666666674e-01  7.7803991174073162e-01  7.7803991174073162e-01  8.5343135175210161e-01
2481   8.3333333333333326e-01  7.7803991174073162e-01  7.7803991174073162e-01  8.5343135175210161e-01
2482   9.4444444444444442e-01  7.7803991174073162e-01  7.7803991174073162e-01  8.5343135175210161e-01
2483   1.0000000000000000e+00  7.7803991174073162e-01  7.7803991174073162e-01  8.5343135175210161e-01
2484   0.0000000000000000e+00  8.4877081280807087e-01  8.4877081280807076e-01  8.5343135175210161e-01
2485   5.5555555555555552e-02  8.4877081280807087e-01  8.4877081280807076e-01  8.5343135175210161e-01
2486   1.6666666666666666e-01  8.4877081280807076e-01  8.4877081280807087e-01  8.5343135175210172e-01
2487   3.3333333333333331e-01  8.4877081280807076e-01  8.4877081280807087e-01  8.5343135175210172e-01
2488   4.9999999999999994e-01  8.4877081280807076e-01  8.4877081280807076e-01  8.5343135175210172e-01
2489   6.6666666666666663e-01  8.4877081280807087e-01  8.4877081280807076e-01  8.5343135175210161e-01
2490   8.3333333333333326e-01  8.4877081280807087e-01  8.4877081280807087e-01  8.5343135175210161e-01
2491   9.4444444444444442e-01  8.4877081280807087e-01  8.4877081280807076e-01  8.5343135175210161e-01
2492   1.0000000000000000e+00  8.4877081280807087e-01  8.4877081280807076e-01  8.5343135175210161e-01
2493   0.0000000000000000e+00  9.1950171387541013e-01  9.1950171387541024e-01  8.5343135175210139e-01
2494   5.5555555555555559e-02  9.1950171387541024e-01  9.1950171387541024e-01  8.5343135175210139e-01
2495   1.6666666666666669e-01  9.1950171387541002e-01  9.1950171387541002e-01  8.5343135175210161e-01
2496   3.3333333333333337e-01  9.1950171387541002e-01  9.1950171387541013e-01  8.5343135175210161e-01
2497   4.9999999999999989e-01  9.1950171387541002e-01  9.1950171387541013e-01  8.5343135175210161e-01
2498   6.6666666666666696e-01  9.1950171387541013e-01  9.1950171387541013e-01  8.5343135175210139e-01
2499   8.3333333333333348e-01  9.1950171387541013e-01  9.1950171387541035e-01  8.5343135175210139e-01
2500   9.4444444444444453e-01  9.1950171387541013e-01  9.1950171387541024e-01  8.5343135175210139e-01
2501   1.0000000000000000e+00  9.1950171387541013e-01  9.1950171387541024e-01  8.5343135175210139e-01
2502   0.0000000000000000e+00  9.9023261494274961e-01  9.9023261494274939e-01  8.5343135175210139e-01
2503   5.5555555555555559e-02  9.9023261494274961e-01  9.9023261494274939e-01  8.5343135175210139e-01
2504   1.6666666666666666e-01  9.9023261494274917e-01  9.9023261494274928e-01  8.5343135175210172e-01
2505   3.3333333333333331e-01  9.9023261494274917e-01  9.9023261494274917e-01  8.5343135175210172e-01
2506   4.9999999999999989e-01  9.9023261494274917e-01  9.9023261494274928e-01  8.5343135175210172e-01
2507   6.6666666666666685e-01  9.9023261494274961e-01  9.9023261494274939e-01  8.5343135175210139e-01
2508   8.3333333333333348e-01  9.9023261494274961e-01  9.9023261494274961e-01  8.5343135175210139e-01
2509   9.4444444444444431e-01  9.9023261494274961e-01  9.9023261494274939e-01  8.5343135175210139e-01
2510   1.0000000000000000e+00  9.9023261494274961e-01  9.9023261494274939e-01  8.5343135175210139e-01
2511   0.0000000000000000e+00  1.0609635160100890e+00  1.0609635160100890e+00  8.5343135175210139e-01
2512   5.5555555555555559e-02  1.0609635160100890e+00  1.0609635160100890e+00  8.5343135175210139e-01
2513   1.6666666666666663e-01  1.0609635160100885e+00  1.0609635160100885e+00  8.5343135175210172e-01
2514   3.3333333333333331e-01  1.0609635160100885e+00  1.0609635160100885e+00  8.5343135175210172e-01
2515   4.9999999999999994e-01  1.0609635160100885e+00  1.0609635160100885e+00  8.5343135175210172e-01
2516   6.6666666666666685e-01  1.0609635160100890e+00  1.0609635160100890e+00  8.5343135175210139e-01
2517   8.3333333333333326e-01  1.0609635160100888e+00  1.0609635160100888e+00  8.5343135175210161e-01
2518   9.4444444444444464e-01  1.0609635160100890e+00  1.0609635160100890e+00  8.5343135175210139e-01
2519   1.0000000000000000e+00  1.0609635160100890e+00  1.0609635160100890e+00  8.5343135175210139e-01
2520   0.0000000000000000e+00  1.1316944170774277e+00  1.1316944170774279e+00  8.5343135175210161e-01
2521   5.5555555555555552e-02  1.1316944170774279e+00  1.1316944170774279e+00  8.5343135175210161e-01
2522   1.6666666666666666e-01  1.1316944170774277e+00  1.1316944170774279e+00  8.5343135175210172e-01
2523   3.3333333333333331e-01  1.1316944170774279e+00  1.1316944170774279e+00  8.5343135175210172e-01
2524   4.9999999999999994e-01  1.1316944170774279e+00  1.1316944170774279e+00  8.5343135175210172e-01
2525   6.6666666666666663e-01  1.1316944170774279e+00  1.1316944170774279e+00  8.5343135175210161e-01
2526   8.3333333333333326e-01  1.1316944170774277e+00  1.1316944170774279e+00  8.5343135175210161e-01
2527   9.4444444444444453e-01  1.1316944170774277e+00  1.1316944170774279e+00  8.5343135175210161e-01
2528   1.0000000000000000e+00  1.1316944170774277e+00  1.1316944170774279e+00  8.5343135175210161e-01
2529   0.0000000000000000e+00  1.2024253181447673e+00  1.2024253181447673e+00  8.5343135175210139e-01
2530   5.5555555555555559e-02  1.2024253181447673e+00  1.2024253181447673e+00  8.5343135175210139e-01
2531   1.6666666666666671e-01  1.2024253181447673e+00  1.2024253181447673e+00  8.5343135175210150e-01
2532   3.3333333333333331e-01  1.2024253181447671e+00  1.2024253181447671e+00  8.5343135175210172e-01
2533   4.9999999999999994e-01  1.2024253181447673e+00  1.2024253181447673e+00  8.5343135175210150e-01
2534   6.6666666666666685e-01  1.2024253181447673e+00  1.2024253181447673e+00  8.5343135175210139e-01
2535   8.3333333333333348e-01  1.2024253181447673e+00  1.2024253181447673e+00  8.5343135175210139e-01
2536   9.4444444444444464e-01  1.2024253181447673e+00  1.2024253181447673e+00  8.5343135175210139e-01
2537   1.0000000000000000e+00  1.2024253181447673e+00  1.2024253181447673e+00  8.5343135175210139e-01
2538   0.0000000000000000e+00  1.2731562192121064e+00  1.2731562192121066e+00  8.5343135175210139e-01
2539   5.5555555555555566e-02  1.2731562192121064e+00  1.2731562192121066e+00  8.5343135175210139e-01
2540   1.6666666666666666e-01  1.2731562192121060e+00  1.2731562192121062e+00  8.5343135175210172e-01
2541   3.3333333333333331e-01  1.2731562192121064e+00  1.2731562192121064e+00  8.5343135175210172e-01
2542   4.9999999999999994e-01  1.2731562192121062e+00  1.2731562192121062e+00  8.5343135175210172e-01
2543   6.6666666666666685e-01  1.2731562192121064e+00  1.2731562192121066e+00  8.5343135175210139e-01
2544   8.3333333333333348e-01  1.2731562192121064e+00  1.2731562192121066e+00  8.5343135175210139e-01
2545   9.4444444444444464e-01  1.2731562192121064e+00  1.2731562192121066e+00  8.5343135175210139e-01
2546   1.0000000000000000e+00  1.2731562192121064e+00  1.2731562192121066e+00  8.5343135175210139e-01
2547   0.0000000000000000e+00  1.3438871202794460e+00  1.3438871202794460e+00  8.5343135175210139e-01
2548   5.5555555555555566e-02  1.3438871202794460e+00  1.3438871202794460e+00  8.5343135175210139e-01
2549   1.6666666666666666e-01  1.3438871202794458e+00  1.3438871202794458e+00  8.5343135175210172e-01
2550   3.3333333333333331e-01  1.3438871202794453e+00  1.3438871202794458e+00  8.5343135175210172e-01
2551   4.9999999999999989e-01  1.3438871202794458e+00  1.3438871202794458e+00  8.5343135175210172e-01
2552   6.6666666666666685e-01  1.3438871202794460e+00  1.3438871202794460e+00  8.5343135175210139e-01
2553   8.3333333333333348e-01  1.3438871202794460e+00  1.3438871202794460e+00  8.5343135175210139e-01
2554   9.4444444444444464e-01  1.3438871202794460e+00  1.3438871202794460e+00  8.5343135175210139e-01
2555   1.0000000000000000e+00  1.3438871202794460e+00  1.3438871202794460e+00  8.5343135175210139e-01
2556   0.0000000000000000e+00  1.3910410543243386e+00  1.3910410543243386e+00  8.5343135175210139e-01
2557   5.5555555555555559e-02  1.3910410543243386e+00  1.3910410543243386e+00  8.5343135175210139e-01
2558   1.6666666666666671e-01  1.3910410543243383e+00  1.3910410543243386e+00  8.5343135175210150e-01
2559   3.3333333333333331e-01  1.3910410543243383e+00  1.3910410543243386e+00  8.5343135175210172e-01
2560   4.9999999999999994e-01  1.3910410543243383e+00  1.3910410543243386e+00  8.5343135175210150e-01
2561   6.6666666666666685e-01  1.3910410543243386e+00  1.3910410543243386e+00  8.5343135175210139e-01
2562   8.3333333333333348e-01  1.3910410543243386e+00  1.3910410543243386e+00  8.5343135175210139e-01
2563   9.4444444444444464e-01  1.3910410543243386e+00  1.3910410543243386e+00  8.5343135175210139e-01
2564   1.0000000000000000e+00  1.3910410543243386e+00  1.3910410543243386e+00  8.5343135175210139e-01
2565   0.0000000000000000e+00  1.4146180213467849e+00  1.4146180213467849e+00  8.5343135175210139e-01
2566   5.5555555555555559e-02  1.4146180213467849e+00  1.4146180213467849e+00  8.5343135175210139e-01
2567   1.6666666666666666e-01  1.4146180213467845e+00  1.4146180213467847e+00  8.5343135175210172e-01
2568   3.3333333333333331e-01  1.4146180213467847e+00  1.4146180213467849e+00  8.5343135175210172e-01
2569   4.9999999999999989e-01  1.4146180213467845e+00  1.4146180213467847e+00  8.5343135175210172e-01
2570   6.6666666666666685e-01  1.4146180213467849e+00  1.4146180213467849e+00  8.5343135175210139e-01
2571   8.3333333333333348e-01  1.4146180213467849e+00  1.4146180213467849e+00  8.5343135175210139e-01
2572   9.4444444444444464e-01  1.4146180213467849e+00  1.4146180213467849e+00  8.5343135175210139e-01
2573   1.0000000000000000e+00  1.4146180213467849e+00  1.4146180213467849e+00  8.5343135175210139e-01
2574   0.0000000000000000e+00  6.7742154679503208e-01  7.3598344450243935e-01  8.5379746827561831e-01
2575   5.5555555555555559e-02  6.7742154679503208e-01  7.3598344450243935e-01  8.5379746827561831e-01
2576   1.6666666666666669e-01  6.7742154679503208e-01  7.3598344450243935e-01  8.5379746827561831e-01
2577   3.3333333333333331e-01  6.7742154679503197e-01  7.3598344450243924e-01  8.5379746827561853e-01
2578   5.0000000000000000e-01  6.7742154679503208e-01  7.3598344450243935e-01  8.5379746827561831e-01
2579   6.6666666666666674e-01  6.7742154679503208e-01  7.3598344450243935e-01  8.5379746827561831e-01
2580   8.3333333333333348e-01  6.7742154679503208e-01  7.3598344450243935e-01  8.5379746827561831e-01
2581   9.4444444444444431e-01  6.7742154679503208e-01  7.3598344450243935e-01  8.5379746827561831e-01
2582   1.0000000000000000e+00  6.7742154679503208e-01  7.3598344450243935e-01  8.5379746827561831e-01
2583   0.0000000000000000e+00  7.0000226502153318e-01  7.6051622598585389e-01  8.5379746827561831e-01
2584   5.5555555555555559e-02  7.0000226502153318e-01  7.6051622598585389e-01  8.5379746827561831e-01
2585   1.6666666666666669e-01  7.0000226502153318e-01  7.6051622598585400e-01  8.5379746827561831e-01
2586   3.3333333333333331e-01  7.0000226502153295e-01  7.6051622598585378e-01  8.5379746827561853e-01
2587   5.0000000000000000e-01  7.0000226502153318e-01  7.6051622598585400e-01  8.5379746827561831e-01
2588   6.6666666666666674e-01  7.0000226502153318e-01  7.6051622598585389e-01  8.5379746827561831e-01
2589   8.3333333333333348e-01  7.0000226502153318e-01  7.6051622598585389e-01  8.5379746827561831e-01
2590   9.4444444444444431e-01  7.0000226502153318e-01  7.6051622598585389e-01  8.5379746827561831e-01
2591   1.0000000000000000e+00  7.0000226502153318e-01  7.6051622598585389e-01  8.5379746827561831e-01
2592   0.0000000000000000e+00  7.4516370147453526e-01  8.0958178895268340e-01  8.5379746827561831e-01
2593   5.5555555555555566e-02  7.4516370147453526e-01  8.0958178895268340e-01  8.5379746827561831e-01
2594   1.6666666666666669e-01  7.4516370147453526e-01  8.0958178895268340e-01  8.5379746827561831e-01
2595   3.3333333333333331e-01  7.4516370147453526e-01  8.0958178895268318e-01  8.5379746827561853e-01
2596   5.0000000000000000e-01  7.4516370147453526e-01  8.0958178895268340e-01  8.5379746827561831e-01
2597   6.6666666666666674e-01  7.4516370147453526e-01  8.0958178895268340e-01  8.5379746827561831e-01
2598   8.3333333333333348e-01  7.4516370147453526e-01  8.0958178895268340e-01  8.5379746827561831e-01
2599   9.4444444444444453e-01  7.4516370147453526e-01  8.0958178895268340e-01  8.5379746827561831e-01
2600   1.0000000000000000e+00  7.4516370147453526e-01  8.0958178895268340e-01  8.5379746827561831e-01
2601   0.0000000000000000e+00  8.1290585615403843e-01  8.8318013340292723e-01  8.5379746827561831e-01
2602   5.5555555555555566e-02  8.1290585615403854e-01  8.8318013340292734e-01  8.5379746827561831e-01
2603   1.6666666666666669e-01  8.1290585615403865e-01  8.8318013340292734e-01  8.5379746827561831e-01
2604   3.3333333333333331e-01  8.1290585615403832e-01  8.8318013340292711e-01  8.5379746827561853e-01
2605   5.0000000000000000e-01  8.1290585615403854e-01  8.8318013340292734e-01  8.5379746827561831e-01
2606   6.6666666666666674e-01  8.1290585615403843e-01  8.8318013340292723e-01  8.5379746827561831e-01
2607   8.3333333333333348e-01  8.1290585615403854e-01  8.8318013340292734e-01  8.5379746827561831e-01
2608   9.4444444444444453e-01  8.1290585615403843e-01  8.8318013340292723e-01  8.5379746827561831e-01
2609   1.0000000000000000e+00  8.1290585615403843e-01  8.8318013340292723e-01  8.5379746827561831e-01
2610   0.0000000000000000e+00  8.8064801083354161e-01  9.5677847785317105e-01  8.5379746827561831e-01
2611   5.5555555555555559e-02  8.8064801083354183e-01  9.5677847785317116e-01  8.5379746827561831e-01
2612   1.6666666666666666e-01  8.8064801083354161e-01  9.5677847785317094e-01  8.5379746827561853e-01
2613   3.3333333333333331e-01  8.8064801083354161e-01  9.5677847785317094e-01  8.5379746827561853e-01
2614   4.9999999999999989e-01  8.8064801083354161e-01  9.5677847785317083e-01  8.5379746827561853e-01
2615   6.6666666666666674e-01  8.8064801083354149e-01  9.5677847785317105e-01  8.5379746827561831e-01
2616   8.3333333333333348e-01  8.8064801083354161e-01  9.5677847785317116e-01  8.5379746827561831e-01
2617   9.4444444444444431e-01  8.8064801083354161e-01  9.5677847785317105e-01  8.5379746827561831e-01
2618   1.0000000000000000e+00  8.8064801083354161e-01  9.5677847785317105e-01  8.5379746827561831e-01
2619   0.0000000000000000e+00  9.4839016551304489e-01  1.0303768223034151e+00  8.5379746827561831e-01
2620   5.5555555555555552e-02  9.4839016551304489e-01  1.0303768223034151e+00  8.5379746827561831e-01
2621   1.6666666666666669e-01  9.4839016551304489e-01  1.0303768223034151e+00  8.5379746827561831e-01
2622   3.3333333333333337e-01  9.4839016551304489e-01  1.0303768223034151e+00  8.5379746827561831e-01
2623   5.0000000000000000e-01  9.4839016551304489e-01  1.0303768223034151e+00  8.5379746827561831e-01
2624   6.6666666666666674e-01  9.4839016551304489e-01  1.0303768223034151e+00  8.5379746827561831e-01
2625   8.3333333333333348e-01  9.4839016551304489e-01  1.0303768223034151e+00  8.5379746827561831e-01
2626   9.4444444444444431e-01  9.4839016551304489e-01  1.0303768223034151e+00  8.5379746827561831e-01
2627   1.0000000000000000e+00  9.4839016551304489e-01  1.0303768223034151e+00  8.5379746827561831e-01
2628   0.0000000000000000e+00  1.0161323201925481e+00  1.1039751667536590e+00  8.5379746827561831e-01
2629   5.5555555555555552e-02  1.0161323201925483e+00  1.1039751667536593e+00  8.5379746827561831e-01
2630   1.6666666666666666e-01  1.0161323201925481e+00  1.1039751667536588e+00  8.5379746827561853e-01
2631   3.3333333333333331e-01  1.0161323201925481e+00  1.1039751667536588e+00  8.5379746827561853e-01
2632   4.9999999999999994e-01  1.0161323201925481e+00  1.1039751667536588e+00  8.5379746827561853e-01
2633   6.6666666666666674e-01  1.0161323201925481e+00  1.1039751667536590e+00  8.5379746827561831e-01
2634   8.3333333333333326e-01  1.0161323201925481e+00  1.1039751667536588e+00  8.5379746827561853e-01
2635   9.4444444444444453e-01  1.0161323201925481e+00  1.1039751667536590e+00  8.5379746827561831e-01
2636   1.0000000000000000e+00  1.0161323201925481e+00  1.1039751667536590e+00  8.5379746827561831e-01
2637   0.0000000000000000e+00  1.0838744748720510e+00  1.1775735112039027e+00  8.5379746827561853e-01
2638   5.5555555555555552e-02  1.0838744748720510e+00  1.1775735112039027e+00  8.5379746827561853e-01
2639   1.6666666666666666e-01  1.0838744748720510e+00  1.1775735112039027e+00  8.5379746827561853e-01
2640   3.3333333333333331e-01  1.0838744748720512e+00  1.1775735112039027e+00  8.5379746827561853e-01
2641   4.9999999999999994e-01  1.0838744748720512e+00  1.1775735112039027e+00  8.5379746827561853e-01
2642   6.6666666666666663e-01  1.0838744748720510e+00  1.1775735112039027e+00  8.5379746827561853e-01
2643   8.3333333333333326e-01  1.0838744748720510e+00  1.1775735112039027e+00  8.5379746827561853e-01
2644   9.4444444444444453e-01  1.0838744748720510e+00  1.1775735112039027e+00  8.5379746827561853e-01
2645   1.0000000000000000e+00  1.0838744748720510e+00  1.1775735112039027e+00  8.5379746827561853e-01
2646   0.0000000000000000e+00  1.1516166295515544e+00  1.2511718556541467e+00  8.5379746827561831e-01
2647   5.5555555555555552e-02  1.1516166295515544e+00  1.2511718556541467e+00  8.5379746827561831e-01
2648   1.6666666666666669e-01  1.1516166295515544e+00  1.2511718556541469e+00  8.5379746827561831e-01
2649   3.3333333333333331e-01  1.1516166295515544e+00  1.2511718556541469e+00  8.5379746827561853e-01
2650   5.0000000000000000e-01  1.1516166295515544e+00  1.2511718556541469e+00  8.5379746827561831e-01
2651   6.6666666666666674e-01  1.1516166295515544e+00  1.2511718556541467e+00  8.5379746827561831e-01
2652   8.3333333333333348e-01  1.1516166295515544e+00  1.2511718556541469e+00  8.5379746827561831e-01
2653   9.4444444444444453e-01  1.1516166295515544e+00  1.2511718556541467e+00  8.5379746827561831e-01
2654   1.0000000000000000e+00  1.1516166295515544e+00  1.2511718556541467e+00  8.5379746827561831e-01
2655   0.0000000000000000e+00  1.2193587842310576e+00  1.3247702001043906e+00  8.5379746827561831e-01
2656   5.5555555555555566e-02  1.2193587842310576e+00  1.3247702001043906e+00  8.5379746827561831e-01
2657   1.6666666666666669e-01  1.2193587842310576e+00  1.3247702001043906e+00  8.5379746827561853e-01
2658   3.3333333333333337e-01  1.2193587842310576e+00  1.3247702001043906e+00  8.5379746827561853e-01
2659   4.9999999999999994e-01  1.2193587842310576e+00  1.3247702001043906e+00  8.5379746827561853e-01
2660   6.6666666666666674e-01  1.2193587842310576e+00  1.3247702001043906e+00  8.5379746827561831e-01
2661   8.3333333333333348e-01  1.2193587842310576e+00  1.3247702001043908e+00  8.5379746827561831e-01
2662   9.4444444444444431e-01  1.2193587842310576e+00  1.3247702001043906e+00  8.5379746827561831e-01
2663   1.0000000000000000e+00  1.2193587842310576e+00  1.3247702001043906e+00  8.5379746827561831e-01
2664   0.0000000000000000e+00  1.2871009389105610e+00  1.3983685445546346e+00  8.5379746827561831e-01
2665   5.5555555555555566e-02  1.2871009389105610e+00  1.3983685445546346e+00  8.5379746827561831e-01
2666   1.6666666666666669e-01  1.2871009389105612e+00  1.3983685445546350e+00  8.5379746827561831e-01
2667   3.3333333333333331e-01  1.2871009389105610e+00  1.3983685445546348e+00  8.5379746827561853e-01
2668   5.0000000000000000e-01  1.2871009389105612e+00  1.3983685445546350e+00  8.5379746827561831e-01
2669   6.6666666666666674e-01  1.2871009389105610e+00  1.3983685445546346e+00  8.5379746827561831e-01
2670   8.3333333333333348e-01  1.2871009389105610e+00  1.3983685445546346e+00  8.5379746827561831e-01
2671   9.4444444444444453e-01  1.2871009389105610e+00  1.3983685445546346e+00  8.5379746827561831e-01
2672   1.0000000000000000e+00  1.2871009389105610e+00  1.3983685445546346e+00  8.5379746827561831e-01
2673   0.0000000000000000e+00  1.3322623753635630e+00  1.4474341075214638e+00  8.5379746827561831e-01
2674   5.5555555555555559e-02  1.3322623753635632e+00  1.4474341075214641e+00  8.5379746827561831e-01
2675   1.6666666666666669e-01  1.3322623753635632e+00  1.4474341075214643e+00  8.5379746827561831e-01
2676   3.3333333333333331e-01  1.3322623753635627e+00  1.4474341075214638e+00  8.5379746827561853e-01
2677   5.0000000000000000e-01  1.3322623753635632e+00  1.4474341075214643e+00  8.5379746827561831e-01
2678   6.6666666666666674e-01  1.3322623753635630e+00  1.4474341075214638e+00  8.5379746827561831e-01
2679   8.3333333333333348e-01  1.3322623753635630e+00  1.4474341075214638e+00  8.5379746827561831e-01
2680   9.4444444444444431e-01  1.3322623753635630e+00  1.4474341075214638e+00  8.5379746827561831e-01
2681   1.0000000000000000e+00  1.3322623753635630e+00  1.4474341075214638e+00  8.5379746827561831e-01
2682   0.0000000000000000e+00  1.3548430935900642e+00  1.4719668890048787e+00  8.5379746827561831e-01
2683   5.5555555555555559e-02  1.3548430935900642e+00  1.4719668890048787e+00  8.5379746827561831e-01
2684   1.6666666666666669e-01  1.3548430935900642e+00  1.4719668890048787e+00  8.5379746827561831e-01
2685   3.3333333333333331e-01  1.3548430935900639e+00  1.4719668890048785e+00  8.5379746827561853e-01
2686   5.0000000000000000e-01  1.3548430935900642e+00  1.4719668890048787e+00  8.5379746827561831e-01
2687   6.6666666666666674e-01  1.3548430935900642e+00  1.4719668890048787e+00  8.5379746827561831e-01
2688   8.3333333333333348e-01  1.3548430935900642e+00  1.4719668890048787e+00  8.5379746827561831e-01
2689   9.4444444444444431e-01  1.3548430935900642e+00  1.4719668890048787e+00  8.5379746827561831e-01
2690   1.0000000000000000e+00  1.3548430935900642e+00  1.4719668890048787e+00  8.5379746827561831e-01
2691   0.0000000000000000e+00  6.4639940872764745e-01  7.6337272630912867e-01  8.5489581784616875e-01
2692   5.5555555555555559e-02  6.4639940872764745e-01  7.6337272630912867e-01  8.5489581784616875e-01
2693   1.6666666666666666e-01  6.4639940872764745e-01  7.6337272630912867e-01  8.5489581784616886e-01
2694   3.3333333333333331e-01  6.4639940872764734e-01  7.6337272630912878e-01  8.5489581784616897e-01
2695   4.9999999999999994e-01  6.4639940872764745e-01  7.6337272630912867e-01  8.5489581784616886e-01
2696   6.6666666666666674e-01  6.4639940872764745e-01  7.6337272630912867e-01  8.5489581784616875e-01
2697   8.3333333333333337e-01  6.4639940872764745e-01  7.6337272630912867e-01  8.5489581784616875e-01
2698   9.4444444444444442e-01  6.4639940872764745e-01  7.6337272630912867e-01  8.5489581784616875e-01
2699   1.0000000000000000e+00  6.4639940872764745e-01  7.6337272630912867e-01  8.5489581784616875e-01
2700   0.0000000000000000e+00  6.6794605568523568e-01  7.8881848385276643e-01  8.5489581784616875e-01
2701   5.5555555555555559e-02  6.6794605568523568e-01  7.8881848385276643e-01  8.5489581784616875e-01
2702   1.6666666666666666e-01  6.6794605568523568e-01  7.8881848385276632e-01  8.5489581784616886e-01
2703   3.3333333333333331e-01  6.6794605568523557e-01  7.8881848385276621e-01  8.5489581784616897e-01
2704   4.9999999999999994e-01  6.6794605568523568e-01  7.8881848385276632e-01  8.5489581784616886e-01
2705   6.6666666666666674e-01  6.6794605568523568e-01  7.8881848385276632e-01  8.5489581784616875e-01
2706   8.3333333333333348e-01  6.6794605568523568e-01  7.8881848385276643e-01  8.5489581784616875e-01
2707   9.4444444444444442e-01  6.6794605568523568e-01  7.8881848385276643e-01  8.5489581784616875e-01
2708   1.0000000000000000e+00  6.6794605568523568e-01  7.8881848385276643e-01  8.5489581784616875e-01
2709   0.0000000000000000e+00  7.1103934960041237e-01  8.3970999894004184e-01  8.5489581784616875e-01
2710   5.5555555555555559e-02  7.1103934960041237e-01  8.3970999894004184e-01  8.5489581784616875e-01
2711   1.6666666666666666e-01  7.1103934960041226e-01  8.3970999894004172e-01  8.5489581784616886e-01
2712   3.3333333333333326e-01  7.1103934960041215e-01  8.3970999894004150e-01  8.5489581784616908e-01
2713   4.9999999999999994e-01  7.1103934960041226e-01  8.3970999894004172e-01  8.5489581784616886e-01
2714   6.6666666666666674e-01  7.1103934960041226e-01  8.3970999894004172e-01  8.5489581784616875e-01
2715   8.3333333333333348e-01  7.1103934960041237e-01  8.3970999894004184e-01  8.5489581784616875e-01
2716   9.4444444444444464e-01  7.1103934960041237e-01  8.3970999894004184e-01  8.5489581784616875e-01
2717   1.0000000000000000e+00  7.1103934960041237e-01  8.3970999894004184e-01  8.5489581784616875e-01
2718   0.0000000000000000e+00  7.7567929047317696e-01  9.1604727157095434e-01  8.5489581784616875e-01
2719   5.5555555555555559e-02  7.7567929047317696e-01  9.1604727157095445e-01  8.5489581784616875e-01
2720   1.6666666666666666e-01  7.7567929047317685e-01  9.1604727157095456e-01  8.5489581784616886e-01
2721   3.3333333333333331e-01  7.7567929047317685e-01  9.1604727157095434e-01  8.5489581784616897e-01
2722   4.9999999999999994e-01  7.7567929047317685e-01  9.1604727157095445e-01  8.5489581784616886e-01
2723   6.6666666666666674e-01  7.7567929047317696e-01  9.1604727157095434e-01  8.5489581784616875e-01
2724   8.3333333333333337e-01  7.7567929047317696e-01  9.1604727157095456e-01  8.5489581784616875e-01
2725   9.4444444444444453e-01  7.7567929047317696e-01  9.1604727157095434e-01  8.5489581784616875e-01
2726   1.0000000000000000e+00  7.7567929047317696e-01  9.1604727157095434e-01  8.5489581784616875e-01
2727   0.0000000000000000e+00  8.4031923134594166e-01  9.9238454420186728e-01  8.5489581784616875e-01
2728   5.5555555555555559e-02  8.4031923134594178e-01  9.9238454420186728e-01  8.5489581784616875e-01
2729   1.6666666666666666e-01  8.4031923134594155e-01  9.9238454420186706e-01  8.5489581784616897e-01
2730   3.3333333333333331e-01  8.4031923134594155e-01  9.9238454420186706e-01  8.5489581784616897e-01
2731   4.9999999999999989e-01  8.4031923134594144e-01  9.9238454420186706e-01  8.5489581784616897e-01
2732   6.6666666666666674e-01  8.4031923134594166e-01  9.9238454420186728e-01  8.5489581784616875e-01
2733   8.3333333333333337e-01  8.4031923134594178e-01  9.9238454420186728e-01  8.5489581784616875e-01
2734   9.4444444444444442e-01  8.4031923134594166e-01  9.9238454420186728e-01  8.5489581784616875e-01
2735   1.0000000000000000e+00  8.4031923134594166e-01  9.9238454420186728e-01  8.5489581784616875e-01
2736   0.0000000000000000e+00  9.0495917221870648e-01  1.0687218168327803e+00  8.5489581784616875e-01
2737   5.5555555555555546e-02  9.0495917221870648e-01  1.0687218168327803e+00  8.5489581784616875e-01
2738   1.6666666666666666e-01  9.0495917221870636e-01  1.0687218168327801e+00  8.5489581784616886e-01
2739   3.3333333333333331e-01  9.0495917221870636e-01  1.0687218168327801e+00  8.5489581784616886e-01
2740   4.9999999999999994e-01  9.0495917221870636e-01  1.0687218168327801e+00  8.5489581784616886e-01
2741   6.6666666666666674e-01  9.0495917221870648e-01  1.0687218168327803e+00  8.5489581784616875e-01
2742   8.3333333333333337e-01  9.0495917221870648e-01  1.0687218168327803e+00  8.5489581784616875e-01
2743   9.4444444444444420e-01  9.0495917221870648e-01  1.0687218168327803e+00  8.5489581784616875e-01
2744   1.0000000000000000e+00  9.0495917221870648e-01  1.0687218168327803e+00  8.5489581784616875e-01
2745   0.0000000000000000e+00  9.6959911309147140e-01  1.1450590894636932e+00  8.5489581784616875e-01
2746   5.5555555555555559e-02  9.6959911309147140e-01  1.1450590894636934e+00  8.5489581784616875e-01
2747   1.6666666666666666e-01  9.6959911309147118e-01  1.1450590894636929e+00  8.5489581784616897e-01
2748   3.3333333333333331e-01  9.6959911309147118e-01  1.1450590894636929e+00  8.5489581784616897e-01
2749   4.9999999999999989e-01  9.6959911309147118e-01  1.1450590894636929e+00  8.5489581784616897e-01
2750   6.6666666666666674e-01  9.6959911309147140e-01  1.1450590894636932e+00  8.5489581784616875e-01
2751   8.3333333333333326e-01  9.6959911309147118e-01  1.1450590894636929e+00  8.5489581784616897e-01
2752   9.4444444444444464e-01  9.6959911309147140e-01  1.1450590894636932e+00  8.5489581784616875e-01
2753   1.0000000000000000e+00  9.6959911309147140e-01  1.1450590894636932e+00  8.5489581784616875e-01
2754   0.0000000000000000e+00  1.0342390539642357e+00  1.2213963620946058e+00  8.5489581784616897e-01
2755   5.5555555555555546e-02  1.0342390539642357e+00  1.2213963620946058e+00  8.5489581784616897e-01
2756   1.6666666666666666e-01  1.0342390539642359e+00  1.2213963620946060e+00  8.5489581784616897e-01
2757   3.3333333333333331e-01  1.0342390539642361e+00  1.2213963620946060e+00  8.5489581784616897e-01
2758   4.9999999999999989e-01  1.0342390539642361e+00  1.2213963620946060e+00  8.5489581784616897e-01
2759   6.6666666666666663e-01  1.0342390539642357e+00  1.2213963620946058e+00  8.5489581784616897e-01
2760   8.3333333333333315e-01  1.0342390539642357e+00  1.2213963620946058e+00  8.5489581784616897e-01
2761   9.4444444444444442e-01  1.0342390539642357e+00  1.2213963620946058e+00  8.5489581784616897e-01
2762   1.0000000000000000e+00  1.0342390539642357e+00  1.2213963620946058e+00  8.5489581784616897e-01
2763   0.0000000000000000e+00  1.0988789948370008e+00  1.2977336347255188e+00  8.5489581784616875e-01
2764   5.5555555555555559e-02  1.0988789948370008e+00  1.2977336347255188e+00  8.5489581784616875e-01
2765   1.6666666666666669e-01  1.0988789948370008e+00  1.2977336347255188e+00  8.5489581784616875e-01
2766   3.3333333333333331e-01  1.0988789948370006e+00  1.2977336347255188e+00  8.5489581784616897e-01
2767   5.0000000000000000e-01  1.0988789948370008e+00  1.2977336347255188e+00  8.5489581784616875e-01
2768   6.6666666666666674e-01  1.0988789948370008e+00  1.2977336347255188e+00  8.5489581784616875e-01
2769   8.3333333333333337e-01  1.0988789948370008e+00  1.2977336347255188e+00  8.5489581784616875e-01
2770   9.4444444444444464e-01  1.0988789948370008e+00  1.2977336347255188e+00  8.5489581784616875e-01
2771   1.0000000000000000e+00  1.0988789948370008e+00  1.2977336347255188e+00  8.5489581784616875e-01
2772   0.0000000000000000e+00  1.1635189357097653e+00  1.3740709073564317e+00  8.5489581784616875e-01
2773   5.5555555555555559e-02  1.1635189357097653e+00  1.3740709073564317e+00  8.5489581784616875e-01
2774   1.6666666666666666e-01  1.1635189357097653e+00  1.3740709073564314e+00  8.5489581784616897e-01
2775   3.3333333333333331e-01  1.1635189357097655e+00  1.3740709073564317e+00  8.5489581784616897e-01
2776   4.9999999999999989e-01  1.1635189357097653e+00  1.3740709073564314e+00  8.5489581784616897e-01
2777   6.6666666666666674e-01  1.1635189357097653e+00  1.3740709073564317e+00  8.5489581784616875e-01
2778   8.3333333333333337e-01  1.1635189357097653e+00  1.3740709073564319e+00  8.5489581784616875e-01
2779   9.4444444444444442e-01  1.1635189357097653e+00  1.3740709073564317e+00  8.5489581784616875e-01
2780   1.0000000000000000e+00  1.1635189357097653e+00  1.3740709073564317e+00  8.5489581784616875e-01
2781   0.0000000000000000e+00  1.2281588765825302e+00  1.4504081799873445e+00  8.5489581784616875e-01
2782   5.5555555555555559e-02  1.2281588765825304e+00  1.4504081799873445e+00  8.5489581784616875e-01
2783   1.6666666666666666e-01  1.2281588765825304e+00  1.4504081799873447e+00  8.5489581784616886e-01
2784   3.3333333333333331e-01  1.2281588765825300e+00  1.4504081799873445e+00  8.5489581784616897e-01
2785   4.9999999999999994e-01  1.2281588765825304e+00  1.4504081799873447e+00  8.5489581784616886e-01
2786   6.6666666666666674e-01  1.2281588765825302e+00  1.4504081799873445e+00  8.5489581784616875e-01
2787   8.3333333333333337e-01  1.2281588765825302e+00  1.4504081799873445e+00  8.5489581784616875e-01
2788   9.4444444444444464e-01  1.2281588765825302e+00  1.4504081799873445e+00  8.5489581784616875e-01
2789   1.0000000000000000e+00  1.2281588765825302e+00  1.4504081799873445e+00  8.5489581784616875e-01
2790   0.0000000000000000e+00  1.2712521704977067e+00  1.5012996950746198e+00  8.5489581784616875e-01
2791   5.5555555555555559e-02  1.2712521704977067e+00  1.5012996950746198e+00  8.5489581784616875e-01
2792   1.6666666666666669e-01  1.2712521704977067e+00  1.5012996950746200e+00  8.5489581784616875e-01
2793   3.3333333333333331e-01  1.2712521704977067e+00  1.5012996950746198e+00  8.5489581784616897e-01
2794   5.0000000000000000e-01  1.2712521704977067e+00  1.5012996950746200e+00  8.5489581784616875e-01
2795   6.6666666666666674e-01  1.2712521704977067e+00  1.5012996950746198e+00  8.5489581784616875e-01
2796   8.3333333333333337e-01  1.2712521704977067e+00  1.5012996950746198e+00  8.5489581784616875e-01
2797   9.4444444444444442e-01  1.2712521704977067e+00  1.5012996950746198e+00  8.5489581784616875e-01
2798   1.0000000000000000e+00  1.2712521704977067e+00  1.5012996950746198e+00  8.5489581784616875e-01
2799   0.0000000000000000e+00  1.2927988174552949e+00  1.5267454526182573e+00  8.5489581784616875e-01
2800   5.5555555555555559e-02  1.2927988174552949e+00  1.5267454526182573e+00  8.5489581784616875e-01
2801   1.6666666666666666e-01  1.2927988174552949e+00  1.5267454526182573e+00  8.5489581784616886e-01
2802   3.3333333333333331e-01  1.2927988174552947e+00  1.5267454526182576e+00  8.5489581784616897e-01
2803   4.9999999999999994e-01  1.2927988174552949e+00  1.5267454526182573e+00  8.5489581784616886e-01
2804   6.6666666666666674e-01  1.2927988174552949e+00  1.5267454526182573e+00  8.5489581784616875e-01
2805   8.3333333333333337e-01  1.2927988174552949e+00  1.5267454526182573e+00  8.5489581784616875e-01
2806   9.4444444444444442e-01  1.2927988174552949e+00  1.5267454526182573e+00  8.5489581784616875e-01
2807   1.0000000000000000e+00  1.2927988174552949e+00  1.5267454526182573e+00  8.5489581784616875e-01
2808   0.0000000000000000e+00  6.1432650320124427e-01  7.8941157110484084e-01  8.5672640046375292e-01
2809   5.5555555555555552e-02  6.1432650320124449e-01  7.8941157110484084e-01  8.5672640046375292e-01
2810   1.6666666666666669e-01  6.1432650320124449e-01  7.8941157110484084e-01  8.5672640046375292e-01
2811   3.3333333333333331e-01  6.1432650320124427e-01  7.8941157110484095e-01  8.5672640046375315e-01
2812   5.0000000000000000e-01  6.1432650320124449e-01  7.8941157110484084e-01  8.5672640046375292e-01
2813   6.6666666666666674e-01  6.1432650320124449e-01  7.8941157110484084e-01  8.5672640046375292e-01
2814   8.3333333333333348e-01  6.1432650320124449e-01  7.8941157110484084e-01  8.5672640046375292e-01
2815   9.4444444444444442e-01  6.1432650320124427e-01  7.8941157110484084e-01  8.5672640046375292e-01
2816   1.0000000000000000e+00  6.1432650320124427e-01  7.8941157110484084e-01  8.5672640046375292e-01
2817   0.0000000000000000e+00  6.3480405330795242e-01  8.1572529014166884e-01  8.5672640046375292e-01
2818   5.5555555555555552e-02  6.3480405330795253e-01  8.1572529014166884e-01  8.5672640046375292e-01
2819   1.6666666666666669e-01  6.3480405330795253e-01  8.1572529014166884e-01  8.5672640046375292e-01
2820   3.3333333333333331e-01  6.3480405330795242e-01  8.1572529014166884e-01  8.5672640046375315e-01
2821   5.0000000000000000e-01  6.3480405330795253e-01  8.1572529014166884e-01  8.5672640046375292e-01
2822   6.6666666666666674e-01  6.3480405330795253e-01  8.1572529014166872e-01  8.5672640046375292e-01
2823   8.3333333333333348e-01  6.3480405330795253e-01  8.1572529014166884e-01  8.5672640046375292e-01
2824   9.4444444444444442e-01  6.3480405330795242e-01  8.1572529014166884e-01  8.5672640046375292e-01
2825   1.0000000000000000e+00  6.3480405330795242e-01  8.1572529014166884e-01  8.5672640046375292e-01
2826   0.0000000000000000e+00  6.7575915352136895e-01  8.6835272821532505e-01  8.5672640046375292e-01
2827   5.5555555555555559e-02  6.7575915352136895e-01  8.6835272821532505e-01  8.5672640046375292e-01
2828   1.6666666666666669e-01  6.7575915352136895e-01  8.6835272821532505e-01  8.5672640046375292e-01
2829   3.3333333333333331e-01  6.7575915352136895e-01  8.6835272821532494e-01  8.5672640046375315e-01
2830   5.0000000000000000e-01  6.7575915352136895e-01  8.6835272821532505e-01  8.5672640046375292e-01
2831   6.6666666666666674e-01  6.7575915352136884e-01  8.6835272821532505e-01  8.5672640046375292e-01
2832   8.3333333333333348e-01  6.7575915352136895e-01  8.6835272821532505e-01  8.5672640046375292e-01
2833   9.4444444444444453e-01  6.7575915352136895e-01  8.6835272821532505e-01  8.5672640046375292e-01
2834   1.0000000000000000e+00  6.7575915352136895e-01  8.6835272821532505e-01  8.5672640046375292e-01
2835   0.0000000000000000e+00  7.3719180384149319e-01  9.4729388532580894e-01  8.5672640046375292e-01
2836   5.5555555555555552e-02  7.3719180384149330e-01  9.4729388532580905e-01  8.5672640046375292e-01
2837   1.6666666666666669e-01  7.3719180384149341e-01  9.4729388532580916e-01  8.5672640046375292e-01
2838   3.3333333333333331e-01  7.3719180384149330e-01  9.4729388532580894e-01  8.5672640046375315e-01
2839   5.0000000000000000e-01  7.3719180384149330e-01  9.4729388532580916e-01  8.5672640046375292e-01
2840   6.6666666666666674e-01  7.3719180384149319e-01  9.4729388532580894e-01  8.5672640046375292e-01
2841   8.3333333333333348e-01  7.3719180384149330e-01  9.4729388532580916e-01  8.5672640046375292e-01
2842   9.4444444444444442e-01  7.3719180384149319e-01  9.4729388532580894e-01  8.5672640046375292e-01
2843   1.0000000000000000e+00  7.3719180384149319e-01  9.4729388532580894e-01  8.5672640046375292e-01
2844   0.0000000000000000e+00  7.9862445416161776e-01  1.0262350424362932e+00  8.5672640046375281e-01
2845   5.5555555555555559e-02  7.9862445416161787e-01  1.0262350424362932e+00  8.5672640046375281e-01
2846   1.6666666666666666e-01  7.9862445416161776e-01  1.0262350424362929e+00  8.5672640046375304e-01
2847   3.3333333333333331e-01  7.9862445416161776e-01  1.0262350424362929e+00  8.5672640046375304e-01
2848   4.9999999999999989e-01  7.9862445416161776e-01  1.0262350424362929e+00  8.5672640046375304e-01
2849   6.6666666666666685e-01  7.9862445416161765e-01  1.0262350424362932e+00  8.5672640046375281e-01
2850   8.3333333333333348e-01  7.9862445416161765e-01  1.0262350424362932e+00  8.5672640046375292e-01
2851   9.4444444444444453e-01  7.9862445416161776e-01  1.0262350424362932e+00  8.5672640046375281e-01
2852   1.0000000000000000e+00  7.9862445416161776e-01  1.0262350424362932e+00  8.5672640046375281e-01
2853   0.0000000000000000e+00  8.6005710448174222e-01  1.1051761995467773e+00  8.5672640046375292e-01
2854   5.5555555555555546e-02  8.6005710448174222e-01  1.1051761995467773e+00  8.5672640046375292e-01
2855   1.6666666666666669e-01  8.6005710448174222e-01  1.1051761995467775e+00  8.5672640046375292e-01
2856   3.3333333333333337e-01  8.6005710448174222e-01  1.1051761995467775e+00  8.5672640046375292e-01
2857   5.0000000000000000e-01  8.6005710448174222e-01  1.1051761995467773e+00  8.5672640046375292e-01
2858   6.6666666666666674e-01  8.6005710448174222e-01  1.1051761995467773e+00  8.5672640046375292e-01
2859   8.3333333333333348e-01  8.6005710448174222e-01  1.1051761995467773e+00  8.5672640046375292e-01
2860   9.4444444444444442e-01  8.6005710448174222e-01  1.1051761995467773e+00  8.5672640046375292e-01
2861   1.0000000000000000e+00  8.6005710448174222e-01  1.1051761995467773e+00  8.5672640046375292e-01
2862   0.0000000000000000e+00  9.2148975480186668e-01  1.1841173566572614e+00  8.5672640046375292e-01
2863   5.5555555555555552e-02  9.2148975480186668e-01  1.1841173566572614e+00  8.5672640046375292e-01
2864   1.6666666666666660e-01  9.2148975480186646e-01  1.1841173566572614e+00  8.5672640046375315e-01
2865   3.3333333333333331e-01  9.2148975480186657e-01  1.1841173566572614e+00  8.5672640046375315e-01
2866   4.9999999999999994e-01  9.2148975480186657e-01  1.1841173566572611e+00  8.5672640046375315e-01
2867   6.6666666666666663e-01  9.2148975480186668e-01  1.1841173566572614e+00  8.5672640046375292e-01
2868   8.3333333333333326e-01  9.2148975480186657e-01  1.1841173566572614e+00  8.5672640046375304e-01
2869   9.4444444444444453e-01  9.2148975480186668e-01  1.1841173566572614e+00  8.5672640046375292e-01
2870   1.0000000000000000e+00  9.2148975480186668e-01  1.1841173566572614e+00  8.5672640046375292e-01
2871   0.0000000000000000e+00  9.8292240512199092e-01  1.2630585137677455e+00  8.5672640046375304e-01
2872   5.5555555555555546e-02  9.8292240512199103e-01  1.2630585137677455e+00  8.5672640046375304e-01
2873   1.6666666666666666e-01  9.8292240512199092e-01  1.2630585137677453e+00  8.5672640046375315e-01
2874   3.3333333333333331e-01  9.8292240512199092e-01  1.2630585137677453e+00  8.5672640046375315e-01
2875   4.9999999999999994e-01  9.8292240512199092e-01  1.2630585137677453e+00  8.5672640046375315e-01
2876   6.6666666666666663e-01  9.8292240512199092e-01  1.2630585137677455e+00  8.5672640046375304e-01
2877   8.3333333333333337e-01  9.8292240512199103e-01  1.2630585137677455e+00  8.5672640046375304e-01
2878   9.4444444444444442e-01  9.8292240512199092e-01  1.2630585137677455e+00  8.5672640046375304e-01
2879   1.0000000000000000e+00  9.8292240512199092e-01  1.2630585137677455e+00  8.5672640046375304e-01
2880   0.0000000000000000e+00  1.0443550554421155e+00  1.3419996708782296e+00  8.5672640046375292e-01
2881   5.5555555555555552e-02  1.0443550554421155e+00  1.3419996708782296e+00  8.5672640046375292e-01
2882   1.6666666666666669e-01  1.0443550554421155e+00  1.3419996708782296e+00  8.5672640046375292e-01
2883   3.3333333333333331e-01  1.0443550554421155e+00  1.3419996708782294e+00  8.5672640046375315e-01
2884   5.0000000000000000e-01  1.0443550554421155e+00  1.3419996708782296e+00  8.5672640046375292e-01
2885   6.6666666666666674e-01  1.0443550554421155e+00  1.3419996708782296e+00  8.5672640046375292e-01
2886   8.3333333333333348e-01  1.0443550554421155e+00  1.3419996708782296e+00  8.5672640046375292e-01
2887   9.4444444444444453e-01  1.0443550554421155e+00  1.3419996708782296e+00  8.5672640046375292e-01
2888   1.0000000000000000e+00  1.0443550554421155e+00  1.3419996708782296e+00  8.5672640046375292e-01
2889   0.0000000000000000e+00  1.1057877057622398e+00  1.4209408279887137e+00  8.5672640046375292e-01
2890   5.5555555555555552e-02  1.1057877057622398e+00  1.4209408279887137e+00  8.5672640046375292e-01
2891   1.6666666666666666e-01  1.1057877057622396e+00  1.4209408279887135e+00  8.5672640046375315e-01
2892   3.3333333333333331e-01  1.1057877057622398e+00  1.4209408279887135e+00  8.5672640046375315e-01
2893   4.9999999999999994e-01  1.1057877057622398e+00  1.4209408279887135e+00  8.5672640046375315e-01
2894   6.6666666666666674e-01  1.1057877057622398e+00  1.4209408279887137e+00  8.5672640046375292e-01
2895   8.3333333333333348e-01  1.1057877057622398e+00  1.4209408279887139e+00  8.5672640046375292e-01
2896   9.4444444444444442e-01  1.1057877057622398e+00  1.4209408279887137e+00  8.5672640046375292e-01
2897   1.0000000000000000e+00  1.1057877057622398e+00  1.4209408279887137e+00  8.5672640046375292e-01
2898   0.0000000000000000e+00  1.1672203560823642e+00  1.4998819850991976e+00  8.5672640046375292e-01
2899   5.5555555555555552e-02  1.1672203560823646e+00  1.4998819850991978e+00  8.5672640046375292e-01
2900   1.6666666666666669e-01  1.1672203560823646e+00  1.4998819850991978e+00  8.5672640046375292e-01
2901   3.3333333333333331e-01  1.1672203560823642e+00  1.4998819850991978e+00  8.5672640046375315e-01
2902   5.0000000000000000e-01  1.1672203560823646e+00  1.4998819850991978e+00  8.5672640046375292e-01
2903   6.6666666666666674e-01  1.1672203560823642e+00  1.4998819850991976e+00  8.5672640046375292e-01
2904   8.3333333333333348e-01  1.1672203560823642e+00  1.4998819850991976e+00  8.5672640046375292e-01
2905   9.4444444444444453e-01  1.1672203560823642e+00  1.4998819850991976e+00  8.5672640046375292e-01
2906   1.0000000000000000e+00  1.1672203560823642e+00  1.4998819850991976e+00  8.5672640046375292e-01
2907   0.0000000000000000e+00  1.2081754562957807e+00  1.5525094231728536e+00  8.5672640046375292e-01
2908   5.5555555555555552e-02  1.2081754562957807e+00  1.5525094231728538e+00  8.5672640046375292e-01
2909   1.6666666666666669e-01  1.2081754562957807e+00  1.5525094231728538e+00  8.5672640046375292e-01
2910   3.3333333333333331e-01  1.2081754562957805e+00  1.5525094231728538e+00  8.5672640046375315e-01
2911   5.0000000000000000e-01  1.2081754562957807e+00  1.5525094231728538e+00  8.5672640046375292e-01
2912   6.6666666666666674e-01  1.2081754562957807e+00  1.5525094231728536e+00  8.5672640046375292e-01
2913   8.3333333333333348e-01  1.2081754562957807e+00  1.5525094231728536e+00  8.5672640046375292e-01
2914   9.4444444444444442e-01  1.2081754562957807e+00  1.5525094231728536e+00  8.5672640046375292e-01
2915   1.0000000000000000e+00  1.2081754562957807e+00  1.5525094231728536e+00  8.5672640046375292e-01
2916   0.0000000000000000e+00  1.2286530064024885e+00  1.5788231422096817e+00  8.5672640046375292e-01
2917   5.5555555555555552e-02  1.2286530064024890e+00  1.5788231422096817e+00  8.5672640046375292e-01
2918   1.6666666666666669e-01  1.2286530064024890e+00  1.5788231422096817e+00  8.5672640046375292e-01
2919   3.3333333333333331e-01  1.2286530064024885e+00  1.5788231422096819e+00  8.5672640046375315e-01
2920   5.0000000000000000e-01  1.2286530064024890e+00  1.5788231422096817e+00  8.5672640046375292e-01
2921   6.6666666666666674e-01  1.2286530064024890e+00  1.5788231422096817e+00  8.5672640046375292e-01
2922   8.3333333333333348e-01  1.2286530064024890e+00  1.5788231422096817e+00  8.5672640046375292e-01
2923   9.4444444444444442e-01  1.2286530064024885e+00  1.5788231422096817e+00  8.5672640046375292e-01
2924   1.0000000000000000e+00  1.2286530064024885e+00  1.5788231422096817e+00  8.5672640046375292e-01
2925   0.0000000000000000e+00  5.8129153733855687e-01  8.1404204350820686e-01  8.5928921612837050e-01
2926   5.5555555555555559e-02  5.8129153733855687e-01  8.1404204350820686e-01  8.5928921612837050e-01
2927   1.6666666666666666e-01  5.8129153733855665e-01  8.1404204350820664e-01  8.5928921612837084e-01
2928   3.3333333333333331e-01  5.8129153733855665e-01  8.1404204350820664e-01  8.5928921612837084e-01
2929   4.9999999999999989e-01  5.8129153733855665e-01  8.1404204350820664e-01  8.5928921612837084e-01
2930   6.6666666666666674e-01  5.8129153733855687e-01  8.1404204350820686e-01  8.5928921612837050e-01
2931   8.3333333333333348e-01  5.8129153733855687e-01  8.1404204350820686e-01  8.5928921612837050e-01
2932   9.4444444444444442e-01  5.8129153733855687e-01  8.1404204350820686e-01  8.5928921612837050e-01
2933   1.0000000000000000e+00  5.8129153733855687e-01  8.1404204350820686e-01  8.5928921612837050e-01
2934   0.0000000000000000e+00  6.0066792191650864e-01  8.4117677829181359e-01  8.5928921612837073e-01
2935   5.5555555555555546e-02  6.0066792191650864e-01  8.4117677829181359e-01  8.5928921612837073e-01
2936   1.6666666666666666e-01  6.0066792191650853e-01  8.4117677829181359e-01  8.5928921612837084e-01
2937   3.3333333333333331e-01  6.0066792191650864e-01  8.4117677829181359e-01  8.5928921612837084e-01
2938   4.9999999999999994e-01  6.0066792191650853e-01  8.4117677829181359e-01  8.5928921612837084e-01
2939   6.6666666666666663e-01  6.0066792191650864e-01  8.4117677829181359e-01  8.5928921612837073e-01
2940   8.3333333333333337e-01  6.0066792191650864e-01  8.4117677829181359e-01  8.5928921612837073e-01
2941   9.4444444444444420e-01  6.0066792191650864e-01  8.4117677829181359e-01  8.5928921612837073e-01
2942   1.0000000000000000e+00  6.0066792191650864e-01  8.4117677829181359e-01  8.5928921612837073e-01
2943   0.0000000000000000e+00  6.3942069107241251e-01  8.9544624785902749e-01  8.5928921612837073e-01
2944   5.5555555555555559e-02  6.3942069107241251e-01  8.9544624785902749e-01  8.5928921612837073e-01
2945   1.6666666666666666e-01  6.3942069107241251e-01  8.9544624785902738e-01  8.5928921612837084e-01
2946   3.3333333333333331e-01  6.3942069107241251e-01  8.9544624785902738e-01  8.5928921612837084e-01
2947   4.9999999999999994e-01  6.3942069107241251e-01  8.9544624785902738e-01  8.5928921612837084e-01
2948   6.6666666666666674e-01  6.3942069107241239e-01  8.9544624785902727e-01  8.5928921612837073e-01
2949   8.3333333333333337e-01  6.3942069107241251e-01  8.9544624785902749e-01  8.5928921612837073e-01
2950   9.4444444444444431e-01  6.3942069107241251e-01  8.9544624785902749e-01  8.5928921612837073e-01
2951   1.0000000000000000e+00  6.3942069107241251e-01  8.9544624785902749e-01  8.5928921612837073e-01
2952   0.0000000000000000e+00  6.9754984480626803e-01  9.7685045220984801e-01  8.5928921612837073e-01
2953   5.5555555555555552e-02  6.9754984480626803e-01  9.7685045220984801e-01  8.5928921612837073e-01
2954   1.6666666666666666e-01  6.9754984480626814e-01  9.7685045220984801e-01  8.5928921612837084e-01
2955   3.3333333333333331e-01  6.9754984480626814e-01  9.7685045220984801e-01  8.5928921612837084e-01
2956   4.9999999999999994e-01  6.9754984480626803e-01  9.7685045220984801e-01  8.5928921612837084e-01
2957   6.6666666666666663e-01  6.9754984480626803e-01  9.7685045220984801e-01  8.5928921612837073e-01
2958   8.3333333333333326e-01  6.9754984480626803e-01  9.7685045220984812e-01  8.5928921612837073e-01
2959   9.4444444444444420e-01  6.9754984480626803e-01  9.7685045220984801e-01  8.5928921612837073e-01
2960   1.0000000000000000e+00  6.9754984480626803e-01  9.7685045220984801e-01  8.5928921612837073e-01
2961   0.0000000000000000e+00  7.5567899854012410e-01  1.0582546565606687e+00  8.5928921612837050e-01
2962   5.5555555555555559e-02  7.5567899854012410e-01  1.0582546565606687e+00  8.5928921612837050e-01
2963   1.6666666666666669e-01  7.5567899854012388e-01  1.0582546565606685e+00  8.5928921612837073e-01
2964   3.3333333333333337e-01  7.5567899854012388e-01  1.0582546565606685e+00  8.5928921612837073e-01
2965   4.9999999999999989e-01  7.5567899854012388e-01  1.0582546565606685e+00  8.5928921612837073e-01
2966   6.6666666666666685e-01  7.5567899854012410e-01  1.0582546565606687e+00  8.5928921612837050e-01
2967   8.3333333333333359e-01  7.5567899854012410e-01  1.0582546565606687e+00  8.5928921612837050e-01
2968   9.4444444444444442e-01  7.5567899854012410e-01  1.0582546565606687e+00  8.5928921612837050e-01
2969   1.0000000000000000e+00  7.5567899854012410e-01  1.0582546565606687e+00  8.5928921612837050e-01
2970   0.0000000000000000e+00  8.1380815227397962e-01  1.1396588609114897e+00  8.5928921612837050e-01
2971   5.5555555555555559e-02  8.1380815227397962e-01  1.1396588609114897e+00  8.5928921612837050e-01
2972   1.6666666666666666e-01  8.1380815227397929e-01  1.1396588609114895e+00  8.5928921612837084e-01
2973   3.3333333333333331e-01  8.1380815227397929e-01  1.1396588609114895e+00  8.5928921612837084e-01
2974   4.9999999999999989e-01  8.1380815227397929e-01  1.1396588609114893e+00  8.5928921612837084e-01
2975   6.6666666666666674e-01  8.1380815227397962e-01  1.1396588609114897e+00  8.5928921612837050e-01
2976   8.3333333333333348e-01  8.1380815227397962e-01  1.1396588609114897e+00  8.5928921612837050e-01
2977   9.4444444444444442e-01  8.1380815227397962e-01  1.1396588609114897e+00  8.5928921612837050e-01
2978   1.0000000000000000e+00  8.1380815227397962e-01  1.1396588609114897e+00  8.5928921612837050e-01
2979   0.0000000000000000e+00  8.7193730600783537e-01  1.2210630652623105e+00  8.5928921612837050e-01
2980   5.5555555555555559e-02  8.7193730600783537e-01  1.2210630652623105e+00  8.5928921612837050e-01
2981   1.6666666666666663e-01  8.7193730600783503e-01  1.2210630652623100e+00  8.5928921612837084e-01
2982   3.3333333333333331e-01  8.7193730600783514e-01  1.2210630652623100e+00  8.5928921612837084e-01
2983   4.9999999999999989e-01  8.7193730600783503e-01  1.2210630652623100e+00  8.5928921612837084e-01
2984   6.6666666666666674e-01  8.7193730600783537e-01  1.2210630652623105e+00  8.5928921612837050e-01
2985   8.3333333333333337e-01  8.7193730600783514e-01  1.2210630652623100e+00  8.5928921612837073e-01
2986   9.4444444444444464e-01  8.7193730600783537e-01  1.2210630652623105e+00  8.5928921612837050e-01
2987   1.0000000000000000e+00  8.7193730600783537e-01  1.2210630652623105e+00  8.5928921612837050e-01
2988   0.0000000000000000e+00  9.3006645974169078e-01  1.3024672696131305e+00  8.5928921612837073e-01
2989   5.5555555555555552e-02  9.3006645974169089e-01  1.3024672696131305e+00  8.5928921612837073e-01
2990   1.6666666666666666e-01  9.3006645974169078e-01  1.3024672696131305e+00  8.5928921612837084e-01
2991   3.3333333333333331e-01  9.3006645974169078e-01  1.3024672696131305e+00  8.5928921612837084e-01
2992   4.9999999999999989e-01  9.3006645974169078e-01  1.3024672696131305e+00  8.5928921612837084e-01
2993   6.6666666666666663e-01  9.3006645974169089e-01  1.3024672696131305e+00  8.5928921612837073e-01
2994   8.3333333333333337e-01  9.3006645974169089e-01  1.3024672696131305e+00  8.5928921612837073e-01
2995   9.4444444444444431e-01  9.3006645974169078e-01  1.3024672696131305e+00  8.5928921612837073e-01
2996   1.0000000000000000e+00  9.3006645974169078e-01  1.3024672696131305e+00  8.5928921612837073e-01
2997   0.0000000000000000e+00  9.8819561347554674e-01  1.3838714739639515e+00  8.5928921612837050e-01
2998   5.5555555555555559e-02  9.8819561347554685e-01  1.3838714739639515e+00  8.5928921612837050e-01
2999   1.6666666666666669e-01  9.8819561347554663e-01  1.3838714739639513e+00  8.5928921612837073e-01
3000   3.3333333333333331e-01  9.8819561347554652e-01  1.3838714739639515e+00  8.5928921612837084e-01
3001   4.9999999999999989e-01  9.8819561347554663e-01  1.3838714739639513e+00  8.5928921612837073e-01
3002   6.6666666666666674e-01  9.8819561347554685e-01  1.3838714739639515e+00  8.5928921612837050e-01
3003   8.3333333333333348e-01  9.8819561347554674e-01  1.3838714739639515e+00  8.5928921612837050e-01
3004   9.4444444444444464e-01  9.8819561347554674e-01  1.3838714739639515e+00  8.5928921612837050e-01
3005   1.0000000000000000e+00  9.8819561347554674e-01  1.3838714739639515e+00  8.5928921612837050e-01
3006   0.0000000000000000e+00  1.0463247672094025e+00  1.4652756783147725e+00  8.5928921612837050e-01
3007   5.5555555555555566e-02  1.0463247672094025e+00  1.4652756783147725e+00  8.5928921612837050e-01
3008   1.6666666666666666e-01  1.0463247672094020e+00  1.4652756783147720e+00  8.5928921612837084e-01
3009   3.3333333333333331e-01  1.0463247672094023e+00  1.4652756783147720e+00  8.5928921612837084e-01
3010   4.9999999999999989e-01  1.0463247672094020e+00  1.4652756783147720e+00  8.5928921612837084e-01
3011   6.6666666666666674e-01  1.0463247672094025e+00  1.4652756783147725e+00  8.5928921612837050e-01
3012   8.3333333333333348e-01  1.0463247672094025e+00  1.4652756783147727e+00  8.5928921612837050e-01
3013   9.4444444444444442e-01  1.0463247672094025e+00  1.4652756783147725e+00  8.5928921612837050e-01
3014   1.0000000000000000e+00  1.0463247672094025e+00  1.4652756783147725e+00  8.5928921612837050e-01
3015   0.0000000000000000e+00  1.1044539209432580e+00  1.5466798826655932e+00  8.5928921612837050e-01
3016   5.5555555555555566e-02  1.1044539209432580e+00  1.5466798826655932e+00  8.5928921612837050e-01
3017   1.6666666666666666e-01  1.1044539209432578e+00  1.5466798826655925e+00  8.5928921612837084e-01
3018   3.3333333333333331e-01  1.1044539209432578e+00  1.5466798826655928e+00  8.5928921612837084e-01
3019   4.9999999999999989e-01  1.1044539209432578e+00  1.5466798826655925e+00  8.5928921612837084e-01
3020   6.6666666666666674e-01  1.1044539209432580e+00  1.5466798826655932e+00  8.5928921612837050e-01
3021   8.3333333333333348e-01  1.1044539209432580e+00  1.5466798826655932e+00  8.5928921612837050e-01
3022   9.4444444444444464e-01  1.1044539209432580e+00  1.5466798826655932e+00  8.5928921612837050e-01
3023   1.0000000000000000e+00  1.1044539209432580e+00  1.5466798826655932e+00  8.5928921612837050e-01
3024   0.0000000000000000e+00  1.1432066900991618e+00  1.6009493522328067e+00  8.5928921612837050e-01
3025   5.5555555555555559e-02  1.1432066900991620e+00  1.6009493522328069e+00  8.5928921612837050e-01
3026   1.6666666666666669e-01  1.1432066900991618e+00  1.6009493522328064e+00  8.5928921612837073e-01
3027   3.3333333333333331e-01  1.1432066900991618e+00  1.6009493522328067e+00  8.5928921612837084e-01
3028   4.9999999999999989e-01  1.1432066900991618e+00  1.6009493522328064e+00  8.5928921612837073e-01
3029   6.6666666666666674e-01  1.1432066900991618e+00  1.6009493522328067e+00  8.5928921612837050e-01
3030   8.3333333333333348e-01  1.1432066900991618e+00  1.6009493522328067e+00  8.5928921612837050e-01
3031   9.4444444444444442e-01  1.1432066900991618e+00  1.6009493522328067e+00  8.5928921612837050e-01
3032   1.0000000000000000e+00  1.1432066900991618e+00  1.6009493522328067e+00  8.5928921612837050e-01
3033   0.0000000000000000e+00  1.1625830746771137e+00  1.6280840870164137e+00  8.5928921612837050e-01
3034   5.5555555555555559e-02  1.1625830746771137e+00  1.6280840870164137e+00  8.5928921612837050e-01
3035   1.6666666666666666e-01  1.1625830746771133e+00  1.6280840870164133e+00  8.5928921612837084e-01
3036   3.3333333333333331e-01  1.1625830746771133e+00  1.6280840870164133e+00  8.5928921612837084e-01
3037   4.9999999999999989e-01  1.1625830746771133e+00  1.6280840870164133e+00  8.5928921612837084e-01
3038   6.6666666666666674e-01  1.1625830746771137e+00  1.6280840870164137e+00  8.5928921612837050e-01
3039   8.3333333333333348e-01  1.1625830746771137e+00  1.6280840870164137e+00  8.5928921612837050e-01
3040   9.4444444444444442e-01  1.1625830746771137e+00  1.6280840870164137e+00  8.5928921612837050e-01
3041   1.0000000000000000e+00  1.1625830746771137e+00  1.6280840870164137e+00  8.5928921612837050e-01
3042   0.0000000000000000e+00  5.4738721469829410e-01  8.3721397156171318e-01  8.6258426484002182e-01
3043   5.5555555555555566e-02  5.4738721469829410e-01  8.3721397156171318e-01  8.6258426484002182e-01
3044   1.6666666666666663e-01  5.4738721469829399e-01  8.3721397156171284e-01  8.6258426484002215e-01
3045   3.3333333333333331e-01  5.4738721469829399e-01  8.3721397156171296e-01  8.6258426484002215e-01
3046   4.9999999999999989e-01  5.4738721469829399e-01  8.3721397156171284e-01  8.6258426484002215e-01
3047   6.6666666666666674e-01  5.4738721469829410e-01  8.3721397156171318e-01  8.6258426484002182e-01
3048   8.3333333333333348e-01  5.4738721469829410e-01  8.3721397156171318e-01  8.6258426484002182e-01
3049   9.4444444444444442e-01  5.4738721469829410e-01  8.3721397156171318e-01  8.6258426484002182e-01
3050   1.0000000000000000e+00  5.4738721469829410e-01  8.3721397156171318e-01  8.6258426484002182e-01
3051   0.0000000000000000e+00  5.6563345518823704e-01  8.6512110394710329e-01  8.6258426484002204e-01
3052   5.5555555555555552e-02  5.6563345518823716e-01  8.6512110394710329e-01  8.6258426484002204e-01
3053   1.6666666666666663e-01  5.6563345518823704e-01  8.6512110394710329e-01  8.6258426484002215e-01
3054   3.3333333333333331e-01  5.6563345518823716e-01  8.6512110394710351e-01  8.6258426484002215e-01
3055   4.9999999999999994e-01  5.6563345518823704e-01  8.6512110394710329e-01  8.6258426484002215e-01
3056   6.6666666666666663e-01  5.6563345518823716e-01  8.6512110394710329e-01  8.6258426484002204e-01
3057   8.3333333333333348e-01  5.6563345518823716e-01  8.6512110394710329e-01  8.6258426484002204e-01
3058   9.4444444444444420e-01  5.6563345518823704e-01  8.6512110394710329e-01  8.6258426484002204e-01
3059   1.0000000000000000e+00  5.6563345518823704e-01  8.6512110394710329e-01  8.6258426484002204e-01
3060   0.0000000000000000e+00  6.0212593616812349e-01  9.2093536871788428e-01  8.6258426484002204e-01
3061   5.5555555555555559e-02  6.0212593616812349e-01  9.2093536871788428e-01  8.6258426484002204e-01
3062   1.6666666666666663e-01  6.0212593616812338e-01  9.2093536871788417e-01  8.6258426484002215e-01
3063   3.3333333333333331e-01  6.0212593616812349e-01  9.2093536871788440e-01  8.6258426484002215e-01
3064   4.9999999999999994e-01  6.0212593616812338e-01  9.2093536871788417e-01  8.6258426484002215e-01
3065   6.6666666666666663e-01  6.0212593616812349e-01  9.2093536871788428e-01  8.6258426484002204e-01
3066   8.3333333333333337e-01  6.0212593616812349e-01  9.2093536871788428e-01  8.6258426484002204e-01
3067   9.4444444444444442e-01  6.0212593616812349e-01  9.2093536871788428e-01  8.6258426484002204e-01
3068   1.0000000000000000e+00  6.0212593616812349e-01  9.2093536871788428e-01  8.6258426484002204e-01
3069   0.0000000000000000e+00  6.5686465763795288e-01  1.0046567658740555e+00  8.6258426484002204e-01
3070   5.5555555555555552e-02  6.5686465763795288e-01  1.0046567658740555e+00  8.6258426484002204e-01
3071   1.6666666666666663e-01  6.5686465763795276e-01  1.0046567658740555e+00  8.6258426484002215e-01
3072   3.3333333333333331e-01  6.5686465763795276e-01  1.0046567658740555e+00  8.6258426484002215e-01
3073   4.9999999999999994e-01  6.5686465763795276e-01  1.0046567658740555e+00  8.6258426484002215e-01
3074   6.6666666666666663e-01  6.5686465763795288e-01  1.0046567658740555e+00  8.6258426484002204e-01
3075   8.3333333333333326e-01  6.5686465763795288e-01  1.0046567658740555e+00  8.6258426484002204e-01
3076   9.4444444444444431e-01  6.5686465763795288e-01  1.0046567658740555e+00  8.6258426484002204e-01
3077   1.0000000000000000e+00  6.5686465763795288e-01  1.0046567658740555e+00  8.6258426484002204e-01
3078   0.0000000000000000e+00  7.1160337910778237e-01  1.0883781630302272e+00  8.6258426484002182e-01
3079   5.5555555555555566e-02  7.1160337910778237e-01  1.0883781630302272e+00  8.6258426484002182e-01
3080   1.6666666666666666e-01  7.1160337910778215e-01  1.0883781630302269e+00  8.6258426484002204e-01
3081   3.3333333333333337e-01  7.1160337910778215e-01  1.0883781630302269e+00  8.6258426484002204e-01
3082   4.9999999999999989e-01  7.1160337910778215e-01  1.0883781630302267e+00  8.6258426484002204e-01
3083   6.6666666666666674e-01  7.1160337910778237e-01  1.0883781630302269e+00  8.6258426484002182e-01
3084   8.3333333333333348e-01  7.1160337910778237e-01  1.0883781630302272e+00  8.6258426484002182e-01
3085   9.4444444444444442e-01  7.1160337910778237e-01  1.0883781630302269e+00  8.6258426484002182e-01
3086   1.0000000000000000e+00  7.1160337910778237e-01  1.0883781630302272e+00  8.6258426484002182e-01
3087   0.0000000000000000e+00  7.6634210057761187e-01  1.1720995601863984e+00  8.6258426484002182e-01
3088   5.5555555555555552e-02  7.6634210057761187e-01  1.1720995601863984e+00  8.6258426484002182e-01
3089   1.6666666666666663e-01  7.6634210057761165e-01  1.1720995601863982e+00  8.6258426484002215e-01
3090   3.3333333333333331e-01  7.6634210057761165e-01  1.1720995601863982e+00  8.6258426484002215e-01
3091   4.9999999999999989e-01  7.6634210057761165e-01  1.1720995601863982e+00  8.6258426484002215e-01
3092   6.6666666666666674e-01  7.6634210057761187e-01  1.1720995601863984e+00  8.6258426484002182e-01
3093   8.3333333333333348e-01  7.6634210057761187e-01  1.1720995601863986e+00  8.6258426484002182e-01
3094   9.4444444444444442e-01  7.6634210057761187e-01  1.1720995601863984e+00  8.6258426484002182e-01
3095   1.0000000000000000e+00  7.6634210057761187e-01  1.1720995601863984e+00  8.6258426484002182e-01
3096   0.0000000000000000e+00  8.2108082204744126e-01  1.2558209573425698e+00  8.6258426484002182e-01
3097   5.5555555555555559e-02  8.2108082204744126e-01  1.2558209573425698e+00  8.6258426484002182e-01
3098   1.6666666666666663e-01  8.2108082204744104e-01  1.2558209573425694e+00  8.6258426484002215e-01
3099   3.3333333333333331e-01  8.2108082204744115e-01  1.2558209573425694e+00  8.6258426484002215e-01
3100   4.9999999999999989e-01  8.2108082204744115e-01  1.2558209573425694e+00  8.6258426484002215e-01
3101   6.6666666666666674e-01  8.2108082204744126e-01  1.2558209573425698e+00  8.6258426484002182e-01
3102   8.3333333333333337e-01  8.2108082204744115e-01  1.2558209573425696e+00  8.6258426484002204e-01
3103   9.4444444444444464e-01  8.2108082204744126e-01  1.2558209573425698e+00  8.6258426484002182e-01
3104   1.0000000000000000e+00  8.2108082204744126e-01  1.2558209573425698e+00  8.6258426484002182e-01
3105   0.0000000000000000e+00  8.7581954351727043e-01  1.3395423544987408e+00  8.6258426484002204e-01
3106   5.5555555555555552e-02  8.7581954351727054e-01  1.3395423544987408e+00  8.6258426484002204e-01
3107   1.6666666666666666e-01  8.7581954351727043e-01  1.3395423544987408e+00  8.6258426484002215e-01
3108   3.3333333333333331e-01  8.7581954351727043e-01  1.3395423544987408e+00  8.6258426484002215e-01
3109   4.9999999999999989e-01  8.7581954351727043e-01  1.3395423544987408e+00  8.6258426484002215e-01
3110   6.6666666666666663e-01  8.7581954351727054e-01  1.3395423544987406e+00  8.6258426484002204e-01
3111   8.3333333333333326e-01  8.7581954351727054e-01  1.3395423544987408e+00  8.6258426484002204e-01
3112   9.4444444444444442e-01  8.7581954351727043e-01  1.3395423544987408e+00  8.6258426484002204e-01
3113   1.0000000000000000e+00  8.7581954351727043e-01  1.3395423544987408e+00  8.6258426484002204e-01
3114   0.0000000000000000e+00  9.3055826498710004e-01  1.4232637516549125e+00  8.6258426484002182e-01
3115   5.5555555555555559e-02  9.3055826498710004e-01  1.4232637516549125e+00  8.6258426484002182e-01
3116   1.6666666666666666e-01  9.3055826498709993e-01  1.4232637516549125e+00  8.6258426484002193e-01
3117   3.3333333333333331e-01  9.3055826498709993e-01  1.4232637516549120e+00  8.6258426484002215e-01
3118   4.9999999999999994e-01  9.3055826498710004e-01  1.4232637516549125e+00  8.6258426484002193e-01
3119   6.6666666666666674e-01  9.3055826498710004e-01  1.4232637516549125e+00  8.6258426484002182e-01
3120   8.3333333333333348e-01  9.3055826498710004e-01  1.4232637516549125e+00  8.6258426484002182e-01
3121   9.4444444444444464e-01  9.3055826498710004e-01  1.4232637516549125e+00  8.6258426484002182e-01
3122   1.0000000000000000e+00  9.3055826498710004e-01  1.4232637516549125e+00  8.6258426484002182e-01
3123   0.0000000000000000e+00  9.8529698645692942e-01  1.5069851488110837e+00  8.6258426484002182e-01
3124   5.5555555555555566e-02  9.8529698645692942e-01  1.5069851488110837e+00  8.6258426484002182e-01
3125   1.6666666666666663e-01  9.8529698645692920e-01  1.5069851488110833e+00  8.6258426484002215e-01
3126   3.3333333333333331e-01  9.8529698645692942e-01  1.5069851488110837e+00  8.6258426484002215e-01
3127   4.9999999999999989e-01  9.8529698645692931e-01  1.5069851488110833e+00  8.6258426484002215e-01
3128   6.6666666666666674e-01  9.8529698645692942e-01  1.5069851488110837e+00  8.6258426484002182e-01
3129   8.3333333333333348e-01  9.8529698645692942e-01  1.5069851488110837e+00  8.6258426484002182e-01
3130   9.4444444444444442e-01  9.8529698645692942e-01  1.5069851488110837e+00  8.6258426484002182e-01
3131   1.0000000000000000e+00  9.8529698645692942e-01  1.5069851488110837e+00  8.6258426484002182e-01
3132   0.0000000000000000e+00  1.0400357079267588e+00  1.5907065459672549e+00  8.6258426484002182e-01
3133   5.5555555555555566e-02  1.0400357079267590e+00  1.5907065459672549e+00  8.6258426484002182e-01
3134   1.6666666666666663e-01  1.0400357079267588e+00  1.5907065459672547e+00  8.6258426484002215e-01
3135   3.3333333333333331e-01  1.0400357079267586e+00  1.5907065459672547e+00  8.6258426484002215e-01
3136   4.9999999999999989e-01  1.0400357079267588e+00  1.5907065459672547e+00  8.6258426484002215e-01
3137   6.6666666666666674e-01  1.0400357079267588e+00  1.5907065459672549e+00  8.6258426484002182e-01
3138   8.3333333333333348e-01  1.0400357079267588e+00  1.5907065459672549e+00  8.6258426484002182e-01
3139   9.4444444444444464e-01  1.0400357079267588e+00  1.5907065459672549e+00  8.6258426484002182e-01
3140   1.0000000000000000e+00  1.0400357079267588e+00  1.5907065459672549e+00  8.6258426484002182e-01
3141   0.0000000000000000e+00  1.0765281889066451e+00  1.6465208107380358e+00  8.6258426484002182e-01
3142   5.5555555555555566e-02  1.0765281889066451e+00  1.6465208107380358e+00  8.6258426484002182e-01
3143   1.6666666666666666e-01  1.0765281889066451e+00  1.6465208107380358e+00  8.6258426484002193e-01
3144   3.3333333333333331e-01  1.0765281889066449e+00  1.6465208107380356e+00  8.6258426484002215e-01
3145   4.9999999999999994e-01  1.0765281889066451e+00  1.6465208107380358e+00  8.6258426484002193e-01
3146   6.6666666666666674e-01  1.0765281889066451e+00  1.6465208107380358e+00  8.6258426484002182e-01
3147   8.3333333333333348e-01  1.0765281889066451e+00  1.6465208107380358e+00  8.6258426484002182e-01
3148   9.4444444444444442e-01  1.0765281889066451e+00  1.6465208107380358e+00  8.6258426484002182e-01
3149   1.0000000000000000e+00  1.0765281889066451e+00  1.6465208107380358e+00  8.6258426484002182e-01
3150   0.0000000000000000e+00  1.0947744293965882e+00  1.6744279431234264e+00  8.6258426484002182e-01
3151   5.5555555555555566e-02  1.0947744293965882e+00  1.6744279431234264e+00  8.6258426484002182e-01
3152   1.6666666666666663e-01  1.0947744293965880e+00  1.6744279431234257e+00  8.6258426484002215e-01
3153   3.3333333333333331e-01  1.0947744293965880e+00  1.6744279431234259e+00  8.6258426484002215e-01
3154   4.9999999999999989e-01  1.0947744293965880e+00  1.6744279431234257e+00  8.6258426484002215e-01
3155   6.6666666666666674e-01  1.0947744293965882e+00  1.6744279431234264e+00  8.6258426484002182e-01
3156   8.3333333333333348e-01  1.0947744293965882e+00  1.6744279431234264e+00  8.6258426484002182e-01
3157   9.4444444444444442e-01  1.0947744293965882e+00  1.6744279431234264e+00  8.6258426484002182e-01
3158   1.0000000000000000e+00  1.0947744293965882e+00  1.6744279431234264e+00  8.6258426484002182e-01
3159   0.0000000000000000e+00  5.1270939289456163e-01  8.5888525586043796e-01  8.6661154659870698e-01
3160   5.5555555555555552e-02  5.1270939289456174e-01  8.5888525586043796e-01  8.6661154659870698e-01
3161   1.6666666666666666e-01  5.1270939289456163e-01  8.5888525586043796e-01  8.6661154659870709e-01
3162   3.3333333333333331e-01  5.1270939289456174e-01  8.5888525586043807e-01  8.6661154659870709e-01
3163   4.9999999999999994e-01  5.1270939289456163e-01  8.5888525586043796e-01  8.6661154659870709e-01
3164   6.6666666666666663e-01  5.1270939289456174e-01  8.5888525586043796e-01  8.6661154659870698e-01
3165   8.3333333333333337e-01  5.1270939289456174e-01  8.5888525586043796e-01  8.6661154659870698e-01
3166   9.4444444444444442e-01  5.1270939289456163e-01  8.5888525586043796e-01  8.6661154659870698e-01
3167   1.0000000000000000e+00  5.1270939289456163e-01  8.5888525586043796e-01  8.6661154659870698e-01
3168   0.0000000000000000e+00  5.2979970599104709e-01  8.8751476438911925e-01  8.6661154659870698e-01
3169   5.5555555555555552e-02  5.2979970599104709e-01  8.8751476438911925e-01  8.6661154659870698e-01
3170   1.6666666666666666e-01  5.2979970599104709e-01  8.8751476438911914e-01  8.6661154659870709e-01
3171   3.3333333333333331e-01  5.2979970599104709e-01  8.8751476438911925e-01  8.6661154659870709e-01
3172   4.9999999999999994e-01  5.2979970599104709e-01  8.8751476438911914e-01  8.6661154659870709e-01
3173   6.6666666666666663e-01  5.2979970599104709e-01  8.8751476438911914e-01  8.6661154659870698e-01
3174   8.3333333333333348e-01  5.2979970599104709e-01  8.8751476438911925e-01  8.6661154659870698e-01
3175   9.4444444444444442e-01  5.2979970599104709e-01  8.8751476438911925e-01  8.6661154659870698e-01
3176   1.0000000000000000e+00  5.2979970599104709e-01  8.8751476438911925e-01  8.6661154659870698e-01
3177   0.0000000000000000e+00  5.6398033218401789e-01  9.4477378144648194e-01  8.6661154659870698e-01
3178   5.5555555555555566e-02  5.6398033218401789e-01  9.4477378144648194e-01  8.6661154659870698e-01
3179   1.6666666666666666e-01  5.6398033218401789e-01  9.4477378144648183e-01  8.6661154659870709e-01
3180   3.3333333333333331e-01  5.6398033218401800e-01  9.4477378144648194e-01  8.6661154659870709e-01
3181   4.9999999999999994e-01  5.6398033218401789e-01  9.4477378144648183e-01  8.6661154659870709e-01
3182   6.6666666666666663e-01  5.6398033218401789e-01  9.4477378144648172e-01  8.6661154659870698e-01
3183   8.3333333333333348e-01  5.6398033218401789e-01  9.4477378144648194e-01  8.6661154659870698e-01
3184   9.4444444444444442e-01  5.6398033218401789e-01  9.4477378144648194e-01  8.6661154659870698e-01
3185   1.0000000000000000e+00  5.6398033218401789e-01  9.4477378144648194e-01  8.6661154659870698e-01
3186   0.0000000000000000e+00  6.1525127147347403e-01  1.0306623070325256e+00  8.6661154659870698e-01
3187   5.5555555555555552e-02  6.1525127147347403e-01  1.0306623070325256e+00  8.6661154659870698e-01
3188   1.6666666666666666e-01  6.1525127147347403e-01  1.0306623070325256e+00  8.6661154659870709e-01
3189   3.3333333333333331e-01  6.1525127147347403e-01  1.0306623070325256e+00  8.6661154659870709e-01
3190   4.9999999999999994e-01  6.1525127147347403e-01  1.0306623070325254e+00  8.6661154659870709e-01
3191   6.6666666666666663e-01  6.1525127147347403e-01  1.0306623070325256e+00  8.6661154659870698e-01
3192   8.3333333333333337e-01  6.1525127147347403e-01  1.0306623070325256e+00  8.6661154659870698e-01
3193   9.4444444444444442e-01  6.1525127147347403e-01  1.0306623070325256e+00  8.6661154659870698e-01
3194   1.0000000000000000e+00  6.1525127147347403e-01  1.0306623070325256e+00  8.6661154659870698e-01
3195   0.0000000000000000e+00  6.6652221076293039e-01  1.1165508326185694e+00  8.6661154659870676e-01
3196   5.5555555555555566e-02  6.6652221076293039e-01  1.1165508326185696e+00  8.6661154659870676e-01
3197   1.6666666666666666e-01  6.6652221076293028e-01  1.1165508326185694e+00  8.6661154659870698e-01
3198   3.3333333333333331e-01  6.6652221076293028e-01  1.1165508326185694e+00  8.6661154659870698e-01
3199   4.9999999999999989e-01  6.6652221076293028e-01  1.1165508326185694e+00  8.6661154659870698e-01
3200   6.6666666666666685e-01  6.6652221076293039e-01  1.1165508326185694e+00  8.6661154659870676e-01
3201   8.3333333333333337e-01  6.6652221076293028e-01  1.1165508326185694e+00  8.6661154659870698e-01
3202   9.4444444444444464e-01  6.6652221076293039e-01  1.1165508326185694e+00  8.6661154659870676e-01
3203   1.0000000000000000e+00  6.6652221076293039e-01  1.1165508326185694e+00  8.6661154659870676e-01
3204   0.0000000000000000e+00  7.1779315005238642e-01  1.2024393582046129e+00  8.6661154659870698e-01
3205   5.5555555555555546e-02  7.1779315005238642e-01  1.2024393582046129e+00  8.6661154659870698e-01
3206   1.6666666666666666e-01  7.1779315005238631e-01  1.2024393582046133e+00  8.6661154659870709e-01
3207   3.3333333333333331e-01  7.1779315005238631e-01  1.2024393582046131e+00  8.6661154659870709e-01
3208   4.9999999999999994e-01  7.1779315005238631e-01  1.2024393582046131e+00  8.6661154659870709e-01
3209   6.6666666666666663e-01  7.1779315005238642e-01  1.2024393582046129e+00  8.6661154659870698e-01
3210   8.3333333333333337e-01  7.1779315005238642e-01  1.2024393582046133e+00  8.6661154659870698e-01
3211   9.4444444444444420e-01  7.1779315005238642e-01  1.2024393582046129e+00  8.6661154659870698e-01
3212   1.0000000000000000e+00  7.1779315005238642e-01  1.2024393582046129e+00  8.6661154659870698e-01
3213   0.0000000000000000e+00  7.6906408934184256e-01  1.2883278837906571e+00  8.6661154659870698e-01
3214   5.5555555555555546e-02  7.6906408934184256e-01  1.2883278837906571e+00  8.6661154659870698e-01
3215   1.6666666666666666e-01  7.6906408934184245e-01  1.2883278837906571e+00  8.6661154659870709e-01
3216   3.3333333333333331e-01  7.6906408934184267e-01  1.2883278837906571e+00  8.6661154659870709e-01
3217   4.9999999999999994e-01  7.6906408934184267e-01  1.2883278837906569e+00  8.6661154659870709e-01
3218   6.6666666666666663e-01  7.6906408934184256e-01  1.2883278837906571e+00  8.6661154659870698e-01
3219   8.3333333333333348e-01  7.6906408934184256e-01  1.2883278837906573e+00  8.6661154659870698e-01
3220   9.4444444444444442e-01  7.6906408934184256e-01  1.2883278837906571e+00  8.6661154659870698e-01
3221   1.0000000000000000e+00  7.6906408934184256e-01  1.2883278837906571e+00  8.6661154659870698e-01
3222   0.0000000000000000e+00  8.2033502863129881e-01  1.3742164093767009e+00  8.6661154659870698e-01
3223   5.5555555555555552e-02  8.2033502863129892e-01  1.3742164093767009e+00  8.6661154659870698e-01
3224   1.6666666666666666e-01  8.2033502863129881e-01  1.3742164093767006e+00  8.6661154659870709e-01
3225   3.3333333333333331e-01  8.2033502863129881e-01  1.3742164093767006e+00  8.6661154659870709e-01
3226   4.9999999999999994e-01  8.2033502863129881e-01  1.3742164093767006e+00  8.6661154659870709e-01
3227   6.6666666666666663e-01  8.2033502863129892e-01  1.3742164093767006e+00  8.6661154659870698e-01
3228   8.3333333333333337e-01  8.2033502863129881e-01  1.3742164093767009e+00  8.6661154659870698e-01
3229   9.4444444444444442e-01  8.2033502863129881e-01  1.3742164093767009e+00  8.6661154659870698e-01
3230   1.0000000000000000e+00  8.2033502863129881e-01  1.3742164093767009e+00  8.6661154659870698e-01
3231   0.0000000000000000e+00  8.7160596792075495e-01  1.4601049349627446e+00  8.6661154659870698e-01
3232   5.5555555555555552e-02  8.7160596792075495e-01  1.4601049349627446e+00  8.6661154659870698e-01
3233   1.6666666666666666e-01  8.7160596792075495e-01  1.4601049349627446e+00  8.6661154659870698e-01
3234   3.3333333333333331e-01  8.7160596792075495e-01  1.4601049349627444e+00  8.6661154659870709e-01
3235   5.0000000000000000e-01  8.7160596792075495e-01  1.4601049349627446e+00  8.6661154659870698e-01
3236   6.6666666666666663e-01  8.7160596792075495e-01  1.4601049349627446e+00  8.6661154659870698e-01
3237   8.3333333333333337e-01  8.7160596792075495e-01  1.4601049349627446e+00  8.6661154659870698e-01
3238   9.4444444444444442e-01  8.7160596792075495e-01  1.4601049349627446e+00  8.6661154659870698e-01
3239   1.0000000000000000e+00  8.7160596792075495e-01  1.4601049349627446e+00  8.6661154659870698e-01
3240   0.0000000000000000e+00  9.2287690721021098e-01  1.5459934605487882e+00  8.6661154659870698e-01
3241   5.5555555555555552e-02  9.2287690721021098e-01  1.5459934605487882e+00  8.6661154659870698e-01
3242   1.6666666666666666e-01  9.2287690721021098e-01  1.5459934605487884e+00  8.6661154659870709e-01
3243   3.3333333333333331e-01  9.2287690721021121e-01  1.5459934605487886e+00  8.6661154659870709e-01
3244   4.9999999999999994e-01  9.2287690721021109e-01  1.5459934605487884e+00  8.6661154659870709e-01
3245   6.6666666666666663e-01  9.2287690721021098e-01  1.5459934605487882e+00  8.6661154659870698e-01
3246   8.3333333333333337e-01  9.2287690721021098e-01  1.5459934605487886e+00  8.6661154659870698e-01
3247   9.4444444444444442e-01  9.2287690721021098e-01  1.5459934605487882e+00  8.6661154659870698e-01
3248   1.0000000000000000e+00  9.2287690721021098e-01  1.5459934605487882e+00  8.6661154659870698e-01
3249   0.0000000000000000e+00  9.7414784649966724e-01  1.6318819861348324e+00  8.6661154659870698e-01
3250   5.5555555555555552e-02  9.7414784649966724e-01  1.6318819861348324e+00  8.6661154659870698e-01
3251   1.6666666666666666e-01  9.7414784649966735e-01  1.6318819861348322e+00  8.6661154659870709e-01
3252   3.3333333333333331e-01  9.7414784649966746e-01  1.6318819861348322e+00  8.6661154659870709e-01
3253   4.9999999999999994e-01  9.7414784649966735e-01  1.6318819861348322e+00  8.6661154659870709e-01
3254   6.6666666666666663e-01  9.7414784649966724e-01  1.6318819861348324e+00  8.6661154659870698e-01
3255   8.3333333333333337e-01  9.7414784649966724e-01  1.6318819861348324e+00  8.6661154659870698e-01
3256   9.4444444444444442e-01  9.7414784649966724e-01  1.6318819861348324e+00  8.6661154659870698e-01
3257   1.0000000000000000e+00  9.7414784649966724e-01  1.6318819861348324e+00  8.6661154659870698e-01
3258   0.0000000000000000e+00  1.0083284726926380e+00  1.6891410031921943e+00  8.6661154659870698e-01
3259   5.5555555555555552e-02  1.0083284726926380e+00  1.6891410031921947e+00  8.6661154659870698e-01
3260   1.6666666666666666e-01  1.0083284726926380e+00  1.6891410031921950e+00  8.6661154659870698e-01
3261   3.3333333333333331e-01  1.0083284726926383e+00  1.6891410031921950e+00  8.6661154659870709e-01
3262   5.0000000000000000e-01  1.0083284726926380e+00  1.6891410031921950e+00  8.6661154659870698e-01
3263   6.6666666666666663e-01  1.0083284726926380e+00  1.6891410031921943e+00  8.6661154659870698e-01
3264   8.3333333333333337e-01  1.0083284726926380e+00  1.6891410031921943e+00  8.6661154659870698e-01
3265   9.4444444444444442e-01  1.0083284726926380e+00  1.6891410031921943e+00  8.6661154659870698e-01
3266   1.0000000000000000e+00  1.0083284726926380e+00  1.6891410031921943e+00  8.6661154659870698e-01
3267   0.0000000000000000e+00  1.0254187857891233e+00  1.7177705117208759e+00  8.6661154659870698e-01
3268   5.5555555555555552e-02  1.0254187857891235e+00  1.7177705117208759e+00  8.6661154659870698e-01
3269   1.6666666666666666e-01  1.0254187857891233e+00  1.7177705117208759e+00  8.6661154659870709e-01
3270   3.3333333333333331e-01  1.0254187857891235e+00  1.7177705117208761e+00  8.6661154659870709e-01
3271   4.9999999999999994e-01  1.0254187857891233e+00  1.7177705117208759e+00  8.6661154659870709e-01
3272   6.6666666666666663e-01  1.0254187857891235e+00  1.7177705117208759e+00  8.6661154659870698e-01
3273   8.3333333333333337e-01  1.0254187857891235e+00  1.7177705117208759e+00  8.6661154659870698e-01
3274   9.4444444444444442e-01  1.0254187857891233e+00  1.7177705117208759e+00  8.6661154659870698e-01
3275   1.0000000000000000e+00  1.0254187857891233e+00  1.7177705117208759e+00  8.6661154659870698e-01
3276   0.0000000000000000e+00  4.7735621844882892e-01  8.7902207069309590e-01  8.7137106140442544e-01
3277   5.5555555555555566e-02  4.7735621844882897e-01  8.7902207069309590e-01  8.7137106140442544e-01
3278   1.6666666666666663e-01  4.7735621844882881e-01  8.7902207069309579e-01  8.7137106140442566e-01
3279   3.3333333333333326e-01  4.7735621844882892e-01  8.7902207069309579e-01  8.7137106140442566e-01
3280   4.9999999999999994e-01  4.7735621844882881e-01  8.7902207069309579e-01  8.7137106140442566e-01
3281   6.6666666666666663e-01  4.7735621844882897e-01  8.7902207069309590e-01  8.7137106140442544e-01
3282   8.3333333333333348e-01  4.7735621844882897e-01  8.7902207069309590e-01  8.7137106140442544e-01
3283   9.4444444444444453e-01  4.7735621844882892e-01  8.7902207069309590e-01  8.7137106140442544e-01
3284   1.0000000000000000e+00  4.7735621844882892e-01  8.7902207069309590e-01  8.7137106140442544e-01
3285   0.0000000000000000e+00  4.9326809239712316e-01  9.0832280638286567e-01  8.7137106140442555e-01
3286   5.5555555555555559e-02  4.9326809239712316e-01  9.0832280638286567e-01  8.7137106140442555e-01
3287   1.6666666666666663e-01  4.9326809239712310e-01  9.0832280638286567e-01  8.7137106140442566e-01
3288   3.3333333333333326e-01  4.9326809239712321e-01  9.0832280638286578e-01  8.7137106140442566e-01
3289   4.9999999999999994e-01  4.9326809239712310e-01  9.0832280638286567e-01  8.7137106140442566e-01
3290   6.6666666666666663e-01  4.9326809239712316e-01  9.0832280638286567e-01  8.7137106140442555e-01
3291   8.3333333333333348e-01  4.9326809239712316e-01  9.0832280638286567e-01  8.7137106140442555e-01
3292   9.4444444444444442e-01  4.9326809239712316e-01  9.0832280638286567e-01  8.7137106140442555e-01
3293   1.0000000000000000e+00  4.9326809239712316e-01  9.0832280638286567e-01  8.7137106140442555e-01
3294   0.0000000000000000e+00  5.2509184029371181e-01  9.6692427776240564e-01  8.7137106140442555e-01
3295   5.5555555555555559e-02  5.2509184029371181e-01  9.6692427776240564e-01  8.7137106140442555e-01
3296   1.6666666666666663e-01  5.2509184029371181e-01  9.6692427776240553e-01  8.7137106140442566e-01
3297   3.3333333333333326e-01  5.2509184029371181e-01  9.6692427776240553e-01  8.7137106140442566e-01
3298   4.9999999999999994e-01  5.2509184029371181e-01  9.6692427776240553e-01  8.7137106140442566e-01
3299   6.6666666666666663e-01  5.2509184029371181e-01  9.6692427776240542e-01  8.7137106140442555e-01
3300   8.3333333333333348e-01  5.2509184029371181e-01  9.6692427776240564e-01  8.7137106140442555e-01
3301   9.4444444444444442e-01  5.2509184029371181e-01  9.6692427776240564e-01  8.7137106140442555e-01
3302   1.0000000000000000e+00  5.2509184029371181e-01  9.6692427776240564e-01  8.7137106140442555e-01
3303   0.0000000000000000e+00  5.7282746213859459e-01  1.0548264848317148e+00  8.7137106140442555e-01
3304   5.5555555555555559e-02  5.7282746213859470e-01  1.0548264848317150e+00  8.7137106140442555e-01
3305   1.6666666666666663e-01  5.7282746213859459e-01  1.0548264848317150e+00  8.7137106140442566e-01
3306   3.3333333333333326e-01  5.7282746213859470e-01  1.0548264848317148e+00  8.7137106140442566e-01
3307   4.9999999999999994e-01  5.7282746213859459e-01  1.0548264848317148e+00  8.7137106140442566e-01
3308   6.6666666666666663e-01  5.7282746213859459e-01  1.0548264848317148e+00  8.7137106140442555e-01
3309   8.3333333333333337e-01  5.7282746213859470e-01  1.0548264848317150e+00  8.7137106140442555e-01
3310   9.4444444444444442e-01  5.7282746213859459e-01  1.0548264848317148e+00  8.7137106140442555e-01
3311   1.0000000000000000e+00  5.7282746213859459e-01  1.0548264848317148e+00  8.7137106140442555e-01
3312   0.0000000000000000e+00  6.2056308398347759e-01  1.1427286919010247e+00  8.7137106140442533e-01
3313   5.5555555555555573e-02  6.2056308398347759e-01  1.1427286919010249e+00  8.7137106140442533e-01
3314   1.6666666666666666e-01  6.2056308398347748e-01  1.1427286919010244e+00  8.7137106140442555e-01
3315   3.3333333333333331e-01  6.2056308398347748e-01  1.1427286919010247e+00  8.7137106140442555e-01
3316   4.9999999999999994e-01  6.2056308398347748e-01  1.1427286919010244e+00  8.7137106140442555e-01
3317   6.6666666666666674e-01  6.2056308398347759e-01  1.1427286919010247e+00  8.7137106140442533e-01
3318   8.3333333333333359e-01  6.2056308398347759e-01  1.1427286919010249e+00  8.7137106140442544e-01
3319   9.4444444444444453e-01  6.2056308398347759e-01  1.1427286919010247e+00  8.7137106140442533e-01
3320   1.0000000000000000e+00  6.2056308398347759e-01  1.1427286919010247e+00  8.7137106140442533e-01
3321   0.0000000000000000e+00  6.6829870582836048e-01  1.2306308989703341e+00  8.7137106140442544e-01
3322   5.5555555555555552e-02  6.6829870582836048e-01  1.2306308989703341e+00  8.7137106140442544e-01
3323   1.6666666666666663e-01  6.6829870582836026e-01  1.2306308989703341e+00  8.7137106140442566e-01
3324   3.3333333333333326e-01  6.6829870582836026e-01  1.2306308989703341e+00  8.7137106140442566e-01
3325   4.9999999999999994e-01  6.6829870582836026e-01  1.2306308989703338e+00  8.7137106140442566e-01
3326   6.6666666666666663e-01  6.6829870582836048e-01  1.2306308989703341e+00  8.7137106140442544e-01
3327   8.3333333333333348e-01  6.6829870582836048e-01  1.2306308989703341e+00  8.7137106140442544e-01
3328   9.4444444444444420e-01  6.6829870582836048e-01  1.2306308989703341e+00  8.7137106140442544e-01
3329   1.0000000000000000e+00  6.6829870582836048e-01  1.2306308989703341e+00  8.7137106140442544e-01
3330   0.0000000000000000e+00  7.1603432767324360e-01  1.3185331060396439e+00  8.7137106140442544e-01
3331   5.5555555555555552e-02  7.1603432767324360e-01  1.3185331060396441e+00  8.7137106140442544e-01
3332   1.6666666666666663e-01  7.1603432767324338e-01  1.3185331060396437e+00  8.7137106140442566e-01
3333   3.3333333333333331e-01  7.1603432767324338e-01  1.3185331060396437e+00  8.7137106140442566e-01
3334   4.9999999999999994e-01  7.1603432767324338e-01  1.3185331060396435e+00  8.7137106140442566e-01
3335   6.6666666666666663e-01  7.1603432767324360e-01  1.3185331060396439e+00  8.7137106140442544e-01
3336   8.3333333333333348e-01  7.1603432767324349e-01  1.3185331060396439e+00  8.7137106140442555e-01
3337   9.4444444444444453e-01  7.1603432767324360e-01  1.3185331060396439e+00  8.7137106140442544e-01
3338   1.0000000000000000e+00  7.1603432767324360e-01  1.3185331060396439e+00  8.7137106140442544e-01
3339   0.0000000000000000e+00  7.6376994951812605e-01  1.4064353131089533e+00  8.7137106140442555e-01
3340   5.5555555555555559e-02  7.6376994951812638e-01  1.4064353131089533e+00  8.7137106140442555e-01
3341   1.6666666666666663e-01  7.6376994951812627e-01  1.4064353131089533e+00  8.7137106140442566e-01
3342   3.3333333333333326e-01  7.6376994951812627e-01  1.4064353131089533e+00  8.7137106140442566e-01
3343   4.9999999999999994e-01  7.6376994951812627e-01  1.4064353131089533e+00  8.7137106140442566e-01
3344   6.6666666666666663e-01  7.6376994951812638e-01  1.4064353131089533e+00  8.7137106140442555e-01
3345   8.3333333333333348e-01  7.6376994951812616e-01  1.4064353131089533e+00  8.7137106140442555e-01
3346   9.4444444444444442e-01  7.6376994951812605e-01  1.4064353131089533e+00  8.7137106140442555e-01
3347   1.0000000000000000e+00  7.6376994951812605e-01  1.4064353131089533e+00  8.7137106140442555e-01
3348   0.0000000000000000e+00  8.1150557136300916e-01  1.4943375201782632e+00  8.7137106140442544e-01
3349   5.5555555555555552e-02  8.1150557136300927e-01  1.4943375201782632e+00  8.7137106140442544e-01
3350   1.6666666666666663e-01  8.1150557136300905e-01  1.4943375201782627e+00  8.7137106140442566e-01
3351   3.3333333333333326e-01  8.1150557136300905e-01  1.4943375201782629e+00  8.7137106140442566e-01
3352   4.9999999999999989e-01  8.1150557136300905e-01  1.4943375201782627e+00  8.7137106140442566e-01
3353   6.6666666666666663e-01  8.1150557136300927e-01  1.4943375201782632e+00  8.7137106140442544e-01
3354   8.3333333333333348e-01  8.1150557136300916e-01  1.4943375201782632e+00  8.7137106140442544e-01
3355   9.4444444444444453e-01  8.1150557136300916e-01  1.4943375201782632e+00  8.7137106140442544e-01
3356   1.0000000000000000e+00  8.1150557136300916e-01  1.4943375201782632e+00  8.7137106140442544e-01
3357   0.0000000000000000e+00  8.5924119320789205e-01  1.5822397272475726e+00  8.7137106140442544e-01
3358   5.5555555555555552e-02  8.5924119320789205e-01  1.5822397272475726e+00  8.7137106140442544e-01
3359   1.6666666666666666e-01  8.5924119320789194e-01  1.5822397272475723e+00  8.7137106140442566e-01
3360   3.3333333333333331e-01  8.5924119320789205e-01  1.5822397272475726e+00  8.7137106140442566e-01
3361   4.9999999999999994e-01  8.5924119320789194e-01  1.5822397272475723e+00  8.7137106140442566e-01
3362   6.6666666666666663e-01  8.5924119320789205e-01  1.5822397272475726e+00  8.7137106140442544e-01
3363   8.3333333333333348e-01  8.5924119320789205e-01  1.5822397272475726e+00  8.7137106140442544e-01
3364   9.4444444444444453e-01  8.5924119320789205e-01  1.5822397272475726e+00  8.7137106140442544e-01
3365   1.0000000000000000e+00  8.5924119320789205e-01  1.5822397272475726e+00  8.7137106140442544e-01
3366   0.0000000000000000e+00  9.0697681505277505e-01  1.6701419343168822e+00  8.7137106140442544e-01
3367   5.5555555555555566e-02  9.0697681505277505e-01  1.6701419343168822e+00  8.7137106140442544e-01
3368   1.6666666666666663e-01  9.0697681505277483e-01  1.6701419343168822e+00  8.7137106140442566e-01
3369   3.3333333333333326e-01  9.0697681505277483e-01  1.6701419343168822e+00  8.7137106140442566e-01
3370   4.9999999999999994e-01  9.0697681505277483e-01  1.6701419343168822e+00  8.7137106140442566e-01
3371   6.6666666666666663e-01  9.0697681505277505e-01  1.6701419343168822e+00  8.7137106140442544e-01
3372   8.3333333333333348e-01  9.0697681505277505e-01  1.6701419343168822e+00  8.7137106140442544e-01
3373   9.4444444444444453e-01  9.0697681505277505e-01  1.6701419343168822e+00  8.7137106140442544e-01
3374   1.0000000000000000e+00  9.0697681505277505e-01  1.6701419343168822e+00  8.7137106140442544e-01
3375   0.0000000000000000e+00  9.3880056294936354e-01  1.7287434056964217e+00  8.7137106140442544e-01
3376   5.5555555555555566e-02  9.3880056294936354e-01  1.7287434056964219e+00  8.7137106140442544e-01
3377   1.6666666666666663e-01  9.3880056294936332e-01  1.7287434056964215e+00  8.7137106140442566e-01
3378   3.3333333333333326e-01  9.3880056294936354e-01  1.7287434056964222e+00  8.7137106140442566e-01
3379   4.9999999999999989e-01  9.3880056294936332e-01  1.7287434056964215e+00  8.7137106140442566e-01
3380   6.6666666666666663e-01  9.3880056294936354e-01  1.7287434056964217e+00  8.7137106140442544e-01
3381   8.3333333333333348e-01  9.3880056294936354e-01  1.7287434056964217e+00  8.7137106140442544e-01
3382   9.4444444444444453e-01  9.3880056294936354e-01  1.7287434056964217e+00  8.7137106140442544e-01
3383   1.0000000000000000e+00  9.3880056294936354e-01  1.7287434056964217e+00  8.7137106140442544e-01
3384   0.0000000000000000e+00  9.5471243689765783e-01  1.7580441413861918e+00  8.7137106140442544e-01
3385   5.5555555555555566e-02  9.5471243689765795e-01  1.7580441413861918e+00  8.7137106140442544e-01
3386   1.6666666666666663e-01  9.5471243689765761e-01  1.7580441413861916e+00  8.7137106140442566e-01
3387   3.3333333333333326e-01  9.5471243689765783e-01  1.7580441413861916e+00  8.7137106140442566e-01
3388   4.9999999999999994e-01  9.5471243689765761e-01  1.7580441413861916e+00  8.7137106140442566e-01
3389   6.6666666666666663e-01  9.5471243689765795e-01  1.7580441413861918e+00  8.7137106140442544e-01
3390   8.3333333333333348e-01  9.5471243689765795e-01  1.7580441413861918e+00  8.7137106140442544e-01
3391   9.4444444444444453e-01  9.5471243689765783e-01  1.7580441413861918e+00  8.7137106140442544e-01
3392   1.0000000000000000e+00  9.5471243689765783e-01  1.7580441413861918e+00  8.7137106140442544e-01
3393   0.0000000000000000e+00  4.4142725464478649e-01  8.9759895650867849e-01  8.7686280925717763e-01
3394   5.5555555555555559e-02  4.4142725464478655e-01  8.9759895650867849e-01  8.7686280925717763e-01
3395   1.6666666666666663e-01  4.4142725464478644e-01  8.9759895650867838e-01  8.7686280925717797e-01
3396   3.3333333333333331e-01  4.4142725464478655e-01  8.9759895650867838e-01  8.7686280925717797e-01
3397   4.9999999999999989e-01  4.4142725464478644e-01  8.9759895650867838e-01  8.7686280925717797e-01
3398   6.6666666666666674e-01  4.4142725464478655e-01  8.9759895650867849e-01  8.7686280925717763e-01
3399   8.3333333333333348e-01  4.4142725464478655e-01  8.9759895650867849e-01  8.7686280925717763e-01
3400   9.4444444444444464e-01  4.4142725464478649e-01  8.9759895650867849e-01  8.7686280925717763e-01
3401   1.0000000000000000e+00  4.4142725464478649e-01  8.9759895650867849e-01  8.7686280925717763e-01
3402   0.0000000000000000e+00  4.5614149646627933e-01  9.2751892172563422e-01  8.7686280925717786e-01
3403   5.5555555555555546e-02  4.5614149646627938e-01  9.2751892172563422e-01  8.7686280925717786e-01
3404   1.6666666666666663e-01  4.5614149646627933e-01  9.2751892172563422e-01  8.7686280925717797e-01
3405   3.3333333333333331e-01  4.5614149646627938e-01  9.2751892172563433e-01  8.7686280925717797e-01
3406   4.9999999999999994e-01  4.5614149646627933e-01  9.2751892172563422e-01  8.7686280925717797e-01
3407   6.6666666666666663e-01  4.5614149646627933e-01  9.2751892172563422e-01  8.7686280925717786e-01
3408   8.3333333333333326e-01  4.5614149646627938e-01  9.2751892172563422e-01  8.7686280925717786e-01
3409   9.4444444444444442e-01  4.5614149646627933e-01  9.2751892172563422e-01  8.7686280925717786e-01
3410   1.0000000000000000e+00  4.5614149646627933e-01  9.2751892172563422e-01  8.7686280925717786e-01
3411   0.0000000000000000e+00  4.8556998010926522e-01  9.8735885215954633e-01  8.7686280925717786e-01
3412   5.5555555555555559e-02  4.8556998010926522e-01  9.8735885215954633e-01  8.7686280925717786e-01
3413   1.6666666666666663e-01  4.8556998010926516e-01  9.8735885215954622e-01  8.7686280925717797e-01
3414   3.3333333333333331e-01  4.8556998010926516e-01  9.8735885215954633e-01  8.7686280925717797e-01
3415   4.9999999999999994e-01  4.8556998010926516e-01  9.8735885215954622e-01  8.7686280925717797e-01
3416   6.6666666666666663e-01  4.8556998010926522e-01  9.8735885215954622e-01  8.7686280925717786e-01
3417   8.3333333333333348e-01  4.8556998010926522e-01  9.8735885215954633e-01  8.7686280925717786e-01
3418   9.4444444444444442e-01  4.8556998010926522e-01  9.8735885215954633e-01  8.7686280925717786e-01
3419   1.0000000000000000e+00  4.8556998010926522e-01  9.8735885215954633e-01  8.7686280925717786e-01
3420   0.0000000000000000e+00  5.2971270557374384e-01  1.0771187478104141e+00  8.7686280925717786e-01
3421   5.5555555555555546e-02  5.2971270557374384e-01  1.0771187478104141e+00  8.7686280925717786e-01
3422   1.6666666666666663e-01  5.2971270557374384e-01  1.0771187478104141e+00  8.7686280925717797e-01
3423   3.3333333333333331e-01  5.2971270557374384e-01  1.0771187478104141e+00  8.7686280925717797e-01
3424   4.9999999999999994e-01  5.2971270557374373e-01  1.0771187478104141e+00  8.7686280925717797e-01
3425   6.6666666666666663e-01  5.2971270557374384e-01  1.0771187478104141e+00  8.7686280925717786e-01
3426   8.3333333333333326e-01  5.2971270557374384e-01  1.0771187478104141e+00  8.7686280925717786e-01
3427   9.4444444444444442e-01  5.2971270557374384e-01  1.0771187478104141e+00  8.7686280925717786e-01
3428   1.0000000000000000e+00  5.2971270557374384e-01  1.0771187478104141e+00  8.7686280925717786e-01
3429   0.0000000000000000e+00  5.7385543103822256e-01  1.1668786434612821e+00  8.7686280925717763e-01
3430   5.5555555555555559e-02  5.7385543103822256e-01  1.1668786434612823e+00  8.7686280925717763e-01
3431   1.6666666666666666e-01  5.7385543103822234e-01  1.1668786434612821e+00  8.7686280925717786e-01
3432   3.3333333333333337e-01  5.7385543103822234e-01  1.1668786434612821e+00  8.7686280925717786e-01
3433   4.9999999999999989e-01  5.7385543103822234e-01  1.1668786434612819e+00  8.7686280925717786e-01
3434   6.6666666666666674e-01  5.7385543103822256e-01  1.1668786434612821e+00  8.7686280925717763e-01
3435   8.3333333333333348e-01  5.7385543103822256e-01  1.1668786434612823e+00  8.7686280925717763e-01
3436   9.4444444444444453e-01  5.7385543103822256e-01  1.1668786434612821e+00  8.7686280925717763e-01
3437   1.0000000000000000e+00  5.7385543103822256e-01  1.1668786434612821e+00  8.7686280925717763e-01
3438   0.0000000000000000e+00  6.1799815650270118e-01  1.2566385391121497e+00  8.7686280925717763e-01
3439   5.5555555555555559e-02  6.1799815650270118e-01  1.2566385391121497e+00  8.7686280925717763e-01
3440   1.6666666666666663e-01  6.1799815650270096e-01  1.2566385391121495e+00  8.7686280925717797e-01
3441   3.3333333333333331e-01  6.1799815650270096e-01  1.2566385391121495e+00  8.7686280925717797e-01
3442   4.9999999999999989e-01  6.1799815650270096e-01  1.2566385391121495e+00  8.7686280925717797e-01
3443   6.6666666666666674e-01  6.1799815650270118e-01  1.2566385391121497e+00  8.7686280925717763e-01
3444   8.3333333333333348e-01  6.1799815650270118e-01  1.2566385391121497e+00  8.7686280925717763e-01
3445   9.4444444444444442e-01  6.1799815650270118e-01  1.2566385391121497e+00  8.7686280925717763e-01
3446   1.0000000000000000e+00  6.1799815650270118e-01  1.2566385391121497e+00  8.7686280925717763e-01
3447   0.0000000000000000e+00  6.6214088196717991e-01  1.3463984347630180e+00  8.7686280925717763e-01
3448   5.5555555555555559e-02  6.6214088196717991e-01  1.3463984347630182e+00  8.7686280925717763e-01
3449   1.6666666666666663e-01  6.6214088196717968e-01  1.3463984347630178e+00  8.7686280925717797e-01
3450   3.3333333333333331e-01  6.6214088196717980e-01  1.3463984347630178e+00  8.7686280925717797e-01
3451   4.9999999999999989e-01  6.6214088196717980e-01  1.3463984347630176e+00  8.7686280925717797e-01
3452   6.6666666666666674e-01  6.6214088196717991e-01  1.3463984347630180e+00  8.7686280925717763e-01
3453   8.3333333333333326e-01  6.6214088196717980e-01  1.3463984347630178e+00  8.7686280925717786e-01
3454   9.4444444444444464e-01  6.6214088196717991e-01  1.3463984347630180e+00  8.7686280925717763e-01
3455   1.0000000000000000e+00  6.6214088196717991e-01  1.3463984347630180e+00  8.7686280925717763e-01
3456   0.0000000000000000e+00  7.0628360743165830e-01  1.4361583304138854e+00  8.7686280925717786e-01
3457   5.5555555555555546e-02  7.0628360743165852e-01  1.4361583304138854e+00  8.7686280925717786e-01
3458   1.6666666666666666e-01  7.0628360743165841e-01  1.4361583304138854e+00  8.7686280925717797e-01
3459   3.3333333333333331e-01  7.0628360743165841e-01  1.4361583304138854e+00  8.7686280925717797e-01
3460   4.9999999999999989e-01  7.0628360743165841e-01  1.4361583304138854e+00  8.7686280925717797e-01
3461   6.6666666666666663e-01  7.0628360743165852e-01  1.4361583304138854e+00  8.7686280925717786e-01
3462   8.3333333333333326e-01  7.0628360743165852e-01  1.4361583304138854e+00  8.7686280925717786e-01
3463   9.4444444444444442e-01  7.0628360743165830e-01  1.4361583304138854e+00  8.7686280925717786e-01
3464   1.0000000000000000e+00  7.0628360743165830e-01  1.4361583304138854e+00  8.7686280925717786e-01
3465   0.0000000000000000e+00  7.5042633289613714e-01  1.5259182260647537e+00  8.7686280925717763e-01
3466   5.5555555555555559e-02  7.5042633289613725e-01  1.5259182260647537e+00  8.7686280925717763e-01
3467   1.6666666666666669e-01  7.5042633289613714e-01  1.5259182260647535e+00  8.7686280925717774e-01
3468   3.3333333333333331e-01  7.5042633289613714e-01  1.5259182260647530e+00  8.7686280925717797e-01
3469   4.9999999999999994e-01  7.5042633289613725e-01  1.5259182260647535e+00  8.7686280925717774e-01
3470   6.6666666666666674e-01  7.5042633289613725e-01  1.5259182260647537e+00  8.7686280925717763e-01
3471   8.3333333333333348e-01  7.5042633289613714e-01  1.5259182260647537e+00  8.7686280925717763e-01
3472   9.4444444444444464e-01  7.5042633289613714e-01  1.5259182260647537e+00  8.7686280925717763e-01
3473   1.0000000000000000e+00  7.5042633289613714e-01  1.5259182260647537e+00  8.7686280925717763e-01
3474   0.0000000000000000e+00  7.9456905836061587e-01  1.6156781217156215e+00  8.7686280925717763e-01
3475   5.5555555555555559e-02  7.9456905836061587e-01  1.6156781217156215e+00  8.7686280925717763e-01
3476   1.6666666666666663e-01  7.9456905836061564e-01  1.6156781217156211e+00  8.7686280925717797e-01
3477   3.3333333333333331e-01  7.9456905836061575e-01  1.6156781217156211e+00  8.7686280925717797e-01
3478   4.9999999999999989e-01  7.9456905836061575e-01  1.6156781217156211e+00  8.7686280925717797e-01
3479   6.6666666666666674e-01  7.9456905836061587e-01  1.6156781217156215e+00  8.7686280925717763e-01
3480   8.3333333333333348e-01  7.9456905836061587e-01  1.6156781217156215e+00  8.7686280925717763e-01
3481   9.4444444444444464e-01  7.9456905836061587e-01  1.6156781217156215e+00  8.7686280925717763e-01
3482   1.0000000000000000e+00  7.9456905836061587e-01  1.6156781217156215e+00  8.7686280925717763e-01
3483   0.0000000000000000e+00  8.3871178382509459e-01  1.7054380173664894e+00  8.7686280925717763e-01
3484   5.5555555555555559e-02  8.3871178382509459e-01  1.7054380173664896e+00  8.7686280925717763e-01
3485   1.6666666666666663e-01  8.3871178382509437e-01  1.7054380173664889e+00  8.7686280925717797e-01
3486   3.3333333333333331e-01  8.3871178382509437e-01  1.7054380173664889e+00  8.7686280925717797e-01
3487   4.9999999999999989e-01  8.3871178382509437e-01  1.7054380173664889e+00  8.7686280925717797e-01
3488   6.6666666666666674e-01  8.3871178382509459e-01  1.7054380173664894e+00  8.7686280925717763e-01
3489   8.3333333333333348e-01  8.3871178382509459e-01  1.7054380173664894e+00  8.7686280925717763e-01
3490   9.4444444444444464e-01  8.3871178382509459e-01  1.7054380173664894e+00  8.7686280925717763e-01
3491   1.0000000000000000e+00  8.3871178382509459e-01  1.7054380173664894e+00  8.7686280925717763e-01
3492   0.0000000000000000e+00  8.6814026746808015e-01  1.7652779478004010e+00  8.7686280925717763e-01
3493   5.5555555555555559e-02  8.6814026746808026e-01  1.7652779478004015e+00  8.7686280925717763e-01
3494   1.6666666666666669e-01  8.6814026746808015e-01  1.7652779478004013e+00  8.7686280925717774e-01
3495   3.3333333333333331e-01  8.6814026746808015e-01  1.7652779478004008e+00  8.7686280925717797e-01
3496   4.9999999999999994e-01  8.6814026746808015e-01  1.7652779478004013e+00  8.7686280925717774e-01
3497   6.6666666666666674e-01  8.6814026746808015e-01  1.7652779478004010e+00  8.7686280925717763e-01
3498   8.3333333333333348e-01  8.6814026746808015e-01  1.7652779478004010e+00  8.7686280925717763e-01
3499   9.4444444444444464e-01  8.6814026746808015e-01  1.7652779478004010e+00  8.7686280925717763e-01
3500   1.0000000000000000e+00  8.6814026746808015e-01  1.7652779478004010e+00  8.7686280925717763e-01
3501   0.0000000000000000e+00  8.8285450928957299e-01  1.7951979130173570e+00  8.7686280925717763e-01
3502   5.5555555555555559e-02  8.8285450928957310e-01  1.7951979130173570e+00  8.7686280925717763e-01
3503   1.6666666666666663e-01  8.8285450928957288e-01  1.7951979130173568e+00  8.7686280925717797e-01
3504   3.3333333333333331e-01  8.8285450928957310e-01  1.7951979130173568e+00  8.7686280925717797e-01
3505   4.9999999999999989e-01  8.8285450928957288e-01  1.7951979130173568e+00  8.7686280925717797e-01
3506   6.6666666666666674e-01  8.8285450928957310e-01  1.7951979130173570e+00  8.7686280925717763e-01
3507   8.3333333333333348e-01  8.8285450928957310e-01  1.7951979130173570e+00  8.7686280925717763e-01
3508   9.4444444444444464e-01  8.8285450928957299e-01  1.7951979130173570e+00  8.7686280925717763e-01
3509   1.0000000000000000e+00  8.8285450928957299e-01  1.7951979130173570e+00  8.7686280925717763e-01
3510   0.0000000000000000e+00  4.0502261779583765e-01  9.1459880556784023e-01  8.8308679015696356e-01
3511   5.5555555555555552e-02  4.0502261779583765e-01  9.1459880556784023e-01  8.8308679015696356e-01
3512   1.6666666666666663e-01  4.0502261779583759e-01  9.1459880556784023e-01  8.8308679015696379e-01
3513   3.3333333333333331e-01  4.0502261779583765e-01  9.1459880556784046e-01  8.8308679015696379e-01
3514   4.9999999999999989e-01  4.0502261779583759e-01  9.1459880556784023e-01  8.8308679015696379e-01
3515   6.6666666666666663e-01  4.0502261779583765e-01  9.1459880556784023e-01  8.8308679015696356e-01
3516   8.3333333333333337e-01  4.0502261779583765e-01  9.1459880556784023e-01  8.8308679015696356e-01
3517   9.4444444444444442e-01  4.0502261779583765e-01  9.1459880556784023e-01  8.8308679015696356e-01
3518   1.0000000000000000e+00  4.0502261779583765e-01  9.1459880556784023e-01  8.8308679015696356e-01
3519   0.0000000000000000e+00  4.1852337172236553e-01  9.4508543242010157e-01  8.8308679015696367e-01
3520   5.5555555555555546e-02  4.1852337172236559e-01  9.4508543242010157e-01  8.8308679015696367e-01
3521   1.6666666666666663e-01  4.1852337172236553e-01  9.4508543242010146e-01  8.8308679015696379e-01
3522   3.3333333333333331e-01  4.1852337172236553e-01  9.4508543242010157e-01  8.8308679015696379e-01
3523   4.9999999999999994e-01  4.1852337172236553e-01  9.4508543242010146e-01  8.8308679015696379e-01
3524   6.6666666666666663e-01  4.1852337172236559e-01  9.4508543242010146e-01  8.8308679015696367e-01
3525   8.3333333333333337e-01  4.1852337172236559e-01  9.4508543242010157e-01  8.8308679015696367e-01
3526   9.4444444444444431e-01  4.1852337172236553e-01  9.4508543242010157e-01  8.8308679015696367e-01
3527   1.0000000000000000e+00  4.1852337172236553e-01  9.4508543242010157e-01  8.8308679015696367e-01
3528   0.0000000000000000e+00  4.4552487957542147e-01  1.0060586861246243e+00  8.8308679015696367e-01
3529   5.5555555555555566e-02  4.4552487957542147e-01  1.0060586861246243e+00  8.8308679015696367e-01
3530   1.6666666666666663e-01  4.4552487957542142e-01  1.0060586861246243e+00  8.8308679015696379e-01
3531   3.3333333333333331e-01  4.4552487957542142e-01  1.0060586861246243e+00  8.8308679015696379e-01
3532   4.9999999999999994e-01  4.4552487957542142e-01  1.0060586861246243e+00  8.8308679015696379e-01
3533   6.6666666666666663e-01  4.4552487957542147e-01  1.0060586861246243e+00  8.8308679015696367e-01
3534   8.3333333333333326e-01  4.4552487957542147e-01  1.0060586861246243e+00  8.8308679015696367e-01
3535   9.4444444444444431e-01  4.4552487957542147e-01  1.0060586861246243e+00  8.8308679015696367e-01
3536   1.0000000000000000e+00  4.4552487957542147e-01  1.0060586861246243e+00  8.8308679015696367e-01
3537   0.0000000000000000e+00  4.8602714135500513e-01  1.0975185666814082e+00  8.8308679015696367e-01
3538   5.5555555555555559e-02  4.8602714135500519e-01  1.0975185666814085e+00  8.8308679015696367e-01
3539   1.6666666666666663e-01  4.8602714135500513e-01  1.0975185666814082e+00  8.8308679015696379e-01
3540   3.3333333333333331e-01  4.8602714135500513e-01  1.0975185666814082e+00  8.8308679015696379e-01
3541   4.9999999999999994e-01  4.8602714135500513e-01  1.0975185666814082e+00  8.8308679015696379e-01
3542   6.6666666666666663e-01  4.8602714135500513e-01  1.0975185666814082e+00  8.8308679015696367e-01
3543   8.3333333333333326e-01  4.8602714135500519e-01  1.0975185666814085e+00  8.8308679015696367e-01
3544   9.4444444444444431e-01  4.8602714135500513e-01  1.0975185666814082e+00  8.8308679015696367e-01
3545   1.0000000000000000e+00  4.8602714135500513e-01  1.0975185666814082e+00  8.8308679015696367e-01
3546   0.0000000000000000e+00  5.2652940313458896e-01  1.1889784472381923e+00  8.8308679015696345e-01
3547   5.5555555555555559e-02  5.2652940313458907e-01  1.1889784472381926e+00  8.8308679015696345e-01
3548   1.6666666666666666e-01  5.2652940313458896e-01  1.1889784472381923e+00  8.8308679015696367e-01
3549   3.3333333333333337e-01  5.2652940313458896e-01  1.1889784472381926e+00  8.8308679015696367e-01
3550   4.9999999999999989e-01  5.2652940313458896e-01  1.1889784472381923e+00  8.8308679015696367e-01
3551   6.6666666666666674e-01  5.2652940313458896e-01  1.1889784472381923e+00  8.8308679015696345e-01
3552   8.3333333333333337e-01  5.2652940313458896e-01  1.1889784472381928e+00  8.8308679015696356e-01
3553   9.4444444444444453e-01  5.2652940313458896e-01  1.1889784472381923e+00  8.8308679015696345e-01
3554   1.0000000000000000e+00  5.2652940313458896e-01  1.1889784472381923e+00  8.8308679015696345e-01
3555   0.0000000000000000e+00  5.6703166491417278e-01  1.2804383277949765e+00  8.8308679015696356e-01
3556   5.5555555555555552e-02  5.6703166491417278e-01  1.2804383277949765e+00  8.8308679015696356e-01
3557   1.6666666666666663e-01  5.6703166491417256e-01  1.2804383277949762e+00  8.8308679015696379e-01
3558   3.3333333333333331e-01  5.6703166491417256e-01  1.2804383277949762e+00  8.8308679015696379e-01
3559   4.9999999999999989e-01  5.6703166491417256e-01  1.2804383277949762e+00  8.8308679015696379e-01
3560   6.6666666666666663e-01  5.6703166491417278e-01  1.2804383277949765e+00  8.8308679015696356e-01
3561   8.3333333333333337e-01  5.6703166491417278e-01  1.2804383277949767e+00  8.8308679015696356e-01
3562   9.4444444444444442e-01  5.6703166491417278e-01  1.2804383277949765e+00  8.8308679015696356e-01
3563   1.0000000000000000e+00  5.6703166491417278e-01  1.2804383277949765e+00  8.8308679015696356e-01
3564   0.0000000000000000e+00  6.0753392669375650e-01  1.3718982083517606e+00  8.8308679015696356e-01
3565   5.5555555555555552e-02  6.0753392669375650e-01  1.3718982083517606e+00  8.8308679015696356e-01
3566   1.6666666666666663e-01  6.0753392669375639e-01  1.3718982083517606e+00  8.8308679015696379e-01
3567   3.3333333333333331e-01  6.0753392669375639e-01  1.3718982083517606e+00  8.8308679015696379e-01
3568   4.9999999999999989e-01  6.0753392669375639e-01  1.3718982083517604e+00  8.8308679015696379e-01
3569   6.6666666666666663e-01  6.0753392669375650e-01  1.3718982083517606e+00  8.8308679015696356e-01
3570   8.3333333333333326e-01  6.0753392669375639e-01  1.3718982083517604e+00  8.8308679015696367e-01
3571   9.4444444444444442e-01  6.0753392669375650e-01  1.3718982083517606e+00  8.8308679015696356e-01
3572   1.0000000000000000e+00  6.0753392669375650e-01  1.3718982083517606e+00  8.8308679015696356e-01
3573   0.0000000000000000e+00  6.4803618847334021e-01  1.4633580889085442e+00  8.8308679015696367e-01
3574   5.5555555555555559e-02  6.4803618847334021e-01  1.4633580889085442e+00  8.8308679015696367e-01
3575   1.6666666666666666e-01  6.4803618847334010e-01  1.4633580889085442e+00  8.8308679015696379e-01
3576   3.3333333333333331e-01  6.4803618847334021e-01  1.4633580889085442e+00  8.8308679015696379e-01
3577   4.9999999999999989e-01  6.4803618847334021e-01  1.4633580889085442e+00  8.8308679015696379e-01
3578   6.6666666666666663e-01  6.4803618847334021e-01  1.4633580889085442e+00  8.8308679015696367e-01
3579   8.3333333333333326e-01  6.4803618847334021e-01  1.4633580889085442e+00  8.8308679015696367e-01
3580   9.4444444444444442e-01  6.4803618847334021e-01  1.4633580889085442e+00  8.8308679015696367e-01
3581   1.0000000000000000e+00  6.4803618847334021e-01  1.4633580889085442e+00  8.8308679015696367e-01
3582   0.0000000000000000e+00  6.8853845025292404e-01  1.5548179694653288e+00  8.8308679015696356e-01
3583   5.5555555555555552e-02  6.8853845025292404e-01  1.5548179694653288e+00  8.8308679015696356e-01
3584   1.6666666666666666e-01  6.8853845025292393e-01  1.5548179694653286e+00  8.8308679015696367e-01
3585   3.3333333333333331e-01  6.8853845025292393e-01  1.5548179694653286e+00  8.8308679015696379e-01
3586   4.9999999999999994e-01  6.8853845025292393e-01  1.5548179694653286e+00  8.8308679015696367e-01
3587   6.6666666666666663e-01  6.8853845025292404e-01  1.5548179694653288e+00  8.8308679015696356e-01
3588   8.3333333333333337e-01  6.8853845025292404e-01  1.5548179694653288e+00  8.8308679015696356e-01
3589   9.4444444444444442e-01  6.8853845025292404e-01  1.5548179694653288e+00  8.8308679015696356e-01
3590   1.0000000000000000e+00  6.8853845025292404e-01  1.5548179694653288e+00  8.8308679015696356e-01
3591   0.0000000000000000e+00  7.2904071203250775e-01  1.6462778500221125e+00  8.8308679015696356e-01
3592   5.5555555555555552e-02  7.2904071203250775e-01  1.6462778500221127e+00  8.8308679015696356e-01
3593   1.6666666666666663e-01  7.2904071203250753e-01  1.6462778500221125e+00  8.8308679015696379e-01
3594   3.3333333333333331e-01  7.2904071203250786e-01  1.6462778500221125e+00  8.8308679015696379e-01
3595   4.9999999999999989e-01  7.2904071203250775e-01  1.6462778500221125e+00  8.8308679015696379e-01
3596   6.6666666666666663e-01  7.2904071203250775e-01  1.6462778500221125e+00  8.8308679015696356e-01
3597   8.3333333333333337e-01  7.2904071203250775e-01  1.6462778500221129e+00  8.8308679015696356e-01
3598   9.4444444444444442e-01  7.2904071203250775e-01  1.6462778500221125e+00  8.8308679015696356e-01
3599   1.0000000000000000e+00  7.2904071203250775e-01  1.6462778500221125e+00  8.8308679015696356e-01
3600   0.0000000000000000e+00  7.6954297381209147e-01  1.7377377305788966e+00  8.8308679015696356e-01
3601   5.5555555555555566e-02  7.6954297381209158e-01  1.7377377305788968e+00  8.8308679015696356e-01
3602   1.6666666666666663e-01  7.6954297381209158e-01  1.7377377305788964e+00  8.8308679015696379e-01
3603   3.3333333333333331e-01  7.6954297381209147e-01  1.7377377305788964e+00  8.8308679015696379e-01
3604   4.9999999999999989e-01  7.6954297381209158e-01  1.7377377305788964e+00  8.8308679015696379e-01
3605   6.6666666666666663e-01  7.6954297381209147e-01  1.7377377305788966e+00  8.8308679015696356e-01
3606   8.3333333333333337e-01  7.6954297381209147e-01  1.7377377305788966e+00  8.8308679015696356e-01
3607   9.4444444444444442e-01  7.6954297381209147e-01  1.7377377305788966e+00  8.8308679015696356e-01
3608   1.0000000000000000e+00  7.6954297381209147e-01  1.7377377305788966e+00  8.8308679015696356e-01
3609   0.0000000000000000e+00  7.9654448166514724e-01  1.7987109842834192e+00  8.8308679015696356e-01
3610   5.5555555555555552e-02  7.9654448166514724e-01  1.7987109842834192e+00  8.8308679015696356e-01
3611   1.6666666666666666e-01  7.9654448166514713e-01  1.7987109842834192e+00  8.8308679015696367e-01
3612   3.3333333333333331e-01  7.9654448166514735e-01  1.7987109842834192e+00  8.8308679015696379e-01
3613   4.9999999999999994e-01  7.9654448166514713e-01  1.7987109842834192e+00  8.8308679015696367e-01
3614   6.6666666666666663e-01  7.9654448166514724e-01  1.7987109842834192e+00  8.8308679015696356e-01
3615   8.3333333333333337e-01  7.9654448166514724e-01  1.7987109842834192e+00  8.8308679015696356e-01
3616   9.4444444444444442e-01  7.9654448166514724e-01  1.7987109842834192e+00  8.8308679015696356e-01
3617   1.0000000000000000e+00  7.9654448166514724e-01  1.7987109842834192e+00  8.8308679015696356e-01
3618   0.0000000000000000e+00  8.1004523559167529e-01  1.8291976111356805e+00  8.8308679015696356e-01
3619   5.5555555555555552e-02  8.1004523559167529e-01  1.8291976111356805e+00  8.8308679015696356e-01
3620   1.6666666666666663e-01  8.1004523559167518e-01  1.8291976111356805e+00  8.8308679015696379e-01
3621   3.3333333333333331e-01  8.1004523559167529e-01  1.8291976111356809e+00  8.8308679015696379e-01
3622   4.9999999999999989e-01  8.1004523559167518e-01  1.8291976111356805e+00  8.8308679015696379e-01
3623   6.6666666666666663e-01  8.1004523559167529e-01  1.8291976111356805e+00  8.8308679015696356e-01
3624   8.3333333333333337e-01  8.1004523559167529e-01  1.8291976111356805e+00  8.8308679015696356e-01
3625   9.4444444444444442e-01  8.1004523559167529e-01  1.8291976111356805e+00  8.8308679015696356e-01
3626   1.0000000000000000e+00  8.1004523559167529e-01  1.8291976111356805e+00  8.8308679015696356e-01
3627   0.0000000000000000e+00  3.6824213653265131e-01  9.3001274502529185e-01  8.9004300410378301e-01
3628   5.5555555555555559e-02  3.6824213653265137e-01  9.3001274502529185e-01  8.9004300410378301e-01
3629   1.6666666666666666e-01  3.6824213653265131e-01  9.3001274502529196e-01  8.9004300410378323e-01
3630   3.3333333333333331e-01  3.6824213653265131e-01  9.3001274502529196e-01  8.9004300410378323e-01
3631   4.9999999999999989e-01  3.6824213653265131e-01  9.3001274502529196e-01  8.9004300410378323e-01
3632   6.6666666666666674e-01  3.6824213653265137e-01  9.3001274502529185e-01  8.9004300410378301e-01
3633   8.3333333333333337e-01  3.6824213653265137e-01  9.3001274502529185e-01  8.9004300410378301e-01
3634   9.4444444444444442e-01  3.6824213653265131e-01  9.3001274502529185e-01  8.9004300410378301e-01
3635   1.0000000000000000e+00  3.6824213653265131e-01  9.3001274502529185e-01  8.9004300410378301e-01
3636   0.0000000000000000e+00  3.8051687441707305e-01  9.6101316985946839e-01  8.9004300410378312e-01
3637   5.5555555555555552e-02  3.8051687441707310e-01  9.6101316985946839e-01  8.9004300410378312e-01
3638   1.6666666666666666e-01  3.8051687441707305e-01  9.6101316985946827e-01  8.9004300410378323e-01
3639   3.3333333333333331e-01  3.8051687441707305e-01  9.6101316985946827e-01  8.9004300410378323e-01
3640   4.9999999999999994e-01  3.8051687441707305e-01  9.6101316985946827e-01  8.9004300410378323e-01
3641   6.6666666666666663e-01  3.8051687441707310e-01  9.6101316985946816e-01  8.9004300410378312e-01
3642   8.3333333333333326e-01  3.8051687441707310e-01  9.6101316985946839e-01  8.9004300410378312e-01
3643   9.4444444444444431e-01  3.8051687441707305e-01  9.6101316985946839e-01  8.9004300410378312e-01
3644   1.0000000000000000e+00  3.8051687441707305e-01  9.6101316985946839e-01  8.9004300410378312e-01
3645   0.0000000000000000e+00  4.0506635018591652e-01  1.0230140195278212e+00  8.9004300410378312e-01
3646   5.5555555555555559e-02  4.0506635018591652e-01  1.0230140195278212e+00  8.9004300410378312e-01
3647   1.6666666666666666e-01  4.0506635018591647e-01  1.0230140195278212e+00  8.9004300410378323e-01
3648   3.3333333333333331e-01  4.0506635018591641e-01  1.0230140195278210e+00  8.9004300410378334e-01
3649   4.9999999999999994e-01  4.0506635018591647e-01  1.0230140195278212e+00  8.9004300410378323e-01
3650   6.6666666666666674e-01  4.0506635018591652e-01  1.0230140195278212e+00  8.9004300410378312e-01
3651   8.3333333333333348e-01  4.0506635018591652e-01  1.0230140195278212e+00  8.9004300410378312e-01
3652   9.4444444444444442e-01  4.0506635018591652e-01  1.0230140195278212e+00  8.9004300410378312e-01
3653   1.0000000000000000e+00  4.0506635018591652e-01  1.0230140195278212e+00  8.9004300410378312e-01
3654   0.0000000000000000e+00  4.4189056383918152e-01  1.1160152940303503e+00  8.9004300410378312e-01
3655   5.5555555555555552e-02  4.4189056383918152e-01  1.1160152940303503e+00  8.9004300410378312e-01
3656   1.6666666666666666e-01  4.4189056383918163e-01  1.1160152940303503e+00  8.9004300410378323e-01
3657   3.3333333333333331e-01  4.4189056383918163e-01  1.1160152940303503e+00  8.9004300410378323e-01
3658   4.9999999999999994e-01  4.4189056383918146e-01  1.1160152940303500e+00  8.9004300410378323e-01
3659   6.6666666666666663e-01  4.4189056383918152e-01  1.1160152940303503e+00  8.9004300410378312e-01
3660   8.3333333333333326e-01  4.4189056383918152e-01  1.1160152940303503e+00  8.9004300410378312e-01
3661   9.4444444444444442e-01  4.4189056383918152e-01  1.1160152940303503e+00  8.9004300410378312e-01
3662   1.0000000000000000e+00  4.4189056383918152e-01  1.1160152940303503e+00  8.9004300410378312e-01
3663   0.0000000000000000e+00  4.7871477749244673e-01  1.2090165685328798e+00  8.9004300410378301e-01
3664   5.5555555555555559e-02  4.7871477749244690e-01  1.2090165685328798e+00  8.9004300410378301e-01
3665   1.6666666666666666e-01  4.7871477749244673e-01  1.2090165685328793e+00  8.9004300410378323e-01
3666   3.3333333333333331e-01  4.7871477749244673e-01  1.2090165685328793e+00  8.9004300410378323e-01
3667   4.9999999999999989e-01  4.7871477749244667e-01  1.2090165685328793e+00  8.9004300410378323e-01
3668   6.6666666666666685e-01  4.7871477749244673e-01  1.2090165685328795e+00  8.9004300410378301e-01
3669   8.3333333333333337e-01  4.7871477749244673e-01  1.2090165685328798e+00  8.9004300410378301e-01
3670   9.4444444444444431e-01  4.7871477749244673e-01  1.2090165685328798e+00  8.9004300410378301e-01
3671   1.0000000000000000e+00  4.7871477749244673e-01  1.2090165685328798e+00  8.9004300410378301e-01
3672   0.0000000000000000e+00  5.1553899114571189e-01  1.3020178430354088e+00  8.9004300410378301e-01
3673   5.5555555555555552e-02  5.1553899114571189e-01  1.3020178430354088e+00  8.9004300410378301e-01
3674   1.6666666666666666e-01  5.1553899114571189e-01  1.3020178430354086e+00  8.9004300410378323e-01
3675   3.3333333333333331e-01  5.1553899114571189e-01  1.3020178430354086e+00  8.9004300410378323e-01
3676   4.9999999999999989e-01  5.1553899114571189e-01  1.3020178430354084e+00  8.9004300410378323e-01
3677   6.6666666666666674e-01  5.1553899114571189e-01  1.3020178430354088e+00  8.9004300410378301e-01
3678   8.3333333333333337e-01  5.1553899114571189e-01  1.3020178430354088e+00  8.9004300410378301e-01
3679   9.4444444444444431e-01  5.1553899114571189e-01  1.3020178430354088e+00  8.9004300410378301e-01
3680   1.0000000000000000e+00  5.1553899114571189e-01  1.3020178430354088e+00  8.9004300410378301e-01
3681   0.0000000000000000e+00  5.5236320479897705e-01  1.3950191175379383e+00  8.9004300410378301e-01
3682   5.5555555555555552e-02  5.5236320479897705e-01  1.3950191175379383e+00  8.9004300410378301e-01
3683   1.6666666666666663e-01  5.5236320479897694e-01  1.3950191175379378e+00  8.9004300410378323e-01
3684   3.3333333333333331e-01  5.5236320479897694e-01  1.3950191175379378e+00  8.9004300410378323e-01
3685   4.9999999999999989e-01  5.5236320479897694e-01  1.3950191175379378e+00  8.9004300410378323e-01
3686   6.6666666666666674e-01  5.5236320479897705e-01  1.3950191175379383e+00  8.9004300410378301e-01
3687   8.3333333333333326e-01  5.5236320479897694e-01  1.3950191175379378e+00  8.9004300410378323e-01
3688   9.4444444444444453e-01  5.5236320479897705e-01  1.3950191175379383e+00  8.9004300410378301e-01
3689   1.0000000000000000e+00  5.5236320479897705e-01  1.3950191175379383e+00  8.9004300410378301e-01
3690   0.0000000000000000e+00  5.8918741845224210e-01  1.4880203920404669e+00  8.9004300410378323e-01
3691   5.5555555555555546e-02  5.8918741845224210e-01  1.4880203920404669e+00  8.9004300410378323e-01
3692   1.6666666666666666e-01  5.8918741845224210e-01  1.4880203920404671e+00  8.9004300410378323e-01
3693   3.3333333333333331e-01  5.8918741845224210e-01  1.4880203920404671e+00  8.9004300410378323e-01
3694   4.9999999999999989e-01  5.8918741845224210e-01  1.4880203920404671e+00  8.9004300410378323e-01
3695   6.6666666666666663e-01  5.8918741845224210e-01  1.4880203920404669e+00  8.9004300410378323e-01
3696   8.3333333333333326e-01  5.8918741845224210e-01  1.4880203920404669e+00  8.9004300410378323e-01
3697   9.4444444444444431e-01  5.8918741845224210e-01  1.4880203920404669e+00  8.9004300410378323e-01
3698   1.0000000000000000e+00  5.8918741845224210e-01  1.4880203920404669e+00  8.9004300410378323e-01
3699   0.0000000000000000e+00  6.2601163210550737e-01  1.5810216665429966e+00  8.9004300410378301e-01
3700   5.5555555555555559e-02  6.2601163210550737e-01  1.5810216665429966e+00  8.9004300410378301e-01
3701   1.6666666666666669e-01  6.2601163210550725e-01  1.5810216665429964e+00  8.9004300410378312e-01
3702   3.3333333333333331e-01  6.2601163210550725e-01  1.5810216665429964e+00  8.9004300410378323e-01
3703   4.9999999999999994e-01  6.2601163210550725e-01  1.5810216665429964e+00  8.9004300410378312e-01
3704   6.6666666666666674e-01  6.2601163210550737e-01  1.5810216665429966e+00  8.9004300410378301e-01
3705   8.3333333333333337e-01  6.2601163210550737e-01  1.5810216665429966e+00  8.9004300410378301e-01
3706   9.4444444444444453e-01  6.2601163210550737e-01  1.5810216665429966e+00  8.9004300410378301e-01
3707   1.0000000000000000e+00  6.2601163210550737e-01  1.5810216665429966e+00  8.9004300410378301e-01
3708   0.0000000000000000e+00  6.6283584575877241e-01  1.6740229410455258e+00  8.9004300410378301e-01
3709   5.5555555555555559e-02  6.6283584575877241e-01  1.6740229410455258e+00  8.9004300410378301e-01
3710   1.6666666666666666e-01  6.6283584575877219e-01  1.6740229410455254e+00  8.9004300410378323e-01
3711   3.3333333333333331e-01  6.6283584575877230e-01  1.6740229410455254e+00  8.9004300410378323e-01
3712   4.9999999999999989e-01  6.6283584575877230e-01  1.6740229410455254e+00  8.9004300410378323e-01
3713   6.6666666666666674e-01  6.6283584575877241e-01  1.6740229410455258e+00  8.9004300410378301e-01
3714   8.3333333333333337e-01  6.6283584575877241e-01  1.6740229410455258e+00  8.9004300410378301e-01
3715   9.4444444444444442e-01  6.6283584575877241e-01  1.6740229410455258e+00  8.9004300410378301e-01
3716   1.0000000000000000e+00  6.6283584575877241e-01  1.6740229410455258e+00  8.9004300410378301e-01
3717   0.0000000000000000e+00  6.9966005941203768e-01  1.7670242155480547e+00  8.9004300410378301e-01
3718   5.5555555555555559e-02  6.9966005941203768e-01  1.7670242155480547e+00  8.9004300410378301e-01
3719   1.6666666666666666e-01  6.9966005941203746e-01  1.7670242155480547e+00  8.9004300410378323e-01
3720   3.3333333333333331e-01  6.9966005941203746e-01  1.7670242155480549e+00  8.9004300410378323e-01
3721   4.9999999999999989e-01  6.9966005941203746e-01  1.7670242155480547e+00  8.9004300410378323e-01
3722   6.6666666666666674e-01  6.9966005941203768e-01  1.7670242155480547e+00  8.9004300410378301e-01
3723   8.3333333333333337e-01  6.9966005941203768e-01  1.7670242155480547e+00  8.9004300410378301e-01
3724   9.4444444444444453e-01  6.9966005941203768e-01  1.7670242155480547e+00  8.9004300410378301e-01
3725   1.0000000000000000e+00  6.9966005941203768e-01  1.7670242155480547e+00  8.9004300410378301e-01
3726   0.0000000000000000e+00  7.2420953518088094e-01  1.8290250652164075e+00  8.9004300410378301e-01
3727   5.5555555555555559e-02  7.2420953518088094e-01  1.8290250652164077e+00  8.9004300410378301e-01
3728   1.6666666666666669e-01  7.2420953518088094e-01  1.8290250652164077e+00  8.9004300410378312e-01
3729   3.3333333333333331e-01  7.2420953518088094e-01  1.8290250652164075e+00  8.9004300410378323e-01
3730   4.9999999999999994e-01  7.2420953518088094e-01  1.8290250652164077e+00  8.9004300410378312e-01
3731   6.6666666666666674e-01  7.2420953518088094e-01  1.8290250652164075e+00  8.9004300410378301e-01
3732   8.3333333333333337e-01  7.2420953518088094e-01  1.8290250652164075e+00  8.9004300410378301e-01
3733   9.4444444444444442e-01  7.2420953518088094e-01  1.8290250652164075e+00  8.9004300410378301e-01
3734   1.0000000000000000e+00  7.2420953518088094e-01  1.8290250652164075e+00  8.9004300410378301e-01
3735   0.0000000000000000e+00  7.3648427306530262e-01  1.8600254900505837e+00  8.9004300410378301e-01
3736   5.5555555555555559e-02  7.3648427306530273e-01  1.8600254900505837e+00  8.9004300410378301e-01
3737   1.6666666666666666e-01  7.3648427306530262e-01  1.8600254900505839e+00  8.9004300410378323e-01
3738   3.3333333333333331e-01  7.3648427306530262e-01  1.8600254900505839e+00  8.9004300410378323e-01
3739   4.9999999999999989e-01  7.3648427306530262e-01  1.8600254900505839e+00  8.9004300410378323e-01
3740   6.6666666666666674e-01  7.3648427306530273e-01  1.8600254900505837e+00  8.9004300410378301e-01
3741   8.3333333333333337e-01  7.3648427306530273e-01  1.8600254900505837e+00  8.9004300410378301e-01
3742   9.4444444444444442e-01  7.3648427306530262e-01  1.8600254900505837e+00  8.9004300410378301e-01
3743   1.0000000000000000e+00  7.3648427306530262e-01  1.8600254900505837e+00  8.9004300410378301e-01
3744   0.0000000000000000e+00  3.3118454752526422e-01  9.4383992383799942e-01  8.9773145109763619e-01
3745   5.5555555555555559e-02  3.3118454752526427e-01  9.4383992383799942e-01  8.9773145109763619e-01
3746   1.6666666666666666e-01  3.3118454752526416e-01  9.4383992383799920e-01  8.9773145109763641e-01
3747   3.3333333333333331e-01  3.3118454752526416e-01  9.4383992383799931e-01  8.9773145109763641e-01
3748   4.9999999999999989e-01  3.3118454752526416e-01  9.4383992383799920e-01  8.9773145109763641e-01
3749   6.6666666666666674e-01  3.3118454752526427e-01  9.4383992383799942e-01  8.9773145109763619e-01
3750   8.3333333333333337e-01  3.3118454752526427e-01  9.4383992383799942e-01  8.9773145109763619e-01
3751   9.4444444444444442e-01  3.3118454752526422e-01  9.4383992383799942e-01  8.9773145109763619e-01
3752   1.0000000000000000e+00  3.3118454752526422e-01  9.4383992383799942e-01  8.9773145109763619e-01
3753   0.0000000000000000e+00  3.4222403244277300e-01  9.7530125463259931e-01  8.9773145109763619e-01
3754   5.5555555555555559e-02  3.4222403244277305e-01  9.7530125463259931e-01  8.9773145109763619e-01
3755   1.6666666666666666e-01  3.4222403244277294e-01  9.7530125463259931e-01  8.9773145109763641e-01
3756   3.3333333333333331e-01  3.4222403244277300e-01  9.7530125463259931e-01  8.9773145109763641e-01
3757   4.9999999999999989e-01  3.4222403244277294e-01  9.7530125463259931e-01  8.9773145109763641e-01
3758   6.6666666666666674e-01  3.4222403244277305e-01  9.7530125463259931e-01  8.9773145109763619e-01
3759   8.3333333333333337e-01  3.4222403244277305e-01  9.7530125463259931e-01  8.9773145109763619e-01
3760   9.4444444444444442e-01  3.4222403244277300e-01  9.7530125463259931e-01  8.9773145109763619e-01
3761   1.0000000000000000e+00  3.4222403244277300e-01  9.7530125463259931e-01  8.9773145109763619e-01
3762   0.0000000000000000e+00  3.6430300227779072e-01  1.0382239162217997e+00  8.9773145109763619e-01
3763   5.5555555555555573e-02  3.6430300227779072e-01  1.0382239162217997e+00  8.9773145109763619e-01
3764   1.6666666666666666e-01  3.6430300227779061e-01  1.0382239162217992e+00  8.9773145109763641e-01
3765   3.3333333333333326e-01  3.6430300227779056e-01  1.0382239162217992e+00  8.9773145109763652e-01
3766   4.9999999999999989e-01  3.6430300227779061e-01  1.0382239162217992e+00  8.9773145109763641e-01
3767   6.6666666666666674e-01  3.6430300227779072e-01  1.0382239162217994e+00  8.9773145109763619e-01
3768   8.3333333333333348e-01  3.6430300227779072e-01  1.0382239162217997e+00  8.9773145109763619e-01
3769   9.4444444444444442e-01  3.6430300227779072e-01  1.0382239162217997e+00  8.9773145109763619e-01
3770   1.0000000000000000e+00  3.6430300227779072e-01  1.0382239162217997e+00  8.9773145109763619e-01
3771   0.0000000000000000e+00  3.9742145703031712e-01  1.1326079086055991e+00  8.9773145109763619e-01
3772   5.5555555555555559e-02  3.9742145703031712e-01  1.1326079086055991e+00  8.9773145109763619e-01
3773   1.6666666666666666e-01  3.9742145703031700e-01  1.1326079086055991e+00  8.9773145109763641e-01
3774   3.3333333333333331e-01  3.9742145703031700e-01  1.1326079086055989e+00  8.9773145109763641e-01
3775   4.9999999999999989e-01  3.9742145703031700e-01  1.1326079086055989e+00  8.9773145109763641e-01
3776   6.6666666666666674e-01  3.9742145703031712e-01  1.1326079086055991e+00  8.9773145109763619e-01
3777   8.3333333333333337e-01  3.9742145703031712e-01  1.1326079086055991e+00  8.9773145109763619e-01
3778   9.4444444444444442e-01  3.9742145703031712e-01  1.1326079086055991e+00  8.9773145109763619e-01
3779   1.0000000000000000e+00  3.9742145703031712e-01  1.1326079086055991e+00  8.9773145109763619e-01
3780   0.0000000000000000e+00  4.3053991178284345e-01  1.2269919009893993e+00  8.9773145109763619e-01
3781   5.5555555555555559e-02  4.3053991178284351e-01  1.2269919009893995e+00  8.9773145109763619e-01
3782   1.6666666666666666e-01  4.3053991178284345e-01  1.2269919009893993e+00  8.9773145109763630e-01
3783   3.3333333333333331e-01  4.3053991178284345e-01  1.2269919009893993e+00  8.9773145109763630e-01
3784   4.9999999999999994e-01  4.3053991178284345e-01  1.2269919009893990e+00  8.9773145109763630e-01
3785   6.6666666666666674e-01  4.3053991178284345e-01  1.2269919009893990e+00  8.9773145109763619e-01
3786   8.3333333333333337e-01  4.3053991178284345e-01  1.2269919009893995e+00  8.9773145109763619e-01
3787   9.4444444444444442e-01  4.3053991178284345e-01  1.2269919009893993e+00  8.9773145109763619e-01
3788   1.0000000000000000e+00  4.3053991178284345e-01  1.2269919009893993e+00  8.9773145109763619e-01
3789   0.0000000000000000e+00  4.6365836653536990e-01  1.3213758933731989e+00  8.9773145109763619e-01
3790   5.5555555555555552e-02  4.6365836653536990e-01  1.3213758933731989e+00  8.9773145109763619e-01
3791   1.6666666666666666e-01  4.6365836653536985e-01  1.3213758933731989e+00  8.9773145109763641e-01
3792   3.3333333333333331e-01  4.6365836653536985e-01  1.3213758933731989e+00  8.9773145109763641e-01
3793   4.9999999999999989e-01  4.6365836653536979e-01  1.3213758933731989e+00  8.9773145109763641e-01
3794   6.6666666666666674e-01  4.6365836653536990e-01  1.3213758933731989e+00  8.9773145109763619e-01
3795   8.3333333333333337e-01  4.6365836653536990e-01  1.3213758933731989e+00  8.9773145109763619e-01
3796   9.4444444444444431e-01  4.6365836653536990e-01  1.3213758933731989e+00  8.9773145109763619e-01
3797   1.0000000000000000e+00  4.6365836653536990e-01  1.3213758933731989e+00  8.9773145109763619e-01
3798   0.0000000000000000e+00  4.9677682128789641e-01  1.4157598857569991e+00  8.9773145109763619e-01
3799   5.5555555555555559e-02  4.9677682128789641e-01  1.4157598857569993e+00  8.9773145109763619e-01
3800   1.6666666666666666e-01  4.9677682128789630e-01  1.4157598857569991e+00  8.9773145109763641e-01
3801   3.3333333333333331e-01  4.9677682128789630e-01  1.4157598857569991e+00  8.9773145109763641e-01
3802   4.9999999999999989e-01  4.9677682128789630e-01  1.4157598857569986e+00  8.9773145109763641e-01
3803   6.6666666666666674e-01  4.9677682128789641e-01  1.4157598857569991e+00  8.9773145109763619e-01
3804   8.3333333333333326e-01  4.9677682128789635e-01  1.4157598857569991e+00  8.9773145109763630e-01
3805   9.4444444444444442e-01  4.9677682128789641e-01  1.4157598857569991e+00  8.9773145109763619e-01
3806   1.0000000000000000e+00  4.9677682128789641e-01  1.4157598857569991e+00  8.9773145109763619e-01
3807   0.0000000000000000e+00  5.2989527604042264e-01  1.5101438781407990e+00  8.9773145109763630e-01
3808   5.5555555555555552e-02  5.2989527604042275e-01  1.5101438781407990e+00  8.9773145109763630e-01
3809   1.6666666666666666e-01  5.2989527604042264e-01  1.5101438781407990e+00  8.9773145109763641e-01
3810   3.3333333333333331e-01  5.2989527604042264e-01  1.5101438781407990e+00  8.9773145109763641e-01
3811   4.9999999999999989e-01  5.2989527604042264e-01  1.5101438781407990e+00  8.9773145109763641e-01
3812   6.6666666666666663e-01  5.2989527604042275e-01  1.5101438781407988e+00  8.9773145109763630e-01
3813   8.3333333333333326e-01  5.2989527604042275e-01  1.5101438781407990e+00  8.9773145109763630e-01
3814   9.4444444444444442e-01  5.2989527604042264e-01  1.5101438781407990e+00  8.9773145109763630e-01
3815   1.0000000000000000e+00  5.2989527604042264e-01  1.5101438781407990e+00  8.9773145109763630e-01
3816   0.0000000000000000e+00  5.6301373079294914e-01  1.6045278705245991e+00  8.9773145109763619e-01
3817   5.5555555555555559e-02  5.6301373079294914e-01  1.6045278705245991e+00  8.9773145109763619e-01
3818   1.6666666666666666e-01  5.6301373079294903e-01  1.6045278705245987e+00  8.9773145109763641e-01
3819   3.3333333333333331e-01  5.6301373079294914e-01  1.6045278705245987e+00  8.9773145109763641e-01
3820   4.9999999999999989e-01  5.6301373079294914e-01  1.6045278705245987e+00  8.9773145109763641e-01
3821   6.6666666666666674e-01  5.6301373079294914e-01  1.6045278705245991e+00  8.9773145109763619e-01
3822   8.3333333333333337e-01  5.6301373079294914e-01  1.6045278705245991e+00  8.9773145109763619e-01
3823   9.4444444444444442e-01  5.6301373079294914e-01  1.6045278705245991e+00  8.9773145109763619e-01
3824   1.0000000000000000e+00  5.6301373079294914e-01  1.6045278705245991e+00  8.9773145109763619e-01
3825   0.0000000000000000e+00  5.9613218554547542e-01  1.6989118629083988e+00  8.9773145109763619e-01
3826   5.5555555555555559e-02  5.9613218554547542e-01  1.6989118629083990e+00  8.9773145109763619e-01
3827   1.6666666666666666e-01  5.9613218554547542e-01  1.6989118629083988e+00  8.9773145109763641e-01
3828   3.3333333333333331e-01  5.9613218554547553e-01  1.6989118629083988e+00  8.9773145109763641e-01
3829   4.9999999999999989e-01  5.9613218554547553e-01  1.6989118629083988e+00  8.9773145109763641e-01
3830   6.6666666666666674e-01  5.9613218554547542e-01  1.6989118629083988e+00  8.9773145109763619e-01
3831   8.3333333333333337e-01  5.9613218554547542e-01  1.6989118629083990e+00  8.9773145109763619e-01
3832   9.4444444444444442e-01  5.9613218554547542e-01  1.6989118629083988e+00  8.9773145109763619e-01
3833   1.0000000000000000e+00  5.9613218554547542e-01  1.6989118629083988e+00  8.9773145109763619e-01
3834   0.0000000000000000e+00  6.2925064029800204e-01  1.7932958552921987e+00  8.9773145109763619e-01
3835   5.5555555555555559e-02  6.2925064029800215e-01  1.7932958552921991e+00  8.9773145109763619e-01
3836   1.6666666666666666e-01  6.2925064029800204e-01  1.7932958552921987e+00  8.9773145109763641e-01
3837   3.3333333333333331e-01  6.2925064029800204e-01  1.7932958552921987e+00  8.9773145109763641e-01
3838   4.9999999999999989e-01  6.2925064029800204e-01  1.7932958552921987e+00  8.9773145109763641e-01
3839   6.6666666666666674e-01  6.2925064029800204e-01  1.7932958552921987e+00  8.9773145109763619e-01
3840   8.3333333333333337e-01  6.2925064029800204e-01  1.7932958552921987e+00  8.9773145109763619e-01
3841   9.4444444444444442e-01  6.2925064029800204e-01  1.7932958552921987e+00  8.9773145109763619e-01
3842   1.0000000000000000e+00  6.2925064029800204e-01  1.7932958552921987e+00  8.9773145109763619e-01
3843   0.0000000000000000e+00  6.5132961013301960e-01  1.8562185168813987e+00  8.9773145109763619e-01
3844   5.5555555555555559e-02  6.5132961013301960e-01  1.8562185168813989e+00  8.9773145109763619e-01
3845   1.6666666666666666e-01  6.5132961013301949e-01  1.8562185168813985e+00  8.9773145109763641e-01
3846   3.3333333333333331e-01  6.5132961013301971e-01  1.8562185168813989e+00  8.9773145109763641e-01
3847   4.9999999999999989e-01  6.5132961013301949e-01  1.8562185168813985e+00  8.9773145109763641e-01
3848   6.6666666666666674e-01  6.5132961013301960e-01  1.8562185168813987e+00  8.9773145109763619e-01
3849   8.3333333333333337e-01  6.5132961013301960e-01  1.8562185168813987e+00  8.9773145109763619e-01
3850   9.4444444444444442e-01  6.5132961013301960e-01  1.8562185168813987e+00  8.9773145109763619e-01
3851   1.0000000000000000e+00  6.5132961013301960e-01  1.8562185168813987e+00  8.9773145109763619e-01
3852   0.0000000000000000e+00  6.6236909505052843e-01  1.8876798476759988e+00  8.9773145109763619e-01
3853   5.5555555555555559e-02  6.6236909505052854e-01  1.8876798476759988e+00  8.9773145109763619e-01
3854   1.6666666666666666e-01  6.6236909505052832e-01  1.8876798476759984e+00  8.9773145109763641e-01
3855   3.3333333333333331e-01  6.6236909505052832e-01  1.8876798476759986e+00  8.9773145109763641e-01
3856   4.9999999999999989e-01  6.6236909505052832e-01  1.8876798476759984e+00  8.9773145109763641e-01
3857   6.6666666666666674e-01  6.6236909505052854e-01  1.8876798476759988e+00  8.9773145109763619e-01
3858   8.3333333333333337e-01  6.6236909505052854e-01  1.8876798476759988e+00  8.9773145109763619e-01
3859   9.4444444444444442e-01  6.6236909505052843e-01  1.8876798476759988e+00  8.9773145109763619e-01
3860   1.0000000000000000e+00  6.6236909505052843e-01  1.8876798476759988e+00  8.9773145109763619e-01
3861   0.0000000000000000e+00  2.9394673953609884e-01  9.5608721173930145e-01  9.0615213113852300e-01
3862   5.5555555555555559e-02  2.9394673953609890e-01  9.5608721173930145e-01  9.0615213113852300e-01
3863   1.6666666666666666e-01  2.9394673953609884e-01  9.5608721173930145e-01  9.0615213113852322e-01
3864   3.3333333333333331e-01  2.9394673953609890e-01  9.5608721173930145e-01  9.0615213113852322e-01
3865   4.9999999999999989e-01  2.9394673953609884e-01  9.5608721173930145e-01  9.0615213113852322e-01
3866   6.6666666666666674e-01  2.9394673953609890e-01  9.5608721173930145e-01  9.0615213113852300e-01
3867   8.3333333333333337e-01  2.9394673953609890e-01  9.5608721173930145e-01  9.0615213113852300e-01
3868   9.4444444444444442e-01  2.9394673953609884e-01  9.5608721173930145e-01  9.0615213113852300e-01
3869   1.0000000000000000e+00  2.9394673953609884e-01  9.5608721173930145e-01  9.0615213113852300e-01
3870   0.0000000000000000e+00  3.0374496418730212e-01  9.8795678546394472e-01  9.0615213113852311e-01
3871   5.5555555555555552e-02  3.0374496418730212e-01  9.8795678546394472e-01  9.0615213113852311e-01
3872   1.6666666666666666e-01  3.0374496418730207e-01  9.8795678546394483e-01  9.0615213113852322e-01
3873   3.3333333333333331e-01  3.0374496418730212e-01  9.8795678546394483e-01  9.0615213113852322e-01
3874   4.9999999999999994e-01  3.0374496418730207e-01  9.8795678546394483e-01  9.0615213113852322e-01
3875   6.6666666666666663e-01  3.0374496418730212e-01  9.8795678546394472e-01  9.0615213113852311e-01
3876   8.3333333333333337e-01  3.0374496418730212e-01  9.8795678546394472e-01  9.0615213113852311e-01
3877   9.4444444444444431e-01  3.0374496418730212e-01  9.8795678546394472e-01  9.0615213113852311e-01
3878   1.0000000000000000e+00  3.0374496418730212e-01  9.8795678546394472e-01  9.0615213113852311e-01
3879   0.0000000000000000e+00  3.2334141348970874e-01  1.0516959329132316e+00  9.0615213113852311e-01
3880   5.5555555555555566e-02  3.2334141348970874e-01  1.0516959329132316e+00  9.0615213113852311e-01
3881   1.6666666666666666e-01  3.2334141348970874e-01  1.0516959329132316e+00  9.0615213113852322e-01
3882   3.3333333333333331e-01  3.2334141348970874e-01  1.0516959329132316e+00  9.0615213113852322e-01
3883   4.9999999999999994e-01  3.2334141348970874e-01  1.0516959329132316e+00  9.0615213113852322e-01
3884   6.6666666666666663e-01  3.2334141348970874e-01  1.0516959329132316e+00  9.0615213113852311e-01
3885   8.3333333333333348e-01  3.2334141348970874e-01  1.0516959329132316e+00  9.0615213113852311e-01
3886   9.4444444444444431e-01  3.2334141348970874e-01  1.0516959329132316e+00  9.0615213113852311e-01
3887   1.0000000000000000e+00  3.2334141348970874e-01  1.0516959329132316e+00  9.0615213113852311e-01
3888   0.0000000000000000e+00  3.5273608744331858e-01  1.1473046540871616e+00  9.0615213113852311e-01
3889   5.5555555555555559e-02  3.5273608744331858e-01  1.1473046540871619e+00  9.0615213113852311e-01
3890   1.6666666666666666e-01  3.5273608744331858e-01  1.1473046540871619e+00  9.0615213113852322e-01
3891   3.3333333333333331e-01  3.5273608744331864e-01  1.1473046540871616e+00  9.0615213113852322e-01
3892   4.9999999999999994e-01  3.5273608744331858e-01  1.1473046540871616e+00  9.0615213113852322e-01
3893   6.6666666666666663e-01  3.5273608744331858e-01  1.1473046540871616e+00  9.0615213113852311e-01
3894   8.3333333333333326e-01  3.5273608744331858e-01  1.1473046540871619e+00  9.0615213113852311e-01
3895   9.4444444444444431e-01  3.5273608744331858e-01  1.1473046540871616e+00  9.0615213113852311e-01
3896   1.0000000000000000e+00  3.5273608744331858e-01  1.1473046540871616e+00  9.0615213113852311e-01
3897   0.0000000000000000e+00  3.8213076139692848e-01  1.2429133752610921e+00  9.0615213113852300e-01
3898   5.5555555555555559e-02  3.8213076139692853e-01  1.2429133752610924e+00  9.0615213113852300e-01
3899   1.6666666666666666e-01  3.8213076139692848e-01  1.2429133752610919e+00  9.0615213113852322e-01
3900   3.3333333333333331e-01  3.8213076139692848e-01  1.2429133752610919e+00  9.0615213113852322e-01
3901   4.9999999999999989e-01  3.8213076139692848e-01  1.2429133752610917e+00  9.0615213113852322e-01
3902   6.6666666666666674e-01  3.8213076139692848e-01  1.2429133752610921e+00  9.0615213113852300e-01
3903   8.3333333333333348e-01  3.8213076139692848e-01  1.2429133752610924e+00  9.0615213113852300e-01
3904   9.4444444444444442e-01  3.8213076139692848e-01  1.2429133752610921e+00  9.0615213113852300e-01
3905   1.0000000000000000e+00  3.8213076139692848e-01  1.2429133752610921e+00  9.0615213113852300e-01
3906   0.0000000000000000e+00  4.1152543535053843e-01  1.3385220964350222e+00  9.0615213113852300e-01
3907   5.5555555555555559e-02  4.1152543535053843e-01  1.3385220964350222e+00  9.0615213113852300e-01
3908   1.6666666666666666e-01  4.1152543535053832e-01  1.3385220964350220e+00  9.0615213113852322e-01
3909   3.3333333333333331e-01  4.1152543535053832e-01  1.3385220964350220e+00  9.0615213113852322e-01
3910   4.9999999999999989e-01  4.1152543535053832e-01  1.3385220964350220e+00  9.0615213113852322e-01
3911   6.6666666666666674e-01  4.1152543535053843e-01  1.3385220964350222e+00  9.0615213113852300e-01
3912   8.3333333333333337e-01  4.1152543535053843e-01  1.3385220964350224e+00  9.0615213113852300e-01
3913   9.4444444444444431e-01  4.1152543535053843e-01  1.3385220964350222e+00  9.0615213113852300e-01
3914   1.0000000000000000e+00  4.1152543535053843e-01  1.3385220964350222e+00  9.0615213113852300e-01
3915   0.0000000000000000e+00  4.4092010930414832e-01  1.4341308176089524e+00  9.0615213113852300e-01
3916   5.5555555555555559e-02  4.4092010930414832e-01  1.4341308176089524e+00  9.0615213113852300e-01
3917   1.6666666666666666e-01  4.4092010930414821e-01  1.4341308176089524e+00  9.0615213113852322e-01
3918   3.3333333333333337e-01  4.4092010930414832e-01  1.4341308176089524e+00  9.0615213113852322e-01
3919   4.9999999999999989e-01  4.4092010930414832e-01  1.4341308176089522e+00  9.0615213113852322e-01
3920   6.6666666666666674e-01  4.4092010930414832e-01  1.4341308176089524e+00  9.0615213113852300e-01
3921   8.3333333333333315e-01  4.4092010930414821e-01  1.4341308176089522e+00  9.0615213113852322e-01
3922   9.4444444444444442e-01  4.4092010930414832e-01  1.4341308176089524e+00  9.0615213113852300e-01
3923   1.0000000000000000e+00  4.4092010930414832e-01  1.4341308176089524e+00  9.0615213113852300e-01
3924   0.0000000000000000e+00  4.7031478325775805e-01  1.5297395387828823e+00  9.0615213113852322e-01
3925   5.5555555555555552e-02  4.7031478325775811e-01  1.5297395387828823e+00  9.0615213113852322e-01
3926   1.6666666666666666e-01  4.7031478325775811e-01  1.5297395387828823e+00  9.0615213113852322e-01
3927   3.3333333333333331e-01  4.7031478325775822e-01  1.5297395387828823e+00  9.0615213113852322e-01
3928   4.9999999999999989e-01  4.7031478325775822e-01  1.5297395387828823e+00  9.0615213113852322e-01
3929   6.6666666666666663e-01  4.7031478325775805e-01  1.5297395387828823e+00  9.0615213113852322e-01
3930   8.3333333333333326e-01  4.7031478325775805e-01  1.5297395387828823e+00  9.0615213113852322e-01
3931   9.4444444444444431e-01  4.7031478325775805e-01  1.5297395387828823e+00  9.0615213113852322e-01
3932   1.0000000000000000e+00  4.7031478325775805e-01  1.5297395387828823e+00  9.0615213113852322e-01
3933   0.0000000000000000e+00  4.9970945721136811e-01  1.6253482599568128e+00  9.0615213113852300e-01
3934   5.5555555555555559e-02  4.9970945721136811e-01  1.6253482599568128e+00  9.0615213113852300e-01
3935   1.6666666666666666e-01  4.9970945721136795e-01  1.6253482599568123e+00  9.0615213113852322e-01
3936   3.3333333333333331e-01  4.9970945721136795e-01  1.6253482599568123e+00  9.0615213113852322e-01
3937   4.9999999999999989e-01  4.9970945721136795e-01  1.6253482599568123e+00  9.0615213113852322e-01
3938   6.6666666666666674e-01  4.9970945721136811e-01  1.6253482599568128e+00  9.0615213113852300e-01
3939   8.3333333333333337e-01  4.9970945721136811e-01  1.6253482599568128e+00  9.0615213113852300e-01
3940   9.4444444444444442e-01  4.9970945721136811e-01  1.6253482599568128e+00  9.0615213113852300e-01
3941   1.0000000000000000e+00  4.9970945721136811e-01  1.6253482599568128e+00  9.0615213113852300e-01
3942   0.0000000000000000e+00  5.2910413116497790e-01  1.7209569811307428e+00  9.0615213113852300e-01
3943   5.5555555555555559e-02  5.2910413116497790e-01  1.7209569811307430e+00  9.0615213113852300e-01
3944   1.6666666666666666e-01  5.2910413116497790e-01  1.7209569811307426e+00  9.0615213113852322e-01
3945   3.3333333333333331e-01  5.2910413116497801e-01  1.7209569811307428e+00  9.0615213113852322e-01
3946   4.9999999999999989e-01  5.2910413116497801e-01  1.7209569811307426e+00  9.0615213113852322e-01
3947   6.6666666666666674e-01  5.2910413116497790e-01  1.7209569811307428e+00  9.0615213113852300e-01
3948   8.3333333333333337e-01  5.2910413116497790e-01  1.7209569811307432e+00  9.0615213113852300e-01
3949   9.4444444444444442e-01  5.2910413116497790e-01  1.7209569811307428e+00  9.0615213113852300e-01
3950   1.0000000000000000e+00  5.2910413116497790e-01  1.7209569811307428e+00  9.0615213113852300e-01
3951   0.0000000000000000e+00  5.5849880511858785e-01  1.8165657023046731e+00  9.0615213113852300e-01
3952   5.5555555555555566e-02  5.5849880511858785e-01  1.8165657023046733e+00  9.0615213113852300e-01
3953   1.6666666666666666e-01  5.5849880511858785e-01  1.8165657023046728e+00  9.0615213113852322e-01
3954   3.3333333333333331e-01  5.5849880511858774e-01  1.8165657023046728e+00  9.0615213113852322e-01
3955   4.9999999999999989e-01  5.5849880511858785e-01  1.8165657023046728e+00  9.0615213113852322e-01
3956   6.6666666666666674e-01  5.5849880511858785e-01  1.8165657023046731e+00  9.0615213113852300e-01
3957   8.3333333333333337e-01  5.5849880511858785e-01  1.8165657023046731e+00  9.0615213113852300e-01
3958   9.4444444444444442e-01  5.5849880511858785e-01  1.8165657023046731e+00  9.0615213113852300e-01
3959   1.0000000000000000e+00  5.5849880511858785e-01  1.8165657023046731e+00  9.0615213113852300e-01
3960   0.0000000000000000e+00  5.7809525442099430e-01  1.8803048497539596e+00  9.0615213113852300e-01
3961   5.5555555555555559e-02  5.7809525442099441e-01  1.8803048497539596e+00  9.0615213113852300e-01
3962   1.6666666666666666e-01  5.7809525442099430e-01  1.8803048497539596e+00  9.0615213113852322e-01
3963   3.3333333333333331e-01  5.7809525442099452e-01  1.8803048497539596e+00  9.0615213113852322e-01
3964   4.9999999999999989e-01  5.7809525442099430e-01  1.8803048497539596e+00  9.0615213113852322e-01
3965   6.6666666666666674e-01  5.7809525442099430e-01  1.8803048497539596e+00  9.0615213113852300e-01
3966   8.3333333333333337e-01  5.7809525442099430e-01  1.8803048497539596e+00  9.0615213113852300e-01
3967   9.4444444444444442e-01  5.7809525442099430e-01  1.8803048497539596e+00  9.0615213113852300e-01
3968   1.0000000000000000e+00  5.7809525442099430e-01  1.8803048497539596e+00  9.0615213113852300e-01
3969   0.0000000000000000e+00  5.8789347907219769e-01  1.9121744234786029e+00  9.0615213113852300e-01
3970   5.5555555555555559e-02  5.8789347907219780e-01  1.9121744234786029e+00  9.0615213113852300e-01
3971   1.6666666666666666e-01  5.8789347907219769e-01  1.9121744234786029e+00  9.0615213113852322e-01
3972   3.3333333333333331e-01  5.8789347907219780e-01  1.9121744234786029e+00  9.0615213113852322e-01
3973   4.9999999999999989e-01  5.8789347907219769e-01  1.9121744234786029e+00  9.0615213113852322e-01
3974   6.6666666666666674e-01  5.8789347907219780e-01  1.9121744234786029e+00  9.0615213113852300e-01
3975   8.3333333333333337e-01  5.8789347907219780e-01  1.9121744234786029e+00  9.0615213113852300e-01
3976   9.4444444444444442e-01  5.8789347907219769e-01  1.9121744234786029e+00  9.0615213113852300e-01
3977   1.0000000000000000e+00  5.8789347907219769e-01  1.9121744234786029e+00  9.0615213113852300e-01
3978   0.0000000000000000e+00  2.5662305593245055e-01  9.6676882001412656e-01  9.1530504422644343e-01
3979   5.5555555555555552e-02  2.5662305593245055e-01  9.6676882001412656e-01  9.1530504422644343e-01
3980   1.6666666666666666e-01  2.5662305593245055e-01  9.6676882001412667e-01  9.1530504422644354e-01
3981   3.3333333333333331e-01  2.5662305593245055e-01  9.6676882001412656e-01  9.1530504422644365e-01
3982   4.9999999999999994e-01  2.5662305593245055e-01  9.6676882001412667e-01  9.1530504422644354e-01
3983   6.6666666666666663e-01  2.5662305593245055e-01  9.6676882001412656e-01  9.1530504422644343e-01
3984   8.3333333333333337e-01  2.5662305593245055e-01  9.6676882001412656e-01  9.1530504422644343e-01
3985   9.4444444444444442e-01  2.5662305593245055e-01  9.6676882001412656e-01  9.1530504422644343e-01
3986   1.0000000000000000e+00  2.5662305593245055e-01  9.6676882001412656e-01  9.1530504422644343e-01
3987   0.0000000000000000e+00  2.6517715779686557e-01  9.9899444734793086e-01  9.1530504422644343e-01
3988   5.5555555555555552e-02  2.6517715779686557e-01  9.9899444734793086e-01  9.1530504422644343e-01
3989   1.6666666666666666e-01  2.6517715779686557e-01  9.9899444734793097e-01  9.1530504422644354e-01
3990   3.3333333333333331e-01  2.6517715779686557e-01  9.9899444734793086e-01  9.1530504422644365e-01
3991   4.9999999999999994e-01  2.6517715779686557e-01  9.9899444734793097e-01  9.1530504422644354e-01
3992   6.6666666666666663e-01  2.6517715779686557e-01  9.9899444734793086e-01  9.1530504422644343e-01
3993   8.3333333333333337e-01  2.6517715779686557e-01  9.9899444734793086e-01  9.1530504422644343e-01
3994   9.4444444444444442e-01  2.6517715779686557e-01  9.9899444734793086e-01  9.1530504422644343e-01
3995   1.0000000000000000e+00  2.6517715779686557e-01  9.9899444734793086e-01  9.1530504422644343e-01
3996   0.0000000000000000e+00  2.8228536152569561e-01  1.0634457020155395e+00  9.1530504422644343e-01
3997   5.5555555555555566e-02  2.8228536152569561e-01  1.0634457020155395e+00  9.1530504422644343e-01
3998   1.6666666666666666e-01  2.8228536152569561e-01  1.0634457020155395e+00  9.1530504422644354e-01
3999   3.3333333333333331e-01  2.8228536152569556e-01  1.0634457020155395e+00  9.1530504422644365e-01
4000   4.9999999999999994e-01  2.8228536152569561e-01  1.0634457020155395e+00  9.1530504422644354e-01
4001   6.6666666666666674e-01  2.8228536152569561e-01  1.0634457020155395e+00  9.1530504422644343e-01
4002   8.3333333333333348e-01  2.8228536152569561e-01  1.0634457020155395e+00  9.1530504422644343e-01
4003   9.4444444444444453e-01  2.8228536152569561e-01  1.0634457020155395e+00  9.1530504422644343e-01
4004   1.0000000000000000e+00  2.8228536152569561e-01  1.0634457020155395e+00  9.1530504422644343e-01
4005   0.0000000000000000e+00  3.0794766711894067e-01  1.1601225840169520e+00  9.1530504422644343e-01
4006   5.5555555555555552e-02  3.0794766711894067e-01  1.1601225840169520e+00  9.1530504422644343e-01
4007   1.6666666666666666e-01  3.0794766711894062e-01  1.1601225840169520e+00  9.1530504422644354e-01
4008   3.3333333333333331e-01  3.0794766711894067e-01  1.1601225840169520e+00  9.1530504422644365e-01
4009   4.9999999999999994e-01  3.0794766711894062e-01  1.1601225840169518e+00  9.1530504422644354e-01
4010   6.6666666666666663e-01  3.0794766711894067e-01  1.1601225840169520e+00  9.1530504422644343e-01
4011   8.3333333333333337e-01  3.0794766711894067e-01  1.1601225840169520e+00  9.1530504422644343e-01
4012   9.4444444444444442e-01  3.0794766711894067e-01  1.1601225840169520e+00  9.1530504422644343e-01
4013   1.0000000000000000e+00  3.0794766711894067e-01  1.1601225840169520e+00  9.1530504422644343e-01
4014   0.0000000000000000e+00  3.3360997271218562e-01  1.2567994660183648e+00  9.1530504422644343e-01
4015   5.5555555555555552e-02  3.3360997271218573e-01  1.2567994660183648e+00  9.1530504422644343e-01
4016   1.6666666666666666e-01  3.3360997271218568e-01  1.2567994660183648e+00  9.1530504422644354e-01
4017   3.3333333333333337e-01  3.3360997271218568e-01  1.2567994660183648e+00  9.1530504422644354e-01
4018   4.9999999999999994e-01  3.3360997271218568e-01  1.2567994660183648e+00  9.1530504422644354e-01
4019   6.6666666666666674e-01  3.3360997271218562e-01  1.2567994660183646e+00  9.1530504422644343e-01
4020   8.3333333333333337e-01  3.3360997271218562e-01  1.2567994660183648e+00  9.1530504422644343e-01
4021   9.4444444444444431e-01  3.3360997271218562e-01  1.2567994660183646e+00  9.1530504422644343e-01
4022   1.0000000000000000e+00  3.3360997271218562e-01  1.2567994660183648e+00  9.1530504422644343e-01
4023   0.0000000000000000e+00  3.5927227830543074e-01  1.3534763480197771e+00  9.1530504422644343e-01
4024   5.5555555555555552e-02  3.5927227830543074e-01  1.3534763480197771e+00  9.1530504422644343e-01
4025   1.6666666666666666e-01  3.5927227830543068e-01  1.3534763480197776e+00  9.1530504422644354e-01
4026   3.3333333333333337e-01  3.5927227830543068e-01  1.3534763480197776e+00  9.1530504422644354e-01
4027   4.9999999999999994e-01  3.5927227830543068e-01  1.3534763480197773e+00  9.1530504422644354e-01
4028   6.6666666666666663e-01  3.5927227830543074e-01  1.3534763480197771e+00  9.1530504422644343e-01
4029   8.3333333333333337e-01  3.5927227830543074e-01  1.3534763480197771e+00  9.1530504422644343e-01
4030   9.4444444444444420e-01  3.5927227830543074e-01  1.3534763480197771e+00  9.1530504422644343e-01
4031   1.0000000000000000e+00  3.5927227830543074e-01  1.3534763480197771e+00  9.1530504422644343e-01
4032   0.0000000000000000e+00  3.8493458389867585e-01  1.4501532300211903e+00  9.1530504422644343e-01
4033   5.5555555555555552e-02  3.8493458389867585e-01  1.4501532300211903e+00  9.1530504422644343e-01
4034   1.6666666666666660e-01  3.8493458389867574e-01  1.4501532300211901e+00  9.1530504422644365e-01
4035   3.3333333333333331e-01  3.8493458389867580e-01  1.4501532300211901e+00  9.1530504422644365e-01
4036   4.9999999999999989e-01  3.8493458389867580e-01  1.4501532300211899e+00  9.1530504422644365e-01
4037   6.6666666666666663e-01  3.8493458389867585e-01  1.4501532300211903e+00  9.1530504422644343e-01
4038   8.3333333333333326e-01  3.8493458389867580e-01  1.4501532300211901e+00  9.1530504422644354e-01
4039   9.4444444444444453e-01  3.8493458389867585e-01  1.4501532300211903e+00  9.1530504422644343e-01
4040   1.0000000000000000e+00  3.8493458389867585e-01  1.4501532300211903e+00  9.1530504422644343e-01
4041   0.0000000000000000e+00  4.1059688949192080e-01  1.5468301120226027e+00  9.1530504422644354e-01
4042   5.5555555555555546e-02  4.1059688949192086e-01  1.5468301120226027e+00  9.1530504422644354e-01
4043   1.6666666666666666e-01  4.1059688949192086e-01  1.5468301120226025e+00  9.1530504422644365e-01
4044   3.3333333333333331e-01  4.1059688949192091e-01  1.5468301120226025e+00  9.1530504422644365e-01
4045   4.9999999999999989e-01  4.1059688949192091e-01  1.5468301120226025e+00  9.1530504422644365e-01
4046   6.6666666666666674e-01  4.1059688949192086e-01  1.5468301120226027e+00  9.1530504422644354e-01
4047   8.3333333333333326e-01  4.1059688949192080e-01  1.5468301120226027e+00  9.1530504422644354e-01
4048   9.4444444444444442e-01  4.1059688949192080e-01  1.5468301120226027e+00  9.1530504422644354e-01
4049   1.0000000000000000e+00  4.1059688949192080e-01  1.5468301120226027e+00  9.1530504422644354e-01
4050   0.0000000000000000e+00  4.3625919508516586e-01  1.6435069940240157e+00  9.1530504422644343e-01
4051   5.5555555555555552e-02  4.3625919508516597e-01  1.6435069940240157e+00  9.1530504422644343e-01
4052   1.6666666666666669e-01  4.3625919508516597e-01  1.6435069940240157e+00  9.1530504422644343e-01
4053   3.3333333333333331e-01  4.3625919508516592e-01  1.6435069940240152e+00  9.1530504422644365e-01
4054   5.0000000000000000e-01  4.3625919508516597e-01  1.6435069940240157e+00  9.1530504422644343e-01
4055   6.6666666666666663e-01  4.3625919508516597e-01  1.6435069940240157e+00  9.1530504422644343e-01
4056   8.3333333333333337e-01  4.3625919508516586e-01  1.6435069940240157e+00  9.1530504422644343e-01
4057   9.4444444444444453e-01  4.3625919508516586e-01  1.6435069940240157e+00  9.1530504422644343e-01
4058   1.0000000000000000e+00  4.3625919508516586e-01  1.6435069940240157e+00  9.1530504422644343e-01
4059   0.0000000000000000e+00  4.6192150067841087e-01  1.7401838760254280e+00  9.1530504422644343e-01
4060   5.5555555555555552e-02  4.6192150067841087e-01  1.7401838760254282e+00  9.1530504422644343e-01
4061   1.6666666666666663e-01  4.6192150067841087e-01  1.7401838760254278e+00  9.1530504422644365e-01
4062   3.3333333333333331e-01  4.6192150067841103e-01  1.7401838760254280e+00  9.1530504422644365e-01
4063   4.9999999999999989e-01  4.6192150067841103e-01  1.7401838760254278e+00  9.1530504422644365e-01
4064   6.6666666666666663e-01  4.6192150067841087e-01  1.7401838760254280e+00  9.1530504422644343e-01
4065   8.3333333333333337e-01  4.6192150067841087e-01  1.7401838760254282e+00  9.1530504422644343e-01
4066   9.4444444444444442e-01  4.6192150067841087e-01  1.7401838760254280e+00  9.1530504422644343e-01
4067   1.0000000000000000e+00  4.6192150067841087e-01  1.7401838760254280e+00  9.1530504422644343e-01
4068   0.0000000000000000e+00  4.8758380627165609e-01  1.8368607580268408e+00  9.1530504422644343e-01
4069   5.5555555555555552e-02  4.8758380627165615e-01  1.8368607580268408e+00  9.1530504422644343e-01
4070   1.6666666666666666e-01  4.8758380627165609e-01  1.8368607580268408e+00  9.1530504422644354e-01
4071   3.3333333333333331e-01  4.8758380627165604e-01  1.8368607580268406e+00  9.1530504422644365e-01
4072   4.9999999999999994e-01  4.8758380627165609e-01  1.8368607580268408e+00  9.1530504422644354e-01
4073   6.6666666666666663e-01  4.8758380627165609e-01  1.8368607580268408e+00  9.1530504422644343e-01
4074   8.3333333333333337e-01  4.8758380627165609e-01  1.8368607580268408e+00  9.1530504422644343e-01
4075   9.4444444444444453e-01  4.8758380627165609e-01  1.8368607580268408e+00  9.1530504422644343e-01
4076   1.0000000000000000e+00  4.8758380627165609e-01  1.8368607580268408e+00  9.1530504422644343e-01
4077   0.0000000000000000e+00  5.0469201000048602e-01  1.9013120126944494e+00  9.1530504422644343e-01
4078   5.5555555555555552e-02  5.0469201000048602e-01  1.9013120126944494e+00  9.1530504422644343e-01
4079   1.6666666666666669e-01  5.0469201000048602e-01  1.9013120126944494e+00  9.1530504422644343e-01
4080   3.3333333333333331e-01  5.0469201000048602e-01  1.9013120126944492e+00  9.1530504422644365e-01
4081   5.0000000000000000e-01  5.0469201000048602e-01  1.9013120126944494e+00  9.1530504422644343e-01
4082   6.6666666666666663e-01  5.0469201000048602e-01  1.9013120126944494e+00  9.1530504422644343e-01
4083   8.3333333333333337e-01  5.0469201000048602e-01  1.9013120126944494e+00  9.1530504422644343e-01
4084   9.4444444444444442e-01  5.0469201000048602e-01  1.9013120126944494e+00  9.1530504422644343e-01
4085   1.0000000000000000e+00  5.0469201000048602e-01  1.9013120126944494e+00  9.1530504422644343e-01
4086   0.0000000000000000e+00  5.1324611186490110e-01  1.9335376400282531e+00  9.1530504422644343e-01
4087   5.5555555555555552e-02  5.1324611186490110e-01  1.9335376400282531e+00  9.1530504422644343e-01
4088   1.6666666666666666e-01  5.1324611186490110e-01  1.9335376400282533e+00  9.1530504422644354e-01
4089   3.3333333333333331e-01  5.1324611186490110e-01  1.9335376400282531e+00  9.1530504422644365e-01
4090   4.9999999999999994e-01  5.1324611186490110e-01  1.9335376400282533e+00  9.1530504422644354e-01
4091   6.6666666666666663e-01  5.1324611186490110e-01  1.9335376400282531e+00  9.1530504422644343e-01
4092   8.3333333333333337e-01  5.1324611186490110e-01  1.9335376400282531e+00  9.1530504422644343e-01
4093   9.4444444444444442e-01  5.1324611186490110e-01  1.9335376400282531e+00  9.1530504422644343e-01
4094   1.0000000000000000e+00  5.1324611186490110e-01  1.9335376400282531e+00  9.1530504422644343e-01
4095   0.0000000000000000e+00  2.1930466385022371e-01  9.7590585492701876e-01  9.2519019036139727e-01
4096   5.5555555555555559e-02  2.1930466385022374e-01  9.7590585492701876e-01  9.2519019036139727e-01
4097   1.6666666666666663e-01  2.1930466385022368e-01  9.7590585492701876e-01  9.2519019036139749e-01
4098   3.3333333333333331e-01  2.1930466385022371e-01  9.7590585492701876e-01  9.2519019036139749e-01
4099   4.9999999999999989e-01  2.1930466385022368e-01  9.7590585492701876e-01  9.2519019036139749e-01
4100   6.6666666666666663e-01  2.1930466385022374e-01  9.7590585492701876e-01  9.2519019036139727e-01
4101   8.3333333333333348e-01  2.1930466385022374e-01  9.7590585492701876e-01  9.2519019036139727e-01
4102   9.4444444444444453e-01  2.1930466385022371e-01  9.7590585492701876e-01  9.2519019036139727e-01
4103   1.0000000000000000e+00  2.1930466385022371e-01  9.7590585492701876e-01  9.2519019036139727e-01
4104   0.0000000000000000e+00  2.2661481931189781e-01  1.0084360500912528e+00  9.2519019036139738e-01
4105   5.5555555555555552e-02  2.2661481931189784e-01  1.0084360500912528e+00  9.2519019036139738e-01
4106   1.6666666666666663e-01  2.2661481931189781e-01  1.0084360500912526e+00  9.2519019036139749e-01
4107   3.3333333333333331e-01  2.2661481931189784e-01  1.0084360500912526e+00  9.2519019036139749e-01
4108   4.9999999999999994e-01  2.2661481931189781e-01  1.0084360500912526e+00  9.2519019036139749e-01
4109   6.6666666666666663e-01  2.2661481931189784e-01  1.0084360500912526e+00  9.2519019036139738e-01
4110   8.3333333333333337e-01  2.2661481931189784e-01  1.0084360500912528e+00  9.2519019036139738e-01
4111   9.4444444444444442e-01  2.2661481931189781e-01  1.0084360500912528e+00  9.2519019036139738e-01
4112   1.0000000000000000e+00  2.2661481931189781e-01  1.0084360500912528e+00  9.2519019036139738e-01
4113   0.0000000000000000e+00  2.4123513023524612e-01  1.0734964404197207e+00  9.2519019036139738e-01
4114   5.5555555555555566e-02  2.4123513023524612e-01  1.0734964404197207e+00  9.2519019036139738e-01
4115   1.6666666666666663e-01  2.4123513023524609e-01  1.0734964404197207e+00  9.2519019036139749e-01
4116   3.3333333333333331e-01  2.4123513023524609e-01  1.0734964404197207e+00  9.2519019036139749e-01
4117   4.9999999999999994e-01  2.4123513023524609e-01  1.0734964404197207e+00  9.2519019036139749e-01
4118   6.6666666666666663e-01  2.4123513023524609e-01  1.0734964404197205e+00  9.2519019036139738e-01
4119   8.3333333333333359e-01  2.4123513023524612e-01  1.0734964404197207e+00  9.2519019036139738e-01
4120   9.4444444444444453e-01  2.4123513023524612e-01  1.0734964404197207e+00  9.2519019036139738e-01
4121   1.0000000000000000e+00  2.4123513023524612e-01  1.0734964404197207e+00  9.2519019036139738e-01
4122   0.0000000000000000e+00  2.6316559662026845e-01  1.1710870259124224e+00  9.2519019036139738e-01
4123   5.5555555555555552e-02  2.6316559662026845e-01  1.1710870259124224e+00  9.2519019036139738e-01
4124   1.6666666666666663e-01  2.6316559662026845e-01  1.1710870259124224e+00  9.2519019036139749e-01
4125   3.3333333333333331e-01  2.6316559662026850e-01  1.1710870259124224e+00  9.2519019036139749e-01
4126   4.9999999999999994e-01  2.6316559662026845e-01  1.1710870259124222e+00  9.2519019036139749e-01
4127   6.6666666666666663e-01  2.6316559662026845e-01  1.1710870259124224e+00  9.2519019036139738e-01
4128   8.3333333333333337e-01  2.6316559662026845e-01  1.1710870259124224e+00  9.2519019036139738e-01
4129   9.4444444444444442e-01  2.6316559662026845e-01  1.1710870259124224e+00  9.2519019036139738e-01
4130   1.0000000000000000e+00  2.6316559662026845e-01  1.1710870259124224e+00  9.2519019036139738e-01
4131   0.0000000000000000e+00  2.8509606300529083e-01  1.2686776114051244e+00  9.2519019036139727e-01
4132   5.5555555555555559e-02  2.8509606300529083e-01  1.2686776114051244e+00  9.2519019036139727e-01
4133   1.6666666666666666e-01  2.8509606300529083e-01  1.2686776114051244e+00  9.2519019036139738e-01
4134   3.3333333333333337e-01  2.8509606300529083e-01  1.2686776114051244e+00  9.2519019036139738e-01
4135   4.9999999999999994e-01  2.8509606300529083e-01  1.2686776114051244e+00  9.2519019036139738e-01
4136   6.6666666666666663e-01  2.8509606300529083e-01  1.2686776114051244e+00  9.2519019036139727e-01
4137   8.3333333333333348e-01  2.8509606300529083e-01  1.2686776114051244e+00  9.2519019036139727e-01
4138   9.4444444444444442e-01  2.8509606300529083e-01  1.2686776114051244e+00  9.2519019036139727e-01
4139   1.0000000000000000e+00  2.8509606300529083e-01  1.2686776114051244e+00  9.2519019036139727e-01
4140   0.0000000000000000e+00  3.0702652939031327e-01  1.3662681968978263e+00  9.2519019036139727e-01
4141   5.5555555555555552e-02  3.0702652939031327e-01  1.3662681968978263e+00  9.2519019036139727e-01
4142   1.6666666666666663e-01  3.0702652939031322e-01  1.3662681968978263e+00  9.2519019036139749e-01
4143   3.3333333333333331e-01  3.0702652939031322e-01  1.3662681968978263e+00  9.2519019036139749e-01
4144   4.9999999999999989e-01  3.0702652939031322e-01  1.3662681968978261e+00  9.2519019036139749e-01
4145   6.6666666666666663e-01  3.0702652939031327e-01  1.3662681968978263e+00  9.2519019036139727e-01
4146   8.3333333333333348e-01  3.0702652939031327e-01  1.3662681968978263e+00  9.2519019036139727e-01
4147   9.4444444444444442e-01  3.0702652939031327e-01  1.3662681968978263e+00  9.2519019036139727e-01
4148   1.0000000000000000e+00  3.0702652939031327e-01  1.3662681968978263e+00  9.2519019036139727e-01
4149   0.0000000000000000e+00  3.2895699577533560e-01  1.4638587823905282e+00  9.2519019036139727e-01
4150   5.5555555555555559e-02  3.2895699577533560e-01  1.4638587823905285e+00  9.2519019036139727e-01
4151   1.6666666666666663e-01  3.2895699577533555e-01  1.4638587823905280e+00  9.2519019036139749e-01
4152   3.3333333333333337e-01  3.2895699577533560e-01  1.4638587823905280e+00  9.2519019036139749e-01
4153   4.9999999999999989e-01  3.2895699577533560e-01  1.4638587823905278e+00  9.2519019036139749e-01
4154   6.6666666666666663e-01  3.2895699577533560e-01  1.4638587823905282e+00  9.2519019036139727e-01
4155   8.3333333333333337e-01  3.2895699577533560e-01  1.4638587823905282e+00  9.2519019036139738e-01
4156   9.4444444444444464e-01  3.2895699577533560e-01  1.4638587823905282e+00  9.2519019036139727e-01
4157   1.0000000000000000e+00  3.2895699577533560e-01  1.4638587823905282e+00  9.2519019036139727e-01
4158   0.0000000000000000e+00  3.5088746216035788e-01  1.5614493678832300e+00  9.2519019036139738e-01
4159   5.5555555555555552e-02  3.5088746216035793e-01  1.5614493678832300e+00  9.2519019036139738e-01
4160   1.6666666666666666e-01  3.5088746216035788e-01  1.5614493678832302e+00  9.2519019036139749e-01
4161   3.3333333333333331e-01  3.5088746216035799e-01  1.5614493678832302e+00  9.2519019036139749e-01
4162   4.9999999999999989e-01  3.5088746216035799e-01  1.5614493678832302e+00  9.2519019036139749e-01
4163   6.6666666666666674e-01  3.5088746216035793e-01  1.5614493678832300e+00  9.2519019036139738e-01
4164   8.3333333333333337e-01  3.5088746216035793e-01  1.5614493678832300e+00  9.2519019036139738e-01
4165   9.4444444444444453e-01  3.5088746216035788e-01  1.5614493678832300e+00  9.2519019036139738e-01
4166   1.0000000000000000e+00  3.5088746216035788e-01  1.5614493678832300e+00  9.2519019036139738e-01
4167   0.0000000000000000e+00  3.7281792854538026e-01  1.6590399533759319e+00  9.2519019036139727e-01
4168   5.5555555555555552e-02  3.7281792854538037e-01  1.6590399533759319e+00  9.2519019036139727e-01
4169   1.6666666666666663e-01  3.7281792854538026e-01  1.6590399533759315e+00  9.2519019036139749e-01
4170   3.3333333333333331e-01  3.7281792854538032e-01  1.6590399533759319e+00  9.2519019036139749e-01
4171   4.9999999999999989e-01  3.7281792854538026e-01  1.6590399533759315e+00  9.2519019036139749e-01
4172   6.6666666666666663e-01  3.7281792854538037e-01  1.6590399533759319e+00  9.2519019036139727e-01
4173   8.3333333333333348e-01  3.7281792854538026e-01  1.6590399533759319e+00  9.2519019036139727e-01
4174   9.4444444444444464e-01  3.7281792854538026e-01  1.6590399533759319e+00  9.2519019036139727e-01
4175   1.0000000000000000e+00  3.7281792854538026e-01  1.6590399533759319e+00  9.2519019036139727e-01
4176   0.0000000000000000e+00  3.9474839493040265e-01  1.7566305388686339e+00  9.2519019036139727e-01
4177   5.5555555555555552e-02  3.9474839493040265e-01  1.7566305388686341e+00  9.2519019036139727e-01
4178   1.6666666666666663e-01  3.9474839493040259e-01  1.7566305388686339e+00  9.2519019036139749e-01
4179   3.3333333333333331e-01  3.9474839493040276e-01  1.7566305388686339e+00  9.2519019036139749e-01
4180   4.9999999999999989e-01  3.9474839493040276e-01  1.7566305388686339e+00  9.2519019036139749e-01
4181   6.6666666666666663e-01  3.9474839493040265e-01  1.7566305388686339e+00  9.2519019036139727e-01
4182   8.3333333333333348e-01  3.9474839493040265e-01  1.7566305388686341e+00  9.2519019036139727e-01
4183   9.4444444444444453e-01  3.9474839493040265e-01  1.7566305388686339e+00  9.2519019036139727e-01
4184   1.0000000000000000e+00  3.9474839493040265e-01  1.7566305388686339e+00  9.2519019036139727e-01
4185   0.0000000000000000e+00  4.1667886131542514e-01  1.8542211243613358e+00  9.2519019036139727e-01
4186   5.5555555555555559e-02  4.1667886131542514e-01  1.8542211243613360e+00  9.2519019036139727e-01
4187   1.6666666666666663e-01  4.1667886131542503e-01  1.8542211243613356e+00  9.2519019036139749e-01
4188   3.3333333333333331e-01  4.1667886131542509e-01  1.8542211243613356e+00  9.2519019036139749e-01
4189   4.9999999999999989e-01  4.1667886131542503e-01  1.8542211243613356e+00  9.2519019036139749e-01
4190   6.6666666666666663e-01  4.1667886131542514e-01  1.8542211243613358e+00  9.2519019036139727e-01
4191   8.3333333333333348e-01  4.1667886131542514e-01  1.8542211243613358e+00  9.2519019036139727e-01
4192   9.4444444444444464e-01  4.1667886131542514e-01  1.8542211243613358e+00  9.2519019036139727e-01
4193   1.0000000000000000e+00  4.1667886131542514e-01  1.8542211243613358e+00  9.2519019036139727e-01
4194   0.0000000000000000e+00  4.3129917223877329e-01  1.9192815146898035e+00  9.2519019036139727e-01
4195   5.5555555555555559e-02  4.3129917223877334e-01  1.9192815146898037e+00  9.2519019036139727e-01
4196   1.6666666666666663e-01  4.3129917223877329e-01  1.9192815146898035e+00  9.2519019036139749e-01
4197   3.3333333333333331e-01  4.3129917223877340e-01  1.9192815146898035e+00  9.2519019036139749e-01
4198   4.9999999999999989e-01  4.3129917223877329e-01  1.9192815146898035e+00  9.2519019036139749e-01
4199   6.6666666666666663e-01  4.3129917223877329e-01  1.9192815146898035e+00  9.2519019036139727e-01
4200   8.3333333333333348e-01  4.3129917223877329e-01  1.9192815146898035e+00  9.2519019036139727e-01
4201   9.4444444444444453e-01  4.3129917223877329e-01  1.9192815146898035e+00  9.2519019036139727e-01
4202   1.0000000000000000e+00  4.3129917223877329e-01  1.9192815146898035e+00  9.2519019036139727e-01
4203   0.0000000000000000e+00  4.3860932770044742e-01  1.9518117098540375e+00  9.2519019036139727e-01
4204   5.5555555555555559e-02  4.3860932770044747e-01  1.9518117098540375e+00  9.2519019036139727e-01
4205   1.6666666666666663e-01  4.3860932770044736e-01  1.9518117098540375e+00  9.2519019036139749e-01
4206   3.3333333333333331e-01  4.3860932770044742e-01  1.9518117098540375e+00  9.2519019036139749e-01
4207   4.9999999999999989e-01  4.3860932770044736e-01  1.9518117098540375e+00  9.2519019036139749e-01
4208   6.6666666666666663e-01  4.3860932770044747e-01  1.9518117098540375e+00  9.2519019036139727e-01
4209   8.3333333333333348e-01  4.3860932770044747e-01  1.9518117098540375e+00  9.2519019036139727e-01
4210   9.4444444444444453e-01  4.3860932770044742e-01  1.9518117098540375e+00  9.2519019036139727e-01
4211   1.0000000000000000e+00  4.3860932770044742e-01  1.9518117098540375e+00  9.2519019036139727e-01
4212   0.0000000000000000e+00  1.8207899617638090e-01  9.8352581538297545e-01  9.3580756954338518e-01
4213   5.5555555555555552e-02  1.8207899617638096e-01  9.8352581538297545e-01  9.3580756954338518e-01
4214   1.6666666666666666e-01  1.8207899617638096e-01  9.8352581538297557e-01  9.3580756954338518e-01
4215   3.3333333333333331e-01  1.8207899617638099e-01  9.8352581538297545e-01  9.3580756954338529e-01
4216   5.0000000000000000e-01  1.8207899617638096e-01  9.8352581538297557e-01  9.3580756954338518e-01
4217   6.6666666666666663e-01  1.8207899617638096e-01  9.8352581538297545e-01  9.3580756954338518e-01
4218   8.3333333333333337e-01  1.8207899617638096e-01  9.8352581538297545e-01  9.3580756954338518e-01
4219   9.4444444444444431e-01  1.8207899617638090e-01  9.8352581538297545e-01  9.3580756954338518e-01
4220   1.0000000000000000e+00  1.8207899617638090e-01  9.8352581538297545e-01  9.3580756954338518e-01
4221   0.0000000000000000e+00  1.8814829604892694e-01  1.0163100092290747e+00  9.3580756954338518e-01
4222   5.5555555555555552e-02  1.8814829604892699e-01  1.0163100092290747e+00  9.3580756954338518e-01
4223   1.6666666666666666e-01  1.8814829604892699e-01  1.0163100092290749e+00  9.3580756954338518e-01
4224   3.3333333333333331e-01  1.8814829604892699e-01  1.0163100092290747e+00  9.3580756954338529e-01
4225   5.0000000000000000e-01  1.8814829604892699e-01  1.0163100092290749e+00  9.3580756954338518e-01
4226   6.6666666666666663e-01  1.8814829604892699e-01  1.0163100092290747e+00  9.3580756954338518e-01
4227   8.3333333333333337e-01  1.8814829604892699e-01  1.0163100092290747e+00  9.3580756954338518e-01
4228   9.4444444444444431e-01  1.8814829604892694e-01  1.0163100092290747e+00  9.3580756954338518e-01
4229   1.0000000000000000e+00  1.8814829604892694e-01  1.0163100092290747e+00  9.3580756954338518e-01
4230   0.0000000000000000e+00  2.0028689579401907e-01  1.0818783969212733e+00  9.3580756954338518e-01
4231   5.5555555555555559e-02  2.0028689579401907e-01  1.0818783969212733e+00  9.3580756954338518e-01
4232   1.6666666666666666e-01  2.0028689579401907e-01  1.0818783969212733e+00  9.3580756954338518e-01
4233   3.3333333333333331e-01  2.0028689579401904e-01  1.0818783969212731e+00  9.3580756954338529e-01
4234   5.0000000000000000e-01  2.0028689579401907e-01  1.0818783969212733e+00  9.3580756954338518e-01
4235   6.6666666666666663e-01  2.0028689579401907e-01  1.0818783969212731e+00  9.3580756954338518e-01
4236   8.3333333333333359e-01  2.0028689579401907e-01  1.0818783969212733e+00  9.3580756954338518e-01
4237   9.4444444444444431e-01  2.0028689579401907e-01  1.0818783969212733e+00  9.3580756954338518e-01
4238   1.0000000000000000e+00  2.0028689579401907e-01  1.0818783969212733e+00  9.3580756954338518e-01
4239   0.0000000000000000e+00  2.1849479541165714e-01  1.1802309784595706e+00  9.3580756954338518e-01
4240   5.5555555555555552e-02  2.1849479541165714e-01  1.1802309784595706e+00  9.3580756954338518e-01
4241   1.6666666666666666e-01  2.1849479541165717e-01  1.1802309784595708e+00  9.3580756954338518e-01
4242   3.3333333333333331e-01  2.1849479541165717e-01  1.1802309784595704e+00  9.3580756954338529e-01
4243   5.0000000000000000e-01  2.1849479541165714e-01  1.1802309784595706e+00  9.3580756954338518e-01
4244   6.6666666666666663e-01  2.1849479541165714e-01  1.1802309784595706e+00  9.3580756954338518e-01
4245   8.3333333333333337e-01  2.1849479541165714e-01  1.1802309784595706e+00  9.3580756954338518e-01
4246   9.4444444444444442e-01  2.1849479541165714e-01  1.1802309784595706e+00  9.3580756954338518e-01
4247   1.0000000000000000e+00  2.1849479541165714e-01  1.1802309784595706e+00  9.3580756954338518e-01
4248   0.0000000000000000e+00  2.3670269502929522e-01  1.2785835599978683e+00  9.3580756954338506e-01
4249   5.5555555555555559e-02  2.3670269502929525e-01  1.2785835599978683e+00  9.3580756954338506e-01
4250   1.6666666666666666e-01  2.3670269502929522e-01  1.2785835599978683e+00  9.3580756954338518e-01
4251   3.3333333333333337e-01  2.3670269502929522e-01  1.2785835599978683e+00  9.3580756954338518e-01
4252   4.9999999999999994e-01  2.3670269502929522e-01  1.2785835599978683e+00  9.3580756954338518e-01
4253   6.6666666666666674e-01  2.3670269502929522e-01  1.2785835599978681e+00  9.3580756954338506e-01
4254   8.3333333333333337e-01  2.3670269502929520e-01  1.2785835599978683e+00  9.3580756954338518e-01
4255   9.4444444444444442e-01  2.3670269502929522e-01  1.2785835599978683e+00  9.3580756954338506e-01
4256   1.0000000000000000e+00  2.3670269502929522e-01  1.2785835599978683e+00  9.3580756954338506e-01
4257   0.0000000000000000e+00  2.5491059464693333e-01  1.3769361415361654e+00  9.3580756954338518e-01
4258   5.5555555555555546e-02  2.5491059464693333e-01  1.3769361415361654e+00  9.3580756954338518e-01
4259   1.6666666666666666e-01  2.5491059464693333e-01  1.3769361415361658e+00  9.3580756954338518e-01
4260   3.3333333333333337e-01  2.5491059464693333e-01  1.3769361415361658e+00  9.3580756954338518e-01
4261   5.0000000000000000e-01  2.5491059464693333e-01  1.3769361415361658e+00  9.3580756954338518e-01
4262   6.6666666666666663e-01  2.5491059464693333e-01  1.3769361415361654e+00  9.3580756954338518e-01
4263   8.3333333333333337e-01  2.5491059464693333e-01  1.3769361415361654e+00  9.3580756954338518e-01
4264   9.4444444444444431e-01  2.5491059464693333e-01  1.3769361415361654e+00  9.3580756954338518e-01
4265   1.0000000000000000e+00  2.5491059464693333e-01  1.3769361415361654e+00  9.3580756954338518e-01
4266   0.0000000000000000e+00  2.7311849426457147e-01  1.4752887230744633e+00  9.3580756954338518e-01
4267   5.5555555555555552e-02  2.7311849426457147e-01  1.4752887230744633e+00  9.3580756954338518e-01
4268   1.6666666666666663e-01  2.7311849426457141e-01  1.4752887230744631e+00  9.3580756954338529e-01
4269   3.3333333333333337e-01  2.7311849426457141e-01  1.4752887230744631e+00  9.3580756954338529e-01
4270   4.9999999999999994e-01  2.7311849426457141e-01  1.4752887230744631e+00  9.3580756954338529e-01
4271   6.6666666666666663e-01  2.7311849426457147e-01  1.4752887230744633e+00  9.3580756954338518e-01
4272   8.3333333333333337e-01  2.7311849426457147e-01  1.4752887230744633e+00  9.3580756954338518e-01
4273   9.4444444444444431e-01  2.7311849426457147e-01  1.4752887230744633e+00  9.3580756954338518e-01
4274   1.0000000000000000e+00  2.7311849426457147e-01  1.4752887230744633e+00  9.3580756954338518e-01
4275   0.0000000000000000e+00  2.9132639388220943e-01  1.5736413046127609e+00  9.3580756954338518e-01
4276   5.5555555555555552e-02  2.9132639388220960e-01  1.5736413046127609e+00  9.3580756954338518e-01
4277   1.6666666666666666e-01  2.9132639388220954e-01  1.5736413046127609e+00  9.3580756954338529e-01
4278   3.3333333333333331e-01  2.9132639388220954e-01  1.5736413046127609e+00  9.3580756954338529e-01
4279   4.9999999999999994e-01  2.9132639388220954e-01  1.5736413046127609e+00  9.3580756954338529e-01
4280   6.6666666666666674e-01  2.9132639388220960e-01  1.5736413046127606e+00  9.3580756954338518e-01
4281   8.3333333333333337e-01  2.9132639388220949e-01  1.5736413046127609e+00  9.3580756954338518e-01
4282   9.4444444444444453e-01  2.9132639388220943e-01  1.5736413046127609e+00  9.3580756954338518e-01
4283   1.0000000000000000e+00  2.9132639388220943e-01  1.5736413046127609e+00  9.3580756954338518e-01
4284   0.0000000000000000e+00  3.0953429349984757e-01  1.6719938861510586e+00  9.3580756954338518e-01
4285   5.5555555555555546e-02  3.0953429349984762e-01  1.6719938861510586e+00  9.3580756954338518e-01
4286   1.6666666666666666e-01  3.0953429349984762e-01  1.6719938861510586e+00  9.3580756954338518e-01
4287   3.3333333333333331e-01  3.0953429349984768e-01  1.6719938861510584e+00  9.3580756954338529e-01
4288   5.0000000000000000e-01  3.0953429349984762e-01  1.6719938861510586e+00  9.3580756954338518e-01
4289   6.6666666666666663e-01  3.0953429349984762e-01  1.6719938861510586e+00  9.3580756954338518e-01
4290   8.3333333333333337e-01  3.0953429349984757e-01  1.6719938861510586e+00  9.3580756954338518e-01
4291   9.4444444444444431e-01  3.0953429349984757e-01  1.6719938861510586e+00  9.3580756954338518e-01
4292   1.0000000000000000e+00  3.0953429349984757e-01  1.6719938861510586e+00  9.3580756954338518e-01
4293   0.0000000000000000e+00  3.2774219311748565e-01  1.7703464676893559e+00  9.3580756954338518e-01
4294   5.5555555555555546e-02  3.2774219311748565e-01  1.7703464676893563e+00  9.3580756954338518e-01
4295   1.6666666666666663e-01  3.2774219311748565e-01  1.7703464676893561e+00  9.3580756954338529e-01
4296   3.3333333333333331e-01  3.2774219311748570e-01  1.7703464676893561e+00  9.3580756954338529e-01
4297   4.9999999999999994e-01  3.2774219311748570e-01  1.7703464676893561e+00  9.3580756954338529e-01
4298   6.6666666666666663e-01  3.2774219311748565e-01  1.7703464676893559e+00  9.3580756954338518e-01
4299   8.3333333333333337e-01  3.2774219311748565e-01  1.7703464676893563e+00  9.3580756954338518e-01
4300   9.4444444444444431e-01  3.2774219311748565e-01  1.7703464676893559e+00  9.3580756954338518e-01
4301   1.0000000000000000e+00  3.2774219311748565e-01  1.7703464676893559e+00  9.3580756954338518e-01
4302   0.0000000000000000e+00  3.4595009273512384e-01  1.8686990492276534e+00  9.3580756954338518e-01
4303   5.5555555555555552e-02  3.4595009273512384e-01  1.8686990492276536e+00  9.3580756954338518e-01
4304   1.6666666666666666e-01  3.4595009273512384e-01  1.8686990492276536e+00  9.3580756954338518e-01
4305   3.3333333333333331e-01  3.4595009273512378e-01  1.8686990492276534e+00  9.3580756954338529e-01
4306   5.0000000000000000e-01  3.4595009273512384e-01  1.8686990492276536e+00  9.3580756954338518e-01
4307   6.6666666666666663e-01  3.4595009273512384e-01  1.8686990492276534e+00  9.3580756954338518e-01
4308   8.3333333333333337e-01  3.4595009273512384e-01  1.8686990492276534e+00  9.3580756954338518e-01
4309   9.4444444444444431e-01  3.4595009273512384e-01  1.8686990492276534e+00  9.3580756954338518e-01
4310   1.0000000000000000e+00  3.4595009273512384e-01  1.8686990492276534e+00  9.3580756954338518e-01
4311   0.0000000000000000e+00  3.5808869248021585e-01  1.9342674369198518e+00  9.3580756954338518e-01
4312   5.5555555555555552e-02  3.5808869248021585e-01  1.9342674369198520e+00  9.3580756954338518e-01
4313   1.6666666666666666e-01  3.5808869248021585e-01  1.9342674369198523e+00  9.3580756954338518e-01
4314   3.3333333333333331e-01  3.5808869248021591e-01  1.9342674369198520e+00  9.3580756954338529e-01
4315   5.0000000000000000e-01  3.5808869248021585e-01  1.9342674369198523e+00  9.3580756954338518e-01
4316   6.6666666666666663e-01  3.5808869248021585e-01  1.9342674369198518e+00  9.3580756954338518e-01
4317   8.3333333333333337e-01  3.5808869248021585e-01  1.9342674369198518e+00  9.3580756954338518e-01
4318   9.4444444444444431e-01  3.5808869248021585e-01  1.9342674369198518e+00  9.3580756954338518e-01
4319   1.0000000000000000e+00  3.5808869248021585e-01  1.9342674369198518e+00  9.3580756954338518e-01
4320   0.0000000000000000e+00  3.6415799235276181e-01  1.9670516307659509e+00  9.3580756954338518e-01
4321   5.5555555555555552e-02  3.6415799235276192e-01  1.9670516307659509e+00  9.3580756954338518e-01
4322   1.6666666666666666e-01  3.6415799235276192e-01  1.9670516307659511e+00  9.3580756954338518e-01
4323   3.3333333333333331e-01  3.6415799235276197e-01  1.9670516307659509e+00  9.3580756954338529e-01
4324   5.0000000000000000e-01  3.6415799235276192e-01  1.9670516307659511e+00  9.3580756954338518e-01
4325   6.6666666666666663e-01  3.6415799235276192e-01  1.9670516307659509e+00  9.3580756954338518e-01
4326   8.3333333333333337e-01  3.6415799235276192e-01  1.9670516307659509e+00  9.3580756954338518e-01
4327   9.4444444444444431e-01  3.6415799235276181e-01  1.9670516307659509e+00  9.3580756954338518e-01
4328   1.0000000000000000e+00  3.6415799235276181e-01  1.9670516307659509e+00  9.3580756954338518e-01
4329   0.0000000000000000e+00  1.4502927048358416e-01  9.8966204674883662e-01  9.4715718177240626e-01
4330   5.5555555555555552e-02  1.4502927048358416e-01  9.8966204674883662e-01  9.4715718177240626e-01
4331   1.6666666666666666e-01  1.4502927048358416e-01  9.8966204674883662e-01  9.4715718177240638e-01
4332   3.3333333333333331e-01  1.4502927048358419e-01  9.8966204674883673e-01  9.4715718177240638e-01
4333   4.9999999999999994e-01  1.4502927048358416e-01  9.8966204674883662e-01  9.4715718177240638e-01
4334   6.6666666666666674e-01  1.4502927048358416e-01  9.8966204674883662e-01  9.4715718177240626e-01
4335   8.3333333333333337e-01  1.4502927048358416e-01  9.8966204674883662e-01  9.4715718177240626e-01
4336   9.4444444444444431e-01  1.4502927048358416e-01  9.8966204674883662e-01  9.4715718177240626e-01
4337   1.0000000000000000e+00  1.4502927048358416e-01  9.8966204674883662e-01  9.4715718177240626e-01
4338   0.0000000000000000e+00  1.4986357949970364e-01  1.0226507816404646e+00  9.4715718177240626e-01
4339   5.5555555555555552e-02  1.4986357949970364e-01  1.0226507816404646e+00  9.4715718177240626e-01
4340   1.6666666666666666e-01  1.4986357949970364e-01  1.0226507816404649e+00  9.4715718177240638e-01
4341   3.3333333333333331e-01  1.4986357949970366e-01  1.0226507816404649e+00  9.4715718177240638e-01
4342   4.9999999999999994e-01  1.4986357949970364e-01  1.0226507816404649e+00  9.4715718177240638e-01
4343   6.6666666666666674e-01  1.4986357949970364e-01  1.0226507816404646e+00  9.4715718177240626e-01
4344   8.3333333333333337e-01  1.4986357949970364e-01  1.0226507816404646e+00  9.4715718177240626e-01
4345   9.4444444444444431e-01  1.4986357949970364e-01  1.0226507816404646e+00  9.4715718177240626e-01
4346   1.0000000000000000e+00  1.4986357949970364e-01  1.0226507816404646e+00  9.4715718177240626e-01
4347   0.0000000000000000e+00  1.5953219753194262e-01  1.0886282514237207e+00  9.4715718177240626e-01
4348   5.5555555555555559e-02  1.5953219753194262e-01  1.0886282514237207e+00  9.4715718177240626e-01
4349   1.6666666666666666e-01  1.5953219753194259e-01  1.0886282514237204e+00  9.4715718177240638e-01
4350   3.3333333333333331e-01  1.5953219753194259e-01  1.0886282514237204e+00  9.4715718177240638e-01
4351   4.9999999999999994e-01  1.5953219753194259e-01  1.0886282514237204e+00  9.4715718177240638e-01
4352   6.6666666666666674e-01  1.5953219753194262e-01  1.0886282514237204e+00  9.4715718177240626e-01
4353   8.3333333333333348e-01  1.5953219753194262e-01  1.0886282514237207e+00  9.4715718177240626e-01
4354   9.4444444444444442e-01  1.5953219753194262e-01  1.0886282514237207e+00  9.4715718177240626e-01
4355   1.0000000000000000e+00  1.5953219753194262e-01  1.0886282514237207e+00  9.4715718177240626e-01
4356   0.0000000000000000e+00  1.7403512458030099e-01  1.1875944560986040e+00  9.4715718177240626e-01
4357   5.5555555555555552e-02  1.7403512458030099e-01  1.1875944560986040e+00  9.4715718177240626e-01
4358   1.6666666666666666e-01  1.7403512458030099e-01  1.1875944560986040e+00  9.4715718177240638e-01
4359   3.3333333333333331e-01  1.7403512458030101e-01  1.1875944560986038e+00  9.4715718177240638e-01
4360   4.9999999999999994e-01  1.7403512458030099e-01  1.1875944560986038e+00  9.4715718177240638e-01
4361   6.6666666666666674e-01  1.7403512458030099e-01  1.1875944560986040e+00  9.4715718177240626e-01
4362   8.3333333333333337e-01  1.7403512458030099e-01  1.1875944560986040e+00  9.4715718177240626e-01
4363   9.4444444444444442e-01  1.7403512458030099e-01  1.1875944560986040e+00  9.4715718177240626e-01
4364   1.0000000000000000e+00  1.7403512458030099e-01  1.1875944560986040e+00  9.4715718177240626e-01
4365   0.0000000000000000e+00  1.8853805162865944e-01  1.2865606607734879e+00  9.4715718177240615e-01
4366   5.5555555555555559e-02  1.8853805162865947e-01  1.2865606607734881e+00  9.4715718177240615e-01
4367   1.6666666666666669e-01  1.8853805162865944e-01  1.2865606607734879e+00  9.4715718177240626e-01
4368   3.3333333333333337e-01  1.8853805162865944e-01  1.2865606607734879e+00  9.4715718177240626e-01
4369   4.9999999999999994e-01  1.8853805162865944e-01  1.2865606607734876e+00  9.4715718177240626e-01
4370   6.6666666666666685e-01  1.8853805162865944e-01  1.2865606607734879e+00  9.4715718177240615e-01
4371   8.3333333333333337e-01  1.8853805162865941e-01  1.2865606607734879e+00  9.4715718177240626e-01
4372   9.4444444444444442e-01  1.8853805162865944e-01  1.2865606607734879e+00  9.4715718177240615e-01
4373   1.0000000000000000e+00  1.8853805162865944e-01  1.2865606607734879e+00  9.4715718177240615e-01
4374   0.0000000000000000e+00  2.0304097867701781e-01  1.3855268654483712e+00  9.4715718177240626e-01
4375   5.5555555555555552e-02  2.0304097867701781e-01  1.3855268654483712e+00  9.4715718177240626e-01
4376   1.6666666666666666e-01  2.0304097867701781e-01  1.3855268654483717e+00  9.4715718177240638e-01
4377   3.3333333333333331e-01  2.0304097867701781e-01  1.3855268654483717e+00  9.4715718177240638e-01
4378   4.9999999999999994e-01  2.0304097867701781e-01  1.3855268654483714e+00  9.4715718177240638e-01
4379   6.6666666666666674e-01  2.0304097867701781e-01  1.3855268654483712e+00  9.4715718177240626e-01
4380   8.3333333333333337e-01  2.0304097867701781e-01  1.3855268654483712e+00  9.4715718177240626e-01
4381   9.4444444444444431e-01  2.0304097867701781e-01  1.3855268654483712e+00  9.4715718177240626e-01
4382   1.0000000000000000e+00  2.0304097867701781e-01  1.3855268654483712e+00  9.4715718177240626e-01
4383   0.0000000000000000e+00  2.1754390572537627e-01  1.4844930701232553e+00  9.4715718177240626e-01
4384   5.5555555555555552e-02  2.1754390572537627e-01  1.4844930701232555e+00  9.4715718177240626e-01
4385   1.6666666666666663e-01  2.1754390572537624e-01  1.4844930701232555e+00  9.4715718177240638e-01
4386   3.3333333333333337e-01  2.1754390572537630e-01  1.4844930701232555e+00  9.4715718177240638e-01
4387   4.9999999999999994e-01  2.1754390572537630e-01  1.4844930701232550e+00  9.4715718177240638e-01
4388   6.6666666666666663e-01  2.1754390572537627e-01  1.4844930701232553e+00  9.4715718177240626e-01
4389   8.3333333333333337e-01  2.1754390572537627e-01  1.4844930701232555e+00  9.4715718177240626e-01
4390   9.4444444444444442e-01  2.1754390572537627e-01  1.4844930701232553e+00  9.4715718177240626e-01
4391   1.0000000000000000e+00  2.1754390572537627e-01  1.4844930701232553e+00  9.4715718177240626e-01
4392   0.0000000000000000e+00  2.3204683277373461e-01  1.5834592747981389e+00  9.4715718177240626e-01
4393   5.5555555555555552e-02  2.3204683277373467e-01  1.5834592747981389e+00  9.4715718177240626e-01
4394   1.6666666666666666e-01  2.3204683277373467e-01  1.5834592747981389e+00  9.4715718177240638e-01
4395   3.3333333333333331e-01  2.3204683277373472e-01  1.5834592747981389e+00  9.4715718177240638e-01
4396   4.9999999999999994e-01  2.3204683277373472e-01  1.5834592747981389e+00  9.4715718177240638e-01
4397   6.6666666666666674e-01  2.3204683277373467e-01  1.5834592747981386e+00  9.4715718177240626e-01
4398   8.3333333333333337e-01  2.3204683277373467e-01  1.5834592747981389e+00  9.4715718177240626e-01
4399   9.4444444444444442e-01  2.3204683277373461e-01  1.5834592747981389e+00  9.4715718177240626e-01
4400   1.0000000000000000e+00  2.3204683277373461e-01  1.5834592747981389e+00  9.4715718177240626e-01
4401   0.0000000000000000e+00  2.4654975982209310e-01  1.6824254794730227e+00  9.4715718177240626e-01
4402   5.5555555555555552e-02  2.4654975982209310e-01  1.6824254794730227e+00  9.4715718177240626e-01
4403   1.6666666666666669e-01  2.4654975982209310e-01  1.6824254794730227e+00  9.4715718177240626e-01
4404   3.3333333333333331e-01  2.4654975982209312e-01  1.6824254794730225e+00  9.4715718177240638e-01
4405   5.0000000000000000e-01  2.4654975982209315e-01  1.6824254794730227e+00  9.4715718177240626e-01
4406   6.6666666666666674e-01  2.4654975982209310e-01  1.6824254794730227e+00  9.4715718177240626e-01
4407   8.3333333333333337e-01  2.4654975982209310e-01  1.6824254794730227e+00  9.4715718177240626e-01
4408   9.4444444444444442e-01  2.4654975982209310e-01  1.6824254794730227e+00  9.4715718177240626e-01
4409   1.0000000000000000e+00  2.4654975982209310e-01  1.6824254794730227e+00  9.4715718177240626e-01
4410   0.0000000000000000e+00  2.6105268687045147e-01  1.7813916841479061e+00  9.4715718177240626e-01
4411   5.5555555555555552e-02  2.6105268687045147e-01  1.7813916841479063e+00  9.4715718177240626e-01
4412   1.6666666666666666e-01  2.6105268687045147e-01  1.7813916841479061e+00  9.4715718177240638e-01
4413   3.3333333333333331e-01  2.6105268687045152e-01  1.7813916841479063e+00  9.4715718177240638e-01
4414   4.9999999999999994e-01  2.6105268687045152e-01  1.7813916841479061e+00  9.4715718177240638e-01
4415   6.6666666666666674e-01  2.6105268687045147e-01  1.7813916841479061e+00  9.4715718177240626e-01
4416   8.3333333333333337e-01  2.6105268687045147e-01  1.7813916841479063e+00  9.4715718177240626e-01
4417   9.4444444444444431e-01  2.6105268687045147e-01  1.7813916841479061e+00  9.4715718177240626e-01
4418   1.0000000000000000e+00  2.6105268687045147e-01  1.7813916841479061e+00  9.4715718177240626e-01
4419   0.0000000000000000e+00  2.7555561391881001e-01  1.8803578888227899e+00  9.4715718177240626e-01
4420   5.5555555555555552e-02  2.7555561391881001e-01  1.8803578888227899e+00  9.4715718177240626e-01
4421   1.6666666666666666e-01  2.7555561391880995e-01  1.8803578888227899e+00  9.4715718177240638e-01
4422   3.3333333333333331e-01  2.7555561391880995e-01  1.8803578888227899e+00  9.4715718177240638e-01
4423   4.9999999999999994e-01  2.7555561391880995e-01  1.8803578888227899e+00  9.4715718177240638e-01
4424   6.6666666666666674e-01  2.7555561391881001e-01  1.8803578888227899e+00  9.4715718177240626e-01
4425   8.3333333333333337e-01  2.7555561391881001e-01  1.8803578888227899e+00  9.4715718177240626e-01
4426   9.4444444444444442e-01  2.7555561391881001e-01  1.8803578888227899e+00  9.4715718177240626e-01
4427   1.0000000000000000e+00  2.7555561391881001e-01  1.8803578888227899e+00  9.4715718177240626e-01
4428   0.0000000000000000e+00  2.8522423195104890e-01  1.9463353586060457e+00  9.4715718177240626e-01
4429   5.5555555555555552e-02  2.8522423195104890e-01  1.9463353586060457e+00  9.4715718177240626e-01
4430   1.6666666666666669e-01  2.8522423195104890e-01  1.9463353586060461e+00  9.4715718177240626e-01
4431   3.3333333333333331e-01  2.8522423195104890e-01  1.9463353586060459e+00  9.4715718177240638e-01
4432   5.0000000000000000e-01  2.8522423195104890e-01  1.9463353586060461e+00  9.4715718177240626e-01
4433   6.6666666666666674e-01  2.8522423195104890e-01  1.9463353586060457e+00  9.4715718177240626e-01
4434   8.3333333333333337e-01  2.8522423195104890e-01  1.9463353586060457e+00  9.4715718177240626e-01
4435   9.4444444444444431e-01  2.8522423195104890e-01  1.9463353586060457e+00  9.4715718177240626e-01
4436   1.0000000000000000e+00  2.8522423195104890e-01  1.9463353586060457e+00  9.4715718177240626e-01
4437   0.0000000000000000e+00  2.9005854096716832e-01  1.9793240934976732e+00  9.4715718177240626e-01
4438   5.5555555555555552e-02  2.9005854096716832e-01  1.9793240934976732e+00  9.4715718177240626e-01
4439   1.6666666666666666e-01  2.9005854096716832e-01  1.9793240934976732e+00  9.4715718177240638e-01
4440   3.3333333333333331e-01  2.9005854096716838e-01  1.9793240934976735e+00  9.4715718177240638e-01
4441   4.9999999999999994e-01  2.9005854096716832e-01  1.9793240934976732e+00  9.4715718177240638e-01
4442   6.6666666666666674e-01  2.9005854096716832e-01  1.9793240934976732e+00  9.4715718177240626e-01
4443   8.3333333333333337e-01  2.9005854096716832e-01  1.9793240934976732e+00  9.4715718177240626e-01
4444   9.4444444444444431e-01  2.9005854096716832e-01  1.9793240934976732e+00  9.4715718177240626e-01
4445   1.0000000000000000e+00  2.9005854096716832e-01  1.9793240934976732e+00  9.4715718177240626e-01
4446   0.0000000000000000e+00  1.0823408707759904e-01  9.9435316275304864e-01  9.5923902704846120e-01
4447   5.5555555555555559e-02  1.0823408707759906e-01  9.9435316275304864e-01  9.5923902704846120e-01
4448   1.6666666666666666e-01  1.0823408707759903e-01  9.9435316275304864e-01  9.5923902704846142e-01
4449   3.3333333333333331e-01  1.0823408707759904e-01  9.9435316275304864e-01  9.5923902704846142e-01
4450   4.9999999999999989e-01  1.0823408707759903e-01  9.9435316275304864e-01  9.5923902704846142e-01
4451   6.6666666666666674e-01  1.0823408707759906e-01  9.9435316275304864e-01  9.5923902704846120e-01
4452   8.3333333333333348e-01  1.0823408707759906e-01  9.9435316275304864e-01  9.5923902704846120e-01
4453   9.4444444444444442e-01  1.0823408707759904e-01  9.9435316275304864e-01  9.5923902704846120e-01
4454   1.0000000000000000e+00  1.0823408707759904e-01  9.9435316275304864e-01  9.5923902704846120e-01
4455   0.0000000000000000e+00  1.1184188998018570e-01  1.0274982681781502e+00  9.5923902704846120e-01
4456   5.5555555555555559e-02  1.1184188998018571e-01  1.0274982681781502e+00  9.5923902704846120e-01
4457   1.6666666666666666e-01  1.1184188998018568e-01  1.0274982681781502e+00  9.5923902704846142e-01
4458   3.3333333333333331e-01  1.1184188998018568e-01  1.0274982681781504e+00  9.5923902704846142e-01
4459   4.9999999999999989e-01  1.1184188998018568e-01  1.0274982681781502e+00  9.5923902704846142e-01
4460   6.6666666666666674e-01  1.1184188998018571e-01  1.0274982681781502e+00  9.5923902704846120e-01
4461   8.3333333333333348e-01  1.1184188998018571e-01  1.0274982681781502e+00  9.5923902704846120e-01
4462   9.4444444444444442e-01  1.1184188998018570e-01  1.0274982681781502e+00  9.5923902704846120e-01
4463   1.0000000000000000e+00  1.1184188998018570e-01  1.0274982681781502e+00  9.5923902704846120e-01
4464   0.0000000000000000e+00  1.1905749578535899e-01  1.0937884790283539e+00  9.5923902704846120e-01
4465   5.5555555555555566e-02  1.1905749578535899e-01  1.0937884790283539e+00  9.5923902704846120e-01
4466   1.6666666666666666e-01  1.1905749578535896e-01  1.0937884790283536e+00  9.5923902704846142e-01
4467   3.3333333333333331e-01  1.1905749578535896e-01  1.0937884790283536e+00  9.5923902704846142e-01
4468   4.9999999999999989e-01  1.1905749578535896e-01  1.0937884790283536e+00  9.5923902704846142e-01
4469   6.6666666666666674e-01  1.1905749578535899e-01  1.0937884790283536e+00  9.5923902704846120e-01
4470   8.3333333333333359e-01  1.1905749578535899e-01  1.0937884790283539e+00  9.5923902704846120e-01
4471   9.4444444444444442e-01  1.1905749578535899e-01  1.0937884790283539e+00  9.5923902704846120e-01
4472   1.0000000000000000e+00  1.1905749578535899e-01  1.0937884790283539e+00  9.5923902704846120e-01
4473   0.0000000000000000e+00  1.2988090449311884e-01  1.1932237953036582e+00  9.5923902704846120e-01
4474   5.5555555555555559e-02  1.2988090449311884e-01  1.1932237953036584e+00  9.5923902704846120e-01
4475   1.6666666666666666e-01  1.2988090449311882e-01  1.1932237953036582e+00  9.5923902704846142e-01
4476   3.3333333333333331e-01  1.2988090449311884e-01  1.1932237953036582e+00  9.5923902704846142e-01
4477   4.9999999999999989e-01  1.2988090449311882e-01  1.1932237953036582e+00  9.5923902704846142e-01
4478   6.6666666666666674e-01  1.2988090449311884e-01  1.1932237953036582e+00  9.5923902704846120e-01
4479   8.3333333333333348e-01  1.2988090449311884e-01  1.1932237953036584e+00  9.5923902704846120e-01
4480   9.4444444444444442e-01  1.2988090449311884e-01  1.1932237953036582e+00  9.5923902704846120e-01
4481   1.0000000000000000e+00  1.2988090449311884e-01  1.1932237953036582e+00  9.5923902704846120e-01
4482   0.0000000000000000e+00  1.4070431320087876e-01  1.2926591115789632e+00  9.5923902704846120e-01
4483   5.5555555555555559e-02  1.4070431320087878e-01  1.2926591115789632e+00  9.5923902704846120e-01
4484   1.6666666666666669e-01  1.4070431320087878e-01  1.2926591115789632e+00  9.5923902704846120e-01
4485   3.3333333333333337e-01  1.4070431320087878e-01  1.2926591115789632e+00  9.5923902704846120e-01
4486   5.0000000000000000e-01  1.4070431320087878e-01  1.2926591115789632e+00  9.5923902704846120e-01
4487   6.6666666666666674e-01  1.4070431320087876e-01  1.2926591115789632e+00  9.5923902704846120e-01
4488   8.3333333333333348e-01  1.4070431320087876e-01  1.2926591115789632e+00  9.5923902704846120e-01
4489   9.4444444444444442e-01  1.4070431320087876e-01  1.2926591115789632e+00  9.5923902704846120e-01
4490   1.0000000000000000e+00  1.4070431320087876e-01  1.2926591115789632e+00  9.5923902704846120e-01
4491   0.0000000000000000e+00  1.5152772190863867e-01  1.3920944278542680e+00  9.5923902704846120e-01
4492   5.5555555555555552e-02  1.5152772190863867e-01  1.3920944278542680e+00  9.5923902704846120e-01
4493   1.6666666666666666e-01  1.5152772190863864e-01  1.3920944278542680e+00  9.5923902704846142e-01
4494   3.3333333333333331e-01  1.5152772190863864e-01  1.3920944278542680e+00  9.5923902704846142e-01
4495   4.9999999999999989e-01  1.5152772190863864e-01  1.3920944278542677e+00  9.5923902704846142e-01
4496   6.6666666666666674e-01  1.5152772190863867e-01  1.3920944278542680e+00  9.5923902704846120e-01
4497   8.3333333333333348e-01  1.5152772190863867e-01  1.3920944278542680e+00  9.5923902704846120e-01
4498   9.4444444444444431e-01  1.5152772190863867e-01  1.3920944278542680e+00  9.5923902704846120e-01
4499   1.0000000000000000e+00  1.5152772190863867e-01  1.3920944278542680e+00  9.5923902704846120e-01
4500   0.0000000000000000e+00  1.6235113061639861e-01  1.4915297441295732e+00  9.5923902704846120e-01
4501   5.5555555555555559e-02  1.6235113061639861e-01  1.4915297441295732e+00  9.5923902704846120e-01
4502   1.6666666666666663e-01  1.6235113061639858e-01  1.4915297441295730e+00  9.5923902704846142e-01
4503   3.3333333333333337e-01  1.6235113061639858e-01  1.4915297441295730e+00  9.5923902704846142e-01
4504   4.9999999999999989e-01  1.6235113061639858e-01  1.4915297441295727e+00  9.5923902704846142e-01
4505   6.6666666666666663e-01  1.6235113061639861e-01  1.4915297441295732e+00  9.5923902704846120e-01
4506   8.3333333333333337e-01  1.6235113061639861e-01  1.4915297441295732e+00  9.5923902704846120e-01
4507   9.4444444444444442e-01  1.6235113061639861e-01  1.4915297441295732e+00  9.5923902704846120e-01
4508   1.0000000000000000e+00  1.6235113061639861e-01  1.4915297441295732e+00  9.5923902704846120e-01
4509   0.0000000000000000e+00  1.7317453932415844e-01  1.5909650604048780e+00  9.5923902704846120e-01
4510   5.5555555555555559e-02  1.7317453932415849e-01  1.5909650604048780e+00  9.5923902704846120e-01
4511   1.6666666666666666e-01  1.7317453932415847e-01  1.5909650604048777e+00  9.5923902704846142e-01
4512   3.3333333333333331e-01  1.7317453932415847e-01  1.5909650604048777e+00  9.5923902704846142e-01
4513   4.9999999999999989e-01  1.7317453932415847e-01  1.5909650604048777e+00  9.5923902704846142e-01
4514   6.6666666666666674e-01  1.7317453932415849e-01  1.5909650604048775e+00  9.5923902704846120e-01
4515   8.3333333333333348e-01  1.7317453932415847e-01  1.5909650604048780e+00  9.5923902704846120e-01
4516   9.4444444444444453e-01  1.7317453932415844e-01  1.5909650604048780e+00  9.5923902704846120e-01
4517   1.0000000000000000e+00  1.7317453932415844e-01  1.5909650604048780e+00  9.5923902704846120e-01
4518   0.0000000000000000e+00  1.8399794803191838e-01  1.6904003766801827e+00  9.5923902704846120e-01
4519   5.5555555555555552e-02  1.8399794803191838e-01  1.6904003766801827e+00  9.5923902704846120e-01
4520   1.6666666666666666e-01  1.8399794803191832e-01  1.6904003766801823e+00  9.5923902704846142e-01
4521   3.3333333333333331e-01  1.8399794803191835e-01  1.6904003766801823e+00  9.5923902704846142e-01
4522   4.9999999999999989e-01  1.8399794803191835e-01  1.6904003766801823e+00  9.5923902704846142e-01
4523   6.6666666666666674e-01  1.8399794803191838e-01  1.6904003766801827e+00  9.5923902704846120e-01
4524   8.3333333333333348e-01  1.8399794803191838e-01  1.6904003766801827e+00  9.5923902704846120e-01
4525   9.4444444444444442e-01  1.8399794803191838e-01  1.6904003766801827e+00  9.5923902704846120e-01
4526   1.0000000000000000e+00  1.8399794803191838e-01  1.6904003766801827e+00  9.5923902704846120e-01
4527   0.0000000000000000e+00  1.9482135673967826e-01  1.7898356929554875e+00  9.5923902704846120e-01
4528   5.5555555555555552e-02  1.9482135673967826e-01  1.7898356929554877e+00  9.5923902704846120e-01
4529   1.6666666666666666e-01  1.9482135673967824e-01  1.7898356929554875e+00  9.5923902704846142e-01
4530   3.3333333333333331e-01  1.9482135673967829e-01  1.7898356929554875e+00  9.5923902704846142e-01
4531   4.9999999999999989e-01  1.9482135673967829e-01  1.7898356929554875e+00  9.5923902704846142e-01
4532   6.6666666666666674e-01  1.9482135673967826e-01  1.7898356929554875e+00  9.5923902704846120e-01
4533   8.3333333333333348e-01  1.9482135673967826e-01  1.7898356929554879e+00  9.5923902704846120e-01
4534   9.4444444444444442e-01  1.9482135673967826e-01  1.7898356929554875e+00  9.5923902704846120e-01
4535   1.0000000000000000e+00  1.9482135673967826e-01  1.7898356929554875e+00  9.5923902704846120e-01
4536   0.0000000000000000e+00  2.0564476544743820e-01  1.8892710092307923e+00  9.5923902704846120e-01
4537   5.5555555555555559e-02  2.0564476544743823e-01  1.8892710092307923e+00  9.5923902704846120e-01
4538   1.6666666666666666e-01  2.0564476544743820e-01  1.8892710092307921e+00  9.5923902704846142e-01
4539   3.3333333333333331e-01  2.0564476544743818e-01  1.8892710092307925e+00  9.5923902704846142e-01
4540   4.9999999999999989e-01  2.0564476544743820e-01  1.8892710092307921e+00  9.5923902704846142e-01
4541   6.6666666666666674e-01  2.0564476544743820e-01  1.8892710092307923e+00  9.5923902704846120e-01
4542   8.3333333333333348e-01  2.0564476544743820e-01  1.8892710092307923e+00  9.5923902704846120e-01
4543   9.4444444444444442e-01  2.0564476544743820e-01  1.8892710092307923e+00  9.5923902704846120e-01
4544   1.0000000000000000e+00  2.0564476544743820e-01  1.8892710092307923e+00  9.5923902704846120e-01
4545   0.0000000000000000e+00  2.1286037125261145e-01  1.9555612200809958e+00  9.5923902704846120e-01
4546   5.5555555555555559e-02  2.1286037125261145e-01  1.9555612200809958e+00  9.5923902704846120e-01
4547   1.6666666666666666e-01  2.1286037125261140e-01  1.9555612200809955e+00  9.5923902704846142e-01
4548   3.3333333333333331e-01  2.1286037125261145e-01  1.9555612200809955e+00  9.5923902704846142e-01
4549   4.9999999999999989e-01  2.1286037125261140e-01  1.9555612200809955e+00  9.5923902704846142e-01
4550   6.6666666666666674e-01  2.1286037125261145e-01  1.9555612200809958e+00  9.5923902704846120e-01
4551   8.3333333333333348e-01  2.1286037125261145e-01  1.9555612200809958e+00  9.5923902704846120e-01
4552   9.4444444444444442e-01  2.1286037125261145e-01  1.9555612200809958e+00  9.5923902704846120e-01
4553   1.0000000000000000e+00  2.1286037125261145e-01  1.9555612200809958e+00  9.5923902704846120e-01
4554   0.0000000000000000e+00  2.1646817415519809e-01  1.9887063255060973e+00  9.5923902704846120e-01
4555   5.5555555555555559e-02  2.1646817415519812e-01  1.9887063255060973e+00  9.5923902704846120e-01
4556   1.6666666666666666e-01  2.1646817415519806e-01  1.9887063255060973e+00  9.5923902704846142e-01
4557   3.3333333333333331e-01  2.1646817415519809e-01  1.9887063255060973e+00  9.5923902704846142e-01
4558   4.9999999999999989e-01  2.1646817415519806e-01  1.9887063255060973e+00  9.5923902704846142e-01
4559   6.6666666666666674e-01  2.1646817415519812e-01  1.9887063255060973e+00  9.5923902704846120e-01
4560   8.3333333333333348e-01  2.1646817415519812e-01  1.9887063255060973e+00  9.5923902704846120e-01
4561   9.4444444444444442e-01  2.1646817415519809e-01  1.9887063255060973e+00  9.5923902704846120e-01
4562   1.0000000000000000e+00  2.1646817415519809e-01  1.9887063255060973e+00  9.5923902704846120e-01
4563   0.0000000000000000e+00  7.1767106467108127e-02  9.9764244704944327e-01  9.7205310537154976e-01
4564   5.5555555555555559e-02  7.1767106467108141e-02  9.9764244704944327e-01  9.7205310537154976e-01
4565   1.6666666666666663e-01  7.1767106467108127e-02  9.9764244704944305e-01  9.7205310537155010e-01
4566   3.3333333333333331e-01  7.1767106467108127e-02  9.9764244704944305e-01  9.7205310537155010e-01
4567   4.9999999999999983e-01  7.1767106467108127e-02  9.9764244704944305e-01  9.7205310537155010e-01
4568   6.6666666666666674e-01  7.1767106467108141e-02  9.9764244704944327e-01  9.7205310537154976e-01
4569   8.3333333333333348e-01  7.1767106467108141e-02  9.9764244704944327e-01  9.7205310537154976e-01
4570   9.4444444444444453e-01  7.1767106467108127e-02  9.9764244704944327e-01  9.7205310537154976e-01
4571   1.0000000000000000e+00  7.1767106467108127e-02  9.9764244704944327e-01  9.7205310537154976e-01
4572   0.0000000000000000e+00  7.4159343349345055e-02  1.0308971952844246e+00  9.7205310537154987e-01
4573   5.5555555555555552e-02  7.4159343349345069e-02  1.0308971952844246e+00  9.7205310537154987e-01
4574   1.6666666666666663e-01  7.4159343349345055e-02  1.0308971952844244e+00  9.7205310537155010e-01
4575   3.3333333333333331e-01  7.4159343349345055e-02  1.0308971952844244e+00  9.7205310537155010e-01
4576   4.9999999999999989e-01  7.4159343349345055e-02  1.0308971952844244e+00  9.7205310537155010e-01
4577   6.6666666666666674e-01  7.4159343349345069e-02  1.0308971952844246e+00  9.7205310537154987e-01
4578   8.3333333333333337e-01  7.4159343349345069e-02  1.0308971952844246e+00  9.7205310537154987e-01
4579   9.4444444444444442e-01  7.4159343349345055e-02  1.0308971952844246e+00  9.7205310537154987e-01
4580   1.0000000000000000e+00  7.4159343349345055e-02  1.0308971952844246e+00  9.7205310537154987e-01
4581   0.0000000000000000e+00  7.8943817113818954e-02  1.0974066917543877e+00  9.7205310537154987e-01
4582   5.5555555555555559e-02  7.8943817113818954e-02  1.0974066917543877e+00  9.7205310537154987e-01
4583   1.6666666666666663e-01  7.8943817113818940e-02  1.0974066917543874e+00  9.7205310537155010e-01
4584   3.3333333333333331e-01  7.8943817113818940e-02  1.0974066917543874e+00  9.7205310537155010e-01
4585   4.9999999999999989e-01  7.8943817113818940e-02  1.0974066917543874e+00  9.7205310537155010e-01
4586   6.6666666666666674e-01  7.8943817113818954e-02  1.0974066917543874e+00  9.7205310537154987e-01
4587   8.3333333333333348e-01  7.8943817113818954e-02  1.0974066917543877e+00  9.7205310537154987e-01
4588   9.4444444444444442e-01  7.8943817113818954e-02  1.0974066917543877e+00  9.7205310537154987e-01
4589   1.0000000000000000e+00  7.8943817113818954e-02  1.0974066917543877e+00  9.7205310537154987e-01
4590   0.0000000000000000e+00  8.6120527760529766e-02  1.1971709364593315e+00  9.7205310537154987e-01
4591   5.5555555555555552e-02  8.6120527760529766e-02  1.1971709364593319e+00  9.7205310537154987e-01
4592   1.6666666666666663e-01  8.6120527760529753e-02  1.1971709364593315e+00  9.7205310537155010e-01
4593   3.3333333333333331e-01  8.6120527760529766e-02  1.1971709364593315e+00  9.7205310537155010e-01
4594   4.9999999999999989e-01  8.6120527760529753e-02  1.1971709364593315e+00  9.7205310537155010e-01
4595   6.6666666666666674e-01  8.6120527760529766e-02  1.1971709364593315e+00  9.7205310537154987e-01
4596   8.3333333333333337e-01  8.6120527760529766e-02  1.1971709364593319e+00  9.7205310537154987e-01
4597   9.4444444444444453e-01  8.6120527760529766e-02  1.1971709364593315e+00  9.7205310537154987e-01
4598   1.0000000000000000e+00  8.6120527760529766e-02  1.1971709364593315e+00  9.7205310537154987e-01
4599   0.0000000000000000e+00  9.3297238407240579e-02  1.2969351811642764e+00  9.7205310537154976e-01
4600   5.5555555555555559e-02  9.3297238407240607e-02  1.2969351811642764e+00  9.7205310537154976e-01
4601   1.6666666666666669e-01  9.3297238407240593e-02  1.2969351811642762e+00  9.7205310537154987e-01
4602   3.3333333333333343e-01  9.3297238407240593e-02  1.2969351811642762e+00  9.7205310537154987e-01
4603   4.9999999999999994e-01  9.3297238407240593e-02  1.2969351811642762e+00  9.7205310537154987e-01
4604   6.6666666666666674e-01  9.3297238407240579e-02  1.2969351811642762e+00  9.7205310537154976e-01
4605   8.3333333333333348e-01  9.3297238407240579e-02  1.2969351811642764e+00  9.7205310537154976e-01
4606   9.4444444444444442e-01  9.3297238407240579e-02  1.2969351811642764e+00  9.7205310537154976e-01
4607   1.0000000000000000e+00  9.3297238407240579e-02  1.2969351811642764e+00  9.7205310537154976e-01
4608   0.0000000000000000e+00  1.0047394905395139e-01  1.3966994258692205e+00  9.7205310537154976e-01
4609   5.5555555555555559e-02  1.0047394905395139e-01  1.3966994258692205e+00  9.7205310537154976e-01
4610   1.6666666666666663e-01  1.0047394905395135e-01  1.3966994258692205e+00  9.7205310537155010e-01
4611   3.3333333333333331e-01  1.0047394905395135e-01  1.3966994258692205e+00  9.7205310537155010e-01
4612   4.9999999999999983e-01  1.0047394905395135e-01  1.3966994258692202e+00  9.7205310537155010e-01
4613   6.6666666666666674e-01  1.0047394905395139e-01  1.3966994258692205e+00  9.7205310537154976e-01
4614   8.3333333333333348e-01  1.0047394905395139e-01  1.3966994258692205e+00  9.7205310537154976e-01
4615   9.4444444444444431e-01  1.0047394905395139e-01  1.3966994258692205e+00  9.7205310537154976e-01
4616   1.0000000000000000e+00  1.0047394905395139e-01  1.3966994258692205e+00  9.7205310537154976e-01
4617   0.0000000000000000e+00  1.0765065970066222e-01  1.4964636705741647e+00  9.7205310537154976e-01
4618   5.5555555555555559e-02  1.0765065970066222e-01  1.4964636705741650e+00  9.7205310537154976e-01
4619   1.6666666666666660e-01  1.0765065970066218e-01  1.4964636705741647e+00  9.7205310537155010e-01
4620   3.3333333333333337e-01  1.0765065970066219e-01  1.4964636705741647e+00  9.7205310537155010e-01
4621   4.9999999999999983e-01  1.0765065970066219e-01  1.4964636705741643e+00  9.7205310537155010e-01
4622   6.6666666666666663e-01  1.0765065970066222e-01  1.4964636705741647e+00  9.7205310537154976e-01
4623   8.3333333333333337e-01  1.0765065970066220e-01  1.4964636705741650e+00  9.7205310537154987e-01
4624   9.4444444444444453e-01  1.0765065970066222e-01  1.4964636705741647e+00  9.7205310537154976e-01
4625   1.0000000000000000e+00  1.0765065970066222e-01  1.4964636705741647e+00  9.7205310537154976e-01
4626   0.0000000000000000e+00  1.1482737034737299e-01  1.5962279152791090e+00  9.7205310537154987e-01
4627   5.5555555555555552e-02  1.1482737034737302e-01  1.5962279152791090e+00  9.7205310537154987e-01
4628   1.6666666666666666e-01  1.1482737034737299e-01  1.5962279152791088e+00  9.7205310537155010e-01
4629   3.3333333333333331e-01  1.1482737034737300e-01  1.5962279152791088e+00  9.7205310537155010e-01
4630   4.9999999999999983e-01  1.1482737034737300e-01  1.5962279152791088e+00  9.7205310537155010e-01
4631   6.6666666666666685e-01  1.1482737034737302e-01  1.5962279152791088e+00  9.7205310537154987e-01
4632   8.3333333333333337e-01  1.1482737034737300e-01  1.5962279152791090e+00  9.7205310537154987e-01
4633   9.4444444444444453e-01  1.1482737034737299e-01  1.5962279152791090e+00  9.7205310537154987e-01
4634   1.0000000000000000e+00  1.1482737034737299e-01  1.5962279152791090e+00  9.7205310537154987e-01
4635   0.0000000000000000e+00  1.2200408099408383e-01  1.6959921599840535e+00  9.7205310537154976e-01
4636   5.5555555555555559e-02  1.2200408099408384e-01  1.6959921599840535e+00  9.7205310537154976e-01
4637   1.6666666666666666e-01  1.2200408099408382e-01  1.6959921599840533e+00  9.7205310537154999e-01
4638   3.3333333333333331e-01  1.2200408099408382e-01  1.6959921599840531e+00  9.7205310537155010e-01
4639   4.9999999999999989e-01  1.2200408099408383e-01  1.6959921599840533e+00  9.7205310537154999e-01
4640   6.6666666666666674e-01  1.2200408099408384e-01  1.6959921599840535e+00  9.7205310537154976e-01
4641   8.3333333333333348e-01  1.2200408099408383e-01  1.6959921599840535e+00  9.7205310537154976e-01
4642   9.4444444444444453e-01  1.2200408099408383e-01  1.6959921599840535e+00  9.7205310537154976e-01
4643   1.0000000000000000e+00  1.2200408099408383e-01  1.6959921599840535e+00  9.7205310537154976e-01
4644   0.0000000000000000e+00  1.2918079164079463e-01  1.7957564046889980e+00  9.7205310537154976e-01
4645   5.5555555555555559e-02  1.2918079164079463e-01  1.7957564046889980e+00  9.7205310537154976e-01
4646   1.6666666666666663e-01  1.2918079164079460e-01  1.7957564046889973e+00  9.7205310537155010e-01
4647   3.3333333333333331e-01  1.2918079164079466e-01  1.7957564046889973e+00  9.7205310537155010e-01
4648   4.9999999999999983e-01  1.2918079164079466e-01  1.7957564046889973e+00  9.7205310537155010e-01
4649   6.6666666666666674e-01  1.2918079164079463e-01  1.7957564046889980e+00  9.7205310537154976e-01
4650   8.3333333333333348e-01  1.2918079164079463e-01  1.7957564046889980e+00  9.7205310537154976e-01
4651   9.4444444444444453e-01  1.2918079164079463e-01  1.7957564046889980e+00  9.7205310537154976e-01
4652   1.0000000000000000e+00  1.2918079164079463e-01  1.7957564046889980e+00  9.7205310537154976e-01
4653   0.0000000000000000e+00  1.3635750228750548e-01  1.8955206493939423e+00  9.7205310537154976e-01
4654   5.5555555555555559e-02  1.3635750228750548e-01  1.8955206493939423e+00  9.7205310537154976e-01
4655   1.6666666666666663e-01  1.3635750228750546e-01  1.8955206493939418e+00  9.7205310537155010e-01
4656   3.3333333333333331e-01  1.3635750228750543e-01  1.8955206493939418e+00  9.7205310537155010e-01
4657   4.9999999999999983e-01  1.3635750228750546e-01  1.8955206493939418e+00  9.7205310537155010e-01
4658   6.6666666666666674e-01  1.3635750228750548e-01  1.8955206493939423e+00  9.7205310537154976e-01
4659   8.3333333333333348e-01  1.3635750228750548e-01  1.8955206493939423e+00  9.7205310537154976e-01
4660   9.4444444444444453e-01  1.3635750228750548e-01  1.8955206493939423e+00  9.7205310537154976e-01
4661   1.0000000000000000e+00  1.3635750228750548e-01  1.8955206493939423e+00  9.7205310537154976e-01
4662   0.0000000000000000e+00  1.4114197605197931e-01  1.9620301458639051e+00  9.7205310537154976e-01
4663   5.5555555555555559e-02  1.4114197605197931e-01  1.9620301458639051e+00  9.7205310537154976e-01
4664   1.6666666666666666e-01  1.4114197605197928e-01  1.9620301458639051e+00  9.7205310537154999e-01
4665   3.3333333333333331e-01  1.4114197605197934e-01  1.9620301458639049e+00  9.7205310537155010e-01
4666   4.9999999999999989e-01  1.4114197605197928e-01  1.9620301458639051e+00  9.7205310537154999e-01
4667   6.6666666666666674e-01  1.4114197605197931e-01  1.9620301458639051e+00  9.7205310537154976e-01
4668   8.3333333333333348e-01  1.4114197605197931e-01  1.9620301458639051e+00  9.7205310537154976e-01
4669   9.4444444444444453e-01  1.4114197605197931e-01  1.9620301458639051e+00  9.7205310537154976e-01
4670   1.0000000000000000e+00  1.4114197605197931e-01  1.9620301458639051e+00  9.7205310537154976e-01
4671   0.0000000000000000e+00  1.4353421293421625e-01  1.9952848940988865e+00  9.7205310537154976e-01
4672   5.5555555555555559e-02  1.4353421293421628e-01  1.9952848940988865e+00  9.7205310537154976e-01
4673   1.6666666666666663e-01  1.4353421293421625e-01  1.9952848940988861e+00  9.7205310537155010e-01
4674   3.3333333333333331e-01  1.4353421293421625e-01  1.9952848940988861e+00  9.7205310537155010e-01
4675   4.9999999999999983e-01  1.4353421293421625e-01  1.9952848940988861e+00  9.7205310537155010e-01
4676   6.6666666666666674e-01  1.4353421293421628e-01  1.9952848940988865e+00  9.7205310537154976e-01
4677   8.3333333333333348e-01  1.4353421293421628e-01  1.9952848940988865e+00  9.7205310537154976e-01
4678   9.4444444444444453e-01  1.4353421293421625e-01  1.9952848940988865e+00  9.7205310537154976e-01
4679   1.0000000000000000e+00  1.4353421293421625e-01  1.9952848940988865e+00  9.7205310537154976e-01
4680   0.0000000000000000e+00  3.5696804885819826e-02  9.9957724542081805e-01  9.8559941674167184e-01
4681   5.5555555555555566e-02  3.5696804885819840e-02  9.9957724542081805e-01  9.8559941674167184e-01
4682   1.6666666666666666e-01  3.5696804885819826e-02  9.9957724542081805e-01  9.8559941674167206e-01
4683   3.3333333333333337e-01  3.5696804885819833e-02  9.9957724542081794e-01  9.8559941674167217e-01
4684   4.9999999999999989e-01  3.5696804885819826e-02  9.9957724542081805e-01  9.8559941674167206e-01
4685   6.6666666666666685e-01  3.5696804885819840e-02  9.9957724542081805e-01  9.8559941674167184e-01
4686   8.3333333333333359e-01  3.5696804885819840e-02  9.9957724542081805e-01  9.8559941674167184e-01
4687   9.4444444444444442e-01  3.5696804885819826e-02  9.9957724542081805e-01  9.8559941674167184e-01
4688   1.0000000000000000e+00  3.5696804885819826e-02  9.9957724542081805e-01  9.8559941674167184e-01
4689   0.0000000000000000e+00  3.6886698382013833e-02  1.0328964869348456e+00  9.8559941674167184e-01
4690   5.5555555555555566e-02  3.6886698382013840e-02  1.0328964869348456e+00  9.8559941674167184e-01
4691   1.6666666666666666e-01  3.6886698382013833e-02  1.0328964869348456e+00  9.8559941674167206e-01
4692   3.3333333333333337e-01  3.6886698382013826e-02  1.0328964869348454e+00  9.8559941674167217e-01
4693   4.9999999999999989e-01  3.6886698382013833e-02  1.0328964869348456e+00  9.8559941674167206e-01
4694   6.6666666666666685e-01  3.6886698382013840e-02  1.0328964869348454e+00  9.8559941674167184e-01
4695   8.3333333333333359e-01  3.6886698382013840e-02  1.0328964869348456e+00  9.8559941674167184e-01
4696   9.4444444444444442e-01  3.6886698382013833e-02  1.0328964869348456e+00  9.8559941674167184e-01
4697   1.0000000000000000e+00  3.6886698382013833e-02  1.0328964869348456e+00  9.8559941674167184e-01
4698   0.0000000000000000e+00  3.9266485374401826e-02  1.0995349699629002e+00  9.8559941674167184e-01
4699   5.5555555555555566e-02  3.9266485374401826e-02  1.0995349699629002e+00  9.8559941674167184e-01
4700   1.6666666666666666e-01  3.9266485374401819e-02  1.0995349699629000e+00  9.8559941674167206e-01
4701   3.3333333333333337e-01  3.9266485374401812e-02  1.0995349699628998e+00  9.8559941674167217e-01
4702   4.9999999999999989e-01  3.9266485374401819e-02  1.0995349699629000e+00  9.8559941674167206e-01
4703   6.6666666666666685e-01  3.9266485374401826e-02  1.0995349699629000e+00  9.8559941674167184e-01
4704   8.3333333333333370e-01  3.9266485374401826e-02  1.0995349699629002e+00  9.8559941674167184e-01
4705   9.4444444444444442e-01  3.9266485374401826e-02  1.0995349699629002e+00  9.8559941674167184e-01
4706   1.0000000000000000e+00  3.9266485374401826e-02  1.0995349699629002e+00  9.8559941674167184e-01
4707   0.0000000000000000e+00  4.2836165862983805e-02  1.1994926945049817e+00  9.8559941674167184e-01
4708   5.5555555555555566e-02  4.2836165862983805e-02  1.1994926945049820e+00  9.8559941674167184e-01
4709   1.6666666666666666e-01  4.2836165862983791e-02  1.1994926945049815e+00  9.8559941674167206e-01
4710   3.3333333333333337e-01  4.2836165862983798e-02  1.1994926945049815e+00  9.8559941674167217e-01
4711   4.9999999999999989e-01  4.2836165862983791e-02  1.1994926945049815e+00  9.8559941674167206e-01
4712   6.6666666666666685e-01  4.2836165862983805e-02  1.1994926945049817e+00  9.8559941674167184e-01
4713   8.3333333333333359e-01  4.2836165862983805e-02  1.1994926945049820e+00  9.8559941674167184e-01
4714   9.4444444444444453e-01  4.2836165862983805e-02  1.1994926945049817e+00  9.8559941674167184e-01
4715   1.0000000000000000e+00  4.2836165862983805e-02  1.1994926945049817e+00  9.8559941674167184e-01
4716   0.0000000000000000e+00  4.6405846351565777e-02  1.2994504190470635e+00  9.8559941674167184e-01
4717   5.5555555555555566e-02  4.6405846351565784e-02  1.2994504190470637e+00  9.8559941674167184e-01
4718   1.6666666666666669e-01  4.6405846351565784e-02  1.2994504190470635e+00  9.8559941674167195e-01
4719   3.3333333333333343e-01  4.6405846351565784e-02  1.2994504190470635e+00  9.8559941674167195e-01
4720   4.9999999999999994e-01  4.6405846351565784e-02  1.2994504190470633e+00  9.8559941674167195e-01
4721   6.6666666666666685e-01  4.6405846351565777e-02  1.2994504190470633e+00  9.8559941674167184e-01
4722   8.3333333333333359e-01  4.6405846351565777e-02  1.2994504190470637e+00  9.8559941674167184e-01
4723   9.4444444444444431e-01  4.6405846351565777e-02  1.2994504190470635e+00  9.8559941674167184e-01
4724   1.0000000000000000e+00  4.6405846351565777e-02  1.2994504190470635e+00  9.8559941674167184e-01
4725   0.0000000000000000e+00  4.9975526840147770e-02  1.3994081435891452e+00  9.8559941674167184e-01
4726   5.5555555555555559e-02  4.9975526840147770e-02  1.3994081435891452e+00  9.8559941674167184e-01
4727   1.6666666666666666e-01  4.9975526840147756e-02  1.3994081435891454e+00  9.8559941674167206e-01
4728   3.3333333333333337e-01  4.9975526840147756e-02  1.3994081435891454e+00  9.8559941674167206e-01
4729   4.9999999999999989e-01  4.9975526840147756e-02  1.3994081435891450e+00  9.8559941674167206e-01
4730   6.6666666666666685e-01  4.9975526840147770e-02  1.3994081435891452e+00  9.8559941674167184e-01
4731   8.3333333333333359e-01  4.9975526840147770e-02  1.3994081435891452e+00  9.8559941674167184e-01
4732   9.4444444444444431e-01  4.9975526840147770e-02  1.3994081435891452e+00  9.8559941674167184e-01
4733   1.0000000000000000e+00  4.9975526840147770e-02  1.3994081435891452e+00  9.8559941674167184e-01
4734   0.0000000000000000e+00  5.3545207328729756e-02  1.4993658681312270e+00  9.8559941674167184e-01
4735   5.5555555555555566e-02  5.3545207328729756e-02  1.4993658681312272e+00  9.8559941674167184e-01
4736   1.6666666666666663e-01  5.3545207328729735e-02  1.4993658681312270e+00  9.8559941674167217e-01
4737   3.3333333333333337e-01  5.3545207328729749e-02  1.4993658681312270e+00  9.8559941674167217e-01
4738   4.9999999999999983e-01  5.3545207328729749e-02  1.4993658681312265e+00  9.8559941674167217e-01
4739   6.6666666666666674e-01  5.3545207328729756e-02  1.4993658681312270e+00  9.8559941674167184e-01
4740   8.3333333333333337e-01  5.3545207328729749e-02  1.4993658681312272e+00  9.8559941674167195e-01
4741   9.4444444444444442e-01  5.3545207328729756e-02  1.4993658681312270e+00  9.8559941674167184e-01
4742   1.0000000000000000e+00  5.3545207328729756e-02  1.4993658681312270e+00  9.8559941674167184e-01
4743   0.0000000000000000e+00  5.7114887817311721e-02  1.5993235926733087e+00  9.8559941674167195e-01
4744   5.5555555555555559e-02  5.7114887817311742e-02  1.5993235926733087e+00  9.8559941674167195e-01
4745   1.6666666666666669e-01  5.7114887817311728e-02  1.5993235926733087e+00  9.8559941674167217e-01
4746   3.3333333333333337e-01  5.7114887817311735e-02  1.5993235926733087e+00  9.8559941674167217e-01
4747   4.9999999999999983e-01  5.7114887817311735e-02  1.5993235926733087e+00  9.8559941674167217e-01
4748   6.6666666666666685e-01  5.7114887817311742e-02  1.5993235926733085e+00  9.8559941674167195e-01
4749   8.3333333333333348e-01  5.7114887817311728e-02  1.5993235926733087e+00  9.8559941674167195e-01
4750   9.4444444444444442e-01  5.7114887817311721e-02  1.5993235926733087e+00  9.8559941674167195e-01
4751   1.0000000000000000e+00  5.7114887817311721e-02  1.5993235926733087e+00  9.8559941674167195e-01
4752   0.0000000000000000e+00  6.0684568305893714e-02  1.6992813172153907e+00  9.8559941674167184e-01
4753   5.5555555555555559e-02  6.0684568305893721e-02  1.6992813172153907e+00  9.8559941674167184e-01
4754   1.6666666666666666e-01  6.0684568305893707e-02  1.6992813172153902e+00  9.8559941674167206e-01
4755   3.3333333333333337e-01  6.0684568305893707e-02  1.6992813172153902e+00  9.8559941674167217e-01
4756   4.9999999999999989e-01  6.0684568305893714e-02  1.6992813172153902e+00  9.8559941674167206e-01
4757   6.6666666666666685e-01  6.0684568305893721e-02  1.6992813172153907e+00  9.8559941674167184e-01
4758   8.3333333333333359e-01  6.0684568305893714e-02  1.6992813172153907e+00  9.8559941674167184e-01
4759   9.4444444444444442e-01  6.0684568305893714e-02  1.6992813172153907e+00  9.8559941674167184e-01
4760   1.0000000000000000e+00  6.0684568305893714e-02  1.6992813172153907e+00  9.8559941674167184e-01
4761   0.0000000000000000e+00  6.4254248794475693e-02  1.7992390417574726e+00  9.8559941674167184e-01
4762   5.5555555555555559e-02  6.4254248794475693e-02  1.7992390417574726e+00  9.8559941674167184e-01
4763   1.6666666666666666e-01  6.4254248794475666e-02  1.7992390417574722e+00  9.8559941674167217e-01
4764   3.3333333333333337e-01  6.4254248794475693e-02  1.7992390417574722e+00  9.8559941674167217e-01
4765   4.9999999999999983e-01  6.4254248794475693e-02  1.7992390417574722e+00  9.8559941674167217e-01
4766   6.6666666666666685e-01  6.4254248794475693e-02  1.7992390417574726e+00  9.8559941674167184e-01
4767   8.3333333333333359e-01  6.4254248794475693e-02  1.7992390417574726e+00  9.8559941674167184e-01
4768   9.4444444444444442e-01  6.4254248794475693e-02  1.7992390417574726e+00  9.8559941674167184e-01
4769   1.0000000000000000e+00  6.4254248794475693e-02  1.7992390417574726e+00  9.8559941674167184e-01
4770   0.0000000000000000e+00  6.7823929283057693e-02  1.8991967662995544e+00  9.8559941674167184e-01
4771   5.5555555555555566e-02  6.7823929283057693e-02  1.8991967662995544e+00  9.8559941674167184e-01
4772   1.6666666666666666e-01  6.7823929283057693e-02  1.8991967662995541e+00  9.8559941674167206e-01
4773   3.3333333333333337e-01  6.7823929283057666e-02  1.8991967662995539e+00  9.8559941674167217e-01
4774   4.9999999999999989e-01  6.7823929283057693e-02  1.8991967662995541e+00  9.8559941674167206e-01
4775   6.6666666666666685e-01  6.7823929283057693e-02  1.8991967662995544e+00  9.8559941674167184e-01
4776   8.3333333333333359e-01  6.7823929283057693e-02  1.8991967662995544e+00  9.8559941674167184e-01
4777   9.4444444444444442e-01  6.7823929283057693e-02  1.8991967662995544e+00  9.8559941674167184e-01
4778   1.0000000000000000e+00  6.7823929283057693e-02  1.8991967662995544e+00  9.8559941674167184e-01
4779   0.0000000000000000e+00  7.0203716275445679e-02  1.9658352493276088e+00  9.8559941674167184e-01
4780   5.5555555555555566e-02  7.0203716275445679e-02  1.9658352493276088e+00  9.8559941674167184e-01
4781   1.6666666666666666e-01  7.0203716275445666e-02  1.9658352493276088e+00  9.8559941674167206e-01
4782   3.3333333333333337e-01  7.0203716275445666e-02  1.9658352493276086e+00  9.8559941674167217e-01
4783   4.9999999999999989e-01  7.0203716275445666e-02  1.9658352493276088e+00  9.8559941674167206e-01
4784   6.6666666666666685e-01  7.0203716275445679e-02  1.9658352493276088e+00  9.8559941674167184e-01
4785   8.3333333333333359e-01  7.0203716275445679e-02  1.9658352493276088e+00  9.8559941674167184e-01
4786   9.4444444444444442e-01  7.0203716275445679e-02  1.9658352493276088e+00  9.8559941674167184e-01
4787   1.0000000000000000e+00  7.0203716275445679e-02  1.9658352493276088e+00  9.8559941674167184e-01
4788   0.0000000000000000e+00  7.1393609771639652e-02  1.9991544908416361e+00  9.8559941674167184e-01
4789   5.5555555555555566e-02  7.1393609771639679e-02  1.9991544908416361e+00  9.8559941674167184e-01
4790   1.6666666666666666e-01  7.1393609771639652e-02  1.9991544908416361e+00  9.8559941674167206e-01
4791   3.3333333333333337e-01  7.1393609771639666e-02  1.9991544908416359e+00  9.8559941674167217e-01
4792   4.9999999999999989e-01  7.1393609771639652e-02  1.9991544908416361e+00  9.8559941674167206e-01
4793   6.6666666666666685e-01  7.1393609771639679e-02  1.9991544908416361e+00  9.8559941674167184e-01
4794   8.3333333333333359e-01  7.1393609771639679e-02  1.9991544908416361e+00  9.8559941674167184e-01
4795   9.4444444444444442e-01  7.1393609771639652e-02  1.9991544908416361e+00  9.8559941674167184e-01
4796   1.0000000000000000e+00  7.1393609771639652e-02  1.9991544908416361e+00  9.8559941674167184e-01
4797   0.0000000000000000e+00  1.1842924892976971e-02  1.0000000000000000e+00  9.9511844635310909e-01
4798   5.5555555555555559e-02  1.1842924892976973e-02  1.0000000000000000e+00  9.9511844635310909e-01
4799   1.6666666666666663e-01  1.1842924892976970e-02  1.0000000000000000e+00  9.9511844635310931e-01
4800   3.3333333333333331e-01  1.1842924892976970e-02  1.0000000000000000e+00  9.9511844635310931e-01
4801   4.9999999999999989e-01  1.1842924892976970e-02  1.0000000000000000e+00  9.9511844635310931e-01
4802   6.6666666666666674e-01  1.1842924892976973e-02  1.0000000000000000e+00  9.9511844635310909e-01
4803   8.3333333333333348e-01  1.1842924892976973e-02  1.0000000000000000e+00  9.9511844635310909e-01
4804   9.4444444444444442e-01  1.1842924892976971e-02  1.0000000000000000e+00  9.9511844635310909e-01
4805   1.0000000000000000e+00  1.1842924892976971e-02  1.0000000000000000e+00  9.9511844635310909e-01
4806   0.0000000000000000e+00  1.2237689056076202e-02  1.0333333333333337e+00  9.9511844635310909e-01
4807   5.5555555555555559e-02  1.2237689056076204e-02  1.0333333333333337e+00  9.9511844635310909e-01
4808   1.6666666666666663e-01  1.2237689056076202e-02  1.0333333333333337e+00  9.9511844635310931e-01
4809   3.3333333333333331e-01  1.2237689056076204e-02  1.0333333333333337e+00  9.9511844635310931e-01
4810   4.9999999999999989e-01  1.2237689056076202e-02  1.0333333333333337e+00  9.9511844635310931e-01
4811   6.6666666666666674e-01  1.2237689056076204e-02  1.0333333333333334e+00  9.9511844635310909e-01
4812   8.3333333333333348e-01  1.2237689056076204e-02  1.0333333333333337e+00  9.9511844635310909e-01
4813   9.4444444444444442e-01  1.2237689056076202e-02  1.0333333333333337e+00  9.9511844635310909e-01
4814   1.0000000000000000e+00  1.2237689056076202e-02  1.0333333333333337e+00  9.9511844635310909e-01
4815   0.0000000000000000e+00  1.3027217382274669e-02  1.1000000000000003e+00  9.9511844635310909e-01
4816   5.5555555555555566e-02  1.3027217382274669e-02  1.1000000000000003e+00  9.9511844635310909e-01
4817   1.6666666666666663e-01  1.3027217382274667e-02  1.1000000000000001e+00  9.9511844635310931e-01
4818   3.3333333333333331e-01  1.3027217382274667e-02  1.1000000000000001e+00  9.9511844635310931e-01
4819   4.9999999999999989e-01  1.3027217382274667e-02  1.1000000000000001e+00  9.9511844635310931e-01
4820   6.6666666666666674e-01  1.3027217382274669e-02  1.1000000000000001e+00  9.9511844635310909e-01
4821   8.3333333333333359e-01  1.3027217382274669e-02  1.1000000000000003e+00  9.9511844635310909e-01
4822   9.4444444444444442e-01  1.3027217382274669e-02  1.1000000000000003e+00  9.9511844635310909e-01
4823   1.0000000000000000e+00  1.3027217382274669e-02  1.1000000000000003e+00  9.9511844635310909e-01
4824   0.0000000000000000e+00  1.4211509871572367e-02  1.2000000000000000e+00  9.9511844635310909e-01
4825   5.5555555555555559e-02  1.4211509871572367e-02  1.2000000000000002e+00  9.9511844635310909e-01
4826   1.6666666666666663e-01  1.4211509871572364e-02  1.2000000000000000e+00  9.9511844635310931e-01
4827   3.3333333333333331e-01  1.4211509871572365e-02  1.2000000000000000e+00  9.9511844635310931e-01
4828   4.9999999999999989e-01  1.4211509871572364e-02  1.2000000000000000e+00  9.9511844635310931e-01
4829   6.6666666666666674e-01  1.4211509871572367e-02  1.2000000000000000e+00  9.9511844635310909e-01
4830   8.3333333333333348e-01  1.4211509871572367e-02  1.2000000000000002e+00  9.9511844635310909e-01
4831   9.4444444444444453e-01  1.4211509871572367e-02  1.2000000000000000e+00  9.9511844635310909e-01
4832   1.0000000000000000e+00  1.4211509871572367e-02  1.2000000000000000e+00  9.9511844635310909e-01
4833   0.0000000000000000e+00  1.5395802360870061e-02  1.3000000000000000e+00  9.9511844635310909e-01
4834   5.5555555555555559e-02  1.5395802360870063e-02  1.3000000000000003e+00  9.9511844635310909e-01
4835   1.6666666666666669e-01  1.5395802360870063e-02  1.3000000000000003e+00  9.9511844635310909e-01
4836   3.3333333333333343e-01  1.5395802360870063e-02  1.3000000000000003e+00  9.9511844635310909e-01
4837   5.0000000000000000e-01  1.5395802360870063e-02  1.3000000000000000e+00  9.9511844635310909e-01
4838   6.6666666666666674e-01  1.5395802360870061e-02  1.2999999999999998e+00  9.9511844635310909e-01
4839   8.3333333333333348e-01  1.5395802360870061e-02  1.3000000000000003e+00  9.9511844635310909e-01
4840   9.4444444444444431e-01  1.5395802360870061e-02  1.3000000000000000e+00  9.9511844635310909e-01
4841   1.0000000000000000e+00  1.5395802360870061e-02  1.3000000000000000e+00  9.9511844635310909e-01
4842   0.0000000000000000e+00  1.6580094850167759e-02  1.4000000000000001e+00  9.9511844635310909e-01
4843   5.5555555555555552e-02  1.6580094850167759e-02  1.4000000000000001e+00  9.9511844635310909e-01
4844   1.6666666666666663e-01  1.6580094850167756e-02  1.3999999999999999e+00  9.9511844635310931e-01
4845   3.3333333333333331e-01  1.6580094850167756e-02  1.3999999999999999e+00  9.9511844635310931e-01
4846   4.9999999999999989e-01  1.6580094850167756e-02  1.3999999999999997e+00  9.9511844635310931e-01
4847   6.6666666666666674e-01  1.6580094850167759e-02  1.4000000000000001e+00  9.9511844635310909e-01
4848   8.3333333333333348e-01  1.6580094850167759e-02  1.4000000000000001e+00  9.9511844635310909e-01
4849   9.4444444444444431e-01  1.6580094850167759e-02  1.4000000000000001e+00  9.9511844635310909e-01
4850   1.0000000000000000e+00  1.6580094850167759e-02  1.4000000000000001e+00  9.9511844635310909e-01
4851   0.0000000000000000e+00  1.7764387339465459e-02  1.5000000000000002e+00  9.9511844635310909e-01
4852   5.5555555555555559e-02  1.7764387339465459e-02  1.5000000000000004e+00  9.9511844635310909e-01
4853   1.6666666666666660e-01  1.7764387339465455e-02  1.5000000000000002e+00  9.9511844635310931e-01
4854   3.3333333333333337e-01  1.7764387339465459e-02  1.5000000000000002e+00  9.9511844635310931e-01
4855   4.9999999999999989e-01  1.7764387339465459e-02  1.4999999999999998e+00  9.9511844635310931e-01
4856   6.6666666666666663e-01  1.7764387339465459e-02  1.5000000000000002e+00  9.9511844635310909e-01
4857   8.3333333333333337e-01  1.7764387339465459e-02  1.5000000000000004e+00  9.9511844635310909e-01
4858   9.4444444444444442e-01  1.7764387339465459e-02  1.5000000000000002e+00  9.9511844635310909e-01
4859   1.0000000000000000e+00  1.7764387339465459e-02  1.5000000000000002e+00  9.9511844635310909e-01
4860   0.0000000000000000e+00  1.8948679828763151e-02  1.6000000000000001e+00  9.9511844635310909e-01
4861   5.5555555555555559e-02  1.8948679828763158e-02  1.6000000000000001e+00  9.9511844635310909e-01
4862   1.6666666666666666e-01  1.8948679828763155e-02  1.6000000000000001e+00  9.9511844635310931e-01
4863   3.3333333333333331e-01  1.8948679828763155e-02  1.6000000000000001e+00  9.9511844635310931e-01
4864   4.9999999999999989e-01  1.8948679828763155e-02  1.6000000000000001e+00  9.9511844635310931e-01
4865   6.6666666666666685e-01  1.8948679828763158e-02  1.5999999999999999e+00  9.9511844635310909e-01
4866   8.3333333333333348e-01  1.8948679828763155e-02  1.6000000000000001e+00  9.9511844635310909e-01
4867   9.4444444444444453e-01  1.8948679828763151e-02  1.6000000000000001e+00  9.9511844635310909e-01
4868   1.0000000000000000e+00  1.8948679828763151e-02  1.6000000000000001e+00  9.9511844635310909e-01
4869   0.0000000000000000e+00  2.0132972318060851e-02  1.7000000000000004e+00  9.9511844635310909e-01
4870   5.5555555555555552e-02  2.0132972318060854e-02  1.7000000000000004e+00  9.9511844635310909e-01
4871   1.6666666666666663e-01  2.0132972318060847e-02  1.7000000000000000e+00  9.9511844635310931e-01
4872   3.3333333333333331e-01  2.0132972318060851e-02  1.7000000000000000e+00  9.9511844635310931e-01
4873   4.9999999999999989e-01  2.0132972318060851e-02  1.7000000000000000e+00  9.9511844635310931e-01
4874   6.6666666666666674e-01  2.0132972318060854e-02  1.7000000000000004e+00  9.9511844635310909e-01
4875   8.3333333333333348e-01  2.0132972318060851e-02  1.7000000000000004e+00  9.9511844635310909e-01
4876   9.4444444444444442e-01  2.0132972318060851e-02  1.7000000000000004e+00  9.9511844635310909e-01
4877   1.0000000000000000e+00  2.0132972318060851e-02  1.7000000000000004e+00  9.9511844635310909e-01
4878   0.0000000000000000e+00  2.1317264807358544e-02  1.8000000000000000e+00  9.9511844635310909e-01
4879   5.5555555555555552e-02  2.1317264807358544e-02  1.8000000000000003e+00  9.9511844635310909e-01
4880   1.6666666666666663e-01  2.1317264807358544e-02  1.7999999999999998e+00  9.9511844635310931e-01
4881   3.3333333333333331e-01  2.1317264807358547e-02  1.7999999999999998e+00  9.9511844635310931e-01
4882   4.9999999999999989e-01  2.1317264807358547e-02  1.7999999999999998e+00  9.9511844635310931e-01
4883   6.6666666666666674e-01  2.1317264807358544e-02  1.8000000000000000e+00  9.9511844635310909e-01
4884   8.3333333333333348e-01  2.1317264807358544e-02  1.8000000000000003e+00  9.9511844635310909e-01
4885   9.4444444444444442e-01  2.1317264807358544e-02  1.8000000000000000e+00  9.9511844635310909e-01
4886   1.0000000000000000e+00  2.1317264807358544e-02  1.8000000000000000e+00  9.9511844635310909e-01
4887   0.0000000000000000e+00  2.2501557296656250e-02  1.9000000000000001e+00  9.9511844635310909e-01
4888   5.5555555555555559e-02  2.2501557296656250e-02  1.9000000000000001e+00  9.9511844635310909e-01
4889   1.6666666666666663e-01  2.2501557296656247e-02  1.8999999999999999e+00  9.9511844635310931e-01
4890   3.3333333333333331e-01  2.2501557296656247e-02  1.8999999999999999e+00  9.9511844635310931e-01
4891   4.9999999999999989e-01  2.2501557296656247e-02  1.8999999999999999e+00  9.9511844635310931e-01
4892   6.6666666666666674e-01  2.2501557296656250e-02  1.9000000000000001e+00  9.9511844635310909e-01
4893   8.3333333333333348e-01  2.2501557296656250e-02  1.9000000000000001e+00  9.9511844635310909e-01
4894   9.4444444444444442e-01  2.2501557296656250e-02  1.9000000000000001e+00  9.9511844635310909e-01
4895   1.0000000000000000e+00  2.2501557296656250e-02  1.9000000000000001e+00  9.9511844635310909e-01
4896   0.0000000000000000e+00  2.3291085622854712e-02  1.9666666666666666e+00  9.9511844635310909e-01
4897   5.5555555555555559e-02  2.3291085622854712e-02  1.9666666666666666e+00  9.9511844635310909e-01
4898   1.6666666666666663e-01  2.3291085622854705e-02  1.9666666666666666e+00  9.9511844635310931e-01
4899   3.3333333333333331e-01  2.3291085622854712e-02  1.9666666666666668e+00  9.9511844635310931e-01
4900   4.9999999999999989e-01  2.3291085622854705e-02  1.9666666666666666e+00  9.9511844635310931e-01
4901   6.6666666666666674e-01  2.3291085622854712e-02  1.9666666666666666e+00  9.9511844635310909e-01
4902   8.3333333333333348e-01  2.3291085622854712e-02  1.9666666666666666e+00  9.9511844635310909e-01
4903   9.4444444444444442e-01  2.3291085622854712e-02  1.9666666666666666e+00  9.9511844635310909e-01
4904   1.0000000000000000e+00  2.3291085622854712e-02  1.9666666666666666e+00  9.9511844635310909e-01
4905   0.0000000000000000e+00  2.3685849785953943e-02  2.0000000000000000e+00  9.9511844635310909e-01
4906   5.5555555555555559e-02  2.3685849785953946e-02  2.0000000000000000e+00  9.9511844635310909e-01
4907   1.6666666666666663e-01  2.3685849785953939e-02  2.0000000000000000e+00  9.9511844635310931e-01
4908   3.3333333333333331e-01  2.3685849785953939e-02  2.0000000000000000e+00  9.9511844635310931e-01
4909   4.9999999999999989e-01  2.3685849785953939e-02  2.0000000000000000e+00  9.9511844635310931e-01
4910   6.6666666666666674e-01  2.3685849785953946e-02  2.0000000000000000e+00  9.9511844635310909e-01
4911   8.3333333333333348e-01  2.3685849785953946e-02  2.0000000000000000e+00  9.9511844635310909e-01
4912   9.4444444444444442e-01  2.3685849785953943e-02  2.0000000000000000e+00  9.9511844635310909e-01
4913   1.0000000000000000e+00  2.3685849785953943e-02  2.0000000000000000e+00  9.9511844635310909e-01
4914   0.0000000000000000e+00  0.0000000000000000e+00  1.0000000000000000e+00  1.0000000000000000e+00
4915   5.5555555555555559e-02  0.0000000000000000e+00  1.0000000000000000e+00  1.0000000000000000e+00
4916   1.6666666666666666e-01  0.0000000000000000e+00  1.0000000000000000e+00  1.0000000000000002e+00
4917   3.3333333333333337e-01  0.0000000000000000e+00  1.0000000000000000e+00  1.0000000000000002e+00
4918   4.9999999999999989e-01  0.0000000000000000e+00  1.0000000000000000e+00  1.0000000000000002e+00
4919   6.6666666666666674e-01  0.0000000000000000e+00  1.0000000000000000e+00  1.0000000000000000e+00
4920   8.3333333333333348e-01  0.0000000000000000e+00  1.0000000000000000e+00  1.0000000000000000e+00
4921   9.4444444444444442e-01  0.0000000000000000e+00  1.0000000000000000e+00  1.0000000000000000e+00
4922   1.0000000000000000e+00  0.0000000000000000e+00  1.0000000000000000e+00  1.0000000000000000e+00
4923   0.0000000000000000e+00  0.0000000000000000e+00  1.0333333333333334e+00  1.0000000000000000e+00
4924   5.5555555555555559e-02  0.0000000000000000e+00  1.0333333333333334e+00  1.0000000000000000e+00
4925   1.6666666666666666e-01  0.0000000000000000e+00  1.0333333333333334e+00  1.0000000000000002e+00
4926   3.3333333333333337e-01  0.0000000000000000e+00  1.0333333333333334e+00  1.0000000000000002e+00
4927   4.9999999999999989e-01  0.0000000000000000e+00  1.0333333333333334e+00  1.0000000000000002e+00
4928   6.6666666666666674e-01  0.0000000000000000e+00  1.0333333333333332e+00  1.0000000000000000e+00
4929   8.3333333333333348e-01  0.0000000000000000e+00  1.0333333333333334e+00  1.0000000000000000e+00
4930   9.4444444444444442e-01  0.0000000000000000e+00  1.0333333333333334e+00  1.0000000000000000e+00
4931   1.0000000000000000e+00  0.0000000000000000e+00  1.0333333333333334e+00  1.0000000000000000e+00
4932   0.0000000000000000e+00  0.0000000000000000e+00  1.1000000000000003e+00  1.0000000000000000e+00
4933   5.5555555555555566e-02  0.0000000000000000e+00  1.1000000000000003e+00  1.0000000000000000e+00
4934   1.6666666666666666e-01  0.0000000000000000e+00  1.1000000000000001e+00  1.0000000000000002e+00
4935   3.3333333333333337e-01  0.0000000000000000e+00  1.1000000000000001e+00  1.0000000000000002e+00
4936   4.9999999999999989e-01  0.0000000000000000e+00  1.1000000000000001e+00  1.0000000000000002e+00
4937   6.6666666666666674e-01  0.0000000000000000e+00  1.1000000000000001e+00  1.0000000000000000e+00
4938   8.3333333333333359e-01  0.0000000000000000e+00  1.1000000000000003e+00  1.0000000000000000e+00
4939   9.4444444444444442e-01  0.0000000000000000e+00  1.1000000000000003e+00  1.0000000000000000e+00
4940   1.0000000000000000e+00  0.0000000000000000e+00  1.1000000000000003e+00  1.0000000000000000e+00
4941   0.0000000000000000e+00  0.0000000000000000e+00  1.2000000000000000e+00  1.0000000000000000e+00
4942   5.5555555555555559e-02  0.0000000000000000e+00  1.2000000000000002e+00  1.0000000000000000e+00
4943   1.6666666666666666e-01  0.0000000000000000e+00  1.2000000000000000e+00  1.0000000000000002e+00
4944   3.3333333333333337e-01  0.0000000000000000e+00  1.2000000000000000e+00  1.0000000000000002e+00
4945   4.9999999999999989e-01  0.0000000000000000e+00  1.2000000000000000e+00  1.0000000000000002e+00
4946   6.6666666666666674e-01  0.0000000000000000e+00  1.2000000000000000e+00  1.0000000000000000e+00
4947   8.3333333333333348e-01  0.0000000000000000e+00  1.2000000000000002e+00  1.0000000000000000e+00
4948   9.4444444444444453e-01  0.0000000000000000e+00  1.2000000000000000e+00  1.0000000000000000e+00
4949   1.0000000000000000e+00  0.0000000000000000e+00  1.2000000000000000e+00  1.0000000000000000e+00
4950   0.0000000000000000e+00  0.0000000000000000e+00  1.3000000000000000e+00  1.0000000000000000e+00
4951   5.5555555555555559e-02  0.0000000000000000e+00  1.3000000000000003e+00  1.0000000000000000e+00
4952   1.6666666666666669e-01  0.0000000000000000e+00  1.3000000000000003e+00  1.0000000000000000e+00
4953   3.3333333333333343e-01  0.0000000000000000e+00  1.3000000000000003e+00  1.0000000000000000e+00
4954   5.0000000000000000e-01  0.0000000000000000e+00  1.3000000000000000e+00  1.0000000000000000e+00
4955   6.6666666666666674e-01  0.0000000000000000e+00  1.2999999999999998e+00  1.0000000000000000e+00
4956   8.3333333333333348e-01  0.0000000000000000e+00  1.3000000000000003e+00  1.0000000000000000e+00
4957   9.4444444444444431e-01  0.0000000000000000e+00  1.3000000000000000e+00  1.0000000000000000e+00
4958   1.0000000000000000e+00  0.0000000000000000e+00  1.3000000000000000e+00  1.0000000000000000e+00
4959   0.0000000000000000e+00  0.0000000000000000e+00  1.3999999999999999e+00  1.0000000000000000e+00
4960   5.5555555555555552e-02  0.0000000000000000e+00  1.3999999999999999e+00  1.0000000000000000e+00
4961   1.6666666666666666e-01  0.0000000000000000e+00  1.4000000000000001e+00  1.0000000000000002e+00
4962   3.3333333333333337e-01  0.0000000000000000e+00  1.4000000000000001e+00  1.0000000000000002e+00
4963   4.9999999999999989e-01  0.0000000000000000e+00  1.3999999999999999e+00  1.0000000000000002e+00
4964   6.6666666666666674e-01  0.0000000000000000e+00  1.3999999999999999e+00  1.0000000000000000e+00
4965   8.3333333333333348e-01  0.0000000000000000e+00  1.3999999999999999e+00  1.0000000000000000e+00
4966   9.4444444444444431e-01  0.0000000000000000e+00  1.3999999999999999e+00  1.0000000000000000e+00
4967   1.0000000000000000e+00  0.0000000000000000e+00  1.3999999999999999e+00  1.0000000000000000e+00
4968   0.0000000000000000e+00  0.0000000000000000e+00  1.5000000000000000e+00  1.0000000000000000e+00
4969   5.5555555555555559e-02  0.0000000000000000e+00  1.5000000000000002e+00  1.0000000000000000e+00
4970   1.6666666666666663e-01  0.0000000000000000e+00  1.5000000000000000e+00  1.0000000000000002e+00
4971   3.3333333333333343e-01  0.0000000000000000e+00  1.5000000000000000e+00  1.0000000000000002e+00
4972   4.9999999999999989e-01  0.0000000000000000e+00  1.4999999999999998e+00  1.0000000000000002e+00
4973   6.6666666666666663e-01  0.0000000000000000e+00  1.5000000000000000e+00  1.0000000000000000e+00
4974   8.3333333333333337e-01  0.0000000000000000e+00  1.5000000000000002e+00  1.0000000000000000e+00
4975   9.4444444444444442e-01  0.0000000000000000e+00  1.5000000000000000e+00  1.0000000000000000e+00
4976   1.0000000000000000e+00  0.0000000000000000e+00  1.5000000000000000e+00  1.0000000000000000e+00
4977   0.0000000000000000e+00  0.0000000000000000e+00  1.6000000000000001e+00  1.0000000000000000e+00
4978   5.5555555555555559e-02  0.0000000000000000e+00  1.6000000000000001e+00  1.0000000000000000e+00
4979   1.6666666666666669e-01  0.0000000000000000e+00  1.5999999999999999e+00  1.0000000000000002e+00
4980   3.3333333333333337e-01  0.0000000000000000e+00  1.5999999999999999e+00  1.0000000000000002e+00
4981   4.9999999999999989e-01  0.0000000000000000e+00  1.5999999999999999e+00  1.0000000000000002e+00
4982   6.6666666666666685e-01  0.0000000000000000e+00  1.5999999999999999e+00  1.0000000000000000e+00
4983   8.3333333333333348e-01  0.0000000000000000e+00  1.6000000000000001e+00  1.0000000000000000e+00
4984   9.4444444444444453e-01  0.0000000000000000e+00  1.6000000000000001e+00  1.0000000000000000e+00
4985   1.0000000000000000e+00  0.0000000000000000e+00  1.6000000000000001e+00  1.0000000000000000e+00
4986   0.0000000000000000e+00  0.0000000000000000e+00  1.7000000000000002e+00  1.0000000000000000e+00
4987   5.5555555555555552e-02  0.0000000000000000e+00  1.7000000000000002e+00  1.0000000000000000e+00
4988   1.6666666666666666e-01  0.0000000000000000e+00  1.6999999999999997e+00  1.0000000000000002e+00
4989   3.3333333333333337e-01  0.0000000000000000e+00  1.6999999999999997e+00  1.0000000000000002e+00
4990   4.9999999999999989e-01  0.0000000000000000e+00  1.6999999999999997e+00  1.0000000000000002e+00
4991   6.6666666666666674e-01  0.0000000000000000e+00  1.7000000000000002e+00  1.0000000000000000e+00
4992   8.3333333333333348e-01  0.0000000000000000e+00  1.7000000000000002e+00  1.0000000000000000e+00
4993   9.4444444444444442e-01  0.0000000000000000e+00  1.7000000000000002e+00  1.0000000000000000e+00
4994   1.0000000000000000e+00  0.0000000000000000e+00  1.7000000000000002e+00  1.0000000000000000e+00
4995   0.0000000000000000e+00  0.0000000000000000e+00  1.8000000000000000e+00  1.0000000000000000e+00
4996   5.5555555555555552e-02  0.0000000000000000e+00  1.8000000000000003e+00  1.0000000000000000e+00
4997   1.6666666666666666e-01  0.0000000000000000e+00  1.7999999999999998e+00  1.0000000000000002e+00
4998   3.3333333333333337e-01  0.0000000000000000e+00  1.7999999999999998e+00  1.0000000000000002e+00
4999   4.9999999999999989e-01  0.0000000000000000e+00  1.7999999999999998e+00  1.0000000000000002e+00
5000   6.6666666666666674e-01  0.0000000000000000e+00  1.8000000000000000e+00  1.0000000000000000e+00
5001   8.3333333333333348e-01  0.0000000000000000e+00  1.8000000000000003e+00  1.0000000000000000e+00
5002   9.4444444444444442e-01  0.0000000000000000e+00  1.8000000000000000e+00  1.0000000000000000e+00
5003   1.0000000000000000e+00  0.0000000000000000e+00  1.8000000000000000e+00  1.0000000000000000e+00
5004   0.0000000000000000e+00  0.0000000000000000e+00  1.9000000000000001e+00  1.0000000000000000e+00
5005   5.5555555555555559e-02  0.0000000000000000e+00  1.9000000000000001e+00  1.0000000000000000e+00
5006   1.6666666666666666e-01  0.0000000000000000e+00  1.8999999999999999e+00  1.0000000000000002e+00
5007   3.3333333333333337e-01  0.0000000000000000e+00  1.8999999999999999e+00  1.0000000000000002e+00
5008   4.9999999999999989e-01  0.0000000000000000e+00  1.8999999999999999e+00  1.0000000000000002e+00
5009   6.6666666666666674e-01  0.0000000000000000e+00  1.9000000000000001e+00  1.0000000000000000e+00
5010   8.3333333333333348e-01  0.0000000000000000e+00  1.9000000000000001e+00  1.0000000000000000e+00
5011   9.4444444444444442e-01  0.0000000000000000e+00  1.9000000000000001e+00  1.0000000000000000e+00
5012   1.0000000000000000e+00  0.0000000000000000e+00  1.9000000000000001e+00  1.0000000000000000e+00
5013   0.0000000000000000e+00  0.0000000000000000e+00  1.9666666666666668e+00  1.0000000000000000e+00
5014   5.5555555555555559e-02  0.0000000000000000e+00  1.9666666666666668e+00  1.0000000000000000e+00
5015   1.6666666666666666e-01  0.0000000000000000e+00  1.9666666666666668e+00  1.0000000000000002e+00
5016   3.3333333333333337e-01  0.0000000000000000e+00  1.9666666666666668e+00  1.0000000000000002e+00
5017   4.9999999999999989e-01  0.0000000000000000e+00  1.9666666666666668e+00  1.0000000000000002e+00
5018   6.6666666666666674e-01  0.0000000000000000e+00  1.9666666666666668e+00  1.0000000000000000e+00
5019   8.3333333333333348e-01  0.0000000000000000e+00  1.9666666666666668e+00  1.0000000000000000e+00
5020   9.4444444444444442e-01  0.0000000000000000e+00  1.9666666666666668e+00  1.0000000000000000e+00
5021   1.0000000000000000e+00  0.0000000000000000e+00  1.9666666666666668e+00  1.0000000000000000e+00
5022   0.0000000000000000e+00  0.0000000000000000e+00  2.0000000000000000e+00  1.0000000000000000e+00
5023   5.5555555555555559e-02  0.0000000000000000e+00  2.0000000000000000e+00  1.0000000000000000e+00
5024   1.6666666666666666e-01  0.0000000000000000e+00  2.0000000000000000e+00  1.0000000000000002e+00
5025   3.3333333333333337e-01  0.0000000000000000e+00  2.0000000000000000e+00  1.0000000000000002e+00
5026   4.9999999999999989e-01  0.0000000000000000e+00  2.0000000000000000e+00  1.0000000000000002e+00
5027   6.6666666666666674e-01  0.0000000000000000e+00  2.0000000000000000e+00  1.0000000000000000e+00
5028   8.3333333333333348e-01  0.0000000000000000e+00  2.0000000000000000e+00  1.0000000000000000e+00
5029   9.4444444444444442e-01  0.0000000000000000e+00  2.0000000000000000e+00  1.0000000000000000e+00
5030   1.0000000000000000e+00  0.0000000000000000e+00  2.0000000000000000e+00  1.0000000000000000e+00

0     0     0.000000e+00
9     0     0.000000e+00
18    0     0.000000e+00
27    0     0.000000e+00
36    0     0.000000e+00
45    0     0.000000e+00
54    0     0.000000e+00
63    0     0.000000e+00
72    0     0.000000e+00
81    0     0.000000e+00
90    0     0.000000e+00
99    0     0.000000e+00
108   0     0.000000e+00
109   0     0.000000e+00
110   0     0.000000e+00
111   0     0.000000e+00
112   0     0.000000e+00
113   0     0.000000e+00
114   0     0.000000e+00
115   0     0.000000e+00
116   0     0.000000e+00
117   0     0.000000e+00
126   0     0.000000e+00
135   0     0.000000e+00
144   0     0.000000e+00
153   0     0.000000e+00
162   0     0.000000e+00
171   0     0.000000e+00
180   0     0.000000e+00
189   0     0.000000e+00
198   0     0.000000e+00
207   0     0.000000e+00
216   0     0.000000e+00
225   0     0.000000e+00
226   0     0.000000e+00
227   0     0.000000e+00
228   0     0.000000e+00
229   0     0.000000e+00
230   0     0.000000e+00
231   0     0.000000e+00
232   0     0.000000e+00
233   0     0.000000e+00
234   0     0.000000e+00
243   0     0.000000e+00
252   0     0.000000e+00
261   0     0.000000e+00
270   0     0.000000e+00
279   0     0.000000e+00
288   0     0.000000e+00
297   0     0.000000e+00
306   0     0.000000e+00
315   0     0.000000e+00
324   0     0.000000e+00
333   0     0.000000e+00
342   0     0.000000e+00
343   0     0.000000e+00
344   0     0.000000e+00
345   0     0.000000e+00
346   0     0.000000e+00
347   0     0.000000e+00
348   0     0.000000e+00
349   0     0.000000e+00
350   0     0.000000e+00
351   0     0.000000e+00
360   0     0.000000e+00
369   0     0.000000e+00
378   0     0.000000e+00
387   0     0.000000e+00
396   0     0.000000e+00
405   0     0.000000e+00
414   0     0.000000e+00
423   0     0.000000e+00
432   0     0.000000e+00
441   0     0.000000e+00
450   0     0.000000e+00
459   0     0.000000e+00
460   0     0.000000e+00
461   0     0.000000e+00
462   0     0.000000e+00
463   0     0.000000e+00
464   0     0.000000e+00
465   0     0.000000e+00
466   0     0.000000e+00
467   0     0.000000e+00
468   0     0.000000e+00
477   0     0.000000e+00
486   0     0.000000e+00
495   0     0.000000e+00
504   0     0.000000e+00
513   0     0.000000e+00
522   0     0.000000e+00
531   0     0.000000e+00
540   0     0.000000e+00
549   0     0.000000e+00
558   0     0.000000e+00
567   0     0.000000e+00
576   0     0.000000e+00
577   0     0.000000e+00
578   0     0.000000e+00
579   0     0.000000e+00
580   0     0.000000e+00
581   0     0.000000e+00
582   0     0.000000e+00
583   0     0.000000e+00
584   0     0.000000e+00
585   0     0.000000e+00
594   0     0.000000e+00
603   0     0.000000e+00
612   0     0.000000e+00
621   0     0.000000e+00
630   0     0.000000e+00
639   0     0.000000e+00
648   0     0.000000e+00
657   0     0.000000e+00
666   0     0.000000e+00
675   0     0.000000e+00
684   0     0.000000e+00
693   0     0.000000e+00
694   0     0.000000e+00
695   0     0.000000e+00
696   0     0.000000e+00
697   0     0.000000e+00
698   0     0.000000e+00
699   0     0.000000e+00
700   0     0.000000e+00
701   0     0.000000e+00
702   0     0.000000e+00
711   0     0.000000e+00
720   0     0.000000e+00
729   0     0.000000e+00
738   0     0.000000e+00
747   0     0.000000e+00
756   0     0.000000e+00
765   0     0.000000e+00
774   0     0.000000e+00
783   0     0.000000e+00
792   0     0.000000e+00
801   0     0.000000e+00
810   0     0.000000e+00
811   0     0.000000e+00
812   0     0.000000e+00
813   0     0.000000e+00
814   0     0.000000e+00
815   0     0.000000e+00
816   0     0.000000e+00
817   0     0.000000e+00
818   0     0.000000e+00
819   0     0.000000e+00
828   0     0.000000e+00
837   0     0.000000e+00
846   0     0.000000e+00
855   0     0.000000e+00
864   0     0.000000e+00
873   0     0.000000e+00
882   0     0.000000e+00
891   0     0.000000e+00
900   0     0.000000e+00
909   0     0.000000e+00
918   0     0.000000e+00
927   0     0.000000e+00
928   0     0.000000e+00
929   0     0.000000e+00
930   0     0.000000e+00
931   0     0.000000e+00
932   0     0.000000e+00
933   0     0.000000e+00
934   0     0.000000e+00
935   0     0.000000e+00
936   0     0.000000e+00
945   0     0.000000e+00
954   0     0.000000e+00
963   0     0.000000e+00
972   0     0.000000e+00
981   0     0.000000e+00
990   0     0.000000e+00
999   0     0.000000e+00
1008  0     0.000000e+00
1017  0     0.000000e+00
1026  0     0.000000e+00
1035  0     0.000000e+00
1044  0     0.000000e+00
1045  0     0.000000e+00
1046  0     0.000000e+00
1047  0     0.000000e+00
1048  0     0.000000e+00
1049  0     0.000000e+00
1050  0     0.000000e+00
1051  0     0.000000e+00
1052  0     0.000000e+00
1053  0     0.000000e+00
1062  0     0.000000e+00
1071  0     0.000000e+00
1080  0     0.000000e+00
1089  0     0.000000e+00
1098  0     0.000000e+00
1107  0     0.000000e+00
1116  0     0.000000e+00
1125  0     0.000000e+00
1134  0     0.000000e+00
1143  0     0.000000e+00
1152  0     0.000000e+00
1161  0     0.000000e+00
1162  0     0.000000e+00
1163  0     0.000000e+00
1164  0     0.000000e+00
1165  0     0.000000e+00
1166  0     0.000000e+00
1167  0     0.000000e+00
1168  0     0.000000e+00
1169  0     0.000000e+00
1170  0     0.000000e+00
1179  0     0.000000e+00
1188  0     0.000000e+00
1197  0     0.000000e+00
1206  0     0.000000e+00
1215  0     0.000000e+00
1224  0     0.000000e+00
1233  0     0.000000e+00
1242  0     0.000000e+00
1251  0     0.000000e+00
1260  0     0.000000e+00
1269  0     0.000000e+00
1278  0     0.000000e+00
1279  0     0.000000e+00
1280  0     0.000000e+00
1281  0     0.000000e+00
1282  0     0.000000e+00
1283  0     0.000000e+00
1284  0     0.000000e+00
1285  0     0.000000e+00
1286  0     0.000000e+00
1287  0     0.000000e+00
1296  0     0.000000e+00
1305  0     0.000000e+00
1314  0     0.000000e+00
1323  0     0.000000e+00
1332  0     0.000000e+00
1341  0     0.000000e+00
1350  0     0.000000e+00
1359  0     0.000000e+00
1368  0     0.000000e+00
1377  0     0.000000e+00
1386  0     0.000000e+00
1395  0     0.000000e+00
1396  0     0.000000e+00
1397  0     0.000000e+00
1398  0     0.000000e+00
1399  0     0.000000e+00
1400  0     0.000000e+00
1401  0     0.000000e+00
1402  0     0.000000e+00
1403  0     0.000000e+00
1404  0     0.000000e+00
1413  0     0.000000e+00
1422  0     0.000000e+00
1431  0     0.000000e+00
1440  0     0.000000e+00
1449  0     0.000000e+00
1458  0     0.000000e+00
1467  0     0.000000e+00
1476  0     0.000000e+00
1485  0     0.000000e+00
1494  0     0.000000e+00
1503  0     0.000000e+00
1512  0     0.000000e+00
1513  0     0.000000e+00
1514  0     0.000000e+00
1515  0     0.000000e+00
1516  0     0.000000e+00
1517  0     0.000000e+00
1518  0     0.000000e+00
1519  0     0.000000e+00
1520  0     0.000000e+00
1521  0     0.000000e+00
1530  0     0.000000e+00
1539  0     0.000000e+00
1548  0     0.000000e+00
1557  0     0.000000e+00
1566  0     0.000000e+00
1575  0     0.000000e+00
1584  0     0.000000e+00
1593  0     0.000000e+00
1602  0     0.000000e+00
1611  0     0.000000e+00
1620  0     0.000000e+00
1629  0     0.000000e+00
1630  0     0.000000e+00
1631  0     0.000000e+00
1632  0     0.000000e+00
1633  0     0.000000e+00
1634  0     0.000000e+00
1635  0     0.000000e+00
1636  0     0.000000e+00
1637  0     0.000000e+00
1638  0     0.000000e+00
1647  0     0.000000e+00
1656  0     0.000000e+00
1665  0     0.000000e+00
1674  0     0.000000e+00
1683  0     0.000000e+00
1692  0     0.000000e+00
1701  0     0.000000e+00
1710  0     0.000000e+00
1719  0     0.000000e+00
1728  0     0.000000e+00
1737  0     0.000000e+00
1746  0     0.000000e+00
1747  0     0.000000e+00
1748  0     0.000000e+00
1749  0     0.000000e+00
1750  0     0.000000e+00
1751  0     0.000000e+00
1752  0     0.000000e+00
1753  0     0.000000e+00
1754  0     0.000000e+00
1755  0     0.000000e+00
1764  0     0.000000e+00
1773  0     0.000000e+00
1782  0     0.000000e+00
1791  0     0.000000e+00
1800  0     0.000000e+00
1809  0     0.000000e+00
1818  0     0.000000e+00
1827  0     0.000000e+00
1836  0     0.000000e+00
1845  0     0.000000e+00
1854  0     0.000000e+00
1863  0     0.000000e+00
1864  0     0.000000e+00
1865  0     0.000000e+00
1866  0     0.000000e+00
1867  0     0.000000e+00
1868  0     0.000000e+00
1869  0     0.000000e+00
1870  0     0.000000e+00
1871  0     0.000000e+00
1872  0     0.000000e+00
1881  0     0.000000e+00
1890  0     0.000000e+00
1899  0     0.000000e+00
1908  0     0.000000e+00
1917  0     0.000000e+00
1926  0     0.000000e+00
1935  0     0.000000e+00
1944  0     0.000000e+00
1953  0     0.000000e+00
1962  0     0.000000e+00
1971  0     0.000000e+00
1980  0     0.000000e+00
1981  0     0.000000e+00
1982  0     0.000000e+00
1983  0     0.000000e+00
1984  0     0.000000e+00
1985  0     0.000000e+00
1986  0     0.000000e+00
1987  0     0.000000e+00
1988  0     0.000000e+00
1989  0     0.000000e+00
1998  0     0.000000e+00
2007  0     0.000000e+00
2016  0     0.000000e+00
2025  0     0.000000e+00
2034  0     0.000000e+00
2043  0     0.000000e+00
2052  0     0.000000e+00
2061  0     0.000000e+00
2070  0     0.000000e+00
2079  0     0.000000e+00
2088  0     0.000000e+00
2097  0     0.000000e+00
2098  0     0.000000e+00
2099  0     0.000000e+00
2100  0     0.000000e+00
2101  0     0.000000e+00
2102  0     0.000000e+00
2103  0     0.000000e+00
2104  0     0.000000e+00
2105  0     0.000000e+00
2106  0     0.000000e+00
2115  0     0.000000e+00
2124  0     0.000000e+00
2133  0     0.000000e+00
2142  0     0.000000e+00
2151  0     0.000000e+00
2160  0     0.000000e+00
2169  0     0.000000e+00
2178  0     0.000000e+00
2187  0     0.000000e+00
2196  0     0.000000e+00
2205  0     0.000000e+00
2214  0     0.000000e+00
2215  0     0.000000e+00
2216  0     0.000000e+00
2217  0     0.000000e+00
2218  0     0.000000e+00
2219  0     0.000000e+00
2220  0     0.000000e+00
2221  0     0.000000e+00
2222  0     0.000000e+00
2223  0     0.000000e+00
2232  0     0.000000e+00
2241  0     0.000000e+00
2250  0     0.000000e+00
2259  0     0.000000e+00
2268  0     0.000000e+00
2277  0     0.000000e+00
2286  0     0.000000e+00
2295  0     0.000000e+00
2304  0     0.000000e+00
2313  0     0.000000e+00
2322  0     0.000000e+00
2331  0     0.000000e+00
2332  0     0.000000e+00
2333  0     0.000000e+00
2334  0     0.000000e+00
2335  0     0.000000e+00
2336  0     0.000000e+00
2337  0     0.000000e+00
2338  0     0.000000e+00
2339  0     0.000000e+00
2340  0     0.000000e+00
2349  0     0.000000e+00
2358  0     0.000000e+00
2367  0     0.000000e+00
2376  0     0.000000e+00
2385  0     0.000000e+00
2394  0     0.000000e+00
2403  0     0.000000e+00
2412  0     0.000000e+00
2421  0     0.000000e+00
2430  0     0.000000e+00
2439  0     0.000000e+00
2448  0     0.000000e+00
2449  0     0.000000e+00
2450  0     0.000000e+00
2451  0     0.000000e+00
2452  0     0.000000e+00
2453  0     0.000000e+00
2454  0     0.000000e+00
2455  0     0.000000e+00
2456  0     0.000000e+00
2457  0     0.000000e+00
2466  0     0.000000e+00
2475  0     0.000000e+00
2484  0     0.000000e+00
2493  0     0.000000e+00
2502  0     0.000000e+00
2511  0     0.000000e+00
2520  0     0.000000e+00
2529  0     0.000000e+00
2538  0     0.000000e+00
2547  0     0.000000e+00
2556  0     0.000000e+00
2565  0     0.000000e+00
2566  0     0.000000e+00
2567  0     0.000000e+00
2568  0     0.000000e+00
2569  0     0.000000e+00
2570  0     0.000000e+00
2571  0     0.000000e+00
2572  0     0.000000e+00
2573  0     0.000000e+00
2574  0     0.000000e+00
2583  0     0.000000e+00
2592  0     0.000000e+00
2601  0     0.000000e+00
2610  0     0.000000e+00
2619  0     0.000000e+00
2628  0     0.000000e+00
2637  0     0.000000e+00
2646  0     0.000000e+00
2655  0     0.000000e+00
2664  0     0.000000e+00
2673  0     0.000000e+00
2682  0     0.000000e+00
2683  0     0.000000e+00
2684  0     0.000000e+00
2685  0     0.000000e+00
2686  0     0.000000e+00
2687  0     0.000000e+00
2688  0     0.000000e+00
2689  0     0.000000e+00
2690  0     0.000000e+00
2691  0     0.000000e+00
2700  0     0.000000e+00
2709  0     0.000000e+00
2718  0     0.000000e+00
2727  0     0.000000e+00
2736  0     0.000000e+00
2745  0     0.000000e+00
2754  0     0.000000e+00
2763  0     0.000000e+00
2772  0     0.000000e+00
2781  0     0.000000e+00
2790  0     0.000000e+00
2799  0     0.000000e+00
2800  0     0.000000e+00
2801  0     0.000000e+00
2802  0     0.000000e+00
2803  0     0.000000e+00
2804  0     0.000000e+00
2805  0     0.000000e+00
2806  0     0.000000e+00
2807  0     0.000000e+00
2808  0     0.000000e+00
2817  0     0.000000e+00
2826  0     0.000000e+00
2835  0     0.000000e+00
2844  0     0.000000e+00
2853  0     0.000000e+00
2862  0     0.000000e+00
2871  0     0.000000e+00
2880  0     0.000000e+00
2889  0     0.000000e+00
2898  0     0.000000e+00
2907  0     0.000000e+00
2916  0     0.000000e+00
2917  0     0.000000e+00
2918  0     0.000000e+00
2919  0     0.000000e+00
2920  0     0.000000e+00
2921  0     0.000000e+00
2922  0     0.000000e+00
2923  0     0.000000e+00
2924  0     0.000000e+00
2925  0     0.000000e+00
2934  0     0.000000e+00
2943  0     0.000000e+00
2952  0     0.000000e+00
2961  0     0.000000e+00
2970  0     0.000000e+00
2979  0     0.000000e+00
2988  0     0.000000e+00
2997  0     0.000000e+00
3006  0     0.000000e+00
3015  0     0.000000e+00
3024  0     0.000000e+00
3033  0     0.000000e+00
3034  0     0.000000e+00
3035  0     0.000000e+00
3036  0     0.000000e+00
3037  0     0.000000e+00
3038  0     0.000000e+00
3039  0     0.000000e+00
3040  0     0.000000e+00
3041  0     0.000000e+00
3042  0     0.000000e+00
3051  0     0.000000e+00
3060  0     0.000000e+00
3069  0     0.000000e+00
3078  0     0.000000e+00
3087  0     0.000000e+00
3096  0     0.000000e+00
3105  0     0.000000e+00
3114  0     0.000000e+00
3123  0     0.000000e+00
3132  0     0.000000e+00
3141  0     0.000000e+00
3150  0     0.000000e+00
3151  0     0.000000e+00
3152  0     0.000000e+00
3153  0     0.000000e+00
3154  0     0.000000e+00
3155  0     0.000000e+00
3156  0     0.000000e+00
3157  0     0.000000e+00
3158  0     0.000000e+00
3159  0     0.000000e+00
3168  0     0.000000e+00
3177  0     0.000000e+00
3186  0     0.000000e+00
3195  0     0.000000e+00
3204  0     0.000000e+00
3213  0     0.000000e+00
3222  0     0.000000e+00
3231  0     0.000000e+00
3240  0     0.000000e+00
3249  0     0.000000e+00
3258  0     0.000000e+00
3267  0     0.000000e+00
3268  0     0.000000e+00
3269  0     0.000000e+00
3270  0     0.000000e+00
3271  0     0.000000e+00
3272  0     0.000000e+00
3273  0     0.000000e+00
3274  0     0.000000e+00
3275  0     0.000000e+00
3276  0     0.000000e+00
3285  0     0.000000e+00
3294  0     0.000000e+00
3303  0     0.000000e+00
3312  0     0.000000e+00
3321  0     0.000000e+00
3330  0     0.000000e+00
3339  0     0.000000e+00
3348  0     0.000000e+00
3357  0     0.000000e+00
3366  0     0.000000e+00
3375  0     0.000000e+00
3384  0     0.000000e+00
3385  0     0.000000e+00
3386  0     0.000000e+00
3387  0     0.000000e+00
3388  0     0.000000e+00
3389  0     0.000000e+00
3390  0     0.000000e+00
3391  0     0.000000e+00
3392  0     0.000000e+00
3393  0     0.000000e+00
3402  0     0.000000e+00
3411  0     0.000000e+00
3420  0     0.000000e+00
3429  0     0.000000e+00
3438  0     0.000000e+00
3447  0     0.000000e+00
3456  0     0.000000e+00
3465  0     0.000000e+00
3474  0     0.000000e+00
3483  0     0.000000e+00
3492  0     0.000000e+00
3501  0     0.000000e+00
3502  0     0.000000e+00
3503  0     0.000000e+00
3504  0     0.000000e+00
3505  0     0.000000e+00
3506  0     0.000000e+00
3507  0     0.000000e+00
3508  0     0.000000e+00
3509  0     0.000000e+00
3510  0     0.000000e+00
3519  0     0.000000e+00
3528  0     0.000000e+00
3537  0     0.000000e+00
3546  0     0.000000e+00
3555  0     0.000000e+00
3564  0     0.000000e+00
3573  0     0.000000e+00
3582  0     0.000000e+00
3591  0     0.000000e+00
3600  0     0.000000e+00
3609  0     0.000000e+00
3618  0     0.000000e+00
3619  0     0.000000e+00
3620  0     0.000000e+00
3621  0     0.000000e+00
3622  0     0.000000e+00
3623  0     0.000000e+00
3624  0     0.000000e+00
3625  0     0.000000e+00
3626  0     0.000000e+00
3627  0     0.000000e+00
3636  0     0.000000e+00
3645  0     0.000000e+00
3654  0     0.000000e+00
3663  0     0.000000e+00
3672  0     0.000000e+00
3681  0     0.000000e+00
3690  0     0.000000e+00
3699  0     0.000000e+00
3708  0     0.000000e+00
3717  0     0.000000e+00
3726  0     0.000000e+00
3735  0     0.000000e+00
3736  0     0.000000e+00
3737  0     0.000000e+00
3738  0     0.000000e+00
3739  0     0.000000e+00
3740  0     0.000000e+00
3741  0     0.000000e+00
3742  0     0.000000e+00
3743  0     0.000000e+00
3744  0     0.000000e+00
3753  0     0.000000e+00
3762  0     0.000000e+00
3771  0     0.000000e+00
3780  0     0.000000e+00
3789  0     0.000000e+00
3798  0     0.000000e+00
3807  0     0.000000e+00
3816  0     0.000000e+00
3825  0     0.000000e+00
3834  0     0.000000e+00
3843  0     0.000000e+00
3852  0     0.000000e+00
3853  0     0.000000e+00
3854  0     0.000000e+00
3855  0     0.000000e+00
3856  0     0.000000e+00
3857  0     0.000000e+00
3858  0     0.000000e+00
3859  0     0.000000e+00
3860  0     0.000000e+00
3861  0     0.000000e+00
3870  0     0.000000e+00
3879  0     0.000000e+00
3888  0     0.000000e+00
3897  0     0.000000e+00
3906  0     0.000000e+00
3915  0     0.000000e+00
3924  0     0.000000e+00
3933  0     0.000000e+00
3942  0     0.000000e+00
3951  0     0.000000e+00
3960  0     0.000000e+00
3969  0     0.000000e+00
3970  0     0.000000e+00
3971  0     0.000000e+00
3972  0     0.000000e+00
3973  0     0.000000e+00
3974  0     0.000000e+00
3975  0     0.000000e+00
3976  0     0.000000e+00
3977  0     0.000000e+00
3978  0     0.000000e+00
3987  0     0.000000e+00
3996  0     0.000000e+00
4005  0     0.000000e+00
4014  0     0.000000e+00
4023  0     0.000000e+00
4032  0     0.000000e+00
4041  0     0.000000e+00
4050  0     0.000000e+00
4059  0     0.000000e+00
4068  0     0.000000e+00
4077  0     0.000000e+00
4086  0     0.000000e+00
4087  0     0.000000e+00
4088  0     0.000000e+00
4089  0     0.000000e+00
4090  0     0.000000e+00
4091  0     0.000000e+00
4092  0     0.000000e+00
4093  0     0.000000e+00
4094  0     0.000000e+00
4095  0     0.000000e+00
4104  0     0.000000e+00
4113  0     0.000000e+00
4122  0     0.000000e+00
4131  0     0.000000e+00
4140  0     0.000000e+00
4149  0     0.000000e+00
4158  0     0.000000e+00
4167  0     0.000000e+00
4176  0     0.000000e+00
4185  0     0.000000e+00
4194  0     0.000000e+00
4203  0     0.000000e+00
4204  0     0.000000e+00
4205  0     0.000000e+00
4206  0     0.000000e+00
4207  0     0.000000e+00
4208  0     0.000000e+00
4209  0     0.000000e+00
4210  0     0.000000e+00
4211  0     0.000000e+00
4212  0     0.000000e+00
4221  0     0.000000e+00
4230  0     0.000000e+00
4239  0     0.000000e+00
4248  0     0.000000e+00
4257  0     0.000000e+00
4266  0     0.000000e+00
4275  0     0.000000e+00
4284  0     0.000000e+00
4293  0     0.000000e+00
4302  0     0.000000e+00
4311  0     0.000000e+00
4320  0     0.000000e+00
4321  0     0.000000e+00
4322  0     0.000000e+00
4323  0     0.000000e+00
4324  0     0.000000e+00
4325  0     0.000000e+00
4326  0     0.000000e+00
4327  0     0.000000e+00
4328  0     0.000000e+00
4329  0     0.000000e+00
4338  0     0.000000e+00
4347  0     0.000000e+00
4356  0     0.000000e+00
4365  0     0.000000e+00
4374  0     0.000000e+00
4383  0     0.000000e+00
4392  0     0.000000e+00
4401  0     0.000000e+00
4410  0     0.000000e+00
4419  0     0.000000e+00
4428  0     0.000000e+00
4437  0     0.000000e+00
4438  0     0.000000e+00
4439  0     0.000000e+00
4440  0     0.000000e+00
4441  0     0.000000e+00
4442  0     0.000000e+00
4443  0     0.000000e+00
4444  0     0.000000e+00
4445  0     0.000000e+00
4446  0     0.000000e+00
4455  0     0.000000e+00
4464  0     0.000000e+00
4473  0     0.000000e+00
4482  0     0.000000e+00
4491  0     0.000000e+00
4500  0     0.000000e+00
4509  0     0.000000e+00
4518  0     0.000000e+00
4527  0     0.000000e+00
4536  0     0.000000e+00
4545  0     0.000000e+00
4554  0     0.000000e+00
4555  0     0.000000e+00
4556  0     0.000000e+00
4557  0     0.000000e+00
4558  0     0.000000e+00
4559  0     0.000000e+00
4560  0     0.000000e+00
4561  0     0.000000e+00
4562  0     0.000000e+00
4563  0     0.000000e+00
4572  0     0.000000e+00
4581  0     0.000000e+00
4590  0     0.000000e+00
4599  0     0.000000e+00
4608  0     0.000000e+00
4617  0     0.000000e+00
4626  0     0.000000e+00
4635  0     0.000000e+00
4644  0     0.000000e+00
4653  0     0.000000e+00
4662  0     0.000000e+00
4671  0     0.000000e+00
4672  0     0.000000e+00
4673  0     0.000000e+00
4674  0     0.000000e+00
4675  0     0.000000e+00
4676  0     0.000000e+00
4677  0     0.000000e+00
4678  0     0.000000e+00
4679  0     0.000000e+00
4680  0     0.000000e+00
4689  0     0.000000e+00
4698  0     0.000000e+00
4707  0     0.000000e+00
4716  0     0.000000e+00
4725  0     0.000000e+00
4734  0     0.000000e+00
4743  0     0.000000e+00
4752  0     0.000000e+00
4761  0     0.000000e+00
4770  0     0.000000e+00
4779  0     0.000000e+00
4788  0     0.000000e+00
4789  0     0.000000e+00
4790  0     0.000000e+00
4791  0     0.000000e+00
4792  0     0.000000e+00
4793  0     0.000000e+00
4794  0     0.000000e+00
4795  0     0.000000e+00
4796  0     0.000000e+00
4797  0     0.000000e+00
4806  0     0.000000e+00
4815  0     0.000000e+00
4824  0     0.000000e+00
4833  0     0.000000e+00
4842  0     0.000000e+00
4851  0     0.000000e+00
4860  0     0.000000e+00
4869  0     0.000000e+00
4878  0     0.000000e+00
4887  0     0.000000e+00
4896  0     0.000000e+00
4905  0     0.000000e+00
4906  0     0.000000e+00
4907  0     0.000000e+00
4908  0     0.000000e+00
4909  0     0.000000e+00
4910  0     0.000000e+00
4911  0     0.000000e+00
4912  0     0.000000e+00
4913  0     0.000000e+00
4914  0     0.000000e+00
4923  0     0.000000e+00
4932  0     0.000000e+00
4941  0     0.000000e+00
4950  0     0.000000e+00
4959  0     0.000000e+00
4968  0     0.000000e+00
4977  0     0.000000e+00
4986  0     0.000000e+00
4995  0     0.000000e+00
5004  0     0.000000e+00
5013  0     0.000000e+00
5022  0     0.000000e+00
5023  0     0.000000e+00
5024  0     0.000000e+00
5025  0     0.000000e+00
5026  0     0.000000e+00
5027  0     0.000000e+00
5028  0     0.000000e+00
5029  0     0.000000e+00
5030  0     0.000000e+00
108   1     0.000000e+00
109   1     0.000000e+00
110   1     0.000000e+00
111   1     0.000000e+00
112   1     0.000000e+00
113   1     0.000000e+00
114   1     0.000000e+00
115   1     0.000000e+00
116   1     0.000000e+00
225   1     0.000000e+00
226   1     0.000000e+00
227   1     0.000000e+00
228   1     0.000000e+00
229   1     0.000000e+00
230   1     0.000000e+00
231   1     0.000000e+00
232   1     0.000000e+00
233   1     0.000000e+00
342   1     0.000000e+00
343   1     0.000000e+00
344   1     0.000000e+00
345   1     0.000000e+00
346   1     0.000000e+00
347   1     0.000000e+00
348   1     0.000000e+00
349   1     0.000000e+00
350   1     0.000000e+00
459   1     0.000000e+00
460   1     0.000000e+00
461   1     0.000000e+00
462   1     0.000000e+00
463   1     0.000000e+00
464   1     0.000000e+00
465   1     0.000000e+00
466   1     0.000000e+00
467   1     0.000000e+00
576   1     0.000000e+00
577   1     0.000000e+00
578   1     0.000000e+00
579   1     0.000000e+00
580   1     0.000000e+00
581   1     0.000000e+00
582   1     0.000000e+00
583   1     0.000000e+00
584   1     0.000000e+00
693   1     0.000000e+00
694   1     0.000000e+00
695   1     0.000000e+00
696   1     0.000000e+00
697   1     0.000000e+00
698   1     0.000000e+00
699   1     0.000000e+00
700   1     0.000000e+00
701   1     0.000000e+00
810   1     0.000000e+00
811   1     0.000000e+00
812   1     0.000000e+00
813   1     0.000000e+00
814   1     0.000000e+00
815   1     0.000000e+00
816   1     0.000000e+00
817   1     0.000000e+00
818   1     0.000000e+00
927   1     0.000000e+00
928   1     0.000000e+00
929   1     0.000000e+00
930   1     0.000000e+00
931   1     0.000000e+00
932   1     0.000000e+00
933   1     0.000000e+00
934   1     0.000000e+00
935   1     0.000000e+00
1044  1     0.000000e+00
1045  1     0.000000e+00
1046  1     0.000000e+00
1047  1     0.000000e+00
1048  1     0.000000e+00
1049  1     0.000000e+00
1050  1     0.000000e+00
1051  1     0.000000e+00
1052  1     0.000000e+00
1161  1     0.000000e+00
1162  1     0.000000e+00
1163  1     0.000000e+00
1164  1     0.000000e+00
1165  1     0.000000e+00
1166  1     0.000000e+00
1167  1     0.000000e+00
1168  1     0.000000e+00
1169  1     0.000000e+00
1278  1     0.000000e+00
1279  1     0.000000e+00
1280  1     0.000000e+00
1281  1     0.000000e+00
1282  1     0.000000e+00
1283  1     0.000000e+00
1284  1     0.000000e+00
1285  1     0.000000e+00
1286  1     0.000000e+00
1395  1     0.000000e+00
1396  1     0.000000e+00
1397  1     0.000000e+00
1398  1     0.000000e+00
1399  1     0.000000e+00
1400  1     0.000000e+00
1401  1     0.000000e+00
1402  1     0.000000e+00
1403  1     0.000000e+00
1512  1     0.000000e+00
1513  1     0.000000e+00
1514  1     0.000000e+00
1515  1     0.000000e+00
1516  1     0.000000e+00
1517  1     0.000000e+00
1518  1     0.000000e+00
1519  1     0.000000e+00
1520  1     0.000000e+00
1629  1     0.000000e+00
1630  1     0.000000e+00
1631  1     0.000000e+00
1632  1     0.000000e+00
1633  1     0.000000e+00
1634  1     0.000000e+00
1635  1     0.000000e+00
1636  1     0.000000e+00
1637  1     0.000000e+00
1746  1     0.000000e+00
1747  1     0.000000e+00
1748  1     0.000000e+00
1749  1     0.000000e+00
1750  1     0.000000e+00
1751  1     0.000000e+00
1752  1     0.000000e+00
1753  1     0.000000e+00
1754  1     0.000000e+00
1863  1     0.000000e+00
1864  1     0.000000e+00
1865  1     0.000000e+00
1866  1     0.000000e+00
1867  1     0.000000e+00
1868  1     0.000000e+00
1869  1     0.000000e+00
1870  1     0.000000e+00
1871  1     0.000000e+00
1980  1     0.000000e+00
1981  1     0.000000e+00
1982  1     0.000000e+00
1983  1     0.000000e+00
1984  1     0.000000e+00
1985  1     0.000000e+00
1986  1     0.000000e+00
1987  1     0.000000e+00
1988  1     0.000000e+00
2097  1     0.000000e+00
2098  1     0.000000e+00
2099  1     0.000000e+00
2100  1     0.000000e+00
2101  1     0.000000e+00
2102  1     0.000000e+00
2103  1     0.000000e+00
2104  1     0.000000e+00
2105  1     0.000000e+00
2214  1     0.000000e+00
2215  1     0.000000e+00
2216  1     0.000000e+00
2217  1     0.000000e+00
2218  1     0.000000e+00
2219  1     0.000000e+00
2220  1     0.000000e+00
2221  1     0.000000e+00
2222  1     0.000000e+00
2331  1     0.000000e+00
2332  1     0.000000e+00
2333  1     0.000000e+00
2334  1     0.000000e+00
2335  1     0.000000e+00
2336  1     0.000000e+00
2337  1     0.000000e+00
2338  1     0.000000e+00
2339  1     0.000000e+00
2448  1     0.000000e+00
2449  1     0.000000e+00
2450  1     0.000000e+00
2451  1     0.000000e+00
2452  1     0.000000e+00
2453  1     0.000000e+00
2454  1     0.000000e+00
2455  1     0.000000e+00
2456  1     0.000000e+00
2565  1     0.000000e+00
2566  1     0.000000e+00
2567  1     0.000000e+00
2568  1     0.000000e+00
2569  1     0.000000e+00
2570  1     0.000000e+00
2571  1     0.000000e+00
2572  1     0.000000e+00
2573  1     0.000000e+00
2682  1     0.000000e+00
2683  1     0.000000e+00
2684  1     0.000000e+00
2685  1     0.000000e+00
2686  1     0.000000e+00
2687  1     0.000000e+00
2688  1     0.000000e+00
2689  1     0.000000e+00
2690  1     0.000000e+00
2799  1     0.000000e+00
2800  1     0.000000e+00
2801  1     0.000000e+00
2802  1     0.000000e+00
2803  1     0.000000e+00
2804  1     0.000000e+00
2805  1     0.000000e+00
2806  1     0.000000e+00
2807  1     0.000000e+00
2916  1     0.000000e+00
2917  1     0.000000e+00
2918  1     0.000000e+00
2919  1     0.000000e+00
2920  1     0.000000e+00
2921  1     0.000000e+00
2922  1     0.000000e+00
2923  1     0.000000e+00
2924  1     0.000000e+00
3033  1     0.000000e+00
3034  1     0.000000e+00
3035  1     0.000000e+00
3036  1     0.000000e+00
3037  1     0.000000e+00
3038  1     0.000000e+00
3039  1     0.000000e+00
3040  1     0.000000e+00
3041  1     0.000000e+00
3150  1     0.000000e+00
3151  1     0.000000e+00
3152  1     0.000000e+00
3153  1     0.000000e+00
3154  1     0.000000e+00
3155  1     0.000000e+00
3156  1     0.000000e+00
3157  1     0.000000e+00
3158  1     0.000000e+00
3267  1     0.000000e+00
3268  1     0.000000e+00
3269  1     0.000000e+00
3270  1     0.000000e+00
3271  1     0.000000e+00
3272  1     0.000000e+00
3273  1     0.000000e+00
3274  1     0.000000e+00
3275  1     0.000000e+00
3384  1     0.000000e+00
3385  1     0.000000e+00
3386  1     0.000000e+00
3387  1     0.000000e+00
3388  1     0.000000e+00
3389  1     0.000000e+00
3390  1     0.000000e+00
3391  1     0.000000e+00
3392  1     0.000000e+00
3501  1     0.000000e+00
3502  1     0.000000e+00
3503  1     0.000000e+00
3504  1     0.000000e+00
3505  1     0.000000e+00
3506  1     0.000000e+00
3507  1     0.000000e+00
3508  1     0.000000e+00
3509  1     0.000000e+00
3618  1     0.000000e+00
3619  1     0.000000e+00
3620  1     0.000000e+00
3621  1     0.000000e+00
3622  1     0.000000e+00
3623  1     0.000000e+00
3624  1     0.000000e+00
3625  1     0.000000e+00
3626  1     0.000000e+00
3735  1     0.000000e+00
3736  1     0.000000e+00
3737  1     0.000000e+00
3738  1     0.000000e+00
3739  1     0.000000e+00
3740  1     0.000000e+00
3741  1     0.000000e+00
3742  1     0.000000e+00
3743  1     0.000000e+00
3852  1     0.000000e+00
3853  1     0.000000e+00
3854  1     0.000000e+00
3855  1     0.000000e+00
3856  1     0.000000e+00
3857  1     0.000000e+00
3858  1     0.000000e+00
3859  1     0.000000e+00
3860  1     0.000000e+00
3969  1     0.000000e+00
3970  1     0.000000e+00
3971  1     0.000000e+00
3972  1     0.000000e+00
3973  1     0.000000e+00
3974  1     0.000000e+00
3975  1     0.000000e+00
3976  1     0.000000e+00
3977  1     0.000000e+00
4086  1     0.000000e+00
4087  1     0.000000e+00
4088  1     0.000000e+00
4089  1     0.000000e+00
4090  1     0.000000e+00
4091  1     0.000000e+00
4092  1     0.000000e+00
4093  1     0.000000e+00
4094  1     0.000000e+00
4203  1     0.000000e+00
4204  1     0.000000e+00
4205  1     0.000000e+00
4206  1     0.000000e+00
4207  1     0.000000e+00
4208  1     0.000000e+00
4209  1     0.000000e+00
4210  1     0.000000e+00
4211  1     0.000000e+00
4320  1     0.000000e+00
4321  1     0.000000e+00
4322  1     0.000000e+00
4323  1     0.000000e+00
4324  1     0.000000e+00
4325  1     0.000000e+00
4326  1     0.000000e+00
4327  1     0.000000e+00
4328  1     0.000000e+00
4437  1     0.000000e+00
4438  1     0.000000e+00
4439  1     0.000000e+00
4440  1     0.000000e+00
4441  1     0.000000e+00
4442  1     0.000000e+00
4443  1     0.000000e+00
4444  1     0.000000e+00
4445  1     0.000000e+00
4554  1     0.000000e+00
4555  1     0.000000e+00
4556  1     0.000000e+00
4557  1     0.000000e+00
4558  1     0.000000e+00
4559  1     0.000000e+00
4560  1     0.000000e+00
4561  1     0.000000e+00
4562  1     0.000000e+00
4671  1     0.000000e+00
4672  1     0.000000e+00
4673  1     0.000000e+00
4674  1     0.000000e+00
4675  1     0.000000e+00
4676  1     0.000000e+00
4677  1     0.000000e+00
4678  1     0.000000e+00
4679  1     0.000000e+00
4788  1     0.000000e+00
4789  1     0.000000e+00
4790  1     0.000000e+00
4791  1     0.000000e+00
4792  1     0.000000e+00
4793  1     0.000000e+00
4794  1     0.000000e+00
4795  1     0.000000e+00
4796  1     0.000000e+00
4905  1     0.000000e+00
4906  1     0.000000e+00
4907  1     0.000000e+00
4908  1     0.000000e+00
4909  1     0.000000e+00
4910  1     0.000000e+00
4911  1     0.000000e+00
4912  1     0.000000e+00
4913  1     0.000000e+00
4914  1     0.000000e+00
4915  1     0.000000e+00
4916  1     0.000000e+00
4917  1     0.000000e+00
4918  1     0.000000e+00
4919  1     0.000000e+00
4920  1     0.000000e+00
4921  1     0.000000e+00
4922  1     0.000000e+00
4923  1     0.000000e+00
4924  1     0.000000e+00
4925  1     0.000000e+00
4926  1     0.000000e+00
4927  1     0.000000e+00
4928  1     0.000000e+00
4929  1     0.000000e+00
4930  1     0.000000e+00
4931  1     0.000000e+00
4932  1     0.000000e+00
4933  1     0.000000e+00
4934  1     0.000000e+00
4935  1     0.000000e+00
4936  1     0.000000e+00
4937  1     0.000000e+00
4938  1     0.000000e+00
4939  1     0.000000e+00
4940  1     0.000000e+00
4941  1     0.000000e+00
4942  1     0.000000e+00
4943  1     0.000000e+00
4944  1     0.000000e+00
4945  1     0.000000e+00
4946  1     0.000000e+00
4947  1     0.000000e+00
4948  1     0.000000e+00
4949  1     0.000000e+00
4950  1     0.000000e+00
4951  1     0.000000e+00
4952  1     0.000000e+00
4953  1     0.000000e+00
4954  1     0.000000e+00
4955  1     0.000000e+00
4956  1     0.000000e+00
4957  1     0.000000e+00
4958  1     0.000000e+00
4959  1     0.000000e+00
4960  1     0.000000e+00
4961  1     0.000000e+00
4962  1     0.000000e+00
4963  1     0.000000e+00
4964  1     0.000000e+00
4965  1     0.000000e+00
4966  1     0.000000e+00
4967  1     0.000000e+00
4968  1     0.000000e+00
4969  1     0.000000e+00
4970  1     0.000000e+00
4971  1     0.000000e+00
4972  1     0.000000e+00
4973  1     0.000000e+00
4974  1     0.000000e+00
4975  1     0.000000e+00
4976  1     0.000000e+00
4977  1     0.000000e+00
4978  1     0.000000e+00
4979  1     0.000000e+00
4980  1     0.000000e+00
4981  1     0.000000e+00
4982  1     0.000000e+00
4983  1     0.000000e+00
4984  1     0.000000e+00
4985  1     0.000000e+00
4986  1     0.000000e+00
4987  1     0.000000e+00
4988  1     0.000000e+00
4989  1     0.000000e+00
4990  1     0.000000e+00
4991  1     0.000000e+00
4992  1     0.000000e+00
4993  1     0.000000e+00
4994  1     0.000000e+00
4995  1     0.000000e+00
4996  1     0.000000e+00
4997  1     0.000000e+00
4998  1     0.000000e+00
4999  1     0.000000e+00
5000  1     0.000000e+00
5001  1     0.000000e+00
5002  1     0.000000e+00
5003  1     0.000000e+00
5004  1     0.000000e+00
5005  1     0.000000e+00
5006  1     0.000000e+00
5007  1     0.000000e+00
5008  1     0.000000e+00
5009  1     0.000000e+00
5010  1     0.000000e+00
5011  1     0.000000e+00
5012  1     0.000000e+00
5013  1     0.000000e+00
5014  1     0.000000e+00
5015  1     0.000000e+00
5016  1     0.000000e+00
5017  1     0.000000e+00
5018  1     0.000000e+00
5019  1     0.000000e+00
5020  1     0.000000e+00
5021  1     0.000000e+00
5022  1     0.000000e+00
5023  1     0.000000e+00
5024  1     0.000000e+00
5025  1     0.000000e+00
5026  1     0.000000e+00
5027  1     0.000000e+00
5028  1     0.000000e+00
5029  1     0.000000e+00
5030  1     0.000000e+00
0     2     0.000000e+00
1     2     0.000000e+00
2     2     0.000000e+00
3     2     0.000000e+00
4     2     0.000000e+00
5     2     0.000000e+00
6     2     0.000000e+00
7     2     0.000000e+00
8     2     0.000000e+00
9     2     0.000000e+00
10    2     0.000000e+00
11    2     0.000000e+00
12    2     0.000000e+00
13    2     0.000000e+00
14    2     0.000000e+00
15    2     0.000000e+00
16    2     0.000000e+00
17    2     0.000000e+00
18    2     0.000000e+00
19    2     0.000000e+00
20    2     0.000000e+00
21    2     0.000000e+00
22    2     0.000000e+00
23    2     0.000000e+00
24    2     0.000000e+00
25    2     0.000000e+00
26    2     0.000000e+00
27    2     0.000000e+00
28    2     0.000000e+00
29    2     0.000000e+00
30    2     0.000000e+00
31    2     0.000000e+00
32    2     0.000000e+00
33    2     0.000000e+00
34    2     0.000000e+00
35    2     0.000000e+00
36    2     0.000000e+00
37    2     0.000000e+00
38    2     0.000000e+00
39    2     0.000000e+00
40    2     0.000000e+00
41    2     0.000000e+00
42    2     0.000000e+00
43    2     0.000000e+00
44    2     0.000000e+00
45    2     0.000000e+00
46    2     0.000000e+00
47    2     0.000000e+00
48    2     0.000000e+00
49    2     0.000000e+00
50    2     0.000000e+00
51    2     0.000000e+00
52    2     0.000000e+00
53    2     0.000000e+00
54    2     0.000000e+00
55    2     0.000000e+00
56    2     0.000000e+00
57    2     0.000000e+00
58    2     0.000000e+00
59    2     0.000000e+00
60    2     0.000000e+00
61    2     0.000000e+00
62    2     0.000000e+00
63    2     0.000000e+00
64    2     0.000000e+00
65    2     0.000000e+00
66    2     0.000000e+00
67    2     0.000000e+00
68    2     0.000000e+00
69    2     0.000000e+00
70    2     0.000000e+00
71    2     0.000000e+00
72    2     0.000000e+00
73    2     0.000000e+00
74    2     0.000000e+00
75    2     0.000000e+00
76    2     0.000000e+00
77    2     0.000000e+00
78    2     0.000000e+00
79    2     0.000000e+00
80    2     0.000000e+00
81    2     0.000000e+00
82    2     0.000000e+00
83    2     0.000000e+00
84    2     0.000000e+00
85    2     0.000000e+00
86    2     0.000000e+00
87    2     0.000000e+00
88    2     0.000000e+00
89    2     0.000000e+00
90    2     0.000000e+00
91    2     0.000000e+00
92    2     0.000000e+00
93    2     0.000000e+00
94    2     0.000000e+00
95    2     0.000000e+00
96    2     0.000000e+00
97    2     0.000000e+00
98    2     0.000000e+00
99    2     0.000000e+00
100   2     0.000000e+00
101   2     0.000000e+00
102   2     0.000000e+00
103   2     0.000000e+00
104   2     0.000000e+00
105   2     0.000000e+00
106   2     0.000000e+00
107   2     0.000000e+00
108   2     0.000000e+00
109   2     0.000000e+00
110   2     0.000000e+00
111   2     0.000000e+00
112   2     0.000000e+00
113   2     0.000000e+00
114   2     0.000000e+00
115   2     0.000000e+00
116   2     0.000000e+00
225   2     0.000000e+00
226   2     0.000000e+00
227   2     0.000000e+00
228   2     0.000000e+00
229   2     0.000000e+00
230   2     0.000000e+00
231   2     0.000000e+00
232   2     0.000000e+00
233   2     0.000000e+00
342   2     0.000000e+00
343   2     0.000000e+00
344   2     0.000000e+00
345   2     0.000000e+00
346   2     0.000000e+00
347   2     0.000000e+00
348   2     0.000000e+00
349   2     0.000000e+00
350   2     0.000000e+00
459   2     0.000000e+00
460   2     0.000000e+00
461   2     0.000000e+00
462   2     0.000000e+00
463   2     0.000000e+00
464   2     0.000000e+00
465   2     0.000000e+00
466   2     0.000000e+00
467   2     0.000000e+00
576   2     0.000000e+00
577   2     0.000000e+00
578   2     0.000000e+00
579   2     0.000000e+00
580   2     0.000000e+00
581   2     0.000000e+00
582   2     0.000000e+00
583   2     0.000000e+00
584   2     0.000000e+00
693   2     0.000000e+00
694   2     0.000000e+00
695   2     0.000000e+00
696   2     0.000000e+00
697   2     0.000000e+00
698   2     0.000000e+00
699   2     0.000000e+00
700   2     0.000000e+00
701   2     0.000000e+00
810   2     0.000000e+00
811   2     0.000000e+00
812   2     0.000000e+00
813   2     0.000000e+00
814   2     0.000000e+00
815   2     0.000000e+00
816   2     0.000000e+00
817   2     0.000000e+00
818   2     0.000000e+00
927   2     0.000000e+00
928   2     0.000000e+00
929   2     0.000000e+00
930   2     0.000000e+00
931   2     0.000000e+00
932   2     0.000000e+00
933   2     0.000000e+00
934   2     0.000000e+00
935   2     0.000000e+00
1044  2     0.000000e+00
1045  2     0.000000e+00
1046  2     0.000000e+00
1047  2     0.000000e+00
1048  2     0.000000e+00
1049  2     0.000000e+00
1050  2     0.000000e+00
1051  2     0.000000e+00
1052  2     0.000000e+00
1161  2     0.000000e+00
1162  2     0.000000e+00
1163  2     0.000000e+00
1164  2     0.000000e+00
1165  2     0.000000e+00
1166  2     0.000000e+00
1167  2     0.000000e+00
1168  2     0.000000e+00
1169  2     0.000000e+00
1278  2     0.000000e+00
1279  2     0.000000e+00
1280  2     0.000000e+00
1281  2     0.000000e+00
1282  2     0.000000e+00
1283  2     0.000000e+00
1284  2     0.000000e+00
1285  2     0.000000e+00
1286  2     0.000000e+00
1395  2     0.000000e+00
1396  2     0.000000e+00
1397  2     0.000000e+00
1398  2     0.000000e+00
1399  2     0.000000e+00
1400  2     0.000000e+00
1401  2     0.000000e+00
1402  2     0.000000e+00
1403  2     0.000000e+00
1512  2     0.000000e+00
1513  2     0.000000e+00
1514  2     0.000000e+00
1515  2     0.000000e+00
1516  2     0.000000e+00
1517  2     0.000000e+00
1518  2     0.000000e+00
1519  2     0.000000e+00
1520  2     0.000000e+00
1629  2     0.000000e+00
1630  2     0.000000e+00
1631  2     0.000000e+00
1632  2     0.000000e+00
1633  2     0.000000e+00
1634  2     0.000000e+00
1635  2     0.000000e+00
1636  2     0.000000e+00
1637  2     0.000000e+00
1746  2     0.000000e+00
1747  2     0.000000e+00
1748  2     0.000000e+00
1749  2     0.000000e+00
1750  2     0.000000e+00
1751  2     0.000000e+00
1752  2     0.000000e+00
1753  2     0.000000e+00
1754  2     0.000000e+00
1863  2     0.000000e+00
1864  2     0.000000e+00
1865  2     0.000000e+00
1866  2     0.000000e+00
1867  2     0.000000e+00
1868  2     0.000000e+00
1869  2     0.000000e+00
1870  2     0.000000e+00
1871  2     0.000000e+00
1980  2     0.000000e+00
1981  2     0.000000e+00
1982  2     0.000000e+00
1983  2     0.000000e+00
1984  2     0.000000e+00
1985  2     0.000000e+00
1986  2     0.000000e+00
1987  2     0.000000e+00
1988  2     0.000000e+00
2097  2     0.000000e+00
2098  2     0.000000e+00
2099  2     0.000000e+00
2100  2     0.000000e+00
2101  2     0.000000e+00
2102  2     0.000000e+00
2103  2     0.000000e+00
2104  2     0.000000e+00
2105  2     0.000000e+00
2214  2     0.000000e+00
2215  2     0.000000e+00
2216  2     0.000000e+00
2217  2     0.000000e+00
2218  2     0.000000e+00
2219  2     0.000000e+00
2220  2     0.000000e+00
2221  2     0.000000e+00
2222  2     0.000000e+00
2331  2     0.000000e+00
2332  2     0.000000e+00
2333  2     0.000000e+00
2334  2     0.000000e+00
2335  2     0.000000e+00
2336  2     0.000000e+00
2337  2     0.000000e+00
2338  2     0.000000e+00
2339  2     0.000000e+00
2448  2     0.000000e+00
2449  2     0.000000e+00
2450  2     0.000000e+00
2451  2     0.000000e+00
2452  2     0.000000e+00
2453  2     0.000000e+00
2454  2     0.000000e+00
2455  2     0.000000e+00
2456  2     0.000000e+00
2565  2     0.000000e+00
2566  2     0.000000e+00
2567  2     0.000000e+00
2568  2     0.000000e+00
2569  2     0.000000e+00
2570  2     0.000000e+00
2571  2     0.000000e+00
2572  2     0.000000e+00
2573  2     0.000000e+00
2682  2     0.000000e+00
2683  2     0.000000e+00
2684  2     0.000000e+00
2685  2     0.000000e+00
2686  2     0.000000e+00
2687  2     0.000000e+00
2688  2     0.000000e+00
2689  2     0.000000e+00
2690  2     0.000000e+00
2799  2     0.000000e+00
2800  2     0.000000e+00
2801  2     0.000000e+00
2802  2     0.000000e+00
2803  2     0.000000e+00
2804  2     0.000000e+00
2805  2     0.000000e+00
2806  2     0.000000e+00
2807  2     0.000000e+00
2916  2     0.000000e+00
2917  2     0.000000e+00
2918  2     0.000000e+00
2919  2     0.000000e+00
2920  2     0.000000e+00
2921  2     0.000000e+00
2922  2     0.000000e+00
2923  2     0.000000e+00
2924  2     0.000000e+00
3033  2     0.000000e+00
3034  2     0.000000e+00
3035  2     0.000000e+00
3036  2     0.000000e+00
3037  2     0.000000e+00
3038  2     0.000000e+00
3039  2     0.000000e+00
3040  2     0.000000e+00
3041  2     0.000000e+00
3150  2     0.000000e+00
3151  2     0.000000e+00
3152  2     0.000000e+00
3153  2     0.000000e+00
3154  2     0.000000e+00
3155  2     0.000000e+00
3156  2     0.000000e+00
3157  2     0.000000e+00
3158  2     0.000000e+00
3267  2     0.000000e+00
3268  2     0.000000e+00
3269  2     0.000000e+00
3270  2     0.000000e+00
3271  2     0.000000e+00
3272  2     0.000000e+00
3273  2     0.000000e+00
3274  2     0.000000e+00
3275  2     0.000000e+00
3384  2     0.000000e+00
3385  2     0.000000e+00
3386  2     0.000000e+00
3387  2     0.000000e+00
3388  2     0.000000e+00
3389  2     0.000000e+00
3390  2     0.000000e+00
3391  2     0.000000e+00
3392  2     0.000000e+00
3501  2     0.000000e+00
3502  2     0.000000e+00
3503  2     0.000000e+00
3504  2     0.000000e+00
3505  2     0.000000e+00
3506  2     0.000000e+00
3507  2     0.000000e+00
3508  2     0.000000e+00
3509  2     0.000000e+00
3618  2     0.000000e+00
3619  2     0.000000e+00
3620  2     0.000000e+00
3621  2     0.000000e+00
3622  2     0.000000e+00
3623  2     0.000000e+00
3624  2     0.000000e+00
3625  2     0.000000e+00
3626  2     0.000000e+00
3735  2     0.000000e+00
3736  2     0.000000e+00
3737  2     0.000000e+00
3738  2     0.000000e+00
3739  2     0.000000e+00
3740  2     0.000000e+00
3741  2     0.000000e+00
3742  2     0.000000e+00
3743  2     0.000000e+00
3852  2     0.000000e+00
3853  2     0.000000e+00
3854  2     0.000000e+00
3855  2     0.000000e+00
3856  2     0.000000e+00
3857  2     0.000000e+00
3858  2     0.000000e+00
3859  2     0.000000e+00
3860  2     0.000000e+00
3969  2     0.000000e+00
3970  2     0.000000e+00
3971  2     0.000000e+00
3972  2     0.000000e+00
3973  2     0.000000e+00
3974  2     0.000000e+00
3975  2     0.000000e+00
3976  2     0.000000e+00
3977  2     0.000000e+00
4086  2     0.000000e+00
4087  2     0.000000e+00
4088  2     0.000000e+00
4089  2     0.000000e+00
4090  2     0.000000e+00
4091  2     0.000000e+00
4092  2     0.000000e+00
4093  2     0.000000e+00
4094  2     0.000000e+00
4203  2     0.000000e+00
4204  2     0.000000e+00
4205  2     0.000000e+00
4206  2     0.000000e+00
4207  2     0.000000e+00
4208  2     0.000000e+00
4209  2     0.000000e+00
4210  2     0.000000e+00
4211  2     0.000000e+00
4320  2     0.000000e+00
4321  2     0.000000e+00
4322  2     0.000000e+00
4323  2     0.000000e+00
4324  2     0.000000e+00
4325  2     0.000000e+00
4326  2     0.000000e+00
4327  2     0.000000e+00
4328  2     0.000000e+00
4437  2     0.000000e+00
4438  2     0.000000e+00
4439  2     0.000000e+00
4440  2     0.000000e+00
4441  2     0.000000e+00
4442  2     0.000000e+00
4443  2     0.000000e+00
4444  2     0.000000e+00
4445  2     0.000000e+00
4554  2     0.000000e+00
4555  2     0.000000e+00
4556  2     0.000000e+00
4557  2     0.000000e+00
4558  2     0.000000e+00
4559  2     0.000000e+00
4560  2     0.000000e+00
4561  2     0.000000e+00
4562  2     0.000000e+00
4671  2     0.000000e+00
4672  2     0.000000e+00
4673  2     0.000000e+00
4674  2     0.000000e+00
4675  2     0.000000e+00
4676  2     0.000000e+00
4677  2     0.000000e+00
4678  2     0.000000e+00
4679  2     0.000000e+00
4788  2     0.000000e+00
4789  2     0.000000e+00
4790  2     0.000000e+00
4791  2     0.000000e+00
4792  2     0.000000e+00
4793  2     0.000000e+00
4794  2     0.000000e+00
4795  2     0.000000e+00
4796  2     0.000000e+00
4905  2     0.000000e+00
4906  2     0.000000e+00
4907  2     0.000000e+00
4908  2     0.000000e+00
4909  2     0.000000e+00
4910  2     0.000000e+00
4911  2     0.000000e+00
4912  2     0.000000e+00
4913  2     0.000000e+00
5022  2     0.000000e+00
5023  2     0.000000e+00
5024  2     0.000000e+00
5025  2     0.000000e+00
5026  2     0.000000e+00
5027  2     0.000000e+00
5028  2     0.000000e+00
5029  2     0.000000e+00
5030  2     0.000000e+00

