3

200000  3.000000e-01

1

1456

3     3     3

11    12    30

7     8     26

0     1     2     3     4     5     6     7     8     9     10    11    12    13    14    15    16    17    18    19    20    21    22    23    24    25    26    27    28    29    30    31    32    33    34    35    36    37    38    39    40    41    42    43    44    45    46    47    48    49    50    51    52    53    54    55    56    57    58    59    60    61    62    63    64    65    66    67    68    69    70    71    72    73    74    75    76    77    78    79    80    81    82    83    84    85    86    87    88    89    90    91    92    93    94    95    96    97    98    99    100   101   102   103   104   105   106   107   108   109   110   111   112   113   114   115   116   117   118   119   120   121   122   123   124   125   126   127   128   129   130   131   132   133   134   135   136   137   138   139   140   141   142   143   144   145   146   147   148   149   150   151   152   153   154   155   156   157   158   159   160   161   162   163   164   165   166   167   168   169   170   171   172   173   174   175   176   177   178   179   180   181   182   183   184   185   186   187   188   189   190   191   192   193   194   195   196   197   198   199   200   201   202   203   204   205   206   207   208   209   210   211   212   213   214   215   216   217   218   219   220   221   222   223   224   225   226   227   228   229   230   231   232   233   234   235   236   237   238   239   240   241   242   243   244   245   246   247   248   249   250   251   252   253   254   255   256   257   258   259   260   261   262   263   264   265   266   267   268   269   270   271   272   273   274   275   276   277   278   279   280   281   282   283   284   285   286   287   288   289   290   291   292   293   294   295   296   297   298   299   300   301   302   303   304   305   306   307   308   309   310   311   312   313   314   315   316   317   318   319   320   321   322   323   324   325   326   327   328   329   330   331   332   333   334   335   336   337   338   339   340   341   342   343   344   345   346   347   348   349   350   351   352   353   354   355   356   357   358   359   360   361   362   363   364   365   366   367   368   369   370   371   372   373   374   375   376   377   378   379   380   381   382   383   384   385   386   387   388   389   390   391   392   393   394   395   396   397   398   399   400   401   402   403   404   405   406   407   408   409   410   411   412   413   414   415   416   417   418   419   420   421   422   423   424   425   426   427   428   429   430   431   432   433   434   435   436   437   438   439   440   441   442   443   444   445   446   447   448   449   450   451   452   453   454   455   456   457   458   459   460   461   462   463   464   465   466   467   468   469   470   471   472   473   474   475   476   477   478   479   480   481   482   483   484   485   486   487   488   489   490   491   492   493   494   495   496   497   498   499   500   501   502   503   504   505   506   507   508   509   510   511   512   513   514   515   516   517   518   519   520   521   522   523   524   525   526   527   528   529   530   531   532   533   534   535   536   537   538   539   540   541   542   543   544   545   546   547   548   549   550   551   552   553   554   555   556   557   558   559   560   561   562   563   564   565   566   567   568   569   570   571   572   573   574   575   576   577   578   579   580   581   582   583   584   585   586   587   588   589   590   591   592   593   594   595   596   597   598   599   600   601   602   603   604   605   606   607   608   609   610   611   612   613   614   615   616   617   618   619   620   621   622   623   624   625   626   627   628   629   630   631   632   633   634   635   636   637   638   639   640   641   642   643   644   645   646   647   648   649   650   651   652   653   654   655   656   657   658   659   660   661   662   663   664   665   666   667   668   669   670   671   672   673   674   675   676   677   678   679   680   681   682   683   684   685   686   687   688   689   690   691   692   693   694   695   696   697   698   699   700   701   702   703   704   705   706   707   708   709   710   711   712   713   714   715   716   717   718   719   720   721   722   723   724   725   726   727   728   729   730   731   732   733   734   735   736   737   738   739   740   741   742   743   744   745   746   747   748   749   750   751   752   753   754   755   756   757   758   759   760   761   762   763   764   765   766   767   768   769   770   771   772   773   774   775   776   777   778   779   780   781   782   783   784   785   786   787   788   789   790   791   792   793   794   795   796   797   798   799   800   801   802   803   804   805   806   807   808   809   810   811   812   813   814   815   816   817   818   819   820   821   822   823   824   825   826   827   828   829   830   831   832   833   834   835   836   837   838   839   840   841   842   843   844   845   846   847   848   849   850   851   852   853   854   855   856   857   858   859   860   861   862   863   864   865   866   867   868   869   870   871   872   873   874   875   876   877   878   879   880   881   882   883   884   885   886   887   888   889   890   891   892   893   894   895   896   897   898   899   900   901   902   903   904   905   906   907   908   909   910   911   912   913   914   915   916   917   918   919   920   921   922   923   924   925   926   927   928   929   930   931   932   933   934   935   936   937   938   939   940   941   942   943   944   945   946   947   948   949   950   951   952   953   954   955   956   957   958   959   960   961   962   963   964   965   966   967   968   969   970   971   972   973   974   975   976   977   978   979   980   981   982   983   984   985   986   987   988   989   990   991   992   993   994   995   996   997   998   999   1000  1001  1002  1003  1004  1005  1006  1007  1008  1009  1010  1011  1012  1013  1014  1015  1016  1017  1018  1019  1020  1021  1022  1023  1024  1025  1026  1027  1028  1029  1030  1031  1032  1033  1034  1035  1036  1037  1038  1039  1040  1041  1042  1043  1044  1045  1046  1047  1048  1049  1050  1051  1052  1053  1054  1055  1056  1057  1058  1059  1060  1061  1062  1063  1064  1065  1066  1067  1068  1069  1070  1071  1072  1073  1074  1075  1076  1077  1078  1079  1080  1081  1082  1083  1084  1085  1086  1087  1088  1089  1090  1091  1092  1093  1094  1095  1096  1097  1098  1099  1100  1101  1102  1103  1104  1105  1106  1107  1108  1109  1110  1111  1112  1113  1114  1115  1116  1117  1118  1119  1120  1121  1122  1123  1124  1125  1126  1127  1128  1129  1130  1131  1132  1133  1134  1135  1136  1137  1138  1139  1140  1141  1142  1143  1144  1145  1146  1147  1148  1149  1150  1151  1152  1153  1154  1155  1156  1157  1158  1159  1160  1161  1162  1163  1164  1165  1166  1167  1168  1169  1170  1171  1172  1173  1174  1175  1176  1177  1178  1179  1180  1181  1182  1183  1184  1185  1186  1187  1188  1189  1190  1191  1192  1193  1194  1195  1196  1197  1198  1199  1200  1201  1202  1203  1204  1205  1206  1207  1208  1209  1210  1211  1212  1213  1214  1215  1216  1217  1218  1219  1220  1221  1222  1223  1224  1225  1226  1227  1228  1229  1230  1231  1232  1233  1234  1235  1236  1237  1238  1239  1240  1241  1242  1243  1244  1245  1246  1247  1248  1249  1250  1251  1252  1253  1254  1255  1256  1257  1258  1259  1260  1261  1262  1263  1264  1265  1266  1267  1268  1269  1270  1271  1272  1273  1274  1275  1276  1277  1278  1279  1280  1281  1282  1283  1284  1285  1286  1287  1288  1289  1290  1291  1292  1293  1294  1295  1296  1297  1298  1299  1300  1301  1302  1303  1304  1305  1306  1307  1308  1309  1310  1311  1312  1313  1314  1315  1316  1317  1318  1319  1320  1321  1322  1323  1324  1325  1326  1327  1328  1329  1330  1331  1332  1333  1334  1335  1336  1337  1338  1339  1340  1341  1342  1343  1344  1345  1346  1347  1348  1349  1350  1351  1352  1353  1354  1355  1356  1357  1358  1359  1360  1361  1362  1363  1364  1365  1366  1367  1368  1369  1370  1371  1372  1373  1374  1375  1376  1377  1378  1379  1380  1381  1382  1383  1384  1385  1386  1387  1388  1389  1390  1391  1392  1393  1394  1395  1396  1397  1398  1399  1400  1401  1402  1403  1404  1405  1406  1407  1408  1409  1410  1411  1412  1413  1414  1415  1416  1417  1418  1419  1420  1421  1422  1423  1424  1425  1426  1427  1428  1429  1430  1431  1432  1433  1434  1435  1436  1437  1438  1439  1440  1441  1442  1443  1444  1445  1446  1447  1448  1449  1450  1451  1452  1453  1454  1455

0     0     0

0.0000000000000000e+00  0.0000000000000000e+00  0.0000000000000000e+00  0.0000000000000000e+00  2.5000000000000000e-01  5.0000000000000000e-01  7.5000000000000000e-01  1.0000000000000000e+00  1.0000000000000000e+00  1.0000000000000000e+00  1.0000000000000000e+00
0.0000000000000000e+00  0.0000000000000000e+00  0.0000000000000000e+00  0.0000000000000000e+00  2.0000000000000001e-01  4.0000000000000002e-01  5.9999999999999998e-01  8.0000000000000004e-01  1.0000000000000000e+00  1.0000000000000000e+00  1.0000000000000000e+00  1.0000000000000000e+00
0.0000000000000000e+00  0.0000000000000000e+00  0.0000000000000000e+00  0.0000000000000000e+00  4.3478260869565216e-02  8.6956521739130432e-02  1.3043478260869565e-01  1.7391304347826086e-01  2.1739130434782608e-01  2.6086956521739130e-01  3.0434782608695654e-01  3.4782608695652173e-01  3.9130434782608697e-01  4.3478260869565216e-01  4.7826086956521741e-01  5.2173913043478259e-01  5.6521739130434778e-01  6.0869565217391308e-01  6.5217391304347827e-01  6.9565217391304346e-01  7.3913043478260865e-01  7.8260869565217395e-01  8.2608695652173914e-01  8.6956521739130432e-01  9.1304347826086951e-01  9.5652173913043481e-01  1.0000000000000000e+00  1.0000000000000000e+00  1.0000000000000000e+00  1.0000000000000000e+00

0      0.0000000000000000e+00  2.0000000000000000e+00  0.0000000000000000e+00  1.0000000000000000e+00
1      8.3333333333333343e-02  2.0000000000000000e+00  0.0000000000000000e+00  1.0000000000000000e+00
2      2.5000000000000000e-01  2.0000000000000000e+00  0.0000000000000000e+00  1.0000000000000000e+00
3      5.0000000000000000e-01  2.0000000000000000e+00  0.0000000000000000e+00  1.0000000000000000e+00
4      7.5000000000000000e-01  2.0000000000000000e+00  0.0000000000000000e+00  1.0000000000000000e+00
5      9.1666666666666674e-01  2.0000000000000000e+00  0.0000000000000000e+00  1.0000000000000000e+00
6      1.0000000000000000e+00  2.0000000000000000e+00  0.0000000000000000e+00  1.0000000000000000e+00
7      0.0000000000000000e+00  2.0666666666666669e+00  0.0000000000000000e+00  1.0000000000000000e+00
8      8.3333333333333343e-02  2.0666666666666669e+00  0.0000000000000000e+00  1.0000000000000000e+00
9      2.5000000000000000e-01  2.0666666666666669e+00  0.0000000000000000e+00  1.0000000000000000e+00
10     5.0000000000000000e-01  2.0666666666666669e+00  0.0000000000000000e+00  1.0000000000000000e+00
11     7.5000000000000011e-01  2.0666666666666669e+00  0.0000000000000000e+00  1.0000000000000000e+00
12     9.1666666666666674e-01  2.0666666666666669e+00  0.0000000000000000e+00  1.0000000000000000e+00
13     1.0000000000000000e+00  2.0666666666666669e+00  0.0000000000000000e+00  1.0000000000000000e+00
14     0.0000000000000000e+00  2.2000000000000002e+00  0.0000000000000000e+00  1.0000000000000000e+00
15     8.3333333333333343e-02  2.2000000000000002e+00  0.0000000000000000e+00  1.0000000000000000e+00
16     2.5000000000000000e-01  2.2000000000000002e+00  0.0000000000000000e+00  1.0000000000000000e+00
17     5.0000000000000000e-01  2.2000000000000002e+00  0.0000000000000000e+00  1.0000000000000000e+00
18     7.5000000000000011e-01  2.2000000000000002e+00  0.0000000000000000e+00  1.0000000000000000e+00
19     9.1666666666666685e-01  2.2000000000000002e+00  0.0000000000000000e+00  1.0000000000000000e+00
20     1.0000000000000000e+00  2.2000000000000002e+00  0.0000000000000000e+00  1.0000000000000000e+00
21     0.0000000000000000e+00  2.4000000000000004e+00  0.0000000000000000e+00  1.0000000000000000e+00
22     8.3333333333333356e-02  2.4000000000000004e+00  0.0000000000000000e+00  1.0000000000000000e+00
23     2.5000000000000000e-01  2.4000000000000004e+00  0.0000000000000000e+00  1.0000000000000000e+00
24     5.0000000000000000e-01  2.4000000000000004e+00  0.0000000000000000e+00  1.0000000000000000e+00
25     7.5000000000000011e-01  2.4000000000000004e+00  0.0000000000000000e+00  1.0000000000000000e+00
26     9.1666666666666674e-01  2.4000000000000004e+00  0.0000000000000000e+00  1.0000000000000000e+00
27     1.0000000000000000e+00  2.4000000000000004e+00  0.0000000000000000e+00  1.0000000000000000e+00
28     0.0000000000000000e+00  2.6000000000000001e+00  0.0000000000000000e+00  1.0000000000000000e+00
29     8.3333333333333343e-02  2.6000000000000001e+00  0.0000000000000000e+00  1.0000000000000000e+00
30     2.5000000000000000e-01  2.6000000000000001e+00  0.0000000000000000e+00  1.0000000000000000e+00
31     5.0000000000000000e-01  2.6000000000000001e+00  0.0000000000000000e+00  1.0000000000000000e+00
32     7.5000000000000000e-01  2.6000000000000001e+00  0.0000000000000000e+00  1.0000000000000000e+00
33     9.1666666666666674e-01  2.6000000000000001e+00  0.0000000000000000e+00  1.0000000000000000e+00
34     1.0000000000000000e+00  2.6000000000000001e+00  0.0000000000000000e+00  1.0000000000000000e+00
35     0.0000000000000000e+00  2.7999999999999998e+00  0.0000000000000000e+00  1.0000000000000000e+00
36     8.3333333333333343e-02  2.7999999999999998e+00  0.0000000000000000e+00  1.0000000000000000e+00
37     2.5000000000000000e-01  2.7999999999999998e+00  0.0000000000000000e+00  1.0000000000000000e+00
38     5.0000000000000000e-01  2.7999999999999998e+00  0.0000000000000000e+00  1.0000000000000000e+00
39     7.5000000000000000e-01  2.7999999999999998e+00  0.0000000000000000e+00  1.0000000000000000e+00
40     9.1666666666666674e-01  2.7999999999999998e+00  0.0000000000000000e+00  1.0000000000000000e+00
41     1.0000000000000000e+00  2.7999999999999998e+00  0.0000000000000000e+00  1.0000000000000000e+00
42     0.0000000000000000e+00  2.9333333333333336e+00  0.0000000000000000e+00  1.0000000000000000e+00
43     8.3333333333333343e-02  2.9333333333333336e+00  0.0000000000000000e+00  1.0000000000000000e+00
44     2.5000000000000000e-01  2.9333333333333336e+00  0.0000000000000000e+00  1.0000000000000000e+00
45     5.0000000000000000e-01  2.9333333333333336e+00  0.0000000000000000e+00  1.0000000000000000e+00
46     7.5000000000000000e-01  2.9333333333333336e+00  0.0000000000000000e+00  1.0000000000000000e+00
47     9.1666666666666674e-01  2.9333333333333336e+00  0.0000000000000000e+00  1.0000000000000000e+00
48     1.0000000000000000e+00  2.9333333333333336e+00  0.0000000000000000e+00  1.0000000000000000e+00
49     0.0000000000000000e+00  3.0000000000000000e+00  0.0000000000000000e+00  1.0000000000000000e+00
50     8.3333333333333343e-02  3.0000000000000000e+00  0.0000000000000000e+00  1.0000000000000000e+00
51     2.5000000000000000e-01  3.0000000000000000e+00  0.0000000000000000e+00  1.0000000000000000e+00
52     5.0000000000000000e-01  3.0000000000000000e+00  0.0000000000000000e+00  1.0000000000000000e+00
53     7.5000000000000000e-01  3.0000000000000000e+00  0.0000000000000000e+00  1.0000000000000000e+00
54     9.1666666666666674e-01  3.0000000000000000e+00  0.0000000000000000e+00  1.0000000000000000e+00
55     1.0000000000000000e+00  3.0000000000000000e+00  0.0000000000000000e+00  1.0000000000000000e+00
56     0.0000000000000000e+00  2.0000000000000000e+00  4.1342682718519000e-02  9.9151034148366812e-01
57     8.3333333333333329e-02  2.0000000000000000e+00  4.1342682718519000e-02  9.9151034148366812e-01
58     2.5000000000000000e-01  2.0000000000000000e+00  4.1342682718519000e-02  9.9151034148366812e-01
59     5.0000000000000000e-01  2.0000000000000000e+00  4.1342682718519000e-02  9.9151034148366812e-01
60     7.5000000000000011e-01  2.0000000000000000e+00  4.1342682718519000e-02  9.9151034148366812e-01
61     9.1666666666666674e-01  2.0000000000000000e+00  4.1342682718519000e-02  9.9151034148366812e-01
62     1.0000000000000000e+00  2.0000000000000000e+00  4.1342682718519000e-02  9.9151034148366812e-01
63     0.0000000000000000e+00  2.0666666666666669e+00  4.2720772142469637e-02  9.9151034148366812e-01
64     8.3333333333333329e-02  2.0666666666666669e+00  4.2720772142469637e-02  9.9151034148366812e-01
65     2.5000000000000000e-01  2.0666666666666669e+00  4.2720772142469637e-02  9.9151034148366812e-01
66     5.0000000000000000e-01  2.0666666666666669e+00  4.2720772142469637e-02  9.9151034148366812e-01
67     7.5000000000000011e-01  2.0666666666666669e+00  4.2720772142469637e-02  9.9151034148366812e-01
68     9.1666666666666674e-01  2.0666666666666669e+00  4.2720772142469637e-02  9.9151034148366812e-01
69     1.0000000000000000e+00  2.0666666666666669e+00  4.2720772142469637e-02  9.9151034148366812e-01
70     0.0000000000000000e+00  2.1999999999999997e+00  4.5476950990370905e-02  9.9151034148366812e-01
71     8.3333333333333329e-02  2.1999999999999997e+00  4.5476950990370905e-02  9.9151034148366812e-01
72     2.5000000000000000e-01  2.1999999999999997e+00  4.5476950990370905e-02  9.9151034148366812e-01
73     5.0000000000000000e-01  2.1999999999999997e+00  4.5476950990370905e-02  9.9151034148366812e-01
74     7.5000000000000011e-01  2.1999999999999997e+00  4.5476950990370905e-02  9.9151034148366812e-01
75     9.1666666666666685e-01  2.1999999999999997e+00  4.5476950990370905e-02  9.9151034148366812e-01
76     1.0000000000000000e+00  2.1999999999999997e+00  4.5476950990370905e-02  9.9151034148366812e-01
77     0.0000000000000000e+00  2.4000000000000004e+00  4.9611219262222804e-02  9.9151034148366812e-01
78     8.3333333333333343e-02  2.4000000000000004e+00  4.9611219262222804e-02  9.9151034148366812e-01
79     2.5000000000000000e-01  2.4000000000000004e+00  4.9611219262222804e-02  9.9151034148366812e-01
80     5.0000000000000000e-01  2.4000000000000004e+00  4.9611219262222804e-02  9.9151034148366812e-01
81     7.5000000000000011e-01  2.4000000000000004e+00  4.9611219262222804e-02  9.9151034148366812e-01
82     9.1666666666666674e-01  2.4000000000000004e+00  4.9611219262222804e-02  9.9151034148366812e-01
83     1.0000000000000000e+00  2.4000000000000004e+00  4.9611219262222804e-02  9.9151034148366812e-01
84     0.0000000000000000e+00  2.6000000000000005e+00  5.3745487534074703e-02  9.9151034148366812e-01
85     8.3333333333333329e-02  2.6000000000000005e+00  5.3745487534074703e-02  9.9151034148366812e-01
86     2.5000000000000000e-01  2.6000000000000005e+00  5.3745487534074703e-02  9.9151034148366812e-01
87     5.0000000000000000e-01  2.6000000000000005e+00  5.3745487534074689e-02  9.9151034148366812e-01
88     7.5000000000000011e-01  2.6000000000000005e+00  5.3745487534074703e-02  9.9151034148366812e-01
89     9.1666666666666674e-01  2.6000000000000005e+00  5.3745487534074703e-02  9.9151034148366812e-01
90     1.0000000000000000e+00  2.6000000000000005e+00  5.3745487534074703e-02  9.9151034148366812e-01
91     0.0000000000000000e+00  2.7999999999999998e+00  5.7879755805926594e-02  9.9151034148366812e-01
92     8.3333333333333329e-02  2.7999999999999998e+00  5.7879755805926594e-02  9.9151034148366812e-01
93     2.5000000000000000e-01  2.7999999999999998e+00  5.7879755805926594e-02  9.9151034148366812e-01
94     5.0000000000000000e-01  2.7999999999999998e+00  5.7879755805926594e-02  9.9151034148366812e-01
95     7.5000000000000011e-01  2.7999999999999998e+00  5.7879755805926594e-02  9.9151034148366812e-01
96     9.1666666666666674e-01  2.7999999999999998e+00  5.7879755805926594e-02  9.9151034148366812e-01
97     1.0000000000000000e+00  2.7999999999999998e+00  5.7879755805926594e-02  9.9151034148366812e-01
98     0.0000000000000000e+00  2.9333333333333336e+00  6.0635934653827869e-02  9.9151034148366812e-01
99     8.3333333333333329e-02  2.9333333333333336e+00  6.0635934653827869e-02  9.9151034148366812e-01
100    2.5000000000000000e-01  2.9333333333333336e+00  6.0635934653827869e-02  9.9151034148366812e-01
101    5.0000000000000000e-01  2.9333333333333336e+00  6.0635934653827869e-02  9.9151034148366812e-01
102    7.5000000000000011e-01  2.9333333333333336e+00  6.0635934653827869e-02  9.9151034148366812e-01
103    9.1666666666666674e-01  2.9333333333333336e+00  6.0635934653827869e-02  9.9151034148366812e-01
104    1.0000000000000000e+00  2.9333333333333336e+00  6.0635934653827869e-02  9.9151034148366812e-01
105    0.0000000000000000e+00  3.0000000000000004e+00  6.2014024077778500e-02  9.9151034148366812e-01
106    8.3333333333333329e-02  3.0000000000000004e+00  6.2014024077778500e-02  9.9151034148366812e-01
107    2.5000000000000000e-01  3.0000000000000004e+00  6.2014024077778500e-02  9.9151034148366812e-01
108    5.0000000000000000e-01  3.0000000000000004e+00  6.2014024077778493e-02  9.9151034148366812e-01
109    7.5000000000000011e-01  3.0000000000000004e+00  6.2014024077778500e-02  9.9151034148366812e-01
110    9.1666666666666674e-01  3.0000000000000004e+00  6.2014024077778500e-02  9.9151034148366812e-01
111    1.0000000000000000e+00  3.0000000000000004e+00  6.2014024077778500e-02  9.9151034148366812e-01
112    0.0000000000000000e+00  1.9974156071500782e+00  1.2502298738171513e-01  9.7526925562633748e-01
113    8.3333333333333343e-02  1.9974156071500782e+00  1.2502298738171513e-01  9.7526925562633748e-01
114    2.5000000000000000e-01  1.9974156071500782e+00  1.2502298738171513e-01  9.7526925562633748e-01
115    5.0000000000000000e-01  1.9974156071500782e+00  1.2502298738171513e-01  9.7526925562633748e-01
116    7.5000000000000011e-01  1.9974156071500782e+00  1.2502298738171513e-01  9.7526925562633748e-01
117    9.1666666666666674e-01  1.9974156071500782e+00  1.2502298738171513e-01  9.7526925562633748e-01
118    1.0000000000000000e+00  1.9974156071500782e+00  1.2502298738171513e-01  9.7526925562633748e-01
119    0.0000000000000000e+00  2.0639961273884144e+00  1.2919042029443897e-01  9.7526925562633748e-01
120    8.3333333333333343e-02  2.0639961273884144e+00  1.2919042029443897e-01  9.7526925562633748e-01
121    2.5000000000000006e-01  2.0639961273884144e+00  1.2919042029443900e-01  9.7526925562633748e-01
122    5.0000000000000011e-01  2.0639961273884144e+00  1.2919042029443897e-01  9.7526925562633748e-01
123    7.5000000000000011e-01  2.0639961273884144e+00  1.2919042029443900e-01  9.7526925562633748e-01
124    9.1666666666666674e-01  2.0639961273884144e+00  1.2919042029443897e-01  9.7526925562633748e-01
125    1.0000000000000000e+00  2.0639961273884144e+00  1.2919042029443897e-01  9.7526925562633748e-01
126    0.0000000000000000e+00  2.1971571678650865e+00  1.3752528611988665e-01  9.7526925562633748e-01
127    8.3333333333333343e-02  2.1971571678650865e+00  1.3752528611988665e-01  9.7526925562633748e-01
128    2.5000000000000006e-01  2.1971571678650865e+00  1.3752528611988665e-01  9.7526925562633748e-01
129    5.0000000000000011e-01  2.1971571678650865e+00  1.3752528611988665e-01  9.7526925562633748e-01
130    7.5000000000000011e-01  2.1971571678650865e+00  1.3752528611988665e-01  9.7526925562633748e-01
131    9.1666666666666685e-01  2.1971571678650865e+00  1.3752528611988665e-01  9.7526925562633748e-01
132    1.0000000000000000e+00  2.1971571678650865e+00  1.3752528611988665e-01  9.7526925562633748e-01
133    0.0000000000000000e+00  2.3968987285800942e+00  1.5002758485805817e-01  9.7526925562633748e-01
134    8.3333333333333356e-02  2.3968987285800942e+00  1.5002758485805817e-01  9.7526925562633748e-01
135    2.5000000000000006e-01  2.3968987285800942e+00  1.5002758485805817e-01  9.7526925562633748e-01
136    5.0000000000000011e-01  2.3968987285800942e+00  1.5002758485805817e-01  9.7526925562633748e-01
137    7.5000000000000011e-01  2.3968987285800942e+00  1.5002758485805817e-01  9.7526925562633748e-01
138    9.1666666666666674e-01  2.3968987285800942e+00  1.5002758485805817e-01  9.7526925562633748e-01
139    1.0000000000000000e+00  2.3968987285800942e+00  1.5002758485805817e-01  9.7526925562633748e-01
140    0.0000000000000000e+00  2.5966402892951019e+00  1.6252988359622969e-01  9.7526925562633748e-01
141    8.3333333333333343e-02  2.5966402892951019e+00  1.6252988359622969e-01  9.7526925562633748e-01
142    2.5000000000000006e-01  2.5966402892951019e+00  1.6252988359622969e-01  9.7526925562633748e-01
143    5.0000000000000011e-01  2.5966402892951019e+00  1.6252988359622964e-01  9.7526925562633748e-01
144    7.5000000000000011e-01  2.5966402892951019e+00  1.6252988359622969e-01  9.7526925562633748e-01
145    9.1666666666666674e-01  2.5966402892951019e+00  1.6252988359622969e-01  9.7526925562633748e-01
146    1.0000000000000000e+00  2.5966402892951019e+00  1.6252988359622969e-01  9.7526925562633748e-01
147    0.0000000000000000e+00  2.7963818500101092e+00  1.7503218233440121e-01  9.7526925562633748e-01
148    8.3333333333333343e-02  2.7963818500101092e+00  1.7503218233440121e-01  9.7526925562633748e-01
149    2.5000000000000000e-01  2.7963818500101092e+00  1.7503218233440121e-01  9.7526925562633748e-01
150    5.0000000000000000e-01  2.7963818500101092e+00  1.7503218233440121e-01  9.7526925562633748e-01
151    7.5000000000000011e-01  2.7963818500101092e+00  1.7503218233440121e-01  9.7526925562633748e-01
152    9.1666666666666674e-01  2.7963818500101092e+00  1.7503218233440121e-01  9.7526925562633748e-01
153    1.0000000000000000e+00  2.7963818500101092e+00  1.7503218233440121e-01  9.7526925562633748e-01
154    0.0000000000000000e+00  2.9295428904867813e+00  1.8336704815984886e-01  9.7526925562633748e-01
155    8.3333333333333343e-02  2.9295428904867813e+00  1.8336704815984886e-01  9.7526925562633748e-01
156    2.5000000000000000e-01  2.9295428904867813e+00  1.8336704815984886e-01  9.7526925562633748e-01
157    5.0000000000000000e-01  2.9295428904867813e+00  1.8336704815984886e-01  9.7526925562633748e-01
158    7.5000000000000011e-01  2.9295428904867813e+00  1.8336704815984886e-01  9.7526925562633748e-01
159    9.1666666666666674e-01  2.9295428904867813e+00  1.8336704815984886e-01  9.7526925562633748e-01
160    1.0000000000000000e+00  2.9295428904867813e+00  1.8336704815984886e-01  9.7526925562633748e-01
161    0.0000000000000000e+00  2.9961234107251178e+00  1.8753448107257270e-01  9.7526925562633748e-01
162    8.3333333333333343e-02  2.9961234107251178e+00  1.8753448107257270e-01  9.7526925562633748e-01
163    2.5000000000000000e-01  2.9961234107251178e+00  1.8753448107257270e-01  9.7526925562633748e-01
164    5.0000000000000000e-01  2.9961234107251178e+00  1.8753448107257267e-01  9.7526925562633748e-01
165    7.5000000000000011e-01  2.9961234107251178e+00  1.8753448107257270e-01  9.7526925562633748e-01
166    9.1666666666666674e-01  2.9961234107251178e+00  1.8753448107257270e-01  9.7526925562633748e-01
167    1.0000000000000000e+00  2.9961234107251178e+00  1.8753448107257270e-01  9.7526925562633748e-01
168    0.0000000000000000e+00  1.9854555563286853e+00  2.5202231513835127e-01  9.5312232036634104e-01
169    8.3333333333333343e-02  1.9854555563286853e+00  2.5202231513835127e-01  9.5312232036634104e-01
170    2.5000000000000000e-01  1.9854555563286853e+00  2.5202231513835127e-01  9.5312232036634104e-01
171    5.0000000000000000e-01  1.9854555563286853e+00  2.5202231513835127e-01  9.5312232036634104e-01
172    7.4999999999999989e-01  1.9854555563286853e+00  2.5202231513835127e-01  9.5312232036634104e-01
173    9.1666666666666674e-01  1.9854555563286853e+00  2.5202231513835127e-01  9.5312232036634104e-01
174    1.0000000000000000e+00  1.9854555563286853e+00  2.5202231513835127e-01  9.5312232036634104e-01
175    0.0000000000000000e+00  2.0516374082063082e+00  2.6042305897629631e-01  9.5312232036634104e-01
176    8.3333333333333343e-02  2.0516374082063082e+00  2.6042305897629631e-01  9.5312232036634104e-01
177    2.5000000000000006e-01  2.0516374082063082e+00  2.6042305897629636e-01  9.5312232036634104e-01
178    5.0000000000000011e-01  2.0516374082063082e+00  2.6042305897629631e-01  9.5312232036634104e-01
179    7.5000000000000011e-01  2.0516374082063082e+00  2.6042305897629636e-01  9.5312232036634104e-01
180    9.1666666666666674e-01  2.0516374082063082e+00  2.6042305897629631e-01  9.5312232036634104e-01
181    1.0000000000000000e+00  2.0516374082063082e+00  2.6042305897629631e-01  9.5312232036634104e-01
182    0.0000000000000000e+00  2.1840011119615541e+00  2.7722454665218638e-01  9.5312232036634104e-01
183    8.3333333333333343e-02  2.1840011119615541e+00  2.7722454665218638e-01  9.5312232036634104e-01
184    2.5000000000000006e-01  2.1840011119615541e+00  2.7722454665218643e-01  9.5312232036634104e-01
185    5.0000000000000011e-01  2.1840011119615541e+00  2.7722454665218638e-01  9.5312232036634104e-01
186    7.5000000000000011e-01  2.1840011119615541e+00  2.7722454665218638e-01  9.5312232036634104e-01
187    9.1666666666666685e-01  2.1840011119615541e+00  2.7722454665218638e-01  9.5312232036634104e-01
188    1.0000000000000000e+00  2.1840011119615541e+00  2.7722454665218638e-01  9.5312232036634104e-01
189    0.0000000000000000e+00  2.3825466675944225e+00  3.0242677816602148e-01  9.5312232036634104e-01
190    8.3333333333333343e-02  2.3825466675944225e+00  3.0242677816602148e-01  9.5312232036634104e-01
191    2.5000000000000006e-01  2.3825466675944225e+00  3.0242677816602148e-01  9.5312232036634104e-01
192    5.0000000000000011e-01  2.3825466675944225e+00  3.0242677816602148e-01  9.5312232036634104e-01
193    7.5000000000000011e-01  2.3825466675944229e+00  3.0242677816602148e-01  9.5312232036634104e-01
194    9.1666666666666674e-01  2.3825466675944225e+00  3.0242677816602148e-01  9.5312232036634104e-01
195    1.0000000000000000e+00  2.3825466675944225e+00  3.0242677816602148e-01  9.5312232036634104e-01
196    0.0000000000000000e+00  2.5810922232272904e+00  3.2762900967985670e-01  9.5312232036634104e-01
197    8.3333333333333343e-02  2.5810922232272904e+00  3.2762900967985670e-01  9.5312232036634104e-01
198    2.5000000000000006e-01  2.5810922232272904e+00  3.2762900967985670e-01  9.5312232036634104e-01
199    5.0000000000000011e-01  2.5810922232272904e+00  3.2762900967985659e-01  9.5312232036634104e-01
200    7.4999999999999989e-01  2.5810922232272904e+00  3.2762900967985670e-01  9.5312232036634104e-01
201    9.1666666666666674e-01  2.5810922232272904e+00  3.2762900967985670e-01  9.5312232036634104e-01
202    1.0000000000000000e+00  2.5810922232272904e+00  3.2762900967985670e-01  9.5312232036634104e-01
203    0.0000000000000000e+00  2.7796377788601592e+00  3.5283124119369169e-01  9.5312232036634104e-01
204    8.3333333333333343e-02  2.7796377788601592e+00  3.5283124119369169e-01  9.5312232036634104e-01
205    2.5000000000000000e-01  2.7796377788601592e+00  3.5283124119369169e-01  9.5312232036634104e-01
206    5.0000000000000000e-01  2.7796377788601592e+00  3.5283124119369169e-01  9.5312232036634104e-01
207    7.4999999999999989e-01  2.7796377788601592e+00  3.5283124119369169e-01  9.5312232036634104e-01
208    9.1666666666666674e-01  2.7796377788601592e+00  3.5283124119369169e-01  9.5312232036634104e-01
209    1.0000000000000000e+00  2.7796377788601592e+00  3.5283124119369169e-01  9.5312232036634104e-01
210    0.0000000000000000e+00  2.9120014826154055e+00  3.6963272886958187e-01  9.5312232036634104e-01
211    8.3333333333333343e-02  2.9120014826154055e+00  3.6963272886958187e-01  9.5312232036634104e-01
212    2.5000000000000000e-01  2.9120014826154055e+00  3.6963272886958187e-01  9.5312232036634104e-01
213    5.0000000000000000e-01  2.9120014826154055e+00  3.6963272886958187e-01  9.5312232036634104e-01
214    7.4999999999999989e-01  2.9120014826154055e+00  3.6963272886958187e-01  9.5312232036634104e-01
215    9.1666666666666674e-01  2.9120014826154055e+00  3.6963272886958187e-01  9.5312232036634104e-01
216    1.0000000000000000e+00  2.9120014826154055e+00  3.6963272886958187e-01  9.5312232036634104e-01
217    0.0000000000000000e+00  2.9781833344930275e+00  3.7803347270752696e-01  9.5312232036634104e-01
218    8.3333333333333343e-02  2.9781833344930275e+00  3.7803347270752696e-01  9.5312232036634104e-01
219    2.5000000000000000e-01  2.9781833344930275e+00  3.7803347270752696e-01  9.5312232036634104e-01
220    5.0000000000000000e-01  2.9781833344930275e+00  3.7803347270752691e-01  9.5312232036634104e-01
221    7.4999999999999989e-01  2.9781833344930275e+00  3.7803347270752696e-01  9.5312232036634104e-01
222    9.1666666666666674e-01  2.9781833344930275e+00  3.7803347270752696e-01  9.5312232036634104e-01
223    1.0000000000000000e+00  2.9781833344930275e+00  3.7803347270752696e-01  9.5312232036634104e-01
224    0.0000000000000000e+00  1.9648879404816626e+00  3.8079387067359866e-01  9.3319007863234427e-01
225    8.3333333333333343e-02  1.9648879404816626e+00  3.8079387067359866e-01  9.3319007863234427e-01
226    2.5000000000000000e-01  1.9648879404816626e+00  3.8079387067359866e-01  9.3319007863234427e-01
227    5.0000000000000000e-01  1.9648879404816626e+00  3.8079387067359866e-01  9.3319007863234427e-01
228    7.4999999999999989e-01  1.9648879404816626e+00  3.8079387067359866e-01  9.3319007863234427e-01
229    9.1666666666666663e-01  1.9648879404816626e+00  3.8079387067359866e-01  9.3319007863234427e-01
230    1.0000000000000000e+00  1.9648879404816626e+00  3.8079387067359866e-01  9.3319007863234427e-01
231    0.0000000000000000e+00  2.0303842051643848e+00  3.9348699969605194e-01  9.3319007863234427e-01
232    8.3333333333333343e-02  2.0303842051643848e+00  3.9348699969605194e-01  9.3319007863234427e-01
233    2.5000000000000000e-01  2.0303842051643848e+00  3.9348699969605194e-01  9.3319007863234427e-01
234    5.0000000000000000e-01  2.0303842051643848e+00  3.9348699969605194e-01  9.3319007863234427e-01
235    7.4999999999999989e-01  2.0303842051643848e+00  3.9348699969605194e-01  9.3319007863234427e-01
236    9.1666666666666663e-01  2.0303842051643848e+00  3.9348699969605194e-01  9.3319007863234427e-01
237    1.0000000000000000e+00  2.0303842051643848e+00  3.9348699969605194e-01  9.3319007863234427e-01
238    0.0000000000000000e+00  2.1613767345298287e+00  4.1887325774095852e-01  9.3319007863234427e-01
239    8.3333333333333343e-02  2.1613767345298287e+00  4.1887325774095852e-01  9.3319007863234427e-01
240    2.5000000000000000e-01  2.1613767345298287e+00  4.1887325774095852e-01  9.3319007863234427e-01
241    5.0000000000000000e-01  2.1613767345298287e+00  4.1887325774095852e-01  9.3319007863234427e-01
242    7.4999999999999989e-01  2.1613767345298287e+00  4.1887325774095852e-01  9.3319007863234427e-01
243    9.1666666666666663e-01  2.1613767345298287e+00  4.1887325774095852e-01  9.3319007863234427e-01
244    1.0000000000000000e+00  2.1613767345298287e+00  4.1887325774095852e-01  9.3319007863234427e-01
245    0.0000000000000000e+00  2.3578655285779955e+00  4.5695264480831838e-01  9.3319007863234427e-01
246    8.3333333333333343e-02  2.3578655285779955e+00  4.5695264480831838e-01  9.3319007863234427e-01
247    2.5000000000000006e-01  2.3578655285779955e+00  4.5695264480831838e-01  9.3319007863234427e-01
248    5.0000000000000011e-01  2.3578655285779955e+00  4.5695264480831838e-01  9.3319007863234427e-01
249    7.5000000000000000e-01  2.3578655285779955e+00  4.5695264480831843e-01  9.3319007863234427e-01
250    9.1666666666666663e-01  2.3578655285779955e+00  4.5695264480831838e-01  9.3319007863234427e-01
251    1.0000000000000000e+00  2.3578655285779955e+00  4.5695264480831838e-01  9.3319007863234427e-01
252    0.0000000000000000e+00  2.5543543226261614e+00  4.9503203187567829e-01  9.3319007863234427e-01
253    8.3333333333333343e-02  2.5543543226261614e+00  4.9503203187567829e-01  9.3319007863234427e-01
254    2.5000000000000000e-01  2.5543543226261614e+00  4.9503203187567829e-01  9.3319007863234427e-01
255    5.0000000000000000e-01  2.5543543226261614e+00  4.9503203187567818e-01  9.3319007863234427e-01
256    7.4999999999999989e-01  2.5543543226261614e+00  4.9503203187567829e-01  9.3319007863234427e-01
257    9.1666666666666663e-01  2.5543543226261614e+00  4.9503203187567829e-01  9.3319007863234427e-01
258    1.0000000000000000e+00  2.5543543226261614e+00  4.9503203187567829e-01  9.3319007863234427e-01
259    0.0000000000000000e+00  2.7508431166743268e+00  5.3311141894303804e-01  9.3319007863234427e-01
260    8.3333333333333343e-02  2.7508431166743268e+00  5.3311141894303804e-01  9.3319007863234427e-01
261    2.5000000000000000e-01  2.7508431166743268e+00  5.3311141894303804e-01  9.3319007863234427e-01
262    5.0000000000000000e-01  2.7508431166743268e+00  5.3311141894303804e-01  9.3319007863234427e-01
263    7.4999999999999989e-01  2.7508431166743268e+00  5.3311141894303804e-01  9.3319007863234427e-01
264    9.1666666666666663e-01  2.7508431166743268e+00  5.3311141894303804e-01  9.3319007863234427e-01
265    1.0000000000000000e+00  2.7508431166743268e+00  5.3311141894303804e-01  9.3319007863234427e-01
266    0.0000000000000000e+00  2.8818356460397716e+00  5.5849767698794461e-01  9.3319007863234427e-01
267    8.3333333333333343e-02  2.8818356460397716e+00  5.5849767698794461e-01  9.3319007863234427e-01
268    2.5000000000000000e-01  2.8818356460397716e+00  5.5849767698794461e-01  9.3319007863234427e-01
269    5.0000000000000000e-01  2.8818356460397716e+00  5.5849767698794461e-01  9.3319007863234427e-01
270    7.4999999999999989e-01  2.8818356460397716e+00  5.5849767698794461e-01  9.3319007863234427e-01
271    9.1666666666666663e-01  2.8818356460397716e+00  5.5849767698794461e-01  9.3319007863234427e-01
272    1.0000000000000000e+00  2.8818356460397716e+00  5.5849767698794461e-01  9.3319007863234427e-01
273    0.0000000000000000e+00  2.9473319107224940e+00  5.7119080601039796e-01  9.3319007863234427e-01
274    8.3333333333333343e-02  2.9473319107224940e+00  5.7119080601039796e-01  9.3319007863234427e-01
275    2.5000000000000000e-01  2.9473319107224940e+00  5.7119080601039796e-01  9.3319007863234427e-01
276    5.0000000000000000e-01  2.9473319107224940e+00  5.7119080601039796e-01  9.3319007863234427e-01
277    7.4999999999999989e-01  2.9473319107224940e+00  5.7119080601039796e-01  9.3319007863234427e-01
278    9.1666666666666663e-01  2.9473319107224940e+00  5.7119080601039796e-01  9.3319007863234427e-01
279    1.0000000000000000e+00  2.9473319107224940e+00  5.7119080601039796e-01  9.3319007863234427e-01
280    0.0000000000000000e+00  1.9352998020478092e+00  5.1051884714318219e-01  9.1547253042434706e-01
281    8.3333333333333356e-02  1.9352998020478092e+00  5.1051884714318219e-01  9.1547253042434706e-01
282    2.5000000000000006e-01  1.9352998020478092e+00  5.1051884714318219e-01  9.1547253042434706e-01
283    5.0000000000000011e-01  1.9352998020478092e+00  5.1051884714318219e-01  9.1547253042434706e-01
284    7.5000000000000000e-01  1.9352998020478092e+00  5.1051884714318219e-01  9.1547253042434706e-01
285    9.1666666666666663e-01  1.9352998020478092e+00  5.1051884714318219e-01  9.1547253042434706e-01
286    1.0000000000000000e+00  1.9352998020478092e+00  5.1051884714318219e-01  9.1547253042434706e-01
287    0.0000000000000000e+00  1.9998097954494030e+00  5.2753614204795496e-01  9.1547253042434706e-01
288    8.3333333333333356e-02  1.9998097954494030e+00  5.2753614204795496e-01  9.1547253042434706e-01
289    2.5000000000000006e-01  1.9998097954494030e+00  5.2753614204795496e-01  9.1547253042434706e-01
290    5.0000000000000011e-01  1.9998097954494030e+00  5.2753614204795496e-01  9.1547253042434706e-01
291    7.5000000000000011e-01  1.9998097954494030e+00  5.2753614204795496e-01  9.1547253042434706e-01
292    9.1666666666666663e-01  1.9998097954494030e+00  5.2753614204795496e-01  9.1547253042434706e-01
293    1.0000000000000000e+00  1.9998097954494030e+00  5.2753614204795496e-01  9.1547253042434706e-01
294    0.0000000000000000e+00  2.1288297822525899e+00  5.6157073185750039e-01  9.1547253042434718e-01
295    8.3333333333333343e-02  2.1288297822525899e+00  5.6157073185750039e-01  9.1547253042434718e-01
296    2.5000000000000000e-01  2.1288297822525899e+00  5.6157073185750039e-01  9.1547253042434718e-01
297    5.0000000000000000e-01  2.1288297822525899e+00  5.6157073185750039e-01  9.1547253042434718e-01
298    7.5000000000000011e-01  2.1288297822525903e+00  5.6157073185750050e-01  9.1547253042434706e-01
299    9.1666666666666674e-01  2.1288297822525899e+00  5.6157073185750039e-01  9.1547253042434718e-01
300    1.0000000000000000e+00  2.1288297822525899e+00  5.6157073185750039e-01  9.1547253042434718e-01
301    0.0000000000000000e+00  2.3223597624573711e+00  6.1262261657181849e-01  9.1547253042434718e-01
302    8.3333333333333356e-02  2.3223597624573711e+00  6.1262261657181849e-01  9.1547253042434718e-01
303    2.5000000000000000e-01  2.3223597624573711e+00  6.1262261657181849e-01  9.1547253042434718e-01
304    5.0000000000000000e-01  2.3223597624573711e+00  6.1262261657181849e-01  9.1547253042434718e-01
305    7.5000000000000011e-01  2.3223597624573711e+00  6.1262261657181849e-01  9.1547253042434718e-01
306    9.1666666666666674e-01  2.3223597624573711e+00  6.1262261657181849e-01  9.1547253042434718e-01
307    1.0000000000000000e+00  2.3223597624573711e+00  6.1262261657181849e-01  9.1547253042434718e-01
308    0.0000000000000000e+00  2.5158897426621518e+00  6.6367450128613670e-01  9.1547253042434706e-01
309    8.3333333333333356e-02  2.5158897426621518e+00  6.6367450128613670e-01  9.1547253042434706e-01
310    2.5000000000000006e-01  2.5158897426621518e+00  6.6367450128613670e-01  9.1547253042434706e-01
311    5.0000000000000011e-01  2.5158897426621518e+00  6.6367450128613670e-01  9.1547253042434706e-01
312    7.5000000000000011e-01  2.5158897426621518e+00  6.6367450128613670e-01  9.1547253042434706e-01
313    9.1666666666666663e-01  2.5158897426621518e+00  6.6367450128613670e-01  9.1547253042434706e-01
314    1.0000000000000000e+00  2.5158897426621518e+00  6.6367450128613670e-01  9.1547253042434706e-01
315    0.0000000000000000e+00  2.7094197228669330e+00  7.1472638600045502e-01  9.1547253042434706e-01
316    8.3333333333333356e-02  2.7094197228669330e+00  7.1472638600045502e-01  9.1547253042434706e-01
317    2.5000000000000006e-01  2.7094197228669330e+00  7.1472638600045502e-01  9.1547253042434706e-01
318    5.0000000000000011e-01  2.7094197228669330e+00  7.1472638600045502e-01  9.1547253042434706e-01
319    7.5000000000000000e-01  2.7094197228669330e+00  7.1472638600045502e-01  9.1547253042434706e-01
320    9.1666666666666685e-01  2.7094197228669330e+00  7.1472638600045502e-01  9.1547253042434706e-01
321    1.0000000000000000e+00  2.7094197228669330e+00  7.1472638600045502e-01  9.1547253042434706e-01
322    0.0000000000000000e+00  2.8384397096701202e+00  7.4876097581000045e-01  9.1547253042434706e-01
323    8.3333333333333356e-02  2.8384397096701202e+00  7.4876097581000045e-01  9.1547253042434706e-01
324    2.5000000000000006e-01  2.8384397096701202e+00  7.4876097581000045e-01  9.1547253042434706e-01
325    5.0000000000000011e-01  2.8384397096701202e+00  7.4876097581000045e-01  9.1547253042434706e-01
326    7.5000000000000000e-01  2.8384397096701202e+00  7.4876097581000045e-01  9.1547253042434706e-01
327    9.1666666666666663e-01  2.8384397096701202e+00  7.4876097581000045e-01  9.1547253042434706e-01
328    1.0000000000000000e+00  2.8384397096701202e+00  7.4876097581000045e-01  9.1547253042434706e-01
329    0.0000000000000000e+00  2.9029497030717137e+00  7.6577827071477322e-01  9.1547253042434706e-01
330    8.3333333333333356e-02  2.9029497030717137e+00  7.6577827071477322e-01  9.1547253042434706e-01
331    2.5000000000000006e-01  2.9029497030717142e+00  7.6577827071477322e-01  9.1547253042434706e-01
332    5.0000000000000011e-01  2.9029497030717137e+00  7.6577827071477311e-01  9.1547253042434706e-01
333    7.5000000000000000e-01  2.9029497030717137e+00  7.6577827071477322e-01  9.1547253042434706e-01
334    9.1666666666666663e-01  2.9029497030717137e+00  7.6577827071477322e-01  9.1547253042434706e-01
335    1.0000000000000000e+00  2.9029497030717137e+00  7.6577827071477322e-01  9.1547253042434706e-01
336    0.0000000000000000e+00  1.8963768208193470e+00  6.4029585156197222e-01  8.9996967574234976e-01
337    8.3333333333333329e-02  1.8963768208193470e+00  6.4029585156197222e-01  8.9996967574234976e-01
338    2.5000000000000000e-01  1.8963768208193470e+00  6.4029585156197222e-01  8.9996967574234976e-01
339    5.0000000000000000e-01  1.8963768208193470e+00  6.4029585156197222e-01  8.9996967574234976e-01
340    7.4999999999999989e-01  1.8963768208193470e+00  6.4029585156197222e-01  8.9996967574234976e-01
341    9.1666666666666652e-01  1.8963768208193470e+00  6.4029585156197222e-01  8.9996967574234976e-01
342    1.0000000000000000e+00  1.8963768208193470e+00  6.4029585156197222e-01  8.9996967574234976e-01
343    0.0000000000000000e+00  1.9595893815133250e+00  6.6163904661403816e-01  8.9996967574234976e-01
344    8.3333333333333329e-02  1.9595893815133250e+00  6.6163904661403816e-01  8.9996967574234976e-01
345    2.5000000000000000e-01  1.9595893815133250e+00  6.6163904661403816e-01  8.9996967574234976e-01
346    5.0000000000000000e-01  1.9595893815133250e+00  6.6163904661403816e-01  8.9996967574234976e-01
347    7.4999999999999989e-01  1.9595893815133250e+00  6.6163904661403816e-01  8.9996967574234976e-01
348    9.1666666666666652e-01  1.9595893815133250e+00  6.6163904661403816e-01  8.9996967574234976e-01
349    1.0000000000000000e+00  1.9595893815133250e+00  6.6163904661403816e-01  8.9996967574234976e-01
350    0.0000000000000000e+00  2.0860145029012815e+00  7.0432543671816961e-01  8.9996967574234976e-01
351    8.3333333333333329e-02  2.0860145029012815e+00  7.0432543671816961e-01  8.9996967574234976e-01
352    2.5000000000000000e-01  2.0860145029012815e+00  7.0432543671816972e-01  8.9996967574234976e-01
353    5.0000000000000000e-01  2.0860145029012815e+00  7.0432543671816961e-01  8.9996967574234976e-01
354    7.4999999999999989e-01  2.0860145029012815e+00  7.0432543671816961e-01  8.9996967574234976e-01
355    9.1666666666666663e-01  2.0860145029012815e+00  7.0432543671816961e-01  8.9996967574234976e-01
356    1.0000000000000000e+00  2.0860145029012815e+00  7.0432543671816961e-01  8.9996967574234976e-01
357    0.0000000000000000e+00  2.2756521849832168e+00  7.6835502187436677e-01  8.9996967574234976e-01
358    8.3333333333333329e-02  2.2756521849832168e+00  7.6835502187436677e-01  8.9996967574234976e-01
359    2.5000000000000006e-01  2.2756521849832168e+00  7.6835502187436677e-01  8.9996967574234976e-01
360    5.0000000000000011e-01  2.2756521849832168e+00  7.6835502187436677e-01  8.9996967574234976e-01
361    7.5000000000000000e-01  2.2756521849832168e+00  7.6835502187436677e-01  8.9996967574234976e-01
362    9.1666666666666652e-01  2.2756521849832168e+00  7.6835502187436677e-01  8.9996967574234976e-01
363    1.0000000000000000e+00  2.2756521849832168e+00  7.6835502187436677e-01  8.9996967574234976e-01
364    0.0000000000000000e+00  2.4652898670651511e+00  8.3238460703056405e-01  8.9996967574234976e-01
365    8.3333333333333329e-02  2.4652898670651511e+00  8.3238460703056405e-01  8.9996967574234976e-01
366    2.5000000000000000e-01  2.4652898670651511e+00  8.3238460703056405e-01  8.9996967574234976e-01
367    5.0000000000000000e-01  2.4652898670651511e+00  8.3238460703056394e-01  8.9996967574234976e-01
368    7.4999999999999989e-01  2.4652898670651511e+00  8.3238460703056405e-01  8.9996967574234976e-01
369    9.1666666666666652e-01  2.4652898670651511e+00  8.3238460703056405e-01  8.9996967574234976e-01
370    1.0000000000000000e+00  2.4652898670651511e+00  8.3238460703056405e-01  8.9996967574234976e-01
371    0.0000000000000000e+00  2.6549275491470850e+00  8.9641419218676111e-01  8.9996967574234976e-01
372    8.3333333333333329e-02  2.6549275491470850e+00  8.9641419218676111e-01  8.9996967574234976e-01
373    2.5000000000000000e-01  2.6549275491470850e+00  8.9641419218676111e-01  8.9996967574234976e-01
374    5.0000000000000000e-01  2.6549275491470850e+00  8.9641419218676111e-01  8.9996967574234976e-01
375    7.4999999999999989e-01  2.6549275491470850e+00  8.9641419218676111e-01  8.9996967574234976e-01
376    9.1666666666666652e-01  2.6549275491470850e+00  8.9641419218676111e-01  8.9996967574234976e-01
377    1.0000000000000000e+00  2.6549275491470850e+00  8.9641419218676111e-01  8.9996967574234976e-01
378    0.0000000000000000e+00  2.7813526705350422e+00  9.3910058229089277e-01  8.9996967574234976e-01
379    8.3333333333333329e-02  2.7813526705350422e+00  9.3910058229089277e-01  8.9996967574234976e-01
380    2.5000000000000000e-01  2.7813526705350422e+00  9.3910058229089277e-01  8.9996967574234976e-01
381    5.0000000000000000e-01  2.7813526705350422e+00  9.3910058229089277e-01  8.9996967574234976e-01
382    7.4999999999999989e-01  2.7813526705350422e+00  9.3910058229089277e-01  8.9996967574234976e-01
383    9.1666666666666652e-01  2.7813526705350422e+00  9.3910058229089277e-01  8.9996967574234976e-01
384    1.0000000000000000e+00  2.7813526705350422e+00  9.3910058229089277e-01  8.9996967574234976e-01
385    0.0000000000000000e+00  2.8445652312290202e+00  9.6044377734295838e-01  8.9996967574234976e-01
386    8.3333333333333329e-02  2.8445652312290202e+00  9.6044377734295838e-01  8.9996967574234976e-01
387    2.5000000000000000e-01  2.8445652312290202e+00  9.6044377734295838e-01  8.9996967574234976e-01
388    5.0000000000000000e-01  2.8445652312290202e+00  9.6044377734295838e-01  8.9996967574234976e-01
389    7.4999999999999989e-01  2.8445652312290202e+00  9.6044377734295838e-01  8.9996967574234976e-01
390    9.1666666666666652e-01  2.8445652312290202e+00  9.6044377734295838e-01  8.9996967574234976e-01
391    1.0000000000000000e+00  2.8445652312290202e+00  9.6044377734295838e-01  8.9996967574234976e-01
392    0.0000000000000000e+00  1.8479210196111573e+00  7.6915516806787321e-01  8.8668151458635180e-01
393    8.3333333333333329e-02  1.8479210196111573e+00  7.6915516806787321e-01  8.8668151458635180e-01
394    2.5000000000000000e-01  1.8479210196111573e+00  7.6915516806787321e-01  8.8668151458635180e-01
395    5.0000000000000000e-01  1.8479210196111573e+00  7.6915516806787321e-01  8.8668151458635180e-01
396    7.4999999999999978e-01  1.8479210196111573e+00  7.6915516806787321e-01  8.8668151458635180e-01
397    9.1666666666666652e-01  1.8479210196111573e+00  7.6915516806787321e-01  8.8668151458635180e-01
398    1.0000000000000000e+00  1.8479210196111573e+00  7.6915516806787321e-01  8.8668151458635180e-01
399    0.0000000000000000e+00  1.9095183869315293e+00  7.9479367367013576e-01  8.8668151458635180e-01
400    8.3333333333333329e-02  1.9095183869315293e+00  7.9479367367013576e-01  8.8668151458635180e-01
401    2.5000000000000006e-01  1.9095183869315293e+00  7.9479367367013576e-01  8.8668151458635180e-01
402    5.0000000000000011e-01  1.9095183869315293e+00  7.9479367367013576e-01  8.8668151458635180e-01
403    7.4999999999999978e-01  1.9095183869315293e+00  7.9479367367013576e-01  8.8668151458635180e-01
404    9.1666666666666652e-01  1.9095183869315293e+00  7.9479367367013576e-01  8.8668151458635180e-01
405    1.0000000000000000e+00  1.9095183869315293e+00  7.9479367367013576e-01  8.8668151458635180e-01
406    0.0000000000000000e+00  2.0327131215722734e+00  8.4607068487466064e-01  8.8668151458635180e-01
407    8.3333333333333329e-02  2.0327131215722734e+00  8.4607068487466064e-01  8.8668151458635180e-01
408    2.5000000000000006e-01  2.0327131215722734e+00  8.4607068487466064e-01  8.8668151458635180e-01
409    5.0000000000000011e-01  2.0327131215722734e+00  8.4607068487466064e-01  8.8668151458635180e-01
410    7.4999999999999978e-01  2.0327131215722729e+00  8.4607068487466064e-01  8.8668151458635180e-01
411    9.1666666666666685e-01  2.0327131215722734e+00  8.4607068487466064e-01  8.8668151458635180e-01
412    1.0000000000000000e+00  2.0327131215722734e+00  8.4607068487466064e-01  8.8668151458635180e-01
413    0.0000000000000000e+00  2.2175052235333892e+00  9.2298620168144796e-01  8.8668151458635180e-01
414    8.3333333333333329e-02  2.2175052235333892e+00  9.2298620168144796e-01  8.8668151458635180e-01
415    2.5000000000000006e-01  2.2175052235333892e+00  9.2298620168144796e-01  8.8668151458635180e-01
416    5.0000000000000011e-01  2.2175052235333892e+00  9.2298620168144796e-01  8.8668151458635180e-01
417    7.4999999999999989e-01  2.2175052235333892e+00  9.2298620168144796e-01  8.8668151458635180e-01
418    9.1666666666666663e-01  2.2175052235333892e+00  9.2298620168144796e-01  8.8668151458635180e-01
419    1.0000000000000000e+00  2.2175052235333892e+00  9.2298620168144796e-01  8.8668151458635180e-01
420    0.0000000000000000e+00  2.4022973254945050e+00  9.9990171848823517e-01  8.8668151458635180e-01
421    8.3333333333333329e-02  2.4022973254945050e+00  9.9990171848823517e-01  8.8668151458635180e-01
422    2.5000000000000006e-01  2.4022973254945050e+00  9.9990171848823517e-01  8.8668151458635180e-01
423    5.0000000000000011e-01  2.4022973254945050e+00  9.9990171848823517e-01  8.8668151458635180e-01
424    7.4999999999999978e-01  2.4022973254945050e+00  9.9990171848823517e-01  8.8668151458635180e-01
425    9.1666666666666652e-01  2.4022973254945050e+00  9.9990171848823517e-01  8.8668151458635180e-01
426    1.0000000000000000e+00  2.4022973254945050e+00  9.9990171848823517e-01  8.8668151458635180e-01
427    0.0000000000000000e+00  2.5870894274556204e+00  1.0768172352950225e+00  8.8668151458635180e-01
428    8.3333333333333329e-02  2.5870894274556204e+00  1.0768172352950225e+00  8.8668151458635180e-01
429    2.5000000000000000e-01  2.5870894274556204e+00  1.0768172352950225e+00  8.8668151458635180e-01
430    5.0000000000000000e-01  2.5870894274556204e+00  1.0768172352950225e+00  8.8668151458635180e-01
431    7.4999999999999978e-01  2.5870894274556204e+00  1.0768172352950225e+00  8.8668151458635180e-01
432    9.1666666666666663e-01  2.5870894274556204e+00  1.0768172352950225e+00  8.8668151458635180e-01
433    1.0000000000000000e+00  2.5870894274556204e+00  1.0768172352950225e+00  8.8668151458635180e-01
434    0.0000000000000000e+00  2.7102841620963640e+00  1.1280942464995474e+00  8.8668151458635180e-01
435    8.3333333333333329e-02  2.7102841620963640e+00  1.1280942464995474e+00  8.8668151458635180e-01
436    2.5000000000000000e-01  2.7102841620963640e+00  1.1280942464995474e+00  8.8668151458635180e-01
437    5.0000000000000000e-01  2.7102841620963640e+00  1.1280942464995474e+00  8.8668151458635180e-01
438    7.4999999999999978e-01  2.7102841620963640e+00  1.1280942464995474e+00  8.8668151458635180e-01
439    9.1666666666666652e-01  2.7102841620963640e+00  1.1280942464995474e+00  8.8668151458635180e-01
440    1.0000000000000000e+00  2.7102841620963640e+00  1.1280942464995474e+00  8.8668151458635180e-01
441    0.0000000000000000e+00  2.7718815294167358e+00  1.1537327521018099e+00  8.8668151458635180e-01
442    8.3333333333333329e-02  2.7718815294167358e+00  1.1537327521018099e+00  8.8668151458635180e-01
443    2.5000000000000000e-01  2.7718815294167358e+00  1.1537327521018099e+00  8.8668151458635180e-01
444    5.0000000000000000e-01  2.7718815294167358e+00  1.1537327521018097e+00  8.8668151458635180e-01
445    7.4999999999999978e-01  2.7718815294167358e+00  1.1537327521018099e+00  8.8668151458635180e-01
446    9.1666666666666652e-01  2.7718815294167358e+00  1.1537327521018099e+00  8.8668151458635180e-01
447    1.0000000000000000e+00  2.7718815294167358e+00  1.1537327521018099e+00  8.8668151458635180e-01
448    0.0000000000000000e+00  1.7898660711470260e+00  8.9607723677923889e-01  8.7560804695635341e-01
449    8.3333333333333329e-02  1.7898660711470260e+00  8.9607723677923889e-01  8.7560804695635341e-01
450    2.5000000000000006e-01  1.7898660711470260e+00  8.9607723677923889e-01  8.7560804695635341e-01
451    5.0000000000000011e-01  1.7898660711470260e+00  8.9607723677923889e-01  8.7560804695635341e-01
452    7.5000000000000011e-01  1.7898660711470260e+00  8.9607723677923889e-01  8.7560804695635341e-01
453    9.1666666666666674e-01  1.7898660711470260e+00  8.9607723677923889e-01  8.7560804695635341e-01
454    1.0000000000000000e+00  1.7898660711470260e+00  8.9607723677923889e-01  8.7560804695635341e-01
455    0.0000000000000000e+00  1.8495282735185936e+00  9.2594647800521346e-01  8.7560804695635341e-01
456    8.3333333333333329e-02  1.8495282735185936e+00  9.2594647800521346e-01  8.7560804695635341e-01
457    2.5000000000000006e-01  1.8495282735185936e+00  9.2594647800521346e-01  8.7560804695635341e-01
458    5.0000000000000011e-01  1.8495282735185936e+00  9.2594647800521346e-01  8.7560804695635341e-01
459    7.5000000000000011e-01  1.8495282735185936e+00  9.2594647800521346e-01  8.7560804695635341e-01
460    9.1666666666666674e-01  1.8495282735185936e+00  9.2594647800521346e-01  8.7560804695635341e-01
461    1.0000000000000000e+00  1.8495282735185936e+00  9.2594647800521346e-01  8.7560804695635341e-01
462    0.0000000000000000e+00  1.9688526782617284e+00  9.8568496045716258e-01  8.7560804695635353e-01
463    8.3333333333333329e-02  1.9688526782617284e+00  9.8568496045716258e-01  8.7560804695635353e-01
464    2.5000000000000000e-01  1.9688526782617284e+00  9.8568496045716281e-01  8.7560804695635353e-01
465    5.0000000000000000e-01  1.9688526782617284e+00  9.8568496045716258e-01  8.7560804695635353e-01
466    7.5000000000000011e-01  1.9688526782617286e+00  9.8568496045716270e-01  8.7560804695635341e-01
467    9.1666666666666663e-01  1.9688526782617284e+00  9.8568496045716258e-01  8.7560804695635353e-01
468    1.0000000000000000e+00  1.9688526782617284e+00  9.8568496045716258e-01  8.7560804695635353e-01
469    0.0000000000000000e+00  2.1478392853764312e+00  1.0752926841350865e+00  8.7560804695635353e-01
470    8.3333333333333343e-02  2.1478392853764312e+00  1.0752926841350865e+00  8.7560804695635353e-01
471    2.5000000000000000e-01  2.1478392853764312e+00  1.0752926841350865e+00  8.7560804695635353e-01
472    5.0000000000000000e-01  2.1478392853764312e+00  1.0752926841350865e+00  8.7560804695635353e-01
473    7.5000000000000000e-01  2.1478392853764312e+00  1.0752926841350865e+00  8.7560804695635353e-01
474    9.1666666666666663e-01  2.1478392853764312e+00  1.0752926841350865e+00  8.7560804695635353e-01
475    1.0000000000000000e+00  2.1478392853764312e+00  1.0752926841350865e+00  8.7560804695635353e-01
476    0.0000000000000000e+00  2.3268258924911338e+00  1.1649004078130105e+00  8.7560804695635341e-01
477    8.3333333333333329e-02  2.3268258924911338e+00  1.1649004078130105e+00  8.7560804695635341e-01
478    2.5000000000000006e-01  2.3268258924911338e+00  1.1649004078130105e+00  8.7560804695635341e-01
479    5.0000000000000011e-01  2.3268258924911338e+00  1.1649004078130105e+00  8.7560804695635341e-01
480    7.5000000000000011e-01  2.3268258924911338e+00  1.1649004078130105e+00  8.7560804695635341e-01
481    9.1666666666666674e-01  2.3268258924911338e+00  1.1649004078130105e+00  8.7560804695635341e-01
482    1.0000000000000000e+00  2.3268258924911338e+00  1.1649004078130105e+00  8.7560804695635341e-01
483    0.0000000000000000e+00  2.5058124996058364e+00  1.2545081314909343e+00  8.7560804695635341e-01
484    8.3333333333333329e-02  2.5058124996058364e+00  1.2545081314909343e+00  8.7560804695635341e-01
485    2.5000000000000006e-01  2.5058124996058364e+00  1.2545081314909343e+00  8.7560804695635341e-01
486    5.0000000000000011e-01  2.5058124996058364e+00  1.2545081314909343e+00  8.7560804695635341e-01
487    7.5000000000000011e-01  2.5058124996058364e+00  1.2545081314909343e+00  8.7560804695635341e-01
488    9.1666666666666674e-01  2.5058124996058364e+00  1.2545081314909343e+00  8.7560804695635341e-01
489    1.0000000000000000e+00  2.5058124996058364e+00  1.2545081314909343e+00  8.7560804695635341e-01
490    0.0000000000000000e+00  2.6251369043489716e+00  1.3142466139428837e+00  8.7560804695635341e-01
491    8.3333333333333329e-02  2.6251369043489716e+00  1.3142466139428837e+00  8.7560804695635341e-01
492    2.5000000000000006e-01  2.6251369043489716e+00  1.3142466139428837e+00  8.7560804695635341e-01
493    5.0000000000000011e-01  2.6251369043489716e+00  1.3142466139428837e+00  8.7560804695635341e-01
494    7.5000000000000011e-01  2.6251369043489716e+00  1.3142466139428837e+00  8.7560804695635341e-01
495    9.1666666666666674e-01  2.6251369043489716e+00  1.3142466139428837e+00  8.7560804695635341e-01
496    1.0000000000000000e+00  2.6251369043489716e+00  1.3142466139428837e+00  8.7560804695635341e-01
497    0.0000000000000000e+00  2.6847991067205390e+00  1.3441158551688581e+00  8.7560804695635341e-01
498    8.3333333333333329e-02  2.6847991067205390e+00  1.3441158551688581e+00  8.7560804695635341e-01
499    2.5000000000000006e-01  2.6847991067205390e+00  1.3441158551688581e+00  8.7560804695635341e-01
500    5.0000000000000011e-01  2.6847991067205390e+00  1.3441158551688579e+00  8.7560804695635341e-01
501    7.5000000000000011e-01  2.6847991067205390e+00  1.3441158551688581e+00  8.7560804695635341e-01
502    9.1666666666666674e-01  2.6847991067205390e+00  1.3441158551688581e+00  8.7560804695635341e-01
503    1.0000000000000000e+00  2.6847991067205390e+00  1.3441158551688581e+00  8.7560804695635341e-01
504    0.0000000000000000e+00  1.7222890844807439e+00  1.0200148845027299e+00  8.6674927285235503e-01
505    8.3333333333333329e-02  1.7222890844807439e+00  1.0200148845027299e+00  8.6674927285235503e-01
506    2.5000000000000000e-01  1.7222890844807439e+00  1.0200148845027299e+00  8.6674927285235503e-01
507    5.0000000000000000e-01  1.7222890844807439e+00  1.0200148845027299e+00  8.6674927285235503e-01
508    7.5000000000000000e-01  1.7222890844807439e+00  1.0200148845027299e+00  8.6674927285235503e-01
509    9.1666666666666674e-01  1.7222890844807439e+00  1.0200148845027299e+00  8.6674927285235503e-01
510    1.0000000000000000e+00  1.7222890844807439e+00  1.0200148845027299e+00  8.6674927285235503e-01
511    0.0000000000000000e+00  1.7796987206301025e+00  1.0540153806528207e+00  8.6674927285235503e-01
512    8.3333333333333329e-02  1.7796987206301025e+00  1.0540153806528207e+00  8.6674927285235503e-01
513    2.5000000000000006e-01  1.7796987206301025e+00  1.0540153806528210e+00  8.6674927285235503e-01
514    5.0000000000000011e-01  1.7796987206301025e+00  1.0540153806528207e+00  8.6674927285235503e-01
515    7.5000000000000000e-01  1.7796987206301025e+00  1.0540153806528210e+00  8.6674927285235503e-01
516    9.1666666666666674e-01  1.7796987206301025e+00  1.0540153806528207e+00  8.6674927285235503e-01
517    1.0000000000000000e+00  1.7796987206301025e+00  1.0540153806528207e+00  8.6674927285235503e-01
518    0.0000000000000000e+00  1.8945179929288187e+00  1.1220163729530030e+00  8.6674927285235503e-01
519    8.3333333333333329e-02  1.8945179929288187e+00  1.1220163729530030e+00  8.6674927285235503e-01
520    2.5000000000000006e-01  1.8945179929288187e+00  1.1220163729530030e+00  8.6674927285235503e-01
521    5.0000000000000011e-01  1.8945179929288187e+00  1.1220163729530030e+00  8.6674927285235503e-01
522    7.5000000000000000e-01  1.8945179929288185e+00  1.1220163729530030e+00  8.6674927285235503e-01
523    9.1666666666666674e-01  1.8945179929288187e+00  1.1220163729530030e+00  8.6674927285235503e-01
524    1.0000000000000000e+00  1.8945179929288187e+00  1.1220163729530030e+00  8.6674927285235503e-01
525    0.0000000000000000e+00  2.0667469013768924e+00  1.2240178614032755e+00  8.6674927285235515e-01
526    8.3333333333333343e-02  2.0667469013768924e+00  1.2240178614032755e+00  8.6674927285235515e-01
527    2.5000000000000006e-01  2.0667469013768924e+00  1.2240178614032760e+00  8.6674927285235515e-01
528    5.0000000000000011e-01  2.0667469013768924e+00  1.2240178614032755e+00  8.6674927285235515e-01
529    7.5000000000000000e-01  2.0667469013768933e+00  1.2240178614032760e+00  8.6674927285235503e-01
530    9.1666666666666663e-01  2.0667469013768924e+00  1.2240178614032755e+00  8.6674927285235515e-01
531    1.0000000000000000e+00  2.0667469013768924e+00  1.2240178614032755e+00  8.6674927285235515e-01
532    0.0000000000000000e+00  2.2389758098249670e+00  1.3260193498535489e+00  8.6674927285235503e-01
533    8.3333333333333329e-02  2.2389758098249670e+00  1.3260193498535489e+00  8.6674927285235503e-01
534    2.5000000000000006e-01  2.2389758098249675e+00  1.3260193498535489e+00  8.6674927285235503e-01
535    5.0000000000000011e-01  2.2389758098249670e+00  1.3260193498535489e+00  8.6674927285235503e-01
536    7.5000000000000000e-01  2.2389758098249670e+00  1.3260193498535489e+00  8.6674927285235503e-01
537    9.1666666666666674e-01  2.2389758098249670e+00  1.3260193498535489e+00  8.6674927285235503e-01
538    1.0000000000000000e+00  2.2389758098249670e+00  1.3260193498535489e+00  8.6674927285235503e-01
539    0.0000000000000000e+00  2.4112047182730416e+00  1.4280208383038218e+00  8.6674927285235503e-01
540    8.3333333333333329e-02  2.4112047182730416e+00  1.4280208383038218e+00  8.6674927285235503e-01
541    2.5000000000000000e-01  2.4112047182730416e+00  1.4280208383038218e+00  8.6674927285235503e-01
542    5.0000000000000000e-01  2.4112047182730416e+00  1.4280208383038218e+00  8.6674927285235503e-01
543    7.5000000000000000e-01  2.4112047182730416e+00  1.4280208383038218e+00  8.6674927285235503e-01
544    9.1666666666666674e-01  2.4112047182730416e+00  1.4280208383038218e+00  8.6674927285235503e-01
545    1.0000000000000000e+00  2.4112047182730416e+00  1.4280208383038218e+00  8.6674927285235503e-01
546    0.0000000000000000e+00  2.5260239905717579e+00  1.4960218306040038e+00  8.6674927285235503e-01
547    8.3333333333333329e-02  2.5260239905717579e+00  1.4960218306040038e+00  8.6674927285235503e-01
548    2.5000000000000000e-01  2.5260239905717579e+00  1.4960218306040038e+00  8.6674927285235503e-01
549    5.0000000000000000e-01  2.5260239905717579e+00  1.4960218306040038e+00  8.6674927285235503e-01
550    7.5000000000000000e-01  2.5260239905717579e+00  1.4960218306040038e+00  8.6674927285235503e-01
551    9.1666666666666674e-01  2.5260239905717579e+00  1.4960218306040038e+00  8.6674927285235503e-01
552    1.0000000000000000e+00  2.5260239905717579e+00  1.4960218306040038e+00  8.6674927285235503e-01
553    0.0000000000000000e+00  2.5834336267211158e+00  1.5300223267540951e+00  8.6674927285235503e-01
554    8.3333333333333329e-02  2.5834336267211158e+00  1.5300223267540951e+00  8.6674927285235503e-01
555    2.5000000000000000e-01  2.5834336267211158e+00  1.5300223267540951e+00  8.6674927285235503e-01
556    5.0000000000000000e-01  2.5834336267211158e+00  1.5300223267540947e+00  8.6674927285235503e-01
557    7.5000000000000000e-01  2.5834336267211158e+00  1.5300223267540951e+00  8.6674927285235503e-01
558    9.1666666666666674e-01  2.5834336267211158e+00  1.5300223267540951e+00  8.6674927285235503e-01
559    1.0000000000000000e+00  2.5834336267211158e+00  1.5300223267540951e+00  8.6674927285235503e-01
560    0.0000000000000000e+00  1.6454178528985997e+00  1.1399185109565209e+00  8.6010519227435622e-01
561    8.3333333333333343e-02  1.6454178528985997e+00  1.1399185109565209e+00  8.6010519227435622e-01
562    2.5000000000000006e-01  1.6454178528985997e+00  1.1399185109565209e+00  8.6010519227435622e-01
563    5.0000000000000011e-01  1.6454178528985997e+00  1.1399185109565209e+00  8.6010519227435622e-01
564    7.5000000000000000e-01  1.6454178528985997e+00  1.1399185109565209e+00  8.6010519227435622e-01
565    9.1666666666666652e-01  1.6454178528985997e+00  1.1399185109565209e+00  8.6010519227435622e-01
566    1.0000000000000000e+00  1.6454178528985997e+00  1.1399185109565209e+00  8.6010519227435622e-01
567    0.0000000000000000e+00  1.7002651146618863e+00  1.1779157946550716e+00  8.6010519227435622e-01
568    8.3333333333333343e-02  1.7002651146618863e+00  1.1779157946550716e+00  8.6010519227435622e-01
569    2.5000000000000006e-01  1.7002651146618863e+00  1.1779157946550716e+00  8.6010519227435622e-01
570    5.0000000000000011e-01  1.7002651146618863e+00  1.1779157946550716e+00  8.6010519227435622e-01
571    7.5000000000000011e-01  1.7002651146618863e+00  1.1779157946550716e+00  8.6010519227435622e-01
572    9.1666666666666652e-01  1.7002651146618863e+00  1.1779157946550716e+00  8.6010519227435622e-01
573    1.0000000000000000e+00  1.7002651146618863e+00  1.1779157946550716e+00  8.6010519227435622e-01
574    0.0000000000000000e+00  1.8099596381884600e+00  1.2539103620521730e+00  8.6010519227435622e-01
575    8.3333333333333343e-02  1.8099596381884600e+00  1.2539103620521730e+00  8.6010519227435622e-01
576    2.5000000000000006e-01  1.8099596381884600e+00  1.2539103620521730e+00  8.6010519227435622e-01
577    5.0000000000000011e-01  1.8099596381884600e+00  1.2539103620521730e+00  8.6010519227435622e-01
578    7.5000000000000011e-01  1.8099596381884600e+00  1.2539103620521730e+00  8.6010519227435622e-01
579    9.1666666666666674e-01  1.8099596381884600e+00  1.2539103620521730e+00  8.6010519227435622e-01
580    1.0000000000000000e+00  1.8099596381884600e+00  1.2539103620521730e+00  8.6010519227435622e-01
581    0.0000000000000000e+00  1.9745014234783196e+00  1.3679022131478251e+00  8.6010519227435633e-01
582    8.3333333333333329e-02  1.9745014234783196e+00  1.3679022131478251e+00  8.6010519227435633e-01
583    2.5000000000000000e-01  1.9745014234783196e+00  1.3679022131478251e+00  8.6010519227435633e-01
584    5.0000000000000000e-01  1.9745014234783196e+00  1.3679022131478251e+00  8.6010519227435633e-01
585    7.5000000000000011e-01  1.9745014234783200e+00  1.3679022131478253e+00  8.6010519227435622e-01
586    9.1666666666666641e-01  1.9745014234783196e+00  1.3679022131478251e+00  8.6010519227435633e-01
587    1.0000000000000000e+00  1.9745014234783196e+00  1.3679022131478251e+00  8.6010519227435633e-01
588    0.0000000000000000e+00  2.1390432087681797e+00  1.4818940642434770e+00  8.6010519227435622e-01
589    8.3333333333333343e-02  2.1390432087681797e+00  1.4818940642434770e+00  8.6010519227435622e-01
590    2.5000000000000006e-01  2.1390432087681797e+00  1.4818940642434770e+00  8.6010519227435622e-01
591    5.0000000000000011e-01  2.1390432087681797e+00  1.4818940642434770e+00  8.6010519227435622e-01
592    7.5000000000000011e-01  2.1390432087681797e+00  1.4818940642434770e+00  8.6010519227435622e-01
593    9.1666666666666652e-01  2.1390432087681797e+00  1.4818940642434770e+00  8.6010519227435622e-01
594    1.0000000000000000e+00  2.1390432087681797e+00  1.4818940642434770e+00  8.6010519227435622e-01
595    0.0000000000000000e+00  2.3035849940580393e+00  1.5958859153391292e+00  8.6010519227435622e-01
596    8.3333333333333343e-02  2.3035849940580393e+00  1.5958859153391292e+00  8.6010519227435622e-01
597    2.5000000000000006e-01  2.3035849940580393e+00  1.5958859153391292e+00  8.6010519227435622e-01
598    5.0000000000000011e-01  2.3035849940580393e+00  1.5958859153391292e+00  8.6010519227435622e-01
599    7.5000000000000000e-01  2.3035849940580393e+00  1.5958859153391292e+00  8.6010519227435622e-01
600    9.1666666666666652e-01  2.3035849940580393e+00  1.5958859153391292e+00  8.6010519227435622e-01
601    1.0000000000000000e+00  2.3035849940580393e+00  1.5958859153391292e+00  8.6010519227435622e-01
602    0.0000000000000000e+00  2.4132795175846127e+00  1.6718804827362306e+00  8.6010519227435622e-01
603    8.3333333333333343e-02  2.4132795175846127e+00  1.6718804827362306e+00  8.6010519227435622e-01
604    2.5000000000000006e-01  2.4132795175846127e+00  1.6718804827362306e+00  8.6010519227435622e-01
605    5.0000000000000011e-01  2.4132795175846127e+00  1.6718804827362306e+00  8.6010519227435622e-01
606    7.5000000000000000e-01  2.4132795175846127e+00  1.6718804827362306e+00  8.6010519227435622e-01
607    9.1666666666666652e-01  2.4132795175846127e+00  1.6718804827362306e+00  8.6010519227435622e-01
608    1.0000000000000000e+00  2.4132795175846127e+00  1.6718804827362306e+00  8.6010519227435622e-01
609    0.0000000000000000e+00  2.4681267793478998e+00  1.7098777664347813e+00  8.6010519227435622e-01
610    8.3333333333333343e-02  2.4681267793478998e+00  1.7098777664347813e+00  8.6010519227435622e-01
611    2.5000000000000006e-01  2.4681267793478998e+00  1.7098777664347813e+00  8.6010519227435622e-01
612    5.0000000000000011e-01  2.4681267793478998e+00  1.7098777664347813e+00  8.6010519227435622e-01
613    7.5000000000000000e-01  2.4681267793478998e+00  1.7098777664347813e+00  8.6010519227435622e-01
614    9.1666666666666652e-01  2.4681267793478998e+00  1.7098777664347813e+00  8.6010519227435622e-01
615    1.0000000000000000e+00  2.4681267793478998e+00  1.7098777664347813e+00  8.6010519227435622e-01
616    0.0000000000000000e+00  1.5596327582208780e+00  1.2547631292968704e+00  8.5567580522235698e-01
617    8.3333333333333356e-02  1.5596327582208780e+00  1.2547631292968704e+00  8.5567580522235698e-01
618    2.5000000000000006e-01  1.5596327582208780e+00  1.2547631292968704e+00  8.5567580522235698e-01
619    5.0000000000000011e-01  1.5596327582208780e+00  1.2547631292968704e+00  8.5567580522235698e-01
620    7.5000000000000000e-01  1.5596327582208780e+00  1.2547631292968704e+00  8.5567580522235698e-01
621    9.1666666666666663e-01  1.5596327582208780e+00  1.2547631292968704e+00  8.5567580522235698e-01
622    1.0000000000000000e+00  1.5596327582208780e+00  1.2547631292968704e+00  8.5567580522235698e-01
623    0.0000000000000000e+00  1.6116205168282407e+00  1.2965885669400994e+00  8.5567580522235698e-01
624    8.3333333333333356e-02  1.6116205168282407e+00  1.2965885669400994e+00  8.5567580522235698e-01
625    2.5000000000000006e-01  1.6116205168282407e+00  1.2965885669400994e+00  8.5567580522235698e-01
626    5.0000000000000011e-01  1.6116205168282407e+00  1.2965885669400994e+00  8.5567580522235698e-01
627    7.5000000000000000e-01  1.6116205168282407e+00  1.2965885669400994e+00  8.5567580522235698e-01
628    9.1666666666666663e-01  1.6116205168282407e+00  1.2965885669400994e+00  8.5567580522235698e-01
629    1.0000000000000000e+00  1.6116205168282407e+00  1.2965885669400994e+00  8.5567580522235698e-01
630    0.0000000000000000e+00  1.7155960340429655e+00  1.3802394422265574e+00  8.5567580522235720e-01
631    8.3333333333333329e-02  1.7155960340429655e+00  1.3802394422265574e+00  8.5567580522235720e-01
632    2.4999999999999997e-01  1.7155960340429655e+00  1.3802394422265574e+00  8.5567580522235720e-01
633    4.9999999999999994e-01  1.7155960340429655e+00  1.3802394422265574e+00  8.5567580522235720e-01
634    7.5000000000000000e-01  1.7155960340429659e+00  1.3802394422265576e+00  8.5567580522235698e-01
635    9.1666666666666652e-01  1.7155960340429655e+00  1.3802394422265574e+00  8.5567580522235720e-01
636    1.0000000000000000e+00  1.7155960340429655e+00  1.3802394422265574e+00  8.5567580522235720e-01
637    0.0000000000000000e+00  1.8715593098650531e+00  1.5057157551562441e+00  8.5567580522235720e-01
638    8.3333333333333329e-02  1.8715593098650531e+00  1.5057157551562441e+00  8.5567580522235720e-01
639    2.5000000000000000e-01  1.8715593098650531e+00  1.5057157551562441e+00  8.5567580522235720e-01
640    5.0000000000000000e-01  1.8715593098650531e+00  1.5057157551562441e+00  8.5567580522235720e-01
641    7.4999999999999978e-01  1.8715593098650536e+00  1.5057157551562441e+00  8.5567580522235720e-01
642    9.1666666666666641e-01  1.8715593098650531e+00  1.5057157551562441e+00  8.5567580522235720e-01
643    1.0000000000000000e+00  1.8715593098650531e+00  1.5057157551562441e+00  8.5567580522235720e-01
644    0.0000000000000000e+00  2.0275225856871413e+00  1.6311920680859313e+00  8.5567580522235698e-01
645    8.3333333333333356e-02  2.0275225856871413e+00  1.6311920680859313e+00  8.5567580522235698e-01
646    2.5000000000000006e-01  2.0275225856871413e+00  1.6311920680859313e+00  8.5567580522235698e-01
647    5.0000000000000011e-01  2.0275225856871413e+00  1.6311920680859313e+00  8.5567580522235698e-01
648    7.5000000000000000e-01  2.0275225856871413e+00  1.6311920680859313e+00  8.5567580522235698e-01
649    9.1666666666666663e-01  2.0275225856871413e+00  1.6311920680859313e+00  8.5567580522235698e-01
650    1.0000000000000000e+00  2.0275225856871413e+00  1.6311920680859313e+00  8.5567580522235698e-01
651    0.0000000000000000e+00  2.1834858615092294e+00  1.7566683810156185e+00  8.5567580522235698e-01
652    8.3333333333333356e-02  2.1834858615092294e+00  1.7566683810156185e+00  8.5567580522235698e-01
653    2.5000000000000006e-01  2.1834858615092294e+00  1.7566683810156185e+00  8.5567580522235698e-01
654    5.0000000000000011e-01  2.1834858615092294e+00  1.7566683810156185e+00  8.5567580522235698e-01
655    7.5000000000000000e-01  2.1834858615092294e+00  1.7566683810156185e+00  8.5567580522235698e-01
656    9.1666666666666663e-01  2.1834858615092294e+00  1.7566683810156185e+00  8.5567580522235698e-01
657    1.0000000000000000e+00  2.1834858615092294e+00  1.7566683810156185e+00  8.5567580522235698e-01
658    0.0000000000000000e+00  2.2874613787239544e+00  1.8403192563020763e+00  8.5567580522235698e-01
659    8.3333333333333356e-02  2.2874613787239544e+00  1.8403192563020763e+00  8.5567580522235698e-01
660    2.5000000000000006e-01  2.2874613787239544e+00  1.8403192563020763e+00  8.5567580522235698e-01
661    5.0000000000000011e-01  2.2874613787239544e+00  1.8403192563020763e+00  8.5567580522235698e-01
662    7.5000000000000000e-01  2.2874613787239544e+00  1.8403192563020763e+00  8.5567580522235698e-01
663    9.1666666666666663e-01  2.2874613787239544e+00  1.8403192563020763e+00  8.5567580522235698e-01
664    1.0000000000000000e+00  2.2874613787239544e+00  1.8403192563020763e+00  8.5567580522235698e-01
665    0.0000000000000000e+00  2.3394491373313171e+00  1.8821446939453057e+00  8.5567580522235698e-01
666    8.3333333333333356e-02  2.3394491373313171e+00  1.8821446939453057e+00  8.5567580522235698e-01
667    2.5000000000000006e-01  2.3394491373313171e+00  1.8821446939453057e+00  8.5567580522235698e-01
668    5.0000000000000011e-01  2.3394491373313171e+00  1.8821446939453055e+00  8.5567580522235698e-01
669    7.5000000000000000e-01  2.3394491373313171e+00  1.8821446939453057e+00  8.5567580522235698e-01
670    9.1666666666666663e-01  2.3394491373313171e+00  1.8821446939453057e+00  8.5567580522235698e-01
671    1.0000000000000000e+00  2.3394491373313171e+00  1.8821446939453057e+00  8.5567580522235698e-01
672    0.0000000000000000e+00  1.4654628394698674e+00  1.3635759221312507e+00  8.5346111169635719e-01
673    8.3333333333333343e-02  1.4654628394698674e+00  1.3635759221312507e+00  8.5346111169635719e-01
674    2.5000000000000000e-01  1.4654628394698674e+00  1.3635759221312507e+00  8.5346111169635719e-01
675    5.0000000000000000e-01  1.4654628394698674e+00  1.3635759221312507e+00  8.5346111169635719e-01
676    7.5000000000000011e-01  1.4654628394698674e+00  1.3635759221312507e+00  8.5346111169635719e-01
677    9.1666666666666663e-01  1.4654628394698674e+00  1.3635759221312507e+00  8.5346111169635719e-01
678    1.0000000000000000e+00  1.4654628394698674e+00  1.3635759221312507e+00  8.5346111169635719e-01
679    0.0000000000000000e+00  1.5143116007855297e+00  1.4090284528689592e+00  8.5346111169635719e-01
680    8.3333333333333343e-02  1.5143116007855297e+00  1.4090284528689592e+00  8.5346111169635719e-01
681    2.5000000000000000e-01  1.5143116007855297e+00  1.4090284528689594e+00  8.5346111169635719e-01
682    5.0000000000000000e-01  1.5143116007855300e+00  1.4090284528689592e+00  8.5346111169635719e-01
683    7.5000000000000011e-01  1.5143116007855297e+00  1.4090284528689594e+00  8.5346111169635719e-01
684    9.1666666666666663e-01  1.5143116007855297e+00  1.4090284528689592e+00  8.5346111169635719e-01
685    1.0000000000000000e+00  1.5143116007855297e+00  1.4090284528689592e+00  8.5346111169635719e-01
686    0.0000000000000000e+00  1.6120091234168543e+00  1.4999335143443762e+00  8.5346111169635719e-01
687    8.3333333333333343e-02  1.6120091234168543e+00  1.4999335143443762e+00  8.5346111169635719e-01
688    2.5000000000000000e-01  1.6120091234168543e+00  1.4999335143443762e+00  8.5346111169635719e-01
689    5.0000000000000000e-01  1.6120091234168543e+00  1.4999335143443762e+00  8.5346111169635719e-01
690    7.5000000000000011e-01  1.6120091234168543e+00  1.4999335143443762e+00  8.5346111169635719e-01
691    9.1666666666666663e-01  1.6120091234168543e+00  1.4999335143443762e+00  8.5346111169635719e-01
692    1.0000000000000000e+00  1.6120091234168543e+00  1.4999335143443762e+00  8.5346111169635719e-01
693    0.0000000000000000e+00  1.7585554073638408e+00  1.6362911065575008e+00  8.5346111169635741e-01
694    8.3333333333333329e-02  1.7585554073638408e+00  1.6362911065575008e+00  8.5346111169635741e-01
695    2.5000000000000000e-01  1.7585554073638408e+00  1.6362911065575008e+00  8.5346111169635741e-01
696    5.0000000000000000e-01  1.7585554073638408e+00  1.6362911065575008e+00  8.5346111169635741e-01
697    7.5000000000000011e-01  1.7585554073638412e+00  1.6362911065575012e+00  8.5346111169635719e-01
698    9.1666666666666641e-01  1.7585554073638408e+00  1.6362911065575008e+00  8.5346111169635741e-01
699    1.0000000000000000e+00  1.7585554073638408e+00  1.6362911065575008e+00  8.5346111169635741e-01
700    0.0000000000000000e+00  1.9051016913108276e+00  1.7726486987706260e+00  8.5346111169635719e-01
701    8.3333333333333343e-02  1.9051016913108276e+00  1.7726486987706260e+00  8.5346111169635719e-01
702    2.5000000000000000e-01  1.9051016913108276e+00  1.7726486987706260e+00  8.5346111169635719e-01
703    5.0000000000000000e-01  1.9051016913108276e+00  1.7726486987706260e+00  8.5346111169635719e-01
704    7.5000000000000011e-01  1.9051016913108276e+00  1.7726486987706260e+00  8.5346111169635719e-01
705    9.1666666666666663e-01  1.9051016913108276e+00  1.7726486987706260e+00  8.5346111169635719e-01
706    1.0000000000000000e+00  1.9051016913108276e+00  1.7726486987706260e+00  8.5346111169635719e-01
707    0.0000000000000000e+00  2.0516479752578141e+00  1.9090062909837509e+00  8.5346111169635719e-01
708    8.3333333333333343e-02  2.0516479752578141e+00  1.9090062909837509e+00  8.5346111169635719e-01
709    2.5000000000000000e-01  2.0516479752578141e+00  1.9090062909837509e+00  8.5346111169635719e-01
710    5.0000000000000000e-01  2.0516479752578141e+00  1.9090062909837509e+00  8.5346111169635719e-01
711    7.5000000000000011e-01  2.0516479752578141e+00  1.9090062909837509e+00  8.5346111169635719e-01
712    9.1666666666666663e-01  2.0516479752578141e+00  1.9090062909837509e+00  8.5346111169635719e-01
713    1.0000000000000000e+00  2.0516479752578141e+00  1.9090062909837509e+00  8.5346111169635719e-01
714    0.0000000000000000e+00  2.1493454978891391e+00  1.9999113524591678e+00  8.5346111169635719e-01
715    8.3333333333333343e-02  2.1493454978891391e+00  1.9999113524591678e+00  8.5346111169635719e-01
716    2.5000000000000000e-01  2.1493454978891391e+00  1.9999113524591678e+00  8.5346111169635719e-01
717    5.0000000000000000e-01  2.1493454978891391e+00  1.9999113524591678e+00  8.5346111169635719e-01
718    7.5000000000000011e-01  2.1493454978891391e+00  1.9999113524591678e+00  8.5346111169635719e-01
719    9.1666666666666663e-01  2.1493454978891391e+00  1.9999113524591678e+00  8.5346111169635719e-01
720    1.0000000000000000e+00  2.1493454978891391e+00  1.9999113524591678e+00  8.5346111169635719e-01
721    0.0000000000000000e+00  2.1981942592048012e+00  2.0453638831968761e+00  8.5346111169635719e-01
722    8.3333333333333343e-02  2.1981942592048012e+00  2.0453638831968761e+00  8.5346111169635719e-01
723    2.5000000000000000e-01  2.1981942592048012e+00  2.0453638831968761e+00  8.5346111169635719e-01
724    5.0000000000000000e-01  2.1981942592048012e+00  2.0453638831968761e+00  8.5346111169635719e-01
725    7.5000000000000011e-01  2.1981942592048012e+00  2.0453638831968761e+00  8.5346111169635719e-01
726    9.1666666666666663e-01  2.1981942592048012e+00  2.0453638831968761e+00  8.5346111169635719e-01
727    1.0000000000000000e+00  2.1981942592048012e+00  2.0453638831968761e+00  8.5346111169635719e-01
728    0.0000000000000000e+00  1.3635759221312509e+00  1.4654628394698677e+00  8.5346111169635708e-01
729    8.3333333333333356e-02  1.3635759221312509e+00  1.4654628394698677e+00  8.5346111169635708e-01
730    2.5000000000000006e-01  1.3635759221312509e+00  1.4654628394698677e+00  8.5346111169635708e-01
731    5.0000000000000011e-01  1.3635759221312511e+00  1.4654628394698677e+00  8.5346111169635708e-01
732    7.4999999999999989e-01  1.3635759221312509e+00  1.4654628394698677e+00  8.5346111169635708e-01
733    9.1666666666666674e-01  1.3635759221312509e+00  1.4654628394698677e+00  8.5346111169635708e-01
734    1.0000000000000000e+00  1.3635759221312509e+00  1.4654628394698677e+00  8.5346111169635708e-01
735    0.0000000000000000e+00  1.4090284528689596e+00  1.5143116007855300e+00  8.5346111169635708e-01
736    8.3333333333333356e-02  1.4090284528689596e+00  1.5143116007855300e+00  8.5346111169635708e-01
737    2.5000000000000006e-01  1.4090284528689596e+00  1.5143116007855300e+00  8.5346111169635708e-01
738    5.0000000000000011e-01  1.4090284528689596e+00  1.5143116007855300e+00  8.5346111169635708e-01
739    7.5000000000000011e-01  1.4090284528689596e+00  1.5143116007855300e+00  8.5346111169635708e-01
740    9.1666666666666674e-01  1.4090284528689596e+00  1.5143116007855300e+00  8.5346111169635708e-01
741    1.0000000000000000e+00  1.4090284528689596e+00  1.5143116007855300e+00  8.5346111169635708e-01
742    0.0000000000000000e+00  1.4999335143443759e+00  1.6120091234168539e+00  8.5346111169635730e-01
743    8.3333333333333329e-02  1.4999335143443759e+00  1.6120091234168539e+00  8.5346111169635730e-01
744    2.5000000000000000e-01  1.4999335143443759e+00  1.6120091234168541e+00  8.5346111169635730e-01
745    5.0000000000000000e-01  1.4999335143443759e+00  1.6120091234168539e+00  8.5346111169635730e-01
746    7.5000000000000011e-01  1.4999335143443764e+00  1.6120091234168543e+00  8.5346111169635708e-01
747    9.1666666666666652e-01  1.4999335143443759e+00  1.6120091234168539e+00  8.5346111169635730e-01
748    1.0000000000000000e+00  1.4999335143443759e+00  1.6120091234168539e+00  8.5346111169635730e-01
749    0.0000000000000000e+00  1.6362911065575010e+00  1.7585554073638405e+00  8.5346111169635730e-01
750    8.3333333333333329e-02  1.6362911065575010e+00  1.7585554073638405e+00  8.5346111169635730e-01
751    2.5000000000000000e-01  1.6362911065575010e+00  1.7585554073638405e+00  8.5346111169635730e-01
752    5.0000000000000000e-01  1.6362911065575010e+00  1.7585554073638405e+00  8.5346111169635730e-01
753    7.5000000000000000e-01  1.6362911065575010e+00  1.7585554073638405e+00  8.5346111169635730e-01
754    9.1666666666666652e-01  1.6362911065575010e+00  1.7585554073638405e+00  8.5346111169635730e-01
755    1.0000000000000000e+00  1.6362911065575010e+00  1.7585554073638405e+00  8.5346111169635730e-01
756    0.0000000000000000e+00  1.7726486987706265e+00  1.9051016913108281e+00  8.5346111169635708e-01
757    8.3333333333333356e-02  1.7726486987706265e+00  1.9051016913108281e+00  8.5346111169635708e-01
758    2.5000000000000006e-01  1.7726486987706265e+00  1.9051016913108281e+00  8.5346111169635708e-01
759    5.0000000000000011e-01  1.7726486987706265e+00  1.9051016913108274e+00  8.5346111169635708e-01
760    7.5000000000000022e-01  1.7726486987706265e+00  1.9051016913108281e+00  8.5346111169635708e-01
761    9.1666666666666674e-01  1.7726486987706265e+00  1.9051016913108281e+00  8.5346111169635708e-01
762    1.0000000000000000e+00  1.7726486987706265e+00  1.9051016913108281e+00  8.5346111169635708e-01
763    0.0000000000000000e+00  1.9090062909837517e+00  2.0516479752578145e+00  8.5346111169635708e-01
764    8.3333333333333356e-02  1.9090062909837517e+00  2.0516479752578145e+00  8.5346111169635708e-01
765    2.5000000000000006e-01  1.9090062909837517e+00  2.0516479752578145e+00  8.5346111169635708e-01
766    5.0000000000000011e-01  1.9090062909837517e+00  2.0516479752578145e+00  8.5346111169635708e-01
767    7.4999999999999989e-01  1.9090062909837517e+00  2.0516479752578145e+00  8.5346111169635708e-01
768    9.1666666666666674e-01  1.9090062909837517e+00  2.0516479752578145e+00  8.5346111169635708e-01
769    1.0000000000000000e+00  1.9090062909837517e+00  2.0516479752578145e+00  8.5346111169635708e-01
770    0.0000000000000000e+00  1.9999113524591685e+00  2.1493454978891391e+00  8.5346111169635708e-01
771    8.3333333333333356e-02  1.9999113524591685e+00  2.1493454978891391e+00  8.5346111169635708e-01
772    2.5000000000000006e-01  1.9999113524591685e+00  2.1493454978891391e+00  8.5346111169635708e-01
773    5.0000000000000011e-01  1.9999113524591685e+00  2.1493454978891391e+00  8.5346111169635708e-01
774    7.4999999999999989e-01  1.9999113524591685e+00  2.1493454978891391e+00  8.5346111169635708e-01
775    9.1666666666666674e-01  1.9999113524591685e+00  2.1493454978891391e+00  8.5346111169635708e-01
776    1.0000000000000000e+00  1.9999113524591685e+00  2.1493454978891391e+00  8.5346111169635708e-01
777    0.0000000000000000e+00  2.0453638831968766e+00  2.1981942592048012e+00  8.5346111169635708e-01
778    8.3333333333333356e-02  2.0453638831968766e+00  2.1981942592048012e+00  8.5346111169635708e-01
779    2.5000000000000006e-01  2.0453638831968766e+00  2.1981942592048012e+00  8.5346111169635708e-01
780    5.0000000000000011e-01  2.0453638831968766e+00  2.1981942592048007e+00  8.5346111169635708e-01
781    7.4999999999999989e-01  2.0453638831968766e+00  2.1981942592048012e+00  8.5346111169635708e-01
782    9.1666666666666674e-01  2.0453638831968766e+00  2.1981942592048012e+00  8.5346111169635708e-01
783    1.0000000000000000e+00  2.0453638831968766e+00  2.1981942592048012e+00  8.5346111169635708e-01
784    0.0000000000000000e+00  1.2547631292968702e+00  1.5596327582208780e+00  8.5567580522235676e-01
785    8.3333333333333343e-02  1.2547631292968702e+00  1.5596327582208780e+00  8.5567580522235676e-01
786    2.5000000000000000e-01  1.2547631292968702e+00  1.5596327582208780e+00  8.5567580522235676e-01
787    5.0000000000000000e-01  1.2547631292968702e+00  1.5596327582208780e+00  8.5567580522235676e-01
788    7.4999999999999989e-01  1.2547631292968702e+00  1.5596327582208780e+00  8.5567580522235676e-01
789    9.1666666666666663e-01  1.2547631292968702e+00  1.5596327582208780e+00  8.5567580522235676e-01
790    1.0000000000000000e+00  1.2547631292968702e+00  1.5596327582208780e+00  8.5567580522235676e-01
791    0.0000000000000000e+00  1.2965885669400996e+00  1.6116205168282407e+00  8.5567580522235676e-01
792    8.3333333333333343e-02  1.2965885669400996e+00  1.6116205168282407e+00  8.5567580522235676e-01
793    2.5000000000000000e-01  1.2965885669400996e+00  1.6116205168282407e+00  8.5567580522235676e-01
794    5.0000000000000000e-01  1.2965885669400996e+00  1.6116205168282407e+00  8.5567580522235676e-01
795    7.4999999999999989e-01  1.2965885669400996e+00  1.6116205168282407e+00  8.5567580522235676e-01
796    9.1666666666666663e-01  1.2965885669400996e+00  1.6116205168282407e+00  8.5567580522235676e-01
797    1.0000000000000000e+00  1.2965885669400996e+00  1.6116205168282407e+00  8.5567580522235676e-01
798    0.0000000000000000e+00  1.3802394422265576e+00  1.7155960340429657e+00  8.5567580522235676e-01
799    8.3333333333333343e-02  1.3802394422265576e+00  1.7155960340429657e+00  8.5567580522235676e-01
800    2.5000000000000000e-01  1.3802394422265576e+00  1.7155960340429659e+00  8.5567580522235676e-01
801    5.0000000000000000e-01  1.3802394422265576e+00  1.7155960340429657e+00  8.5567580522235676e-01
802    7.5000000000000011e-01  1.3802394422265576e+00  1.7155960340429657e+00  8.5567580522235676e-01
803    9.1666666666666674e-01  1.3802394422265576e+00  1.7155960340429657e+00  8.5567580522235676e-01
804    1.0000000000000000e+00  1.3802394422265576e+00  1.7155960340429657e+00  8.5567580522235676e-01
805    0.0000000000000000e+00  1.5057157551562443e+00  1.8715593098650531e+00  8.5567580522235698e-01
806    8.3333333333333329e-02  1.5057157551562443e+00  1.8715593098650531e+00  8.5567580522235698e-01
807    2.5000000000000000e-01  1.5057157551562443e+00  1.8715593098650534e+00  8.5567580522235698e-01
808    5.0000000000000000e-01  1.5057157551562443e+00  1.8715593098650531e+00  8.5567580522235698e-01
809    7.5000000000000011e-01  1.5057157551562446e+00  1.8715593098650540e+00  8.5567580522235676e-01
810    9.1666666666666652e-01  1.5057157551562443e+00  1.8715593098650531e+00  8.5567580522235698e-01
811    1.0000000000000000e+00  1.5057157551562443e+00  1.8715593098650531e+00  8.5567580522235698e-01
812    0.0000000000000000e+00  1.6311920680859313e+00  2.0275225856871413e+00  8.5567580522235676e-01
813    8.3333333333333343e-02  1.6311920680859313e+00  2.0275225856871413e+00  8.5567580522235676e-01
814    2.5000000000000000e-01  1.6311920680859315e+00  2.0275225856871413e+00  8.5567580522235676e-01
815    5.0000000000000000e-01  1.6311920680859313e+00  2.0275225856871413e+00  8.5567580522235676e-01
816    7.5000000000000011e-01  1.6311920680859313e+00  2.0275225856871413e+00  8.5567580522235676e-01
817    9.1666666666666663e-01  1.6311920680859313e+00  2.0275225856871413e+00  8.5567580522235676e-01
818    1.0000000000000000e+00  1.6311920680859313e+00  2.0275225856871413e+00  8.5567580522235676e-01
819    0.0000000000000000e+00  1.7566683810156181e+00  2.1834858615092290e+00  8.5567580522235676e-01
820    8.3333333333333343e-02  1.7566683810156181e+00  2.1834858615092290e+00  8.5567580522235676e-01
821    2.5000000000000000e-01  1.7566683810156181e+00  2.1834858615092290e+00  8.5567580522235676e-01
822    5.0000000000000000e-01  1.7566683810156181e+00  2.1834858615092290e+00  8.5567580522235676e-01
823    7.4999999999999989e-01  1.7566683810156181e+00  2.1834858615092290e+00  8.5567580522235676e-01
824    9.1666666666666674e-01  1.7566683810156181e+00  2.1834858615092290e+00  8.5567580522235676e-01
825    1.0000000000000000e+00  1.7566683810156181e+00  2.1834858615092290e+00  8.5567580522235676e-01
826    0.0000000000000000e+00  1.8403192563020769e+00  2.2874613787239539e+00  8.5567580522235676e-01
827    8.3333333333333343e-02  1.8403192563020769e+00  2.2874613787239539e+00  8.5567580522235676e-01
828    2.5000000000000000e-01  1.8403192563020769e+00  2.2874613787239539e+00  8.5567580522235676e-01
829    5.0000000000000000e-01  1.8403192563020769e+00  2.2874613787239539e+00  8.5567580522235676e-01
830    7.4999999999999989e-01  1.8403192563020769e+00  2.2874613787239539e+00  8.5567580522235676e-01
831    9.1666666666666663e-01  1.8403192563020769e+00  2.2874613787239539e+00  8.5567580522235676e-01
832    1.0000000000000000e+00  1.8403192563020769e+00  2.2874613787239539e+00  8.5567580522235676e-01
833    0.0000000000000000e+00  1.8821446939453055e+00  2.3394491373313167e+00  8.5567580522235676e-01
834    8.3333333333333343e-02  1.8821446939453055e+00  2.3394491373313167e+00  8.5567580522235676e-01
835    2.5000000000000000e-01  1.8821446939453055e+00  2.3394491373313167e+00  8.5567580522235676e-01
836    5.0000000000000000e-01  1.8821446939453055e+00  2.3394491373313167e+00  8.5567580522235676e-01
837    7.4999999999999989e-01  1.8821446939453055e+00  2.3394491373313167e+00  8.5567580522235676e-01
838    9.1666666666666663e-01  1.8821446939453055e+00  2.3394491373313167e+00  8.5567580522235676e-01
839    1.0000000000000000e+00  1.8821446939453055e+00  2.3394491373313167e+00  8.5567580522235676e-01
840    0.0000000000000000e+00  1.1399185109565209e+00  1.6454178528985999e+00  8.6010519227435600e-01
841    8.3333333333333329e-02  1.1399185109565209e+00  1.6454178528985999e+00  8.6010519227435600e-01
842    2.5000000000000006e-01  1.1399185109565209e+00  1.6454178528985999e+00  8.6010519227435600e-01
843    5.0000000000000011e-01  1.1399185109565209e+00  1.6454178528985999e+00  8.6010519227435600e-01
844    7.5000000000000000e-01  1.1399185109565209e+00  1.6454178528985999e+00  8.6010519227435600e-01
845    9.1666666666666674e-01  1.1399185109565209e+00  1.6454178528985999e+00  8.6010519227435600e-01
846    1.0000000000000000e+00  1.1399185109565209e+00  1.6454178528985999e+00  8.6010519227435600e-01
847    0.0000000000000000e+00  1.1779157946550718e+00  1.7002651146618866e+00  8.6010519227435600e-01
848    8.3333333333333329e-02  1.1779157946550718e+00  1.7002651146618866e+00  8.6010519227435600e-01
849    2.5000000000000006e-01  1.1779157946550718e+00  1.7002651146618868e+00  8.6010519227435600e-01
850    5.0000000000000011e-01  1.1779157946550720e+00  1.7002651146618866e+00  8.6010519227435600e-01
851    7.5000000000000000e-01  1.1779157946550718e+00  1.7002651146618868e+00  8.6010519227435600e-01
852    9.1666666666666674e-01  1.1779157946550718e+00  1.7002651146618866e+00  8.6010519227435600e-01
853    1.0000000000000000e+00  1.1779157946550718e+00  1.7002651146618866e+00  8.6010519227435600e-01
854    0.0000000000000000e+00  1.2539103620521732e+00  1.8099596381884597e+00  8.6010519227435611e-01
855    8.3333333333333329e-02  1.2539103620521732e+00  1.8099596381884597e+00  8.6010519227435611e-01
856    2.5000000000000000e-01  1.2539103620521732e+00  1.8099596381884600e+00  8.6010519227435611e-01
857    5.0000000000000000e-01  1.2539103620521732e+00  1.8099596381884597e+00  8.6010519227435611e-01
858    7.5000000000000011e-01  1.2539103620521730e+00  1.8099596381884600e+00  8.6010519227435600e-01
859    9.1666666666666674e-01  1.2539103620521732e+00  1.8099596381884597e+00  8.6010519227435611e-01
860    1.0000000000000000e+00  1.2539103620521732e+00  1.8099596381884597e+00  8.6010519227435611e-01
861    0.0000000000000000e+00  1.3679022131478249e+00  1.9745014234783196e+00  8.6010519227435622e-01
862    8.3333333333333329e-02  1.3679022131478249e+00  1.9745014234783196e+00  8.6010519227435622e-01
863    2.4999999999999997e-01  1.3679022131478249e+00  1.9745014234783196e+00  8.6010519227435622e-01
864    4.9999999999999994e-01  1.3679022131478249e+00  1.9745014234783196e+00  8.6010519227435622e-01
865    7.4999999999999989e-01  1.3679022131478251e+00  1.9745014234783198e+00  8.6010519227435611e-01
866    9.1666666666666652e-01  1.3679022131478249e+00  1.9745014234783196e+00  8.6010519227435622e-01
867    1.0000000000000000e+00  1.3679022131478249e+00  1.9745014234783196e+00  8.6010519227435622e-01
868    0.0000000000000000e+00  1.4818940642434772e+00  2.1390432087681801e+00  8.6010519227435600e-01
869    8.3333333333333329e-02  1.4818940642434772e+00  2.1390432087681801e+00  8.6010519227435600e-01
870    2.5000000000000006e-01  1.4818940642434772e+00  2.1390432087681801e+00  8.6010519227435600e-01
871    5.0000000000000011e-01  1.4818940642434772e+00  2.1390432087681801e+00  8.6010519227435600e-01
872    7.5000000000000000e-01  1.4818940642434772e+00  2.1390432087681801e+00  8.6010519227435600e-01
873    9.1666666666666674e-01  1.4818940642434772e+00  2.1390432087681801e+00  8.6010519227435600e-01
874    1.0000000000000000e+00  1.4818940642434772e+00  2.1390432087681801e+00  8.6010519227435600e-01
875    0.0000000000000000e+00  1.5958859153391294e+00  2.3035849940580397e+00  8.6010519227435600e-01
876    8.3333333333333329e-02  1.5958859153391294e+00  2.3035849940580397e+00  8.6010519227435600e-01
877    2.5000000000000006e-01  1.5958859153391294e+00  2.3035849940580397e+00  8.6010519227435600e-01
878    5.0000000000000011e-01  1.5958859153391294e+00  2.3035849940580397e+00  8.6010519227435600e-01
879    7.5000000000000000e-01  1.5958859153391294e+00  2.3035849940580397e+00  8.6010519227435600e-01
880    9.1666666666666674e-01  1.5958859153391294e+00  2.3035849940580397e+00  8.6010519227435600e-01
881    1.0000000000000000e+00  1.5958859153391294e+00  2.3035849940580397e+00  8.6010519227435600e-01
882    0.0000000000000000e+00  1.6718804827362310e+00  2.4132795175846131e+00  8.6010519227435600e-01
883    8.3333333333333329e-02  1.6718804827362310e+00  2.4132795175846131e+00  8.6010519227435600e-01
884    2.5000000000000006e-01  1.6718804827362310e+00  2.4132795175846131e+00  8.6010519227435600e-01
885    5.0000000000000011e-01  1.6718804827362310e+00  2.4132795175846131e+00  8.6010519227435600e-01
886    7.5000000000000000e-01  1.6718804827362310e+00  2.4132795175846131e+00  8.6010519227435600e-01
887    9.1666666666666674e-01  1.6718804827362310e+00  2.4132795175846131e+00  8.6010519227435600e-01
888    1.0000000000000000e+00  1.6718804827362310e+00  2.4132795175846131e+00  8.6010519227435600e-01
889    0.0000000000000000e+00  1.7098777664347813e+00  2.4681267793478998e+00  8.6010519227435600e-01
890    8.3333333333333329e-02  1.7098777664347813e+00  2.4681267793478998e+00  8.6010519227435600e-01
891    2.5000000000000006e-01  1.7098777664347815e+00  2.4681267793478998e+00  8.6010519227435600e-01
892    5.0000000000000011e-01  1.7098777664347813e+00  2.4681267793478994e+00  8.6010519227435600e-01
893    7.5000000000000000e-01  1.7098777664347813e+00  2.4681267793478998e+00  8.6010519227435600e-01
894    9.1666666666666674e-01  1.7098777664347813e+00  2.4681267793478998e+00  8.6010519227435600e-01
895    1.0000000000000000e+00  1.7098777664347813e+00  2.4681267793478998e+00  8.6010519227435600e-01
896    0.0000000000000000e+00  1.0200148845027301e+00  1.7222890844807439e+00  8.6674927285235492e-01
897    8.3333333333333343e-02  1.0200148845027301e+00  1.7222890844807439e+00  8.6674927285235492e-01
898    2.5000000000000006e-01  1.0200148845027301e+00  1.7222890844807439e+00  8.6674927285235492e-01
899    5.0000000000000011e-01  1.0200148845027301e+00  1.7222890844807439e+00  8.6674927285235492e-01
900    7.5000000000000011e-01  1.0200148845027301e+00  1.7222890844807439e+00  8.6674927285235492e-01
901    9.1666666666666674e-01  1.0200148845027301e+00  1.7222890844807439e+00  8.6674927285235492e-01
902    1.0000000000000000e+00  1.0200148845027301e+00  1.7222890844807439e+00  8.6674927285235492e-01
903    0.0000000000000000e+00  1.0540153806528212e+00  1.7796987206301020e+00  8.6674927285235492e-01
904    8.3333333333333343e-02  1.0540153806528212e+00  1.7796987206301020e+00  8.6674927285235492e-01
905    2.5000000000000006e-01  1.0540153806528212e+00  1.7796987206301027e+00  8.6674927285235492e-01
906    5.0000000000000011e-01  1.0540153806528212e+00  1.7796987206301020e+00  8.6674927285235492e-01
907    7.5000000000000011e-01  1.0540153806528212e+00  1.7796987206301027e+00  8.6674927285235492e-01
908    9.1666666666666674e-01  1.0540153806528212e+00  1.7796987206301020e+00  8.6674927285235492e-01
909    1.0000000000000000e+00  1.0540153806528212e+00  1.7796987206301020e+00  8.6674927285235492e-01
910    0.0000000000000000e+00  1.1220163729530028e+00  1.8945179929288183e+00  8.6674927285235515e-01
911    8.3333333333333329e-02  1.1220163729530028e+00  1.8945179929288183e+00  8.6674927285235515e-01
912    2.5000000000000000e-01  1.1220163729530028e+00  1.8945179929288183e+00  8.6674927285235515e-01
913    5.0000000000000000e-01  1.1220163729530028e+00  1.8945179929288183e+00  8.6674927285235515e-01
914    7.5000000000000011e-01  1.1220163729530030e+00  1.8945179929288187e+00  8.6674927285235492e-01
915    9.1666666666666663e-01  1.1220163729530028e+00  1.8945179929288183e+00  8.6674927285235515e-01
916    1.0000000000000000e+00  1.1220163729530028e+00  1.8945179929288183e+00  8.6674927285235515e-01
917    0.0000000000000000e+00  1.2240178614032760e+00  2.0667469013768924e+00  8.6674927285235515e-01
918    8.3333333333333343e-02  1.2240178614032760e+00  2.0667469013768924e+00  8.6674927285235515e-01
919    2.5000000000000000e-01  1.2240178614032760e+00  2.0667469013768929e+00  8.6674927285235515e-01
920    5.0000000000000000e-01  1.2240178614032760e+00  2.0667469013768924e+00  8.6674927285235515e-01
921    7.4999999999999989e-01  1.2240178614032760e+00  2.0667469013768929e+00  8.6674927285235515e-01
922    9.1666666666666663e-01  1.2240178614032760e+00  2.0667469013768924e+00  8.6674927285235515e-01
923    1.0000000000000000e+00  1.2240178614032760e+00  2.0667469013768924e+00  8.6674927285235515e-01
924    0.0000000000000000e+00  1.3260193498535491e+00  2.2389758098249675e+00  8.6674927285235492e-01
925    8.3333333333333343e-02  1.3260193498535491e+00  2.2389758098249675e+00  8.6674927285235492e-01
926    2.5000000000000006e-01  1.3260193498535491e+00  2.2389758098249675e+00  8.6674927285235492e-01
927    5.0000000000000011e-01  1.3260193498535491e+00  2.2389758098249675e+00  8.6674927285235492e-01
928    7.5000000000000011e-01  1.3260193498535491e+00  2.2389758098249675e+00  8.6674927285235492e-01
929    9.1666666666666674e-01  1.3260193498535491e+00  2.2389758098249675e+00  8.6674927285235492e-01
930    1.0000000000000000e+00  1.3260193498535491e+00  2.2389758098249675e+00  8.6674927285235492e-01
931    0.0000000000000000e+00  1.4280208383038220e+00  2.4112047182730412e+00  8.6674927285235492e-01
932    8.3333333333333343e-02  1.4280208383038220e+00  2.4112047182730412e+00  8.6674927285235492e-01
933    2.5000000000000006e-01  1.4280208383038220e+00  2.4112047182730412e+00  8.6674927285235492e-01
934    5.0000000000000011e-01  1.4280208383038220e+00  2.4112047182730412e+00  8.6674927285235492e-01
935    7.5000000000000011e-01  1.4280208383038220e+00  2.4112047182730412e+00  8.6674927285235492e-01
936    9.1666666666666685e-01  1.4280208383038220e+00  2.4112047182730412e+00  8.6674927285235492e-01
937    1.0000000000000000e+00  1.4280208383038220e+00  2.4112047182730412e+00  8.6674927285235492e-01
938    0.0000000000000000e+00  1.4960218306040041e+00  2.5260239905717579e+00  8.6674927285235492e-01
939    8.3333333333333343e-02  1.4960218306040041e+00  2.5260239905717579e+00  8.6674927285235492e-01
940    2.5000000000000006e-01  1.4960218306040041e+00  2.5260239905717579e+00  8.6674927285235492e-01
941    5.0000000000000011e-01  1.4960218306040041e+00  2.5260239905717579e+00  8.6674927285235492e-01
942    7.5000000000000011e-01  1.4960218306040041e+00  2.5260239905717579e+00  8.6674927285235492e-01
943    9.1666666666666674e-01  1.4960218306040041e+00  2.5260239905717579e+00  8.6674927285235492e-01
944    1.0000000000000000e+00  1.4960218306040041e+00  2.5260239905717579e+00  8.6674927285235492e-01
945    0.0000000000000000e+00  1.5300223267540949e+00  2.5834336267211162e+00  8.6674927285235492e-01
946    8.3333333333333343e-02  1.5300223267540949e+00  2.5834336267211162e+00  8.6674927285235492e-01
947    2.5000000000000006e-01  1.5300223267540949e+00  2.5834336267211162e+00  8.6674927285235492e-01
948    5.0000000000000011e-01  1.5300223267540949e+00  2.5834336267211158e+00  8.6674927285235492e-01
949    7.5000000000000011e-01  1.5300223267540949e+00  2.5834336267211162e+00  8.6674927285235492e-01
950    9.1666666666666674e-01  1.5300223267540949e+00  2.5834336267211162e+00  8.6674927285235492e-01
951    1.0000000000000000e+00  1.5300223267540949e+00  2.5834336267211162e+00  8.6674927285235492e-01
952    0.0000000000000000e+00  8.9607723677923867e-01  1.7898660711470258e+00  8.7560804695635353e-01
953    8.3333333333333343e-02  8.9607723677923867e-01  1.7898660711470258e+00  8.7560804695635353e-01
954    2.5000000000000000e-01  8.9607723677923867e-01  1.7898660711470258e+00  8.7560804695635353e-01
955    5.0000000000000000e-01  8.9607723677923867e-01  1.7898660711470258e+00  8.7560804695635353e-01
956    7.5000000000000000e-01  8.9607723677923867e-01  1.7898660711470258e+00  8.7560804695635353e-01
957    9.1666666666666663e-01  8.9607723677923867e-01  1.7898660711470258e+00  8.7560804695635353e-01
958    1.0000000000000000e+00  8.9607723677923867e-01  1.7898660711470258e+00  8.7560804695635353e-01
959    0.0000000000000000e+00  9.2594647800521346e-01  1.8495282735185934e+00  8.7560804695635353e-01
960    8.3333333333333343e-02  9.2594647800521346e-01  1.8495282735185934e+00  8.7560804695635353e-01
961    2.5000000000000000e-01  9.2594647800521346e-01  1.8495282735185936e+00  8.7560804695635353e-01
962    5.0000000000000000e-01  9.2594647800521346e-01  1.8495282735185934e+00  8.7560804695635353e-01
963    7.5000000000000000e-01  9.2594647800521346e-01  1.8495282735185936e+00  8.7560804695635353e-01
964    9.1666666666666663e-01  9.2594647800521346e-01  1.8495282735185934e+00  8.7560804695635353e-01
965    1.0000000000000000e+00  9.2594647800521346e-01  1.8495282735185934e+00  8.7560804695635353e-01
966    0.0000000000000000e+00  9.8568496045716270e-01  1.9688526782617284e+00  8.7560804695635353e-01
967    8.3333333333333343e-02  9.8568496045716270e-01  1.9688526782617284e+00  8.7560804695635353e-01
968    2.5000000000000000e-01  9.8568496045716270e-01  1.9688526782617286e+00  8.7560804695635353e-01
969    5.0000000000000000e-01  9.8568496045716270e-01  1.9688526782617284e+00  8.7560804695635353e-01
970    7.5000000000000011e-01  9.8568496045716258e-01  1.9688526782617284e+00  8.7560804695635353e-01
971    9.1666666666666674e-01  9.8568496045716270e-01  1.9688526782617284e+00  8.7560804695635353e-01
972    1.0000000000000000e+00  9.8568496045716270e-01  1.9688526782617284e+00  8.7560804695635353e-01
973    0.0000000000000000e+00  1.0752926841350865e+00  2.1478392853764312e+00  8.7560804695635364e-01
974    8.3333333333333329e-02  1.0752926841350865e+00  2.1478392853764312e+00  8.7560804695635364e-01
975    2.5000000000000000e-01  1.0752926841350865e+00  2.1478392853764312e+00  8.7560804695635364e-01
976    5.0000000000000000e-01  1.0752926841350865e+00  2.1478392853764312e+00  8.7560804695635364e-01
977    7.5000000000000000e-01  1.0752926841350867e+00  2.1478392853764317e+00  8.7560804695635353e-01
978    9.1666666666666663e-01  1.0752926841350865e+00  2.1478392853764312e+00  8.7560804695635364e-01
979    1.0000000000000000e+00  1.0752926841350865e+00  2.1478392853764312e+00  8.7560804695635364e-01
980    0.0000000000000000e+00  1.1649004078130103e+00  2.3268258924911343e+00  8.7560804695635353e-01
981    8.3333333333333343e-02  1.1649004078130103e+00  2.3268258924911343e+00  8.7560804695635353e-01
982    2.5000000000000000e-01  1.1649004078130105e+00  2.3268258924911343e+00  8.7560804695635353e-01
983    5.0000000000000000e-01  1.1649004078130103e+00  2.3268258924911334e+00  8.7560804695635353e-01
984    7.5000000000000000e-01  1.1649004078130103e+00  2.3268258924911343e+00  8.7560804695635353e-01
985    9.1666666666666663e-01  1.1649004078130103e+00  2.3268258924911343e+00  8.7560804695635353e-01
986    1.0000000000000000e+00  1.1649004078130103e+00  2.3268258924911343e+00  8.7560804695635353e-01
987    0.0000000000000000e+00  1.2545081314909341e+00  2.5058124996058360e+00  8.7560804695635353e-01
988    8.3333333333333343e-02  1.2545081314909341e+00  2.5058124996058360e+00  8.7560804695635353e-01
989    2.5000000000000000e-01  1.2545081314909341e+00  2.5058124996058360e+00  8.7560804695635353e-01
990    5.0000000000000000e-01  1.2545081314909341e+00  2.5058124996058360e+00  8.7560804695635353e-01
991    7.5000000000000000e-01  1.2545081314909341e+00  2.5058124996058360e+00  8.7560804695635353e-01
992    9.1666666666666674e-01  1.2545081314909341e+00  2.5058124996058360e+00  8.7560804695635353e-01
993    1.0000000000000000e+00  1.2545081314909341e+00  2.5058124996058360e+00  8.7560804695635353e-01
994    0.0000000000000000e+00  1.3142466139428837e+00  2.6251369043489712e+00  8.7560804695635353e-01
995    8.3333333333333343e-02  1.3142466139428837e+00  2.6251369043489712e+00  8.7560804695635353e-01
996    2.5000000000000000e-01  1.3142466139428837e+00  2.6251369043489712e+00  8.7560804695635353e-01
997    5.0000000000000000e-01  1.3142466139428837e+00  2.6251369043489712e+00  8.7560804695635353e-01
998    7.5000000000000000e-01  1.3142466139428837e+00  2.6251369043489712e+00  8.7560804695635353e-01
999    9.1666666666666663e-01  1.3142466139428837e+00  2.6251369043489712e+00  8.7560804695635353e-01
1000   1.0000000000000000e+00  1.3142466139428837e+00  2.6251369043489712e+00  8.7560804695635353e-01
1001   0.0000000000000000e+00  1.3441158551688581e+00  2.6847991067205386e+00  8.7560804695635353e-01
1002   8.3333333333333343e-02  1.3441158551688581e+00  2.6847991067205386e+00  8.7560804695635353e-01
1003   2.5000000000000000e-01  1.3441158551688583e+00  2.6847991067205386e+00  8.7560804695635353e-01
1004   5.0000000000000000e-01  1.3441158551688581e+00  2.6847991067205386e+00  8.7560804695635353e-01
1005   7.5000000000000000e-01  1.3441158551688581e+00  2.6847991067205386e+00  8.7560804695635353e-01
1006   9.1666666666666663e-01  1.3441158551688581e+00  2.6847991067205386e+00  8.7560804695635353e-01
1007   1.0000000000000000e+00  1.3441158551688581e+00  2.6847991067205386e+00  8.7560804695635353e-01
1008   0.0000000000000000e+00  7.6915516806787332e-01  1.8479210196111573e+00  8.8668151458635180e-01
1009   8.3333333333333329e-02  7.6915516806787332e-01  1.8479210196111573e+00  8.8668151458635180e-01
1010   2.5000000000000000e-01  7.6915516806787332e-01  1.8479210196111573e+00  8.8668151458635180e-01
1011   5.0000000000000000e-01  7.6915516806787332e-01  1.8479210196111573e+00  8.8668151458635180e-01
1012   7.4999999999999978e-01  7.6915516806787332e-01  1.8479210196111573e+00  8.8668151458635180e-01
1013   9.1666666666666663e-01  7.6915516806787332e-01  1.8479210196111573e+00  8.8668151458635180e-01
1014   1.0000000000000000e+00  7.6915516806787332e-01  1.8479210196111573e+00  8.8668151458635180e-01
1015   0.0000000000000000e+00  7.9479367367013576e-01  1.9095183869315293e+00  8.8668151458635180e-01
1016   8.3333333333333329e-02  7.9479367367013576e-01  1.9095183869315293e+00  8.8668151458635180e-01
1017   2.5000000000000000e-01  7.9479367367013576e-01  1.9095183869315295e+00  8.8668151458635180e-01
1018   5.0000000000000000e-01  7.9479367367013587e-01  1.9095183869315293e+00  8.8668151458635180e-01
1019   7.4999999999999989e-01  7.9479367367013576e-01  1.9095183869315295e+00  8.8668151458635180e-01
1020   9.1666666666666663e-01  7.9479367367013576e-01  1.9095183869315293e+00  8.8668151458635180e-01
1021   1.0000000000000000e+00  7.9479367367013576e-01  1.9095183869315293e+00  8.8668151458635180e-01
1022   0.0000000000000000e+00  8.4607068487466064e-01  2.0327131215722734e+00  8.8668151458635180e-01
1023   8.3333333333333329e-02  8.4607068487466064e-01  2.0327131215722734e+00  8.8668151458635180e-01
1024   2.5000000000000000e-01  8.4607068487466064e-01  2.0327131215722734e+00  8.8668151458635180e-01
1025   5.0000000000000000e-01  8.4607068487466064e-01  2.0327131215722734e+00  8.8668151458635180e-01
1026   7.5000000000000011e-01  8.4607068487466064e-01  2.0327131215722734e+00  8.8668151458635180e-01
1027   9.1666666666666674e-01  8.4607068487466064e-01  2.0327131215722734e+00  8.8668151458635180e-01
1028   1.0000000000000000e+00  8.4607068487466064e-01  2.0327131215722734e+00  8.8668151458635180e-01
1029   0.0000000000000000e+00  9.2298620168144796e-01  2.2175052235333887e+00  8.8668151458635192e-01
1030   8.3333333333333329e-02  9.2298620168144796e-01  2.2175052235333887e+00  8.8668151458635192e-01
1031   2.4999999999999997e-01  9.2298620168144796e-01  2.2175052235333887e+00  8.8668151458635192e-01
1032   4.9999999999999994e-01  9.2298620168144796e-01  2.2175052235333887e+00  8.8668151458635192e-01
1033   7.5000000000000011e-01  9.2298620168144807e-01  2.2175052235333892e+00  8.8668151458635180e-01
1034   9.1666666666666652e-01  9.2298620168144796e-01  2.2175052235333887e+00  8.8668151458635192e-01
1035   1.0000000000000000e+00  9.2298620168144796e-01  2.2175052235333887e+00  8.8668151458635192e-01
1036   0.0000000000000000e+00  9.9990171848823528e-01  2.4022973254945050e+00  8.8668151458635180e-01
1037   8.3333333333333329e-02  9.9990171848823528e-01  2.4022973254945050e+00  8.8668151458635180e-01
1038   2.5000000000000000e-01  9.9990171848823539e-01  2.4022973254945050e+00  8.8668151458635180e-01
1039   5.0000000000000000e-01  9.9990171848823528e-01  2.4022973254945041e+00  8.8668151458635180e-01
1040   7.4999999999999989e-01  9.9990171848823528e-01  2.4022973254945050e+00  8.8668151458635180e-01
1041   9.1666666666666663e-01  9.9990171848823528e-01  2.4022973254945050e+00  8.8668151458635180e-01
1042   1.0000000000000000e+00  9.9990171848823528e-01  2.4022973254945050e+00  8.8668151458635180e-01
1043   0.0000000000000000e+00  1.0768172352950227e+00  2.5870894274556204e+00  8.8668151458635180e-01
1044   8.3333333333333329e-02  1.0768172352950227e+00  2.5870894274556204e+00  8.8668151458635180e-01
1045   2.5000000000000000e-01  1.0768172352950227e+00  2.5870894274556204e+00  8.8668151458635180e-01
1046   5.0000000000000000e-01  1.0768172352950227e+00  2.5870894274556204e+00  8.8668151458635180e-01
1047   7.4999999999999978e-01  1.0768172352950227e+00  2.5870894274556204e+00  8.8668151458635180e-01
1048   9.1666666666666663e-01  1.0768172352950227e+00  2.5870894274556204e+00  8.8668151458635180e-01
1049   1.0000000000000000e+00  1.0768172352950227e+00  2.5870894274556204e+00  8.8668151458635180e-01
1050   0.0000000000000000e+00  1.1280942464995476e+00  2.7102841620963640e+00  8.8668151458635180e-01
1051   8.3333333333333329e-02  1.1280942464995476e+00  2.7102841620963640e+00  8.8668151458635180e-01
1052   2.5000000000000000e-01  1.1280942464995476e+00  2.7102841620963640e+00  8.8668151458635180e-01
1053   5.0000000000000000e-01  1.1280942464995476e+00  2.7102841620963640e+00  8.8668151458635180e-01
1054   7.4999999999999978e-01  1.1280942464995476e+00  2.7102841620963640e+00  8.8668151458635180e-01
1055   9.1666666666666663e-01  1.1280942464995476e+00  2.7102841620963640e+00  8.8668151458635180e-01
1056   1.0000000000000000e+00  1.1280942464995476e+00  2.7102841620963640e+00  8.8668151458635180e-01
1057   0.0000000000000000e+00  1.1537327521018099e+00  2.7718815294167358e+00  8.8668151458635180e-01
1058   8.3333333333333329e-02  1.1537327521018099e+00  2.7718815294167358e+00  8.8668151458635180e-01
1059   2.5000000000000000e-01  1.1537327521018101e+00  2.7718815294167358e+00  8.8668151458635180e-01
1060   5.0000000000000000e-01  1.1537327521018099e+00  2.7718815294167358e+00  8.8668151458635180e-01
1061   7.4999999999999978e-01  1.1537327521018099e+00  2.7718815294167358e+00  8.8668151458635180e-01
1062   9.1666666666666663e-01  1.1537327521018099e+00  2.7718815294167358e+00  8.8668151458635180e-01
1063   1.0000000000000000e+00  1.1537327521018099e+00  2.7718815294167358e+00  8.8668151458635180e-01
1064   0.0000000000000000e+00  6.4029585156197244e-01  1.8963768208193470e+00  8.9996967574234954e-01
1065   8.3333333333333329e-02  6.4029585156197244e-01  1.8963768208193470e+00  8.9996967574234954e-01
1066   2.5000000000000006e-01  6.4029585156197244e-01  1.8963768208193470e+00  8.9996967574234954e-01
1067   5.0000000000000011e-01  6.4029585156197244e-01  1.8963768208193470e+00  8.9996967574234954e-01
1068   7.5000000000000000e-01  6.4029585156197244e-01  1.8963768208193470e+00  8.9996967574234954e-01
1069   9.1666666666666674e-01  6.4029585156197244e-01  1.8963768208193470e+00  8.9996967574234954e-01
1070   1.0000000000000000e+00  6.4029585156197244e-01  1.8963768208193470e+00  8.9996967574234954e-01
1071   0.0000000000000000e+00  6.6163904661403816e-01  1.9595893815133254e+00  8.9996967574234954e-01
1072   8.3333333333333329e-02  6.6163904661403816e-01  1.9595893815133254e+00  8.9996967574234954e-01
1073   2.5000000000000006e-01  6.6163904661403816e-01  1.9595893815133256e+00  8.9996967574234954e-01
1074   5.0000000000000011e-01  6.6163904661403827e-01  1.9595893815133254e+00  8.9996967574234954e-01
1075   7.5000000000000011e-01  6.6163904661403816e-01  1.9595893815133256e+00  8.9996967574234954e-01
1076   9.1666666666666674e-01  6.6163904661403816e-01  1.9595893815133254e+00  8.9996967574234954e-01
1077   1.0000000000000000e+00  6.6163904661403816e-01  1.9595893815133254e+00  8.9996967574234954e-01
1078   0.0000000000000000e+00  7.0432543671816961e-01  2.0860145029012815e+00  8.9996967574234965e-01
1079   8.3333333333333329e-02  7.0432543671816961e-01  2.0860145029012815e+00  8.9996967574234965e-01
1080   2.5000000000000000e-01  7.0432543671816961e-01  2.0860145029012815e+00  8.9996967574234965e-01
1081   5.0000000000000000e-01  7.0432543671816961e-01  2.0860145029012815e+00  8.9996967574234965e-01
1082   7.5000000000000011e-01  7.0432543671816961e-01  2.0860145029012820e+00  8.9996967574234954e-01
1083   9.1666666666666663e-01  7.0432543671816961e-01  2.0860145029012815e+00  8.9996967574234965e-01
1084   1.0000000000000000e+00  7.0432543671816961e-01  2.0860145029012815e+00  8.9996967574234965e-01
1085   0.0000000000000000e+00  7.6835502187436688e-01  2.2756521849832163e+00  8.9996967574234965e-01
1086   8.3333333333333343e-02  7.6835502187436688e-01  2.2756521849832163e+00  8.9996967574234965e-01
1087   2.5000000000000000e-01  7.6835502187436688e-01  2.2756521849832168e+00  8.9996967574234965e-01
1088   5.0000000000000000e-01  7.6835502187436688e-01  2.2756521849832163e+00  8.9996967574234965e-01
1089   7.5000000000000000e-01  7.6835502187436688e-01  2.2756521849832168e+00  8.9996967574234965e-01
1090   9.1666666666666663e-01  7.6835502187436688e-01  2.2756521849832163e+00  8.9996967574234965e-01
1091   1.0000000000000000e+00  7.6835502187436688e-01  2.2756521849832163e+00  8.9996967574234965e-01
1092   0.0000000000000000e+00  8.3238460703056416e-01  2.4652898670651511e+00  8.9996967574234954e-01
1093   8.3333333333333329e-02  8.3238460703056416e-01  2.4652898670651511e+00  8.9996967574234954e-01
1094   2.5000000000000006e-01  8.3238460703056427e-01  2.4652898670651511e+00  8.9996967574234954e-01
1095   5.0000000000000011e-01  8.3238460703056416e-01  2.4652898670651511e+00  8.9996967574234954e-01
1096   7.5000000000000000e-01  8.3238460703056416e-01  2.4652898670651511e+00  8.9996967574234954e-01
1097   9.1666666666666674e-01  8.3238460703056416e-01  2.4652898670651511e+00  8.9996967574234954e-01
1098   1.0000000000000000e+00  8.3238460703056416e-01  2.4652898670651511e+00  8.9996967574234954e-01
1099   0.0000000000000000e+00  8.9641419218676144e-01  2.6549275491470858e+00  8.9996967574234954e-01
1100   8.3333333333333329e-02  8.9641419218676144e-01  2.6549275491470858e+00  8.9996967574234954e-01
1101   2.5000000000000006e-01  8.9641419218676144e-01  2.6549275491470858e+00  8.9996967574234954e-01
1102   5.0000000000000011e-01  8.9641419218676144e-01  2.6549275491470858e+00  8.9996967574234954e-01
1103   7.5000000000000000e-01  8.9641419218676144e-01  2.6549275491470858e+00  8.9996967574234954e-01
1104   9.1666666666666674e-01  8.9641419218676144e-01  2.6549275491470858e+00  8.9996967574234954e-01
1105   1.0000000000000000e+00  8.9641419218676144e-01  2.6549275491470858e+00  8.9996967574234954e-01
1106   0.0000000000000000e+00  9.3910058229089299e-01  2.7813526705350426e+00  8.9996967574234954e-01
1107   8.3333333333333329e-02  9.3910058229089299e-01  2.7813526705350426e+00  8.9996967574234954e-01
1108   2.5000000000000006e-01  9.3910058229089299e-01  2.7813526705350426e+00  8.9996967574234954e-01
1109   5.0000000000000011e-01  9.3910058229089299e-01  2.7813526705350426e+00  8.9996967574234954e-01
1110   7.5000000000000000e-01  9.3910058229089299e-01  2.7813526705350426e+00  8.9996967574234954e-01
1111   9.1666666666666674e-01  9.3910058229089299e-01  2.7813526705350426e+00  8.9996967574234954e-01
1112   1.0000000000000000e+00  9.3910058229089299e-01  2.7813526705350426e+00  8.9996967574234954e-01
1113   0.0000000000000000e+00  9.6044377734295860e-01  2.8445652312290206e+00  8.9996967574234954e-01
1114   8.3333333333333329e-02  9.6044377734295860e-01  2.8445652312290206e+00  8.9996967574234954e-01
1115   2.5000000000000006e-01  9.6044377734295860e-01  2.8445652312290206e+00  8.9996967574234954e-01
1116   5.0000000000000011e-01  9.6044377734295860e-01  2.8445652312290206e+00  8.9996967574234954e-01
1117   7.5000000000000000e-01  9.6044377734295860e-01  2.8445652312290206e+00  8.9996967574234954e-01
1118   9.1666666666666674e-01  9.6044377734295860e-01  2.8445652312290206e+00  8.9996967574234954e-01
1119   1.0000000000000000e+00  9.6044377734295860e-01  2.8445652312290206e+00  8.9996967574234954e-01
1120   0.0000000000000000e+00  5.1051884714318208e-01  1.9352998020478092e+00  9.1547253042434695e-01
1121   8.3333333333333343e-02  5.1051884714318208e-01  1.9352998020478092e+00  9.1547253042434695e-01
1122   2.5000000000000000e-01  5.1051884714318208e-01  1.9352998020478092e+00  9.1547253042434695e-01
1123   5.0000000000000000e-01  5.1051884714318219e-01  1.9352998020478092e+00  9.1547253042434695e-01
1124   7.5000000000000011e-01  5.1051884714318208e-01  1.9352998020478092e+00  9.1547253042434695e-01
1125   9.1666666666666674e-01  5.1051884714318208e-01  1.9352998020478092e+00  9.1547253042434695e-01
1126   1.0000000000000000e+00  5.1051884714318208e-01  1.9352998020478092e+00  9.1547253042434695e-01
1127   0.0000000000000000e+00  5.2753614204795485e-01  1.9998097954494034e+00  9.1547253042434695e-01
1128   8.3333333333333343e-02  5.2753614204795485e-01  1.9998097954494034e+00  9.1547253042434695e-01
1129   2.5000000000000006e-01  5.2753614204795485e-01  1.9998097954494034e+00  9.1547253042434695e-01
1130   5.0000000000000011e-01  5.2753614204795496e-01  1.9998097954494034e+00  9.1547253042434695e-01
1131   7.5000000000000011e-01  5.2753614204795485e-01  1.9998097954494034e+00  9.1547253042434695e-01
1132   9.1666666666666674e-01  5.2753614204795485e-01  1.9998097954494034e+00  9.1547253042434695e-01
1133   1.0000000000000000e+00  5.2753614204795485e-01  1.9998097954494034e+00  9.1547253042434695e-01
1134   0.0000000000000000e+00  5.6157073185750039e-01  2.1288297822525903e+00  9.1547253042434706e-01
1135   8.3333333333333343e-02  5.6157073185750039e-01  2.1288297822525903e+00  9.1547253042434706e-01
1136   2.5000000000000000e-01  5.6157073185750039e-01  2.1288297822525903e+00  9.1547253042434706e-01
1137   5.0000000000000000e-01  5.6157073185750039e-01  2.1288297822525903e+00  9.1547253042434706e-01
1138   7.5000000000000011e-01  5.6157073185750028e-01  2.1288297822525903e+00  9.1547253042434695e-01
1139   9.1666666666666663e-01  5.6157073185750039e-01  2.1288297822525903e+00  9.1547253042434706e-01
1140   1.0000000000000000e+00  5.6157073185750039e-01  2.1288297822525903e+00  9.1547253042434706e-01
1141   0.0000000000000000e+00  6.1262261657181849e-01  2.3223597624573711e+00  9.1547253042434718e-01
1142   8.3333333333333343e-02  6.1262261657181849e-01  2.3223597624573711e+00  9.1547253042434718e-01
1143   2.4999999999999997e-01  6.1262261657181849e-01  2.3223597624573711e+00  9.1547253042434718e-01
1144   4.9999999999999994e-01  6.1262261657181849e-01  2.3223597624573711e+00  9.1547253042434718e-01
1145   7.5000000000000000e-01  6.1262261657181860e-01  2.3223597624573715e+00  9.1547253042434706e-01
1146   9.1666666666666652e-01  6.1262261657181849e-01  2.3223597624573711e+00  9.1547253042434718e-01
1147   1.0000000000000000e+00  6.1262261657181849e-01  2.3223597624573711e+00  9.1547253042434718e-01
1148   0.0000000000000000e+00  6.6367450128613681e-01  2.5158897426621518e+00  9.1547253042434695e-01
1149   8.3333333333333343e-02  6.6367450128613681e-01  2.5158897426621518e+00  9.1547253042434695e-01
1150   2.5000000000000006e-01  6.6367450128613681e-01  2.5158897426621518e+00  9.1547253042434695e-01
1151   5.0000000000000011e-01  6.6367450128613681e-01  2.5158897426621518e+00  9.1547253042434695e-01
1152   7.5000000000000011e-01  6.6367450128613681e-01  2.5158897426621518e+00  9.1547253042434695e-01
1153   9.1666666666666674e-01  6.6367450128613681e-01  2.5158897426621518e+00  9.1547253042434695e-01
1154   1.0000000000000000e+00  6.6367450128613681e-01  2.5158897426621518e+00  9.1547253042434695e-01
1155   0.0000000000000000e+00  7.1472638600045491e-01  2.7094197228669330e+00  9.1547253042434695e-01
1156   8.3333333333333343e-02  7.1472638600045491e-01  2.7094197228669330e+00  9.1547253042434695e-01
1157   2.5000000000000000e-01  7.1472638600045491e-01  2.7094197228669330e+00  9.1547253042434695e-01
1158   5.0000000000000000e-01  7.1472638600045491e-01  2.7094197228669330e+00  9.1547253042434695e-01
1159   7.5000000000000011e-01  7.1472638600045491e-01  2.7094197228669330e+00  9.1547253042434695e-01
1160   9.1666666666666674e-01  7.1472638600045491e-01  2.7094197228669330e+00  9.1547253042434695e-01
1161   1.0000000000000000e+00  7.1472638600045491e-01  2.7094197228669330e+00  9.1547253042434695e-01
1162   0.0000000000000000e+00  7.4876097581000045e-01  2.8384397096701206e+00  9.1547253042434695e-01
1163   8.3333333333333343e-02  7.4876097581000045e-01  2.8384397096701206e+00  9.1547253042434695e-01
1164   2.5000000000000000e-01  7.4876097581000045e-01  2.8384397096701206e+00  9.1547253042434695e-01
1165   5.0000000000000000e-01  7.4876097581000045e-01  2.8384397096701206e+00  9.1547253042434695e-01
1166   7.5000000000000011e-01  7.4876097581000045e-01  2.8384397096701206e+00  9.1547253042434695e-01
1167   9.1666666666666674e-01  7.4876097581000045e-01  2.8384397096701206e+00  9.1547253042434695e-01
1168   1.0000000000000000e+00  7.4876097581000045e-01  2.8384397096701206e+00  9.1547253042434695e-01
1169   0.0000000000000000e+00  7.6577827071477311e-01  2.9029497030717142e+00  9.1547253042434695e-01
1170   8.3333333333333343e-02  7.6577827071477311e-01  2.9029497030717142e+00  9.1547253042434695e-01
1171   2.5000000000000000e-01  7.6577827071477322e-01  2.9029497030717142e+00  9.1547253042434695e-01
1172   5.0000000000000000e-01  7.6577827071477311e-01  2.9029497030717142e+00  9.1547253042434695e-01
1173   7.5000000000000011e-01  7.6577827071477311e-01  2.9029497030717142e+00  9.1547253042434695e-01
1174   9.1666666666666674e-01  7.6577827071477311e-01  2.9029497030717142e+00  9.1547253042434695e-01
1175   1.0000000000000000e+00  7.6577827071477311e-01  2.9029497030717142e+00  9.1547253042434695e-01
1176   0.0000000000000000e+00  3.8079387067359877e-01  1.9648879404816628e+00  9.3319007863234416e-01
1177   8.3333333333333343e-02  3.8079387067359877e-01  1.9648879404816628e+00  9.3319007863234416e-01
1178   2.5000000000000000e-01  3.8079387067359877e-01  1.9648879404816628e+00  9.3319007863234416e-01
1179   5.0000000000000000e-01  3.8079387067359877e-01  1.9648879404816628e+00  9.3319007863234416e-01
1180   7.5000000000000011e-01  3.8079387067359877e-01  1.9648879404816628e+00  9.3319007863234416e-01
1181   9.1666666666666674e-01  3.8079387067359877e-01  1.9648879404816628e+00  9.3319007863234416e-01
1182   1.0000000000000000e+00  3.8079387067359877e-01  1.9648879404816628e+00  9.3319007863234416e-01
1183   0.0000000000000000e+00  3.9348699969605211e-01  2.0303842051643848e+00  9.3319007863234416e-01
1184   8.3333333333333343e-02  3.9348699969605211e-01  2.0303842051643848e+00  9.3319007863234416e-01
1185   2.5000000000000000e-01  3.9348699969605211e-01  2.0303842051643852e+00  9.3319007863234416e-01
1186   5.0000000000000000e-01  3.9348699969605216e-01  2.0303842051643848e+00  9.3319007863234416e-01
1187   7.5000000000000011e-01  3.9348699969605211e-01  2.0303842051643852e+00  9.3319007863234416e-01
1188   9.1666666666666674e-01  3.9348699969605211e-01  2.0303842051643848e+00  9.3319007863234416e-01
1189   1.0000000000000000e+00  3.9348699969605211e-01  2.0303842051643848e+00  9.3319007863234416e-01
1190   0.0000000000000000e+00  4.1887325774095868e-01  2.1613767345298291e+00  9.3319007863234416e-01
1191   8.3333333333333343e-02  4.1887325774095868e-01  2.1613767345298291e+00  9.3319007863234416e-01
1192   2.5000000000000000e-01  4.1887325774095868e-01  2.1613767345298291e+00  9.3319007863234416e-01
1193   5.0000000000000000e-01  4.1887325774095868e-01  2.1613767345298291e+00  9.3319007863234416e-01
1194   7.5000000000000011e-01  4.1887325774095863e-01  2.1613767345298291e+00  9.3319007863234416e-01
1195   9.1666666666666674e-01  4.1887325774095868e-01  2.1613767345298291e+00  9.3319007863234416e-01
1196   1.0000000000000000e+00  4.1887325774095868e-01  2.1613767345298291e+00  9.3319007863234416e-01
1197   0.0000000000000000e+00  4.5695264480831854e-01  2.3578655285779955e+00  9.3319007863234427e-01
1198   8.3333333333333343e-02  4.5695264480831854e-01  2.3578655285779955e+00  9.3319007863234427e-01
1199   2.4999999999999997e-01  4.5695264480831854e-01  2.3578655285779955e+00  9.3319007863234427e-01
1200   4.9999999999999994e-01  4.5695264480831854e-01  2.3578655285779955e+00  9.3319007863234427e-01
1201   7.5000000000000011e-01  4.5695264480831860e-01  2.3578655285779955e+00  9.3319007863234416e-01
1202   9.1666666666666663e-01  4.5695264480831854e-01  2.3578655285779955e+00  9.3319007863234427e-01
1203   1.0000000000000000e+00  4.5695264480831854e-01  2.3578655285779955e+00  9.3319007863234427e-01
1204   0.0000000000000000e+00  4.9503203187567846e-01  2.5543543226261618e+00  9.3319007863234416e-01
1205   8.3333333333333343e-02  4.9503203187567846e-01  2.5543543226261618e+00  9.3319007863234416e-01
1206   2.5000000000000000e-01  4.9503203187567846e-01  2.5543543226261618e+00  9.3319007863234416e-01
1207   5.0000000000000000e-01  4.9503203187567846e-01  2.5543543226261618e+00  9.3319007863234416e-01
1208   7.5000000000000011e-01  4.9503203187567846e-01  2.5543543226261618e+00  9.3319007863234416e-01
1209   9.1666666666666674e-01  4.9503203187567846e-01  2.5543543226261618e+00  9.3319007863234416e-01
1210   1.0000000000000000e+00  4.9503203187567846e-01  2.5543543226261618e+00  9.3319007863234416e-01
1211   0.0000000000000000e+00  5.3311141894303837e-01  2.7508431166743277e+00  9.3319007863234416e-01
1212   8.3333333333333343e-02  5.3311141894303837e-01  2.7508431166743277e+00  9.3319007863234416e-01
1213   2.5000000000000000e-01  5.3311141894303837e-01  2.7508431166743277e+00  9.3319007863234416e-01
1214   5.0000000000000000e-01  5.3311141894303837e-01  2.7508431166743277e+00  9.3319007863234416e-01
1215   7.5000000000000011e-01  5.3311141894303837e-01  2.7508431166743277e+00  9.3319007863234416e-01
1216   9.1666666666666674e-01  5.3311141894303837e-01  2.7508431166743277e+00  9.3319007863234416e-01
1217   1.0000000000000000e+00  5.3311141894303837e-01  2.7508431166743277e+00  9.3319007863234416e-01
1218   0.0000000000000000e+00  5.5849767698794495e-01  2.8818356460397720e+00  9.3319007863234416e-01
1219   8.3333333333333343e-02  5.5849767698794495e-01  2.8818356460397720e+00  9.3319007863234416e-01
1220   2.5000000000000000e-01  5.5849767698794495e-01  2.8818356460397720e+00  9.3319007863234416e-01
1221   5.0000000000000000e-01  5.5849767698794495e-01  2.8818356460397720e+00  9.3319007863234416e-01
1222   7.5000000000000011e-01  5.5849767698794495e-01  2.8818356460397720e+00  9.3319007863234416e-01
1223   9.1666666666666674e-01  5.5849767698794495e-01  2.8818356460397720e+00  9.3319007863234416e-01
1224   1.0000000000000000e+00  5.5849767698794495e-01  2.8818356460397720e+00  9.3319007863234416e-01
1225   0.0000000000000000e+00  5.7119080601039818e-01  2.9473319107224945e+00  9.3319007863234416e-01
1226   8.3333333333333343e-02  5.7119080601039818e-01  2.9473319107224945e+00  9.3319007863234416e-01
1227   2.5000000000000000e-01  5.7119080601039829e-01  2.9473319107224945e+00  9.3319007863234416e-01
1228   5.0000000000000000e-01  5.7119080601039818e-01  2.9473319107224945e+00  9.3319007863234416e-01
1229   7.5000000000000011e-01  5.7119080601039818e-01  2.9473319107224945e+00  9.3319007863234416e-01
1230   9.1666666666666674e-01  5.7119080601039818e-01  2.9473319107224945e+00  9.3319007863234416e-01
1231   1.0000000000000000e+00  5.7119080601039818e-01  2.9473319107224945e+00  9.3319007863234416e-01
1232   0.0000000000000000e+00  2.5202231513835127e-01  1.9854555563286853e+00  9.5312232036634092e-01
1233   8.3333333333333343e-02  2.5202231513835127e-01  1.9854555563286853e+00  9.5312232036634092e-01
1234   2.5000000000000000e-01  2.5202231513835127e-01  1.9854555563286853e+00  9.5312232036634092e-01
1235   5.0000000000000000e-01  2.5202231513835133e-01  1.9854555563286853e+00  9.5312232036634092e-01
1236   7.5000000000000011e-01  2.5202231513835127e-01  1.9854555563286853e+00  9.5312232036634092e-01
1237   9.1666666666666663e-01  2.5202231513835127e-01  1.9854555563286853e+00  9.5312232036634092e-01
1238   1.0000000000000000e+00  2.5202231513835127e-01  1.9854555563286853e+00  9.5312232036634092e-01
1239   0.0000000000000000e+00  2.6042305897629631e-01  2.0516374082063082e+00  9.5312232036634092e-01
1240   8.3333333333333343e-02  2.6042305897629631e-01  2.0516374082063082e+00  9.5312232036634092e-01
1241   2.5000000000000000e-01  2.6042305897629631e-01  2.0516374082063082e+00  9.5312232036634092e-01
1242   5.0000000000000000e-01  2.6042305897629636e-01  2.0516374082063082e+00  9.5312232036634092e-01
1243   7.5000000000000011e-01  2.6042305897629631e-01  2.0516374082063082e+00  9.5312232036634092e-01
1244   9.1666666666666663e-01  2.6042305897629631e-01  2.0516374082063082e+00  9.5312232036634092e-01
1245   1.0000000000000000e+00  2.6042305897629631e-01  2.0516374082063082e+00  9.5312232036634092e-01
1246   0.0000000000000000e+00  2.7722454665218643e-01  2.1840011119615537e+00  9.5312232036634092e-01
1247   8.3333333333333343e-02  2.7722454665218643e-01  2.1840011119615537e+00  9.5312232036634092e-01
1248   2.5000000000000000e-01  2.7722454665218643e-01  2.1840011119615541e+00  9.5312232036634092e-01
1249   5.0000000000000000e-01  2.7722454665218643e-01  2.1840011119615537e+00  9.5312232036634092e-01
1250   7.5000000000000011e-01  2.7722454665218643e-01  2.1840011119615537e+00  9.5312232036634092e-01
1251   9.1666666666666685e-01  2.7722454665218643e-01  2.1840011119615537e+00  9.5312232036634092e-01
1252   1.0000000000000000e+00  2.7722454665218643e-01  2.1840011119615537e+00  9.5312232036634092e-01
1253   0.0000000000000000e+00  3.0242677816602154e-01  2.3825466675944220e+00  9.5312232036634104e-01
1254   8.3333333333333343e-02  3.0242677816602154e-01  2.3825466675944220e+00  9.5312232036634104e-01
1255   2.4999999999999997e-01  3.0242677816602154e-01  2.3825466675944225e+00  9.5312232036634104e-01
1256   4.9999999999999994e-01  3.0242677816602154e-01  2.3825466675944220e+00  9.5312232036634104e-01
1257   7.5000000000000011e-01  3.0242677816602159e-01  2.3825466675944229e+00  9.5312232036634092e-01
1258   9.1666666666666663e-01  3.0242677816602154e-01  2.3825466675944220e+00  9.5312232036634104e-01
1259   1.0000000000000000e+00  3.0242677816602154e-01  2.3825466675944220e+00  9.5312232036634104e-01
1260   0.0000000000000000e+00  3.2762900967985664e-01  2.5810922232272908e+00  9.5312232036634092e-01
1261   8.3333333333333343e-02  3.2762900967985664e-01  2.5810922232272908e+00  9.5312232036634092e-01
1262   2.5000000000000000e-01  3.2762900967985670e-01  2.5810922232272908e+00  9.5312232036634092e-01
1263   5.0000000000000000e-01  3.2762900967985664e-01  2.5810922232272908e+00  9.5312232036634092e-01
1264   7.5000000000000011e-01  3.2762900967985664e-01  2.5810922232272908e+00  9.5312232036634092e-01
1265   9.1666666666666663e-01  3.2762900967985664e-01  2.5810922232272908e+00  9.5312232036634092e-01
1266   1.0000000000000000e+00  3.2762900967985664e-01  2.5810922232272908e+00  9.5312232036634092e-01
1267   0.0000000000000000e+00  3.5283124119369180e-01  2.7796377788601592e+00  9.5312232036634092e-01
1268   8.3333333333333343e-02  3.5283124119369180e-01  2.7796377788601592e+00  9.5312232036634092e-01
1269   2.5000000000000000e-01  3.5283124119369180e-01  2.7796377788601592e+00  9.5312232036634092e-01
1270   5.0000000000000000e-01  3.5283124119369180e-01  2.7796377788601592e+00  9.5312232036634092e-01
1271   7.5000000000000011e-01  3.5283124119369180e-01  2.7796377788601592e+00  9.5312232036634092e-01
1272   9.1666666666666674e-01  3.5283124119369180e-01  2.7796377788601592e+00  9.5312232036634092e-01
1273   1.0000000000000000e+00  3.5283124119369180e-01  2.7796377788601592e+00  9.5312232036634092e-01
1274   0.0000000000000000e+00  3.6963272886958187e-01  2.9120014826154050e+00  9.5312232036634092e-01
1275   8.3333333333333343e-02  3.6963272886958187e-01  2.9120014826154050e+00  9.5312232036634092e-01
1276   2.5000000000000000e-01  3.6963272886958187e-01  2.9120014826154050e+00  9.5312232036634092e-01
1277   5.0000000000000000e-01  3.6963272886958187e-01  2.9120014826154050e+00  9.5312232036634092e-01
1278   7.5000000000000011e-01  3.6963272886958187e-01  2.9120014826154050e+00  9.5312232036634092e-01
1279   9.1666666666666663e-01  3.6963272886958187e-01  2.9120014826154050e+00  9.5312232036634092e-01
1280   1.0000000000000000e+00  3.6963272886958187e-01  2.9120014826154050e+00  9.5312232036634092e-01
1281   0.0000000000000000e+00  3.7803347270752691e-01  2.9781833344930284e+00  9.5312232036634092e-01
1282   8.3333333333333343e-02  3.7803347270752691e-01  2.9781833344930284e+00  9.5312232036634092e-01
1283   2.5000000000000000e-01  3.7803347270752696e-01  2.9781833344930284e+00  9.5312232036634092e-01
1284   5.0000000000000000e-01  3.7803347270752691e-01  2.9781833344930284e+00  9.5312232036634092e-01
1285   7.5000000000000011e-01  3.7803347270752691e-01  2.9781833344930284e+00  9.5312232036634092e-01
1286   9.1666666666666663e-01  3.7803347270752691e-01  2.9781833344930284e+00  9.5312232036634092e-01
1287   1.0000000000000000e+00  3.7803347270752691e-01  2.9781833344930284e+00  9.5312232036634092e-01
1288   0.0000000000000000e+00  1.2502298738171516e-01  1.9974156071500784e+00  9.7526925562633737e-01
1289   8.3333333333333356e-02  1.2502298738171516e-01  1.9974156071500784e+00  9.7526925562633737e-01
1290   2.5000000000000000e-01  1.2502298738171516e-01  1.9974156071500784e+00  9.7526925562633737e-01
1291   5.0000000000000000e-01  1.2502298738171519e-01  1.9974156071500784e+00  9.7526925562633737e-01
1292   7.5000000000000000e-01  1.2502298738171516e-01  1.9974156071500784e+00  9.7526925562633737e-01
1293   9.1666666666666674e-01  1.2502298738171516e-01  1.9974156071500784e+00  9.7526925562633737e-01
1294   1.0000000000000000e+00  1.2502298738171516e-01  1.9974156071500784e+00  9.7526925562633737e-01
1295   0.0000000000000000e+00  1.2919042029443903e-01  2.0639961273884140e+00  9.7526925562633737e-01
1296   8.3333333333333356e-02  1.2919042029443903e-01  2.0639961273884140e+00  9.7526925562633737e-01
1297   2.5000000000000000e-01  1.2919042029443903e-01  2.0639961273884140e+00  9.7526925562633737e-01
1298   5.0000000000000000e-01  1.2919042029443906e-01  2.0639961273884140e+00  9.7526925562633737e-01
1299   7.5000000000000011e-01  1.2919042029443903e-01  2.0639961273884140e+00  9.7526925562633737e-01
1300   9.1666666666666674e-01  1.2919042029443903e-01  2.0639961273884140e+00  9.7526925562633737e-01
1301   1.0000000000000000e+00  1.2919042029443903e-01  2.0639961273884140e+00  9.7526925562633737e-01
1302   0.0000000000000000e+00  1.3752528611988668e-01  2.1971571678650861e+00  9.7526925562633737e-01
1303   8.3333333333333356e-02  1.3752528611988668e-01  2.1971571678650861e+00  9.7526925562633737e-01
1304   2.5000000000000000e-01  1.3752528611988668e-01  2.1971571678650861e+00  9.7526925562633737e-01
1305   5.0000000000000000e-01  1.3752528611988668e-01  2.1971571678650861e+00  9.7526925562633737e-01
1306   7.5000000000000011e-01  1.3752528611988668e-01  2.1971571678650861e+00  9.7526925562633737e-01
1307   9.1666666666666696e-01  1.3752528611988668e-01  2.1971571678650861e+00  9.7526925562633737e-01
1308   1.0000000000000000e+00  1.3752528611988668e-01  2.1971571678650861e+00  9.7526925562633737e-01
1309   0.0000000000000000e+00  1.5002758485805823e-01  2.3968987285800942e+00  9.7526925562633737e-01
1310   8.3333333333333356e-02  1.5002758485805823e-01  2.3968987285800942e+00  9.7526925562633737e-01
1311   2.5000000000000000e-01  1.5002758485805823e-01  2.3968987285800942e+00  9.7526925562633737e-01
1312   5.0000000000000000e-01  1.5002758485805823e-01  2.3968987285800942e+00  9.7526925562633737e-01
1313   7.5000000000000011e-01  1.5002758485805823e-01  2.3968987285800942e+00  9.7526925562633737e-01
1314   9.1666666666666685e-01  1.5002758485805823e-01  2.3968987285800942e+00  9.7526925562633737e-01
1315   1.0000000000000000e+00  1.5002758485805823e-01  2.3968987285800942e+00  9.7526925562633737e-01
1316   0.0000000000000000e+00  1.6252988359622969e-01  2.5966402892951019e+00  9.7526925562633737e-01
1317   8.3333333333333356e-02  1.6252988359622969e-01  2.5966402892951019e+00  9.7526925562633737e-01
1318   2.5000000000000000e-01  1.6252988359622972e-01  2.5966402892951019e+00  9.7526925562633737e-01
1319   5.0000000000000000e-01  1.6252988359622969e-01  2.5966402892951019e+00  9.7526925562633737e-01
1320   7.5000000000000000e-01  1.6252988359622969e-01  2.5966402892951019e+00  9.7526925562633737e-01
1321   9.1666666666666674e-01  1.6252988359622969e-01  2.5966402892951019e+00  9.7526925562633737e-01
1322   1.0000000000000000e+00  1.6252988359622969e-01  2.5966402892951019e+00  9.7526925562633737e-01
1323   0.0000000000000000e+00  1.7503218233440124e-01  2.7963818500101092e+00  9.7526925562633737e-01
1324   8.3333333333333356e-02  1.7503218233440124e-01  2.7963818500101092e+00  9.7526925562633737e-01
1325   2.5000000000000000e-01  1.7503218233440124e-01  2.7963818500101092e+00  9.7526925562633737e-01
1326   5.0000000000000000e-01  1.7503218233440124e-01  2.7963818500101092e+00  9.7526925562633737e-01
1327   7.5000000000000000e-01  1.7503218233440124e-01  2.7963818500101092e+00  9.7526925562633737e-01
1328   9.1666666666666685e-01  1.7503218233440124e-01  2.7963818500101092e+00  9.7526925562633737e-01
1329   1.0000000000000000e+00  1.7503218233440124e-01  2.7963818500101092e+00  9.7526925562633737e-01
1330   0.0000000000000000e+00  1.8336704815984892e-01  2.9295428904867813e+00  9.7526925562633737e-01
1331   8.3333333333333356e-02  1.8336704815984892e-01  2.9295428904867813e+00  9.7526925562633737e-01
1332   2.5000000000000000e-01  1.8336704815984892e-01  2.9295428904867813e+00  9.7526925562633737e-01
1333   5.0000000000000000e-01  1.8336704815984892e-01  2.9295428904867813e+00  9.7526925562633737e-01
1334   7.5000000000000000e-01  1.8336704815984892e-01  2.9295428904867813e+00  9.7526925562633737e-01
1335   9.1666666666666674e-01  1.8336704815984892e-01  2.9295428904867813e+00  9.7526925562633737e-01
1336   1.0000000000000000e+00  1.8336704815984892e-01  2.9295428904867813e+00  9.7526925562633737e-01
1337   0.0000000000000000e+00  1.8753448107257270e-01  2.9961234107251173e+00  9.7526925562633737e-01
1338   8.3333333333333356e-02  1.8753448107257270e-01  2.9961234107251173e+00  9.7526925562633737e-01
1339   2.5000000000000000e-01  1.8753448107257276e-01  2.9961234107251173e+00  9.7526925562633737e-01
1340   5.0000000000000000e-01  1.8753448107257270e-01  2.9961234107251173e+00  9.7526925562633737e-01
1341   7.5000000000000000e-01  1.8753448107257270e-01  2.9961234107251173e+00  9.7526925562633737e-01
1342   9.1666666666666674e-01  1.8753448107257270e-01  2.9961234107251173e+00  9.7526925562633737e-01
1343   1.0000000000000000e+00  1.8753448107257270e-01  2.9961234107251173e+00  9.7526925562633737e-01
1344   0.0000000000000000e+00  4.1342682718518972e-02  2.0000000000000000e+00  9.9151034148366801e-01
1345   8.3333333333333343e-02  4.1342682718518972e-02  2.0000000000000000e+00  9.9151034148366801e-01
1346   2.5000000000000000e-01  4.1342682718518972e-02  2.0000000000000000e+00  9.9151034148366801e-01
1347   5.0000000000000000e-01  4.1342682718518979e-02  2.0000000000000000e+00  9.9151034148366801e-01
1348   7.5000000000000011e-01  4.1342682718518972e-02  2.0000000000000000e+00  9.9151034148366801e-01
1349   9.1666666666666685e-01  4.1342682718518972e-02  2.0000000000000000e+00  9.9151034148366801e-01
1350   1.0000000000000000e+00  4.1342682718518972e-02  2.0000000000000000e+00  9.9151034148366801e-01
1351   0.0000000000000000e+00  4.2720772142469610e-02  2.0666666666666669e+00  9.9151034148366801e-01
1352   8.3333333333333343e-02  4.2720772142469610e-02  2.0666666666666669e+00  9.9151034148366801e-01
1353   2.5000000000000000e-01  4.2720772142469610e-02  2.0666666666666669e+00  9.9151034148366801e-01
1354   5.0000000000000000e-01  4.2720772142469617e-02  2.0666666666666669e+00  9.9151034148366801e-01
1355   7.5000000000000011e-01  4.2720772142469610e-02  2.0666666666666669e+00  9.9151034148366801e-01
1356   9.1666666666666685e-01  4.2720772142469610e-02  2.0666666666666669e+00  9.9151034148366801e-01
1357   1.0000000000000000e+00  4.2720772142469610e-02  2.0666666666666669e+00  9.9151034148366801e-01
1358   0.0000000000000000e+00  4.5476950990370871e-02  2.2000000000000002e+00  9.9151034148366801e-01
1359   8.3333333333333343e-02  4.5476950990370871e-02  2.2000000000000002e+00  9.9151034148366801e-01
1360   2.5000000000000000e-01  4.5476950990370871e-02  2.2000000000000002e+00  9.9151034148366801e-01
1361   5.0000000000000000e-01  4.5476950990370871e-02  2.2000000000000002e+00  9.9151034148366801e-01
1362   7.5000000000000011e-01  4.5476950990370871e-02  2.2000000000000002e+00  9.9151034148366801e-01
1363   9.1666666666666696e-01  4.5476950990370871e-02  2.2000000000000002e+00  9.9151034148366801e-01
1364   1.0000000000000000e+00  4.5476950990370871e-02  2.2000000000000002e+00  9.9151034148366801e-01
1365   0.0000000000000000e+00  4.9611219262222769e-02  2.4000000000000008e+00  9.9151034148366801e-01
1366   8.3333333333333356e-02  4.9611219262222769e-02  2.4000000000000008e+00  9.9151034148366801e-01
1367   2.5000000000000000e-01  4.9611219262222769e-02  2.4000000000000008e+00  9.9151034148366801e-01
1368   5.0000000000000000e-01  4.9611219262222769e-02  2.4000000000000008e+00  9.9151034148366801e-01
1369   7.5000000000000011e-01  4.9611219262222769e-02  2.4000000000000008e+00  9.9151034148366801e-01
1370   9.1666666666666685e-01  4.9611219262222769e-02  2.4000000000000008e+00  9.9151034148366801e-01
1371   1.0000000000000000e+00  4.9611219262222769e-02  2.4000000000000008e+00  9.9151034148366801e-01
1372   0.0000000000000000e+00  5.3745487534074661e-02  2.6000000000000001e+00  9.9151034148366801e-01
1373   8.3333333333333343e-02  5.3745487534074661e-02  2.6000000000000001e+00  9.9151034148366801e-01
1374   2.5000000000000000e-01  5.3745487534074675e-02  2.6000000000000001e+00  9.9151034148366801e-01
1375   5.0000000000000000e-01  5.3745487534074661e-02  2.6000000000000001e+00  9.9151034148366801e-01
1376   7.5000000000000011e-01  5.3745487534074661e-02  2.6000000000000001e+00  9.9151034148366801e-01
1377   9.1666666666666685e-01  5.3745487534074661e-02  2.6000000000000001e+00  9.9151034148366801e-01
1378   1.0000000000000000e+00  5.3745487534074661e-02  2.6000000000000001e+00  9.9151034148366801e-01
1379   0.0000000000000000e+00  5.7879755805926567e-02  2.8000000000000003e+00  9.9151034148366801e-01
1380   8.3333333333333343e-02  5.7879755805926567e-02  2.8000000000000003e+00  9.9151034148366801e-01
1381   2.5000000000000000e-01  5.7879755805926567e-02  2.8000000000000003e+00  9.9151034148366801e-01
1382   5.0000000000000000e-01  5.7879755805926567e-02  2.8000000000000003e+00  9.9151034148366801e-01
1383   7.5000000000000011e-01  5.7879755805926567e-02  2.8000000000000003e+00  9.9151034148366801e-01
1384   9.1666666666666685e-01  5.7879755805926567e-02  2.8000000000000003e+00  9.9151034148366801e-01
1385   1.0000000000000000e+00  5.7879755805926567e-02  2.8000000000000003e+00  9.9151034148366801e-01
1386   0.0000000000000000e+00  6.0635934653827835e-02  2.9333333333333336e+00  9.9151034148366801e-01
1387   8.3333333333333343e-02  6.0635934653827835e-02  2.9333333333333336e+00  9.9151034148366801e-01
1388   2.5000000000000000e-01  6.0635934653827835e-02  2.9333333333333336e+00  9.9151034148366801e-01
1389   5.0000000000000000e-01  6.0635934653827835e-02  2.9333333333333336e+00  9.9151034148366801e-01
1390   7.5000000000000011e-01  6.0635934653827835e-02  2.9333333333333336e+00  9.9151034148366801e-01
1391   9.1666666666666685e-01  6.0635934653827835e-02  2.9333333333333336e+00  9.9151034148366801e-01
1392   1.0000000000000000e+00  6.0635934653827835e-02  2.9333333333333336e+00  9.9151034148366801e-01
1393   0.0000000000000000e+00  6.2014024077778458e-02  3.0000000000000004e+00  9.9151034148366801e-01
1394   8.3333333333333343e-02  6.2014024077778458e-02  3.0000000000000004e+00  9.9151034148366801e-01
1395   2.5000000000000000e-01  6.2014024077778465e-02  3.0000000000000004e+00  9.9151034148366801e-01
1396   5.0000000000000000e-01  6.2014024077778458e-02  3.0000000000000004e+00  9.9151034148366801e-01
1397   7.5000000000000011e-01  6.2014024077778458e-02  3.0000000000000004e+00  9.9151034148366801e-01
1398   9.1666666666666685e-01  6.2014024077778458e-02  3.0000000000000004e+00  9.9151034148366801e-01
1399   1.0000000000000000e+00  6.2014024077778458e-02  3.0000000000000004e+00  9.9151034148366801e-01
1400   0.0000000000000000e+00  0.0000000000000000e+00  2.0000000000000000e+00  1.0000000000000000e+00
1401   8.3333333333333343e-02  0.0000000000000000e+00  2.0000000000000000e+00  1.0000000000000000e+00
1402   2.5000000000000000e-01  0.0000000000000000e+00  2.0000000000000000e+00  1.0000000000000000e+00
1403   5.0000000000000000e-01  0.0000000000000000e+00  2.0000000000000000e+00  1.0000000000000000e+00
1404   7.5000000000000000e-01  0.0000000000000000e+00  2.0000000000000000e+00  1.0000000000000000e+00
1405   9.1666666666666674e-01  0.0000000000000000e+00  2.0000000000000000e+00  1.0000000000000000e+00
1406   1.0000000000000000e+00  0.0000000000000000e+00  2.0000000000000000e+00  1.0000000000000000e+00
1407   0.0000000000000000e+00  0.0000000000000000e+00  2.0666666666666669e+00  1.0000000000000000e+00
1408   8.3333333333333343e-02  0.0000000000000000e+00  2.0666666666666669e+00  1.0000000000000000e+00
1409   2.5000000000000000e-01  0.0000000000000000e+00  2.0666666666666669e+00  1.0000000000000000e+00
1410   5.0000000000000000e-01  0.0000000000000000e+00  2.0666666666666669e+00  1.0000000000000000e+00
1411   7.5000000000000011e-01  0.0000000000000000e+00  2.0666666666666669e+00  1.0000000000000000e+00
1412   9.1666666666666674e-01  0.0000000000000000e+00  2.0666666666666669e+00  1.0000000000000000e+00
1413   1.0000000000000000e+00  0.0000000000000000e+00  2.0666666666666669e+00  1.0000000000000000e+00
1414   0.0000000000000000e+00  0.0000000000000000e+00  2.2000000000000002e+00  1.0000000000000000e+00
1415   8.3333333333333343e-02  0.0000000000000000e+00  2.2000000000000002e+00  1.0000000000000000e+00
1416   2.5000000000000000e-01  0.0000000000000000e+00  2.2000000000000002e+00  1.0000000000000000e+00
1417   5.0000000000000000e-01  0.0000000000000000e+00  2.2000000000000002e+00  1.0000000000000000e+00
1418   7.5000000000000011e-01  0.0000000000000000e+00  2.2000000000000002e+00  1.0000000000000000e+00
1419   9.1666666666666685e-01  0.0000000000000000e+00  2.2000000000000002e+00  1.0000000000000000e+00
1420   1.0000000000000000e+00  0.0000000000000000e+00  2.2000000000000002e+00  1.0000000000000000e+00
1421   0.0000000000000000e+00  0.0000000000000000e+00  2.4000000000000004e+00  1.0000000000000000e+00
1422   8.3333333333333356e-02  0.0000000000000000e+00  2.4000000000000004e+00  1.0000000000000000e+00
1423   2.5000000000000000e-01  0.0000000000000000e+00  2.4000000000000004e+00  1.0000000000000000e+00
1424   5.0000000000000000e-01  0.0000000000000000e+00  2.4000000000000004e+00  1.0000000000000000e+00
1425   7.5000000000000011e-01  0.0000000000000000e+00  2.4000000000000004e+00  1.0000000000000000e+00
1426   9.1666666666666674e-01  0.0000000000000000e+00  2.4000000000000004e+00  1.0000000000000000e+00
1427   1.0000000000000000e+00  0.0000000000000000e+00  2.4000000000000004e+00  1.0000000000000000e+00
1428   0.0000000000000000e+00  0.0000000000000000e+00  2.6000000000000001e+00  1.0000000000000000e+00
1429   8.3333333333333343e-02  0.0000000000000000e+00  2.6000000000000001e+00  1.0000000000000000e+00
1430   2.5000000000000000e-01  0.0000000000000000e+00  2.6000000000000001e+00  1.0000000000000000e+00
1431   5.0000000000000000e-01  0.0000000000000000e+00  2.6000000000000001e+00  1.0000000000000000e+00
1432   7.5000000000000000e-01  0.0000000000000000e+00  2.6000000000000001e+00  1.0000000000000000e+00
1433   9.1666666666666674e-01  0.0000000000000000e+00  2.6000000000000001e+00  1.0000000000000000e+00
1434   1.0000000000000000e+00  0.0000000000000000e+00  2.6000000000000001e+00  1.0000000000000000e+00
1435   0.0000000000000000e+00  0.0000000000000000e+00  2.7999999999999998e+00  1.0000000000000000e+00
1436   8.3333333333333343e-02  0.0000000000000000e+00  2.7999999999999998e+00  1.0000000000000000e+00
1437   2.5000000000000000e-01  0.0000000000000000e+00  2.7999999999999998e+00  1.0000000000000000e+00
1438   5.0000000000000000e-01  0.0000000000000000e+00  2.7999999999999998e+00  1.0000000000000000e+00
1439   7.5000000000000000e-01  0.0000000000000000e+00  2.7999999999999998e+00  1.0000000000000000e+00
1440   9.1666666666666674e-01  0.0000000000000000e+00  2.7999999999999998e+00  1.0000000000000000e+00
1441   1.0000000000000000e+00  0.0000000000000000e+00  2.7999999999999998e+00  1.0000000000000000e+00
1442   0.0000000000000000e+00  0.0000000000000000e+00  2.9333333333333336e+00  1.0000000000000000e+00
1443   8.3333333333333343e-02  0.0000000000000000e+00  2.9333333333333336e+00  1.0000000000000000e+00
1444   2.5000000000000000e-01  0.0000000000000000e+00  2.9333333333333336e+00  1.0000000000000000e+00
1445   5.0000000000000000e-01  0.0000000000000000e+00  2.9333333333333336e+00  1.0000000000000000e+00
1446   7.5000000000000000e-01  0.0000000000000000e+00  2.9333333333333336e+00  1.0000000000000000e+00
1447   9.1666666666666674e-01  0.0000000000000000e+00  2.9333333333333336e+00  1.0000000000000000e+00
1448   1.0000000000000000e+00  0.0000000000000000e+00  2.9333333333333336e+00  1.0000000000000000e+00
1449   0.0000000000000000e+00  0.0000000000000000e+00  3.0000000000000000e+00  1.0000000000000000e+00
1450   8.3333333333333343e-02  0.0000000000000000e+00  3.0000000000000000e+00  1.0000000000000000e+00
1451   2.5000000000000000e-01  0.0000000000000000e+00  3.0000000000000000e+00  1.0000000000000000e+00
1452   5.0000000000000000e-01  0.0000000000000000e+00  3.0000000000000000e+00  1.0000000000000000e+00
1453   7.5000000000000000e-01  0.0000000000000000e+00  3.0000000000000000e+00  1.0000000000000000e+00
1454   9.1666666666666674e-01  0.0000000000000000e+00  3.0000000000000000e+00  1.0000000000000000e+00
1455   1.0000000000000000e+00  0.0000000000000000e+00  3.0000000000000000e+00  1.0000000000000000e+00


