3

206000  3.000000e-01

2

2520

3     3     3
3     3     3

10    12    32
10    12    32

6     8     28
6     8     28

0     1     2     3     4     5     6     7     8     9     10    11    12    13    14    15    16    17    18    19    20    21    22    23    24    25    26    27    28    29    30    31    32    33    34    35    36    37    38    39    40    41    42    43    44    45    46    47    48    49    50    51    52    53    54    55    56    57    58    59    60    61    62    63    64    65    66    67    68    69    70    71    72    73    74    75    76    77    78    79    80    81    82    83    84    85    86    87    88    89    90    91    92    93    94    95    96    97    98    99    100   101   102   103   104   105   106   107   108   109   110   111   112   113   114   115   116   117   118   119   120   121   122   123   124   125   126   127   128   129   130   131   132   133   134   135   136   137   138   139   140   141   142   143   144   145   146   147   148   149   150   151   152   153   154   155   156   157   158   159   160   161   162   163   164   165   166   167   168   169   170   171   172   173   174   175   176   177   178   179   180   181   182   183   184   185   186   187   188   189   190   191   192   193   194   195   196   197   198   199   200   201   202   203   204   205   206   207   208   209   210   211   212   213   214   215   216   217   218   219   220   221   222   223   224   225   226   227   228   229   230   231   232   233   234   235   236   237   238   239   240   241   242   243   244   245   246   247   248   249   250   251   252   253   254   255   256   257   258   259   260   261   262   263   264   265   266   267   268   269   270   271   272   273   274   275   276   277   278   279   280   281   282   283   284   285   286   287   288   289   290   291   292   293   294   295   296   297   298   299   300   301   302   303   304   305   306   307   308   309   310   311   312   313   314   315   316   317   318   319   320   321   322   323   324   325   326   327   328   329   330   331   332   333   334   335   336   337   338   339   340   341   342   343   344   345   346   347   348   349   350   351   352   353   354   355   356   357   358   359   360   361   362   363   364   365   366   367   368   369   370   371   372   373   374   375   376   377   378   379   380   381   382   383   384   385   386   387   388   389   390   391   392   393   394   395   396   397   398   399   400   401   402   403   404   405   406   407   408   409   410   411   412   413   414   415   416   417   418   419   420   421   422   423   424   425   426   427   428   429   430   431   432   433   434   435   436   437   438   439   440   441   442   443   444   445   446   447   448   449   450   451   452   453   454   455   456   457   458   459   460   461   462   463   464   465   466   467   468   469   470   471   472   473   474   475   476   477   478   479   480   481   482   483   484   485   486   487   488   489   490   491   492   493   494   495   496   497   498   499   500   501   502   503   504   505   506   507   508   509   510   511   512   513   514   515   516   517   518   519   520   521   522   523   524   525   526   527   528   529   530   531   532   533   534   535   536   537   538   539   540   541   542   543   544   545   546   547   548   549   550   551   552   553   554   555   556   557   558   559   560   561   562   563   564   565   566   567   568   569   570   571   572   573   574   575   576   577   578   579   580   581   582   583   584   585   586   587   588   589   590   591   592   593   594   595   596   597   598   599   600   601   602   603   604   605   606   607   608   609   610   611   612   613   614   615   616   617   618   619   620   621   622   623   624   625   626   627   628   629   630   631   632   633   634   635   636   637   638   639   640   641   642   643   644   645   646   647   648   649   650   651   652   653   654   655   656   657   658   659   660   661   662   663   664   665   666   667   668   669   670   671   672   673   674   675   676   677   678   679   680   681   682   683   684   685   686   687   688   689   690   691   692   693   694   695   696   697   698   699   700   701   702   703   704   705   706   707   708   709   710   711   712   713   714   715   716   717   718   719   720   721   722   723   724   725   726   727   728   729   730   731   732   733   734   735   736   737   738   739   740   741   742   743   744   745   746   747   748   749   750   751   752   753   754   755   756   757   758   759   760   761   762   763   764   765   766   767   768   769   770   771   772   773   774   775   776   777   778   779   780   781   782   783   784   785   786   787   788   789   790   791   792   793   794   795   796   797   798   799   800   801   802   803   804   805   806   807   808   809   810   811   812   813   814   815   816   817   818   819   820   821   822   823   824   825   826   827   828   829   830   831   832   833   834   835   836   837   838   839   840   841   842   843   844   845   846   847   848   849   850   851   852   853   854   855   856   857   858   859   860   861   862   863   864   865   866   867   868   869   870   871   872   873   874   875   876   877   878   879   880   881   882   883   884   885   886   887   888   889   890   891   892   893   894   895   896   897   898   899   900   901   902   903   904   905   906   907   908   909   910   911   912   913   914   915   916   917   918   919   920   921   922   923   924   925   926   927   928   929   930   931   932   933   934   935   936   937   938   939   940   941   942   943   944   945   946   947   948   949   950   951   952   953   954   955   956   957   958   959   960   961   962   963   964   965   966   967   968   969   970   971   972   973   974   975   976   977   978   979   980   981   982   983   984   985   986   987   988   989   990   991   992   993   994   995   996   997   998   999   1000  1001  1002  1003  1004  1005  1006  1007  1008  1009  1010  1011  1012  1013  1014  1015  1016  1017  1018  1019  1020  1021  1022  1023  1024  1025  1026  1027  1028  1029  1030  1031  1032  1033  1034  1035  1036  1037  1038  1039  1040  1041  1042  1043  1044  1045  1046  1047  1048  1049  1050  1051  1052  1053  1054  1055  1056  1057  1058  1059  1060  1061  1062  1063  1064  1065  1066  1067  1068  1069  1070  1071  1072  1073  1074  1075  1076  1077  1078  1079  1080  1081  1082  1083  1084  1085  1086  1087  1088  1089  1090  1091  1092  1093  1094  1095  1096  1097  1098  1099  1100  1101  1102  1103  1104  1105  1106  1107  1108  1109  1110  1111  1112  1113  1114  1115  1116  1117  1118  1119  1120  1121  1122  1123  1124  1125  1126  1127  1128  1129  1130  1131  1132  1133  1134  1135  1136  1137  1138  1139  1140  1141  1142  1143  1144  1145  1146  1147  1148  1149  1150  1151  1152  1153  1154  1155  1156  1157  1158  1159  1160  1161  1162  1163  1164  1165  1166  1167  1168  1169  1170  1171  1172  1173  1174  1175  1176  1177  1178  1179  1180  1181  1182  1183  1184  1185  1186  1187  1188  1189  1190  1191  1192  1193  1194  1195  1196  1197  1198  1199  1200  1201  1202  1203  1204  1205  1206  1207  1208  1209  1210  1211  1212  1213  1214  1215  1216  1217  1218  1219  1220  1221  1222  1223  1224  1225  1226  1227  1228  1229  1230  1231  1232  1233  1234  1235  1236  1237  1238  1239  1240  1241  1242  1243  1244  1245  1246  1247  1248  1249  1250  1251  1252  1253  1254  1255  1256  1257  1258  1259  1260  1261  1262  1263  1264  1265  1266  1267  1268  1269  1270  1271  1272  1273  1274  1275  1276  1277  1278  1279  1280  1281  1282  1283  1284  1285  1286  1287  1288  1289  1290  1291  1292  1293  1294  1295  1296  1297  1298  1299  1300  1301  1302  1303  1304  1305  1306  1307  1308  1309  1310  1311  1312  1313  1314  1315  1316  1317  1318  1319  1320  1321  1322  1323  1324  1325  1326  1327  1328  1329  1330  1331  1332  1333  1334  1335  1336  1337  1338  1339  1340  1341  1342  1343
42    43    44    45    46    47    1344  1345  1346  1347  1348  1349  1350  1351  1352  1353  1354  1355  1356  1357  1358  1359  1360  1361  1362  1363  1364  1365  1366  1367  1368  1369  1370  1371  1372  1373  1374  1375  1376  1377  1378  1379  1380  1381  1382  1383  1384  1385  90    91    92    93    94    95    1386  1387  1388  1389  1390  1391  1392  1393  1394  1395  1396  1397  1398  1399  1400  1401  1402  1403  1404  1405  1406  1407  1408  1409  1410  1411  1412  1413  1414  1415  1416  1417  1418  1419  1420  1421  1422  1423  1424  1425  1426  1427  138   139   140   141   142   143   1428  1429  1430  1431  1432  1433  1434  1435  1436  1437  1438  1439  1440  1441  1442  1443  1444  1445  1446  1447  1448  1449  1450  1451  1452  1453  1454  1455  1456  1457  1458  1459  1460  1461  1462  1463  1464  1465  1466  1467  1468  1469  186   187   188   189   190   191   1470  1471  1472  1473  1474  1475  1476  1477  1478  1479  1480  1481  1482  1483  1484  1485  1486  1487  1488  1489  1490  1491  1492  1493  1494  1495  1496  1497  1498  1499  1500  1501  1502  1503  1504  1505  1506  1507  1508  1509  1510  1511  234   235   236   237   238   239   1512  1513  1514  1515  1516  1517  1518  1519  1520  1521  1522  1523  1524  1525  1526  1527  1528  1529  1530  1531  1532  1533  1534  1535  1536  1537  1538  1539  1540  1541  1542  1543  1544  1545  1546  1547  1548  1549  1550  1551  1552  1553  282   283   284   285   286   287   1554  1555  1556  1557  1558  1559  1560  1561  1562  1563  1564  1565  1566  1567  1568  1569  1570  1571  1572  1573  1574  1575  1576  1577  1578  1579  1580  1581  1582  1583  1584  1585  1586  1587  1588  1589  1590  1591  1592  1593  1594  1595  330   331   332   333   334   335   1596  1597  1598  1599  1600  1601  1602  1603  1604  1605  1606  1607  1608  1609  1610  1611  1612  1613  1614  1615  1616  1617  1618  1619  1620  1621  1622  1623  1624  1625  1626  1627  1628  1629  1630  1631  1632  1633  1634  1635  1636  1637  378   379   380   381   382   383   1638  1639  1640  1641  1642  1643  1644  1645  1646  1647  1648  1649  1650  1651  1652  1653  1654  1655  1656  1657  1658  1659  1660  1661  1662  1663  1664  1665  1666  1667  1668  1669  1670  1671  1672  1673  1674  1675  1676  1677  1678  1679  426   427   428   429   430   431   1680  1681  1682  1683  1684  1685  1686  1687  1688  1689  1690  1691  1692  1693  1694  1695  1696  1697  1698  1699  1700  1701  1702  1703  1704  1705  1706  1707  1708  1709  1710  1711  1712  1713  1714  1715  1716  1717  1718  1719  1720  1721  474   475   476   477   478   479   1722  1723  1724  1725  1726  1727  1728  1729  1730  1731  1732  1733  1734  1735  1736  1737  1738  1739  1740  1741  1742  1743  1744  1745  1746  1747  1748  1749  1750  1751  1752  1753  1754  1755  1756  1757  1758  1759  1760  1761  1762  1763  522   523   524   525   526   527   1764  1765  1766  1767  1768  1769  1770  1771  1772  1773  1774  1775  1776  1777  1778  1779  1780  1781  1782  1783  1784  1785  1786  1787  1788  1789  1790  1791  1792  1793  1794  1795  1796  1797  1798  1799  1800  1801  1802  1803  1804  1805  570   571   572   573   574   575   1806  1807  1808  1809  1810  1811  1812  1813  1814  1815  1816  1817  1818  1819  1820  1821  1822  1823  1824  1825  1826  1827  1828  1829  1830  1831  1832  1833  1834  1835  1836  1837  1838  1839  1840  1841  1842  1843  1844  1845  1846  1847  618   619   620   621   622   623   1848  1849  1850  1851  1852  1853  1854  1855  1856  1857  1858  1859  1860  1861  1862  1863  1864  1865  1866  1867  1868  1869  1870  1871  1872  1873  1874  1875  1876  1877  1878  1879  1880  1881  1882  1883  1884  1885  1886  1887  1888  1889  666   667   668   669   670   671   1890  1891  1892  1893  1894  1895  1896  1897  1898  1899  1900  1901  1902  1903  1904  1905  1906  1907  1908  1909  1910  1911  1912  1913  1914  1915  1916  1917  1918  1919  1920  1921  1922  1923  1924  1925  1926  1927  1928  1929  1930  1931  714   715   716   717   718   719   1932  1933  1934  1935  1936  1937  1938  1939  1940  1941  1942  1943  1944  1945  1946  1947  1948  1949  1950  1951  1952  1953  1954  1955  1956  1957  1958  1959  1960  1961  1962  1963  1964  1965  1966  1967  1968  1969  1970  1971  1972  1973  762   763   764   765   766   767   1974  1975  1976  1977  1978  1979  1980  1981  1982  1983  1984  1985  1986  1987  1988  1989  1990  1991  1992  1993  1994  1995  1996  1997  1998  1999  2000  2001  2002  2003  2004  2005  2006  2007  2008  2009  2010  2011  2012  2013  2014  2015  810   811   812   813   814   815   2016  2017  2018  2019  2020  2021  2022  2023  2024  2025  2026  2027  2028  2029  2030  2031  2032  2033  2034  2035  2036  2037  2038  2039  2040  2041  2042  2043  2044  2045  2046  2047  2048  2049  2050  2051  2052  2053  2054  2055  2056  2057  858   859   860   861   862   863   2058  2059  2060  2061  2062  2063  2064  2065  2066  2067  2068  2069  2070  2071  2072  2073  2074  2075  2076  2077  2078  2079  2080  2081  2082  2083  2084  2085  2086  2087  2088  2089  2090  2091  2092  2093  2094  2095  2096  2097  2098  2099  906   907   908   909   910   911   2100  2101  2102  2103  2104  2105  2106  2107  2108  2109  2110  2111  2112  2113  2114  2115  2116  2117  2118  2119  2120  2121  2122  2123  2124  2125  2126  2127  2128  2129  2130  2131  2132  2133  2134  2135  2136  2137  2138  2139  2140  2141  954   955   956   957   958   959   2142  2143  2144  2145  2146  2147  2148  2149  2150  2151  2152  2153  2154  2155  2156  2157  2158  2159  2160  2161  2162  2163  2164  2165  2166  2167  2168  2169  2170  2171  2172  2173  2174  2175  2176  2177  2178  2179  2180  2181  2182  2183  1002  1003  1004  1005  1006  1007  2184  2185  2186  2187  2188  2189  2190  2191  2192  2193  2194  2195  2196  2197  2198  2199  2200  2201  2202  2203  2204  2205  2206  2207  2208  2209  2210  2211  2212  2213  2214  2215  2216  2217  2218  2219  2220  2221  2222  2223  2224  2225  1050  1051  1052  1053  1054  1055  2226  2227  2228  2229  2230  2231  2232  2233  2234  2235  2236  2237  2238  2239  2240  2241  2242  2243  2244  2245  2246  2247  2248  2249  2250  2251  2252  2253  2254  2255  2256  2257  2258  2259  2260  2261  2262  2263  2264  2265  2266  2267  1098  1099  1100  1101  1102  1103  2268  2269  2270  2271  2272  2273  2274  2275  2276  2277  2278  2279  2280  2281  2282  2283  2284  2285  2286  2287  2288  2289  2290  2291  2292  2293  2294  2295  2296  2297  2298  2299  2300  2301  2302  2303  2304  2305  2306  2307  2308  2309  1146  1147  1148  1149  1150  1151  2310  2311  2312  2313  2314  2315  2316  2317  2318  2319  2320  2321  2322  2323  2324  2325  2326  2327  2328  2329  2330  2331  2332  2333  2334  2335  2336  2337  2338  2339  2340  2341  2342  2343  2344  2345  2346  2347  2348  2349  2350  2351  1194  1195  1196  1197  1198  1199  2352  2353  2354  2355  2356  2357  2358  2359  2360  2361  2362  2363  2364  2365  2366  2367  2368  2369  2370  2371  2372  2373  2374  2375  2376  2377  2378  2379  2380  2381  2382  2383  2384  2385  2386  2387  2388  2389  2390  2391  2392  2393  1242  1243  1244  1245  1246  1247  2394  2395  2396  2397  2398  2399  2400  2401  2402  2403  2404  2405  2406  2407  2408  2409  2410  2411  2412  2413  2414  2415  2416  2417  2418  2419  2420  2421  2422  2423  2424  2425  2426  2427  2428  2429  2430  2431  2432  2433  2434  2435  1290  1291  1292  1293  1294  1295  2436  2437  2438  2439  2440  2441  2442  2443  2444  2445  2446  2447  2448  2449  2450  2451  2452  2453  2454  2455  2456  2457  2458  2459  2460  2461  2462  2463  2464  2465  2466  2467  2468  2469  2470  2471  2472  2473  2474  2475  2476  2477  1338  1339  1340  1341  1342  1343  2478  2479  2480  2481  2482  2483  2484  2485  2486  2487  2488  2489  2490  2491  2492  2493  2494  2495  2496  2497  2498  2499  2500  2501  2502  2503  2504  2505  2506  2507  2508  2509  2510  2511  2512  2513  2514  2515  2516  2517  2518  2519

427   0     2

0.0000000000000000e+00  0.0000000000000000e+00  0.0000000000000000e+00  0.0000000000000000e+00  3.3333333333333331e-01  6.6666666666666663e-01  1.0000000000000000e+00  1.0000000000000000e+00  1.0000000000000000e+00  1.0000000000000000e+00
0.0000000000000000e+00  0.0000000000000000e+00  0.0000000000000000e+00  0.0000000000000000e+00  2.0000000000000001e-01  4.0000000000000002e-01  6.0000000000000009e-01  8.0000000000000004e-01  1.0000000000000000e+00  1.0000000000000000e+00  1.0000000000000000e+00  1.0000000000000000e+00
0.0000000000000000e+00  0.0000000000000000e+00  0.0000000000000000e+00  0.0000000000000000e+00  4.0000000000000001e-02  8.0000000000000002e-02  1.2000000000000000e-01  1.6000000000000000e-01  2.0000000000000001e-01  2.3999999999999999e-01  2.8000000000000003e-01  3.2000000000000001e-01  3.5999999999999999e-01  4.0000000000000002e-01  4.4000000000000000e-01  4.7999999999999998e-01  5.2000000000000002e-01  5.6000000000000005e-01  5.9999999999999998e-01  6.4000000000000001e-01  6.8000000000000005e-01  7.1999999999999997e-01  7.6000000000000001e-01  8.0000000000000004e-01  8.3999999999999997e-01  8.8000000000000000e-01  9.2000000000000004e-01  9.5999999999999996e-01  1.0000000000000000e+00  1.0000000000000000e+00  1.0000000000000000e+00  1.0000000000000000e+00
0.0000000000000000e+00  0.0000000000000000e+00  0.0000000000000000e+00  0.0000000000000000e+00  3.3333333333333331e-01  6.6666666666666663e-01  1.0000000000000000e+00  1.0000000000000000e+00  1.0000000000000000e+00  1.0000000000000000e+00
0.0000000000000000e+00  0.0000000000000000e+00  0.0000000000000000e+00  0.0000000000000000e+00  2.0000000000000001e-01  4.0000000000000002e-01  6.0000000000000009e-01  8.0000000000000004e-01  1.0000000000000000e+00  1.0000000000000000e+00  1.0000000000000000e+00  1.0000000000000000e+00
0.0000000000000000e+00  0.0000000000000000e+00  0.0000000000000000e+00  0.0000000000000000e+00  4.0000000000000001e-02  8.0000000000000002e-02  1.2000000000000000e-01  1.6000000000000000e-01  2.0000000000000001e-01  2.3999999999999999e-01  2.8000000000000003e-01  3.2000000000000001e-01  3.5999999999999999e-01  4.0000000000000002e-01  4.4000000000000000e-01  4.7999999999999998e-01  5.2000000000000002e-01  5.6000000000000005e-01  5.9999999999999998e-01  6.4000000000000001e-01  6.8000000000000005e-01  7.1999999999999997e-01  7.6000000000000001e-01  8.0000000000000004e-01  8.3999999999999997e-01  8.8000000000000000e-01  9.2000000000000004e-01  9.5999999999999996e-01  1.0000000000000000e+00  1.0000000000000000e+00  1.0000000000000000e+00  1.0000000000000000e+00

0      0.0000000000000000e+00 -1.9000000000000000e+01  0.0000000000000000e+00  1.0000000000000000e+00
1      0.0000000000000000e+00 -1.9222222222222221e+01  0.0000000000000000e+00  1.0000000000000000e+00
2      0.0000000000000000e+00 -1.9666666666666668e+01  0.0000000000000000e+00  1.0000000000000000e+00
3      0.0000000000000000e+00 -2.0333333333333336e+01  0.0000000000000000e+00  1.0000000000000000e+00
4      0.0000000000000000e+00 -2.0777777777777779e+01  0.0000000000000000e+00  1.0000000000000000e+00
5      0.0000000000000000e+00 -2.1000000000000000e+01  0.0000000000000000e+00  1.0000000000000000e+00
6      1.8641362269829624e+00 -1.9000000000000000e+01  0.0000000000000000e+00  9.6094757082487314e-01
7      1.8859389898716521e+00 -1.9222222222222221e+01  0.0000000000000000e+00  9.6094757082487314e-01
8      1.9295445156490312e+00 -1.9666666666666668e+01  0.0000000000000000e+00  9.6094757082487314e-01
9      1.9949528043150997e+00 -2.0333333333333332e+01  0.0000000000000000e+00  9.6094757082487314e-01
10     2.0385583300924788e+00 -2.0777777777777779e+01  0.0000000000000000e+00  9.6094757082487314e-01
11     2.0603610929811684e+00 -2.1000000000000000e+01  0.0000000000000000e+00  9.6094757082487314e-01
12     5.7477485436690587e+00 -1.8436074406113576e+01  0.0000000000000000e+00  8.9846368414467004e-01
13     5.8149736728347792e+00 -1.8651701007354671e+01  0.0000000000000000e+00  8.9846368414467004e-01
14     5.9494239311662183e+00 -1.9082954209836860e+01  0.0000000000000000e+00  8.9846368414467004e-01
15     6.1510993186633787e+00 -1.9729834013560144e+01  0.0000000000000000e+00  8.9846368414467004e-01
16     6.2855495769948169e+00 -2.0161087216042333e+01  0.0000000000000000e+00  8.9846368414467004e-01
17     6.3527747061605382e+00 -2.0376713817283427e+01  0.0000000000000000e+00  8.9846368414467004e-01
18     1.1265546362339835e+01 -1.5727731153297620e+01  0.0000000000000000e+00  8.5160076913451777e-01
19     1.1397307138507550e+01 -1.5911681225266014e+01  0.0000000000000000e+00  8.5160076913451777e-01
20     1.1660828690842985e+01 -1.6279581369202798e+01  0.0000000000000000e+00  8.5160076913451777e-01
21     1.2056111019346137e+01 -1.6831431585107978e+01  0.0000000000000000e+00  8.5160076913451777e-01
22     1.2319632571681572e+01 -1.7199331729044765e+01  0.0000000000000000e+00  8.5160076913451777e-01
23     1.2451393347849288e+01 -1.7383281801013158e+01  0.0000000000000000e+00  8.5160076913451777e-01
24     1.5727731153297624e+01 -1.1265546362339830e+01  0.0000000000000000e+00  8.5160076913451765e-01
25     1.5911681225266014e+01 -1.1397307138507546e+01  0.0000000000000000e+00  8.5160076913451777e-01
26     1.6279581369202802e+01 -1.1660828690842981e+01  0.0000000000000000e+00  8.5160076913451777e-01
27     1.6831431585107978e+01 -1.2056111019346133e+01  0.0000000000000000e+00  8.5160076913451777e-01
28     1.7199331729044765e+01 -1.2319632571681568e+01  0.0000000000000000e+00  8.5160076913451777e-01
29     1.7383281801013158e+01 -1.2451393347849287e+01  0.0000000000000000e+00  8.5160076913451765e-01
30     1.8436074406113573e+01 -5.7477485436690552e+00  0.0000000000000000e+00  8.9846368414467004e-01
31     1.8651701007354671e+01 -5.8149736728347756e+00  0.0000000000000000e+00  8.9846368414467004e-01
32     1.9082954209836860e+01 -5.9494239311662156e+00  0.0000000000000000e+00  8.9846368414467004e-01
33     1.9729834013560144e+01 -6.1510993186633751e+00  0.0000000000000000e+00  8.9846368414467004e-01
34     2.0161087216042333e+01 -6.2855495769948151e+00  0.0000000000000000e+00  8.9846368414467004e-01
35     2.0376713817283424e+01 -6.3527747061605355e+00  0.0000000000000000e+00  8.9846368414467004e-01
36     1.9000000000000000e+01 -1.8641362269829616e+00  0.0000000000000000e+00  9.6094757082487314e-01
37     1.9222222222222221e+01 -1.8859389898716510e+00  0.0000000000000000e+00  9.6094757082487314e-01
38     1.9666666666666664e+01 -1.9295445156490303e+00  0.0000000000000000e+00  9.6094757082487314e-01
39     2.0333333333333332e+01 -1.9949528043150992e+00  0.0000000000000000e+00  9.6094757082487314e-01
40     2.0777777777777775e+01 -2.0385583300924779e+00  0.0000000000000000e+00  9.6094757082487314e-01
41     2.1000000000000000e+01 -2.0603610929811675e+00  0.0000000000000000e+00  9.6094757082487314e-01
42     1.9000000000000000e+01  0.0000000000000000e+00  0.0000000000000000e+00  1.0000000000000000e+00
43     1.9222222222222221e+01  0.0000000000000000e+00  0.0000000000000000e+00  1.0000000000000000e+00
44     1.9666666666666668e+01  0.0000000000000000e+00  0.0000000000000000e+00  1.0000000000000000e+00
45     2.0333333333333336e+01  0.0000000000000000e+00  0.0000000000000000e+00  1.0000000000000000e+00
46     2.0777777777777779e+01  0.0000000000000000e+00  0.0000000000000000e+00  1.0000000000000000e+00
47     2.1000000000000000e+01  0.0000000000000000e+00  0.0000000000000000e+00  1.0000000000000000e+00
48     0.0000000000000000e+00 -1.9000000000000000e+01  2.6666666666666670e+00  1.0000000000000000e+00
49     0.0000000000000000e+00 -1.9222222222222221e+01  2.6666666666666670e+00  1.0000000000000000e+00
50     0.0000000000000000e+00 -1.9666666666666664e+01  2.6666666666666670e+00  1.0000000000000000e+00
51     0.0000000000000000e+00 -2.0333333333333336e+01  2.6666666666666670e+00  1.0000000000000000e+00
52     0.0000000000000000e+00 -2.0777777777777775e+01  2.6666666666666670e+00  1.0000000000000000e+00
53     0.0000000000000000e+00 -2.1000000000000000e+01  2.6666666666666670e+00  1.0000000000000000e+00
54     1.8641362269829624e+00 -1.8999999999999996e+01  2.6666666666666674e+00  9.6094757082487314e-01
55     1.8859389898716521e+00 -1.9222222222222218e+01  2.6666666666666674e+00  9.6094757082487314e-01
56     1.9295445156490312e+00 -1.9666666666666668e+01  2.6666666666666674e+00  9.6094757082487314e-01
57     1.9949528043150997e+00 -2.0333333333333332e+01  2.6666666666666674e+00  9.6094757082487314e-01
58     2.0385583300924783e+00 -2.0777777777777779e+01  2.6666666666666674e+00  9.6094757082487314e-01
59     2.0603610929811684e+00 -2.1000000000000000e+01  2.6666666666666674e+00  9.6094757082487314e-01
60     5.7477485436690587e+00 -1.8436074406113576e+01  2.6666666666666670e+00  8.9846368414467004e-01
61     5.8149736728347792e+00 -1.8651701007354667e+01  2.6666666666666670e+00  8.9846368414467004e-01
62     5.9494239311662183e+00 -1.9082954209836860e+01  2.6666666666666670e+00  8.9846368414467004e-01
63     6.1510993186633787e+00 -1.9729834013560144e+01  2.6666666666666670e+00  8.9846368414467004e-01
64     6.2855495769948169e+00 -2.0161087216042333e+01  2.6666666666666670e+00  8.9846368414467004e-01
65     6.3527747061605382e+00 -2.0376713817283427e+01  2.6666666666666670e+00  8.9846368414467004e-01
66     1.1265546362339837e+01 -1.5727731153297622e+01  2.6666666666666674e+00  8.5160076913451765e-01
67     1.1397307138507550e+01 -1.5911681225266014e+01  2.6666666666666674e+00  8.5160076913451765e-01
68     1.1660828690842985e+01 -1.6279581369202802e+01  2.6666666666666674e+00  8.5160076913451765e-01
69     1.2056111019346137e+01 -1.6831431585107978e+01  2.6666666666666674e+00  8.5160076913451765e-01
70     1.2319632571681570e+01 -1.7199331729044765e+01  2.6666666666666674e+00  8.5160076913451765e-01
71     1.2451393347849287e+01 -1.7383281801013162e+01  2.6666666666666674e+00  8.5160076913451765e-01
72     1.5727731153297626e+01 -1.1265546362339832e+01  2.6666666666666679e+00  8.5160076913451754e-01
73     1.5911681225266014e+01 -1.1397307138507546e+01  2.6666666666666674e+00  8.5160076913451765e-01
74     1.6279581369202806e+01 -1.1660828690842983e+01  2.6666666666666674e+00  8.5160076913451765e-01
75     1.6831431585107978e+01 -1.2056111019346135e+01  2.6666666666666674e+00  8.5160076913451765e-01
76     1.7199331729044765e+01 -1.2319632571681568e+01  2.6666666666666674e+00  8.5160076913451765e-01
77     1.7383281801013162e+01 -1.2451393347849288e+01  2.6666666666666679e+00  8.5160076913451754e-01
78     1.8436074406113573e+01 -5.7477485436690552e+00  2.6666666666666670e+00  8.9846368414467004e-01
79     1.8651701007354667e+01 -5.8149736728347756e+00  2.6666666666666670e+00  8.9846368414467004e-01
80     1.9082954209836860e+01 -5.9494239311662147e+00  2.6666666666666665e+00  8.9846368414467004e-01
81     1.9729834013560144e+01 -6.1510993186633751e+00  2.6666666666666665e+00  8.9846368414467004e-01
82     2.0161087216042333e+01 -6.2855495769948151e+00  2.6666666666666670e+00  8.9846368414467004e-01
83     2.0376713817283424e+01 -6.3527747061605355e+00  2.6666666666666670e+00  8.9846368414467004e-01
84     1.8999999999999996e+01 -1.8641362269829613e+00  2.6666666666666670e+00  9.6094757082487314e-01
85     1.9222222222222218e+01 -1.8859389898716510e+00  2.6666666666666670e+00  9.6094757082487314e-01
86     1.9666666666666664e+01 -1.9295445156490303e+00  2.6666666666666670e+00  9.6094757082487314e-01
87     2.0333333333333332e+01 -1.9949528043150992e+00  2.6666666666666670e+00  9.6094757082487314e-01
88     2.0777777777777775e+01 -2.0385583300924779e+00  2.6666666666666670e+00  9.6094757082487314e-01
89     2.1000000000000000e+01 -2.0603610929811675e+00  2.6666666666666670e+00  9.6094757082487314e-01
90     1.9000000000000000e+01  0.0000000000000000e+00  2.6666666666666670e+00  1.0000000000000000e+00
91     1.9222222222222221e+01  0.0000000000000000e+00  2.6666666666666670e+00  1.0000000000000000e+00
92     1.9666666666666664e+01  0.0000000000000000e+00  2.6666666666666670e+00  1.0000000000000000e+00
93     2.0333333333333336e+01  0.0000000000000000e+00  2.6666666666666670e+00  1.0000000000000000e+00
94     2.0777777777777775e+01  0.0000000000000000e+00  2.6666666666666670e+00  1.0000000000000000e+00
95     2.1000000000000000e+01  0.0000000000000000e+00  2.6666666666666670e+00  1.0000000000000000e+00
96     0.0000000000000000e+00 -1.9000000000000000e+01  8.0000000000000000e+00  1.0000000000000000e+00
97     0.0000000000000000e+00 -1.9222222222222221e+01  8.0000000000000000e+00  1.0000000000000000e+00
98     0.0000000000000000e+00 -1.9666666666666668e+01  8.0000000000000000e+00  1.0000000000000000e+00
99     0.0000000000000000e+00 -2.0333333333333336e+01  8.0000000000000000e+00  1.0000000000000000e+00
100    0.0000000000000000e+00 -2.0777777777777775e+01  8.0000000000000000e+00  1.0000000000000000e+00
101    0.0000000000000000e+00 -2.1000000000000000e+01  8.0000000000000000e+00  1.0000000000000000e+00
102    1.8641362269829624e+00 -1.9000000000000000e+01  8.0000000000000018e+00  9.6094757082487314e-01
103    1.8859389898716519e+00 -1.9222222222222221e+01  8.0000000000000018e+00  9.6094757082487314e-01
104    1.9295445156490312e+00 -1.9666666666666668e+01  8.0000000000000018e+00  9.6094757082487314e-01
105    1.9949528043150997e+00 -2.0333333333333332e+01  8.0000000000000018e+00  9.6094757082487314e-01
106    2.0385583300924783e+00 -2.0777777777777775e+01  8.0000000000000018e+00  9.6094757082487314e-01
107    2.0603610929811684e+00 -2.1000000000000000e+01  8.0000000000000018e+00  9.6094757082487314e-01
108    5.7477485436690587e+00 -1.8436074406113576e+01  8.0000000000000000e+00  8.9846368414467004e-01
109    5.8149736728347783e+00 -1.8651701007354671e+01  8.0000000000000000e+00  8.9846368414467004e-01
110    5.9494239311662183e+00 -1.9082954209836860e+01  8.0000000000000018e+00  8.9846368414467004e-01
111    6.1510993186633787e+00 -1.9729834013560144e+01  8.0000000000000018e+00  8.9846368414467004e-01
112    6.2855495769948169e+00 -2.0161087216042333e+01  8.0000000000000000e+00  8.9846368414467004e-01
113    6.3527747061605382e+00 -2.0376713817283427e+01  8.0000000000000000e+00  8.9846368414467004e-01
114    1.1265546362339835e+01 -1.5727731153297622e+01  8.0000000000000000e+00  8.5160076913451777e-01
115    1.1397307138507550e+01 -1.5911681225266012e+01  8.0000000000000000e+00  8.5160076913451777e-01
116    1.1660828690842981e+01 -1.6279581369202798e+01  8.0000000000000000e+00  8.5160076913451777e-01
117    1.2056111019346137e+01 -1.6831431585107978e+01  8.0000000000000000e+00  8.5160076913451777e-01
118    1.2319632571681572e+01 -1.7199331729044765e+01  8.0000000000000000e+00  8.5160076913451777e-01
119    1.2451393347849285e+01 -1.7383281801013158e+01  8.0000000000000000e+00  8.5160076913451777e-01
120    1.5727731153297624e+01 -1.1265546362339830e+01  8.0000000000000018e+00  8.5160076913451765e-01
121    1.5911681225266012e+01 -1.1397307138507546e+01  8.0000000000000000e+00  8.5160076913451777e-01
122    1.6279581369202802e+01 -1.1660828690842981e+01  8.0000000000000000e+00  8.5160076913451777e-01
123    1.6831431585107978e+01 -1.2056111019346133e+01  8.0000000000000000e+00  8.5160076913451777e-01
124    1.7199331729044765e+01 -1.2319632571681568e+01  8.0000000000000000e+00  8.5160076913451777e-01
125    1.7383281801013162e+01 -1.2451393347849285e+01  8.0000000000000018e+00  8.5160076913451765e-01
126    1.8436074406113573e+01 -5.7477485436690552e+00  8.0000000000000000e+00  8.9846368414467004e-01
127    1.8651701007354671e+01 -5.8149736728347756e+00  8.0000000000000000e+00  8.9846368414467004e-01
128    1.9082954209836860e+01 -5.9494239311662156e+00  7.9999999999999991e+00  8.9846368414467004e-01
129    1.9729834013560144e+01 -6.1510993186633751e+00  7.9999999999999991e+00  8.9846368414467004e-01
130    2.0161087216042336e+01 -6.2855495769948151e+00  8.0000000000000000e+00  8.9846368414467004e-01
131    2.0376713817283424e+01 -6.3527747061605355e+00  8.0000000000000000e+00  8.9846368414467004e-01
132    1.9000000000000000e+01 -1.8641362269829613e+00  7.9999999999999991e+00  9.6094757082487314e-01
133    1.9222222222222221e+01 -1.8859389898716510e+00  7.9999999999999991e+00  9.6094757082487314e-01
134    1.9666666666666664e+01 -1.9295445156490303e+00  7.9999999999999991e+00  9.6094757082487314e-01
135    2.0333333333333332e+01 -1.9949528043150992e+00  7.9999999999999991e+00  9.6094757082487314e-01
136    2.0777777777777775e+01 -2.0385583300924779e+00  7.9999999999999991e+00  9.6094757082487314e-01
137    2.1000000000000000e+01 -2.0603610929811675e+00  7.9999999999999991e+00  9.6094757082487314e-01
138    1.9000000000000000e+01  0.0000000000000000e+00  8.0000000000000000e+00  1.0000000000000000e+00
139    1.9222222222222221e+01  0.0000000000000000e+00  8.0000000000000000e+00  1.0000000000000000e+00
140    1.9666666666666668e+01  0.0000000000000000e+00  8.0000000000000000e+00  1.0000000000000000e+00
141    2.0333333333333336e+01  0.0000000000000000e+00  8.0000000000000000e+00  1.0000000000000000e+00
142    2.0777777777777775e+01  0.0000000000000000e+00  8.0000000000000000e+00  1.0000000000000000e+00
143    2.1000000000000000e+01  0.0000000000000000e+00  8.0000000000000000e+00  1.0000000000000000e+00
144    0.0000000000000000e+00 -1.9000000000000000e+01  1.5999999999999998e+01  1.0000000000000000e+00
145    0.0000000000000000e+00 -1.9222222222222221e+01  1.5999999999999998e+01  1.0000000000000000e+00
146    0.0000000000000000e+00 -1.9666666666666668e+01  1.5999999999999998e+01  1.0000000000000000e+00
147    0.0000000000000000e+00 -2.0333333333333339e+01  1.5999999999999998e+01  1.0000000000000000e+00
148    0.0000000000000000e+00 -2.0777777777777775e+01  1.5999999999999998e+01  1.0000000000000000e+00
149    0.0000000000000000e+00 -2.1000000000000000e+01  1.5999999999999998e+01  1.0000000000000000e+00
150    1.8641362269829629e+00 -1.9000000000000004e+01  1.6000000000000004e+01  9.6094757082487303e-01
151    1.8859389898716523e+00 -1.9222222222222225e+01  1.6000000000000004e+01  9.6094757082487303e-01
152    1.9295445156490314e+00 -1.9666666666666671e+01  1.6000000000000004e+01  9.6094757082487303e-01
153    1.9949528043150999e+00 -2.0333333333333336e+01  1.6000000000000004e+01  9.6094757082487303e-01
154    2.0385583300924788e+00 -2.0777777777777786e+01  1.6000000000000004e+01  9.6094757082487303e-01
155    2.0603610929811689e+00 -2.1000000000000000e+01  1.6000000000000004e+01  9.6094757082487303e-01
156    5.7477485436690587e+00 -1.8436074406113576e+01  1.6000000000000000e+01  8.9846368414467004e-01
157    5.8149736728347792e+00 -1.8651701007354667e+01  1.6000000000000000e+01  8.9846368414467004e-01
158    5.9494239311662191e+00 -1.9082954209836867e+01  1.6000000000000000e+01  8.9846368414467004e-01
159    6.1510993186633787e+00 -1.9729834013560144e+01  1.6000000000000000e+01  8.9846368414467004e-01
160    6.2855495769948178e+00 -2.0161087216042333e+01  1.6000000000000000e+01  8.9846368414467004e-01
161    6.3527747061605373e+00 -2.0376713817283427e+01  1.6000000000000000e+01  8.9846368414467004e-01
162    1.1265546362339835e+01 -1.5727731153297620e+01  1.5999999999999998e+01  8.5160076913451777e-01
163    1.1397307138507550e+01 -1.5911681225266014e+01  1.5999999999999998e+01  8.5160076913451777e-01
164    1.1660828690842985e+01 -1.6279581369202795e+01  1.5999999999999998e+01  8.5160076913451777e-01
165    1.2056111019346138e+01 -1.6831431585107978e+01  1.5999999999999998e+01  8.5160076913451777e-01
166    1.2319632571681572e+01 -1.7199331729044765e+01  1.5999999999999998e+01  8.5160076913451777e-01
167    1.2451393347849288e+01 -1.7383281801013158e+01  1.5999999999999998e+01  8.5160076913451777e-01
168    1.5727731153297624e+01 -1.1265546362339828e+01  1.6000000000000000e+01  8.5160076913451765e-01
169    1.5911681225266014e+01 -1.1397307138507545e+01  1.5999999999999998e+01  8.5160076913451777e-01
170    1.6279581369202802e+01 -1.1660828690842981e+01  1.5999999999999998e+01  8.5160076913451777e-01
171    1.6831431585107978e+01 -1.2056111019346137e+01  1.5999999999999998e+01  8.5160076913451777e-01
172    1.7199331729044765e+01 -1.2319632571681568e+01  1.5999999999999998e+01  8.5160076913451777e-01
173    1.7383281801013162e+01 -1.2451393347849287e+01  1.6000000000000000e+01  8.5160076913451765e-01
174    1.8436074406113573e+01 -5.7477485436690543e+00  1.6000000000000000e+01  8.9846368414467004e-01
175    1.8651701007354667e+01 -5.8149736728347747e+00  1.6000000000000000e+01  8.9846368414467004e-01
176    1.9082954209836867e+01 -5.9494239311662156e+00  1.5999999999999998e+01  8.9846368414467004e-01
177    1.9729834013560144e+01 -6.1510993186633751e+00  1.5999999999999998e+01  8.9846368414467004e-01
178    2.0161087216042333e+01 -6.2855495769948151e+00  1.6000000000000000e+01  8.9846368414467004e-01
179    2.0376713817283427e+01 -6.3527747061605355e+00  1.6000000000000000e+01  8.9846368414467004e-01
180    1.9000000000000004e+01 -1.8641362269829618e+00  1.5999999999999998e+01  9.6094757082487303e-01
181    1.9222222222222225e+01 -1.8859389898716510e+00  1.5999999999999998e+01  9.6094757082487303e-01
182    1.9666666666666668e+01 -1.9295445156490305e+00  1.5999999999999998e+01  9.6094757082487303e-01
183    2.0333333333333336e+01 -1.9949528043150995e+00  1.5999999999999998e+01  9.6094757082487303e-01
184    2.0777777777777779e+01 -2.0385583300924783e+00  1.5999999999999998e+01  9.6094757082487303e-01
185    2.1000000000000000e+01 -2.0603610929811680e+00  1.5999999999999998e+01  9.6094757082487303e-01
186    1.9000000000000000e+01  0.0000000000000000e+00  1.5999999999999998e+01  1.0000000000000000e+00
187    1.9222222222222221e+01  0.0000000000000000e+00  1.5999999999999998e+01  1.0000000000000000e+00
188    1.9666666666666668e+01  0.0000000000000000e+00  1.5999999999999998e+01  1.0000000000000000e+00
189    2.0333333333333339e+01  0.0000000000000000e+00  1.5999999999999998e+01  1.0000000000000000e+00
190    2.0777777777777775e+01  0.0000000000000000e+00  1.5999999999999998e+01  1.0000000000000000e+00
191    2.1000000000000000e+01  0.0000000000000000e+00  1.5999999999999998e+01  1.0000000000000000e+00
192    0.0000000000000000e+00 -1.9000000000000000e+01  2.4000000000000000e+01  1.0000000000000000e+00
193    0.0000000000000000e+00 -1.9222222222222218e+01  2.4000000000000000e+01  1.0000000000000000e+00
194    0.0000000000000000e+00 -1.9666666666666668e+01  2.4000000000000000e+01  1.0000000000000000e+00
195    0.0000000000000000e+00 -2.0333333333333336e+01  2.4000000000000000e+01  1.0000000000000000e+00
196    0.0000000000000000e+00 -2.0777777777777779e+01  2.4000000000000000e+01  1.0000000000000000e+00
197    0.0000000000000000e+00 -2.1000000000000000e+01  2.4000000000000000e+01  1.0000000000000000e+00
198    1.8641362269829627e+00 -1.9000000000000000e+01  2.4000000000000007e+01  9.6094757082487303e-01
199    1.8859389898716528e+00 -1.9222222222222225e+01  2.4000000000000007e+01  9.6094757082487303e-01
200    1.9295445156490312e+00 -1.9666666666666668e+01  2.4000000000000007e+01  9.6094757082487303e-01
201    1.9949528043150999e+00 -2.0333333333333332e+01  2.4000000000000007e+01  9.6094757082487303e-01
202    2.0385583300924792e+00 -2.0777777777777782e+01  2.4000000000000007e+01  9.6094757082487303e-01
203    2.0603610929811689e+00 -2.1000000000000004e+01  2.4000000000000007e+01  9.6094757082487303e-01
204    5.7477485436690587e+00 -1.8436074406113576e+01  2.3999999999999996e+01  8.9846368414467004e-01
205    5.8149736728347792e+00 -1.8651701007354671e+01  2.3999999999999996e+01  8.9846368414467004e-01
206    5.9494239311662174e+00 -1.9082954209836860e+01  2.4000000000000000e+01  8.9846368414467015e-01
207    6.1510993186633778e+00 -1.9729834013560144e+01  2.4000000000000000e+01  8.9846368414467015e-01
208    6.2855495769948178e+00 -2.0161087216042333e+01  2.3999999999999996e+01  8.9846368414467004e-01
209    6.3527747061605364e+00 -2.0376713817283427e+01  2.3999999999999996e+01  8.9846368414467004e-01
210    1.1265546362339835e+01 -1.5727731153297619e+01  2.4000000000000000e+01  8.5160076913451777e-01
211    1.1397307138507550e+01 -1.5911681225266015e+01  2.4000000000000000e+01  8.5160076913451777e-01
212    1.1660828690842983e+01 -1.6279581369202795e+01  2.3999999999999996e+01  8.5160076913451788e-01
213    1.2056111019346135e+01 -1.6831431585107975e+01  2.3999999999999996e+01  8.5160076913451788e-01
214    1.2319632571681568e+01 -1.7199331729044765e+01  2.4000000000000000e+01  8.5160076913451777e-01
215    1.2451393347849288e+01 -1.7383281801013155e+01  2.4000000000000000e+01  8.5160076913451777e-01
216    1.5727731153297622e+01 -1.1265546362339830e+01  2.4000000000000000e+01  8.5160076913451777e-01
217    1.5911681225266015e+01 -1.1397307138507546e+01  2.4000000000000000e+01  8.5160076913451777e-01
218    1.6279581369202802e+01 -1.1660828690842981e+01  2.3999999999999996e+01  8.5160076913451788e-01
219    1.6831431585107975e+01 -1.2056111019346133e+01  2.3999999999999996e+01  8.5160076913451788e-01
220    1.7199331729044765e+01 -1.2319632571681566e+01  2.4000000000000000e+01  8.5160076913451777e-01
221    1.7383281801013155e+01 -1.2451393347849285e+01  2.4000000000000000e+01  8.5160076913451777e-01
222    1.8436074406113569e+01 -5.7477485436690543e+00  2.3999999999999996e+01  8.9846368414467004e-01
223    1.8651701007354671e+01 -5.8149736728347747e+00  2.3999999999999996e+01  8.9846368414467004e-01
224    1.9082954209836860e+01 -5.9494239311662147e+00  2.3999999999999989e+01  8.9846368414467015e-01
225    1.9729834013560144e+01 -6.1510993186633742e+00  2.3999999999999989e+01  8.9846368414467015e-01
226    2.0161087216042336e+01 -6.2855495769948142e+00  2.3999999999999996e+01  8.9846368414467004e-01
227    2.0376713817283420e+01 -6.3527747061605346e+00  2.3999999999999996e+01  8.9846368414467004e-01
228    1.9000000000000000e+01 -1.8641362269829616e+00  2.4000000000000000e+01  9.6094757082487303e-01
229    1.9222222222222225e+01 -1.8859389898716512e+00  2.4000000000000000e+01  9.6094757082487303e-01
230    1.9666666666666664e+01 -1.9295445156490305e+00  2.4000000000000000e+01  9.6094757082487303e-01
231    2.0333333333333332e+01 -1.9949528043150995e+00  2.4000000000000000e+01  9.6094757082487303e-01
232    2.0777777777777782e+01 -2.0385583300924779e+00  2.4000000000000000e+01  9.6094757082487303e-01
233    2.1000000000000004e+01 -2.0603610929811680e+00  2.4000000000000000e+01  9.6094757082487303e-01
234    1.9000000000000000e+01  0.0000000000000000e+00  2.4000000000000000e+01  1.0000000000000000e+00
235    1.9222222222222218e+01  0.0000000000000000e+00  2.4000000000000000e+01  1.0000000000000000e+00
236    1.9666666666666668e+01  0.0000000000000000e+00  2.4000000000000000e+01  1.0000000000000000e+00
237    2.0333333333333336e+01  0.0000000000000000e+00  2.4000000000000000e+01  1.0000000000000000e+00
238    2.0777777777777779e+01  0.0000000000000000e+00  2.4000000000000000e+01  1.0000000000000000e+00
239    2.1000000000000000e+01  0.0000000000000000e+00  2.4000000000000000e+01  1.0000000000000000e+00
240    0.0000000000000000e+00 -1.9000000000000004e+01  3.2000000000000007e+01  9.9999999999999989e-01
241    0.0000000000000000e+00 -1.9222222222222225e+01  3.2000000000000007e+01  9.9999999999999989e-01
242    0.0000000000000000e+00 -1.9666666666666675e+01  3.2000000000000007e+01  9.9999999999999989e-01
243    0.0000000000000000e+00 -2.0333333333333339e+01  3.2000000000000007e+01  9.9999999999999989e-01
244    0.0000000000000000e+00 -2.0777777777777782e+01  3.2000000000000007e+01  9.9999999999999989e-01
245    0.0000000000000000e+00 -2.1000000000000000e+01  3.2000000000000007e+01  9.9999999999999989e-01
246    1.8641362269829624e+00 -1.9000000000000004e+01  3.2000000000000007e+01  9.6094757082487303e-01
247    1.8859389898716523e+00 -1.9222222222222225e+01  3.2000000000000007e+01  9.6094757082487303e-01
248    1.9295445156490312e+00 -1.9666666666666664e+01  3.2000000000000007e+01  9.6094757082487303e-01
249    1.9949528043150999e+00 -2.0333333333333336e+01  3.2000000000000007e+01  9.6094757082487303e-01
250    2.0385583300924792e+00 -2.0777777777777782e+01  3.2000000000000007e+01  9.6094757082487303e-01
251    2.0603610929811689e+00 -2.1000000000000004e+01  3.2000000000000007e+01  9.6094757082487303e-01
252    5.7477485436690596e+00 -1.8436074406113576e+01  3.2000000000000000e+01  8.9846368414467004e-01
253    5.8149736728347792e+00 -1.8651701007354671e+01  3.2000000000000000e+01  8.9846368414467004e-01
254    5.9494239311662165e+00 -1.9082954209836860e+01  3.1999999999999993e+01  8.9846368414467015e-01
255    6.1510993186633778e+00 -1.9729834013560144e+01  3.1999999999999993e+01  8.9846368414467015e-01
256    6.2855495769948160e+00 -2.0161087216042333e+01  3.2000000000000000e+01  8.9846368414467004e-01
257    6.3527747061605373e+00 -2.0376713817283424e+01  3.2000000000000000e+01  8.9846368414467004e-01
258    1.1265546362339833e+01 -1.5727731153297620e+01  3.2000000000000000e+01  8.5160076913451777e-01
259    1.1397307138507552e+01 -1.5911681225266014e+01  3.2000000000000000e+01  8.5160076913451777e-01
260    1.1660828690842981e+01 -1.6279581369202798e+01  3.2000000000000007e+01  8.5160076913451777e-01
261    1.2056111019346137e+01 -1.6831431585107978e+01  3.2000000000000007e+01  8.5160076913451777e-01
262    1.2319632571681568e+01 -1.7199331729044761e+01  3.2000000000000000e+01  8.5160076913451777e-01
263    1.2451393347849288e+01 -1.7383281801013155e+01  3.2000000000000000e+01  8.5160076913451777e-01
264    1.5727731153297622e+01 -1.1265546362339828e+01  3.2000000000000007e+01  8.5160076913451765e-01
265    1.5911681225266014e+01 -1.1397307138507546e+01  3.2000000000000000e+01  8.5160076913451777e-01
266    1.6279581369202806e+01 -1.1660828690842981e+01  3.2000000000000007e+01  8.5160076913451777e-01
267    1.6831431585107978e+01 -1.2056111019346137e+01  3.2000000000000007e+01  8.5160076913451777e-01
268    1.7199331729044761e+01 -1.2319632571681566e+01  3.2000000000000000e+01  8.5160076913451777e-01
269    1.7383281801013158e+01 -1.2451393347849285e+01  3.2000000000000007e+01  8.5160076913451765e-01
270    1.8436074406113573e+01 -5.7477485436690534e+00  3.2000000000000000e+01  8.9846368414467004e-01
271    1.8651701007354671e+01 -5.8149736728347747e+00  3.2000000000000000e+01  8.9846368414467004e-01
272    1.9082954209836860e+01 -5.9494239311662147e+00  3.1999999999999993e+01  8.9846368414467015e-01
273    1.9729834013560144e+01 -6.1510993186633733e+00  3.1999999999999993e+01  8.9846368414467015e-01
274    2.0161087216042336e+01 -6.2855495769948142e+00  3.2000000000000000e+01  8.9846368414467004e-01
275    2.0376713817283424e+01 -6.3527747061605346e+00  3.2000000000000000e+01  8.9846368414467004e-01
276    1.9000000000000004e+01 -1.8641362269829616e+00  3.2000000000000000e+01  9.6094757082487303e-01
277    1.9222222222222225e+01 -1.8859389898716508e+00  3.2000000000000000e+01  9.6094757082487303e-01
278    1.9666666666666664e+01 -1.9295445156490305e+00  3.2000000000000000e+01  9.6094757082487303e-01
279    2.0333333333333336e+01 -1.9949528043150995e+00  3.2000000000000000e+01  9.6094757082487303e-01
280    2.0777777777777779e+01 -2.0385583300924779e+00  3.2000000000000000e+01  9.6094757082487303e-01
281    2.1000000000000004e+01 -2.0603610929811680e+00  3.2000000000000000e+01  9.6094757082487303e-01
282    1.9000000000000004e+01  0.0000000000000000e+00  3.2000000000000007e+01  9.9999999999999989e-01
283    1.9222222222222225e+01  0.0000000000000000e+00  3.2000000000000007e+01  9.9999999999999989e-01
284    1.9666666666666675e+01  0.0000000000000000e+00  3.2000000000000007e+01  9.9999999999999989e-01
285    2.0333333333333339e+01  0.0000000000000000e+00  3.2000000000000007e+01  9.9999999999999989e-01
286    2.0777777777777782e+01  0.0000000000000000e+00  3.2000000000000007e+01  9.9999999999999989e-01
287    2.1000000000000000e+01  0.0000000000000000e+00  3.2000000000000007e+01  9.9999999999999989e-01
288    0.0000000000000000e+00 -1.9000000000000004e+01  4.0000000000000000e+01  1.0000000000000000e+00
289    0.0000000000000000e+00 -1.9222222222222225e+01  4.0000000000000000e+01  1.0000000000000000e+00
290    0.0000000000000000e+00 -1.9666666666666668e+01  4.0000000000000000e+01  1.0000000000000000e+00
291    0.0000000000000000e+00 -2.0333333333333339e+01  4.0000000000000000e+01  1.0000000000000000e+00
292    0.0000000000000000e+00 -2.0777777777777779e+01  4.0000000000000000e+01  1.0000000000000000e+00
293    0.0000000000000000e+00 -2.1000000000000000e+01  4.0000000000000000e+01  1.0000000000000000e+00
294    1.8641362269829627e+00 -1.9000000000000004e+01  4.0000000000000007e+01  9.6094757082487314e-01
295    1.8859389898716523e+00 -1.9222222222222221e+01  4.0000000000000007e+01  9.6094757082487314e-01
296    1.9295445156490314e+00 -1.9666666666666671e+01  4.0000000000000007e+01  9.6094757082487314e-01
297    1.9949528043150999e+00 -2.0333333333333332e+01  4.0000000000000007e+01  9.6094757082487314e-01
298    2.0385583300924788e+00 -2.0777777777777779e+01  4.0000000000000007e+01  9.6094757082487314e-01
299    2.0603610929811684e+00 -2.1000000000000004e+01  4.0000000000000007e+01  9.6094757082487314e-01
300    5.7477485436690587e+00 -1.8436074406113580e+01  4.0000000000000000e+01  8.9846368414467015e-01
301    5.8149736728347792e+00 -1.8651701007354667e+01  4.0000000000000000e+01  8.9846368414467015e-01
302    5.9494239311662174e+00 -1.9082954209836860e+01  3.9999999999999993e+01  8.9846368414467026e-01
303    6.1510993186633778e+00 -1.9729834013560140e+01  3.9999999999999993e+01  8.9846368414467026e-01
304    6.2855495769948169e+00 -2.0161087216042329e+01  4.0000000000000000e+01  8.9846368414467015e-01
305    6.3527747061605373e+00 -2.0376713817283431e+01  4.0000000000000000e+01  8.9846368414467015e-01
306    1.1265546362339835e+01 -1.5727731153297620e+01  4.0000000000000000e+01  8.5160076913451788e-01
307    1.1397307138507548e+01 -1.5911681225266012e+01  4.0000000000000000e+01  8.5160076913451788e-01
308    1.1660828690842983e+01 -1.6279581369202798e+01  4.0000000000000000e+01  8.5160076913451788e-01
309    1.2056111019346135e+01 -1.6831431585107978e+01  4.0000000000000000e+01  8.5160076913451788e-01
310    1.2319632571681570e+01 -1.7199331729044765e+01  4.0000000000000000e+01  8.5160076913451788e-01
311    1.2451393347849287e+01 -1.7383281801013158e+01  4.0000000000000000e+01  8.5160076913451788e-01
312    1.5727731153297624e+01 -1.1265546362339828e+01  4.0000000000000007e+01  8.5160076913451777e-01
313    1.5911681225266012e+01 -1.1397307138507546e+01  4.0000000000000000e+01  8.5160076913451788e-01
314    1.6279581369202802e+01 -1.1660828690842981e+01  4.0000000000000000e+01  8.5160076913451788e-01
315    1.6831431585107978e+01 -1.2056111019346133e+01  4.0000000000000000e+01  8.5160076913451788e-01
316    1.7199331729044765e+01 -1.2319632571681565e+01  4.0000000000000000e+01  8.5160076913451788e-01
317    1.7383281801013162e+01 -1.2451393347849288e+01  4.0000000000000007e+01  8.5160076913451777e-01
318    1.8436074406113576e+01 -5.7477485436690552e+00  4.0000000000000000e+01  8.9846368414467015e-01
319    1.8651701007354667e+01 -5.8149736728347747e+00  4.0000000000000000e+01  8.9846368414467015e-01
320    1.9082954209836860e+01 -5.9494239311662147e+00  3.9999999999999986e+01  8.9846368414467026e-01
321    1.9729834013560140e+01 -6.1510993186633751e+00  3.9999999999999986e+01  8.9846368414467026e-01
322    2.0161087216042333e+01 -6.2855495769948151e+00  4.0000000000000000e+01  8.9846368414467015e-01
323    2.0376713817283427e+01 -6.3527747061605346e+00  4.0000000000000000e+01  8.9846368414467015e-01
324    1.9000000000000004e+01 -1.8641362269829618e+00  3.9999999999999993e+01  9.6094757082487314e-01
325    1.9222222222222221e+01 -1.8859389898716512e+00  3.9999999999999993e+01  9.6094757082487314e-01
326    1.9666666666666671e+01 -1.9295445156490303e+00  3.9999999999999993e+01  9.6094757082487314e-01
327    2.0333333333333332e+01 -1.9949528043150995e+00  3.9999999999999993e+01  9.6094757082487314e-01
328    2.0777777777777779e+01 -2.0385583300924779e+00  3.9999999999999993e+01  9.6094757082487314e-01
329    2.1000000000000004e+01 -2.0603610929811675e+00  3.9999999999999993e+01  9.6094757082487314e-01
330    1.9000000000000004e+01  0.0000000000000000e+00  4.0000000000000000e+01  1.0000000000000000e+00
331    1.9222222222222225e+01  0.0000000000000000e+00  4.0000000000000000e+01  1.0000000000000000e+00
332    1.9666666666666668e+01  0.0000000000000000e+00  4.0000000000000000e+01  1.0000000000000000e+00
333    2.0333333333333339e+01  0.0000000000000000e+00  4.0000000000000000e+01  1.0000000000000000e+00
334    2.0777777777777779e+01  0.0000000000000000e+00  4.0000000000000000e+01  1.0000000000000000e+00
335    2.1000000000000000e+01  0.0000000000000000e+00  4.0000000000000000e+01  1.0000000000000000e+00
336    0.0000000000000000e+00 -1.9000000000000004e+01  4.8000000000000014e+01  1.0000000000000000e+00
337    0.0000000000000000e+00 -1.9222222222222225e+01  4.8000000000000014e+01  1.0000000000000000e+00
338    0.0000000000000000e+00 -1.9666666666666675e+01  4.8000000000000014e+01  1.0000000000000000e+00
339    0.0000000000000000e+00 -2.0333333333333339e+01  4.8000000000000014e+01  1.0000000000000000e+00
340    0.0000000000000000e+00 -2.0777777777777782e+01  4.8000000000000014e+01  1.0000000000000000e+00
341    0.0000000000000000e+00 -2.1000000000000007e+01  4.8000000000000014e+01  1.0000000000000000e+00
342    1.8641362269829629e+00 -1.9000000000000000e+01  4.8000000000000007e+01  9.6094757082487314e-01
343    1.8859389898716525e+00 -1.9222222222222225e+01  4.8000000000000007e+01  9.6094757082487314e-01
344    1.9295445156490316e+00 -1.9666666666666671e+01  4.8000000000000007e+01  9.6094757082487314e-01
345    1.9949528043150999e+00 -2.0333333333333332e+01  4.8000000000000007e+01  9.6094757082487314e-01
346    2.0385583300924788e+00 -2.0777777777777782e+01  4.8000000000000007e+01  9.6094757082487314e-01
347    2.0603610929811689e+00 -2.1000000000000000e+01  4.8000000000000007e+01  9.6094757082487314e-01
348    5.7477485436690579e+00 -1.8436074406113576e+01  4.7999999999999993e+01  8.9846368414467026e-01
349    5.8149736728347783e+00 -1.8651701007354667e+01  4.7999999999999993e+01  8.9846368414467026e-01
350    5.9494239311662183e+00 -1.9082954209836860e+01  4.7999999999999993e+01  8.9846368414467037e-01
351    6.1510993186633769e+00 -1.9729834013560140e+01  4.7999999999999993e+01  8.9846368414467037e-01
352    6.2855495769948178e+00 -2.0161087216042329e+01  4.7999999999999993e+01  8.9846368414467026e-01
353    6.3527747061605364e+00 -2.0376713817283427e+01  4.7999999999999993e+01  8.9846368414467026e-01
354    1.1265546362339835e+01 -1.5727731153297620e+01  4.8000000000000007e+01  8.5160076913451777e-01
355    1.1397307138507554e+01 -1.5911681225266014e+01  4.8000000000000007e+01  8.5160076913451777e-01
356    1.1660828690842987e+01 -1.6279581369202798e+01  4.8000000000000000e+01  8.5160076913451788e-01
357    1.2056111019346137e+01 -1.6831431585107978e+01  4.8000000000000000e+01  8.5160076913451788e-01
358    1.2319632571681574e+01 -1.7199331729044768e+01  4.8000000000000007e+01  8.5160076913451777e-01
359    1.2451393347849290e+01 -1.7383281801013162e+01  4.8000000000000007e+01  8.5160076913451777e-01
360    1.5727731153297622e+01 -1.1265546362339830e+01  4.8000000000000007e+01  8.5160076913451777e-01
361    1.5911681225266014e+01 -1.1397307138507550e+01  4.8000000000000007e+01  8.5160076913451777e-01
362    1.6279581369202802e+01 -1.1660828690842983e+01  4.8000000000000000e+01  8.5160076913451788e-01
363    1.6831431585107978e+01 -1.2056111019346133e+01  4.8000000000000000e+01  8.5160076913451788e-01
364    1.7199331729044768e+01 -1.2319632571681568e+01  4.8000000000000007e+01  8.5160076913451777e-01
365    1.7383281801013162e+01 -1.2451393347849285e+01  4.8000000000000007e+01  8.5160076913451777e-01
366    1.8436074406113573e+01 -5.7477485436690543e+00  4.7999999999999993e+01  8.9846368414467026e-01
367    1.8651701007354667e+01 -5.8149736728347747e+00  4.7999999999999993e+01  8.9846368414467026e-01
368    1.9082954209836860e+01 -5.9494239311662129e+00  4.7999999999999979e+01  8.9846368414467037e-01
369    1.9729834013560140e+01 -6.1510993186633742e+00  4.7999999999999979e+01  8.9846368414467037e-01
370    2.0161087216042329e+01 -6.2855495769948142e+00  4.7999999999999993e+01  8.9846368414467026e-01
371    2.0376713817283424e+01 -6.3527747061605346e+00  4.7999999999999993e+01  8.9846368414467026e-01
372    1.9000000000000000e+01 -1.8641362269829618e+00  4.7999999999999993e+01  9.6094757082487314e-01
373    1.9222222222222225e+01 -1.8859389898716510e+00  4.7999999999999993e+01  9.6094757082487314e-01
374    1.9666666666666671e+01 -1.9295445156490305e+00  4.7999999999999993e+01  9.6094757082487314e-01
375    2.0333333333333332e+01 -1.9949528043150997e+00  4.7999999999999993e+01  9.6094757082487314e-01
376    2.0777777777777779e+01 -2.0385583300924779e+00  4.7999999999999993e+01  9.6094757082487314e-01
377    2.1000000000000000e+01 -2.0603610929811680e+00  4.7999999999999993e+01  9.6094757082487314e-01
378    1.9000000000000004e+01  0.0000000000000000e+00  4.8000000000000014e+01  1.0000000000000000e+00
379    1.9222222222222225e+01  0.0000000000000000e+00  4.8000000000000014e+01  1.0000000000000000e+00
380    1.9666666666666675e+01  0.0000000000000000e+00  4.8000000000000014e+01  1.0000000000000000e+00
381    2.0333333333333339e+01  0.0000000000000000e+00  4.8000000000000014e+01  1.0000000000000000e+00
382    2.0777777777777782e+01  0.0000000000000000e+00  4.8000000000000014e+01  1.0000000000000000e+00
383    2.1000000000000007e+01  0.0000000000000000e+00  4.8000000000000014e+01  1.0000000000000000e+00
384    0.0000000000000000e+00 -1.9000000000000000e+01  5.6000000000000007e+01  1.0000000000000000e+00
385    0.0000000000000000e+00 -1.9222222222222225e+01  5.6000000000000007e+01  1.0000000000000000e+00
386    0.0000000000000000e+00 -1.9666666666666671e+01  5.6000000000000007e+01  1.0000000000000000e+00
387    0.0000000000000000e+00 -2.0333333333333336e+01  5.6000000000000007e+01  1.0000000000000000e+00
388    0.0000000000000000e+00 -2.0777777777777779e+01  5.6000000000000007e+01  1.0000000000000000e+00
389    0.0000000000000000e+00 -2.1000000000000004e+01  5.6000000000000007e+01  1.0000000000000000e+00
390    1.8641362269829624e+00 -1.9000000000000000e+01  5.6000000000000000e+01  9.6094757082487325e-01
391    1.8859389898716521e+00 -1.9222222222222218e+01  5.6000000000000000e+01  9.6094757082487325e-01
392    1.9295445156490310e+00 -1.9666666666666668e+01  5.6000000000000000e+01  9.6094757082487325e-01
393    1.9949528043150995e+00 -2.0333333333333332e+01  5.6000000000000000e+01  9.6094757082487325e-01
394    2.0385583300924783e+00 -2.0777777777777775e+01  5.6000000000000000e+01  9.6094757082487325e-01
395    2.0603610929811684e+00 -2.1000000000000000e+01  5.6000000000000000e+01  9.6094757082487325e-01
396    5.7477485436690587e+00 -1.8436074406113580e+01  5.5999999999999993e+01  8.9846368414467015e-01
397    5.8149736728347792e+00 -1.8651701007354667e+01  5.5999999999999993e+01  8.9846368414467015e-01
398    5.9494239311662174e+00 -1.9082954209836856e+01  5.5999999999999993e+01  8.9846368414467015e-01
399    6.1510993186633787e+00 -1.9729834013560144e+01  5.5999999999999993e+01  8.9846368414467015e-01
400    6.2855495769948160e+00 -2.0161087216042329e+01  5.5999999999999993e+01  8.9846368414467015e-01
401    6.3527747061605364e+00 -2.0376713817283427e+01  5.5999999999999993e+01  8.9846368414467015e-01
402    1.1265546362339835e+01 -1.5727731153297620e+01  5.5999999999999993e+01  8.5160076913451777e-01
403    1.1397307138507552e+01 -1.5911681225266014e+01  5.5999999999999993e+01  8.5160076913451777e-01
404    1.1660828690842983e+01 -1.6279581369202795e+01  5.6000000000000000e+01  8.5160076913451788e-01
405    1.2056111019346137e+01 -1.6831431585107978e+01  5.6000000000000000e+01  8.5160076913451788e-01
406    1.2319632571681568e+01 -1.7199331729044765e+01  5.5999999999999993e+01  8.5160076913451777e-01
407    1.2451393347849290e+01 -1.7383281801013162e+01  5.5999999999999993e+01  8.5160076913451777e-01
408    1.5727731153297622e+01 -1.1265546362339828e+01  5.5999999999999993e+01  8.5160076913451777e-01
409    1.5911681225266014e+01 -1.1397307138507550e+01  5.5999999999999993e+01  8.5160076913451777e-01
410    1.6279581369202802e+01 -1.1660828690842981e+01  5.6000000000000000e+01  8.5160076913451788e-01
411    1.6831431585107978e+01 -1.2056111019346133e+01  5.6000000000000000e+01  8.5160076913451788e-01
412    1.7199331729044765e+01 -1.2319632571681566e+01  5.5999999999999993e+01  8.5160076913451777e-01
413    1.7383281801013162e+01 -1.2451393347849285e+01  5.5999999999999993e+01  8.5160076913451777e-01
414    1.8436074406113573e+01 -5.7477485436690552e+00  5.5999999999999993e+01  8.9846368414467015e-01
415    1.8651701007354667e+01 -5.8149736728347747e+00  5.5999999999999993e+01  8.9846368414467015e-01
416    1.9082954209836856e+01 -5.9494239311662147e+00  5.5999999999999993e+01  8.9846368414467015e-01
417    1.9729834013560144e+01 -6.1510993186633760e+00  5.5999999999999993e+01  8.9846368414467015e-01
418    2.0161087216042329e+01 -6.2855495769948133e+00  5.5999999999999993e+01  8.9846368414467015e-01
419    2.0376713817283427e+01 -6.3527747061605346e+00  5.5999999999999993e+01  8.9846368414467015e-01
420    1.9000000000000000e+01 -1.8641362269829611e+00  5.5999999999999993e+01  9.6094757082487325e-01
421    1.9222222222222218e+01 -1.8859389898716508e+00  5.5999999999999993e+01  9.6094757082487325e-01
422    1.9666666666666664e+01 -1.9295445156490298e+00  5.5999999999999993e+01  9.6094757082487325e-01
423    2.0333333333333332e+01 -1.9949528043150990e+00  5.5999999999999993e+01  9.6094757082487325e-01
424    2.0777777777777775e+01 -2.0385583300924779e+00  5.5999999999999993e+01  9.6094757082487325e-01
425    2.1000000000000000e+01 -2.0603610929811675e+00  5.5999999999999993e+01  9.6094757082487325e-01
426    1.9000000000000000e+01  0.0000000000000000e+00  5.6000000000000007e+01  1.0000000000000000e+00
427    1.9222222222222225e+01  0.0000000000000000e+00  5.6000000000000007e+01  1.0000000000000000e+00
428    1.9666666666666671e+01  0.0000000000000000e+00  5.6000000000000007e+01  1.0000000000000000e+00
429    2.0333333333333336e+01  0.0000000000000000e+00  5.6000000000000007e+01  1.0000000000000000e+00
430    2.0777777777777779e+01  0.0000000000000000e+00  5.6000000000000007e+01  1.0000000000000000e+00
431    2.1000000000000004e+01  0.0000000000000000e+00  5.6000000000000007e+01  1.0000000000000000e+00
432    0.0000000000000000e+00 -1.9000000000000000e+01  6.4000000000000000e+01  1.0000000000000000e+00
433    0.0000000000000000e+00 -1.9222222222222221e+01  6.4000000000000000e+01  1.0000000000000000e+00
434    0.0000000000000000e+00 -1.9666666666666668e+01  6.4000000000000000e+01  1.0000000000000000e+00
435    0.0000000000000000e+00 -2.0333333333333332e+01  6.4000000000000000e+01  1.0000000000000000e+00
436    0.0000000000000000e+00 -2.0777777777777775e+01  6.4000000000000000e+01  1.0000000000000000e+00
437    0.0000000000000000e+00 -2.0999999999999996e+01  6.4000000000000000e+01  1.0000000000000000e+00
438    1.8641362269829629e+00 -1.9000000000000004e+01  6.4000000000000014e+01  9.6094757082487292e-01
439    1.8859389898716525e+00 -1.9222222222222221e+01  6.4000000000000014e+01  9.6094757082487292e-01
440    1.9295445156490314e+00 -1.9666666666666671e+01  6.4000000000000014e+01  9.6094757082487292e-01
441    1.9949528043150999e+00 -2.0333333333333339e+01  6.4000000000000014e+01  9.6094757082487292e-01
442    2.0385583300924788e+00 -2.0777777777777782e+01  6.4000000000000014e+01  9.6094757082487292e-01
443    2.0603610929811689e+00 -2.1000000000000004e+01  6.4000000000000014e+01  9.6094757082487292e-01
444    5.7477485436690596e+00 -1.8436074406113576e+01  6.4000000000000014e+01  8.9846368414466993e-01
445    5.8149736728347792e+00 -1.8651701007354674e+01  6.4000000000000014e+01  8.9846368414466993e-01
446    5.9494239311662183e+00 -1.9082954209836860e+01  6.4000000000000000e+01  8.9846368414467004e-01
447    6.1510993186633787e+00 -1.9729834013560144e+01  6.4000000000000000e+01  8.9846368414467004e-01
448    6.2855495769948160e+00 -2.0161087216042333e+01  6.4000000000000014e+01  8.9846368414466993e-01
449    6.3527747061605382e+00 -2.0376713817283427e+01  6.4000000000000014e+01  8.9846368414466993e-01
450    1.1265546362339833e+01 -1.5727731153297620e+01  6.4000000000000000e+01  8.5160076913451765e-01
451    1.1397307138507550e+01 -1.5911681225266014e+01  6.4000000000000000e+01  8.5160076913451765e-01
452    1.1660828690842981e+01 -1.6279581369202795e+01  6.4000000000000000e+01  8.5160076913451777e-01
453    1.2056111019346137e+01 -1.6831431585107978e+01  6.4000000000000000e+01  8.5160076913451777e-01
454    1.2319632571681574e+01 -1.7199331729044765e+01  6.4000000000000000e+01  8.5160076913451765e-01
455    1.2451393347849288e+01 -1.7383281801013162e+01  6.4000000000000000e+01  8.5160076913451765e-01
456    1.5727731153297622e+01 -1.1265546362339828e+01  6.4000000000000000e+01  8.5160076913451765e-01
457    1.5911681225266014e+01 -1.1397307138507546e+01  6.4000000000000000e+01  8.5160076913451765e-01
458    1.6279581369202802e+01 -1.1660828690842980e+01  6.4000000000000000e+01  8.5160076913451777e-01
459    1.6831431585107978e+01 -1.2056111019346131e+01  6.4000000000000000e+01  8.5160076913451777e-01
460    1.7199331729044765e+01 -1.2319632571681568e+01  6.4000000000000000e+01  8.5160076913451765e-01
461    1.7383281801013158e+01 -1.2451393347849283e+01  6.4000000000000000e+01  8.5160076913451765e-01
462    1.8436074406113576e+01 -5.7477485436690552e+00  6.4000000000000014e+01  8.9846368414466993e-01
463    1.8651701007354674e+01 -5.8149736728347747e+00  6.4000000000000014e+01  8.9846368414466993e-01
464    1.9082954209836860e+01 -5.9494239311662147e+00  6.3999999999999986e+01  8.9846368414467004e-01
465    1.9729834013560144e+01 -6.1510993186633751e+00  6.3999999999999986e+01  8.9846368414467004e-01
466    2.0161087216042333e+01 -6.2855495769948151e+00  6.4000000000000014e+01  8.9846368414466993e-01
467    2.0376713817283427e+01 -6.3527747061605337e+00  6.4000000000000014e+01  8.9846368414466993e-01
468    1.9000000000000004e+01 -1.8641362269829616e+00  6.4000000000000014e+01  9.6094757082487292e-01
469    1.9222222222222221e+01 -1.8859389898716510e+00  6.4000000000000014e+01  9.6094757082487292e-01
470    1.9666666666666668e+01 -1.9295445156490305e+00  6.4000000000000014e+01  9.6094757082487292e-01
471    2.0333333333333339e+01 -1.9949528043150995e+00  6.4000000000000014e+01  9.6094757082487292e-01
472    2.0777777777777782e+01 -2.0385583300924779e+00  6.4000000000000014e+01  9.6094757082487292e-01
473    2.1000000000000004e+01 -2.0603610929811680e+00  6.4000000000000014e+01  9.6094757082487292e-01
474    1.9000000000000000e+01  0.0000000000000000e+00  6.4000000000000000e+01  1.0000000000000000e+00
475    1.9222222222222221e+01  0.0000000000000000e+00  6.4000000000000000e+01  1.0000000000000000e+00
476    1.9666666666666668e+01  0.0000000000000000e+00  6.4000000000000000e+01  1.0000000000000000e+00
477    2.0333333333333332e+01  0.0000000000000000e+00  6.4000000000000000e+01  1.0000000000000000e+00
478    2.0777777777777775e+01  0.0000000000000000e+00  6.4000000000000000e+01  1.0000000000000000e+00
479    2.0999999999999996e+01  0.0000000000000000e+00  6.4000000000000000e+01  1.0000000000000000e+00
480    0.0000000000000000e+00 -1.9000000000000000e+01  7.2000000000000000e+01  1.0000000000000000e+00
481    0.0000000000000000e+00 -1.9222222222222225e+01  7.2000000000000000e+01  1.0000000000000000e+00
482    0.0000000000000000e+00 -1.9666666666666668e+01  7.2000000000000000e+01  1.0000000000000000e+00
483    0.0000000000000000e+00 -2.0333333333333336e+01  7.2000000000000000e+01  1.0000000000000000e+00
484    0.0000000000000000e+00 -2.0777777777777779e+01  7.2000000000000000e+01  1.0000000000000000e+00
485    0.0000000000000000e+00 -2.1000000000000000e+01  7.2000000000000000e+01  1.0000000000000000e+00
486    1.8641362269829627e+00 -1.9000000000000000e+01  7.2000000000000000e+01  9.6094757082487314e-01
487    1.8859389898716525e+00 -1.9222222222222221e+01  7.2000000000000000e+01  9.6094757082487314e-01
488    1.9295445156490312e+00 -1.9666666666666668e+01  7.2000000000000000e+01  9.6094757082487314e-01
489    1.9949528043150997e+00 -2.0333333333333332e+01  7.2000000000000000e+01  9.6094757082487314e-01
490    2.0385583300924788e+00 -2.0777777777777779e+01  7.2000000000000000e+01  9.6094757082487314e-01
491    2.0603610929811684e+00 -2.1000000000000000e+01  7.2000000000000000e+01  9.6094757082487314e-01
492    5.7477485436690596e+00 -1.8436074406113580e+01  7.2000000000000014e+01  8.9846368414466993e-01
493    5.8149736728347792e+00 -1.8651701007354674e+01  7.2000000000000014e+01  8.9846368414466993e-01
494    5.9494239311662183e+00 -1.9082954209836860e+01  7.2000000000000014e+01  8.9846368414467004e-01
495    6.1510993186633796e+00 -1.9729834013560144e+01  7.2000000000000014e+01  8.9846368414467004e-01
496    6.2855495769948178e+00 -2.0161087216042340e+01  7.2000000000000014e+01  8.9846368414466993e-01
497    6.3527747061605391e+00 -2.0376713817283431e+01  7.2000000000000014e+01  8.9846368414466993e-01
498    1.1265546362339835e+01 -1.5727731153297619e+01  7.2000000000000000e+01  8.5160076913451777e-01
499    1.1397307138507552e+01 -1.5911681225266014e+01  7.2000000000000000e+01  8.5160076913451777e-01
500    1.1660828690842983e+01 -1.6279581369202795e+01  7.2000000000000000e+01  8.5160076913451788e-01
501    1.2056111019346135e+01 -1.6831431585107978e+01  7.2000000000000000e+01  8.5160076913451788e-01
502    1.2319632571681572e+01 -1.7199331729044765e+01  7.2000000000000000e+01  8.5160076913451777e-01
503    1.2451393347849288e+01 -1.7383281801013158e+01  7.2000000000000000e+01  8.5160076913451777e-01
504    1.5727731153297620e+01 -1.1265546362339828e+01  7.2000000000000000e+01  8.5160076913451777e-01
505    1.5911681225266014e+01 -1.1397307138507546e+01  7.2000000000000000e+01  8.5160076913451777e-01
506    1.6279581369202795e+01 -1.1660828690842981e+01  7.2000000000000000e+01  8.5160076913451788e-01
507    1.6831431585107978e+01 -1.2056111019346133e+01  7.2000000000000000e+01  8.5160076913451788e-01
508    1.7199331729044765e+01 -1.2319632571681568e+01  7.2000000000000000e+01  8.5160076913451777e-01
509    1.7383281801013158e+01 -1.2451393347849283e+01  7.2000000000000000e+01  8.5160076913451777e-01
510    1.8436074406113576e+01 -5.7477485436690552e+00  7.2000000000000014e+01  8.9846368414466993e-01
511    1.8651701007354674e+01 -5.8149736728347765e+00  7.2000000000000014e+01  8.9846368414466993e-01
512    1.9082954209836860e+01 -5.9494239311662156e+00  7.2000000000000000e+01  8.9846368414467004e-01
513    1.9729834013560144e+01 -6.1510993186633760e+00  7.2000000000000000e+01  8.9846368414467004e-01
514    2.0161087216042340e+01 -6.2855495769948151e+00  7.2000000000000014e+01  8.9846368414466993e-01
515    2.0376713817283431e+01 -6.3527747061605337e+00  7.2000000000000014e+01  8.9846368414466993e-01
516    1.9000000000000000e+01 -1.8641362269829616e+00  7.1999999999999986e+01  9.6094757082487314e-01
517    1.9222222222222221e+01 -1.8859389898716505e+00  7.1999999999999986e+01  9.6094757082487314e-01
518    1.9666666666666668e+01 -1.9295445156490303e+00  7.1999999999999986e+01  9.6094757082487314e-01
519    2.0333333333333332e+01 -1.9949528043150992e+00  7.1999999999999986e+01  9.6094757082487314e-01
520    2.0777777777777779e+01 -2.0385583300924779e+00  7.1999999999999986e+01  9.6094757082487314e-01
521    2.1000000000000000e+01 -2.0603610929811680e+00  7.1999999999999986e+01  9.6094757082487314e-01
522    1.9000000000000000e+01  0.0000000000000000e+00  7.2000000000000000e+01  1.0000000000000000e+00
523    1.9222222222222225e+01  0.0000000000000000e+00  7.2000000000000000e+01  1.0000000000000000e+00
524    1.9666666666666668e+01  0.0000000000000000e+00  7.2000000000000000e+01  1.0000000000000000e+00
525    2.0333333333333336e+01  0.0000000000000000e+00  7.2000000000000000e+01  1.0000000000000000e+00
526    2.0777777777777779e+01  0.0000000000000000e+00  7.2000000000000000e+01  1.0000000000000000e+00
527    2.1000000000000000e+01  0.0000000000000000e+00  7.2000000000000000e+01  1.0000000000000000e+00
528    0.0000000000000000e+00 -1.9000000000000000e+01  8.0000000000000000e+01  1.0000000000000000e+00
529    0.0000000000000000e+00 -1.9222222222222221e+01  8.0000000000000000e+01  1.0000000000000000e+00
530    0.0000000000000000e+00 -1.9666666666666668e+01  8.0000000000000000e+01  1.0000000000000000e+00
531    0.0000000000000000e+00 -2.0333333333333336e+01  8.0000000000000000e+01  1.0000000000000000e+00
532    0.0000000000000000e+00 -2.0777777777777779e+01  8.0000000000000000e+01  1.0000000000000000e+00
533    0.0000000000000000e+00 -2.1000000000000000e+01  8.0000000000000000e+01  1.0000000000000000e+00
534    1.8641362269829627e+00 -1.9000000000000004e+01  7.9999999999999986e+01  9.6094757082487314e-01
535    1.8859389898716521e+00 -1.9222222222222221e+01  7.9999999999999986e+01  9.6094757082487314e-01
536    1.9295445156490310e+00 -1.9666666666666671e+01  7.9999999999999986e+01  9.6094757082487314e-01
537    1.9949528043150997e+00 -2.0333333333333336e+01  7.9999999999999986e+01  9.6094757082487314e-01
538    2.0385583300924788e+00 -2.0777777777777782e+01  7.9999999999999986e+01  9.6094757082487314e-01
539    2.0603610929811684e+00 -2.1000000000000000e+01  7.9999999999999986e+01  9.6094757082487314e-01
540    5.7477485436690596e+00 -1.8436074406113580e+01  8.0000000000000000e+01  8.9846368414467004e-01
541    5.8149736728347792e+00 -1.8651701007354671e+01  8.0000000000000000e+01  8.9846368414467004e-01
542    5.9494239311662174e+00 -1.9082954209836860e+01  7.9999999999999986e+01  8.9846368414467026e-01
543    6.1510993186633778e+00 -1.9729834013560140e+01  7.9999999999999986e+01  8.9846368414467026e-01
544    6.2855495769948178e+00 -2.0161087216042333e+01  8.0000000000000000e+01  8.9846368414467004e-01
545    6.3527747061605382e+00 -2.0376713817283434e+01  8.0000000000000000e+01  8.9846368414467004e-01
546    1.1265546362339833e+01 -1.5727731153297619e+01  7.9999999999999986e+01  8.5160076913451788e-01
547    1.1397307138507548e+01 -1.5911681225266012e+01  7.9999999999999986e+01  8.5160076913451788e-01
548    1.1660828690842981e+01 -1.6279581369202791e+01  7.9999999999999986e+01  8.5160076913451799e-01
549    1.2056111019346135e+01 -1.6831431585107978e+01  7.9999999999999986e+01  8.5160076913451799e-01
550    1.2319632571681568e+01 -1.7199331729044761e+01  7.9999999999999986e+01  8.5160076913451788e-01
551    1.2451393347849287e+01 -1.7383281801013155e+01  7.9999999999999986e+01  8.5160076913451788e-01
552    1.5727731153297622e+01 -1.1265546362339828e+01  7.9999999999999986e+01  8.5160076913451777e-01
553    1.5911681225266012e+01 -1.1397307138507546e+01  7.9999999999999986e+01  8.5160076913451788e-01
554    1.6279581369202798e+01 -1.1660828690842980e+01  7.9999999999999972e+01  8.5160076913451799e-01
555    1.6831431585107978e+01 -1.2056111019346131e+01  7.9999999999999972e+01  8.5160076913451799e-01
556    1.7199331729044761e+01 -1.2319632571681565e+01  7.9999999999999986e+01  8.5160076913451788e-01
557    1.7383281801013158e+01 -1.2451393347849283e+01  7.9999999999999986e+01  8.5160076913451777e-01
558    1.8436074406113573e+01 -5.7477485436690552e+00  8.0000000000000000e+01  8.9846368414467004e-01
559    1.8651701007354671e+01 -5.8149736728347756e+00  8.0000000000000000e+01  8.9846368414467004e-01
560    1.9082954209836860e+01 -5.9494239311662138e+00  7.9999999999999972e+01  8.9846368414467026e-01
561    1.9729834013560140e+01 -6.1510993186633742e+00  7.9999999999999972e+01  8.9846368414467026e-01
562    2.0161087216042336e+01 -6.2855495769948142e+00  8.0000000000000000e+01  8.9846368414467004e-01
563    2.0376713817283427e+01 -6.3527747061605346e+00  8.0000000000000000e+01  8.9846368414467004e-01
564    1.9000000000000004e+01 -1.8641362269829616e+00  7.9999999999999972e+01  9.6094757082487314e-01
565    1.9222222222222221e+01 -1.8859389898716508e+00  7.9999999999999972e+01  9.6094757082487314e-01
566    1.9666666666666668e+01 -1.9295445156490305e+00  7.9999999999999972e+01  9.6094757082487314e-01
567    2.0333333333333336e+01 -1.9949528043150995e+00  7.9999999999999972e+01  9.6094757082487314e-01
568    2.0777777777777775e+01 -2.0385583300924783e+00  7.9999999999999972e+01  9.6094757082487314e-01
569    2.1000000000000000e+01 -2.0603610929811675e+00  7.9999999999999972e+01  9.6094757082487314e-01
570    1.9000000000000000e+01  0.0000000000000000e+00  8.0000000000000000e+01  1.0000000000000000e+00
571    1.9222222222222221e+01  0.0000000000000000e+00  8.0000000000000000e+01  1.0000000000000000e+00
572    1.9666666666666668e+01  0.0000000000000000e+00  8.0000000000000000e+01  1.0000000000000000e+00
573    2.0333333333333336e+01  0.0000000000000000e+00  8.0000000000000000e+01  1.0000000000000000e+00
574    2.0777777777777779e+01  0.0000000000000000e+00  8.0000000000000000e+01  1.0000000000000000e+00
575    2.1000000000000000e+01  0.0000000000000000e+00  8.0000000000000000e+01  1.0000000000000000e+00
576    0.0000000000000000e+00 -1.9000000000000000e+01  8.8000000000000014e+01  1.0000000000000000e+00
577    0.0000000000000000e+00 -1.9222222222222229e+01  8.8000000000000014e+01  1.0000000000000000e+00
578    0.0000000000000000e+00 -1.9666666666666671e+01  8.8000000000000014e+01  1.0000000000000000e+00
579    0.0000000000000000e+00 -2.0333333333333336e+01  8.8000000000000014e+01  1.0000000000000000e+00
580    0.0000000000000000e+00 -2.0777777777777782e+01  8.8000000000000014e+01  1.0000000000000000e+00
581    0.0000000000000000e+00 -2.1000000000000004e+01  8.8000000000000014e+01  1.0000000000000000e+00
582    1.8641362269829627e+00 -1.9000000000000004e+01  8.8000000000000000e+01  9.6094757082487325e-01
583    1.8859389898716523e+00 -1.9222222222222221e+01  8.8000000000000000e+01  9.6094757082487325e-01
584    1.9295445156490312e+00 -1.9666666666666668e+01  8.8000000000000000e+01  9.6094757082487325e-01
585    1.9949528043150997e+00 -2.0333333333333336e+01  8.8000000000000000e+01  9.6094757082487325e-01
586    2.0385583300924788e+00 -2.0777777777777779e+01  8.8000000000000000e+01  9.6094757082487325e-01
587    2.0603610929811684e+00 -2.1000000000000000e+01  8.8000000000000000e+01  9.6094757082487325e-01
588    5.7477485436690587e+00 -1.8436074406113580e+01  8.8000000000000000e+01  8.9846368414467015e-01
589    5.8149736728347792e+00 -1.8651701007354671e+01  8.8000000000000000e+01  8.9846368414467015e-01
590    5.9494239311662191e+00 -1.9082954209836860e+01  8.8000000000000000e+01  8.9846368414467015e-01
591    6.1510993186633778e+00 -1.9729834013560147e+01  8.8000000000000000e+01  8.9846368414467015e-01
592    6.2855495769948169e+00 -2.0161087216042329e+01  8.8000000000000000e+01  8.9846368414467015e-01
593    6.3527747061605373e+00 -2.0376713817283431e+01  8.8000000000000000e+01  8.9846368414467015e-01
594    1.1265546362339833e+01 -1.5727731153297620e+01  8.8000000000000014e+01  8.5160076913451788e-01
595    1.1397307138507550e+01 -1.5911681225266012e+01  8.8000000000000014e+01  8.5160076913451788e-01
596    1.1660828690842983e+01 -1.6279581369202795e+01  8.8000000000000000e+01  8.5160076913451799e-01
597    1.2056111019346135e+01 -1.6831431585107978e+01  8.8000000000000000e+01  8.5160076913451799e-01
598    1.2319632571681570e+01 -1.7199331729044765e+01  8.8000000000000014e+01  8.5160076913451788e-01
599    1.2451393347849288e+01 -1.7383281801013158e+01  8.8000000000000014e+01  8.5160076913451788e-01
600    1.5727731153297622e+01 -1.1265546362339830e+01  8.7999999999999986e+01  8.5160076913451788e-01
601    1.5911681225266012e+01 -1.1397307138507548e+01  8.7999999999999986e+01  8.5160076913451788e-01
602    1.6279581369202798e+01 -1.1660828690842980e+01  8.7999999999999986e+01  8.5160076913451799e-01
603    1.6831431585107978e+01 -1.2056111019346131e+01  8.7999999999999986e+01  8.5160076913451799e-01
604    1.7199331729044765e+01 -1.2319632571681568e+01  8.7999999999999986e+01  8.5160076913451788e-01
605    1.7383281801013158e+01 -1.2451393347849283e+01  8.7999999999999986e+01  8.5160076913451788e-01
606    1.8436074406113576e+01 -5.7477485436690552e+00  8.8000000000000000e+01  8.9846368414467015e-01
607    1.8651701007354671e+01 -5.8149736728347747e+00  8.8000000000000000e+01  8.9846368414467015e-01
608    1.9082954209836860e+01 -5.9494239311662165e+00  8.7999999999999986e+01  8.9846368414467015e-01
609    1.9729834013560147e+01 -6.1510993186633760e+00  8.7999999999999986e+01  8.9846368414467015e-01
610    2.0161087216042333e+01 -6.2855495769948142e+00  8.8000000000000000e+01  8.9846368414467015e-01
611    2.0376713817283431e+01 -6.3527747061605346e+00  8.8000000000000000e+01  8.9846368414467015e-01
612    1.9000000000000004e+01 -1.8641362269829613e+00  8.8000000000000000e+01  9.6094757082487325e-01
613    1.9222222222222221e+01 -1.8859389898716508e+00  8.8000000000000000e+01  9.6094757082487325e-01
614    1.9666666666666668e+01 -1.9295445156490303e+00  8.8000000000000000e+01  9.6094757082487325e-01
615    2.0333333333333336e+01 -1.9949528043150990e+00  8.8000000000000000e+01  9.6094757082487325e-01
616    2.0777777777777775e+01 -2.0385583300924783e+00  8.8000000000000000e+01  9.6094757082487325e-01
617    2.1000000000000000e+01 -2.0603610929811675e+00  8.8000000000000000e+01  9.6094757082487325e-01
618    1.9000000000000000e+01  0.0000000000000000e+00  8.8000000000000014e+01  1.0000000000000000e+00
619    1.9222222222222229e+01  0.0000000000000000e+00  8.8000000000000014e+01  1.0000000000000000e+00
620    1.9666666666666671e+01  0.0000000000000000e+00  8.8000000000000014e+01  1.0000000000000000e+00
621    2.0333333333333336e+01  0.0000000000000000e+00  8.8000000000000014e+01  1.0000000000000000e+00
622    2.0777777777777782e+01  0.0000000000000000e+00  8.8000000000000014e+01  1.0000000000000000e+00
623    2.1000000000000004e+01  0.0000000000000000e+00  8.8000000000000014e+01  1.0000000000000000e+00
624    0.0000000000000000e+00 -1.9000000000000004e+01  9.5999999999999986e+01  1.0000000000000000e+00
625    0.0000000000000000e+00 -1.9222222222222221e+01  9.5999999999999986e+01  1.0000000000000000e+00
626    0.0000000000000000e+00 -1.9666666666666671e+01  9.5999999999999986e+01  1.0000000000000000e+00
627    0.0000000000000000e+00 -2.0333333333333336e+01  9.5999999999999986e+01  1.0000000000000000e+00
628    0.0000000000000000e+00 -2.0777777777777779e+01  9.5999999999999986e+01  1.0000000000000000e+00
629    0.0000000000000000e+00 -2.1000000000000004e+01  9.5999999999999986e+01  1.0000000000000000e+00
630    1.8641362269829624e+00 -1.9000000000000000e+01  9.6000000000000000e+01  9.6094757082487314e-01
631    1.8859389898716523e+00 -1.9222222222222221e+01  9.6000000000000000e+01  9.6094757082487314e-01
632    1.9295445156490312e+00 -1.9666666666666668e+01  9.6000000000000000e+01  9.6094757082487314e-01
633    1.9949528043150997e+00 -2.0333333333333332e+01  9.6000000000000000e+01  9.6094757082487314e-01
634    2.0385583300924783e+00 -2.0777777777777779e+01  9.6000000000000000e+01  9.6094757082487314e-01
635    2.0603610929811684e+00 -2.1000000000000004e+01  9.6000000000000000e+01  9.6094757082487314e-01
636    5.7477485436690587e+00 -1.8436074406113580e+01  9.6000000000000000e+01  8.9846368414467015e-01
637    5.8149736728347792e+00 -1.8651701007354667e+01  9.6000000000000000e+01  8.9846368414467015e-01
638    5.9494239311662174e+00 -1.9082954209836860e+01  9.5999999999999986e+01  8.9846368414467015e-01
639    6.1510993186633778e+00 -1.9729834013560147e+01  9.5999999999999986e+01  8.9846368414467015e-01
640    6.2855495769948160e+00 -2.0161087216042329e+01  9.6000000000000000e+01  8.9846368414467015e-01
641    6.3527747061605364e+00 -2.0376713817283427e+01  9.6000000000000000e+01  8.9846368414467015e-01
642    1.1265546362339835e+01 -1.5727731153297620e+01  9.6000000000000000e+01  8.5160076913451777e-01
643    1.1397307138507550e+01 -1.5911681225266012e+01  9.6000000000000000e+01  8.5160076913451777e-01
644    1.1660828690842985e+01 -1.6279581369202798e+01  9.6000000000000000e+01  8.5160076913451777e-01
645    1.2056111019346137e+01 -1.6831431585107982e+01  9.6000000000000000e+01  8.5160076913451777e-01
646    1.2319632571681572e+01 -1.7199331729044765e+01  9.6000000000000000e+01  8.5160076913451777e-01
647    1.2451393347849288e+01 -1.7383281801013158e+01  9.6000000000000000e+01  8.5160076913451777e-01
648    1.5727731153297622e+01 -1.1265546362339828e+01  9.5999999999999986e+01  8.5160076913451777e-01
649    1.5911681225266014e+01 -1.1397307138507546e+01  9.5999999999999986e+01  8.5160076913451777e-01
650    1.6279581369202802e+01 -1.1660828690842981e+01  9.5999999999999986e+01  8.5160076913451777e-01
651    1.6831431585107982e+01 -1.2056111019346137e+01  9.5999999999999986e+01  8.5160076913451777e-01
652    1.7199331729044765e+01 -1.2319632571681568e+01  9.5999999999999986e+01  8.5160076913451777e-01
653    1.7383281801013158e+01 -1.2451393347849285e+01  9.5999999999999986e+01  8.5160076913451777e-01
654    1.8436074406113573e+01 -5.7477485436690543e+00  9.6000000000000000e+01  8.9846368414467015e-01
655    1.8651701007354667e+01 -5.8149736728347738e+00  9.6000000000000000e+01  8.9846368414467015e-01
656    1.9082954209836860e+01 -5.9494239311662147e+00  9.5999999999999986e+01  8.9846368414467015e-01
657    1.9729834013560147e+01 -6.1510993186633733e+00  9.5999999999999986e+01  8.9846368414467015e-01
658    2.0161087216042329e+01 -6.2855495769948142e+00  9.6000000000000000e+01  8.9846368414467015e-01
659    2.0376713817283424e+01 -6.3527747061605346e+00  9.6000000000000000e+01  8.9846368414467015e-01
660    1.9000000000000000e+01 -1.8641362269829616e+00  9.5999999999999986e+01  9.6094757082487314e-01
661    1.9222222222222221e+01 -1.8859389898716508e+00  9.5999999999999986e+01  9.6094757082487314e-01
662    1.9666666666666668e+01 -1.9295445156490305e+00  9.5999999999999986e+01  9.6094757082487314e-01
663    2.0333333333333332e+01 -1.9949528043150992e+00  9.5999999999999986e+01  9.6094757082487314e-01
664    2.0777777777777775e+01 -2.0385583300924779e+00  9.5999999999999986e+01  9.6094757082487314e-01
665    2.1000000000000004e+01 -2.0603610929811675e+00  9.5999999999999986e+01  9.6094757082487314e-01
666    1.9000000000000004e+01  0.0000000000000000e+00  9.5999999999999986e+01  1.0000000000000000e+00
667    1.9222222222222221e+01  0.0000000000000000e+00  9.5999999999999986e+01  1.0000000000000000e+00
668    1.9666666666666671e+01  0.0000000000000000e+00  9.5999999999999986e+01  1.0000000000000000e+00
669    2.0333333333333336e+01  0.0000000000000000e+00  9.5999999999999986e+01  1.0000000000000000e+00
670    2.0777777777777779e+01  0.0000000000000000e+00  9.5999999999999986e+01  1.0000000000000000e+00
671    2.1000000000000004e+01  0.0000000000000000e+00  9.5999999999999986e+01  1.0000000000000000e+00
672    0.0000000000000000e+00 -1.9000000000000000e+01  1.0400000000000000e+02  1.0000000000000000e+00
673    0.0000000000000000e+00 -1.9222222222222221e+01  1.0400000000000000e+02  1.0000000000000000e+00
674    0.0000000000000000e+00 -1.9666666666666668e+01  1.0400000000000000e+02  1.0000000000000000e+00
675    0.0000000000000000e+00 -2.0333333333333336e+01  1.0400000000000000e+02  1.0000000000000000e+00
676    0.0000000000000000e+00 -2.0777777777777779e+01  1.0400000000000000e+02  1.0000000000000000e+00
677    0.0000000000000000e+00 -2.1000000000000000e+01  1.0400000000000000e+02  1.0000000000000000e+00
678    1.8641362269829624e+00 -1.9000000000000000e+01  1.0400000000000000e+02  9.6094757082487314e-01
679    1.8859389898716521e+00 -1.9222222222222221e+01  1.0400000000000000e+02  9.6094757082487314e-01
680    1.9295445156490312e+00 -1.9666666666666668e+01  1.0400000000000000e+02  9.6094757082487314e-01
681    1.9949528043150999e+00 -2.0333333333333332e+01  1.0400000000000000e+02  9.6094757082487314e-01
682    2.0385583300924788e+00 -2.0777777777777782e+01  1.0400000000000000e+02  9.6094757082487314e-01
683    2.0603610929811684e+00 -2.1000000000000000e+01  1.0400000000000000e+02  9.6094757082487314e-01
684    5.7477485436690596e+00 -1.8436074406113576e+01  1.0400000000000000e+02  8.9846368414467004e-01
685    5.8149736728347792e+00 -1.8651701007354671e+01  1.0400000000000000e+02  8.9846368414467004e-01
686    5.9494239311662174e+00 -1.9082954209836860e+01  1.0399999999999999e+02  8.9846368414467015e-01
687    6.1510993186633778e+00 -1.9729834013560144e+01  1.0399999999999999e+02  8.9846368414467015e-01
688    6.2855495769948160e+00 -2.0161087216042333e+01  1.0400000000000000e+02  8.9846368414467004e-01
689    6.3527747061605373e+00 -2.0376713817283427e+01  1.0400000000000000e+02  8.9846368414467004e-01
690    1.1265546362339833e+01 -1.5727731153297622e+01  1.0400000000000000e+02  8.5160076913451777e-01
691    1.1397307138507550e+01 -1.5911681225266012e+01  1.0400000000000000e+02  8.5160076913451777e-01
692    1.1660828690842981e+01 -1.6279581369202795e+01  1.0399999999999999e+02  8.5160076913451788e-01
693    1.2056111019346133e+01 -1.6831431585107978e+01  1.0399999999999999e+02  8.5160076913451788e-01
694    1.2319632571681572e+01 -1.7199331729044765e+01  1.0400000000000000e+02  8.5160076913451777e-01
695    1.2451393347849288e+01 -1.7383281801013155e+01  1.0400000000000000e+02  8.5160076913451777e-01
696    1.5727731153297622e+01 -1.1265546362339828e+01  1.0400000000000000e+02  8.5160076913451777e-01
697    1.5911681225266014e+01 -1.1397307138507550e+01  1.0400000000000000e+02  8.5160076913451777e-01
698    1.6279581369202798e+01 -1.1660828690842981e+01  1.0399999999999999e+02  8.5160076913451788e-01
699    1.6831431585107978e+01 -1.2056111019346133e+01  1.0399999999999999e+02  8.5160076913451788e-01
700    1.7199331729044765e+01 -1.2319632571681568e+01  1.0400000000000000e+02  8.5160076913451777e-01
701    1.7383281801013155e+01 -1.2451393347849285e+01  1.0400000000000000e+02  8.5160076913451777e-01
702    1.8436074406113573e+01 -5.7477485436690543e+00  1.0400000000000000e+02  8.9846368414467004e-01
703    1.8651701007354671e+01 -5.8149736728347747e+00  1.0400000000000000e+02  8.9846368414467004e-01
704    1.9082954209836860e+01 -5.9494239311662147e+00  1.0399999999999999e+02  8.9846368414467015e-01
705    1.9729834013560144e+01 -6.1510993186633742e+00  1.0399999999999999e+02  8.9846368414467015e-01
706    2.0161087216042336e+01 -6.2855495769948142e+00  1.0400000000000000e+02  8.9846368414467004e-01
707    2.0376713817283427e+01 -6.3527747061605355e+00  1.0400000000000000e+02  8.9846368414467004e-01
708    1.9000000000000000e+01 -1.8641362269829616e+00  1.0400000000000000e+02  9.6094757082487314e-01
709    1.9222222222222221e+01 -1.8859389898716508e+00  1.0400000000000000e+02  9.6094757082487314e-01
710    1.9666666666666668e+01 -1.9295445156490303e+00  1.0400000000000000e+02  9.6094757082487314e-01
711    2.0333333333333332e+01 -1.9949528043150992e+00  1.0400000000000000e+02  9.6094757082487314e-01
712    2.0777777777777775e+01 -2.0385583300924779e+00  1.0400000000000000e+02  9.6094757082487314e-01
713    2.1000000000000000e+01 -2.0603610929811675e+00  1.0400000000000000e+02  9.6094757082487314e-01
714    1.9000000000000000e+01  0.0000000000000000e+00  1.0400000000000000e+02  1.0000000000000000e+00
715    1.9222222222222221e+01  0.0000000000000000e+00  1.0400000000000000e+02  1.0000000000000000e+00
716    1.9666666666666668e+01  0.0000000000000000e+00  1.0400000000000000e+02  1.0000000000000000e+00
717    2.0333333333333336e+01  0.0000000000000000e+00  1.0400000000000000e+02  1.0000000000000000e+00
718    2.0777777777777779e+01  0.0000000000000000e+00  1.0400000000000000e+02  1.0000000000000000e+00
719    2.1000000000000000e+01  0.0000000000000000e+00  1.0400000000000000e+02  1.0000000000000000e+00
720    0.0000000000000000e+00 -1.9000000000000004e+01  1.1200000000000000e+02  1.0000000000000000e+00
721    0.0000000000000000e+00 -1.9222222222222221e+01  1.1200000000000000e+02  1.0000000000000000e+00
722    0.0000000000000000e+00 -1.9666666666666671e+01  1.1200000000000000e+02  1.0000000000000000e+00
723    0.0000000000000000e+00 -2.0333333333333336e+01  1.1200000000000000e+02  1.0000000000000000e+00
724    0.0000000000000000e+00 -2.0777777777777779e+01  1.1200000000000000e+02  1.0000000000000000e+00
725    0.0000000000000000e+00 -2.1000000000000000e+01  1.1200000000000000e+02  1.0000000000000000e+00
726    1.8641362269829620e+00 -1.9000000000000000e+01  1.1199999999999999e+02  9.6094757082487325e-01
727    1.8859389898716519e+00 -1.9222222222222221e+01  1.1199999999999999e+02  9.6094757082487325e-01
728    1.9295445156490310e+00 -1.9666666666666664e+01  1.1199999999999999e+02  9.6094757082487325e-01
729    1.9949528043150995e+00 -2.0333333333333336e+01  1.1199999999999999e+02  9.6094757082487325e-01
730    2.0385583300924783e+00 -2.0777777777777771e+01  1.1199999999999999e+02  9.6094757082487325e-01
731    2.0603610929811684e+00 -2.0999999999999996e+01  1.1199999999999999e+02  9.6094757082487325e-01
732    5.7477485436690587e+00 -1.8436074406113576e+01  1.1200000000000000e+02  8.9846368414467004e-01
733    5.8149736728347792e+00 -1.8651701007354671e+01  1.1200000000000000e+02  8.9846368414467004e-01
734    5.9494239311662183e+00 -1.9082954209836856e+01  1.1199999999999997e+02  8.9846368414467026e-01
735    6.1510993186633778e+00 -1.9729834013560140e+01  1.1199999999999997e+02  8.9846368414467026e-01
736    6.2855495769948169e+00 -2.0161087216042333e+01  1.1200000000000000e+02  8.9846368414467004e-01
737    6.3527747061605373e+00 -2.0376713817283427e+01  1.1200000000000000e+02  8.9846368414467004e-01
738    1.1265546362339833e+01 -1.5727731153297620e+01  1.1200000000000000e+02  8.5160076913451788e-01
739    1.1397307138507548e+01 -1.5911681225266012e+01  1.1200000000000000e+02  8.5160076913451788e-01
740    1.1660828690842981e+01 -1.6279581369202795e+01  1.1200000000000000e+02  8.5160076913451788e-01
741    1.2056111019346135e+01 -1.6831431585107978e+01  1.1200000000000000e+02  8.5160076913451788e-01
742    1.2319632571681568e+01 -1.7199331729044761e+01  1.1200000000000000e+02  8.5160076913451788e-01
743    1.2451393347849288e+01 -1.7383281801013155e+01  1.1200000000000000e+02  8.5160076913451788e-01
744    1.5727731153297620e+01 -1.1265546362339826e+01  1.1199999999999997e+02  8.5160076913451788e-01
745    1.5911681225266012e+01 -1.1397307138507546e+01  1.1199999999999997e+02  8.5160076913451788e-01
746    1.6279581369202802e+01 -1.1660828690842981e+01  1.1199999999999997e+02  8.5160076913451788e-01
747    1.6831431585107978e+01 -1.2056111019346135e+01  1.1199999999999997e+02  8.5160076913451788e-01
748    1.7199331729044761e+01 -1.2319632571681565e+01  1.1199999999999997e+02  8.5160076913451788e-01
749    1.7383281801013155e+01 -1.2451393347849283e+01  1.1199999999999997e+02  8.5160076913451788e-01
750    1.8436074406113573e+01 -5.7477485436690552e+00  1.1200000000000000e+02  8.9846368414467004e-01
751    1.8651701007354671e+01 -5.8149736728347747e+00  1.1200000000000000e+02  8.9846368414467004e-01
752    1.9082954209836856e+01 -5.9494239311662138e+00  1.1199999999999997e+02  8.9846368414467026e-01
753    1.9729834013560140e+01 -6.1510993186633733e+00  1.1199999999999997e+02  8.9846368414467026e-01
754    2.0161087216042333e+01 -6.2855495769948151e+00  1.1200000000000000e+02  8.9846368414467004e-01
755    2.0376713817283424e+01 -6.3527747061605346e+00  1.1200000000000000e+02  8.9846368414467004e-01
756    1.9000000000000000e+01 -1.8641362269829613e+00  1.1199999999999999e+02  9.6094757082487325e-01
757    1.9222222222222221e+01 -1.8859389898716508e+00  1.1199999999999999e+02  9.6094757082487325e-01
758    1.9666666666666664e+01 -1.9295445156490301e+00  1.1199999999999999e+02  9.6094757082487325e-01
759    2.0333333333333336e+01 -1.9949528043150990e+00  1.1199999999999999e+02  9.6094757082487325e-01
760    2.0777777777777771e+01 -2.0385583300924779e+00  1.1199999999999999e+02  9.6094757082487325e-01
761    2.0999999999999996e+01 -2.0603610929811675e+00  1.1199999999999999e+02  9.6094757082487325e-01
762    1.9000000000000004e+01  0.0000000000000000e+00  1.1200000000000000e+02  1.0000000000000000e+00
763    1.9222222222222221e+01  0.0000000000000000e+00  1.1200000000000000e+02  1.0000000000000000e+00
764    1.9666666666666671e+01  0.0000000000000000e+00  1.1200000000000000e+02  1.0000000000000000e+00
765    2.0333333333333336e+01  0.0000000000000000e+00  1.1200000000000000e+02  1.0000000000000000e+00
766    2.0777777777777779e+01  0.0000000000000000e+00  1.1200000000000000e+02  1.0000000000000000e+00
767    2.1000000000000000e+01  0.0000000000000000e+00  1.1200000000000000e+02  1.0000000000000000e+00
768    0.0000000000000000e+00 -1.9000000000000000e+01  1.2000000000000000e+02  1.0000000000000000e+00
769    0.0000000000000000e+00 -1.9222222222222221e+01  1.2000000000000000e+02  1.0000000000000000e+00
770    0.0000000000000000e+00 -1.9666666666666671e+01  1.2000000000000000e+02  1.0000000000000000e+00
771    0.0000000000000000e+00 -2.0333333333333336e+01  1.2000000000000000e+02  1.0000000000000000e+00
772    0.0000000000000000e+00 -2.0777777777777782e+01  1.2000000000000000e+02  1.0000000000000000e+00
773    0.0000000000000000e+00 -2.1000000000000000e+01  1.2000000000000000e+02  1.0000000000000000e+00
774    1.8641362269829624e+00 -1.9000000000000000e+01  1.1999999999999999e+02  9.6094757082487314e-01
775    1.8859389898716523e+00 -1.9222222222222221e+01  1.1999999999999999e+02  9.6094757082487314e-01
776    1.9295445156490314e+00 -1.9666666666666671e+01  1.1999999999999999e+02  9.6094757082487314e-01
777    1.9949528043150997e+00 -2.0333333333333332e+01  1.1999999999999999e+02  9.6094757082487314e-01
778    2.0385583300924788e+00 -2.0777777777777775e+01  1.1999999999999999e+02  9.6094757082487314e-01
779    2.0603610929811684e+00 -2.1000000000000000e+01  1.1999999999999999e+02  9.6094757082487314e-01
780    5.7477485436690596e+00 -1.8436074406113576e+01  1.2000000000000000e+02  8.9846368414467004e-01
781    5.8149736728347801e+00 -1.8651701007354671e+01  1.2000000000000000e+02  8.9846368414467004e-01
782    5.9494239311662174e+00 -1.9082954209836860e+01  1.1999999999999999e+02  8.9846368414467015e-01
783    6.1510993186633787e+00 -1.9729834013560144e+01  1.1999999999999999e+02  8.9846368414467015e-01
784    6.2855495769948169e+00 -2.0161087216042333e+01  1.2000000000000000e+02  8.9846368414467004e-01
785    6.3527747061605373e+00 -2.0376713817283427e+01  1.2000000000000000e+02  8.9846368414467004e-01
786    1.1265546362339835e+01 -1.5727731153297619e+01  1.2000000000000000e+02  8.5160076913451777e-01
787    1.1397307138507552e+01 -1.5911681225266012e+01  1.2000000000000000e+02  8.5160076913451777e-01
788    1.1660828690842981e+01 -1.6279581369202795e+01  1.1999999999999997e+02  8.5160076913451799e-01
789    1.2056111019346135e+01 -1.6831431585107975e+01  1.1999999999999997e+02  8.5160076913451799e-01
790    1.2319632571681568e+01 -1.7199331729044765e+01  1.2000000000000000e+02  8.5160076913451777e-01
791    1.2451393347849290e+01 -1.7383281801013158e+01  1.2000000000000000e+02  8.5160076913451777e-01
792    1.5727731153297622e+01 -1.1265546362339828e+01  1.1999999999999999e+02  8.5160076913451777e-01
793    1.5911681225266014e+01 -1.1397307138507546e+01  1.1999999999999999e+02  8.5160076913451777e-01
794    1.6279581369202795e+01 -1.1660828690842980e+01  1.1999999999999996e+02  8.5160076913451799e-01
795    1.6831431585107975e+01 -1.2056111019346133e+01  1.1999999999999996e+02  8.5160076913451799e-01
796    1.7199331729044765e+01 -1.2319632571681568e+01  1.1999999999999999e+02  8.5160076913451777e-01
797    1.7383281801013158e+01 -1.2451393347849283e+01  1.1999999999999999e+02  8.5160076913451777e-01
798    1.8436074406113573e+01 -5.7477485436690543e+00  1.2000000000000000e+02  8.9846368414467004e-01
799    1.8651701007354671e+01 -5.8149736728347756e+00  1.2000000000000000e+02  8.9846368414467004e-01
800    1.9082954209836860e+01 -5.9494239311662147e+00  1.1999999999999996e+02  8.9846368414467015e-01
801    1.9729834013560144e+01 -6.1510993186633742e+00  1.1999999999999996e+02  8.9846368414467015e-01
802    2.0161087216042333e+01 -6.2855495769948151e+00  1.2000000000000000e+02  8.9846368414467004e-01
803    2.0376713817283424e+01 -6.3527747061605355e+00  1.2000000000000000e+02  8.9846368414467004e-01
804    1.9000000000000000e+01 -1.8641362269829613e+00  1.1999999999999999e+02  9.6094757082487314e-01
805    1.9222222222222221e+01 -1.8859389898716510e+00  1.1999999999999999e+02  9.6094757082487314e-01
806    1.9666666666666668e+01 -1.9295445156490303e+00  1.1999999999999999e+02  9.6094757082487314e-01
807    2.0333333333333332e+01 -1.9949528043150995e+00  1.1999999999999999e+02  9.6094757082487314e-01
808    2.0777777777777775e+01 -2.0385583300924779e+00  1.1999999999999999e+02  9.6094757082487314e-01
809    2.1000000000000000e+01 -2.0603610929811675e+00  1.1999999999999999e+02  9.6094757082487314e-01
810    1.9000000000000000e+01  0.0000000000000000e+00  1.2000000000000000e+02  1.0000000000000000e+00
811    1.9222222222222221e+01  0.0000000000000000e+00  1.2000000000000000e+02  1.0000000000000000e+00
812    1.9666666666666671e+01  0.0000000000000000e+00  1.2000000000000000e+02  1.0000000000000000e+00
813    2.0333333333333336e+01  0.0000000000000000e+00  1.2000000000000000e+02  1.0000000000000000e+00
814    2.0777777777777782e+01  0.0000000000000000e+00  1.2000000000000000e+02  1.0000000000000000e+00
815    2.1000000000000000e+01  0.0000000000000000e+00  1.2000000000000000e+02  1.0000000000000000e+00
816    0.0000000000000000e+00 -1.9000000000000000e+01  1.2799999999999999e+02  1.0000000000000000e+00
817    0.0000000000000000e+00 -1.9222222222222221e+01  1.2799999999999999e+02  1.0000000000000000e+00
818    0.0000000000000000e+00 -1.9666666666666664e+01  1.2799999999999999e+02  1.0000000000000000e+00
819    0.0000000000000000e+00 -2.0333333333333336e+01  1.2799999999999999e+02  1.0000000000000000e+00
820    0.0000000000000000e+00 -2.0777777777777779e+01  1.2799999999999999e+02  1.0000000000000000e+00
821    0.0000000000000000e+00 -2.1000000000000000e+01  1.2799999999999999e+02  1.0000000000000000e+00
822    1.8641362269829627e+00 -1.9000000000000004e+01  1.2800000000000000e+02  9.6094757082487303e-01
823    1.8859389898716523e+00 -1.9222222222222225e+01  1.2800000000000000e+02  9.6094757082487303e-01
824    1.9295445156490314e+00 -1.9666666666666668e+01  1.2800000000000000e+02  9.6094757082487303e-01
825    1.9949528043150999e+00 -2.0333333333333336e+01  1.2800000000000000e+02  9.6094757082487303e-01
826    2.0385583300924792e+00 -2.0777777777777782e+01  1.2800000000000000e+02  9.6094757082487303e-01
827    2.0603610929811689e+00 -2.1000000000000004e+01  1.2800000000000000e+02  9.6094757082487303e-01
828    5.7477485436690596e+00 -1.8436074406113580e+01  1.2800000000000003e+02  8.9846368414466993e-01
829    5.8149736728347783e+00 -1.8651701007354674e+01  1.2800000000000003e+02  8.9846368414466993e-01
830    5.9494239311662183e+00 -1.9082954209836860e+01  1.2800000000000000e+02  8.9846368414467004e-01
831    6.1510993186633787e+00 -1.9729834013560140e+01  1.2800000000000000e+02  8.9846368414467004e-01
832    6.2855495769948178e+00 -2.0161087216042333e+01  1.2800000000000003e+02  8.9846368414466993e-01
833    6.3527747061605382e+00 -2.0376713817283431e+01  1.2800000000000003e+02  8.9846368414466993e-01
834    1.1265546362339833e+01 -1.5727731153297619e+01  1.2800000000000000e+02  8.5160076913451777e-01
835    1.1397307138507550e+01 -1.5911681225266012e+01  1.2800000000000000e+02  8.5160076913451777e-01
836    1.1660828690842985e+01 -1.6279581369202798e+01  1.2800000000000000e+02  8.5160076913451777e-01
837    1.2056111019346137e+01 -1.6831431585107978e+01  1.2800000000000000e+02  8.5160076913451777e-01
838    1.2319632571681568e+01 -1.7199331729044761e+01  1.2800000000000000e+02  8.5160076913451777e-01
839    1.2451393347849288e+01 -1.7383281801013162e+01  1.2800000000000000e+02  8.5160076913451777e-01
840    1.5727731153297624e+01 -1.1265546362339830e+01  1.2800000000000003e+02  8.5160076913451765e-01
841    1.5911681225266014e+01 -1.1397307138507546e+01  1.2800000000000000e+02  8.5160076913451777e-01
842    1.6279581369202802e+01 -1.1660828690842981e+01  1.2800000000000000e+02  8.5160076913451777e-01
843    1.6831431585107978e+01 -1.2056111019346133e+01  1.2800000000000000e+02  8.5160076913451777e-01
844    1.7199331729044761e+01 -1.2319632571681566e+01  1.2800000000000000e+02  8.5160076913451777e-01
845    1.7383281801013158e+01 -1.2451393347849285e+01  1.2800000000000003e+02  8.5160076913451765e-01
846    1.8436074406113576e+01 -5.7477485436690552e+00  1.2800000000000003e+02  8.9846368414466993e-01
847    1.8651701007354674e+01 -5.8149736728347756e+00  1.2800000000000003e+02  8.9846368414466993e-01
848    1.9082954209836860e+01 -5.9494239311662156e+00  1.2800000000000000e+02  8.9846368414467004e-01
849    1.9729834013560140e+01 -6.1510993186633751e+00  1.2800000000000000e+02  8.9846368414467004e-01
850    2.0161087216042333e+01 -6.2855495769948151e+00  1.2800000000000003e+02  8.9846368414466993e-01
851    2.0376713817283424e+01 -6.3527747061605355e+00  1.2800000000000003e+02  8.9846368414466993e-01
852    1.9000000000000004e+01 -1.8641362269829616e+00  1.2800000000000000e+02  9.6094757082487303e-01
853    1.9222222222222225e+01 -1.8859389898716510e+00  1.2800000000000000e+02  9.6094757082487303e-01
854    1.9666666666666664e+01 -1.9295445156490303e+00  1.2800000000000000e+02  9.6094757082487303e-01
855    2.0333333333333336e+01 -1.9949528043150995e+00  1.2800000000000000e+02  9.6094757082487303e-01
856    2.0777777777777779e+01 -2.0385583300924783e+00  1.2800000000000000e+02  9.6094757082487303e-01
857    2.1000000000000004e+01 -2.0603610929811680e+00  1.2800000000000000e+02  9.6094757082487303e-01
858    1.9000000000000000e+01  0.0000000000000000e+00  1.2799999999999999e+02  1.0000000000000000e+00
859    1.9222222222222221e+01  0.0000000000000000e+00  1.2799999999999999e+02  1.0000000000000000e+00
860    1.9666666666666664e+01  0.0000000000000000e+00  1.2799999999999999e+02  1.0000000000000000e+00
861    2.0333333333333336e+01  0.0000000000000000e+00  1.2799999999999999e+02  1.0000000000000000e+00
862    2.0777777777777779e+01  0.0000000000000000e+00  1.2799999999999999e+02  1.0000000000000000e+00
863    2.1000000000000000e+01  0.0000000000000000e+00  1.2799999999999999e+02  1.0000000000000000e+00
864    0.0000000000000000e+00 -1.9000000000000000e+01  1.3600000000000000e+02  1.0000000000000000e+00
865    0.0000000000000000e+00 -1.9222222222222221e+01  1.3600000000000000e+02  1.0000000000000000e+00
866    0.0000000000000000e+00 -1.9666666666666671e+01  1.3600000000000000e+02  1.0000000000000000e+00
867    0.0000000000000000e+00 -2.0333333333333336e+01  1.3600000000000000e+02  1.0000000000000000e+00
868    0.0000000000000000e+00 -2.0777777777777779e+01  1.3600000000000000e+02  1.0000000000000000e+00
869    0.0000000000000000e+00 -2.1000000000000000e+01  1.3600000000000000e+02  1.0000000000000000e+00
870    1.8641362269829624e+00 -1.9000000000000000e+01  1.3599999999999997e+02  9.6094757082487314e-01
871    1.8859389898716523e+00 -1.9222222222222221e+01  1.3599999999999997e+02  9.6094757082487314e-01
872    1.9295445156490312e+00 -1.9666666666666668e+01  1.3599999999999997e+02  9.6094757082487314e-01
873    1.9949528043150997e+00 -2.0333333333333332e+01  1.3599999999999997e+02  9.6094757082487314e-01
874    2.0385583300924788e+00 -2.0777777777777779e+01  1.3599999999999997e+02  9.6094757082487314e-01
875    2.0603610929811684e+00 -2.1000000000000000e+01  1.3599999999999997e+02  9.6094757082487314e-01
876    5.7477485436690587e+00 -1.8436074406113576e+01  1.3600000000000000e+02  8.9846368414467004e-01
877    5.8149736728347801e+00 -1.8651701007354671e+01  1.3600000000000000e+02  8.9846368414467004e-01
878    5.9494239311662174e+00 -1.9082954209836856e+01  1.3599999999999997e+02  8.9846368414467026e-01
879    6.1510993186633769e+00 -1.9729834013560140e+01  1.3599999999999997e+02  8.9846368414467026e-01
880    6.2855495769948169e+00 -2.0161087216042333e+01  1.3600000000000000e+02  8.9846368414467004e-01
881    6.3527747061605373e+00 -2.0376713817283427e+01  1.3600000000000000e+02  8.9846368414467004e-01
882    1.1265546362339835e+01 -1.5727731153297622e+01  1.3600000000000000e+02  8.5160076913451777e-01
883    1.1397307138507550e+01 -1.5911681225266014e+01  1.3600000000000000e+02  8.5160076913451777e-01
884    1.1660828690842981e+01 -1.6279581369202791e+01  1.3599999999999997e+02  8.5160076913451799e-01
885    1.2056111019346133e+01 -1.6831431585107975e+01  1.3599999999999997e+02  8.5160076913451799e-01
886    1.2319632571681572e+01 -1.7199331729044765e+01  1.3600000000000000e+02  8.5160076913451777e-01
887    1.2451393347849290e+01 -1.7383281801013162e+01  1.3600000000000000e+02  8.5160076913451777e-01
888    1.5727731153297622e+01 -1.1265546362339828e+01  1.3600000000000000e+02  8.5160076913451777e-01
889    1.5911681225266014e+01 -1.1397307138507546e+01  1.3600000000000000e+02  8.5160076913451777e-01
890    1.6279581369202798e+01 -1.1660828690842980e+01  1.3599999999999997e+02  8.5160076913451799e-01
891    1.6831431585107975e+01 -1.2056111019346131e+01  1.3599999999999997e+02  8.5160076913451799e-01
892    1.7199331729044765e+01 -1.2319632571681568e+01  1.3600000000000000e+02  8.5160076913451777e-01
893    1.7383281801013158e+01 -1.2451393347849283e+01  1.3600000000000000e+02  8.5160076913451777e-01
894    1.8436074406113573e+01 -5.7477485436690552e+00  1.3600000000000000e+02  8.9846368414467004e-01
895    1.8651701007354671e+01 -5.8149736728347756e+00  1.3600000000000000e+02  8.9846368414467004e-01
896    1.9082954209836856e+01 -5.9494239311662138e+00  1.3599999999999997e+02  8.9846368414467026e-01
897    1.9729834013560140e+01 -6.1510993186633742e+00  1.3599999999999997e+02  8.9846368414467026e-01
898    2.0161087216042333e+01 -6.2855495769948151e+00  1.3600000000000000e+02  8.9846368414467004e-01
899    2.0376713817283424e+01 -6.3527747061605346e+00  1.3600000000000000e+02  8.9846368414467004e-01
900    1.9000000000000000e+01 -1.8641362269829616e+00  1.3599999999999997e+02  9.6094757082487314e-01
901    1.9222222222222221e+01 -1.8859389898716510e+00  1.3599999999999997e+02  9.6094757082487314e-01
902    1.9666666666666664e+01 -1.9295445156490303e+00  1.3599999999999997e+02  9.6094757082487314e-01
903    2.0333333333333332e+01 -1.9949528043150992e+00  1.3599999999999997e+02  9.6094757082487314e-01
904    2.0777777777777775e+01 -2.0385583300924779e+00  1.3599999999999997e+02  9.6094757082487314e-01
905    2.1000000000000000e+01 -2.0603610929811680e+00  1.3599999999999997e+02  9.6094757082487314e-01
906    1.9000000000000000e+01  0.0000000000000000e+00  1.3600000000000000e+02  1.0000000000000000e+00
907    1.9222222222222221e+01  0.0000000000000000e+00  1.3600000000000000e+02  1.0000000000000000e+00
908    1.9666666666666671e+01  0.0000000000000000e+00  1.3600000000000000e+02  1.0000000000000000e+00
909    2.0333333333333336e+01  0.0000000000000000e+00  1.3600000000000000e+02  1.0000000000000000e+00
910    2.0777777777777779e+01  0.0000000000000000e+00  1.3600000000000000e+02  1.0000000000000000e+00
911    2.1000000000000000e+01  0.0000000000000000e+00  1.3600000000000000e+02  1.0000000000000000e+00
912    0.0000000000000000e+00 -1.9000000000000000e+01  1.4400000000000000e+02  1.0000000000000000e+00
913    0.0000000000000000e+00 -1.9222222222222225e+01  1.4400000000000000e+02  1.0000000000000000e+00
914    0.0000000000000000e+00 -1.9666666666666671e+01  1.4400000000000000e+02  1.0000000000000000e+00
915    0.0000000000000000e+00 -2.0333333333333336e+01  1.4400000000000000e+02  1.0000000000000000e+00
916    0.0000000000000000e+00 -2.0777777777777779e+01  1.4400000000000000e+02  1.0000000000000000e+00
917    0.0000000000000000e+00 -2.1000000000000000e+01  1.4400000000000000e+02  1.0000000000000000e+00
918    1.8641362269829624e+00 -1.9000000000000000e+01  1.4400000000000000e+02  9.6094757082487314e-01
919    1.8859389898716523e+00 -1.9222222222222221e+01  1.4400000000000000e+02  9.6094757082487314e-01
920    1.9295445156490312e+00 -1.9666666666666671e+01  1.4400000000000000e+02  9.6094757082487314e-01
921    1.9949528043150997e+00 -2.0333333333333332e+01  1.4400000000000000e+02  9.6094757082487314e-01
922    2.0385583300924788e+00 -2.0777777777777779e+01  1.4400000000000000e+02  9.6094757082487314e-01
923    2.0603610929811684e+00 -2.1000000000000004e+01  1.4400000000000000e+02  9.6094757082487314e-01
924    5.7477485436690596e+00 -1.8436074406113580e+01  1.4400000000000003e+02  8.9846368414467004e-01
925    5.8149736728347801e+00 -1.8651701007354674e+01  1.4400000000000003e+02  8.9846368414467004e-01
926    5.9494239311662174e+00 -1.9082954209836856e+01  1.4399999999999997e+02  8.9846368414467026e-01
927    6.1510993186633769e+00 -1.9729834013560144e+01  1.4399999999999997e+02  8.9846368414467026e-01
928    6.2855495769948169e+00 -2.0161087216042333e+01  1.4400000000000003e+02  8.9846368414467004e-01
929    6.3527747061605373e+00 -2.0376713817283427e+01  1.4400000000000003e+02  8.9846368414467004e-01
930    1.1265546362339835e+01 -1.5727731153297622e+01  1.4400000000000000e+02  8.5160076913451777e-01
931    1.1397307138507552e+01 -1.5911681225266014e+01  1.4400000000000000e+02  8.5160076913451777e-01
932    1.1660828690842985e+01 -1.6279581369202795e+01  1.4400000000000000e+02  8.5160076913451788e-01
933    1.2056111019346135e+01 -1.6831431585107978e+01  1.4400000000000000e+02  8.5160076913451788e-01
934    1.2319632571681572e+01 -1.7199331729044765e+01  1.4400000000000000e+02  8.5160076913451777e-01
935    1.2451393347849290e+01 -1.7383281801013162e+01  1.4400000000000000e+02  8.5160076913451777e-01
936    1.5727731153297624e+01 -1.1265546362339830e+01  1.4400000000000000e+02  8.5160076913451777e-01
937    1.5911681225266015e+01 -1.1397307138507550e+01  1.4400000000000000e+02  8.5160076913451777e-01
938    1.6279581369202802e+01 -1.1660828690842981e+01  1.4399999999999997e+02  8.5160076913451788e-01
939    1.6831431585107978e+01 -1.2056111019346133e+01  1.4399999999999997e+02  8.5160076913451788e-01
940    1.7199331729044765e+01 -1.2319632571681568e+01  1.4400000000000000e+02  8.5160076913451777e-01
941    1.7383281801013155e+01 -1.2451393347849285e+01  1.4400000000000000e+02  8.5160076913451777e-01
942    1.8436074406113573e+01 -5.7477485436690552e+00  1.4400000000000003e+02  8.9846368414467004e-01
943    1.8651701007354674e+01 -5.8149736728347756e+00  1.4400000000000003e+02  8.9846368414467004e-01
944    1.9082954209836856e+01 -5.9494239311662147e+00  1.4399999999999997e+02  8.9846368414467026e-01
945    1.9729834013560144e+01 -6.1510993186633751e+00  1.4399999999999997e+02  8.9846368414467026e-01
946    2.0161087216042336e+01 -6.2855495769948151e+00  1.4400000000000003e+02  8.9846368414467004e-01
947    2.0376713817283427e+01 -6.3527747061605355e+00  1.4400000000000003e+02  8.9846368414467004e-01
948    1.9000000000000000e+01 -1.8641362269829616e+00  1.4400000000000000e+02  9.6094757082487314e-01
949    1.9222222222222221e+01 -1.8859389898716510e+00  1.4400000000000000e+02  9.6094757082487314e-01
950    1.9666666666666664e+01 -1.9295445156490305e+00  1.4400000000000000e+02  9.6094757082487314e-01
951    2.0333333333333332e+01 -1.9949528043150992e+00  1.4400000000000000e+02  9.6094757082487314e-01
952    2.0777777777777779e+01 -2.0385583300924783e+00  1.4400000000000000e+02  9.6094757082487314e-01
953    2.1000000000000004e+01 -2.0603610929811680e+00  1.4400000000000000e+02  9.6094757082487314e-01
954    1.9000000000000000e+01  0.0000000000000000e+00  1.4400000000000000e+02  1.0000000000000000e+00
955    1.9222222222222225e+01  0.0000000000000000e+00  1.4400000000000000e+02  1.0000000000000000e+00
956    1.9666666666666671e+01  0.0000000000000000e+00  1.4400000000000000e+02  1.0000000000000000e+00
957    2.0333333333333336e+01  0.0000000000000000e+00  1.4400000000000000e+02  1.0000000000000000e+00
958    2.0777777777777779e+01  0.0000000000000000e+00  1.4400000000000000e+02  1.0000000000000000e+00
959    2.1000000000000000e+01  0.0000000000000000e+00  1.4400000000000000e+02  1.0000000000000000e+00
960    0.0000000000000000e+00 -1.9000000000000000e+01  1.5200000000000000e+02  1.0000000000000000e+00
961    0.0000000000000000e+00 -1.9222222222222221e+01  1.5200000000000000e+02  1.0000000000000000e+00
962    0.0000000000000000e+00 -1.9666666666666671e+01  1.5200000000000000e+02  1.0000000000000000e+00
963    0.0000000000000000e+00 -2.0333333333333336e+01  1.5200000000000000e+02  1.0000000000000000e+00
964    0.0000000000000000e+00 -2.0777777777777779e+01  1.5200000000000000e+02  1.0000000000000000e+00
965    0.0000000000000000e+00 -2.1000000000000000e+01  1.5200000000000000e+02  1.0000000000000000e+00
966    1.8641362269829624e+00 -1.9000000000000000e+01  1.5200000000000000e+02  9.6094757082487314e-01
967    1.8859389898716521e+00 -1.9222222222222221e+01  1.5200000000000000e+02  9.6094757082487314e-01
968    1.9295445156490312e+00 -1.9666666666666671e+01  1.5200000000000000e+02  9.6094757082487314e-01
969    1.9949528043150997e+00 -2.0333333333333332e+01  1.5200000000000000e+02  9.6094757082487314e-01
970    2.0385583300924788e+00 -2.0777777777777779e+01  1.5200000000000000e+02  9.6094757082487314e-01
971    2.0603610929811684e+00 -2.1000000000000000e+01  1.5200000000000000e+02  9.6094757082487314e-01
972    5.7477485436690587e+00 -1.8436074406113576e+01  1.5200000000000000e+02  8.9846368414467004e-01
973    5.8149736728347792e+00 -1.8651701007354671e+01  1.5200000000000000e+02  8.9846368414467004e-01
974    5.9494239311662174e+00 -1.9082954209836856e+01  1.5199999999999997e+02  8.9846368414467026e-01
975    6.1510993186633769e+00 -1.9729834013560140e+01  1.5199999999999997e+02  8.9846368414467026e-01
976    6.2855495769948169e+00 -2.0161087216042333e+01  1.5200000000000000e+02  8.9846368414467004e-01
977    6.3527747061605382e+00 -2.0376713817283427e+01  1.5200000000000000e+02  8.9846368414467004e-01
978    1.1265546362339833e+01 -1.5727731153297622e+01  1.5200000000000003e+02  8.5160076913451777e-01
979    1.1397307138507550e+01 -1.5911681225266014e+01  1.5200000000000003e+02  8.5160076913451777e-01
980    1.1660828690842985e+01 -1.6279581369202795e+01  1.5200000000000000e+02  8.5160076913451788e-01
981    1.2056111019346135e+01 -1.6831431585107978e+01  1.5200000000000000e+02  8.5160076913451788e-01
982    1.2319632571681572e+01 -1.7199331729044765e+01  1.5200000000000003e+02  8.5160076913451777e-01
983    1.2451393347849288e+01 -1.7383281801013158e+01  1.5200000000000003e+02  8.5160076913451777e-01
984    1.5727731153297622e+01 -1.1265546362339828e+01  1.5200000000000000e+02  8.5160076913451777e-01
985    1.5911681225266014e+01 -1.1397307138507550e+01  1.5200000000000000e+02  8.5160076913451777e-01
986    1.6279581369202802e+01 -1.1660828690842981e+01  1.5200000000000000e+02  8.5160076913451788e-01
987    1.6831431585107978e+01 -1.2056111019346135e+01  1.5200000000000000e+02  8.5160076913451788e-01
988    1.7199331729044765e+01 -1.2319632571681568e+01  1.5200000000000000e+02  8.5160076913451777e-01
989    1.7383281801013155e+01 -1.2451393347849285e+01  1.5200000000000000e+02  8.5160076913451777e-01
990    1.8436074406113573e+01 -5.7477485436690543e+00  1.5200000000000000e+02  8.9846368414467004e-01
991    1.8651701007354671e+01 -5.8149736728347756e+00  1.5200000000000000e+02  8.9846368414467004e-01
992    1.9082954209836856e+01 -5.9494239311662138e+00  1.5199999999999994e+02  8.9846368414467026e-01
993    1.9729834013560140e+01 -6.1510993186633751e+00  1.5199999999999994e+02  8.9846368414467026e-01
994    2.0161087216042336e+01 -6.2855495769948151e+00  1.5200000000000000e+02  8.9846368414467004e-01
995    2.0376713817283427e+01 -6.3527747061605346e+00  1.5200000000000000e+02  8.9846368414467004e-01
996    1.9000000000000000e+01 -1.8641362269829616e+00  1.5199999999999997e+02  9.6094757082487314e-01
997    1.9222222222222221e+01 -1.8859389898716510e+00  1.5199999999999997e+02  9.6094757082487314e-01
998    1.9666666666666664e+01 -1.9295445156490303e+00  1.5199999999999997e+02  9.6094757082487314e-01
999    2.0333333333333332e+01 -1.9949528043150992e+00  1.5199999999999997e+02  9.6094757082487314e-01
1000   2.0777777777777775e+01 -2.0385583300924779e+00  1.5199999999999997e+02  9.6094757082487314e-01
1001   2.1000000000000000e+01 -2.0603610929811675e+00  1.5199999999999997e+02  9.6094757082487314e-01
1002   1.9000000000000000e+01  0.0000000000000000e+00  1.5200000000000000e+02  1.0000000000000000e+00
1003   1.9222222222222221e+01  0.0000000000000000e+00  1.5200000000000000e+02  1.0000000000000000e+00
1004   1.9666666666666671e+01  0.0000000000000000e+00  1.5200000000000000e+02  1.0000000000000000e+00
1005   2.0333333333333336e+01  0.0000000000000000e+00  1.5200000000000000e+02  1.0000000000000000e+00
1006   2.0777777777777779e+01  0.0000000000000000e+00  1.5200000000000000e+02  1.0000000000000000e+00
1007   2.1000000000000000e+01  0.0000000000000000e+00  1.5200000000000000e+02  1.0000000000000000e+00
1008   0.0000000000000000e+00 -1.9000000000000000e+01  1.6000000000000000e+02  1.0000000000000000e+00
1009   0.0000000000000000e+00 -1.9222222222222221e+01  1.6000000000000000e+02  1.0000000000000000e+00
1010   0.0000000000000000e+00 -1.9666666666666668e+01  1.6000000000000000e+02  1.0000000000000000e+00
1011   0.0000000000000000e+00 -2.0333333333333336e+01  1.6000000000000000e+02  1.0000000000000000e+00
1012   0.0000000000000000e+00 -2.0777777777777779e+01  1.6000000000000000e+02  1.0000000000000000e+00
1013   0.0000000000000000e+00 -2.1000000000000000e+01  1.6000000000000000e+02  1.0000000000000000e+00
1014   1.8641362269829624e+00 -1.9000000000000000e+01  1.5999999999999997e+02  9.6094757082487314e-01
1015   1.8859389898716521e+00 -1.9222222222222221e+01  1.5999999999999997e+02  9.6094757082487314e-01
1016   1.9295445156490312e+00 -1.9666666666666668e+01  1.5999999999999997e+02  9.6094757082487314e-01
1017   1.9949528043150997e+00 -2.0333333333333332e+01  1.5999999999999997e+02  9.6094757082487314e-01
1018   2.0385583300924788e+00 -2.0777777777777782e+01  1.5999999999999997e+02  9.6094757082487314e-01
1019   2.0603610929811684e+00 -2.1000000000000000e+01  1.5999999999999997e+02  9.6094757082487314e-01
1020   5.7477485436690587e+00 -1.8436074406113576e+01  1.6000000000000000e+02  8.9846368414467004e-01
1021   5.8149736728347801e+00 -1.8651701007354671e+01  1.6000000000000000e+02  8.9846368414467004e-01
1022   5.9494239311662174e+00 -1.9082954209836860e+01  1.6000000000000000e+02  8.9846368414467015e-01
1023   6.1510993186633778e+00 -1.9729834013560147e+01  1.6000000000000000e+02  8.9846368414467015e-01
1024   6.2855495769948169e+00 -2.0161087216042333e+01  1.6000000000000000e+02  8.9846368414467004e-01
1025   6.3527747061605382e+00 -2.0376713817283427e+01  1.6000000000000000e+02  8.9846368414467004e-01
1026   1.1265546362339833e+01 -1.5727731153297620e+01  1.5999999999999997e+02  8.5160076913451777e-01
1027   1.1397307138507550e+01 -1.5911681225266014e+01  1.5999999999999997e+02  8.5160076913451777e-01
1028   1.1660828690842987e+01 -1.6279581369202798e+01  1.5999999999999997e+02  8.5160076913451777e-01
1029   1.2056111019346137e+01 -1.6831431585107978e+01  1.5999999999999997e+02  8.5160076913451777e-01
1030   1.2319632571681568e+01 -1.7199331729044765e+01  1.5999999999999997e+02  8.5160076913451777e-01
1031   1.2451393347849288e+01 -1.7383281801013162e+01  1.5999999999999997e+02  8.5160076913451777e-01
1032   1.5727731153297622e+01 -1.1265546362339828e+01  1.5999999999999997e+02  8.5160076913451777e-01
1033   1.5911681225266014e+01 -1.1397307138507546e+01  1.5999999999999997e+02  8.5160076913451777e-01
1034   1.6279581369202802e+01 -1.1660828690842981e+01  1.5999999999999997e+02  8.5160076913451777e-01
1035   1.6831431585107978e+01 -1.2056111019346137e+01  1.5999999999999997e+02  8.5160076913451777e-01
1036   1.7199331729044765e+01 -1.2319632571681568e+01  1.5999999999999997e+02  8.5160076913451777e-01
1037   1.7383281801013155e+01 -1.2451393347849285e+01  1.5999999999999997e+02  8.5160076913451777e-01
1038   1.8436074406113573e+01 -5.7477485436690552e+00  1.6000000000000000e+02  8.9846368414467004e-01
1039   1.8651701007354671e+01 -5.8149736728347756e+00  1.6000000000000000e+02  8.9846368414467004e-01
1040   1.9082954209836860e+01 -5.9494239311662147e+00  1.6000000000000000e+02  8.9846368414467015e-01
1041   1.9729834013560147e+01 -6.1510993186633760e+00  1.6000000000000000e+02  8.9846368414467015e-01
1042   2.0161087216042336e+01 -6.2855495769948151e+00  1.6000000000000000e+02  8.9846368414467004e-01
1043   2.0376713817283427e+01 -6.3527747061605346e+00  1.6000000000000000e+02  8.9846368414467004e-01
1044   1.9000000000000000e+01 -1.8641362269829616e+00  1.5999999999999997e+02  9.6094757082487314e-01
1045   1.9222222222222221e+01 -1.8859389898716510e+00  1.5999999999999997e+02  9.6094757082487314e-01
1046   1.9666666666666664e+01 -1.9295445156490303e+00  1.5999999999999997e+02  9.6094757082487314e-01
1047   2.0333333333333332e+01 -1.9949528043150992e+00  1.5999999999999997e+02  9.6094757082487314e-01
1048   2.0777777777777775e+01 -2.0385583300924779e+00  1.5999999999999997e+02  9.6094757082487314e-01
1049   2.1000000000000000e+01 -2.0603610929811675e+00  1.5999999999999997e+02  9.6094757082487314e-01
1050   1.9000000000000000e+01  0.0000000000000000e+00  1.6000000000000000e+02  1.0000000000000000e+00
1051   1.9222222222222221e+01  0.0000000000000000e+00  1.6000000000000000e+02  1.0000000000000000e+00
1052   1.9666666666666668e+01  0.0000000000000000e+00  1.6000000000000000e+02  1.0000000000000000e+00
1053   2.0333333333333336e+01  0.0000000000000000e+00  1.6000000000000000e+02  1.0000000000000000e+00
1054   2.0777777777777779e+01  0.0000000000000000e+00  1.6000000000000000e+02  1.0000000000000000e+00
1055   2.1000000000000000e+01  0.0000000000000000e+00  1.6000000000000000e+02  1.0000000000000000e+00
1056   0.0000000000000000e+00 -1.9000000000000000e+01  1.6800000000000000e+02  1.0000000000000000e+00
1057   0.0000000000000000e+00 -1.9222222222222221e+01  1.6800000000000000e+02  1.0000000000000000e+00
1058   0.0000000000000000e+00 -1.9666666666666668e+01  1.6800000000000000e+02  1.0000000000000000e+00
1059   0.0000000000000000e+00 -2.0333333333333336e+01  1.6800000000000000e+02  1.0000000000000000e+00
1060   0.0000000000000000e+00 -2.0777777777777779e+01  1.6800000000000000e+02  1.0000000000000000e+00
1061   0.0000000000000000e+00 -2.1000000000000000e+01  1.6800000000000000e+02  1.0000000000000000e+00
1062   1.8641362269829622e+00 -1.9000000000000000e+01  1.6799999999999997e+02  9.6094757082487314e-01
1063   1.8859389898716521e+00 -1.9222222222222221e+01  1.6799999999999997e+02  9.6094757082487314e-01
1064   1.9295445156490312e+00 -1.9666666666666668e+01  1.6799999999999997e+02  9.6094757082487314e-01
1065   1.9949528043150997e+00 -2.0333333333333332e+01  1.6799999999999997e+02  9.6094757082487314e-01
1066   2.0385583300924788e+00 -2.0777777777777775e+01  1.6799999999999997e+02  9.6094757082487314e-01
1067   2.0603610929811684e+00 -2.1000000000000000e+01  1.6799999999999997e+02  9.6094757082487314e-01
1068   5.7477485436690587e+00 -1.8436074406113576e+01  1.6800000000000000e+02  8.9846368414467004e-01
1069   5.8149736728347792e+00 -1.8651701007354671e+01  1.6800000000000000e+02  8.9846368414467004e-01
1070   5.9494239311662174e+00 -1.9082954209836860e+01  1.6799999999999997e+02  8.9846368414467015e-01
1071   6.1510993186633778e+00 -1.9729834013560144e+01  1.6799999999999997e+02  8.9846368414467015e-01
1072   6.2855495769948169e+00 -2.0161087216042333e+01  1.6800000000000000e+02  8.9846368414467004e-01
1073   6.3527747061605373e+00 -2.0376713817283427e+01  1.6800000000000000e+02  8.9846368414467004e-01
1074   1.1265546362339833e+01 -1.5727731153297620e+01  1.6799999999999997e+02  8.5160076913451777e-01
1075   1.1397307138507550e+01 -1.5911681225266014e+01  1.6799999999999997e+02  8.5160076913451777e-01
1076   1.1660828690842981e+01 -1.6279581369202795e+01  1.6800000000000000e+02  8.5160076913451788e-01
1077   1.2056111019346135e+01 -1.6831431585107978e+01  1.6800000000000000e+02  8.5160076913451788e-01
1078   1.2319632571681572e+01 -1.7199331729044765e+01  1.6799999999999997e+02  8.5160076913451777e-01
1079   1.2451393347849288e+01 -1.7383281801013158e+01  1.6799999999999997e+02  8.5160076913451777e-01
1080   1.5727731153297622e+01 -1.1265546362339828e+01  1.6799999999999997e+02  8.5160076913451777e-01
1081   1.5911681225266014e+01 -1.1397307138507546e+01  1.6799999999999997e+02  8.5160076913451777e-01
1082   1.6279581369202802e+01 -1.1660828690842981e+01  1.6799999999999994e+02  8.5160076913451788e-01
1083   1.6831431585107978e+01 -1.2056111019346133e+01  1.6799999999999994e+02  8.5160076913451788e-01
1084   1.7199331729044765e+01 -1.2319632571681568e+01  1.6799999999999997e+02  8.5160076913451777e-01
1085   1.7383281801013155e+01 -1.2451393347849285e+01  1.6799999999999997e+02  8.5160076913451777e-01
1086   1.8436074406113573e+01 -5.7477485436690543e+00  1.6800000000000000e+02  8.9846368414467004e-01
1087   1.8651701007354671e+01 -5.8149736728347756e+00  1.6800000000000000e+02  8.9846368414467004e-01
1088   1.9082954209836860e+01 -5.9494239311662147e+00  1.6799999999999997e+02  8.9846368414467015e-01
1089   1.9729834013560144e+01 -6.1510993186633733e+00  1.6799999999999997e+02  8.9846368414467015e-01
1090   2.0161087216042333e+01 -6.2855495769948142e+00  1.6800000000000000e+02  8.9846368414467004e-01
1091   2.0376713817283424e+01 -6.3527747061605346e+00  1.6800000000000000e+02  8.9846368414467004e-01
1092   1.9000000000000000e+01 -1.8641362269829616e+00  1.6799999999999997e+02  9.6094757082487314e-01
1093   1.9222222222222221e+01 -1.8859389898716508e+00  1.6799999999999997e+02  9.6094757082487314e-01
1094   1.9666666666666664e+01 -1.9295445156490303e+00  1.6799999999999997e+02  9.6094757082487314e-01
1095   2.0333333333333332e+01 -1.9949528043150992e+00  1.6799999999999997e+02  9.6094757082487314e-01
1096   2.0777777777777775e+01 -2.0385583300924779e+00  1.6799999999999997e+02  9.6094757082487314e-01
1097   2.1000000000000000e+01 -2.0603610929811675e+00  1.6799999999999997e+02  9.6094757082487314e-01
1098   1.9000000000000000e+01  0.0000000000000000e+00  1.6800000000000000e+02  1.0000000000000000e+00
1099   1.9222222222222221e+01  0.0000000000000000e+00  1.6800000000000000e+02  1.0000000000000000e+00
1100   1.9666666666666668e+01  0.0000000000000000e+00  1.6800000000000000e+02  1.0000000000000000e+00
1101   2.0333333333333336e+01  0.0000000000000000e+00  1.6800000000000000e+02  1.0000000000000000e+00
1102   2.0777777777777779e+01  0.0000000000000000e+00  1.6800000000000000e+02  1.0000000000000000e+00
1103   2.1000000000000000e+01  0.0000000000000000e+00  1.6800000000000000e+02  1.0000000000000000e+00
1104   0.0000000000000000e+00 -1.9000000000000000e+01  1.7600000000000000e+02  1.0000000000000000e+00
1105   0.0000000000000000e+00 -1.9222222222222221e+01  1.7600000000000000e+02  1.0000000000000000e+00
1106   0.0000000000000000e+00 -1.9666666666666668e+01  1.7600000000000000e+02  1.0000000000000000e+00
1107   0.0000000000000000e+00 -2.0333333333333336e+01  1.7600000000000000e+02  1.0000000000000000e+00
1108   0.0000000000000000e+00 -2.0777777777777779e+01  1.7600000000000000e+02  1.0000000000000000e+00
1109   0.0000000000000000e+00 -2.1000000000000000e+01  1.7600000000000000e+02  1.0000000000000000e+00
1110   1.8641362269829624e+00 -1.9000000000000000e+01  1.7599999999999997e+02  9.6094757082487314e-01
1111   1.8859389898716521e+00 -1.9222222222222221e+01  1.7599999999999997e+02  9.6094757082487314e-01
1112   1.9295445156490312e+00 -1.9666666666666668e+01  1.7599999999999997e+02  9.6094757082487314e-01
1113   1.9949528043150997e+00 -2.0333333333333332e+01  1.7599999999999997e+02  9.6094757082487314e-01
1114   2.0385583300924788e+00 -2.0777777777777779e+01  1.7599999999999997e+02  9.6094757082487314e-01
1115   2.0603610929811684e+00 -2.1000000000000000e+01  1.7599999999999997e+02  9.6094757082487314e-01
1116   5.7477485436690587e+00 -1.8436074406113576e+01  1.7600000000000000e+02  8.9846368414467004e-01
1117   5.8149736728347792e+00 -1.8651701007354671e+01  1.7600000000000000e+02  8.9846368414467004e-01
1118   5.9494239311662174e+00 -1.9082954209836860e+01  1.7599999999999997e+02  8.9846368414467015e-01
1119   6.1510993186633778e+00 -1.9729834013560144e+01  1.7599999999999997e+02  8.9846368414467015e-01
1120   6.2855495769948169e+00 -2.0161087216042333e+01  1.7600000000000000e+02  8.9846368414467004e-01
1121   6.3527747061605373e+00 -2.0376713817283427e+01  1.7600000000000000e+02  8.9846368414467004e-01
1122   1.1265546362339833e+01 -1.5727731153297619e+01  1.7600000000000000e+02  8.5160076913451777e-01
1123   1.1397307138507550e+01 -1.5911681225266014e+01  1.7600000000000000e+02  8.5160076913451777e-01
1124   1.1660828690842985e+01 -1.6279581369202798e+01  1.7600000000000000e+02  8.5160076913451777e-01
1125   1.2056111019346137e+01 -1.6831431585107978e+01  1.7600000000000000e+02  8.5160076913451777e-01
1126   1.2319632571681572e+01 -1.7199331729044765e+01  1.7600000000000000e+02  8.5160076913451777e-01
1127   1.2451393347849288e+01 -1.7383281801013158e+01  1.7600000000000000e+02  8.5160076913451777e-01
1128   1.5727731153297622e+01 -1.1265546362339828e+01  1.7599999999999997e+02  8.5160076913451777e-01
1129   1.5911681225266014e+01 -1.1397307138507546e+01  1.7599999999999997e+02  8.5160076913451777e-01
1130   1.6279581369202802e+01 -1.1660828690842981e+01  1.7599999999999997e+02  8.5160076913451777e-01
1131   1.6831431585107978e+01 -1.2056111019346133e+01  1.7599999999999997e+02  8.5160076913451777e-01
1132   1.7199331729044765e+01 -1.2319632571681568e+01  1.7599999999999997e+02  8.5160076913451777e-01
1133   1.7383281801013155e+01 -1.2451393347849285e+01  1.7599999999999997e+02  8.5160076913451777e-01
1134   1.8436074406113573e+01 -5.7477485436690543e+00  1.7600000000000000e+02  8.9846368414467004e-01
1135   1.8651701007354671e+01 -5.8149736728347756e+00  1.7600000000000000e+02  8.9846368414467004e-01
1136   1.9082954209836860e+01 -5.9494239311662147e+00  1.7599999999999997e+02  8.9846368414467015e-01
1137   1.9729834013560144e+01 -6.1510993186633742e+00  1.7599999999999997e+02  8.9846368414467015e-01
1138   2.0161087216042333e+01 -6.2855495769948142e+00  1.7600000000000000e+02  8.9846368414467004e-01
1139   2.0376713817283424e+01 -6.3527747061605346e+00  1.7600000000000000e+02  8.9846368414467004e-01
1140   1.9000000000000000e+01 -1.8641362269829616e+00  1.7599999999999997e+02  9.6094757082487314e-01
1141   1.9222222222222221e+01 -1.8859389898716510e+00  1.7599999999999997e+02  9.6094757082487314e-01
1142   1.9666666666666664e+01 -1.9295445156490303e+00  1.7599999999999997e+02  9.6094757082487314e-01
1143   2.0333333333333332e+01 -1.9949528043150992e+00  1.7599999999999997e+02  9.6094757082487314e-01
1144   2.0777777777777775e+01 -2.0385583300924779e+00  1.7599999999999997e+02  9.6094757082487314e-01
1145   2.1000000000000000e+01 -2.0603610929811675e+00  1.7599999999999997e+02  9.6094757082487314e-01
1146   1.9000000000000000e+01  0.0000000000000000e+00  1.7600000000000000e+02  1.0000000000000000e+00
1147   1.9222222222222221e+01  0.0000000000000000e+00  1.7600000000000000e+02  1.0000000000000000e+00
1148   1.9666666666666668e+01  0.0000000000000000e+00  1.7600000000000000e+02  1.0000000000000000e+00
1149   2.0333333333333336e+01  0.0000000000000000e+00  1.7600000000000000e+02  1.0000000000000000e+00
1150   2.0777777777777779e+01  0.0000000000000000e+00  1.7600000000000000e+02  1.0000000000000000e+00
1151   2.1000000000000000e+01  0.0000000000000000e+00  1.7600000000000000e+02  1.0000000000000000e+00
1152   0.0000000000000000e+00 -1.9000000000000000e+01  1.8400000000000000e+02  9.9999999999999989e-01
1153   0.0000000000000000e+00 -1.9222222222222221e+01  1.8400000000000000e+02  9.9999999999999989e-01
1154   0.0000000000000000e+00 -1.9666666666666668e+01  1.8400000000000000e+02  9.9999999999999989e-01
1155   0.0000000000000000e+00 -2.0333333333333339e+01  1.8400000000000000e+02  9.9999999999999989e-01
1156   0.0000000000000000e+00 -2.0777777777777779e+01  1.8400000000000000e+02  9.9999999999999989e-01
1157   0.0000000000000000e+00 -2.1000000000000000e+01  1.8400000000000000e+02  9.9999999999999989e-01
1158   1.8641362269829624e+00 -1.9000000000000000e+01  1.8400000000000000e+02  9.6094757082487292e-01
1159   1.8859389898716523e+00 -1.9222222222222225e+01  1.8400000000000000e+02  9.6094757082487292e-01
1160   1.9295445156490314e+00 -1.9666666666666668e+01  1.8400000000000000e+02  9.6094757082487292e-01
1161   1.9949528043150999e+00 -2.0333333333333336e+01  1.8400000000000000e+02  9.6094757082487292e-01
1162   2.0385583300924788e+00 -2.0777777777777779e+01  1.8400000000000000e+02  9.6094757082487292e-01
1163   2.0603610929811684e+00 -2.1000000000000000e+01  1.8400000000000000e+02  9.6094757082487292e-01
1164   5.7477485436690596e+00 -1.8436074406113576e+01  1.8399999999999997e+02  8.9846368414466993e-01
1165   5.8149736728347783e+00 -1.8651701007354671e+01  1.8399999999999997e+02  8.9846368414466993e-01
1166   5.9494239311662191e+00 -1.9082954209836860e+01  1.8399999999999997e+02  8.9846368414466993e-01
1167   6.1510993186633796e+00 -1.9729834013560144e+01  1.8399999999999997e+02  8.9846368414466993e-01
1168   6.2855495769948169e+00 -2.0161087216042329e+01  1.8399999999999997e+02  8.9846368414466993e-01
1169   6.3527747061605382e+00 -2.0376713817283431e+01  1.8399999999999997e+02  8.9846368414466993e-01
1170   1.1265546362339833e+01 -1.5727731153297620e+01  1.8400000000000000e+02  8.5160076913451765e-01
1171   1.1397307138507548e+01 -1.5911681225266014e+01  1.8400000000000000e+02  8.5160076913451765e-01
1172   1.1660828690842983e+01 -1.6279581369202795e+01  1.8400000000000000e+02  8.5160076913451765e-01
1173   1.2056111019346137e+01 -1.6831431585107978e+01  1.8400000000000000e+02  8.5160076913451765e-01
1174   1.2319632571681570e+01 -1.7199331729044765e+01  1.8400000000000000e+02  8.5160076913451765e-01
1175   1.2451393347849287e+01 -1.7383281801013158e+01  1.8400000000000000e+02  8.5160076913451765e-01
1176   1.5727731153297622e+01 -1.1265546362339828e+01  1.8399999999999997e+02  8.5160076913451765e-01
1177   1.5911681225266015e+01 -1.1397307138507546e+01  1.8399999999999997e+02  8.5160076913451765e-01
1178   1.6279581369202802e+01 -1.1660828690842981e+01  1.8399999999999997e+02  8.5160076913451765e-01
1179   1.6831431585107978e+01 -1.2056111019346133e+01  1.8399999999999997e+02  8.5160076913451765e-01
1180   1.7199331729044765e+01 -1.2319632571681568e+01  1.8399999999999997e+02  8.5160076913451765e-01
1181   1.7383281801013155e+01 -1.2451393347849285e+01  1.8399999999999997e+02  8.5160076913451765e-01
1182   1.8436074406113576e+01 -5.7477485436690552e+00  1.8399999999999997e+02  8.9846368414466993e-01
1183   1.8651701007354671e+01 -5.8149736728347765e+00  1.8399999999999997e+02  8.9846368414466993e-01
1184   1.9082954209836860e+01 -5.9494239311662165e+00  1.8399999999999997e+02  8.9846368414466993e-01
1185   1.9729834013560144e+01 -6.1510993186633751e+00  1.8399999999999997e+02  8.9846368414466993e-01
1186   2.0161087216042329e+01 -6.2855495769948142e+00  1.8399999999999997e+02  8.9846368414466993e-01
1187   2.0376713817283424e+01 -6.3527747061605355e+00  1.8399999999999997e+02  8.9846368414466993e-01
1188   1.9000000000000000e+01 -1.8641362269829613e+00  1.8400000000000000e+02  9.6094757082487292e-01
1189   1.9222222222222225e+01 -1.8859389898716512e+00  1.8400000000000000e+02  9.6094757082487292e-01
1190   1.9666666666666668e+01 -1.9295445156490303e+00  1.8400000000000000e+02  9.6094757082487292e-01
1191   2.0333333333333336e+01 -1.9949528043150995e+00  1.8400000000000000e+02  9.6094757082487292e-01
1192   2.0777777777777775e+01 -2.0385583300924783e+00  1.8400000000000000e+02  9.6094757082487292e-01
1193   2.1000000000000000e+01 -2.0603610929811675e+00  1.8400000000000000e+02  9.6094757082487292e-01
1194   1.9000000000000000e+01  0.0000000000000000e+00  1.8400000000000000e+02  9.9999999999999989e-01
1195   1.9222222222222221e+01  0.0000000000000000e+00  1.8400000000000000e+02  9.9999999999999989e-01
1196   1.9666666666666668e+01  0.0000000000000000e+00  1.8400000000000000e+02  9.9999999999999989e-01
1197   2.0333333333333339e+01  0.0000000000000000e+00  1.8400000000000000e+02  9.9999999999999989e-01
1198   2.0777777777777779e+01  0.0000000000000000e+00  1.8400000000000000e+02  9.9999999999999989e-01
1199   2.1000000000000000e+01  0.0000000000000000e+00  1.8400000000000000e+02  9.9999999999999989e-01
1200   0.0000000000000000e+00 -1.9000000000000000e+01  1.9199999999999997e+02  1.0000000000000000e+00
1201   0.0000000000000000e+00 -1.9222222222222221e+01  1.9199999999999997e+02  1.0000000000000000e+00
1202   0.0000000000000000e+00 -1.9666666666666668e+01  1.9199999999999997e+02  1.0000000000000000e+00
1203   0.0000000000000000e+00 -2.0333333333333336e+01  1.9199999999999997e+02  1.0000000000000000e+00
1204   0.0000000000000000e+00 -2.0777777777777779e+01  1.9199999999999997e+02  1.0000000000000000e+00
1205   0.0000000000000000e+00 -2.1000000000000000e+01  1.9199999999999997e+02  1.0000000000000000e+00
1206   1.8641362269829624e+00 -1.9000000000000000e+01  1.9200000000000000e+02  9.6094757082487314e-01
1207   1.8859389898716521e+00 -1.9222222222222221e+01  1.9200000000000000e+02  9.6094757082487314e-01
1208   1.9295445156490312e+00 -1.9666666666666668e+01  1.9200000000000000e+02  9.6094757082487314e-01
1209   1.9949528043150997e+00 -2.0333333333333332e+01  1.9200000000000000e+02  9.6094757082487314e-01
1210   2.0385583300924788e+00 -2.0777777777777779e+01  1.9200000000000000e+02  9.6094757082487314e-01
1211   2.0603610929811684e+00 -2.1000000000000000e+01  1.9200000000000000e+02  9.6094757082487314e-01
1212   5.7477485436690587e+00 -1.8436074406113576e+01  1.9200000000000003e+02  8.9846368414467004e-01
1213   5.8149736728347783e+00 -1.8651701007354671e+01  1.9200000000000003e+02  8.9846368414467004e-01
1214   5.9494239311662183e+00 -1.9082954209836860e+01  1.9200000000000003e+02  8.9846368414467004e-01
1215   6.1510993186633787e+00 -1.9729834013560144e+01  1.9200000000000003e+02  8.9846368414467004e-01
1216   6.2855495769948169e+00 -2.0161087216042333e+01  1.9200000000000003e+02  8.9846368414467004e-01
1217   6.3527747061605382e+00 -2.0376713817283427e+01  1.9200000000000003e+02  8.9846368414467004e-01
1218   1.1265546362339833e+01 -1.5727731153297620e+01  1.9200000000000000e+02  8.5160076913451777e-01
1219   1.1397307138507550e+01 -1.5911681225266014e+01  1.9200000000000000e+02  8.5160076913451777e-01
1220   1.1660828690842981e+01 -1.6279581369202798e+01  1.9200000000000000e+02  8.5160076913451777e-01
1221   1.2056111019346137e+01 -1.6831431585107978e+01  1.9200000000000000e+02  8.5160076913451777e-01
1222   1.2319632571681572e+01 -1.7199331729044765e+01  1.9200000000000000e+02  8.5160076913451777e-01
1223   1.2451393347849288e+01 -1.7383281801013155e+01  1.9200000000000000e+02  8.5160076913451777e-01
1224   1.5727731153297624e+01 -1.1265546362339830e+01  1.9200000000000000e+02  8.5160076913451765e-01
1225   1.5911681225266014e+01 -1.1397307138507545e+01  1.9199999999999997e+02  8.5160076913451777e-01
1226   1.6279581369202802e+01 -1.1660828690842981e+01  1.9199999999999997e+02  8.5160076913451777e-01
1227   1.6831431585107978e+01 -1.2056111019346131e+01  1.9199999999999997e+02  8.5160076913451777e-01
1228   1.7199331729044765e+01 -1.2319632571681568e+01  1.9199999999999997e+02  8.5160076913451777e-01
1229   1.7383281801013158e+01 -1.2451393347849285e+01  1.9200000000000000e+02  8.5160076913451765e-01
1230   1.8436074406113573e+01 -5.7477485436690552e+00  1.9200000000000003e+02  8.9846368414467004e-01
1231   1.8651701007354671e+01 -5.8149736728347756e+00  1.9200000000000003e+02  8.9846368414467004e-01
1232   1.9082954209836860e+01 -5.9494239311662156e+00  1.9200000000000003e+02  8.9846368414467004e-01
1233   1.9729834013560144e+01 -6.1510993186633751e+00  1.9200000000000003e+02  8.9846368414467004e-01
1234   2.0161087216042333e+01 -6.2855495769948151e+00  1.9200000000000003e+02  8.9846368414467004e-01
1235   2.0376713817283424e+01 -6.3527747061605355e+00  1.9200000000000003e+02  8.9846368414467004e-01
1236   1.9000000000000000e+01 -1.8641362269829616e+00  1.9200000000000000e+02  9.6094757082487314e-01
1237   1.9222222222222221e+01 -1.8859389898716510e+00  1.9200000000000000e+02  9.6094757082487314e-01
1238   1.9666666666666664e+01 -1.9295445156490303e+00  1.9200000000000000e+02  9.6094757082487314e-01
1239   2.0333333333333332e+01 -1.9949528043150992e+00  1.9200000000000000e+02  9.6094757082487314e-01
1240   2.0777777777777775e+01 -2.0385583300924779e+00  1.9200000000000000e+02  9.6094757082487314e-01
1241   2.1000000000000000e+01 -2.0603610929811675e+00  1.9200000000000000e+02  9.6094757082487314e-01
1242   1.9000000000000000e+01  0.0000000000000000e+00  1.9199999999999997e+02  1.0000000000000000e+00
1243   1.9222222222222221e+01  0.0000000000000000e+00  1.9199999999999997e+02  1.0000000000000000e+00
1244   1.9666666666666668e+01  0.0000000000000000e+00  1.9199999999999997e+02  1.0000000000000000e+00
1245   2.0333333333333336e+01  0.0000000000000000e+00  1.9199999999999997e+02  1.0000000000000000e+00
1246   2.0777777777777779e+01  0.0000000000000000e+00  1.9199999999999997e+02  1.0000000000000000e+00
1247   2.1000000000000000e+01  0.0000000000000000e+00  1.9199999999999997e+02  1.0000000000000000e+00
1248   0.0000000000000000e+00 -1.9000000000000000e+01  1.9733333333333334e+02  1.0000000000000000e+00
1249   0.0000000000000000e+00 -1.9222222222222221e+01  1.9733333333333334e+02  1.0000000000000000e+00
1250   0.0000000000000000e+00 -1.9666666666666668e+01  1.9733333333333334e+02  1.0000000000000000e+00
1251   0.0000000000000000e+00 -2.0333333333333336e+01  1.9733333333333334e+02  1.0000000000000000e+00
1252   0.0000000000000000e+00 -2.0777777777777779e+01  1.9733333333333334e+02  1.0000000000000000e+00
1253   0.0000000000000000e+00 -2.1000000000000000e+01  1.9733333333333334e+02  1.0000000000000000e+00
1254   1.8641362269829624e+00 -1.9000000000000000e+01  1.9733333333333331e+02  9.6094757082487314e-01
1255   1.8859389898716521e+00 -1.9222222222222221e+01  1.9733333333333331e+02  9.6094757082487314e-01
1256   1.9295445156490312e+00 -1.9666666666666668e+01  1.9733333333333331e+02  9.6094757082487314e-01
1257   1.9949528043150997e+00 -2.0333333333333332e+01  1.9733333333333331e+02  9.6094757082487314e-01
1258   2.0385583300924788e+00 -2.0777777777777779e+01  1.9733333333333331e+02  9.6094757082487314e-01
1259   2.0603610929811684e+00 -2.1000000000000000e+01  1.9733333333333331e+02  9.6094757082487314e-01
1260   5.7477485436690587e+00 -1.8436074406113576e+01  1.9733333333333334e+02  8.9846368414467004e-01
1261   5.8149736728347801e+00 -1.8651701007354671e+01  1.9733333333333334e+02  8.9846368414467004e-01
1262   5.9494239311662183e+00 -1.9082954209836860e+01  1.9733333333333334e+02  8.9846368414467004e-01
1263   6.1510993186633787e+00 -1.9729834013560144e+01  1.9733333333333334e+02  8.9846368414467004e-01
1264   6.2855495769948169e+00 -2.0161087216042333e+01  1.9733333333333334e+02  8.9846368414467004e-01
1265   6.3527747061605382e+00 -2.0376713817283427e+01  1.9733333333333334e+02  8.9846368414467004e-01
1266   1.1265546362339835e+01 -1.5727731153297620e+01  1.9733333333333334e+02  8.5160076913451777e-01
1267   1.1397307138507550e+01 -1.5911681225266014e+01  1.9733333333333334e+02  8.5160076913451777e-01
1268   1.1660828690842985e+01 -1.6279581369202798e+01  1.9733333333333334e+02  8.5160076913451777e-01
1269   1.2056111019346137e+01 -1.6831431585107978e+01  1.9733333333333334e+02  8.5160076913451777e-01
1270   1.2319632571681572e+01 -1.7199331729044765e+01  1.9733333333333334e+02  8.5160076913451777e-01
1271   1.2451393347849288e+01 -1.7383281801013158e+01  1.9733333333333334e+02  8.5160076913451777e-01
1272   1.5727731153297624e+01 -1.1265546362339830e+01  1.9733333333333334e+02  8.5160076913451765e-01
1273   1.5911681225266014e+01 -1.1397307138507546e+01  1.9733333333333331e+02  8.5160076913451777e-01
1274   1.6279581369202802e+01 -1.1660828690842981e+01  1.9733333333333331e+02  8.5160076913451777e-01
1275   1.6831431585107978e+01 -1.2056111019346133e+01  1.9733333333333331e+02  8.5160076913451777e-01
1276   1.7199331729044765e+01 -1.2319632571681568e+01  1.9733333333333331e+02  8.5160076913451777e-01
1277   1.7383281801013158e+01 -1.2451393347849287e+01  1.9733333333333334e+02  8.5160076913451765e-01
1278   1.8436074406113573e+01 -5.7477485436690552e+00  1.9733333333333334e+02  8.9846368414467004e-01
1279   1.8651701007354671e+01 -5.8149736728347756e+00  1.9733333333333334e+02  8.9846368414467004e-01
1280   1.9082954209836860e+01 -5.9494239311662156e+00  1.9733333333333334e+02  8.9846368414467004e-01
1281   1.9729834013560144e+01 -6.1510993186633751e+00  1.9733333333333334e+02  8.9846368414467004e-01
1282   2.0161087216042333e+01 -6.2855495769948151e+00  1.9733333333333334e+02  8.9846368414467004e-01
1283   2.0376713817283424e+01 -6.3527747061605355e+00  1.9733333333333334e+02  8.9846368414467004e-01
1284   1.9000000000000000e+01 -1.8641362269829616e+00  1.9733333333333331e+02  9.6094757082487314e-01
1285   1.9222222222222221e+01 -1.8859389898716510e+00  1.9733333333333331e+02  9.6094757082487314e-01
1286   1.9666666666666664e+01 -1.9295445156490303e+00  1.9733333333333331e+02  9.6094757082487314e-01
1287   2.0333333333333332e+01 -1.9949528043150992e+00  1.9733333333333331e+02  9.6094757082487314e-01
1288   2.0777777777777775e+01 -2.0385583300924779e+00  1.9733333333333331e+02  9.6094757082487314e-01
1289   2.1000000000000000e+01 -2.0603610929811675e+00  1.9733333333333331e+02  9.6094757082487314e-01
1290   1.9000000000000000e+01  0.0000000000000000e+00  1.9733333333333334e+02  1.0000000000000000e+00
1291   1.9222222222222221e+01  0.0000000000000000e+00  1.9733333333333334e+02  1.0000000000000000e+00
1292   1.9666666666666668e+01  0.0000000000000000e+00  1.9733333333333334e+02  1.0000000000000000e+00
1293   2.0333333333333336e+01  0.0000000000000000e+00  1.9733333333333334e+02  1.0000000000000000e+00
1294   2.0777777777777779e+01  0.0000000000000000e+00  1.9733333333333334e+02  1.0000000000000000e+00
1295   2.1000000000000000e+01  0.0000000000000000e+00  1.9733333333333334e+02  1.0000000000000000e+00
1296   0.0000000000000000e+00 -1.9000000000000000e+01  2.0000000000000000e+02  1.0000000000000000e+00
1297   0.0000000000000000e+00 -1.9222222222222221e+01  2.0000000000000000e+02  1.0000000000000000e+00
1298   0.0000000000000000e+00 -1.9666666666666668e+01  2.0000000000000000e+02  1.0000000000000000e+00
1299   0.0000000000000000e+00 -2.0333333333333336e+01  2.0000000000000000e+02  1.0000000000000000e+00
1300   0.0000000000000000e+00 -2.0777777777777779e+01  2.0000000000000000e+02  1.0000000000000000e+00
1301   0.0000000000000000e+00 -2.1000000000000000e+01  2.0000000000000000e+02  1.0000000000000000e+00
1302   1.8641362269829624e+00 -1.9000000000000000e+01  1.9999999999999997e+02  9.6094757082487314e-01
1303   1.8859389898716521e+00 -1.9222222222222221e+01  1.9999999999999997e+02  9.6094757082487314e-01
1304   1.9295445156490312e+00 -1.9666666666666668e+01  1.9999999999999997e+02  9.6094757082487314e-01
1305   1.9949528043150997e+00 -2.0333333333333332e+01  1.9999999999999997e+02  9.6094757082487314e-01
1306   2.0385583300924788e+00 -2.0777777777777779e+01  1.9999999999999997e+02  9.6094757082487314e-01
1307   2.0603610929811684e+00 -2.1000000000000000e+01  1.9999999999999997e+02  9.6094757082487314e-01
1308   5.7477485436690587e+00 -1.8436074406113576e+01  2.0000000000000000e+02  8.9846368414467004e-01
1309   5.8149736728347792e+00 -1.8651701007354671e+01  2.0000000000000000e+02  8.9846368414467004e-01
1310   5.9494239311662183e+00 -1.9082954209836860e+01  2.0000000000000000e+02  8.9846368414467004e-01
1311   6.1510993186633787e+00 -1.9729834013560144e+01  2.0000000000000000e+02  8.9846368414467004e-01
1312   6.2855495769948169e+00 -2.0161087216042333e+01  2.0000000000000000e+02  8.9846368414467004e-01
1313   6.3527747061605382e+00 -2.0376713817283427e+01  2.0000000000000000e+02  8.9846368414467004e-01
1314   1.1265546362339835e+01 -1.5727731153297620e+01  2.0000000000000000e+02  8.5160076913451777e-01
1315   1.1397307138507550e+01 -1.5911681225266014e+01  2.0000000000000000e+02  8.5160076913451777e-01
1316   1.1660828690842985e+01 -1.6279581369202798e+01  2.0000000000000000e+02  8.5160076913451777e-01
1317   1.2056111019346137e+01 -1.6831431585107978e+01  2.0000000000000000e+02  8.5160076913451777e-01
1318   1.2319632571681572e+01 -1.7199331729044765e+01  2.0000000000000000e+02  8.5160076913451777e-01
1319   1.2451393347849288e+01 -1.7383281801013158e+01  2.0000000000000000e+02  8.5160076913451777e-01
1320   1.5727731153297624e+01 -1.1265546362339830e+01  2.0000000000000000e+02  8.5160076913451765e-01
1321   1.5911681225266014e+01 -1.1397307138507546e+01  1.9999999999999997e+02  8.5160076913451777e-01
1322   1.6279581369202802e+01 -1.1660828690842981e+01  1.9999999999999997e+02  8.5160076913451777e-01
1323   1.6831431585107978e+01 -1.2056111019346133e+01  1.9999999999999997e+02  8.5160076913451777e-01
1324   1.7199331729044765e+01 -1.2319632571681568e+01  1.9999999999999997e+02  8.5160076913451777e-01
1325   1.7383281801013158e+01 -1.2451393347849287e+01  2.0000000000000000e+02  8.5160076913451765e-01
1326   1.8436074406113573e+01 -5.7477485436690552e+00  2.0000000000000000e+02  8.9846368414467004e-01
1327   1.8651701007354671e+01 -5.8149736728347756e+00  2.0000000000000000e+02  8.9846368414467004e-01
1328   1.9082954209836860e+01 -5.9494239311662156e+00  2.0000000000000000e+02  8.9846368414467004e-01
1329   1.9729834013560144e+01 -6.1510993186633751e+00  2.0000000000000000e+02  8.9846368414467004e-01
1330   2.0161087216042333e+01 -6.2855495769948151e+00  2.0000000000000000e+02  8.9846368414467004e-01
1331   2.0376713817283424e+01 -6.3527747061605355e+00  2.0000000000000000e+02  8.9846368414467004e-01
1332   1.9000000000000000e+01 -1.8641362269829616e+00  1.9999999999999997e+02  9.6094757082487314e-01
1333   1.9222222222222221e+01 -1.8859389898716510e+00  1.9999999999999997e+02  9.6094757082487314e-01
1334   1.9666666666666664e+01 -1.9295445156490303e+00  1.9999999999999997e+02  9.6094757082487314e-01
1335   2.0333333333333332e+01 -1.9949528043150992e+00  1.9999999999999997e+02  9.6094757082487314e-01
1336   2.0777777777777775e+01 -2.0385583300924779e+00  1.9999999999999997e+02  9.6094757082487314e-01
1337   2.1000000000000000e+01 -2.0603610929811675e+00  1.9999999999999997e+02  9.6094757082487314e-01
1338   1.9000000000000000e+01  0.0000000000000000e+00  2.0000000000000000e+02  1.0000000000000000e+00
1339   1.9222222222222221e+01  0.0000000000000000e+00  2.0000000000000000e+02  1.0000000000000000e+00
1340   1.9666666666666668e+01  0.0000000000000000e+00  2.0000000000000000e+02  1.0000000000000000e+00
1341   2.0333333333333336e+01  0.0000000000000000e+00  2.0000000000000000e+02  1.0000000000000000e+00
1342   2.0777777777777779e+01  0.0000000000000000e+00  2.0000000000000000e+02  1.0000000000000000e+00
1343   2.1000000000000000e+01  0.0000000000000000e+00  2.0000000000000000e+02  1.0000000000000000e+00
1344   1.9000000000000000e+01  1.8641362269829624e+00  0.0000000000000000e+00  9.6094757082487314e-01
1345   1.9222222222222221e+01  1.8859389898716521e+00  0.0000000000000000e+00  9.6094757082487314e-01
1346   1.9666666666666668e+01  1.9295445156490312e+00  0.0000000000000000e+00  9.6094757082487314e-01
1347   2.0333333333333332e+01  1.9949528043150997e+00  0.0000000000000000e+00  9.6094757082487314e-01
1348   2.0777777777777779e+01  2.0385583300924788e+00  0.0000000000000000e+00  9.6094757082487314e-01
1349   2.1000000000000000e+01  2.0603610929811684e+00  0.0000000000000000e+00  9.6094757082487314e-01
1350   1.8436074406113576e+01  5.7477485436690587e+00  0.0000000000000000e+00  8.9846368414467004e-01
1351   1.8651701007354671e+01  5.8149736728347792e+00  0.0000000000000000e+00  8.9846368414467004e-01
1352   1.9082954209836860e+01  5.9494239311662183e+00  0.0000000000000000e+00  8.9846368414467004e-01
1353   1.9729834013560144e+01  6.1510993186633787e+00  0.0000000000000000e+00  8.9846368414467004e-01
1354   2.0161087216042333e+01  6.2855495769948169e+00  0.0000000000000000e+00  8.9846368414467004e-01
1355   2.0376713817283427e+01  6.3527747061605382e+00  0.0000000000000000e+00  8.9846368414467004e-01
1356   1.5727731153297620e+01  1.1265546362339835e+01  0.0000000000000000e+00  8.5160076913451777e-01
1357   1.5911681225266014e+01  1.1397307138507550e+01  0.0000000000000000e+00  8.5160076913451777e-01
1358   1.6279581369202798e+01  1.1660828690842985e+01  0.0000000000000000e+00  8.5160076913451777e-01
1359   1.6831431585107978e+01  1.2056111019346137e+01  0.0000000000000000e+00  8.5160076913451777e-01
1360   1.7199331729044765e+01  1.2319632571681572e+01  0.0000000000000000e+00  8.5160076913451777e-01
1361   1.7383281801013158e+01  1.2451393347849288e+01  0.0000000000000000e+00  8.5160076913451777e-01
1362   1.1265546362339830e+01  1.5727731153297624e+01  0.0000000000000000e+00  8.5160076913451765e-01
1363   1.1397307138507546e+01  1.5911681225266014e+01  0.0000000000000000e+00  8.5160076913451777e-01
1364   1.1660828690842981e+01  1.6279581369202802e+01  0.0000000000000000e+00  8.5160076913451777e-01
1365   1.2056111019346133e+01  1.6831431585107978e+01  0.0000000000000000e+00  8.5160076913451777e-01
1366   1.2319632571681568e+01  1.7199331729044765e+01  0.0000000000000000e+00  8.5160076913451777e-01
1367   1.2451393347849287e+01  1.7383281801013158e+01  0.0000000000000000e+00  8.5160076913451765e-01
1368   5.7477485436690552e+00  1.8436074406113573e+01  0.0000000000000000e+00  8.9846368414467004e-01
1369   5.8149736728347756e+00  1.8651701007354671e+01  0.0000000000000000e+00  8.9846368414467004e-01
1370   5.9494239311662156e+00  1.9082954209836860e+01  0.0000000000000000e+00  8.9846368414467004e-01
1371   6.1510993186633751e+00  1.9729834013560144e+01  0.0000000000000000e+00  8.9846368414467004e-01
1372   6.2855495769948151e+00  2.0161087216042333e+01  0.0000000000000000e+00  8.9846368414467004e-01
1373   6.3527747061605355e+00  2.0376713817283424e+01  0.0000000000000000e+00  8.9846368414467004e-01
1374   1.8641362269829616e+00  1.9000000000000000e+01  0.0000000000000000e+00  9.6094757082487314e-01
1375   1.8859389898716510e+00  1.9222222222222221e+01  0.0000000000000000e+00  9.6094757082487314e-01
1376   1.9295445156490303e+00  1.9666666666666664e+01  0.0000000000000000e+00  9.6094757082487314e-01
1377   1.9949528043150992e+00  2.0333333333333332e+01  0.0000000000000000e+00  9.6094757082487314e-01
1378   2.0385583300924779e+00  2.0777777777777775e+01  0.0000000000000000e+00  9.6094757082487314e-01
1379   2.0603610929811675e+00  2.1000000000000000e+01  0.0000000000000000e+00  9.6094757082487314e-01
1380   0.0000000000000000e+00  1.9000000000000000e+01  0.0000000000000000e+00  1.0000000000000000e+00
1381   0.0000000000000000e+00  1.9222222222222221e+01  0.0000000000000000e+00  1.0000000000000000e+00
1382   0.0000000000000000e+00  1.9666666666666668e+01  0.0000000000000000e+00  1.0000000000000000e+00
1383   0.0000000000000000e+00  2.0333333333333336e+01  0.0000000000000000e+00  1.0000000000000000e+00
1384   0.0000000000000000e+00  2.0777777777777779e+01  0.0000000000000000e+00  1.0000000000000000e+00
1385   0.0000000000000000e+00  2.1000000000000000e+01  0.0000000000000000e+00  1.0000000000000000e+00
1386   1.8999999999999996e+01  1.8641362269829624e+00  2.6666666666666674e+00  9.6094757082487314e-01
1387   1.9222222222222218e+01  1.8859389898716521e+00  2.6666666666666674e+00  9.6094757082487314e-01
1388   1.9666666666666668e+01  1.9295445156490312e+00  2.6666666666666674e+00  9.6094757082487314e-01
1389   2.0333333333333332e+01  1.9949528043150997e+00  2.6666666666666674e+00  9.6094757082487314e-01
1390   2.0777777777777779e+01  2.0385583300924783e+00  2.6666666666666674e+00  9.6094757082487314e-01
1391   2.1000000000000000e+01  2.0603610929811684e+00  2.6666666666666674e+00  9.6094757082487314e-01
1392   1.8436074406113576e+01  5.7477485436690587e+00  2.6666666666666670e+00  8.9846368414467004e-01
1393   1.8651701007354667e+01  5.8149736728347792e+00  2.6666666666666670e+00  8.9846368414467004e-01
1394   1.9082954209836860e+01  5.9494239311662183e+00  2.6666666666666670e+00  8.9846368414467004e-01
1395   1.9729834013560144e+01  6.1510993186633787e+00  2.6666666666666670e+00  8.9846368414467004e-01
1396   2.0161087216042333e+01  6.2855495769948169e+00  2.6666666666666670e+00  8.9846368414467004e-01
1397   2.0376713817283427e+01  6.3527747061605382e+00  2.6666666666666670e+00  8.9846368414467004e-01
1398   1.5727731153297622e+01  1.1265546362339837e+01  2.6666666666666674e+00  8.5160076913451765e-01
1399   1.5911681225266014e+01  1.1397307138507550e+01  2.6666666666666674e+00  8.5160076913451765e-01
1400   1.6279581369202802e+01  1.1660828690842985e+01  2.6666666666666674e+00  8.5160076913451765e-01
1401   1.6831431585107978e+01  1.2056111019346137e+01  2.6666666666666674e+00  8.5160076913451765e-01
1402   1.7199331729044765e+01  1.2319632571681570e+01  2.6666666666666674e+00  8.5160076913451765e-01
1403   1.7383281801013162e+01  1.2451393347849287e+01  2.6666666666666674e+00  8.5160076913451765e-01
1404   1.1265546362339832e+01  1.5727731153297626e+01  2.6666666666666679e+00  8.5160076913451754e-01
1405   1.1397307138507546e+01  1.5911681225266014e+01  2.6666666666666674e+00  8.5160076913451765e-01
1406   1.1660828690842983e+01  1.6279581369202806e+01  2.6666666666666674e+00  8.5160076913451765e-01
1407   1.2056111019346135e+01  1.6831431585107978e+01  2.6666666666666674e+00  8.5160076913451765e-01
1408   1.2319632571681568e+01  1.7199331729044765e+01  2.6666666666666674e+00  8.5160076913451765e-01
1409   1.2451393347849288e+01  1.7383281801013162e+01  2.6666666666666679e+00  8.5160076913451754e-01
1410   5.7477485436690552e+00  1.8436074406113573e+01  2.6666666666666670e+00  8.9846368414467004e-01
1411   5.8149736728347756e+00  1.8651701007354667e+01  2.6666666666666670e+00  8.9846368414467004e-01
1412   5.9494239311662147e+00  1.9082954209836860e+01  2.6666666666666665e+00  8.9846368414467004e-01
1413   6.1510993186633751e+00  1.9729834013560144e+01  2.6666666666666665e+00  8.9846368414467004e-01
1414   6.2855495769948151e+00  2.0161087216042333e+01  2.6666666666666670e+00  8.9846368414467004e-01
1415   6.3527747061605355e+00  2.0376713817283424e+01  2.6666666666666670e+00  8.9846368414467004e-01
1416   1.8641362269829613e+00  1.8999999999999996e+01  2.6666666666666670e+00  9.6094757082487314e-01
1417   1.8859389898716510e+00  1.9222222222222218e+01  2.6666666666666670e+00  9.6094757082487314e-01
1418   1.9295445156490303e+00  1.9666666666666664e+01  2.6666666666666670e+00  9.6094757082487314e-01
1419   1.9949528043150992e+00  2.0333333333333332e+01  2.6666666666666670e+00  9.6094757082487314e-01
1420   2.0385583300924779e+00  2.0777777777777775e+01  2.6666666666666670e+00  9.6094757082487314e-01
1421   2.0603610929811675e+00  2.1000000000000000e+01  2.6666666666666670e+00  9.6094757082487314e-01
1422   0.0000000000000000e+00  1.9000000000000000e+01  2.6666666666666670e+00  1.0000000000000000e+00
1423   0.0000000000000000e+00  1.9222222222222221e+01  2.6666666666666670e+00  1.0000000000000000e+00
1424   0.0000000000000000e+00  1.9666666666666664e+01  2.6666666666666670e+00  1.0000000000000000e+00
1425   0.0000000000000000e+00  2.0333333333333336e+01  2.6666666666666670e+00  1.0000000000000000e+00
1426   0.0000000000000000e+00  2.0777777777777775e+01  2.6666666666666670e+00  1.0000000000000000e+00
1427   0.0000000000000000e+00  2.1000000000000000e+01  2.6666666666666670e+00  1.0000000000000000e+00
1428   1.9000000000000000e+01  1.8641362269829624e+00  8.0000000000000018e+00  9.6094757082487314e-01
1429   1.9222222222222221e+01  1.8859389898716519e+00  8.0000000000000018e+00  9.6094757082487314e-01
1430   1.9666666666666668e+01  1.9295445156490312e+00  8.0000000000000018e+00  9.6094757082487314e-01
1431   2.0333333333333332e+01  1.9949528043150997e+00  8.0000000000000018e+00  9.6094757082487314e-01
1432   2.0777777777777775e+01  2.0385583300924783e+00  8.0000000000000018e+00  9.6094757082487314e-01
1433   2.1000000000000000e+01  2.0603610929811684e+00  8.0000000000000018e+00  9.6094757082487314e-01
1434   1.8436074406113576e+01  5.7477485436690587e+00  8.0000000000000000e+00  8.9846368414467004e-01
1435   1.8651701007354671e+01  5.8149736728347783e+00  8.0000000000000000e+00  8.9846368414467004e-01
1436   1.9082954209836860e+01  5.9494239311662183e+00  8.0000000000000018e+00  8.9846368414467004e-01
1437   1.9729834013560144e+01  6.1510993186633787e+00  8.0000000000000018e+00  8.9846368414467004e-01
1438   2.0161087216042333e+01  6.2855495769948169e+00  8.0000000000000000e+00  8.9846368414467004e-01
1439   2.0376713817283427e+01  6.3527747061605382e+00  8.0000000000000000e+00  8.9846368414467004e-01
1440   1.5727731153297622e+01  1.1265546362339835e+01  8.0000000000000000e+00  8.5160076913451777e-01
1441   1.5911681225266012e+01  1.1397307138507550e+01  8.0000000000000000e+00  8.5160076913451777e-01
1442   1.6279581369202798e+01  1.1660828690842981e+01  8.0000000000000000e+00  8.5160076913451777e-01
1443   1.6831431585107978e+01  1.2056111019346137e+01  8.0000000000000000e+00  8.5160076913451777e-01
1444   1.7199331729044765e+01  1.2319632571681572e+01  8.0000000000000000e+00  8.5160076913451777e-01
1445   1.7383281801013158e+01  1.2451393347849285e+01  8.0000000000000000e+00  8.5160076913451777e-01
1446   1.1265546362339830e+01  1.5727731153297624e+01  8.0000000000000018e+00  8.5160076913451765e-01
1447   1.1397307138507546e+01  1.5911681225266012e+01  8.0000000000000000e+00  8.5160076913451777e-01
1448   1.1660828690842981e+01  1.6279581369202802e+01  8.0000000000000000e+00  8.5160076913451777e-01
1449   1.2056111019346133e+01  1.6831431585107978e+01  8.0000000000000000e+00  8.5160076913451777e-01
1450   1.2319632571681568e+01  1.7199331729044765e+01  8.0000000000000000e+00  8.5160076913451777e-01
1451   1.2451393347849285e+01  1.7383281801013162e+01  8.0000000000000018e+00  8.5160076913451765e-01
1452   5.7477485436690552e+00  1.8436074406113573e+01  8.0000000000000000e+00  8.9846368414467004e-01
1453   5.8149736728347756e+00  1.8651701007354671e+01  8.0000000000000000e+00  8.9846368414467004e-01
1454   5.9494239311662156e+00  1.9082954209836860e+01  7.9999999999999991e+00  8.9846368414467004e-01
1455   6.1510993186633751e+00  1.9729834013560144e+01  7.9999999999999991e+00  8.9846368414467004e-01
1456   6.2855495769948151e+00  2.0161087216042336e+01  8.0000000000000000e+00  8.9846368414467004e-01
1457   6.3527747061605355e+00  2.0376713817283424e+01  8.0000000000000000e+00  8.9846368414467004e-01
1458   1.8641362269829613e+00  1.9000000000000000e+01  7.9999999999999991e+00  9.6094757082487314e-01
1459   1.8859389898716510e+00  1.9222222222222221e+01  7.9999999999999991e+00  9.6094757082487314e-01
1460   1.9295445156490303e+00  1.9666666666666664e+01  7.9999999999999991e+00  9.6094757082487314e-01
1461   1.9949528043150992e+00  2.0333333333333332e+01  7.9999999999999991e+00  9.6094757082487314e-01
1462   2.0385583300924779e+00  2.0777777777777775e+01  7.9999999999999991e+00  9.6094757082487314e-01
1463   2.0603610929811675e+00  2.1000000000000000e+01  7.9999999999999991e+00  9.6094757082487314e-01
1464   0.0000000000000000e+00  1.9000000000000000e+01  8.0000000000000000e+00  1.0000000000000000e+00
1465   0.0000000000000000e+00  1.9222222222222221e+01  8.0000000000000000e+00  1.0000000000000000e+00
1466   0.0000000000000000e+00  1.9666666666666668e+01  8.0000000000000000e+00  1.0000000000000000e+00
1467   0.0000000000000000e+00  2.0333333333333336e+01  8.0000000000000000e+00  1.0000000000000000e+00
1468   0.0000000000000000e+00  2.0777777777777775e+01  8.0000000000000000e+00  1.0000000000000000e+00
1469   0.0000000000000000e+00  2.1000000000000000e+01  8.0000000000000000e+00  1.0000000000000000e+00
1470   1.9000000000000004e+01  1.8641362269829629e+00  1.6000000000000004e+01  9.6094757082487303e-01
1471   1.9222222222222225e+01  1.8859389898716523e+00  1.6000000000000004e+01  9.6094757082487303e-01
1472   1.9666666666666671e+01  1.9295445156490314e+00  1.6000000000000004e+01  9.6094757082487303e-01
1473   2.0333333333333336e+01  1.9949528043150999e+00  1.6000000000000004e+01  9.6094757082487303e-01
1474   2.0777777777777786e+01  2.0385583300924788e+00  1.6000000000000004e+01  9.6094757082487303e-01
1475   2.1000000000000000e+01  2.0603610929811689e+00  1.6000000000000004e+01  9.6094757082487303e-01
1476   1.8436074406113576e+01  5.7477485436690587e+00  1.6000000000000000e+01  8.9846368414467004e-01
1477   1.8651701007354667e+01  5.8149736728347792e+00  1.6000000000000000e+01  8.9846368414467004e-01
1478   1.9082954209836867e+01  5.9494239311662191e+00  1.6000000000000000e+01  8.9846368414467004e-01
1479   1.9729834013560144e+01  6.1510993186633787e+00  1.6000000000000000e+01  8.9846368414467004e-01
1480   2.0161087216042333e+01  6.2855495769948178e+00  1.6000000000000000e+01  8.9846368414467004e-01
1481   2.0376713817283427e+01  6.3527747061605373e+00  1.6000000000000000e+01  8.9846368414467004e-01
1482   1.5727731153297620e+01  1.1265546362339835e+01  1.5999999999999998e+01  8.5160076913451777e-01
1483   1.5911681225266014e+01  1.1397307138507550e+01  1.5999999999999998e+01  8.5160076913451777e-01
1484   1.6279581369202795e+01  1.1660828690842985e+01  1.5999999999999998e+01  8.5160076913451777e-01
1485   1.6831431585107978e+01  1.2056111019346138e+01  1.5999999999999998e+01  8.5160076913451777e-01
1486   1.7199331729044765e+01  1.2319632571681572e+01  1.5999999999999998e+01  8.5160076913451777e-01
1487   1.7383281801013158e+01  1.2451393347849288e+01  1.5999999999999998e+01  8.5160076913451777e-01
1488   1.1265546362339828e+01  1.5727731153297624e+01  1.6000000000000000e+01  8.5160076913451765e-01
1489   1.1397307138507545e+01  1.5911681225266014e+01  1.5999999999999998e+01  8.5160076913451777e-01
1490   1.1660828690842981e+01  1.6279581369202802e+01  1.5999999999999998e+01  8.5160076913451777e-01
1491   1.2056111019346137e+01  1.6831431585107978e+01  1.5999999999999998e+01  8.5160076913451777e-01
1492   1.2319632571681568e+01  1.7199331729044765e+01  1.5999999999999998e+01  8.5160076913451777e-01
1493   1.2451393347849287e+01  1.7383281801013162e+01  1.6000000000000000e+01  8.5160076913451765e-01
1494   5.7477485436690543e+00  1.8436074406113573e+01  1.6000000000000000e+01  8.9846368414467004e-01
1495   5.8149736728347747e+00  1.8651701007354667e+01  1.6000000000000000e+01  8.9846368414467004e-01
1496   5.9494239311662156e+00  1.9082954209836867e+01  1.5999999999999998e+01  8.9846368414467004e-01
1497   6.1510993186633751e+00  1.9729834013560144e+01  1.5999999999999998e+01  8.9846368414467004e-01
1498   6.2855495769948151e+00  2.0161087216042333e+01  1.6000000000000000e+01  8.9846368414467004e-01
1499   6.3527747061605355e+00  2.0376713817283427e+01  1.6000000000000000e+01  8.9846368414467004e-01
1500   1.8641362269829618e+00  1.9000000000000004e+01  1.5999999999999998e+01  9.6094757082487303e-01
1501   1.8859389898716510e+00  1.9222222222222225e+01  1.5999999999999998e+01  9.6094757082487303e-01
1502   1.9295445156490305e+00  1.9666666666666668e+01  1.5999999999999998e+01  9.6094757082487303e-01
1503   1.9949528043150995e+00  2.0333333333333336e+01  1.5999999999999998e+01  9.6094757082487303e-01
1504   2.0385583300924783e+00  2.0777777777777779e+01  1.5999999999999998e+01  9.6094757082487303e-01
1505   2.0603610929811680e+00  2.1000000000000000e+01  1.5999999999999998e+01  9.6094757082487303e-01
1506   0.0000000000000000e+00  1.9000000000000000e+01  1.5999999999999998e+01  1.0000000000000000e+00
1507   0.0000000000000000e+00  1.9222222222222221e+01  1.5999999999999998e+01  1.0000000000000000e+00
1508   0.0000000000000000e+00  1.9666666666666668e+01  1.5999999999999998e+01  1.0000000000000000e+00
1509   0.0000000000000000e+00  2.0333333333333339e+01  1.5999999999999998e+01  1.0000000000000000e+00
1510   0.0000000000000000e+00  2.0777777777777775e+01  1.5999999999999998e+01  1.0000000000000000e+00
1511   0.0000000000000000e+00  2.1000000000000000e+01  1.5999999999999998e+01  1.0000000000000000e+00
1512   1.9000000000000000e+01  1.8641362269829627e+00  2.4000000000000007e+01  9.6094757082487303e-01
1513   1.9222222222222225e+01  1.8859389898716528e+00  2.4000000000000007e+01  9.6094757082487303e-01
1514   1.9666666666666668e+01  1.9295445156490312e+00  2.4000000000000007e+01  9.6094757082487303e-01
1515   2.0333333333333332e+01  1.9949528043150999e+00  2.4000000000000007e+01  9.6094757082487303e-01
1516   2.0777777777777782e+01  2.0385583300924792e+00  2.4000000000000007e+01  9.6094757082487303e-01
1517   2.1000000000000004e+01  2.0603610929811689e+00  2.4000000000000007e+01  9.6094757082487303e-01
1518   1.8436074406113576e+01  5.7477485436690587e+00  2.3999999999999996e+01  8.9846368414467004e-01
1519   1.8651701007354671e+01  5.8149736728347792e+00  2.3999999999999996e+01  8.9846368414467004e-01
1520   1.9082954209836860e+01  5.9494239311662174e+00  2.4000000000000000e+01  8.9846368414467015e-01
1521   1.9729834013560144e+01  6.1510993186633778e+00  2.4000000000000000e+01  8.9846368414467015e-01
1522   2.0161087216042333e+01  6.2855495769948178e+00  2.3999999999999996e+01  8.9846368414467004e-01
1523   2.0376713817283427e+01  6.3527747061605364e+00  2.3999999999999996e+01  8.9846368414467004e-01
1524   1.5727731153297619e+01  1.1265546362339835e+01  2.4000000000000000e+01  8.5160076913451777e-01
1525   1.5911681225266015e+01  1.1397307138507550e+01  2.4000000000000000e+01  8.5160076913451777e-01
1526   1.6279581369202795e+01  1.1660828690842983e+01  2.3999999999999996e+01  8.5160076913451788e-01
1527   1.6831431585107975e+01  1.2056111019346135e+01  2.3999999999999996e+01  8.5160076913451788e-01
1528   1.7199331729044765e+01  1.2319632571681568e+01  2.4000000000000000e+01  8.5160076913451777e-01
1529   1.7383281801013155e+01  1.2451393347849288e+01  2.4000000000000000e+01  8.5160076913451777e-01
1530   1.1265546362339830e+01  1.5727731153297622e+01  2.4000000000000000e+01  8.5160076913451777e-01
1531   1.1397307138507546e+01  1.5911681225266015e+01  2.4000000000000000e+01  8.5160076913451777e-01
1532   1.1660828690842981e+01  1.6279581369202802e+01  2.3999999999999996e+01  8.5160076913451788e-01
1533   1.2056111019346133e+01  1.6831431585107975e+01  2.3999999999999996e+01  8.5160076913451788e-01
1534   1.2319632571681566e+01  1.7199331729044765e+01  2.4000000000000000e+01  8.5160076913451777e-01
1535   1.2451393347849285e+01  1.7383281801013155e+01  2.4000000000000000e+01  8.5160076913451777e-01
1536   5.7477485436690543e+00  1.8436074406113569e+01  2.3999999999999996e+01  8.9846368414467004e-01
1537   5.8149736728347747e+00  1.8651701007354671e+01  2.3999999999999996e+01  8.9846368414467004e-01
1538   5.9494239311662147e+00  1.9082954209836860e+01  2.3999999999999989e+01  8.9846368414467015e-01
1539   6.1510993186633742e+00  1.9729834013560144e+01  2.3999999999999989e+01  8.9846368414467015e-01
1540   6.2855495769948142e+00  2.0161087216042336e+01  2.3999999999999996e+01  8.9846368414467004e-01
1541   6.3527747061605346e+00  2.0376713817283420e+01  2.3999999999999996e+01  8.9846368414467004e-01
1542   1.8641362269829616e+00  1.9000000000000000e+01  2.4000000000000000e+01  9.6094757082487303e-01
1543   1.8859389898716512e+00  1.9222222222222225e+01  2.4000000000000000e+01  9.6094757082487303e-01
1544   1.9295445156490305e+00  1.9666666666666664e+01  2.4000000000000000e+01  9.6094757082487303e-01
1545   1.9949528043150995e+00  2.0333333333333332e+01  2.4000000000000000e+01  9.6094757082487303e-01
1546   2.0385583300924779e+00  2.0777777777777782e+01  2.4000000000000000e+01  9.6094757082487303e-01
1547   2.0603610929811680e+00  2.1000000000000004e+01  2.4000000000000000e+01  9.6094757082487303e-01
1548   0.0000000000000000e+00  1.9000000000000000e+01  2.4000000000000000e+01  1.0000000000000000e+00
1549   0.0000000000000000e+00  1.9222222222222218e+01  2.4000000000000000e+01  1.0000000000000000e+00
1550   0.0000000000000000e+00  1.9666666666666668e+01  2.4000000000000000e+01  1.0000000000000000e+00
1551   0.0000000000000000e+00  2.0333333333333336e+01  2.4000000000000000e+01  1.0000000000000000e+00
1552   0.0000000000000000e+00  2.0777777777777779e+01  2.4000000000000000e+01  1.0000000000000000e+00
1553   0.0000000000000000e+00  2.1000000000000000e+01  2.4000000000000000e+01  1.0000000000000000e+00
1554   1.9000000000000004e+01  1.8641362269829624e+00  3.2000000000000007e+01  9.6094757082487303e-01
1555   1.9222222222222225e+01  1.8859389898716523e+00  3.2000000000000007e+01  9.6094757082487303e-01
1556   1.9666666666666664e+01  1.9295445156490312e+00  3.2000000000000007e+01  9.6094757082487303e-01
1557   2.0333333333333336e+01  1.9949528043150999e+00  3.2000000000000007e+01  9.6094757082487303e-01
1558   2.0777777777777782e+01  2.0385583300924792e+00  3.2000000000000007e+01  9.6094757082487303e-01
1559   2.1000000000000004e+01  2.0603610929811689e+00  3.2000000000000007e+01  9.6094757082487303e-01
1560   1.8436074406113576e+01  5.7477485436690596e+00  3.2000000000000000e+01  8.9846368414467004e-01
1561   1.8651701007354671e+01  5.8149736728347792e+00  3.2000000000000000e+01  8.9846368414467004e-01
1562   1.9082954209836860e+01  5.9494239311662165e+00  3.1999999999999993e+01  8.9846368414467015e-01
1563   1.9729834013560144e+01  6.1510993186633778e+00  3.1999999999999993e+01  8.9846368414467015e-01
1564   2.0161087216042333e+01  6.2855495769948160e+00  3.2000000000000000e+01  8.9846368414467004e-01
1565   2.0376713817283424e+01  6.3527747061605373e+00  3.2000000000000000e+01  8.9846368414467004e-01
1566   1.5727731153297620e+01  1.1265546362339833e+01  3.2000000000000000e+01  8.5160076913451777e-01
1567   1.5911681225266014e+01  1.1397307138507552e+01  3.2000000000000000e+01  8.5160076913451777e-01
1568   1.6279581369202798e+01  1.1660828690842981e+01  3.2000000000000007e+01  8.5160076913451777e-01
1569   1.6831431585107978e+01  1.2056111019346137e+01  3.2000000000000007e+01  8.5160076913451777e-01
1570   1.7199331729044761e+01  1.2319632571681568e+01  3.2000000000000000e+01  8.5160076913451777e-01
1571   1.7383281801013155e+01  1.2451393347849288e+01  3.2000000000000000e+01  8.5160076913451777e-01
1572   1.1265546362339828e+01  1.5727731153297622e+01  3.2000000000000007e+01  8.5160076913451765e-01
1573   1.1397307138507546e+01  1.5911681225266014e+01  3.2000000000000000e+01  8.5160076913451777e-01
1574   1.1660828690842981e+01  1.6279581369202806e+01  3.2000000000000007e+01  8.5160076913451777e-01
1575   1.2056111019346137e+01  1.6831431585107978e+01  3.2000000000000007e+01  8.5160076913451777e-01
1576   1.2319632571681566e+01  1.7199331729044761e+01  3.2000000000000000e+01  8.5160076913451777e-01
1577   1.2451393347849285e+01  1.7383281801013158e+01  3.2000000000000007e+01  8.5160076913451765e-01
1578   5.7477485436690534e+00  1.8436074406113573e+01  3.2000000000000000e+01  8.9846368414467004e-01
1579   5.8149736728347747e+00  1.8651701007354671e+01  3.2000000000000000e+01  8.9846368414467004e-01
1580   5.9494239311662147e+00  1.9082954209836860e+01  3.1999999999999993e+01  8.9846368414467015e-01
1581   6.1510993186633733e+00  1.9729834013560144e+01  3.1999999999999993e+01  8.9846368414467015e-01
1582   6.2855495769948142e+00  2.0161087216042336e+01  3.2000000000000000e+01  8.9846368414467004e-01
1583   6.3527747061605346e+00  2.0376713817283424e+01  3.2000000000000000e+01  8.9846368414467004e-01
1584   1.8641362269829616e+00  1.9000000000000004e+01  3.2000000000000000e+01  9.6094757082487303e-01
1585   1.8859389898716508e+00  1.9222222222222225e+01  3.2000000000000000e+01  9.6094757082487303e-01
1586   1.9295445156490305e+00  1.9666666666666664e+01  3.2000000000000000e+01  9.6094757082487303e-01
1587   1.9949528043150995e+00  2.0333333333333336e+01  3.2000000000000000e+01  9.6094757082487303e-01
1588   2.0385583300924779e+00  2.0777777777777779e+01  3.2000000000000000e+01  9.6094757082487303e-01
1589   2.0603610929811680e+00  2.1000000000000004e+01  3.2000000000000000e+01  9.6094757082487303e-01
1590   0.0000000000000000e+00  1.9000000000000004e+01  3.2000000000000007e+01  9.9999999999999989e-01
1591   0.0000000000000000e+00  1.9222222222222225e+01  3.2000000000000007e+01  9.9999999999999989e-01
1592   0.0000000000000000e+00  1.9666666666666675e+01  3.2000000000000007e+01  9.9999999999999989e-01
1593   0.0000000000000000e+00  2.0333333333333339e+01  3.2000000000000007e+01  9.9999999999999989e-01
1594   0.0000000000000000e+00  2.0777777777777782e+01  3.2000000000000007e+01  9.9999999999999989e-01
1595   0.0000000000000000e+00  2.1000000000000000e+01  3.2000000000000007e+01  9.9999999999999989e-01
1596   1.9000000000000004e+01  1.8641362269829627e+00  4.0000000000000007e+01  9.6094757082487314e-01
1597   1.9222222222222221e+01  1.8859389898716523e+00  4.0000000000000007e+01  9.6094757082487314e-01
1598   1.9666666666666671e+01  1.9295445156490314e+00  4.0000000000000007e+01  9.6094757082487314e-01
1599   2.0333333333333332e+01  1.9949528043150999e+00  4.0000000000000007e+01  9.6094757082487314e-01
1600   2.0777777777777779e+01  2.0385583300924788e+00  4.0000000000000007e+01  9.6094757082487314e-01
1601   2.1000000000000004e+01  2.0603610929811684e+00  4.0000000000000007e+01  9.6094757082487314e-01
1602   1.8436074406113580e+01  5.7477485436690587e+00  4.0000000000000000e+01  8.9846368414467015e-01
1603   1.8651701007354667e+01  5.8149736728347792e+00  4.0000000000000000e+01  8.9846368414467015e-01
1604   1.9082954209836860e+01  5.9494239311662174e+00  3.9999999999999993e+01  8.9846368414467026e-01
1605   1.9729834013560140e+01  6.1510993186633778e+00  3.9999999999999993e+01  8.9846368414467026e-01
1606   2.0161087216042329e+01  6.2855495769948169e+00  4.0000000000000000e+01  8.9846368414467015e-01
1607   2.0376713817283431e+01  6.3527747061605373e+00  4.0000000000000000e+01  8.9846368414467015e-01
1608   1.5727731153297620e+01  1.1265546362339835e+01  4.0000000000000000e+01  8.5160076913451788e-01
1609   1.5911681225266012e+01  1.1397307138507548e+01  4.0000000000000000e+01  8.5160076913451788e-01
1610   1.6279581369202798e+01  1.1660828690842983e+01  4.0000000000000000e+01  8.5160076913451788e-01
1611   1.6831431585107978e+01  1.2056111019346135e+01  4.0000000000000000e+01  8.5160076913451788e-01
1612   1.7199331729044765e+01  1.2319632571681570e+01  4.0000000000000000e+01  8.5160076913451788e-01
1613   1.7383281801013158e+01  1.2451393347849287e+01  4.0000000000000000e+01  8.5160076913451788e-01
1614   1.1265546362339828e+01  1.5727731153297624e+01  4.0000000000000007e+01  8.5160076913451777e-01
1615   1.1397307138507546e+01  1.5911681225266012e+01  4.0000000000000000e+01  8.5160076913451788e-01
1616   1.1660828690842981e+01  1.6279581369202802e+01  4.0000000000000000e+01  8.5160076913451788e-01
1617   1.2056111019346133e+01  1.6831431585107978e+01  4.0000000000000000e+01  8.5160076913451788e-01
1618   1.2319632571681565e+01  1.7199331729044765e+01  4.0000000000000000e+01  8.5160076913451788e-01
1619   1.2451393347849288e+01  1.7383281801013162e+01  4.0000000000000007e+01  8.5160076913451777e-01
1620   5.7477485436690552e+00  1.8436074406113576e+01  4.0000000000000000e+01  8.9846368414467015e-01
1621   5.8149736728347747e+00  1.8651701007354667e+01  4.0000000000000000e+01  8.9846368414467015e-01
1622   5.9494239311662147e+00  1.9082954209836860e+01  3.9999999999999986e+01  8.9846368414467026e-01
1623   6.1510993186633751e+00  1.9729834013560140e+01  3.9999999999999986e+01  8.9846368414467026e-01
1624   6.2855495769948151e+00  2.0161087216042333e+01  4.0000000000000000e+01  8.9846368414467015e-01
1625   6.3527747061605346e+00  2.0376713817283427e+01  4.0000000000000000e+01  8.9846368414467015e-01
1626   1.8641362269829618e+00  1.9000000000000004e+01  3.9999999999999993e+01  9.6094757082487314e-01
1627   1.8859389898716512e+00  1.9222222222222221e+01  3.9999999999999993e+01  9.6094757082487314e-01
1628   1.9295445156490303e+00  1.9666666666666671e+01  3.9999999999999993e+01  9.6094757082487314e-01
1629   1.9949528043150995e+00  2.0333333333333332e+01  3.9999999999999993e+01  9.6094757082487314e-01
1630   2.0385583300924779e+00  2.0777777777777779e+01  3.9999999999999993e+01  9.6094757082487314e-01
1631   2.0603610929811675e+00  2.1000000000000004e+01  3.9999999999999993e+01  9.6094757082487314e-01
1632   0.0000000000000000e+00  1.9000000000000004e+01  4.0000000000000000e+01  1.0000000000000000e+00
1633   0.0000000000000000e+00  1.9222222222222225e+01  4.0000000000000000e+01  1.0000000000000000e+00
1634   0.0000000000000000e+00  1.9666666666666668e+01  4.0000000000000000e+01  1.0000000000000000e+00
1635   0.0000000000000000e+00  2.0333333333333339e+01  4.0000000000000000e+01  1.0000000000000000e+00
1636   0.0000000000000000e+00  2.0777777777777779e+01  4.0000000000000000e+01  1.0000000000000000e+00
1637   0.0000000000000000e+00  2.1000000000000000e+01  4.0000000000000000e+01  1.0000000000000000e+00
1638   1.9000000000000000e+01  1.8641362269829629e+00  4.8000000000000007e+01  9.6094757082487314e-01
1639   1.9222222222222225e+01  1.8859389898716525e+00  4.8000000000000007e+01  9.6094757082487314e-01
1640   1.9666666666666671e+01  1.9295445156490316e+00  4.8000000000000007e+01  9.6094757082487314e-01
1641   2.0333333333333332e+01  1.9949528043150999e+00  4.8000000000000007e+01  9.6094757082487314e-01
1642   2.0777777777777782e+01  2.0385583300924788e+00  4.8000000000000007e+01  9.6094757082487314e-01
1643   2.1000000000000000e+01  2.0603610929811689e+00  4.8000000000000007e+01  9.6094757082487314e-01
1644   1.8436074406113576e+01  5.7477485436690579e+00  4.7999999999999993e+01  8.9846368414467026e-01
1645   1.8651701007354667e+01  5.8149736728347783e+00  4.7999999999999993e+01  8.9846368414467026e-01
1646   1.9082954209836860e+01  5.9494239311662183e+00  4.7999999999999993e+01  8.9846368414467037e-01
1647   1.9729834013560140e+01  6.1510993186633769e+00  4.7999999999999993e+01  8.9846368414467037e-01
1648   2.0161087216042329e+01  6.2855495769948178e+00  4.7999999999999993e+01  8.9846368414467026e-01
1649   2.0376713817283427e+01  6.3527747061605364e+00  4.7999999999999993e+01  8.9846368414467026e-01
1650   1.5727731153297620e+01  1.1265546362339835e+01  4.8000000000000007e+01  8.5160076913451777e-01
1651   1.5911681225266014e+01  1.1397307138507554e+01  4.8000000000000007e+01  8.5160076913451777e-01
1652   1.6279581369202798e+01  1.1660828690842987e+01  4.8000000000000000e+01  8.5160076913451788e-01
1653   1.6831431585107978e+01  1.2056111019346137e+01  4.8000000000000000e+01  8.5160076913451788e-01
1654   1.7199331729044768e+01  1.2319632571681574e+01  4.8000000000000007e+01  8.5160076913451777e-01
1655   1.7383281801013162e+01  1.2451393347849290e+01  4.8000000000000007e+01  8.5160076913451777e-01
1656   1.1265546362339830e+01  1.5727731153297622e+01  4.8000000000000007e+01  8.5160076913451777e-01
1657   1.1397307138507550e+01  1.5911681225266014e+01  4.8000000000000007e+01  8.5160076913451777e-01
1658   1.1660828690842983e+01  1.6279581369202802e+01  4.8000000000000000e+01  8.5160076913451788e-01
1659   1.2056111019346133e+01  1.6831431585107978e+01  4.8000000000000000e+01  8.5160076913451788e-01
1660   1.2319632571681568e+01  1.7199331729044768e+01  4.8000000000000007e+01  8.5160076913451777e-01
1661   1.2451393347849285e+01  1.7383281801013162e+01  4.8000000000000007e+01  8.5160076913451777e-01
1662   5.7477485436690543e+00  1.8436074406113573e+01  4.7999999999999993e+01  8.9846368414467026e-01
1663   5.8149736728347747e+00  1.8651701007354667e+01  4.7999999999999993e+01  8.9846368414467026e-01
1664   5.9494239311662129e+00  1.9082954209836860e+01  4.7999999999999979e+01  8.9846368414467037e-01
1665   6.1510993186633742e+00  1.9729834013560140e+01  4.7999999999999979e+01  8.9846368414467037e-01
1666   6.2855495769948142e+00  2.0161087216042329e+01  4.7999999999999993e+01  8.9846368414467026e-01
1667   6.3527747061605346e+00  2.0376713817283424e+01  4.7999999999999993e+01  8.9846368414467026e-01
1668   1.8641362269829618e+00  1.9000000000000000e+01  4.7999999999999993e+01  9.6094757082487314e-01
1669   1.8859389898716510e+00  1.9222222222222225e+01  4.7999999999999993e+01  9.6094757082487314e-01
1670   1.9295445156490305e+00  1.9666666666666671e+01  4.7999999999999993e+01  9.6094757082487314e-01
1671   1.9949528043150997e+00  2.0333333333333332e+01  4.7999999999999993e+01  9.6094757082487314e-01
1672   2.0385583300924779e+00  2.0777777777777779e+01  4.7999999999999993e+01  9.6094757082487314e-01
1673   2.0603610929811680e+00  2.1000000000000000e+01  4.7999999999999993e+01  9.6094757082487314e-01
1674   0.0000000000000000e+00  1.9000000000000004e+01  4.8000000000000014e+01  1.0000000000000000e+00
1675   0.0000000000000000e+00  1.9222222222222225e+01  4.8000000000000014e+01  1.0000000000000000e+00
1676   0.0000000000000000e+00  1.9666666666666675e+01  4.8000000000000014e+01  1.0000000000000000e+00
1677   0.0000000000000000e+00  2.0333333333333339e+01  4.8000000000000014e+01  1.0000000000000000e+00
1678   0.0000000000000000e+00  2.0777777777777782e+01  4.8000000000000014e+01  1.0000000000000000e+00
1679   0.0000000000000000e+00  2.1000000000000007e+01  4.8000000000000014e+01  1.0000000000000000e+00
1680   1.9000000000000000e+01  1.8641362269829624e+00  5.6000000000000000e+01  9.6094757082487325e-01
1681   1.9222222222222218e+01  1.8859389898716521e+00  5.6000000000000000e+01  9.6094757082487325e-01
1682   1.9666666666666668e+01  1.9295445156490310e+00  5.6000000000000000e+01  9.6094757082487325e-01
1683   2.0333333333333332e+01  1.9949528043150995e+00  5.6000000000000000e+01  9.6094757082487325e-01
1684   2.0777777777777775e+01  2.0385583300924783e+00  5.6000000000000000e+01  9.6094757082487325e-01
1685   2.1000000000000000e+01  2.0603610929811684e+00  5.6000000000000000e+01  9.6094757082487325e-01
1686   1.8436074406113580e+01  5.7477485436690587e+00  5.5999999999999993e+01  8.9846368414467015e-01
1687   1.8651701007354667e+01  5.8149736728347792e+00  5.5999999999999993e+01  8.9846368414467015e-01
1688   1.9082954209836856e+01  5.9494239311662174e+00  5.5999999999999993e+01  8.9846368414467015e-01
1689   1.9729834013560144e+01  6.1510993186633787e+00  5.5999999999999993e+01  8.9846368414467015e-01
1690   2.0161087216042329e+01  6.2855495769948160e+00  5.5999999999999993e+01  8.9846368414467015e-01
1691   2.0376713817283427e+01  6.3527747061605364e+00  5.5999999999999993e+01  8.9846368414467015e-01
1692   1.5727731153297620e+01  1.1265546362339835e+01  5.5999999999999993e+01  8.5160076913451777e-01
1693   1.5911681225266014e+01  1.1397307138507552e+01  5.5999999999999993e+01  8.5160076913451777e-01
1694   1.6279581369202795e+01  1.1660828690842983e+01  5.6000000000000000e+01  8.5160076913451788e-01
1695   1.6831431585107978e+01  1.2056111019346137e+01  5.6000000000000000e+01  8.5160076913451788e-01
1696   1.7199331729044765e+01  1.2319632571681568e+01  5.5999999999999993e+01  8.5160076913451777e-01
1697   1.7383281801013162e+01  1.2451393347849290e+01  5.5999999999999993e+01  8.5160076913451777e-01
1698   1.1265546362339828e+01  1.5727731153297622e+01  5.5999999999999993e+01  8.5160076913451777e-01
1699   1.1397307138507550e+01  1.5911681225266014e+01  5.5999999999999993e+01  8.5160076913451777e-01
1700   1.1660828690842981e+01  1.6279581369202802e+01  5.6000000000000000e+01  8.5160076913451788e-01
1701   1.2056111019346133e+01  1.6831431585107978e+01  5.6000000000000000e+01  8.5160076913451788e-01
1702   1.2319632571681566e+01  1.7199331729044765e+01  5.5999999999999993e+01  8.5160076913451777e-01
1703   1.2451393347849285e+01  1.7383281801013162e+01  5.5999999999999993e+01  8.5160076913451777e-01
1704   5.7477485436690552e+00  1.8436074406113573e+01  5.5999999999999993e+01  8.9846368414467015e-01
1705   5.8149736728347747e+00  1.8651701007354667e+01  5.5999999999999993e+01  8.9846368414467015e-01
1706   5.9494239311662147e+00  1.9082954209836856e+01  5.5999999999999993e+01  8.9846368414467015e-01
1707   6.1510993186633760e+00  1.9729834013560144e+01  5.5999999999999993e+01  8.9846368414467015e-01
1708   6.2855495769948133e+00  2.0161087216042329e+01  5.5999999999999993e+01  8.9846368414467015e-01
1709   6.3527747061605346e+00  2.0376713817283427e+01  5.5999999999999993e+01  8.9846368414467015e-01
1710   1.8641362269829611e+00  1.9000000000000000e+01  5.5999999999999993e+01  9.6094757082487325e-01
1711   1.8859389898716508e+00  1.9222222222222218e+01  5.5999999999999993e+01  9.6094757082487325e-01
1712   1.9295445156490298e+00  1.9666666666666664e+01  5.5999999999999993e+01  9.6094757082487325e-01
1713   1.9949528043150990e+00  2.0333333333333332e+01  5.5999999999999993e+01  9.6094757082487325e-01
1714   2.0385583300924779e+00  2.0777777777777775e+01  5.5999999999999993e+01  9.6094757082487325e-01
1715   2.0603610929811675e+00  2.1000000000000000e+01  5.5999999999999993e+01  9.6094757082487325e-01
1716   0.0000000000000000e+00  1.9000000000000000e+01  5.6000000000000007e+01  1.0000000000000000e+00
1717   0.0000000000000000e+00  1.9222222222222225e+01  5.6000000000000007e+01  1.0000000000000000e+00
1718   0.0000000000000000e+00  1.9666666666666671e+01  5.6000000000000007e+01  1.0000000000000000e+00
1719   0.0000000000000000e+00  2.0333333333333336e+01  5.6000000000000007e+01  1.0000000000000000e+00
1720   0.0000000000000000e+00  2.0777777777777779e+01  5.6000000000000007e+01  1.0000000000000000e+00
1721   0.0000000000000000e+00  2.1000000000000004e+01  5.6000000000000007e+01  1.0000000000000000e+00
1722   1.9000000000000004e+01  1.8641362269829629e+00  6.4000000000000014e+01  9.6094757082487292e-01
1723   1.9222222222222221e+01  1.8859389898716525e+00  6.4000000000000014e+01  9.6094757082487292e-01
1724   1.9666666666666671e+01  1.9295445156490314e+00  6.4000000000000014e+01  9.6094757082487292e-01
1725   2.0333333333333339e+01  1.9949528043150999e+00  6.4000000000000014e+01  9.6094757082487292e-01
1726   2.0777777777777782e+01  2.0385583300924788e+00  6.4000000000000014e+01  9.6094757082487292e-01
1727   2.1000000000000004e+01  2.0603610929811689e+00  6.4000000000000014e+01  9.6094757082487292e-01
1728   1.8436074406113576e+01  5.7477485436690596e+00  6.4000000000000014e+01  8.9846368414466993e-01
1729   1.8651701007354674e+01  5.8149736728347792e+00  6.4000000000000014e+01  8.9846368414466993e-01
1730   1.9082954209836860e+01  5.9494239311662183e+00  6.4000000000000000e+01  8.9846368414467004e-01
1731   1.9729834013560144e+01  6.1510993186633787e+00  6.4000000000000000e+01  8.9846368414467004e-01
1732   2.0161087216042333e+01  6.2855495769948160e+00  6.4000000000000014e+01  8.9846368414466993e-01
1733   2.0376713817283427e+01  6.3527747061605382e+00  6.4000000000000014e+01  8.9846368414466993e-01
1734   1.5727731153297620e+01  1.1265546362339833e+01  6.4000000000000000e+01  8.5160076913451765e-01
1735   1.5911681225266014e+01  1.1397307138507550e+01  6.4000000000000000e+01  8.5160076913451765e-01
1736   1.6279581369202795e+01  1.1660828690842981e+01  6.4000000000000000e+01  8.5160076913451777e-01
1737   1.6831431585107978e+01  1.2056111019346137e+01  6.4000000000000000e+01  8.5160076913451777e-01
1738   1.7199331729044765e+01  1.2319632571681574e+01  6.4000000000000000e+01  8.5160076913451765e-01
1739   1.7383281801013162e+01  1.2451393347849288e+01  6.4000000000000000e+01  8.5160076913451765e-01
1740   1.1265546362339828e+01  1.5727731153297622e+01  6.4000000000000000e+01  8.5160076913451765e-01
1741   1.1397307138507546e+01  1.5911681225266014e+01  6.4000000000000000e+01  8.5160076913451765e-01
1742   1.1660828690842980e+01  1.6279581369202802e+01  6.4000000000000000e+01  8.5160076913451777e-01
1743   1.2056111019346131e+01  1.6831431585107978e+01  6.4000000000000000e+01  8.5160076913451777e-01
1744   1.2319632571681568e+01  1.7199331729044765e+01  6.4000000000000000e+01  8.5160076913451765e-01
1745   1.2451393347849283e+01  1.7383281801013158e+01  6.4000000000000000e+01  8.5160076913451765e-01
1746   5.7477485436690552e+00  1.8436074406113576e+01  6.4000000000000014e+01  8.9846368414466993e-01
1747   5.8149736728347747e+00  1.8651701007354674e+01  6.4000000000000014e+01  8.9846368414466993e-01
1748   5.9494239311662147e+00  1.9082954209836860e+01  6.3999999999999986e+01  8.9846368414467004e-01
1749   6.1510993186633751e+00  1.9729834013560144e+01  6.3999999999999986e+01  8.9846368414467004e-01
1750   6.2855495769948151e+00  2.0161087216042333e+01  6.4000000000000014e+01  8.9846368414466993e-01
1751   6.3527747061605337e+00  2.0376713817283427e+01  6.4000000000000014e+01  8.9846368414466993e-01
1752   1.8641362269829616e+00  1.9000000000000004e+01  6.4000000000000014e+01  9.6094757082487292e-01
1753   1.8859389898716510e+00  1.9222222222222221e+01  6.4000000000000014e+01  9.6094757082487292e-01
1754   1.9295445156490305e+00  1.9666666666666668e+01  6.4000000000000014e+01  9.6094757082487292e-01
1755   1.9949528043150995e+00  2.0333333333333339e+01  6.4000000000000014e+01  9.6094757082487292e-01
1756   2.0385583300924779e+00  2.0777777777777782e+01  6.4000000000000014e+01  9.6094757082487292e-01
1757   2.0603610929811680e+00  2.1000000000000004e+01  6.4000000000000014e+01  9.6094757082487292e-01
1758   0.0000000000000000e+00  1.9000000000000000e+01  6.4000000000000000e+01  1.0000000000000000e+00
1759   0.0000000000000000e+00  1.9222222222222221e+01  6.4000000000000000e+01  1.0000000000000000e+00
1760   0.0000000000000000e+00  1.9666666666666668e+01  6.4000000000000000e+01  1.0000000000000000e+00
1761   0.0000000000000000e+00  2.0333333333333332e+01  6.4000000000000000e+01  1.0000000000000000e+00
1762   0.0000000000000000e+00  2.0777777777777775e+01  6.4000000000000000e+01  1.0000000000000000e+00
1763   0.0000000000000000e+00  2.0999999999999996e+01  6.4000000000000000e+01  1.0000000000000000e+00
1764   1.9000000000000000e+01  1.8641362269829627e+00  7.2000000000000000e+01  9.6094757082487314e-01
1765   1.9222222222222221e+01  1.8859389898716525e+00  7.2000000000000000e+01  9.6094757082487314e-01
1766   1.9666666666666668e+01  1.9295445156490312e+00  7.2000000000000000e+01  9.6094757082487314e-01
1767   2.0333333333333332e+01  1.9949528043150997e+00  7.2000000000000000e+01  9.6094757082487314e-01
1768   2.0777777777777779e+01  2.0385583300924788e+00  7.2000000000000000e+01  9.6094757082487314e-01
1769   2.1000000000000000e+01  2.0603610929811684e+00  7.2000000000000000e+01  9.6094757082487314e-01
1770   1.8436074406113580e+01  5.7477485436690596e+00  7.2000000000000014e+01  8.9846368414466993e-01
1771   1.8651701007354674e+01  5.8149736728347792e+00  7.2000000000000014e+01  8.9846368414466993e-01
1772   1.9082954209836860e+01  5.9494239311662183e+00  7.2000000000000014e+01  8.9846368414467004e-01
1773   1.9729834013560144e+01  6.1510993186633796e+00  7.2000000000000014e+01  8.9846368414467004e-01
1774   2.0161087216042340e+01  6.2855495769948178e+00  7.2000000000000014e+01  8.9846368414466993e-01
1775   2.0376713817283431e+01  6.3527747061605391e+00  7.2000000000000014e+01  8.9846368414466993e-01
1776   1.5727731153297619e+01  1.1265546362339835e+01  7.2000000000000000e+01  8.5160076913451777e-01
1777   1.5911681225266014e+01  1.1397307138507552e+01  7.2000000000000000e+01  8.5160076913451777e-01
1778   1.6279581369202795e+01  1.1660828690842983e+01  7.2000000000000000e+01  8.5160076913451788e-01
1779   1.6831431585107978e+01  1.2056111019346135e+01  7.2000000000000000e+01  8.5160076913451788e-01
1780   1.7199331729044765e+01  1.2319632571681572e+01  7.2000000000000000e+01  8.5160076913451777e-01
1781   1.7383281801013158e+01  1.2451393347849288e+01  7.2000000000000000e+01  8.5160076913451777e-01
1782   1.1265546362339828e+01  1.5727731153297620e+01  7.2000000000000000e+01  8.5160076913451777e-01
1783   1.1397307138507546e+01  1.5911681225266014e+01  7.2000000000000000e+01  8.5160076913451777e-01
1784   1.1660828690842981e+01  1.6279581369202795e+01  7.2000000000000000e+01  8.5160076913451788e-01
1785   1.2056111019346133e+01  1.6831431585107978e+01  7.2000000000000000e+01  8.5160076913451788e-01
1786   1.2319632571681568e+01  1.7199331729044765e+01  7.2000000000000000e+01  8.5160076913451777e-01
1787   1.2451393347849283e+01  1.7383281801013158e+01  7.2000000000000000e+01  8.5160076913451777e-01
1788   5.7477485436690552e+00  1.8436074406113576e+01  7.2000000000000014e+01  8.9846368414466993e-01
1789   5.8149736728347765e+00  1.8651701007354674e+01  7.2000000000000014e+01  8.9846368414466993e-01
1790   5.9494239311662156e+00  1.9082954209836860e+01  7.2000000000000000e+01  8.9846368414467004e-01
1791   6.1510993186633760e+00  1.9729834013560144e+01  7.2000000000000000e+01  8.9846368414467004e-01
1792   6.2855495769948151e+00  2.0161087216042340e+01  7.2000000000000014e+01  8.9846368414466993e-01
1793   6.3527747061605337e+00  2.0376713817283431e+01  7.2000000000000014e+01  8.9846368414466993e-01
1794   1.8641362269829616e+00  1.9000000000000000e+01  7.1999999999999986e+01  9.6094757082487314e-01
1795   1.8859389898716505e+00  1.9222222222222221e+01  7.1999999999999986e+01  9.6094757082487314e-01
1796   1.9295445156490303e+00  1.9666666666666668e+01  7.1999999999999986e+01  9.6094757082487314e-01
1797   1.9949528043150992e+00  2.0333333333333332e+01  7.1999999999999986e+01  9.6094757082487314e-01
1798   2.0385583300924779e+00  2.0777777777777779e+01  7.1999999999999986e+01  9.6094757082487314e-01
1799   2.0603610929811680e+00  2.1000000000000000e+01  7.1999999999999986e+01  9.6094757082487314e-01
1800   0.0000000000000000e+00  1.9000000000000000e+01  7.2000000000000000e+01  1.0000000000000000e+00
1801   0.0000000000000000e+00  1.9222222222222225e+01  7.2000000000000000e+01  1.0000000000000000e+00
1802   0.0000000000000000e+00  1.9666666666666668e+01  7.2000000000000000e+01  1.0000000000000000e+00
1803   0.0000000000000000e+00  2.0333333333333336e+01  7.2000000000000000e+01  1.0000000000000000e+00
1804   0.0000000000000000e+00  2.0777777777777779e+01  7.2000000000000000e+01  1.0000000000000000e+00
1805   0.0000000000000000e+00  2.1000000000000000e+01  7.2000000000000000e+01  1.0000000000000000e+00
1806   1.9000000000000004e+01  1.8641362269829627e+00  7.9999999999999986e+01  9.6094757082487314e-01
1807   1.9222222222222221e+01  1.8859389898716521e+00  7.9999999999999986e+01  9.6094757082487314e-01
1808   1.9666666666666671e+01  1.9295445156490310e+00  7.9999999999999986e+01  9.6094757082487314e-01
1809   2.0333333333333336e+01  1.9949528043150997e+00  7.9999999999999986e+01  9.6094757082487314e-01
1810   2.0777777777777782e+01  2.0385583300924788e+00  7.9999999999999986e+01  9.6094757082487314e-01
1811   2.1000000000000000e+01  2.0603610929811684e+00  7.9999999999999986e+01  9.6094757082487314e-01
1812   1.8436074406113580e+01  5.7477485436690596e+00  8.0000000000000000e+01  8.9846368414467004e-01
1813   1.8651701007354671e+01  5.8149736728347792e+00  8.0000000000000000e+01  8.9846368414467004e-01
1814   1.9082954209836860e+01  5.9494239311662174e+00  7.9999999999999986e+01  8.9846368414467026e-01
1815   1.9729834013560140e+01  6.1510993186633778e+00  7.9999999999999986e+01  8.9846368414467026e-01
1816   2.0161087216042333e+01  6.2855495769948178e+00  8.0000000000000000e+01  8.9846368414467004e-01
1817   2.0376713817283434e+01  6.3527747061605382e+00  8.0000000000000000e+01  8.9846368414467004e-01
1818   1.5727731153297619e+01  1.1265546362339833e+01  7.9999999999999986e+01  8.5160076913451788e-01
1819   1.5911681225266012e+01  1.1397307138507548e+01  7.9999999999999986e+01  8.5160076913451788e-01
1820   1.6279581369202791e+01  1.1660828690842981e+01  7.9999999999999986e+01  8.5160076913451799e-01
1821   1.6831431585107978e+01  1.2056111019346135e+01  7.9999999999999986e+01  8.5160076913451799e-01
1822   1.7199331729044761e+01  1.2319632571681568e+01  7.9999999999999986e+01  8.5160076913451788e-01
1823   1.7383281801013155e+01  1.2451393347849287e+01  7.9999999999999986e+01  8.5160076913451788e-01
1824   1.1265546362339828e+01  1.5727731153297622e+01  7.9999999999999986e+01  8.5160076913451777e-01
1825   1.1397307138507546e+01  1.5911681225266012e+01  7.9999999999999986e+01  8.5160076913451788e-01
1826   1.1660828690842980e+01  1.6279581369202798e+01  7.9999999999999972e+01  8.5160076913451799e-01
1827   1.2056111019346131e+01  1.6831431585107978e+01  7.9999999999999972e+01  8.5160076913451799e-01
1828   1.2319632571681565e+01  1.7199331729044761e+01  7.9999999999999986e+01  8.5160076913451788e-01
1829   1.2451393347849283e+01  1.7383281801013158e+01  7.9999999999999986e+01  8.5160076913451777e-01
1830   5.7477485436690552e+00  1.8436074406113573e+01  8.0000000000000000e+01  8.9846368414467004e-01
1831   5.8149736728347756e+00  1.8651701007354671e+01  8.0000000000000000e+01  8.9846368414467004e-01
1832   5.9494239311662138e+00  1.9082954209836860e+01  7.9999999999999972e+01  8.9846368414467026e-01
1833   6.1510993186633742e+00  1.9729834013560140e+01  7.9999999999999972e+01  8.9846368414467026e-01
1834   6.2855495769948142e+00  2.0161087216042336e+01  8.0000000000000000e+01  8.9846368414467004e-01
1835   6.3527747061605346e+00  2.0376713817283427e+01  8.0000000000000000e+01  8.9846368414467004e-01
1836   1.8641362269829616e+00  1.9000000000000004e+01  7.9999999999999972e+01  9.6094757082487314e-01
1837   1.8859389898716508e+00  1.9222222222222221e+01  7.9999999999999972e+01  9.6094757082487314e-01
1838   1.9295445156490305e+00  1.9666666666666668e+01  7.9999999999999972e+01  9.6094757082487314e-01
1839   1.9949528043150995e+00  2.0333333333333336e+01  7.9999999999999972e+01  9.6094757082487314e-01
1840   2.0385583300924783e+00  2.0777777777777775e+01  7.9999999999999972e+01  9.6094757082487314e-01
1841   2.0603610929811675e+00  2.1000000000000000e+01  7.9999999999999972e+01  9.6094757082487314e-01
1842   0.0000000000000000e+00  1.9000000000000000e+01  8.0000000000000000e+01  1.0000000000000000e+00
1843   0.0000000000000000e+00  1.9222222222222221e+01  8.0000000000000000e+01  1.0000000000000000e+00
1844   0.0000000000000000e+00  1.9666666666666668e+01  8.0000000000000000e+01  1.0000000000000000e+00
1845   0.0000000000000000e+00  2.0333333333333336e+01  8.0000000000000000e+01  1.0000000000000000e+00
1846   0.0000000000000000e+00  2.0777777777777779e+01  8.0000000000000000e+01  1.0000000000000000e+00
1847   0.0000000000000000e+00  2.1000000000000000e+01  8.0000000000000000e+01  1.0000000000000000e+00
1848   1.9000000000000004e+01  1.8641362269829627e+00  8.8000000000000000e+01  9.6094757082487325e-01
1849   1.9222222222222221e+01  1.8859389898716523e+00  8.8000000000000000e+01  9.6094757082487325e-01
1850   1.9666666666666668e+01  1.9295445156490312e+00  8.8000000000000000e+01  9.6094757082487325e-01
1851   2.0333333333333336e+01  1.9949528043150997e+00  8.8000000000000000e+01  9.6094757082487325e-01
1852   2.0777777777777779e+01  2.0385583300924788e+00  8.8000000000000000e+01  9.6094757082487325e-01
1853   2.1000000000000000e+01  2.0603610929811684e+00  8.8000000000000000e+01  9.6094757082487325e-01
1854   1.8436074406113580e+01  5.7477485436690587e+00  8.8000000000000000e+01  8.9846368414467015e-01
1855   1.8651701007354671e+01  5.8149736728347792e+00  8.8000000000000000e+01  8.9846368414467015e-01
1856   1.9082954209836860e+01  5.9494239311662191e+00  8.8000000000000000e+01  8.9846368414467015e-01
1857   1.9729834013560147e+01  6.1510993186633778e+00  8.8000000000000000e+01  8.9846368414467015e-01
1858   2.0161087216042329e+01  6.2855495769948169e+00  8.8000000000000000e+01  8.9846368414467015e-01
1859   2.0376713817283431e+01  6.3527747061605373e+00  8.8000000000000000e+01  8.9846368414467015e-01
1860   1.5727731153297620e+01  1.1265546362339833e+01  8.8000000000000014e+01  8.5160076913451788e-01
1861   1.5911681225266012e+01  1.1397307138507550e+01  8.8000000000000014e+01  8.5160076913451788e-01
1862   1.6279581369202795e+01  1.1660828690842983e+01  8.8000000000000000e+01  8.5160076913451799e-01
1863   1.6831431585107978e+01  1.2056111019346135e+01  8.8000000000000000e+01  8.5160076913451799e-01
1864   1.7199331729044765e+01  1.2319632571681570e+01  8.8000000000000014e+01  8.5160076913451788e-01
1865   1.7383281801013158e+01  1.2451393347849288e+01  8.8000000000000014e+01  8.5160076913451788e-01
1866   1.1265546362339830e+01  1.5727731153297622e+01  8.7999999999999986e+01  8.5160076913451788e-01
1867   1.1397307138507548e+01  1.5911681225266012e+01  8.7999999999999986e+01  8.5160076913451788e-01
1868   1.1660828690842980e+01  1.6279581369202798e+01  8.7999999999999986e+01  8.5160076913451799e-01
1869   1.2056111019346131e+01  1.6831431585107978e+01  8.7999999999999986e+01  8.5160076913451799e-01
1870   1.2319632571681568e+01  1.7199331729044765e+01  8.7999999999999986e+01  8.5160076913451788e-01
1871   1.2451393347849283e+01  1.7383281801013158e+01  8.7999999999999986e+01  8.5160076913451788e-01
1872   5.7477485436690552e+00  1.8436074406113576e+01  8.8000000000000000e+01  8.9846368414467015e-01
1873   5.8149736728347747e+00  1.8651701007354671e+01  8.8000000000000000e+01  8.9846368414467015e-01
1874   5.9494239311662165e+00  1.9082954209836860e+01  8.7999999999999986e+01  8.9846368414467015e-01
1875   6.1510993186633760e+00  1.9729834013560147e+01  8.7999999999999986e+01  8.9846368414467015e-01
1876   6.2855495769948142e+00  2.0161087216042333e+01  8.8000000000000000e+01  8.9846368414467015e-01
1877   6.3527747061605346e+00  2.0376713817283431e+01  8.8000000000000000e+01  8.9846368414467015e-01
1878   1.8641362269829613e+00  1.9000000000000004e+01  8.8000000000000000e+01  9.6094757082487325e-01
1879   1.8859389898716508e+00  1.9222222222222221e+01  8.8000000000000000e+01  9.6094757082487325e-01
1880   1.9295445156490303e+00  1.9666666666666668e+01  8.8000000000000000e+01  9.6094757082487325e-01
1881   1.9949528043150990e+00  2.0333333333333336e+01  8.8000000000000000e+01  9.6094757082487325e-01
1882   2.0385583300924783e+00  2.0777777777777775e+01  8.8000000000000000e+01  9.6094757082487325e-01
1883   2.0603610929811675e+00  2.1000000000000000e+01  8.8000000000000000e+01  9.6094757082487325e-01
1884   0.0000000000000000e+00  1.9000000000000000e+01  8.8000000000000014e+01  1.0000000000000000e+00
1885   0.0000000000000000e+00  1.9222222222222229e+01  8.8000000000000014e+01  1.0000000000000000e+00
1886   0.0000000000000000e+00  1.9666666666666671e+01  8.8000000000000014e+01  1.0000000000000000e+00
1887   0.0000000000000000e+00  2.0333333333333336e+01  8.8000000000000014e+01  1.0000000000000000e+00
1888   0.0000000000000000e+00  2.0777777777777782e+01  8.8000000000000014e+01  1.0000000000000000e+00
1889   0.0000000000000000e+00  2.1000000000000004e+01  8.8000000000000014e+01  1.0000000000000000e+00
1890   1.9000000000000000e+01  1.8641362269829624e+00  9.6000000000000000e+01  9.6094757082487314e-01
1891   1.9222222222222221e+01  1.8859389898716523e+00  9.6000000000000000e+01  9.6094757082487314e-01
1892   1.9666666666666668e+01  1.9295445156490312e+00  9.6000000000000000e+01  9.6094757082487314e-01
1893   2.0333333333333332e+01  1.9949528043150997e+00  9.6000000000000000e+01  9.6094757082487314e-01
1894   2.0777777777777779e+01  2.0385583300924783e+00  9.6000000000000000e+01  9.6094757082487314e-01
1895   2.1000000000000004e+01  2.0603610929811684e+00  9.6000000000000000e+01  9.6094757082487314e-01
1896   1.8436074406113580e+01  5.7477485436690587e+00  9.6000000000000000e+01  8.9846368414467015e-01
1897   1.8651701007354667e+01  5.8149736728347792e+00  9.6000000000000000e+01  8.9846368414467015e-01
1898   1.9082954209836860e+01  5.9494239311662174e+00  9.5999999999999986e+01  8.9846368414467015e-01
1899   1.9729834013560147e+01  6.1510993186633778e+00  9.5999999999999986e+01  8.9846368414467015e-01
1900   2.0161087216042329e+01  6.2855495769948160e+00  9.6000000000000000e+01  8.9846368414467015e-01
1901   2.0376713817283427e+01  6.3527747061605364e+00  9.6000000000000000e+01  8.9846368414467015e-01
1902   1.5727731153297620e+01  1.1265546362339835e+01  9.6000000000000000e+01  8.5160076913451777e-01
1903   1.5911681225266012e+01  1.1397307138507550e+01  9.6000000000000000e+01  8.5160076913451777e-01
1904   1.6279581369202798e+01  1.1660828690842985e+01  9.6000000000000000e+01  8.5160076913451777e-01
1905   1.6831431585107982e+01  1.2056111019346137e+01  9.6000000000000000e+01  8.5160076913451777e-01
1906   1.7199331729044765e+01  1.2319632571681572e+01  9.6000000000000000e+01  8.5160076913451777e-01
1907   1.7383281801013158e+01  1.2451393347849288e+01  9.6000000000000000e+01  8.5160076913451777e-01
1908   1.1265546362339828e+01  1.5727731153297622e+01  9.5999999999999986e+01  8.5160076913451777e-01
1909   1.1397307138507546e+01  1.5911681225266014e+01  9.5999999999999986e+01  8.5160076913451777e-01
1910   1.1660828690842981e+01  1.6279581369202802e+01  9.5999999999999986e+01  8.5160076913451777e-01
1911   1.2056111019346137e+01  1.6831431585107982e+01  9.5999999999999986e+01  8.5160076913451777e-01
1912   1.2319632571681568e+01  1.7199331729044765e+01  9.5999999999999986e+01  8.5160076913451777e-01
1913   1.2451393347849285e+01  1.7383281801013158e+01  9.5999999999999986e+01  8.5160076913451777e-01
1914   5.7477485436690543e+00  1.8436074406113573e+01  9.6000000000000000e+01  8.9846368414467015e-01
1915   5.8149736728347738e+00  1.8651701007354667e+01  9.6000000000000000e+01  8.9846368414467015e-01
1916   5.9494239311662147e+00  1.9082954209836860e+01  9.5999999999999986e+01  8.9846368414467015e-01
1917   6.1510993186633733e+00  1.9729834013560147e+01  9.5999999999999986e+01  8.9846368414467015e-01
1918   6.2855495769948142e+00  2.0161087216042329e+01  9.6000000000000000e+01  8.9846368414467015e-01
1919   6.3527747061605346e+00  2.0376713817283424e+01  9.6000000000000000e+01  8.9846368414467015e-01
1920   1.8641362269829616e+00  1.9000000000000000e+01  9.5999999999999986e+01  9.6094757082487314e-01
1921   1.8859389898716508e+00  1.9222222222222221e+01  9.5999999999999986e+01  9.6094757082487314e-01
1922   1.9295445156490305e+00  1.9666666666666668e+01  9.5999999999999986e+01  9.6094757082487314e-01
1923   1.9949528043150992e+00  2.0333333333333332e+01  9.5999999999999986e+01  9.6094757082487314e-01
1924   2.0385583300924779e+00  2.0777777777777775e+01  9.5999999999999986e+01  9.6094757082487314e-01
1925   2.0603610929811675e+00  2.1000000000000004e+01  9.5999999999999986e+01  9.6094757082487314e-01
1926   0.0000000000000000e+00  1.9000000000000004e+01  9.5999999999999986e+01  1.0000000000000000e+00
1927   0.0000000000000000e+00  1.9222222222222221e+01  9.5999999999999986e+01  1.0000000000000000e+00
1928   0.0000000000000000e+00  1.9666666666666671e+01  9.5999999999999986e+01  1.0000000000000000e+00
1929   0.0000000000000000e+00  2.0333333333333336e+01  9.5999999999999986e+01  1.0000000000000000e+00
1930   0.0000000000000000e+00  2.0777777777777779e+01  9.5999999999999986e+01  1.0000000000000000e+00
1931   0.0000000000000000e+00  2.1000000000000004e+01  9.5999999999999986e+01  1.0000000000000000e+00
1932   1.9000000000000000e+01  1.8641362269829624e+00  1.0400000000000000e+02  9.6094757082487314e-01
1933   1.9222222222222221e+01  1.8859389898716521e+00  1.0400000000000000e+02  9.6094757082487314e-01
1934   1.9666666666666668e+01  1.9295445156490312e+00  1.0400000000000000e+02  9.6094757082487314e-01
1935   2.0333333333333332e+01  1.9949528043150999e+00  1.0400000000000000e+02  9.6094757082487314e-01
1936   2.0777777777777782e+01  2.0385583300924788e+00  1.0400000000000000e+02  9.6094757082487314e-01
1937   2.1000000000000000e+01  2.0603610929811684e+00  1.0400000000000000e+02  9.6094757082487314e-01
1938   1.8436074406113576e+01  5.7477485436690596e+00  1.0400000000000000e+02  8.9846368414467004e-01
1939   1.8651701007354671e+01  5.8149736728347792e+00  1.0400000000000000e+02  8.9846368414467004e-01
1940   1.9082954209836860e+01  5.9494239311662174e+00  1.0399999999999999e+02  8.9846368414467015e-01
1941   1.9729834013560144e+01  6.1510993186633778e+00  1.0399999999999999e+02  8.9846368414467015e-01
1942   2.0161087216042333e+01  6.2855495769948160e+00  1.0400000000000000e+02  8.9846368414467004e-01
1943   2.0376713817283427e+01  6.3527747061605373e+00  1.0400000000000000e+02  8.9846368414467004e-01
1944   1.5727731153297622e+01  1.1265546362339833e+01  1.0400000000000000e+02  8.5160076913451777e-01
1945   1.5911681225266012e+01  1.1397307138507550e+01  1.0400000000000000e+02  8.5160076913451777e-01
1946   1.6279581369202795e+01  1.1660828690842981e+01  1.0399999999999999e+02  8.5160076913451788e-01
1947   1.6831431585107978e+01  1.2056111019346133e+01  1.0399999999999999e+02  8.5160076913451788e-01
1948   1.7199331729044765e+01  1.2319632571681572e+01  1.0400000000000000e+02  8.5160076913451777e-01
1949   1.7383281801013155e+01  1.2451393347849288e+01  1.0400000000000000e+02  8.5160076913451777e-01
1950   1.1265546362339828e+01  1.5727731153297622e+01  1.0400000000000000e+02  8.5160076913451777e-01
1951   1.1397307138507550e+01  1.5911681225266014e+01  1.0400000000000000e+02  8.5160076913451777e-01
1952   1.1660828690842981e+01  1.6279581369202798e+01  1.0399999999999999e+02  8.5160076913451788e-01
1953   1.2056111019346133e+01  1.6831431585107978e+01  1.0399999999999999e+02  8.5160076913451788e-01
1954   1.2319632571681568e+01  1.7199331729044765e+01  1.0400000000000000e+02  8.5160076913451777e-01
1955   1.2451393347849285e+01  1.7383281801013155e+01  1.0400000000000000e+02  8.5160076913451777e-01
1956   5.7477485436690543e+00  1.8436074406113573e+01  1.0400000000000000e+02  8.9846368414467004e-01
1957   5.8149736728347747e+00  1.8651701007354671e+01  1.0400000000000000e+02  8.9846368414467004e-01
1958   5.9494239311662147e+00  1.9082954209836860e+01  1.0399999999999999e+02  8.9846368414467015e-01
1959   6.1510993186633742e+00  1.9729834013560144e+01  1.0399999999999999e+02  8.9846368414467015e-01
1960   6.2855495769948142e+00  2.0161087216042336e+01  1.0400000000000000e+02  8.9846368414467004e-01
1961   6.3527747061605355e+00  2.0376713817283427e+01  1.0400000000000000e+02  8.9846368414467004e-01
1962   1.8641362269829616e+00  1.9000000000000000e+01  1.0400000000000000e+02  9.6094757082487314e-01
1963   1.8859389898716508e+00  1.9222222222222221e+01  1.0400000000000000e+02  9.6094757082487314e-01
1964   1.9295445156490303e+00  1.9666666666666668e+01  1.0400000000000000e+02  9.6094757082487314e-01
1965   1.9949528043150992e+00  2.0333333333333332e+01  1.0400000000000000e+02  9.6094757082487314e-01
1966   2.0385583300924779e+00  2.0777777777777775e+01  1.0400000000000000e+02  9.6094757082487314e-01
1967   2.0603610929811675e+00  2.1000000000000000e+01  1.0400000000000000e+02  9.6094757082487314e-01
1968   0.0000000000000000e+00  1.9000000000000000e+01  1.0400000000000000e+02  1.0000000000000000e+00
1969   0.0000000000000000e+00  1.9222222222222221e+01  1.0400000000000000e+02  1.0000000000000000e+00
1970   0.0000000000000000e+00  1.9666666666666668e+01  1.0400000000000000e+02  1.0000000000000000e+00
1971   0.0000000000000000e+00  2.0333333333333336e+01  1.0400000000000000e+02  1.0000000000000000e+00
1972   0.0000000000000000e+00  2.0777777777777779e+01  1.0400000000000000e+02  1.0000000000000000e+00
1973   0.0000000000000000e+00  2.1000000000000000e+01  1.0400000000000000e+02  1.0000000000000000e+00
1974   1.9000000000000000e+01  1.8641362269829620e+00  1.1199999999999999e+02  9.6094757082487325e-01
1975   1.9222222222222221e+01  1.8859389898716519e+00  1.1199999999999999e+02  9.6094757082487325e-01
1976   1.9666666666666664e+01  1.9295445156490310e+00  1.1199999999999999e+02  9.6094757082487325e-01
1977   2.0333333333333336e+01  1.9949528043150995e+00  1.1199999999999999e+02  9.6094757082487325e-01
1978   2.0777777777777771e+01  2.0385583300924783e+00  1.1199999999999999e+02  9.6094757082487325e-01
1979   2.0999999999999996e+01  2.0603610929811684e+00  1.1199999999999999e+02  9.6094757082487325e-01
1980   1.8436074406113576e+01  5.7477485436690587e+00  1.1200000000000000e+02  8.9846368414467004e-01
1981   1.8651701007354671e+01  5.8149736728347792e+00  1.1200000000000000e+02  8.9846368414467004e-01
1982   1.9082954209836856e+01  5.9494239311662183e+00  1.1199999999999997e+02  8.9846368414467026e-01
1983   1.9729834013560140e+01  6.1510993186633778e+00  1.1199999999999997e+02  8.9846368414467026e-01
1984   2.0161087216042333e+01  6.2855495769948169e+00  1.1200000000000000e+02  8.9846368414467004e-01
1985   2.0376713817283427e+01  6.3527747061605373e+00  1.1200000000000000e+02  8.9846368414467004e-01
1986   1.5727731153297620e+01  1.1265546362339833e+01  1.1200000000000000e+02  8.5160076913451788e-01
1987   1.5911681225266012e+01  1.1397307138507548e+01  1.1200000000000000e+02  8.5160076913451788e-01
1988   1.6279581369202795e+01  1.1660828690842981e+01  1.1200000000000000e+02  8.5160076913451788e-01
1989   1.6831431585107978e+01  1.2056111019346135e+01  1.1200000000000000e+02  8.5160076913451788e-01
1990   1.7199331729044761e+01  1.2319632571681568e+01  1.1200000000000000e+02  8.5160076913451788e-01
1991   1.7383281801013155e+01  1.2451393347849288e+01  1.1200000000000000e+02  8.5160076913451788e-01
1992   1.1265546362339826e+01  1.5727731153297620e+01  1.1199999999999997e+02  8.5160076913451788e-01
1993   1.1397307138507546e+01  1.5911681225266012e+01  1.1199999999999997e+02  8.5160076913451788e-01
1994   1.1660828690842981e+01  1.6279581369202802e+01  1.1199999999999997e+02  8.5160076913451788e-01
1995   1.2056111019346135e+01  1.6831431585107978e+01  1.1199999999999997e+02  8.5160076913451788e-01
1996   1.2319632571681565e+01  1.7199331729044761e+01  1.1199999999999997e+02  8.5160076913451788e-01
1997   1.2451393347849283e+01  1.7383281801013155e+01  1.1199999999999997e+02  8.5160076913451788e-01
1998   5.7477485436690552e+00  1.8436074406113573e+01  1.1200000000000000e+02  8.9846368414467004e-01
1999   5.8149736728347747e+00  1.8651701007354671e+01  1.1200000000000000e+02  8.9846368414467004e-01
2000   5.9494239311662138e+00  1.9082954209836856e+01  1.1199999999999997e+02  8.9846368414467026e-01
2001   6.1510993186633733e+00  1.9729834013560140e+01  1.1199999999999997e+02  8.9846368414467026e-01
2002   6.2855495769948151e+00  2.0161087216042333e+01  1.1200000000000000e+02  8.9846368414467004e-01
2003   6.3527747061605346e+00  2.0376713817283424e+01  1.1200000000000000e+02  8.9846368414467004e-01
2004   1.8641362269829613e+00  1.9000000000000000e+01  1.1199999999999999e+02  9.6094757082487325e-01
2005   1.8859389898716508e+00  1.9222222222222221e+01  1.1199999999999999e+02  9.6094757082487325e-01
2006   1.9295445156490301e+00  1.9666666666666664e+01  1.1199999999999999e+02  9.6094757082487325e-01
2007   1.9949528043150990e+00  2.0333333333333336e+01  1.1199999999999999e+02  9.6094757082487325e-01
2008   2.0385583300924779e+00  2.0777777777777771e+01  1.1199999999999999e+02  9.6094757082487325e-01
2009   2.0603610929811675e+00  2.0999999999999996e+01  1.1199999999999999e+02  9.6094757082487325e-01
2010   0.0000000000000000e+00  1.9000000000000004e+01  1.1200000000000000e+02  1.0000000000000000e+00
2011   0.0000000000000000e+00  1.9222222222222221e+01  1.1200000000000000e+02  1.0000000000000000e+00
2012   0.0000000000000000e+00  1.9666666666666671e+01  1.1200000000000000e+02  1.0000000000000000e+00
2013   0.0000000000000000e+00  2.0333333333333336e+01  1.1200000000000000e+02  1.0000000000000000e+00
2014   0.0000000000000000e+00  2.0777777777777779e+01  1.1200000000000000e+02  1.0000000000000000e+00
2015   0.0000000000000000e+00  2.1000000000000000e+01  1.1200000000000000e+02  1.0000000000000000e+00
2016   1.9000000000000000e+01  1.8641362269829624e+00  1.1999999999999999e+02  9.6094757082487314e-01
2017   1.9222222222222221e+01  1.8859389898716523e+00  1.1999999999999999e+02  9.6094757082487314e-01
2018   1.9666666666666671e+01  1.9295445156490314e+00  1.1999999999999999e+02  9.6094757082487314e-01
2019   2.0333333333333332e+01  1.9949528043150997e+00  1.1999999999999999e+02  9.6094757082487314e-01
2020   2.0777777777777775e+01  2.0385583300924788e+00  1.1999999999999999e+02  9.6094757082487314e-01
2021   2.1000000000000000e+01  2.0603610929811684e+00  1.1999999999999999e+02  9.6094757082487314e-01
2022   1.8436074406113576e+01  5.7477485436690596e+00  1.2000000000000000e+02  8.9846368414467004e-01
2023   1.8651701007354671e+01  5.8149736728347801e+00  1.2000000000000000e+02  8.9846368414467004e-01
2024   1.9082954209836860e+01  5.9494239311662174e+00  1.1999999999999999e+02  8.9846368414467015e-01
2025   1.9729834013560144e+01  6.1510993186633787e+00  1.1999999999999999e+02  8.9846368414467015e-01
2026   2.0161087216042333e+01  6.2855495769948169e+00  1.2000000000000000e+02  8.9846368414467004e-01
2027   2.0376713817283427e+01  6.3527747061605373e+00  1.2000000000000000e+02  8.9846368414467004e-01
2028   1.5727731153297619e+01  1.1265546362339835e+01  1.2000000000000000e+02  8.5160076913451777e-01
2029   1.5911681225266012e+01  1.1397307138507552e+01  1.2000000000000000e+02  8.5160076913451777e-01
2030   1.6279581369202795e+01  1.1660828690842981e+01  1.1999999999999997e+02  8.5160076913451799e-01
2031   1.6831431585107975e+01  1.2056111019346135e+01  1.1999999999999997e+02  8.5160076913451799e-01
2032   1.7199331729044765e+01  1.2319632571681568e+01  1.2000000000000000e+02  8.5160076913451777e-01
2033   1.7383281801013158e+01  1.2451393347849290e+01  1.2000000000000000e+02  8.5160076913451777e-01
2034   1.1265546362339828e+01  1.5727731153297622e+01  1.1999999999999999e+02  8.5160076913451777e-01
2035   1.1397307138507546e+01  1.5911681225266014e+01  1.1999999999999999e+02  8.5160076913451777e-01
2036   1.1660828690842980e+01  1.6279581369202795e+01  1.1999999999999996e+02  8.5160076913451799e-01
2037   1.2056111019346133e+01  1.6831431585107975e+01  1.1999999999999996e+02  8.5160076913451799e-01
2038   1.2319632571681568e+01  1.7199331729044765e+01  1.1999999999999999e+02  8.5160076913451777e-01
2039   1.2451393347849283e+01  1.7383281801013158e+01  1.1999999999999999e+02  8.5160076913451777e-01
2040   5.7477485436690543e+00  1.8436074406113573e+01  1.2000000000000000e+02  8.9846368414467004e-01
2041   5.8149736728347756e+00  1.8651701007354671e+01  1.2000000000000000e+02  8.9846368414467004e-01
2042   5.9494239311662147e+00  1.9082954209836860e+01  1.1999999999999996e+02  8.9846368414467015e-01
2043   6.1510993186633742e+00  1.9729834013560144e+01  1.1999999999999996e+02  8.9846368414467015e-01
2044   6.2855495769948151e+00  2.0161087216042333e+01  1.2000000000000000e+02  8.9846368414467004e-01
2045   6.3527747061605355e+00  2.0376713817283424e+01  1.2000000000000000e+02  8.9846368414467004e-01
2046   1.8641362269829613e+00  1.9000000000000000e+01  1.1999999999999999e+02  9.6094757082487314e-01
2047   1.8859389898716510e+00  1.9222222222222221e+01  1.1999999999999999e+02  9.6094757082487314e-01
2048   1.9295445156490303e+00  1.9666666666666668e+01  1.1999999999999999e+02  9.6094757082487314e-01
2049   1.9949528043150995e+00  2.0333333333333332e+01  1.1999999999999999e+02  9.6094757082487314e-01
2050   2.0385583300924779e+00  2.0777777777777775e+01  1.1999999999999999e+02  9.6094757082487314e-01
2051   2.0603610929811675e+00  2.1000000000000000e+01  1.1999999999999999e+02  9.6094757082487314e-01
2052   0.0000000000000000e+00  1.9000000000000000e+01  1.2000000000000000e+02  1.0000000000000000e+00
2053   0.0000000000000000e+00  1.9222222222222221e+01  1.2000000000000000e+02  1.0000000000000000e+00
2054   0.0000000000000000e+00  1.9666666666666671e+01  1.2000000000000000e+02  1.0000000000000000e+00
2055   0.0000000000000000e+00  2.0333333333333336e+01  1.2000000000000000e+02  1.0000000000000000e+00
2056   0.0000000000000000e+00  2.0777777777777782e+01  1.2000000000000000e+02  1.0000000000000000e+00
2057   0.0000000000000000e+00  2.1000000000000000e+01  1.2000000000000000e+02  1.0000000000000000e+00
2058   1.9000000000000004e+01  1.8641362269829627e+00  1.2800000000000000e+02  9.6094757082487303e-01
2059   1.9222222222222225e+01  1.8859389898716523e+00  1.2800000000000000e+02  9.6094757082487303e-01
2060   1.9666666666666668e+01  1.9295445156490314e+00  1.2800000000000000e+02  9.6094757082487303e-01
2061   2.0333333333333336e+01  1.9949528043150999e+00  1.2800000000000000e+02  9.6094757082487303e-01
2062   2.0777777777777782e+01  2.0385583300924792e+00  1.2800000000000000e+02  9.6094757082487303e-01
2063   2.1000000000000004e+01  2.0603610929811689e+00  1.2800000000000000e+02  9.6094757082487303e-01
2064   1.8436074406113580e+01  5.7477485436690596e+00  1.2800000000000003e+02  8.9846368414466993e-01
2065   1.8651701007354674e+01  5.8149736728347783e+00  1.2800000000000003e+02  8.9846368414466993e-01
2066   1.9082954209836860e+01  5.9494239311662183e+00  1.2800000000000000e+02  8.9846368414467004e-01
2067   1.9729834013560140e+01  6.1510993186633787e+00  1.2800000000000000e+02  8.9846368414467004e-01
2068   2.0161087216042333e+01  6.2855495769948178e+00  1.2800000000000003e+02  8.9846368414466993e-01
2069   2.0376713817283431e+01  6.3527747061605382e+00  1.2800000000000003e+02  8.9846368414466993e-01
2070   1.5727731153297619e+01  1.1265546362339833e+01  1.2800000000000000e+02  8.5160076913451777e-01
2071   1.5911681225266012e+01  1.1397307138507550e+01  1.2800000000000000e+02  8.5160076913451777e-01
2072   1.6279581369202798e+01  1.1660828690842985e+01  1.2800000000000000e+02  8.5160076913451777e-01
2073   1.6831431585107978e+01  1.2056111019346137e+01  1.2800000000000000e+02  8.5160076913451777e-01
2074   1.7199331729044761e+01  1.2319632571681568e+01  1.2800000000000000e+02  8.5160076913451777e-01
2075   1.7383281801013162e+01  1.2451393347849288e+01  1.2800000000000000e+02  8.5160076913451777e-01
2076   1.1265546362339830e+01  1.5727731153297624e+01  1.2800000000000003e+02  8.5160076913451765e-01
2077   1.1397307138507546e+01  1.5911681225266014e+01  1.2800000000000000e+02  8.5160076913451777e-01
2078   1.1660828690842981e+01  1.6279581369202802e+01  1.2800000000000000e+02  8.5160076913451777e-01
2079   1.2056111019346133e+01  1.6831431585107978e+01  1.2800000000000000e+02  8.5160076913451777e-01
2080   1.2319632571681566e+01  1.7199331729044761e+01  1.2800000000000000e+02  8.5160076913451777e-01
2081   1.2451393347849285e+01  1.7383281801013158e+01  1.2800000000000003e+02  8.5160076913451765e-01
2082   5.7477485436690552e+00  1.8436074406113576e+01  1.2800000000000003e+02  8.9846368414466993e-01
2083   5.8149736728347756e+00  1.8651701007354674e+01  1.2800000000000003e+02  8.9846368414466993e-01
2084   5.9494239311662156e+00  1.9082954209836860e+01  1.2800000000000000e+02  8.9846368414467004e-01
2085   6.1510993186633751e+00  1.9729834013560140e+01  1.2800000000000000e+02  8.9846368414467004e-01
2086   6.2855495769948151e+00  2.0161087216042333e+01  1.2800000000000003e+02  8.9846368414466993e-01
2087   6.3527747061605355e+00  2.0376713817283424e+01  1.2800000000000003e+02  8.9846368414466993e-01
2088   1.8641362269829616e+00  1.9000000000000004e+01  1.2800000000000000e+02  9.6094757082487303e-01
2089   1.8859389898716510e+00  1.9222222222222225e+01  1.2800000000000000e+02  9.6094757082487303e-01
2090   1.9295445156490303e+00  1.9666666666666664e+01  1.2800000000000000e+02  9.6094757082487303e-01
2091   1.9949528043150995e+00  2.0333333333333336e+01  1.2800000000000000e+02  9.6094757082487303e-01
2092   2.0385583300924783e+00  2.0777777777777779e+01  1.2800000000000000e+02  9.6094757082487303e-01
2093   2.0603610929811680e+00  2.1000000000000004e+01  1.2800000000000000e+02  9.6094757082487303e-01
2094   0.0000000000000000e+00  1.9000000000000000e+01  1.2799999999999999e+02  1.0000000000000000e+00
2095   0.0000000000000000e+00  1.9222222222222221e+01  1.2799999999999999e+02  1.0000000000000000e+00
2096   0.0000000000000000e+00  1.9666666666666664e+01  1.2799999999999999e+02  1.0000000000000000e+00
2097   0.0000000000000000e+00  2.0333333333333336e+01  1.2799999999999999e+02  1.0000000000000000e+00
2098   0.0000000000000000e+00  2.0777777777777779e+01  1.2799999999999999e+02  1.0000000000000000e+00
2099   0.0000000000000000e+00  2.1000000000000000e+01  1.2799999999999999e+02  1.0000000000000000e+00
2100   1.9000000000000000e+01  1.8641362269829624e+00  1.3599999999999997e+02  9.6094757082487314e-01
2101   1.9222222222222221e+01  1.8859389898716523e+00  1.3599999999999997e+02  9.6094757082487314e-01
2102   1.9666666666666668e+01  1.9295445156490312e+00  1.3599999999999997e+02  9.6094757082487314e-01
2103   2.0333333333333332e+01  1.9949528043150997e+00  1.3599999999999997e+02  9.6094757082487314e-01
2104   2.0777777777777779e+01  2.0385583300924788e+00  1.3599999999999997e+02  9.6094757082487314e-01
2105   2.1000000000000000e+01  2.0603610929811684e+00  1.3599999999999997e+02  9.6094757082487314e-01
2106   1.8436074406113576e+01  5.7477485436690587e+00  1.3600000000000000e+02  8.9846368414467004e-01
2107   1.8651701007354671e+01  5.8149736728347801e+00  1.3600000000000000e+02  8.9846368414467004e-01
2108   1.9082954209836856e+01  5.9494239311662174e+00  1.3599999999999997e+02  8.9846368414467026e-01
2109   1.9729834013560140e+01  6.1510993186633769e+00  1.3599999999999997e+02  8.9846368414467026e-01
2110   2.0161087216042333e+01  6.2855495769948169e+00  1.3600000000000000e+02  8.9846368414467004e-01
2111   2.0376713817283427e+01  6.3527747061605373e+00  1.3600000000000000e+02  8.9846368414467004e-01
2112   1.5727731153297622e+01  1.1265546362339835e+01  1.3600000000000000e+02  8.5160076913451777e-01
2113   1.5911681225266014e+01  1.1397307138507550e+01  1.3600000000000000e+02  8.5160076913451777e-01
2114   1.6279581369202791e+01  1.1660828690842981e+01  1.3599999999999997e+02  8.5160076913451799e-01
2115   1.6831431585107975e+01  1.2056111019346133e+01  1.3599999999999997e+02  8.5160076913451799e-01
2116   1.7199331729044765e+01  1.2319632571681572e+01  1.3600000000000000e+02  8.5160076913451777e-01
2117   1.7383281801013162e+01  1.2451393347849290e+01  1.3600000000000000e+02  8.5160076913451777e-01
2118   1.1265546362339828e+01  1.5727731153297622e+01  1.3600000000000000e+02  8.5160076913451777e-01
2119   1.1397307138507546e+01  1.5911681225266014e+01  1.3600000000000000e+02  8.5160076913451777e-01
2120   1.1660828690842980e+01  1.6279581369202798e+01  1.3599999999999997e+02  8.5160076913451799e-01
2121   1.2056111019346131e+01  1.6831431585107975e+01  1.3599999999999997e+02  8.5160076913451799e-01
2122   1.2319632571681568e+01  1.7199331729044765e+01  1.3600000000000000e+02  8.5160076913451777e-01
2123   1.2451393347849283e+01  1.7383281801013158e+01  1.3600000000000000e+02  8.5160076913451777e-01
2124   5.7477485436690552e+00  1.8436074406113573e+01  1.3600000000000000e+02  8.9846368414467004e-01
2125   5.8149736728347756e+00  1.8651701007354671e+01  1.3600000000000000e+02  8.9846368414467004e-01
2126   5.9494239311662138e+00  1.9082954209836856e+01  1.3599999999999997e+02  8.9846368414467026e-01
2127   6.1510993186633742e+00  1.9729834013560140e+01  1.3599999999999997e+02  8.9846368414467026e-01
2128   6.2855495769948151e+00  2.0161087216042333e+01  1.3600000000000000e+02  8.9846368414467004e-01
2129   6.3527747061605346e+00  2.0376713817283424e+01  1.3600000000000000e+02  8.9846368414467004e-01
2130   1.8641362269829616e+00  1.9000000000000000e+01  1.3599999999999997e+02  9.6094757082487314e-01
2131   1.8859389898716510e+00  1.9222222222222221e+01  1.3599999999999997e+02  9.6094757082487314e-01
2132   1.9295445156490303e+00  1.9666666666666664e+01  1.3599999999999997e+02  9.6094757082487314e-01
2133   1.9949528043150992e+00  2.0333333333333332e+01  1.3599999999999997e+02  9.6094757082487314e-01
2134   2.0385583300924779e+00  2.0777777777777775e+01  1.3599999999999997e+02  9.6094757082487314e-01
2135   2.0603610929811680e+00  2.1000000000000000e+01  1.3599999999999997e+02  9.6094757082487314e-01
2136   0.0000000000000000e+00  1.9000000000000000e+01  1.3600000000000000e+02  1.0000000000000000e+00
2137   0.0000000000000000e+00  1.9222222222222221e+01  1.3600000000000000e+02  1.0000000000000000e+00
2138   0.0000000000000000e+00  1.9666666666666671e+01  1.3600000000000000e+02  1.0000000000000000e+00
2139   0.0000000000000000e+00  2.0333333333333336e+01  1.3600000000000000e+02  1.0000000000000000e+00
2140   0.0000000000000000e+00  2.0777777777777779e+01  1.3600000000000000e+02  1.0000000000000000e+00
2141   0.0000000000000000e+00  2.1000000000000000e+01  1.3600000000000000e+02  1.0000000000000000e+00
2142   1.9000000000000000e+01  1.8641362269829624e+00  1.4400000000000000e+02  9.6094757082487314e-01
2143   1.9222222222222221e+01  1.8859389898716523e+00  1.4400000000000000e+02  9.6094757082487314e-01
2144   1.9666666666666671e+01  1.9295445156490312e+00  1.4400000000000000e+02  9.6094757082487314e-01
2145   2.0333333333333332e+01  1.9949528043150997e+00  1.4400000000000000e+02  9.6094757082487314e-01
2146   2.0777777777777779e+01  2.0385583300924788e+00  1.4400000000000000e+02  9.6094757082487314e-01
2147   2.1000000000000004e+01  2.0603610929811684e+00  1.4400000000000000e+02  9.6094757082487314e-01
2148   1.8436074406113580e+01  5.7477485436690596e+00  1.4400000000000003e+02  8.9846368414467004e-01
2149   1.8651701007354674e+01  5.8149736728347801e+00  1.4400000000000003e+02  8.9846368414467004e-01
2150   1.9082954209836856e+01  5.9494239311662174e+00  1.4399999999999997e+02  8.9846368414467026e-01
2151   1.9729834013560144e+01  6.1510993186633769e+00  1.4399999999999997e+02  8.9846368414467026e-01
2152   2.0161087216042333e+01  6.2855495769948169e+00  1.4400000000000003e+02  8.9846368414467004e-01
2153   2.0376713817283427e+01  6.3527747061605373e+00  1.4400000000000003e+02  8.9846368414467004e-01
2154   1.5727731153297622e+01  1.1265546362339835e+01  1.4400000000000000e+02  8.5160076913451777e-01
2155   1.5911681225266014e+01  1.1397307138507552e+01  1.4400000000000000e+02  8.5160076913451777e-01
2156   1.6279581369202795e+01  1.1660828690842985e+01  1.4400000000000000e+02  8.5160076913451788e-01
2157   1.6831431585107978e+01  1.2056111019346135e+01  1.4400000000000000e+02  8.5160076913451788e-01
2158   1.7199331729044765e+01  1.2319632571681572e+01  1.4400000000000000e+02  8.5160076913451777e-01
2159   1.7383281801013162e+01  1.2451393347849290e+01  1.4400000000000000e+02  8.5160076913451777e-01
2160   1.1265546362339830e+01  1.5727731153297624e+01  1.4400000000000000e+02  8.5160076913451777e-01
2161   1.1397307138507550e+01  1.5911681225266015e+01  1.4400000000000000e+02  8.5160076913451777e-01
2162   1.1660828690842981e+01  1.6279581369202802e+01  1.4399999999999997e+02  8.5160076913451788e-01
2163   1.2056111019346133e+01  1.6831431585107978e+01  1.4399999999999997e+02  8.5160076913451788e-01
2164   1.2319632571681568e+01  1.7199331729044765e+01  1.4400000000000000e+02  8.5160076913451777e-01
2165   1.2451393347849285e+01  1.7383281801013155e+01  1.4400000000000000e+02  8.5160076913451777e-01
2166   5.7477485436690552e+00  1.8436074406113573e+01  1.4400000000000003e+02  8.9846368414467004e-01
2167   5.8149736728347756e+00  1.8651701007354674e+01  1.4400000000000003e+02  8.9846368414467004e-01
2168   5.9494239311662147e+00  1.9082954209836856e+01  1.4399999999999997e+02  8.9846368414467026e-01
2169   6.1510993186633751e+00  1.9729834013560144e+01  1.4399999999999997e+02  8.9846368414467026e-01
2170   6.2855495769948151e+00  2.0161087216042336e+01  1.4400000000000003e+02  8.9846368414467004e-01
2171   6.3527747061605355e+00  2.0376713817283427e+01  1.4400000000000003e+02  8.9846368414467004e-01
2172   1.8641362269829616e+00  1.9000000000000000e+01  1.4400000000000000e+02  9.6094757082487314e-01
2173   1.8859389898716510e+00  1.9222222222222221e+01  1.4400000000000000e+02  9.6094757082487314e-01
2174   1.9295445156490305e+00  1.9666666666666664e+01  1.4400000000000000e+02  9.6094757082487314e-01
2175   1.9949528043150992e+00  2.0333333333333332e+01  1.4400000000000000e+02  9.6094757082487314e-01
2176   2.0385583300924783e+00  2.0777777777777779e+01  1.4400000000000000e+02  9.6094757082487314e-01
2177   2.0603610929811680e+00  2.1000000000000004e+01  1.4400000000000000e+02  9.6094757082487314e-01
2178   0.0000000000000000e+00  1.9000000000000000e+01  1.4400000000000000e+02  1.0000000000000000e+00
2179   0.0000000000000000e+00  1.9222222222222225e+01  1.4400000000000000e+02  1.0000000000000000e+00
2180   0.0000000000000000e+00  1.9666666666666671e+01  1.4400000000000000e+02  1.0000000000000000e+00
2181   0.0000000000000000e+00  2.0333333333333336e+01  1.4400000000000000e+02  1.0000000000000000e+00
2182   0.0000000000000000e+00  2.0777777777777779e+01  1.4400000000000000e+02  1.0000000000000000e+00
2183   0.0000000000000000e+00  2.1000000000000000e+01  1.4400000000000000e+02  1.0000000000000000e+00
2184   1.9000000000000000e+01  1.8641362269829624e+00  1.5200000000000000e+02  9.6094757082487314e-01
2185   1.9222222222222221e+01  1.8859389898716521e+00  1.5200000000000000e+02  9.6094757082487314e-01
2186   1.9666666666666671e+01  1.9295445156490312e+00  1.5200000000000000e+02  9.6094757082487314e-01
2187   2.0333333333333332e+01  1.9949528043150997e+00  1.5200000000000000e+02  9.6094757082487314e-01
2188   2.0777777777777779e+01  2.0385583300924788e+00  1.5200000000000000e+02  9.6094757082487314e-01
2189   2.1000000000000000e+01  2.0603610929811684e+00  1.5200000000000000e+02  9.6094757082487314e-01
2190   1.8436074406113576e+01  5.7477485436690587e+00  1.5200000000000000e+02  8.9846368414467004e-01
2191   1.8651701007354671e+01  5.8149736728347792e+00  1.5200000000000000e+02  8.9846368414467004e-01
2192   1.9082954209836856e+01  5.9494239311662174e+00  1.5199999999999997e+02  8.9846368414467026e-01
2193   1.9729834013560140e+01  6.1510993186633769e+00  1.5199999999999997e+02  8.9846368414467026e-01
2194   2.0161087216042333e+01  6.2855495769948169e+00  1.5200000000000000e+02  8.9846368414467004e-01
2195   2.0376713817283427e+01  6.3527747061605382e+00  1.5200000000000000e+02  8.9846368414467004e-01
2196   1.5727731153297622e+01  1.1265546362339833e+01  1.5200000000000003e+02  8.5160076913451777e-01
2197   1.5911681225266014e+01  1.1397307138507550e+01  1.5200000000000003e+02  8.5160076913451777e-01
2198   1.6279581369202795e+01  1.1660828690842985e+01  1.5200000000000000e+02  8.5160076913451788e-01
2199   1.6831431585107978e+01  1.2056111019346135e+01  1.5200000000000000e+02  8.5160076913451788e-01
2200   1.7199331729044765e+01  1.2319632571681572e+01  1.5200000000000003e+02  8.5160076913451777e-01
2201   1.7383281801013158e+01  1.2451393347849288e+01  1.5200000000000003e+02  8.5160076913451777e-01
2202   1.1265546362339828e+01  1.5727731153297622e+01  1.5200000000000000e+02  8.5160076913451777e-01
2203   1.1397307138507550e+01  1.5911681225266014e+01  1.5200000000000000e+02  8.5160076913451777e-01
2204   1.1660828690842981e+01  1.6279581369202802e+01  1.5200000000000000e+02  8.5160076913451788e-01
2205   1.2056111019346135e+01  1.6831431585107978e+01  1.5200000000000000e+02  8.5160076913451788e-01
2206   1.2319632571681568e+01  1.7199331729044765e+01  1.5200000000000000e+02  8.5160076913451777e-01
2207   1.2451393347849285e+01  1.7383281801013155e+01  1.5200000000000000e+02  8.5160076913451777e-01
2208   5.7477485436690543e+00  1.8436074406113573e+01  1.5200000000000000e+02  8.9846368414467004e-01
2209   5.8149736728347756e+00  1.8651701007354671e+01  1.5200000000000000e+02  8.9846368414467004e-01
2210   5.9494239311662138e+00  1.9082954209836856e+01  1.5199999999999994e+02  8.9846368414467026e-01
2211   6.1510993186633751e+00  1.9729834013560140e+01  1.5199999999999994e+02  8.9846368414467026e-01
2212   6.2855495769948151e+00  2.0161087216042336e+01  1.5200000000000000e+02  8.9846368414467004e-01
2213   6.3527747061605346e+00  2.0376713817283427e+01  1.5200000000000000e+02  8.9846368414467004e-01
2214   1.8641362269829616e+00  1.9000000000000000e+01  1.5199999999999997e+02  9.6094757082487314e-01
2215   1.8859389898716510e+00  1.9222222222222221e+01  1.5199999999999997e+02  9.6094757082487314e-01
2216   1.9295445156490303e+00  1.9666666666666664e+01  1.5199999999999997e+02  9.6094757082487314e-01
2217   1.9949528043150992e+00  2.0333333333333332e+01  1.5199999999999997e+02  9.6094757082487314e-01
2218   2.0385583300924779e+00  2.0777777777777775e+01  1.5199999999999997e+02  9.6094757082487314e-01
2219   2.0603610929811675e+00  2.1000000000000000e+01  1.5199999999999997e+02  9.6094757082487314e-01
2220   0.0000000000000000e+00  1.9000000000000000e+01  1.5200000000000000e+02  1.0000000000000000e+00
2221   0.0000000000000000e+00  1.9222222222222221e+01  1.5200000000000000e+02  1.0000000000000000e+00
2222   0.0000000000000000e+00  1.9666666666666671e+01  1.5200000000000000e+02  1.0000000000000000e+00
2223   0.0000000000000000e+00  2.0333333333333336e+01  1.5200000000000000e+02  1.0000000000000000e+00
2224   0.0000000000000000e+00  2.0777777777777779e+01  1.5200000000000000e+02  1.0000000000000000e+00
2225   0.0000000000000000e+00  2.1000000000000000e+01  1.5200000000000000e+02  1.0000000000000000e+00
2226   1.9000000000000000e+01  1.8641362269829624e+00  1.5999999999999997e+02  9.6094757082487314e-01
2227   1.9222222222222221e+01  1.8859389898716521e+00  1.5999999999999997e+02  9.6094757082487314e-01
2228   1.9666666666666668e+01  1.9295445156490312e+00  1.5999999999999997e+02  9.6094757082487314e-01
2229   2.0333333333333332e+01  1.9949528043150997e+00  1.5999999999999997e+02  9.6094757082487314e-01
2230   2.0777777777777782e+01  2.0385583300924788e+00  1.5999999999999997e+02  9.6094757082487314e-01
2231   2.1000000000000000e+01  2.0603610929811684e+00  1.5999999999999997e+02  9.6094757082487314e-01
2232   1.8436074406113576e+01  5.7477485436690587e+00  1.6000000000000000e+02  8.9846368414467004e-01
2233   1.8651701007354671e+01  5.8149736728347801e+00  1.6000000000000000e+02  8.9846368414467004e-01
2234   1.9082954209836860e+01  5.9494239311662174e+00  1.6000000000000000e+02  8.9846368414467015e-01
2235   1.9729834013560147e+01  6.1510993186633778e+00  1.6000000000000000e+02  8.9846368414467015e-01
2236   2.0161087216042333e+01  6.2855495769948169e+00  1.6000000000000000e+02  8.9846368414467004e-01
2237   2.0376713817283427e+01  6.3527747061605382e+00  1.6000000000000000e+02  8.9846368414467004e-01
2238   1.5727731153297620e+01  1.1265546362339833e+01  1.5999999999999997e+02  8.5160076913451777e-01
2239   1.5911681225266014e+01  1.1397307138507550e+01  1.5999999999999997e+02  8.5160076913451777e-01
2240   1.6279581369202798e+01  1.1660828690842987e+01  1.5999999999999997e+02  8.5160076913451777e-01
2241   1.6831431585107978e+01  1.2056111019346137e+01  1.5999999999999997e+02  8.5160076913451777e-01
2242   1.7199331729044765e+01  1.2319632571681568e+01  1.5999999999999997e+02  8.5160076913451777e-01
2243   1.7383281801013162e+01  1.2451393347849288e+01  1.5999999999999997e+02  8.5160076913451777e-01
2244   1.1265546362339828e+01  1.5727731153297622e+01  1.5999999999999997e+02  8.5160076913451777e-01
2245   1.1397307138507546e+01  1.5911681225266014e+01  1.5999999999999997e+02  8.5160076913451777e-01
2246   1.1660828690842981e+01  1.6279581369202802e+01  1.5999999999999997e+02  8.5160076913451777e-01
2247   1.2056111019346137e+01  1.6831431585107978e+01  1.5999999999999997e+02  8.5160076913451777e-01
2248   1.2319632571681568e+01  1.7199331729044765e+01  1.5999999999999997e+02  8.5160076913451777e-01
2249   1.2451393347849285e+01  1.7383281801013155e+01  1.5999999999999997e+02  8.5160076913451777e-01
2250   5.7477485436690552e+00  1.8436074406113573e+01  1.6000000000000000e+02  8.9846368414467004e-01
2251   5.8149736728347756e+00  1.8651701007354671e+01  1.6000000000000000e+02  8.9846368414467004e-01
2252   5.9494239311662147e+00  1.9082954209836860e+01  1.6000000000000000e+02  8.9846368414467015e-01
2253   6.1510993186633760e+00  1.9729834013560147e+01  1.6000000000000000e+02  8.9846368414467015e-01
2254   6.2855495769948151e+00  2.0161087216042336e+01  1.6000000000000000e+02  8.9846368414467004e-01
2255   6.3527747061605346e+00  2.0376713817283427e+01  1.6000000000000000e+02  8.9846368414467004e-01
2256   1.8641362269829616e+00  1.9000000000000000e+01  1.5999999999999997e+02  9.6094757082487314e-01
2257   1.8859389898716510e+00  1.9222222222222221e+01  1.5999999999999997e+02  9.6094757082487314e-01
2258   1.9295445156490303e+00  1.9666666666666664e+01  1.5999999999999997e+02  9.6094757082487314e-01
2259   1.9949528043150992e+00  2.0333333333333332e+01  1.5999999999999997e+02  9.6094757082487314e-01
2260   2.0385583300924779e+00  2.0777777777777775e+01  1.5999999999999997e+02  9.6094757082487314e-01
2261   2.0603610929811675e+00  2.1000000000000000e+01  1.5999999999999997e+02  9.6094757082487314e-01
2262   0.0000000000000000e+00  1.9000000000000000e+01  1.6000000000000000e+02  1.0000000000000000e+00
2263   0.0000000000000000e+00  1.9222222222222221e+01  1.6000000000000000e+02  1.0000000000000000e+00
2264   0.0000000000000000e+00  1.9666666666666668e+01  1.6000000000000000e+02  1.0000000000000000e+00
2265   0.0000000000000000e+00  2.0333333333333336e+01  1.6000000000000000e+02  1.0000000000000000e+00
2266   0.0000000000000000e+00  2.0777777777777779e+01  1.6000000000000000e+02  1.0000000000000000e+00
2267   0.0000000000000000e+00  2.1000000000000000e+01  1.6000000000000000e+02  1.0000000000000000e+00
2268   1.9000000000000000e+01  1.8641362269829622e+00  1.6799999999999997e+02  9.6094757082487314e-01
2269   1.9222222222222221e+01  1.8859389898716521e+00  1.6799999999999997e+02  9.6094757082487314e-01
2270   1.9666666666666668e+01  1.9295445156490312e+00  1.6799999999999997e+02  9.6094757082487314e-01
2271   2.0333333333333332e+01  1.9949528043150997e+00  1.6799999999999997e+02  9.6094757082487314e-01
2272   2.0777777777777775e+01  2.0385583300924788e+00  1.6799999999999997e+02  9.6094757082487314e-01
2273   2.1000000000000000e+01  2.0603610929811684e+00  1.6799999999999997e+02  9.6094757082487314e-01
2274   1.8436074406113576e+01  5.7477485436690587e+00  1.6800000000000000e+02  8.9846368414467004e-01
2275   1.8651701007354671e+01  5.8149736728347792e+00  1.6800000000000000e+02  8.9846368414467004e-01
2276   1.9082954209836860e+01  5.9494239311662174e+00  1.6799999999999997e+02  8.9846368414467015e-01
2277   1.9729834013560144e+01  6.1510993186633778e+00  1.6799999999999997e+02  8.9846368414467015e-01
2278   2.0161087216042333e+01  6.2855495769948169e+00  1.6800000000000000e+02  8.9846368414467004e-01
2279   2.0376713817283427e+01  6.3527747061605373e+00  1.6800000000000000e+02  8.9846368414467004e-01
2280   1.5727731153297620e+01  1.1265546362339833e+01  1.6799999999999997e+02  8.5160076913451777e-01
2281   1.5911681225266014e+01  1.1397307138507550e+01  1.6799999999999997e+02  8.5160076913451777e-01
2282   1.6279581369202795e+01  1.1660828690842981e+01  1.6800000000000000e+02  8.5160076913451788e-01
2283   1.6831431585107978e+01  1.2056111019346135e+01  1.6800000000000000e+02  8.5160076913451788e-01
2284   1.7199331729044765e+01  1.2319632571681572e+01  1.6799999999999997e+02  8.5160076913451777e-01
2285   1.7383281801013158e+01  1.2451393347849288e+01  1.6799999999999997e+02  8.5160076913451777e-01
2286   1.1265546362339828e+01  1.5727731153297622e+01  1.6799999999999997e+02  8.5160076913451777e-01
2287   1.1397307138507546e+01  1.5911681225266014e+01  1.6799999999999997e+02  8.5160076913451777e-01
2288   1.1660828690842981e+01  1.6279581369202802e+01  1.6799999999999994e+02  8.5160076913451788e-01
2289   1.2056111019346133e+01  1.6831431585107978e+01  1.6799999999999994e+02  8.5160076913451788e-01
2290   1.2319632571681568e+01  1.7199331729044765e+01  1.6799999999999997e+02  8.5160076913451777e-01
2291   1.2451393347849285e+01  1.7383281801013155e+01  1.6799999999999997e+02  8.5160076913451777e-01
2292   5.7477485436690543e+00  1.8436074406113573e+01  1.6800000000000000e+02  8.9846368414467004e-01
2293   5.8149736728347756e+00  1.8651701007354671e+01  1.6800000000000000e+02  8.9846368414467004e-01
2294   5.9494239311662147e+00  1.9082954209836860e+01  1.6799999999999997e+02  8.9846368414467015e-01
2295   6.1510993186633733e+00  1.9729834013560144e+01  1.6799999999999997e+02  8.9846368414467015e-01
2296   6.2855495769948142e+00  2.0161087216042333e+01  1.6800000000000000e+02  8.9846368414467004e-01
2297   6.3527747061605346e+00  2.0376713817283424e+01  1.6800000000000000e+02  8.9846368414467004e-01
2298   1.8641362269829616e+00  1.9000000000000000e+01  1.6799999999999997e+02  9.6094757082487314e-01
2299   1.8859389898716508e+00  1.9222222222222221e+01  1.6799999999999997e+02  9.6094757082487314e-01
2300   1.9295445156490303e+00  1.9666666666666664e+01  1.6799999999999997e+02  9.6094757082487314e-01
2301   1.9949528043150992e+00  2.0333333333333332e+01  1.6799999999999997e+02  9.6094757082487314e-01
2302   2.0385583300924779e+00  2.0777777777777775e+01  1.6799999999999997e+02  9.6094757082487314e-01
2303   2.0603610929811675e+00  2.1000000000000000e+01  1.6799999999999997e+02  9.6094757082487314e-01
2304   0.0000000000000000e+00  1.9000000000000000e+01  1.6800000000000000e+02  1.0000000000000000e+00
2305   0.0000000000000000e+00  1.9222222222222221e+01  1.6800000000000000e+02  1.0000000000000000e+00
2306   0.0000000000000000e+00  1.9666666666666668e+01  1.6800000000000000e+02  1.0000000000000000e+00
2307   0.0000000000000000e+00  2.0333333333333336e+01  1.6800000000000000e+02  1.0000000000000000e+00
2308   0.0000000000000000e+00  2.0777777777777779e+01  1.6800000000000000e+02  1.0000000000000000e+00
2309   0.0000000000000000e+00  2.1000000000000000e+01  1.6800000000000000e+02  1.0000000000000000e+00
2310   1.9000000000000000e+01  1.8641362269829624e+00  1.7599999999999997e+02  9.6094757082487314e-01
2311   1.9222222222222221e+01  1.8859389898716521e+00  1.7599999999999997e+02  9.6094757082487314e-01
2312   1.9666666666666668e+01  1.9295445156490312e+00  1.7599999999999997e+02  9.6094757082487314e-01
2313   2.0333333333333332e+01  1.9949528043150997e+00  1.7599999999999997e+02  9.6094757082487314e-01
2314   2.0777777777777779e+01  2.0385583300924788e+00  1.7599999999999997e+02  9.6094757082487314e-01
2315   2.1000000000000000e+01  2.0603610929811684e+00  1.7599999999999997e+02  9.6094757082487314e-01
2316   1.8436074406113576e+01  5.7477485436690587e+00  1.7600000000000000e+02  8.9846368414467004e-01
2317   1.8651701007354671e+01  5.8149736728347792e+00  1.7600000000000000e+02  8.9846368414467004e-01
2318   1.9082954209836860e+01  5.9494239311662174e+00  1.7599999999999997e+02  8.9846368414467015e-01
2319   1.9729834013560144e+01  6.1510993186633778e+00  1.7599999999999997e+02  8.9846368414467015e-01
2320   2.0161087216042333e+01  6.2855495769948169e+00  1.7600000000000000e+02  8.9846368414467004e-01
2321   2.0376713817283427e+01  6.3527747061605373e+00  1.7600000000000000e+02  8.9846368414467004e-01
2322   1.5727731153297619e+01  1.1265546362339833e+01  1.7600000000000000e+02  8.5160076913451777e-01
2323   1.5911681225266014e+01  1.1397307138507550e+01  1.7600000000000000e+02  8.5160076913451777e-01
2324   1.6279581369202798e+01  1.1660828690842985e+01  1.7600000000000000e+02  8.5160076913451777e-01
2325   1.6831431585107978e+01  1.2056111019346137e+01  1.7600000000000000e+02  8.5160076913451777e-01
2326   1.7199331729044765e+01  1.2319632571681572e+01  1.7600000000000000e+02  8.5160076913451777e-01
2327   1.7383281801013158e+01  1.2451393347849288e+01  1.7600000000000000e+02  8.5160076913451777e-01
2328   1.1265546362339828e+01  1.5727731153297622e+01  1.7599999999999997e+02  8.5160076913451777e-01
2329   1.1397307138507546e+01  1.5911681225266014e+01  1.7599999999999997e+02  8.5160076913451777e-01
2330   1.1660828690842981e+01  1.6279581369202802e+01  1.7599999999999997e+02  8.5160076913451777e-01
2331   1.2056111019346133e+01  1.6831431585107978e+01  1.7599999999999997e+02  8.5160076913451777e-01
2332   1.2319632571681568e+01  1.7199331729044765e+01  1.7599999999999997e+02  8.5160076913451777e-01
2333   1.2451393347849285e+01  1.7383281801013155e+01  1.7599999999999997e+02  8.5160076913451777e-01
2334   5.7477485436690543e+00  1.8436074406113573e+01  1.7600000000000000e+02  8.9846368414467004e-01
2335   5.8149736728347756e+00  1.8651701007354671e+01  1.7600000000000000e+02  8.9846368414467004e-01
2336   5.9494239311662147e+00  1.9082954209836860e+01  1.7599999999999997e+02  8.9846368414467015e-01
2337   6.1510993186633742e+00  1.9729834013560144e+01  1.7599999999999997e+02  8.9846368414467015e-01
2338   6.2855495769948142e+00  2.0161087216042333e+01  1.7600000000000000e+02  8.9846368414467004e-01
2339   6.3527747061605346e+00  2.0376713817283424e+01  1.7600000000000000e+02  8.9846368414467004e-01
2340   1.8641362269829616e+00  1.9000000000000000e+01  1.7599999999999997e+02  9.6094757082487314e-01
2341   1.8859389898716510e+00  1.9222222222222221e+01  1.7599999999999997e+02  9.6094757082487314e-01
2342   1.9295445156490303e+00  1.9666666666666664e+01  1.7599999999999997e+02  9.6094757082487314e-01
2343   1.9949528043150992e+00  2.0333333333333332e+01  1.7599999999999997e+02  9.6094757082487314e-01
2344   2.0385583300924779e+00  2.0777777777777775e+01  1.7599999999999997e+02  9.6094757082487314e-01
2345   2.0603610929811675e+00  2.1000000000000000e+01  1.7599999999999997e+02  9.6094757082487314e-01
2346   0.0000000000000000e+00  1.9000000000000000e+01  1.7600000000000000e+02  1.0000000000000000e+00
2347   0.0000000000000000e+00  1.9222222222222221e+01  1.7600000000000000e+02  1.0000000000000000e+00
2348   0.0000000000000000e+00  1.9666666666666668e+01  1.7600000000000000e+02  1.0000000000000000e+00
2349   0.0000000000000000e+00  2.0333333333333336e+01  1.7600000000000000e+02  1.0000000000000000e+00
2350   0.0000000000000000e+00  2.0777777777777779e+01  1.7600000000000000e+02  1.0000000000000000e+00
2351   0.0000000000000000e+00  2.1000000000000000e+01  1.7600000000000000e+02  1.0000000000000000e+00
2352   1.9000000000000000e+01  1.8641362269829624e+00  1.8400000000000000e+02  9.6094757082487292e-01
2353   1.9222222222222225e+01  1.8859389898716523e+00  1.8400000000000000e+02  9.6094757082487292e-01
2354   1.9666666666666668e+01  1.9295445156490314e+00  1.8400000000000000e+02  9.6094757082487292e-01
2355   2.0333333333333336e+01  1.9949528043150999e+00  1.8400000000000000e+02  9.6094757082487292e-01
2356   2.0777777777777779e+01  2.0385583300924788e+00  1.8400000000000000e+02  9.6094757082487292e-01
2357   2.1000000000000000e+01  2.0603610929811684e+00  1.8400000000000000e+02  9.6094757082487292e-01
2358   1.8436074406113576e+01  5.7477485436690596e+00  1.8399999999999997e+02  8.9846368414466993e-01
2359   1.8651701007354671e+01  5.8149736728347783e+00  1.8399999999999997e+02  8.9846368414466993e-01
2360   1.9082954209836860e+01  5.9494239311662191e+00  1.8399999999999997e+02  8.9846368414466993e-01
2361   1.9729834013560144e+01  6.1510993186633796e+00  1.8399999999999997e+02  8.9846368414466993e-01
2362   2.0161087216042329e+01  6.2855495769948169e+00  1.8399999999999997e+02  8.9846368414466993e-01
2363   2.0376713817283431e+01  6.3527747061605382e+00  1.8399999999999997e+02  8.9846368414466993e-01
2364   1.5727731153297620e+01  1.1265546362339833e+01  1.8400000000000000e+02  8.5160076913451765e-01
2365   1.5911681225266014e+01  1.1397307138507548e+01  1.8400000000000000e+02  8.5160076913451765e-01
2366   1.6279581369202795e+01  1.1660828690842983e+01  1.8400000000000000e+02  8.5160076913451765e-01
2367   1.6831431585107978e+01  1.2056111019346137e+01  1.8400000000000000e+02  8.5160076913451765e-01
2368   1.7199331729044765e+01  1.2319632571681570e+01  1.8400000000000000e+02  8.5160076913451765e-01
2369   1.7383281801013158e+01  1.2451393347849287e+01  1.8400000000000000e+02  8.5160076913451765e-01
2370   1.1265546362339828e+01  1.5727731153297622e+01  1.8399999999999997e+02  8.5160076913451765e-01
2371   1.1397307138507546e+01  1.5911681225266015e+01  1.8399999999999997e+02  8.5160076913451765e-01
2372   1.1660828690842981e+01  1.6279581369202802e+01  1.8399999999999997e+02  8.5160076913451765e-01
2373   1.2056111019346133e+01  1.6831431585107978e+01  1.8399999999999997e+02  8.5160076913451765e-01
2374   1.2319632571681568e+01  1.7199331729044765e+01  1.8399999999999997e+02  8.5160076913451765e-01
2375   1.2451393347849285e+01  1.7383281801013155e+01  1.8399999999999997e+02  8.5160076913451765e-01
2376   5.7477485436690552e+00  1.8436074406113576e+01  1.8399999999999997e+02  8.9846368414466993e-01
2377   5.8149736728347765e+00  1.8651701007354671e+01  1.8399999999999997e+02  8.9846368414466993e-01
2378   5.9494239311662165e+00  1.9082954209836860e+01  1.8399999999999997e+02  8.9846368414466993e-01
2379   6.1510993186633751e+00  1.9729834013560144e+01  1.8399999999999997e+02  8.9846368414466993e-01
2380   6.2855495769948142e+00  2.0161087216042329e+01  1.8399999999999997e+02  8.9846368414466993e-01
2381   6.3527747061605355e+00  2.0376713817283424e+01  1.8399999999999997e+02  8.9846368414466993e-01
2382   1.8641362269829613e+00  1.9000000000000000e+01  1.8400000000000000e+02  9.6094757082487292e-01
2383   1.8859389898716512e+00  1.9222222222222225e+01  1.8400000000000000e+02  9.6094757082487292e-01
2384   1.9295445156490303e+00  1.9666666666666668e+01  1.8400000000000000e+02  9.6094757082487292e-01
2385   1.9949528043150995e+00  2.0333333333333336e+01  1.8400000000000000e+02  9.6094757082487292e-01
2386   2.0385583300924783e+00  2.0777777777777775e+01  1.8400000000000000e+02  9.6094757082487292e-01
2387   2.0603610929811675e+00  2.1000000000000000e+01  1.8400000000000000e+02  9.6094757082487292e-01
2388   0.0000000000000000e+00  1.9000000000000000e+01  1.8400000000000000e+02  9.9999999999999989e-01
2389   0.0000000000000000e+00  1.9222222222222221e+01  1.8400000000000000e+02  9.9999999999999989e-01
2390   0.0000000000000000e+00  1.9666666666666668e+01  1.8400000000000000e+02  9.9999999999999989e-01
2391   0.0000000000000000e+00  2.0333333333333339e+01  1.8400000000000000e+02  9.9999999999999989e-01
2392   0.0000000000000000e+00  2.0777777777777779e+01  1.8400000000000000e+02  9.9999999999999989e-01
2393   0.0000000000000000e+00  2.1000000000000000e+01  1.8400000000000000e+02  9.9999999999999989e-01
2394   1.9000000000000000e+01  1.8641362269829624e+00  1.9200000000000000e+02  9.6094757082487314e-01
2395   1.9222222222222221e+01  1.8859389898716521e+00  1.9200000000000000e+02  9.6094757082487314e-01
2396   1.9666666666666668e+01  1.9295445156490312e+00  1.9200000000000000e+02  9.6094757082487314e-01
2397   2.0333333333333332e+01  1.9949528043150997e+00  1.9200000000000000e+02  9.6094757082487314e-01
2398   2.0777777777777779e+01  2.0385583300924788e+00  1.9200000000000000e+02  9.6094757082487314e-01
2399   2.1000000000000000e+01  2.0603610929811684e+00  1.9200000000000000e+02  9.6094757082487314e-01
2400   1.8436074406113576e+01  5.7477485436690587e+00  1.9200000000000003e+02  8.9846368414467004e-01
2401   1.8651701007354671e+01  5.8149736728347783e+00  1.9200000000000003e+02  8.9846368414467004e-01
2402   1.9082954209836860e+01  5.9494239311662183e+00  1.9200000000000003e+02  8.9846368414467004e-01
2403   1.9729834013560144e+01  6.1510993186633787e+00  1.9200000000000003e+02  8.9846368414467004e-01
2404   2.0161087216042333e+01  6.2855495769948169e+00  1.9200000000000003e+02  8.9846368414467004e-01
2405   2.0376713817283427e+01  6.3527747061605382e+00  1.9200000000000003e+02  8.9846368414467004e-01
2406   1.5727731153297620e+01  1.1265546362339833e+01  1.9200000000000000e+02  8.5160076913451777e-01
2407   1.5911681225266014e+01  1.1397307138507550e+01  1.9200000000000000e+02  8.5160076913451777e-01
2408   1.6279581369202798e+01  1.1660828690842981e+01  1.9200000000000000e+02  8.5160076913451777e-01
2409   1.6831431585107978e+01  1.2056111019346137e+01  1.9200000000000000e+02  8.5160076913451777e-01
2410   1.7199331729044765e+01  1.2319632571681572e+01  1.9200000000000000e+02  8.5160076913451777e-01
2411   1.7383281801013155e+01  1.2451393347849288e+01  1.9200000000000000e+02  8.5160076913451777e-01
2412   1.1265546362339830e+01  1.5727731153297624e+01  1.9200000000000000e+02  8.5160076913451765e-01
2413   1.1397307138507545e+01  1.5911681225266014e+01  1.9199999999999997e+02  8.5160076913451777e-01
2414   1.1660828690842981e+01  1.6279581369202802e+01  1.9199999999999997e+02  8.5160076913451777e-01
2415   1.2056111019346131e+01  1.6831431585107978e+01  1.9199999999999997e+02  8.5160076913451777e-01
2416   1.2319632571681568e+01  1.7199331729044765e+01  1.9199999999999997e+02  8.5160076913451777e-01
2417   1.2451393347849285e+01  1.7383281801013158e+01  1.9200000000000000e+02  8.5160076913451765e-01
2418   5.7477485436690552e+00  1.8436074406113573e+01  1.9200000000000003e+02  8.9846368414467004e-01
2419   5.8149736728347756e+00  1.8651701007354671e+01  1.9200000000000003e+02  8.9846368414467004e-01
2420   5.9494239311662156e+00  1.9082954209836860e+01  1.9200000000000003e+02  8.9846368414467004e-01
2421   6.1510993186633751e+00  1.9729834013560144e+01  1.9200000000000003e+02  8.9846368414467004e-01
2422   6.2855495769948151e+00  2.0161087216042333e+01  1.9200000000000003e+02  8.9846368414467004e-01
2423   6.3527747061605355e+00  2.0376713817283424e+01  1.9200000000000003e+02  8.9846368414467004e-01
2424   1.8641362269829616e+00  1.9000000000000000e+01  1.9200000000000000e+02  9.6094757082487314e-01
2425   1.8859389898716510e+00  1.9222222222222221e+01  1.9200000000000000e+02  9.6094757082487314e-01
2426   1.9295445156490303e+00  1.9666666666666664e+01  1.9200000000000000e+02  9.6094757082487314e-01
2427   1.9949528043150992e+00  2.0333333333333332e+01  1.9200000000000000e+02  9.6094757082487314e-01
2428   2.0385583300924779e+00  2.0777777777777775e+01  1.9200000000000000e+02  9.6094757082487314e-01
2429   2.0603610929811675e+00  2.1000000000000000e+01  1.9200000000000000e+02  9.6094757082487314e-01
2430   0.0000000000000000e+00  1.9000000000000000e+01  1.9199999999999997e+02  1.0000000000000000e+00
2431   0.0000000000000000e+00  1.9222222222222221e+01  1.9199999999999997e+02  1.0000000000000000e+00
2432   0.0000000000000000e+00  1.9666666666666668e+01  1.9199999999999997e+02  1.0000000000000000e+00
2433   0.0000000000000000e+00  2.0333333333333336e+01  1.9199999999999997e+02  1.0000000000000000e+00
2434   0.0000000000000000e+00  2.0777777777777779e+01  1.9199999999999997e+02  1.0000000000000000e+00
2435   0.0000000000000000e+00  2.1000000000000000e+01  1.9199999999999997e+02  1.0000000000000000e+00
2436   1.9000000000000000e+01  1.8641362269829624e+00  1.9733333333333331e+02  9.6094757082487314e-01
2437   1.9222222222222221e+01  1.8859389898716521e+00  1.9733333333333331e+02  9.6094757082487314e-01
2438   1.9666666666666668e+01  1.9295445156490312e+00  1.9733333333333331e+02  9.6094757082487314e-01
2439   2.0333333333333332e+01  1.9949528043150997e+00  1.9733333333333331e+02  9.6094757082487314e-01
2440   2.0777777777777779e+01  2.0385583300924788e+00  1.9733333333333331e+02  9.6094757082487314e-01
2441   2.1000000000000000e+01  2.0603610929811684e+00  1.9733333333333331e+02  9.6094757082487314e-01
2442   1.8436074406113576e+01  5.7477485436690587e+00  1.9733333333333334e+02  8.9846368414467004e-01
2443   1.8651701007354671e+01  5.8149736728347801e+00  1.9733333333333334e+02  8.9846368414467004e-01
2444   1.9082954209836860e+01  5.9494239311662183e+00  1.9733333333333334e+02  8.9846368414467004e-01
2445   1.9729834013560144e+01  6.1510993186633787e+00  1.9733333333333334e+02  8.9846368414467004e-01
2446   2.0161087216042333e+01  6.2855495769948169e+00  1.9733333333333334e+02  8.9846368414467004e-01
2447   2.0376713817283427e+01  6.3527747061605382e+00  1.9733333333333334e+02  8.9846368414467004e-01
2448   1.5727731153297620e+01  1.1265546362339835e+01  1.9733333333333334e+02  8.5160076913451777e-01
2449   1.5911681225266014e+01  1.1397307138507550e+01  1.9733333333333334e+02  8.5160076913451777e-01
2450   1.6279581369202798e+01  1.1660828690842985e+01  1.9733333333333334e+02  8.5160076913451777e-01
2451   1.6831431585107978e+01  1.2056111019346137e+01  1.9733333333333334e+02  8.5160076913451777e-01
2452   1.7199331729044765e+01  1.2319632571681572e+01  1.9733333333333334e+02  8.5160076913451777e-01
2453   1.7383281801013158e+01  1.2451393347849288e+01  1.9733333333333334e+02  8.5160076913451777e-01
2454   1.1265546362339830e+01  1.5727731153297624e+01  1.9733333333333334e+02  8.5160076913451765e-01
2455   1.1397307138507546e+01  1.5911681225266014e+01  1.9733333333333331e+02  8.5160076913451777e-01
2456   1.1660828690842981e+01  1.6279581369202802e+01  1.9733333333333331e+02  8.5160076913451777e-01
2457   1.2056111019346133e+01  1.6831431585107978e+01  1.9733333333333331e+02  8.5160076913451777e-01
2458   1.2319632571681568e+01  1.7199331729044765e+01  1.9733333333333331e+02  8.5160076913451777e-01
2459   1.2451393347849287e+01  1.7383281801013158e+01  1.9733333333333334e+02  8.5160076913451765e-01
2460   5.7477485436690552e+00  1.8436074406113573e+01  1.9733333333333334e+02  8.9846368414467004e-01
2461   5.8149736728347756e+00  1.8651701007354671e+01  1.9733333333333334e+02  8.9846368414467004e-01
2462   5.9494239311662156e+00  1.9082954209836860e+01  1.9733333333333334e+02  8.9846368414467004e-01
2463   6.1510993186633751e+00  1.9729834013560144e+01  1.9733333333333334e+02  8.9846368414467004e-01
2464   6.2855495769948151e+00  2.0161087216042333e+01  1.9733333333333334e+02  8.9846368414467004e-01
2465   6.3527747061605355e+00  2.0376713817283424e+01  1.9733333333333334e+02  8.9846368414467004e-01
2466   1.8641362269829616e+00  1.9000000000000000e+01  1.9733333333333331e+02  9.6094757082487314e-01
2467   1.8859389898716510e+00  1.9222222222222221e+01  1.9733333333333331e+02  9.6094757082487314e-01
2468   1.9295445156490303e+00  1.9666666666666664e+01  1.9733333333333331e+02  9.6094757082487314e-01
2469   1.9949528043150992e+00  2.0333333333333332e+01  1.9733333333333331e+02  9.6094757082487314e-01
2470   2.0385583300924779e+00  2.0777777777777775e+01  1.9733333333333331e+02  9.6094757082487314e-01
2471   2.0603610929811675e+00  2.1000000000000000e+01  1.9733333333333331e+02  9.6094757082487314e-01
2472   0.0000000000000000e+00  1.9000000000000000e+01  1.9733333333333334e+02  1.0000000000000000e+00
2473   0.0000000000000000e+00  1.9222222222222221e+01  1.9733333333333334e+02  1.0000000000000000e+00
2474   0.0000000000000000e+00  1.9666666666666668e+01  1.9733333333333334e+02  1.0000000000000000e+00
2475   0.0000000000000000e+00  2.0333333333333336e+01  1.9733333333333334e+02  1.0000000000000000e+00
2476   0.0000000000000000e+00  2.0777777777777779e+01  1.9733333333333334e+02  1.0000000000000000e+00
2477   0.0000000000000000e+00  2.1000000000000000e+01  1.9733333333333334e+02  1.0000000000000000e+00
2478   1.9000000000000000e+01  1.8641362269829624e+00  1.9999999999999997e+02  9.6094757082487314e-01
2479   1.9222222222222221e+01  1.8859389898716521e+00  1.9999999999999997e+02  9.6094757082487314e-01
2480   1.9666666666666668e+01  1.9295445156490312e+00  1.9999999999999997e+02  9.6094757082487314e-01
2481   2.0333333333333332e+01  1.9949528043150997e+00  1.9999999999999997e+02  9.6094757082487314e-01
2482   2.0777777777777779e+01  2.0385583300924788e+00  1.9999999999999997e+02  9.6094757082487314e-01
2483   2.1000000000000000e+01  2.0603610929811684e+00  1.9999999999999997e+02  9.6094757082487314e-01
2484   1.8436074406113576e+01  5.7477485436690587e+00  2.0000000000000000e+02  8.9846368414467004e-01
2485   1.8651701007354671e+01  5.8149736728347792e+00  2.0000000000000000e+02  8.9846368414467004e-01
2486   1.9082954209836860e+01  5.9494239311662183e+00  2.0000000000000000e+02  8.9846368414467004e-01
2487   1.9729834013560144e+01  6.1510993186633787e+00  2.0000000000000000e+02  8.9846368414467004e-01
2488   2.0161087216042333e+01  6.2855495769948169e+00  2.0000000000000000e+02  8.9846368414467004e-01
2489   2.0376713817283427e+01  6.3527747061605382e+00  2.0000000000000000e+02  8.9846368414467004e-01
2490   1.5727731153297620e+01  1.1265546362339835e+01  2.0000000000000000e+02  8.5160076913451777e-01
2491   1.5911681225266014e+01  1.1397307138507550e+01  2.0000000000000000e+02  8.5160076913451777e-01
2492   1.6279581369202798e+01  1.1660828690842985e+01  2.0000000000000000e+02  8.5160076913451777e-01
2493   1.6831431585107978e+01  1.2056111019346137e+01  2.0000000000000000e+02  8.5160076913451777e-01
2494   1.7199331729044765e+01  1.2319632571681572e+01  2.0000000000000000e+02  8.5160076913451777e-01
2495   1.7383281801013158e+01  1.2451393347849288e+01  2.0000000000000000e+02  8.5160076913451777e-01
2496   1.1265546362339830e+01  1.5727731153297624e+01  2.0000000000000000e+02  8.5160076913451765e-01
2497   1.1397307138507546e+01  1.5911681225266014e+01  1.9999999999999997e+02  8.5160076913451777e-01
2498   1.1660828690842981e+01  1.6279581369202802e+01  1.9999999999999997e+02  8.5160076913451777e-01
2499   1.2056111019346133e+01  1.6831431585107978e+01  1.9999999999999997e+02  8.5160076913451777e-01
2500   1.2319632571681568e+01  1.7199331729044765e+01  1.9999999999999997e+02  8.5160076913451777e-01
2501   1.2451393347849287e+01  1.7383281801013158e+01  2.0000000000000000e+02  8.5160076913451765e-01
2502   5.7477485436690552e+00  1.8436074406113573e+01  2.0000000000000000e+02  8.9846368414467004e-01
2503   5.8149736728347756e+00  1.8651701007354671e+01  2.0000000000000000e+02  8.9846368414467004e-01
2504   5.9494239311662156e+00  1.9082954209836860e+01  2.0000000000000000e+02  8.9846368414467004e-01
2505   6.1510993186633751e+00  1.9729834013560144e+01  2.0000000000000000e+02  8.9846368414467004e-01
2506   6.2855495769948151e+00  2.0161087216042333e+01  2.0000000000000000e+02  8.9846368414467004e-01
2507   6.3527747061605355e+00  2.0376713817283424e+01  2.0000000000000000e+02  8.9846368414467004e-01
2508   1.8641362269829616e+00  1.9000000000000000e+01  1.9999999999999997e+02  9.6094757082487314e-01
2509   1.8859389898716510e+00  1.9222222222222221e+01  1.9999999999999997e+02  9.6094757082487314e-01
2510   1.9295445156490303e+00  1.9666666666666664e+01  1.9999999999999997e+02  9.6094757082487314e-01
2511   1.9949528043150992e+00  2.0333333333333332e+01  1.9999999999999997e+02  9.6094757082487314e-01
2512   2.0385583300924779e+00  2.0777777777777775e+01  1.9999999999999997e+02  9.6094757082487314e-01
2513   2.0603610929811675e+00  2.1000000000000000e+01  1.9999999999999997e+02  9.6094757082487314e-01
2514   0.0000000000000000e+00  1.9000000000000000e+01  2.0000000000000000e+02  1.0000000000000000e+00
2515   0.0000000000000000e+00  1.9222222222222221e+01  2.0000000000000000e+02  1.0000000000000000e+00
2516   0.0000000000000000e+00  1.9666666666666668e+01  2.0000000000000000e+02  1.0000000000000000e+00
2517   0.0000000000000000e+00  2.0333333333333336e+01  2.0000000000000000e+02  1.0000000000000000e+00
2518   0.0000000000000000e+00  2.0777777777777779e+01  2.0000000000000000e+02  1.0000000000000000e+00
2519   0.0000000000000000e+00  2.1000000000000000e+01  2.0000000000000000e+02  1.0000000000000000e+00

0     0     0.000000e+00
1     0     0.000000e+00
2     0     0.000000e+00
3     0     0.000000e+00
4     0     0.000000e+00
5     0     0.000000e+00
48    0     0.000000e+00
49    0     0.000000e+00
50    0     0.000000e+00
51    0     0.000000e+00
52    0     0.000000e+00
53    0     0.000000e+00
96    0     0.000000e+00
97    0     0.000000e+00
98    0     0.000000e+00
99    0     0.000000e+00
100   0     0.000000e+00
101   0     0.000000e+00
144   0     0.000000e+00
145   0     0.000000e+00
146   0     0.000000e+00
147   0     0.000000e+00
148   0     0.000000e+00
149   0     0.000000e+00
192   0     0.000000e+00
193   0     0.000000e+00
194   0     0.000000e+00
195   0     0.000000e+00
196   0     0.000000e+00
197   0     0.000000e+00
240   0     0.000000e+00
241   0     0.000000e+00
242   0     0.000000e+00
243   0     0.000000e+00
244   0     0.000000e+00
245   0     0.000000e+00
288   0     0.000000e+00
289   0     0.000000e+00
290   0     0.000000e+00
291   0     0.000000e+00
292   0     0.000000e+00
293   0     0.000000e+00
336   0     0.000000e+00
337   0     0.000000e+00
338   0     0.000000e+00
339   0     0.000000e+00
340   0     0.000000e+00
341   0     0.000000e+00
384   0     0.000000e+00
385   0     0.000000e+00
386   0     0.000000e+00
387   0     0.000000e+00
388   0     0.000000e+00
389   0     0.000000e+00
432   0     0.000000e+00
433   0     0.000000e+00
434   0     0.000000e+00
435   0     0.000000e+00
436   0     0.000000e+00
437   0     0.000000e+00
480   0     0.000000e+00
481   0     0.000000e+00
482   0     0.000000e+00
483   0     0.000000e+00
484   0     0.000000e+00
485   0     0.000000e+00
528   0     0.000000e+00
529   0     0.000000e+00
530   0     0.000000e+00
531   0     0.000000e+00
532   0     0.000000e+00
533   0     0.000000e+00
576   0     0.000000e+00
577   0     0.000000e+00
578   0     0.000000e+00
579   0     0.000000e+00
580   0     0.000000e+00
581   0     0.000000e+00
624   0     0.000000e+00
625   0     0.000000e+00
626   0     0.000000e+00
627   0     0.000000e+00
628   0     0.000000e+00
629   0     0.000000e+00
672   0     0.000000e+00
673   0     0.000000e+00
674   0     0.000000e+00
675   0     0.000000e+00
676   0     0.000000e+00
677   0     0.000000e+00
720   0     0.000000e+00
721   0     0.000000e+00
722   0     0.000000e+00
723   0     0.000000e+00
724   0     0.000000e+00
725   0     0.000000e+00
768   0     0.000000e+00
769   0     0.000000e+00
770   0     0.000000e+00
771   0     0.000000e+00
772   0     0.000000e+00
773   0     0.000000e+00
816   0     0.000000e+00
817   0     0.000000e+00
818   0     0.000000e+00
819   0     0.000000e+00
820   0     0.000000e+00
821   0     0.000000e+00
864   0     0.000000e+00
865   0     0.000000e+00
866   0     0.000000e+00
867   0     0.000000e+00
868   0     0.000000e+00
869   0     0.000000e+00
912   0     0.000000e+00
913   0     0.000000e+00
914   0     0.000000e+00
915   0     0.000000e+00
916   0     0.000000e+00
917   0     0.000000e+00
960   0     0.000000e+00
961   0     0.000000e+00
962   0     0.000000e+00
963   0     0.000000e+00
964   0     0.000000e+00
965   0     0.000000e+00
1008  0     0.000000e+00
1009  0     0.000000e+00
1010  0     0.000000e+00
1011  0     0.000000e+00
1012  0     0.000000e+00
1013  0     0.000000e+00
1056  0     0.000000e+00
1057  0     0.000000e+00
1058  0     0.000000e+00
1059  0     0.000000e+00
1060  0     0.000000e+00
1061  0     0.000000e+00
1104  0     0.000000e+00
1105  0     0.000000e+00
1106  0     0.000000e+00
1107  0     0.000000e+00
1108  0     0.000000e+00
1109  0     0.000000e+00
1152  0     0.000000e+00
1153  0     0.000000e+00
1154  0     0.000000e+00
1155  0     0.000000e+00
1156  0     0.000000e+00
1157  0     0.000000e+00
1200  0     0.000000e+00
1201  0     0.000000e+00
1202  0     0.000000e+00
1203  0     0.000000e+00
1204  0     0.000000e+00
1205  0     0.000000e+00
1248  0     0.000000e+00
1249  0     0.000000e+00
1250  0     0.000000e+00
1251  0     0.000000e+00
1252  0     0.000000e+00
1253  0     0.000000e+00
1296  0     0.000000e+00
1297  0     0.000000e+00
1298  0     0.000000e+00
1299  0     0.000000e+00
1300  0     0.000000e+00
1301  0     0.000000e+00
1380  0     0.000000e+00
1381  0     0.000000e+00
1382  0     0.000000e+00
1383  0     0.000000e+00
1384  0     0.000000e+00
1385  0     0.000000e+00
1422  0     0.000000e+00
1423  0     0.000000e+00
1424  0     0.000000e+00
1425  0     0.000000e+00
1426  0     0.000000e+00
1427  0     0.000000e+00
1464  0     0.000000e+00
1465  0     0.000000e+00
1466  0     0.000000e+00
1467  0     0.000000e+00
1468  0     0.000000e+00
1469  0     0.000000e+00
1506  0     0.000000e+00
1507  0     0.000000e+00
1508  0     0.000000e+00
1509  0     0.000000e+00
1510  0     0.000000e+00
1511  0     0.000000e+00
1548  0     0.000000e+00
1549  0     0.000000e+00
1550  0     0.000000e+00
1551  0     0.000000e+00
1552  0     0.000000e+00
1553  0     0.000000e+00
1590  0     0.000000e+00
1591  0     0.000000e+00
1592  0     0.000000e+00
1593  0     0.000000e+00
1594  0     0.000000e+00
1595  0     0.000000e+00
1632  0     0.000000e+00
1633  0     0.000000e+00
1634  0     0.000000e+00
1635  0     0.000000e+00
1636  0     0.000000e+00
1637  0     0.000000e+00
1674  0     0.000000e+00
1675  0     0.000000e+00
1676  0     0.000000e+00
1677  0     0.000000e+00
1678  0     0.000000e+00
1679  0     0.000000e+00
1716  0     0.000000e+00
1717  0     0.000000e+00
1718  0     0.000000e+00
1719  0     0.000000e+00
1720  0     0.000000e+00
1721  0     0.000000e+00
1758  0     0.000000e+00
1759  0     0.000000e+00
1760  0     0.000000e+00
1761  0     0.000000e+00
1762  0     0.000000e+00
1763  0     0.000000e+00
1800  0     0.000000e+00
1801  0     0.000000e+00
1802  0     0.000000e+00
1803  0     0.000000e+00
1804  0     0.000000e+00
1805  0     0.000000e+00
1842  0     0.000000e+00
1843  0     0.000000e+00
1844  0     0.000000e+00
1845  0     0.000000e+00
1846  0     0.000000e+00
1847  0     0.000000e+00
1884  0     0.000000e+00
1885  0     0.000000e+00
1886  0     0.000000e+00
1887  0     0.000000e+00
1888  0     0.000000e+00
1889  0     0.000000e+00
1926  0     0.000000e+00
1927  0     0.000000e+00
1928  0     0.000000e+00
1929  0     0.000000e+00
1930  0     0.000000e+00
1931  0     0.000000e+00
1968  0     0.000000e+00
1969  0     0.000000e+00
1970  0     0.000000e+00
1971  0     0.000000e+00
1972  0     0.000000e+00
1973  0     0.000000e+00
2010  0     0.000000e+00
2011  0     0.000000e+00
2012  0     0.000000e+00
2013  0     0.000000e+00
2014  0     0.000000e+00
2015  0     0.000000e+00
2052  0     0.000000e+00
2053  0     0.000000e+00
2054  0     0.000000e+00
2055  0     0.000000e+00
2056  0     0.000000e+00
2057  0     0.000000e+00
2094  0     0.000000e+00
2095  0     0.000000e+00
2096  0     0.000000e+00
2097  0     0.000000e+00
2098  0     0.000000e+00
2099  0     0.000000e+00
2136  0     0.000000e+00
2137  0     0.000000e+00
2138  0     0.000000e+00
2139  0     0.000000e+00
2140  0     0.000000e+00
2141  0     0.000000e+00
2178  0     0.000000e+00
2179  0     0.000000e+00
2180  0     0.000000e+00
2181  0     0.000000e+00
2182  0     0.000000e+00
2183  0     0.000000e+00
2220  0     0.000000e+00
2221  0     0.000000e+00
2222  0     0.000000e+00
2223  0     0.000000e+00
2224  0     0.000000e+00
2225  0     0.000000e+00
2262  0     0.000000e+00
2263  0     0.000000e+00
2264  0     0.000000e+00
2265  0     0.000000e+00
2266  0     0.000000e+00
2267  0     0.000000e+00
2304  0     0.000000e+00
2305  0     0.000000e+00
2306  0     0.000000e+00
2307  0     0.000000e+00
2308  0     0.000000e+00
2309  0     0.000000e+00
2346  0     0.000000e+00
2347  0     0.000000e+00
2348  0     0.000000e+00
2349  0     0.000000e+00
2350  0     0.000000e+00
2351  0     0.000000e+00
2388  0     0.000000e+00
2389  0     0.000000e+00
2390  0     0.000000e+00
2391  0     0.000000e+00
2392  0     0.000000e+00
2393  0     0.000000e+00
2430  0     0.000000e+00
2431  0     0.000000e+00
2432  0     0.000000e+00
2433  0     0.000000e+00
2434  0     0.000000e+00
2435  0     0.000000e+00
2472  0     0.000000e+00
2473  0     0.000000e+00
2474  0     0.000000e+00
2475  0     0.000000e+00
2476  0     0.000000e+00
2477  0     0.000000e+00
2514  0     0.000000e+00
2515  0     0.000000e+00
2516  0     0.000000e+00
2517  0     0.000000e+00
2518  0     0.000000e+00
2519  0     0.000000e+00
47    1     0.000000e+00
0     2     0.000000e+00
1     2     0.000000e+00
2     2     0.000000e+00
3     2     0.000000e+00
4     2     0.000000e+00
5     2     0.000000e+00
6     2     0.000000e+00
7     2     0.000000e+00
8     2     0.000000e+00
9     2     0.000000e+00
10    2     0.000000e+00
11    2     0.000000e+00
12    2     0.000000e+00
13    2     0.000000e+00
14    2     0.000000e+00
15    2     0.000000e+00
16    2     0.000000e+00
17    2     0.000000e+00
18    2     0.000000e+00
19    2     0.000000e+00
20    2     0.000000e+00
21    2     0.000000e+00
22    2     0.000000e+00
23    2     0.000000e+00
24    2     0.000000e+00
25    2     0.000000e+00
26    2     0.000000e+00
27    2     0.000000e+00
28    2     0.000000e+00
29    2     0.000000e+00
30    2     0.000000e+00
31    2     0.000000e+00
32    2     0.000000e+00
33    2     0.000000e+00
34    2     0.000000e+00
35    2     0.000000e+00
36    2     0.000000e+00
37    2     0.000000e+00
38    2     0.000000e+00
39    2     0.000000e+00
40    2     0.000000e+00
41    2     0.000000e+00
42    2     0.000000e+00
43    2     0.000000e+00
44    2     0.000000e+00
45    2     0.000000e+00
46    2     0.000000e+00
47    2     0.000000e+00
1344  2     0.000000e+00
1345  2     0.000000e+00
1346  2     0.000000e+00
1347  2     0.000000e+00
1348  2     0.000000e+00
1349  2     0.000000e+00
1350  2     0.000000e+00
1351  2     0.000000e+00
1352  2     0.000000e+00
1353  2     0.000000e+00
1354  2     0.000000e+00
1355  2     0.000000e+00
1356  2     0.000000e+00
1357  2     0.000000e+00
1358  2     0.000000e+00
1359  2     0.000000e+00
1360  2     0.000000e+00
1361  2     0.000000e+00
1362  2     0.000000e+00
1363  2     0.000000e+00
1364  2     0.000000e+00
1365  2     0.000000e+00
1366  2     0.000000e+00
1367  2     0.000000e+00
1368  2     0.000000e+00
1369  2     0.000000e+00
1370  2     0.000000e+00
1371  2     0.000000e+00
1372  2     0.000000e+00
1373  2     0.000000e+00
1374  2     0.000000e+00
1375  2     0.000000e+00
1376  2     0.000000e+00
1377  2     0.000000e+00
1378  2     0.000000e+00
1379  2     0.000000e+00
1380  2     0.000000e+00
1381  2     0.000000e+00
1382  2     0.000000e+00
1383  2     0.000000e+00
1384  2     0.000000e+00
1385  2     0.000000e+00

2     0     0 1     1.000000e+00   0.000000e+00 1.000000e+00   0.000000e+00 1.000000e+00   1.000000e+00 0.000000e+00 0.000000e+00   1.000000e+00 0.000000e+00 0.000000e+00
2     1     0 1     1.000000e+00   0.000000e+00 1.000000e+00   0.000000e+00 1.000000e+00   1.000000e+00 0.000000e+00 0.000000e+00   1.000000e+00 0.000000e+00 0.000000e+00